constituency_id,seat_name,seat_name_bn,district_bn,total_voters,total_votes_cast,valid_votes,rejected_votes,absent_voters,turnout_pct,rejection_pct,absence_pct,total_centers,total_candidates,avg_voters_per_center,bnp_plus_votes,bnp_plus_pct,eleven_parties_votes,eleven_parties_pct,duf_votes,duf_pct,ndf_votes,ndf_pct,greater_sunni_votes,greater_sunni_pct,independent_votes,independent_pct,other_party_votes,other_party_pct,bnp_votes,bnp_pct,jamaat_votes,jamaat_pct,ncp_votes,ncp_pct,winner_name,winner_party,winner_votes,winner_pct,runner_up_name,runner_up_party,runner_up_votes,margin,margin_pct,competitiveness,effective_num_candidates,Bangladesh Nationalist Party - BNP,Bangladesh Jamaat-e-Islami,Jatiyo Nagorik Party - NCP,Islamic Andolan Bangladesh,Bangladesh Khelafat Majlis,Jatiya Party,Khelafat Majlis,Gonodhikar Parishad - GOP,Jamiate Ulama-e-Islam Bangladesh,Bangladesh Islami Front,Liberal Democratic Party - LDP,Amar Bangladesh Party - AB Party,Bangladesh Development Party,Bangladesh Jatiya Party - BJP,Gonoshonghoti Andolon,Islamic Front Bangladesh,Communist Party of Bangladesh,Bangladesh Samajtantrik Dal - BASAD,Jonotar Dol,Biplabi Workers Party,Jatiya Samajtantrik Dal - JSD,Bangladesh Nezame Islam Party,National Party - JP,Insaniyat Biplob Bangladesh,Bangladesh Supreme Party - BSP,Zaker Party,Bangladesh Republican Party - BRP,Bangladesh Samajtantrik Dal (Marxist),Bangladesh Jatiyo Samajtantrik Dal - Jasod,Bangladesh Khilafat Andolan,Nagorik Oikko,Bangladesh Congress,Bangladesh Minority Janta Party - BMJP,Amjanatar Dol,National Peoples Party - NPP,Gonoforum,Bangladesh Labour Party,Bangladesh Muslim League,Bangladesh National Awami Party - Bangladesh NAP,Bangladesh Shanskritik Muktijot (Muktijot),Islami Oikyajote,Bangladesh Muslim League - BML,Jatiya Ganatantrik Party - JAGPA,Jatiyatabadi Ganotantrik Andolon - NDM,Bangladesh Nationalist Front - BNF,Bangladesh Jatiya Party,Gonofront,Bangladesh Kallyan Party,Ganotantri Party,Bangladesh Samadhikar Party - BEP
1,Panchagarh 1,পঞ্চগড়-১,পঞ্চগড়,458802,355054,346256,8798,103748,77.4,2.48,22.6,155,7,2960,175256,50.6,166804,48.2,2920,0.8,0,0.0,1017,0.3,0,0.0,259,0.1,174430,50.4,0,0.0,166126,48.0,মুহাম্মদ নওশাদ জমির,Bangladesh Nationalist Party - BNP,174430,50.4,মোঃ সারজিস আলম,Jatiyo Nagorik Party - NCP,166126,8304,2.4,very_close,2.07,174430,,166126,,,,,826,,,,,,,,,,,,,,,,,1017,,,,2920,,,,,,,,678,,,,,,,,259,,,,,
2,Panchagarh 2,পঞ্চগড়-২,পঞ্চগড়,414349,319852,312811,7041,94497,77.2,2.2,22.8,132,8,3139,173686,55.5,127608,40.8,1861,0.6,2126,0.7,1351,0.4,1821,0.6,4358,1.4,173686,55.5,127608,40.8,0,0.0,ফরহাদ হোসেন আজাদ,Bangladesh Nationalist Party - BNP,173686,55.5,মোঃ সফিউল আলম,Bangladesh Jamaat-e-Islami,127608,46078,14.7,competitive,2.11,173686,127608,,4358,,2126,,,,,,,,,,,920,,,,,,,,1351,,,,941,,,,,,,,,,,,,,,,,,,,,
3,Thakurgaon 1,ঠাকুরগাঁও-১,ঠাকুরগাঁও,507200,388069,380670,7399,119131,76.5,1.91,23.5,185,3,2742,237178,62.3,139571,36.7,0,0.0,0,0.0,0,0.0,0,0.0,3921,1.0,237178,62.3,139571,36.7,0,0.0,মির্জা ফখরুল ইসলাম আলমগীর,Bangladesh Nationalist Party - BNP,237178,62.3,দেলাওয়ার হোসেন,Bangladesh Jamaat-e-Islami,139571,97607,25.6,safe,1.91,237178,139571,,3921,,,,,,,,,,,,,,,,,,,,,,,,,,,,,,,,,,,,,,,,,,,,,,
4,Thakurgaon 2,ঠাকুরগাঁও-২,ঠাকুরগাঁও,337273,246316,240715,5601,90957,73.0,2.27,27.0,104,7,3243,122143,50.7,114916,47.7,371,0.2,2854,1.2,0,0.0,0,0.0,431,0.2,120306,50.0,114470,47.6,0,0.0,মোঃ আব্দুস সালাম,Bangladesh Nationalist Party - BNP,120306,50.0,মোঃ আব্দুল হাকিম,Bangladesh Jamaat-e-Islami,114470,5836,2.4,very_close,2.1,120306,114470,,431,,2854,,1837,,,,446,,,,,371,,,,,,,,,,,,,,,,,,,,,,,,,,,,,,,,,
5,Thakurgaon 3,ঠাকুরগাঁও-৩,ঠাকুরগাঁও,361044,260279,254517,5762,100765,72.1,2.21,27.9,128,10,2821,132438,52.0,90767,35.7,1537,0.6,27047,10.6,503,0.2,276,0.1,1949,0.8,131887,51.8,90767,35.7,0,0.0,মোঃ জাহিদুর রহমান,Bangladesh Nationalist Party - BNP,131887,51.8,মোঃ মিজানুর রহমান,Bangladesh Jamaat-e-Islami,90767,41120,16.2,competitive,2.46,131887,90767,,1283,,26934,,551,,,,,,,,,1537,,,,,,,,503,,,,,,,,666,,,,,113,,,,,,,,,,,,
6,Dinajpur 1,দিনাজপুর-১,দিনাজপুর,414353,308493,302221,6272,105860,74.5,2.03,25.5,128,6,3237,178882,59.2,116488,38.5,0,0.0,1515,0.5,0,0.0,0,0.0,5336,1.8,178489,59.1,116488,38.5,0,0.0,মোঃ মনজুরুল ইসলাম,Bangladesh Nationalist Party - BNP,178489,59.1,মোঃ মতিউর রহমান,Bangladesh Jamaat-e-Islami,116488,62001,20.5,safe,2.01,178489,116488,,3074,,1515,,393,,,,,,,,,,,,,,,,,,2262,,,,,,,,,,,,,,,,,,,,,,,,
7,Dinajpur 2,দিনাজপুর-২,দিনাজপুর,368137,275472,269107,6365,92665,74.8,2.31,25.2,116,8,3174,138878,51.6,104737,38.9,0,0.0,5066,1.9,0,0.0,19377,7.2,1049,0.4,138878,51.6,103693,38.5,0,0.0,মোঃ সাদিক রিয়াজ,Bangladesh Nationalist Party - BNP,138878,51.6,"এ, কে, এম আফজালুল আনাম",Bangladesh Jamaat-e-Islami,103693,35185,13.1,competitive,2.39,138878,103693,,1049,1044,4613,,,,,,,,,,,,,,,,,,,,,,,,,,,,,,,,453,,,,,,,,,,,,
8,Dinajpur 3,দিনাজপুর-৩,দিনাজপুর,411474,285961,280512,5449,125513,69.5,1.91,30.5,130,8,3165,139207,49.6,134618,48.0,964,0.3,4002,1.4,0,0.0,0,0.0,1721,0.6,139207,49.6,134618,48.0,0,0.0,সৈয়দ জাহাঙ্গীর আলম,Bangladesh Nationalist Party - BNP,139207,49.6,মোঃ মাইনুল আলম,Bangladesh Jamaat-e-Islami,134618,4589,1.6,very_close,2.1,139207,134618,,1392,,3797,,,,,,,,,,,685,279,329,,,,,,,,,,,,,,,,,,,205,,,,,,,,,,,,
9,Dinajpur 4,দিনাজপুর-৪,দিনাজপুর,417762,304298,298034,6264,113464,72.8,2.06,27.2,130,4,3214,165577,55.6,127666,42.8,0,0.0,3105,1.0,0,0.0,0,0.0,1686,0.6,165577,55.6,127666,42.8,0,0.0,মোঃ আখতারুজ্জামান মিয়া,Bangladesh Nationalist Party - BNP,165577,55.6,মোঃ আফতাব উদ্দীন মোল্লা,Bangladesh Jamaat-e-Islami,127666,37911,12.7,competitive,2.03,165577,127666,,1686,,3105,,,,,,,,,,,,,,,,,,,,,,,,,,,,,,,,,,,,,,,,,,,,
10,Dinajpur 5,দিনাজপুর-৫,দিনাজপুর,473429,338634,330053,8581,134795,71.5,2.53,28.5,141,7,3358,97727,29.6,108948,33.0,0,0.0,1472,0.4,0,0.0,121906,36.9,0,0.0,97727,29.6,0,0.0,108948,33.0,"এ, জেড, এম, রেজওয়ানুল হক",Independent,113650,34.4,মোঃ আব্দুল আহাদ,Jatiyo Nagorik Party - NCP,108948,4702,1.4,very_close,3.17,97727,,108948,,,1472,,,,,,,,,,,,,,,,,,,,,,,,,,,,,,,,,,,,,,,,,,,,
11,Dinajpur 6,দিনাজপুর-৬,দিনাজপুর,553211,407277,397922,9355,145934,73.6,2.3,26.4,199,7,2780,203887,51.2,188719,47.4,447,0.1,2669,0.7,0,0.0,558,0.1,1642,0.4,203887,51.2,188719,47.4,0,0.0,আবু জাফর মোঃ জাহিদ হোসেন,Bangladesh Nationalist Party - BNP,203887,51.2,মোঃ আনোয়ারুল ইসলাম,Bangladesh Jamaat-e-Islami,188719,15168,3.8,very_close,2.05,203887,188719,,1642,,2669,,,,,,,,,,,,447,,,,,,,,,,,,,,,,,,,,,,,,,,,,,,,,
12,Nilphamari 1,নীলফামারী-১,নীলফামারী,456603,296899,290779,6120,159704,65.0,2.06,35.0,154,8,2965,118160,40.6,149214,51.3,304,0.1,16604,5.7,0,0.0,0,0.0,6497,2.2,0,0.0,149214,51.3,0,0.0,মোঃ আব্দুস সাত্তার,Bangladesh Jamaat-e-Islami,149214,51.3,মাওলানা মোঃ মন্জুরুল ইসলাম,Jamiate Ulama-e-Islam Bangladesh,118160,31054,10.7,competitive,2.32,,149214,,1854,,12105,,,118160,,,,,,,,,,,,,,4499,,,,,304,,,,,,,,,,,4435,,,,,,208,,,,,
13,Nilphamari 2,নীলফামারী-২,নীলফামারী,382969,288280,283845,4435,94689,75.3,1.54,24.7,134,6,2858,134579,47.4,145548,51.3,0,0.0,0,0.0,0,0.0,293,0.1,3425,1.2,134579,47.4,145202,51.2,0,0.0,আলফারুক আব্দুল লতীফ,Bangladesh Jamaat-e-Islami,145202,51.2,শাহরিন ইসলাম,Bangladesh Nationalist Party - BNP,134579,10623,3.7,very_close,2.05,134579,145202,,3236,,,346,,,,,,,,,,,,,,,,,,,,,,,,,,,,,,,,,,,,,,189,,,,,
14,Nilphamari 3,নীলফামারী-৩,নীলফামারী,292070,205764,202009,3755,86306,70.5,1.82,29.5,105,4,2782,89102,44.1,108560,53.7,0,0.0,3362,1.7,0,0.0,0,0.0,985,0.5,89102,44.1,108560,53.7,0,0.0,ওবায়দুল্লাহ সালাফী,Bangladesh Jamaat-e-Islami,108560,53.7,আলহাজ্ব সৈয়দ আলী,Bangladesh Nationalist Party - BNP,89102,19458,9.6,marginal,2.07,89102,108560,,985,,3362,,,,,,,,,,,,,,,,,,,,,,,,,,,,,,,,,,,,,,,,,,,,
15,Nilphamari 4,নীলফামারী-৪,নীলফামারী,448646,294862,287879,6983,153784,65.7,2.37,34.3,169,9,2655,81526,28.3,124865,43.4,628,0.2,67246,23.4,0,0.0,5207,1.8,8407,2.9,81526,28.3,124865,43.4,0,0.0,আব্দুল মুনতাকিম,Bangladesh Jamaat-e-Islami,124865,43.4,মোঃ আবদুল গফুর সরকার,Bangladesh Nationalist Party - BNP,81526,43339,15.1,competitive,3.09,81526,124865,,8312,,67246,,,,,,,,,,,,,,,,,,,,,,628,,,,,,,,,,,,,,,,,,95,,,,
16,Lalmonirhat 1,লালমনিরহাট-১,লালমনিরহাট,400305,288758,282613,6145,111547,72.1,2.13,27.9,137,9,2922,137677,48.7,128475,45.5,225,0.1,5121,1.8,0,0.0,8884,3.1,2231,0.8,137677,48.7,128332,45.4,0,0.0,মোঃ হাসান রাজীব প্রধান,Bangladesh Nationalist Party - BNP,137677,48.7,মোঃ আনোয়ারুল ইসলাম রাজু,Bangladesh Jamaat-e-Islami,128332,9345,3.3,very_close,2.25,137677,128332,,2231,,5121,,,,,,,,,,,,,,,,,,,,,,,225,,,,,,,,143,,,,,,,,,,,,,
17,Lalmonirhat 2,লালমনিরহাট-২,লালমনিরহাট,430343,277462,271796,5666,152881,64.5,2.04,35.5,155,7,2776,123343,45.4,116236,42.8,1074,0.4,799,0.3,0,0.0,3484,1.3,26860,9.9,123343,45.4,116236,42.8,0,0.0,মোঃ রোকন উদ্দীন বাবুল,Bangladesh Nationalist Party - BNP,123343,45.4,মোঃ ফিরোজ হায়দার,Bangladesh Jamaat-e-Islami,116236,7107,2.6,very_close,2.53,123343,116236,,6921,,799,,,,,,,,,,,1074,,19939,,,,,,,,,,,,,,,,,,,,,,,,,,,,,,,
18,Lalmonirhat 3,লালমনিরহাট-৩,লালমনিরহাট,305835,204925,201051,3874,100910,67.0,1.89,33.0,94,6,3254,139118,69.2,55671,27.7,861,0.4,2133,1.1,0,0.0,0,0.0,3268,1.6,138691,69.0,55671,27.7,0,0.0,আসাদুল হাবিব দুলু,Bangladesh Nationalist Party - BNP,138691,69.0,মোঃ আবু তাহের,Bangladesh Jamaat-e-Islami,55671,83020,41.3,safe,1.81,138691,55671,,3268,,2133,,,,,,,,,427,,861,,,,,,,,,,,,,,,,,,,,,,,,,,,,,,,,,
19,Rangpur 1,রংপুর-১,রংপুর,371968,225836,220874,4962,146132,60.7,2.2,39.3,139,5,2676,68631,31.1,145543,65.9,434,0.2,0,0.0,1087,0.5,0,0.0,5179,2.3,68631,31.1,145543,65.9,0,0.0,মোঃ রায়হান সিরাজী,Bangladesh Jamaat-e-Islami,145543,65.9,মোঃ মোকাররম হোসেন সুজন,Bangladesh Nationalist Party - BNP,68631,76912,34.8,safe,1.88,68631,145543,,5179,,,,,,,,,,,,1087,,,,,,,,,,,,434,,,,,,,,,,,,,,,,,,,,,,
20,Rangpur 2,রংপুর-২,রংপুর,377802,259130,253874,5256,118672,68.6,2.03,31.4,137,5,2758,79862,31.5,134187,52.9,0,0.0,33681,13.3,0,0.0,0,0.0,6144,2.4,79862,31.5,134187,52.9,0,0.0,এ টি এম আজহারুল ইসলাম,Bangladesh Jamaat-e-Islami,134187,52.9,মোহাম্মদ আলী সরকার,Bangladesh Nationalist Party - BNP,79862,54325,21.4,safe,2.52,79862,134187,,5830,,33681,,,,,,,,,,,,,,,314,,,,,,,,,,,,,,,,,,,,,,,,,,,,,
21,Rangpur 3,রংপুর-৩,রংপুর,502992,320479,313919,6560,182513,63.7,2.05,36.3,169,8,2976,84578,26.9,175827,56.0,897,0.3,43385,13.8,0,0.0,642,0.2,8590,2.7,84578,26.9,175827,56.0,0,0.0,মোঃ মাহবুবুর রহমান (বেলাল),Bangladesh Jamaat-e-Islami,175827,56.0,মোঃ সামসুজ্জামান সামু,Bangladesh Nationalist Party - BNP,84578,91249,29.1,safe,2.46,84578,175827,,8590,,43385,,,,,,,,,,,,484,,,,,,,,,,413,,,,,,,,,,,,,,,,,,,,,,
22,Rangpur 4,রংপুর-৪,রংপুর,505258,334647,326770,7877,170611,66.2,2.35,33.8,163,9,3100,139616,42.7,148284,45.4,230,0.1,33397,10.2,0,0.0,289,0.1,4954,1.5,139616,42.7,0,0.0,147947,45.3,আখতার হোসেন,Jatiyo Nagorik Party - NCP,147947,45.3,মোহাম্মদ এমদাদুল হক ভরসা,Bangladesh Nationalist Party - BNP,139616,8331,2.5,very_close,2.51,139616,,147947,4414,337,33397,,,,,,,,,,,,,,,,,,,,,,230,,,,540,,,,,,,,,,,,,,,,,,
23,Rangpur 5,রংপুর-৫,রংপুর,464741,316691,308813,7878,148050,68.1,2.49,31.9,152,10,3058,114263,37.0,174499,56.5,839,0.3,16376,5.3,0,0.0,251,0.1,2585,0.8,114263,37.0,174149,56.4,0,0.0,মোঃ গোলাম রব্বানী,Bangladesh Jamaat-e-Islami,174149,56.4,মোঃ গোলাম রব্বানী,Bangladesh Nationalist Party - BNP,114263,59886,19.4,competitive,2.18,114263,174149,,2372,,16376,,,,,,350,,,,,490,,,,,,,,,,,349,,,84,129,,,,,,,,,,,,,,,,,,
24,Rangpur 6,রংপুর-৬,রংপুর,352852,244970,239898,5072,107882,69.4,2.07,30.6,113,8,3123,116919,48.7,119108,49.6,0,0.0,1264,0.5,0,0.0,533,0.2,2074,0.9,116919,48.7,118890,49.6,0,0.0,মোঃ নুরুল আমীন,Bangladesh Jamaat-e-Islami,118890,49.6,মোঃ সাইফুল ইসলাম,Bangladesh Nationalist Party - BNP,116919,1971,0.8,very_close,2.07,116919,118890,,2074,,1264,,,,,,218,,,,,,,,,,,,,,,,,,,,,,,,,,,,,,,,,,,,,,
25,Kurigram 1,কুড়িগ্রাম-১,কুড়িগ্রাম,560266,360492,353974,6518,199774,64.3,1.81,35.7,231,6,2425,122545,34.6,139498,39.4,0,0.0,50392,14.2,0,0.0,0,0.0,41539,11.7,122319,34.6,139498,39.4,0,0.0,মোঃ আনোয়ারুল ইসলাম,Bangladesh Jamaat-e-Islami,139498,39.4,সাইফুর রহমান রানা,Bangladesh Nationalist Party - BNP,122319,17179,4.9,very_close,3.26,122319,139498,,38670,,50392,,226,,,,,,,,,,,,,,,,,,2869,,,,,,,,,,,,,,,,,,,,,,,,
26,Kurigram 2,কুড়িগ্রাম-২,কুড়িগ্রাম,600806,400585,391038,9547,200221,66.7,2.38,33.3,205,9,2931,170335,43.6,179769,46.0,656,0.2,13736,3.5,0,0.0,312,0.1,26230,6.7,170335,43.6,0,0.0,178869,45.7,আতিকুর রহমান মোজাহিদ,Jatiyo Nagorik Party - NCP,178869,45.7,মোঃ সোহেল হোসনাইন কায়কোবাদ,Bangladesh Nationalist Party - BNP,170335,8534,2.2,very_close,2.47,170335,,178869,24719,,13736,,,,,,900,,,,,656,,,,,,,,,,,,,,1091,,,,,,,,,,,,,,,420,,,,
27,Kurigram 3,কুড়িগ্রাম-৩,কুড়িগ্রাম,366368,226310,222236,4074,140058,61.8,1.8,38.2,140,6,2617,79578,35.8,106933,48.1,0,0.0,2078,0.9,0,0.0,238,0.1,33409,15.0,78982,35.5,106933,48.1,0,0.0,মোঃ মাহবুবুল আলম,Bangladesh Jamaat-e-Islami,106933,48.1,তাসভীর উল ইসলাম,Bangladesh Nationalist Party - BNP,78982,27951,12.6,competitive,2.63,78982,106933,,33409,,2078,,596,,,,,,,,,,,,,,,,,,,,,,,,,,,,,,,,,,,,,,,,,,
28,Kurigram 4,কুড়িগ্রাম-৪,কুড়িগ্রাম,358967,223295,219677,3618,135672,62.2,1.62,37.8,130,7,2761,83762,38.1,106347,48.4,501,0.2,2149,1.0,0,0.0,20728,9.4,6190,2.8,83762,38.1,106347,48.4,0,0.0,মোঃ মোস্তাফিজুর রহমান,Bangladesh Jamaat-e-Islami,106347,48.4,মোঃ আজিজুর রহমান,Bangladesh Nationalist Party - BNP,83762,22585,10.3,competitive,2.57,83762,106347,,6190,,2149,,,,,,,,,,,,190,,,,,,,,,,311,,,,,,,,,,,,,,,,,,,,,,
29,Gaibandha 1,গাইবান্ধা-১,গাইবান্ধা,415903,246916,240833,6083,168987,59.4,2.46,40.6,123,8,3381,37851,15.7,138945,57.7,394,0.2,33927,14.1,0,0.0,27498,11.4,2218,0.9,37851,15.7,138945,57.7,0,0.0,মোঃ মাজেদুর রহমান,Bangladesh Jamaat-e-Islami,138945,57.7,খন্দকার জিয়াউল ইসলাম মোহাম্মদ আলী,Bangladesh Nationalist Party - BNP,37851,101094,42.0,safe,2.56,37851,138945,,2044,,33927,,,,,,,,,,,,,,,,,,,,,,394,,,,,,174,,,,,,,,,,,,,,,,
30,Gaibandha 2,গাইবান্ধা-২,গাইবান্ধা,408000,245291,239881,5410,162709,60.1,2.21,39.9,118,7,3458,92180,38.4,121073,50.5,2938,1.2,21143,8.8,0,0.0,0,0.0,2547,1.1,92180,38.4,121073,50.5,0,0.0,মোঃ আব্দুল করিম,Bangladesh Jamaat-e-Islami,121073,50.5,মোঃ আনিসুজ্জামান খান বাবু,Bangladesh Nationalist Party - BNP,92180,28893,12.0,competitive,2.44,92180,121073,,2351,,21143,,,,,,,,,,,2318,,196,,,,,,,,,620,,,,,,,,,,,,,,,,,,,,,,
31,Gaibandha 3,গাইবান্ধা-৩,গাইবান্ধা,501943,316686,309352,7334,185257,63.1,2.32,36.9,146,10,3438,140473,45.4,160552,51.9,515,0.2,1604,0.5,0,0.0,3095,1.0,3113,1.0,138700,44.8,160552,51.9,0,0.0,আবুল কাওছার মোহাম্মদ নজরুল ইসলাম,Bangladesh Jamaat-e-Islami,160552,51.9,অধ্যাপক ডাঃ সৈয়দ মইনুল হাসান সাদিক,Bangladesh Nationalist Party - BNP,138700,21852,7.1,marginal,2.13,138700,160552,,2816,,1604,,1773,,,,,,,,,515,,156,,,,,141,,,,,,,,,,,,,,,,,,,,,,,,,,
32,Gaibandha 4,গাইবান্ধা-৪,গাইবান্ধা,464871,292596,285505,7091,172275,62.9,2.42,37.1,142,6,3274,142078,49.8,138200,48.4,0,0.0,2330,0.8,0,0.0,1540,0.5,1357,0.5,141712,49.6,138200,48.4,0,0.0,মোহাম্মদ শামীম কায়সার,Bangladesh Nationalist Party - BNP,141712,49.6,মোঃ আব্দুর রহিম সরকার,Bangladesh Jamaat-e-Islami,138200,3512,1.2,very_close,2.08,141712,138200,,1357,,2330,,,,,,,,,,,,,,366,,,,,,,,,,,,,,,,,,,,,,,,,,,,,,
33,Gaibandha 5,গাইবান্ধা-৫,গাইবান্ধা,381751,218764,213252,5512,162987,57.3,2.52,42.7,146,9,2615,72741,34.1,87913,41.2,707,0.3,3375,1.6,0,0.0,46326,21.7,2190,1.0,72741,34.1,87913,41.2,0,0.0,মোঃ আব্দুল ওয়ারেছ,Bangladesh Jamaat-e-Islami,87913,41.2,মোঃ ফারুক আলম সরকার,Bangladesh Nationalist Party - BNP,72741,15172,7.1,marginal,3.14,72741,87913,,2190,,3375,,,,,,,,,,,461,,,,,,,,,,,246,,,,,,,,,,,,,,,,,,,,,,
34,Joypurhat 1,জয়পুরহাট-১,জয়পুরহাট,462258,338400,331949,6451,123858,73.2,1.91,26.8,151,5,3061,154320,46.5,163279,49.2,1188,0.4,0,0.0,0,0.0,13162,4.0,0,0.0,154320,46.5,163279,49.2,0,0.0,মোঃ ফজলুর রহমান সাঈদ,Bangladesh Jamaat-e-Islami,163279,49.2,মোঃ মাসুদ রানা প্রধান,Bangladesh Nationalist Party - BNP,154320,8959,2.7,very_close,2.18,154320,163279,,,,,,,,,,,,,,,,572,,,,,,,,,,616,,,,,,,,,,,,,,,,,,,,,,
35,Joypurhat 2,জয়পুরহাট-২,জয়পুরহাট,348101,255575,249656,5919,92526,73.4,2.32,26.6,104,3,3347,157128,62.9,92528,37.1,0,0.0,0,0.0,0,0.0,0,0.0,0,0.0,157128,62.9,91012,36.5,0,0.0,মোঃ আব্দুল বারী,Bangladesh Nationalist Party - BNP,157128,62.9,এস এম রাশেদুল আলম,Bangladesh Jamaat-e-Islami,91012,66116,26.5,safe,1.89,157128,91012,,,,,,,,,,1516,,,,,,,,,,,,,,,,,,,,,,,,,,,,,,,,,,,,,,
36,Bogura 1,বগুড়া-১,বগুড়া,372794,232523,228693,3830,140271,62.4,1.65,37.6,126,5,2959,169861,74.3,56933,24.9,0,0.0,0,0.0,0,0.0,0,0.0,1899,0.8,169861,74.3,56933,24.9,0,0.0,কাজী রফিকুল ইসলাম,Bangladesh Nationalist Party - BNP,169861,74.3,মোঃ শাহাবুদ্দিন,Bangladesh Jamaat-e-Islami,56933,112928,49.4,safe,1.63,169861,56933,,1009,,,,,,,,,,,,,,,,,,,,,,,,,,,,593,,,,297,,,,,,,,,,,,,,
37,Bogura 2,বগুড়া-২,বগুড়া,339340,246487,242159,4328,92853,72.6,1.76,27.4,114,7,2977,144612,59.7,92630,38.3,0,0.0,428,0.2,0,0.0,181,0.1,4308,1.8,144339,59.6,92630,38.3,0,0.0,মীর শাহে আলম,Bangladesh Nationalist Party - BNP,144339,59.6,আবুল আজাদ মোহাম্মদ শাহাদুজ্জামান,Bangladesh Jamaat-e-Islami,92630,51709,21.4,safe,1.99,144339,92630,,904,,428,,273,,,,,,,,,,,,,,,,,,,,,,,3404,,,,,,,,,,,,,,,,,,,
38,Bogura 3,বগুড়া-৩,বগুড়া,335362,243794,239596,4198,91568,72.7,1.72,27.3,118,4,2842,126674,52.9,109676,45.8,0,0.0,1475,0.6,0,0.0,0,0.0,1771,0.7,126674,52.9,109676,45.8,0,0.0,মোঃ আব্দুল মহিত তালুকদার,Bangladesh Nationalist Party - BNP,126674,52.9,নূর মোহাম্মদ,Bangladesh Jamaat-e-Islami,109676,16998,7.1,marginal,2.04,126674,109676,,1771,,1475,,,,,,,,,,,,,,,,,,,,,,,,,,,,,,,,,,,,,,,,,,,,
39,Bogura 4,বগুড়া-৪,বগুড়া,356993,271059,266926,4133,85934,75.9,1.52,24.1,114,4,3132,154697,58.0,108191,40.5,0,0.0,1100,0.4,0,0.0,0,0.0,2938,1.1,154697,58.0,108191,40.5,0,0.0,মোঃ মোশারফ হোসেন,Bangladesh Nationalist Party - BNP,154697,58.0,মোঃ মোস্তফা ফয়সাল,Bangladesh Jamaat-e-Islami,108191,46506,17.4,competitive,2.0,154697,108191,,2938,,1100,,,,,,,,,,,,,,,,,,,,,,,,,,,,,,,,,,,,,,,,,,,,
40,Bogura 5,বগুড়া-৫,বগুড়া,569165,406774,398580,8194,162391,71.5,2.01,28.5,188,5,3027,247816,62.2,143450,36.0,1774,0.4,0,0.0,0,0.0,0,0.0,5540,1.4,247816,62.2,142322,35.7,0,0.0,গোলাম মোহাম্মদ সিরাজ,Bangladesh Nationalist Party - BNP,247816,62.2,মোঃ দবিবুর রহমান,Bangladesh Jamaat-e-Islami,142322,105494,26.5,safe,1.94,247816,142322,,5540,,,,,,,1128,,,,,,1774,,,,,,,,,,,,,,,,,,,,,,,,,,,,,,,,,
41,Bogura 6,বগুড়া-৬,বগুড়া,450307,319743,314855,4888,130564,71.0,1.53,29.0,150,5,3002,214739,68.2,96564,30.7,789,0.3,0,0.0,0,0.0,0,0.0,2763,0.9,214739,68.2,96564,30.7,0,0.0,তারেক রহমান,Bangladesh Nationalist Party - BNP,214739,68.2,মোঃ আবিদুর রহমান,Bangladesh Jamaat-e-Islami,96564,118175,37.5,safe,1.79,214739,96564,,2495,,,,,,,,,,,,,,789,,,268,,,,,,,,,,,,,,,,,,,,,,,,,,,,,
42,Bogura 7,বগুড়া-৭,বগুড়া,533463,386686,380250,6436,146777,72.5,1.66,27.5,173,4,3084,262501,69.0,115184,30.3,0,0.0,528,0.1,0,0.0,0,0.0,2037,0.5,262501,69.0,115184,30.3,0,0.0,মোরশেদ মিলটন,Bangladesh Nationalist Party - BNP,262501,69.0,মোঃ গোলাম রব্বানী,Bangladesh Jamaat-e-Islami,115184,147317,38.7,safe,1.76,262501,115184,,2037,,,,,,,,,,,,,,,,,,,,,,,,,,,,,,,,,,528,,,,,,,,,,,,
43,Chapainawabganj 1,চাঁপাইনবাবগঞ্জ-১,চাঁপাইনবাবগঞ্জ,493816,378226,368767,9459,115590,76.6,2.5,23.4,159,6,3106,161118,43.7,203442,55.2,0,0.0,2725,0.7,418,0.1,0,0.0,1064,0.3,161118,43.7,203442,55.2,0,0.0,মোঃ কেরামত আলী,Bangladesh Jamaat-e-Islami,203442,55.2,মোঃ শাহ্‌জাহান মিঞা,Bangladesh Nationalist Party - BNP,161118,42324,11.5,competitive,2.02,161118,203442,,1064,,2179,,,,418,,,,,,,,,,,,,,,,,,,,,,,,,,,,,,546,,,,,,,,,,
44,Chapainawabganj 2,চাঁপাইনবাবগঞ্জ-২,চাঁপাইনবাবগঞ্জ,456367,340448,332560,7888,115919,74.6,2.32,25.4,184,5,2480,154053,46.3,168821,50.8,585,0.2,8051,2.4,0,0.0,0,0.0,1050,0.3,154053,46.3,168821,50.8,0,0.0,মুঃ মিজানুর রহমান,Bangladesh Jamaat-e-Islami,168821,50.8,মোঃ আমিনুল ইসলাম,Bangladesh Nationalist Party - BNP,154053,14768,4.4,very_close,2.11,154053,168821,,1050,,8051,,,,,,,,,,,585,,,,,,,,,,,,,,,,,,,,,,,,,,,,,,,,,
45,Chapainawabganj 3,চাঁপাইনবাবগঞ্জ-৩,চাঁপাইনবাবগঞ্জ,460802,317514,312933,4581,143288,68.9,1.44,31.1,172,5,2679,126368,40.4,185166,59.2,0,0.0,0,0.0,0,0.0,0,0.0,1399,0.4,126018,40.3,185166,59.2,0,0.0,মোঃ নূরুল ইসলাম,Bangladesh Jamaat-e-Islami,185166,59.2,মোঃ হারুনুর রশীদ,Bangladesh Nationalist Party - BNP,126018,59148,18.9,competitive,1.95,126018,185166,,785,,,,350,,,,,,,,,,,,,614,,,,,,,,,,,,,,,,,,,,,,,,,,,,,
46,Naogaon 1,নওগাঁ-১,নওগাঁ,471022,364944,356567,8377,106078,77.5,2.3,22.5,166,5,2837,173043,48.5,152306,42.7,0,0.0,4205,1.2,0,0.0,18005,5.0,9008,2.5,173043,48.5,152306,42.7,0,0.0,মোঃ মোস্তাফিজুর রহমান,Bangladesh Nationalist Party - BNP,173043,48.5,মোহাঃ মাহবুবুল আলম,Bangladesh Jamaat-e-Islami,152306,20737,5.8,marginal,2.37,173043,152306,,9008,,4205,,,,,,,,,,,,,,,,,,,,,,,,,,,,,,,,,,,,,,,,,,,,
47,Naogaon 2,নওগাঁ-২,নওগাঁ,370259,284347,276991,7356,85912,76.8,2.59,23.2,124,3,2986,133994,48.4,142997,51.6,0,0.0,0,0.0,0,0.0,0,0.0,0,0.0,133994,48.4,140447,50.7,0,0.0,মোঃ এনামুল হক,Bangladesh Jamaat-e-Islami,140447,50.7,মোঃ সামসুজ্জোহা খান,Bangladesh Nationalist Party - BNP,133994,6453,2.3,very_close,2.04,133994,140447,,,,,,,,,,2550,,,,,,,,,,,,,,,,,,,,,,,,,,,,,,,,,,,,,,
48,Naogaon 3,নওগাঁ-৩,নওগাঁ,436902,318840,311152,7688,118062,73.0,2.41,27.0,142,8,3077,165646,53.2,117838,37.9,1215,0.4,4837,1.6,0,0.0,17823,5.7,3793,1.2,165646,53.2,117838,37.9,0,0.0,মোঃ ফজলে হুদা,Bangladesh Nationalist Party - BNP,165646,53.2,মোঃ মাহফুজুর রহমান,Bangladesh Jamaat-e-Islami,117838,47808,15.4,competitive,2.32,165646,117838,,3603,,4837,,,,,,,,,,,,1215,,,,,,,,,,,,,,,,,,,,,,,,,,,190,,,,,
49,Naogaon 4,নওগাঁ-৪,নওগাঁ,331418,239920,234610,5310,91498,72.4,2.21,27.6,117,6,2833,133191,56.8,96521,41.1,2288,1.0,1310,0.6,0,0.0,704,0.3,596,0.3,133191,56.8,96521,41.1,0,0.0,ইকরামুল বারী টিপু,Bangladesh Nationalist Party - BNP,133191,56.8,মোঃ আব্দু্র রাকিব,Bangladesh Jamaat-e-Islami,96521,36670,15.6,competitive,2.03,133191,96521,,596,,1310,,,,,,,,,,,2288,,,,,,,,,,,,,,,,,,,,,,,,,,,,,,,,,
50,Naogaon 5,নওগাঁ-৫,নওগাঁ,359360,243937,238502,5435,115423,67.9,2.23,32.1,118,5,3045,128366,53.8,103236,43.3,719,0.3,2135,0.9,0,0.0,0,0.0,4046,1.7,128366,53.8,103236,43.3,0,0.0,মোঃ জাহিদুল ইসলাম ধলু,Bangladesh Nationalist Party - BNP,128366,53.8,আবু সাদাত মোঃ সায়েম,Bangladesh Jamaat-e-Islami,103236,25130,10.5,competitive,2.09,128366,103236,,4046,,2135,,,,,,,,,,,719,,,,,,,,,,,,,,,,,,,,,,,,,,,,,,,,,
51,Naogaon 6,নওগাঁ-৬,নওগাঁ,341456,230154,225787,4367,111302,67.4,1.9,32.6,115,5,2969,108070,47.9,95886,42.5,0,0.0,0,0.0,0,0.0,19490,8.6,2341,1.0,108070,47.9,95886,42.5,0,0.0,শেখ মোঃ রেজাউল ইসলাম,Bangladesh Nationalist Party - BNP,108070,47.9,মোঃ খবিরুল ইসলাম,Bangladesh Jamaat-e-Islami,95886,12184,5.4,marginal,2.4,108070,95886,,1802,,,,,,,,,,,,,,,,,,,,,,,539,,,,,,,,,,,,,,,,,,,,,,,
52,Rajshahi 1,রাজশাহী-১,রাজশাহী,464701,348833,340920,7913,115868,75.1,2.27,24.9,159,5,2923,169407,49.7,170863,50.1,0,0.0,0,0.0,0,0.0,650,0.2,0,0.0,169010,49.6,169784,49.8,0,0.0,মোঃ মুজিবুর রহমান,Bangladesh Jamaat-e-Islami,169784,49.8,মোঃ শরীফ উদ্দীন,Bangladesh Nationalist Party - BNP,169010,774,0.2,very_close,2.03,169010,169784,,,,,,397,,,,1079,,,,,,,,,,,,,,,,,,,,,,,,,,,,,,,,,,,,,,
53,Rajshahi 2,রাজশাহী-২,রাজশাহী,364330,232095,227761,4334,132235,63.7,1.87,36.3,115,6,3168,126997,55.8,99480,43.7,0,0.0,0,0.0,0,0.0,748,0.3,536,0.2,126997,55.8,98340,43.2,0,0.0,মোঃ মিজানুর রহমান মিনু,Bangladesh Nationalist Party - BNP,126997,55.8,মোহাম্মদ জাহাঙ্গীর,Bangladesh Jamaat-e-Islami,98340,28657,12.6,competitive,2.01,126997,98340,,,,,,,,,,766,,,,,,,,,,,,,,,,,,,536,,,,,,374,,,,,,,,,,,,,
54,Rajshahi 3,রাজশাহী-৩,রাজশাহী,420837,325106,317098,8008,95731,77.3,2.46,22.7,131,6,3212,175570,55.4,136596,43.1,0,0.0,2356,0.7,0,0.0,1150,0.4,1426,0.4,175570,55.4,136596,43.1,0,0.0,মোহাম্মদ শফিকুল হক মিলন,Bangladesh Nationalist Party - BNP,175570,55.4,মোঃ আবুল কালাম আজাদ,Bangladesh Jamaat-e-Islami,136596,38974,12.3,competitive,2.03,175570,136596,,1139,,2356,,,,,,,,,,,,,,,,,,,,,,,,,,,,287,,,,,,,,,,,,,,,,
55,Rajshahi 4,রাজশাহী-৪,রাজশাহী,316521,228568,224580,3988,87953,72.2,1.74,27.8,122,4,2594,108664,48.4,113567,50.6,0,0.0,1704,0.8,0,0.0,0,0.0,645,0.3,108664,48.4,113567,50.6,0,0.0,মোঃ আব্দুল বারী সরদার,Bangladesh Jamaat-e-Islami,113567,50.6,"ডি, এম , ডি জিয়াউর রহমান",Bangladesh Nationalist Party - BNP,108664,4903,2.2,very_close,2.04,108664,113567,,645,,1704,,,,,,,,,,,,,,,,,,,,,,,,,,,,,,,,,,,,,,,,,,,,
56,Rajshahi 5,রাজশাহী-৫,রাজশাহী,350212,241607,236050,5557,108605,69.0,2.3,31.0,132,7,2653,152677,64.7,72535,30.7,0,0.0,0,0.0,930,0.4,9298,3.9,610,0.3,152677,64.7,72535,30.7,0,0.0,অধ্যাপক নজরুল ইসলাম,Bangladesh Nationalist Party - BNP,152677,64.7,মনজুর রহমান,Bangladesh Jamaat-e-Islami,72535,80142,34.0,safe,1.95,152677,72535,,610,,,,,,,,,,,,,,,,,,,,,930,,,,,,,,,,,,,,,,,,,,,,,,,
57,Rajshahi 6,রাজশাহী-৬,রাজশাহী,352876,250152,243242,6910,102724,70.9,2.76,29.1,119,4,2965,147359,60.6,91460,37.6,0,0.0,2837,1.2,0,0.0,0,0.0,1586,0.7,147359,60.6,91460,37.6,0,0.0,মোঃ আবু সাইদ চাঁদ,Bangladesh Nationalist Party - BNP,147359,60.6,মোঃ নাজমুল হক,Bangladesh Jamaat-e-Islami,91460,55899,23.0,safe,1.97,147359,91460,,1586,,2837,,,,,,,,,,,,,,,,,,,,,,,,,,,,,,,,,,,,,,,,,,,,
58,Natore 1,নাটোর-১,নাটোর,365482,272355,267353,5002,93127,74.5,1.84,25.5,125,10,2924,103049,38.5,89431,33.5,0,0.0,542,0.2,0,0.0,73078,27.3,1253,0.5,102197,38.2,89431,33.5,0,0.0,ফারজানা শারমীন,Bangladesh Nationalist Party - BNP,102197,38.2,মোঃ আবুল কালাম আজাদ,Bangladesh Jamaat-e-Islami,89431,12766,4.8,very_close,3.01,102197,89431,,1253,,542,,298,,,,,,,279,,,,,275,,,,,,,,,,,,,,,,,,,,,,,,,,,,,,
59,Natore 2,নাটোর-২,নাটোর,403550,302861,296955,5906,100689,75.0,1.95,25.0,156,6,2587,162353,54.7,128710,43.3,0,0.0,2560,0.9,0,0.0,606,0.2,2726,0.9,161896,54.5,128710,43.3,0,0.0,"এম, রুহুল কুদ্দুস তালুকদার দুলু",Bangladesh Nationalist Party - BNP,161896,54.5,মোঃ ইউনুস আলী,Bangladesh Jamaat-e-Islami,128710,33186,11.2,competitive,2.06,161896,128710,,2726,,2560,,,,,,,,,457,,,,,,,,,,,,,,,,,,,,,,,,,,,,,,,,,,,
60,Natore 3,নাটোর-৩,নাটোর,324773,232044,227108,4936,92729,71.4,2.13,28.6,118,6,2752,119170,52.5,20267,8.9,0,0.0,2095,0.9,0,0.0,66557,29.3,19019,8.4,119170,52.5,0,0.0,20267,8.9,মোঃ আনোয়ারুল ইসলাম,Bangladesh Nationalist Party - BNP,119170,52.5,মোঃ দাউদার মাহমুদ,Independent,66191,52979,23.3,safe,2.66,119170,,20267,19019,,2095,,,,,,,,,,,,,,,,,,,,,,,,,,,,,,,,,,,,,,,,,,,,
61,Natore 4,নাটোর-৪,নাটোর,442292,317094,310878,6216,125198,71.7,1.96,28.3,167,5,2648,169847,54.6,134443,43.2,0,0.0,2770,0.9,0,0.0,0,0.0,3818,1.2,169847,54.6,134189,43.2,0,0.0,মোঃ আব্দুল আজিজ,Bangladesh Nationalist Party - BNP,169847,54.6,মোঃ আব্দুল হাকিম,Bangladesh Jamaat-e-Islami,134189,35658,11.5,competitive,2.06,169847,134189,,3818,,2770,,,,,,254,,,,,,,,,,,,,,,,,,,,,,,,,,,,,,,,,,,,,,
62,Sirajganj 1,সিরাজগঞ্জ-১,সিরাজগঞ্জ,382928,232641,227882,4759,150287,60.8,2.05,39.2,165,6,2321,117229,51.4,107883,47.3,0,0.0,2196,1.0,0,0.0,256,0.1,318,0.1,116061,50.9,107883,47.3,0,0.0,মোঃ সেলিম রেজা,Bangladesh Nationalist Party - BNP,116061,50.9,মোঃ শাহিনুর আলম,Bangladesh Jamaat-e-Islami,107883,8178,3.6,very_close,2.07,116061,107883,,,,2196,,1168,,,,,,,,,,,,,,,,,,,,,,,318,,,,,,,,,,,,,,,,,,,
63,Sirajganj 2,সিরাজগঞ্জ-২,সিরাজগঞ্জ,466033,323361,318050,5311,142672,69.4,1.64,30.6,162,7,2877,176993,55.6,137137,43.1,1613,0.5,0,0.0,0,0.0,0,0.0,2307,0.7,176585,55.5,137137,43.1,0,0.0,ইকবাল হাসান মাহ্‌মুদ,Bangladesh Nationalist Party - BNP,176585,55.5,মুহাম্মদ জাহিদুল ইসলাম,Bangladesh Jamaat-e-Islami,137137,39448,12.4,competitive,2.02,176585,137137,,2138,,,,408,,,,,,,,,763,850,169,,,,,,,,,,,,,,,,,,,,,,,,,,,,,,,
64,Sirajganj 3,সিরাজগঞ্জ-৩,সিরাজগঞ্জ,441552,297969,291961,6008,143583,67.5,2.02,32.5,158,4,2795,173514,59.4,115833,39.7,0,0.0,1627,0.6,0,0.0,987,0.3,0,0.0,173514,59.4,0,0.0,0,0.0,মোঃ আয়নুল হক,Bangladesh Nationalist Party - BNP,173514,59.4,মুহাঃ আব্দুর রউফ সরকার,Bangladesh Khelafat Majlis,115833,57681,19.8,competitive,1.96,173514,,,,115833,1627,,,,,,,,,,,,,,,,,,,,,,,,,,,,,,,,,,,,,,,,,,,,
65,Sirajganj 4,সিরাজগঞ্জ-৪,সিরাজগঞ্জ,471626,329935,324253,5682,141691,70.0,1.72,30.0,147,5,3208,160458,49.5,159693,49.2,694,0.2,1198,0.4,0,0.0,0,0.0,2210,0.7,160458,49.5,159693,49.2,0,0.0,"এম, আকবর আলী",Bangladesh Nationalist Party - BNP,160458,49.5,মোঃ রফিকুল ইসলাম খান,Bangladesh Jamaat-e-Islami,159693,765,0.2,very_close,2.05,160458,159693,,2210,,1198,,,,,,,,,,,694,,,,,,,,,,,,,,,,,,,,,,,,,,,,,,,,,
66,Sirajganj 5,সিরাজগঞ্জ-৫,সিরাজগঞ্জ,422672,251562,246828,4734,171110,59.5,1.88,40.5,131,6,3227,134429,54.5,105188,42.6,324,0.1,1196,0.5,0,0.0,0,0.0,5691,2.3,134197,54.4,105188,42.6,0,0.0,মোঃ আমিরুল ইসলাম খান,Bangladesh Nationalist Party - BNP,134197,54.4,মোঃ আলী আলম,Bangladesh Jamaat-e-Islami,105188,29009,11.8,competitive,2.09,134197,105188,,5691,,1196,,232,,,,,,,,,324,,,,,,,,,,,,,,,,,,,,,,,,,,,,,,,,,
67,Sirajganj 6,সিরাজগঞ্জ-৬,সিরাজগঞ্জ,480905,285384,279901,5483,195521,59.3,1.92,40.7,160,11,3006,170129,60.8,102453,36.6,375,0.1,1062,0.4,1130,0.4,679,0.2,4073,1.5,170129,60.8,0,0.0,102185,36.5,"এম, এ, মুহিত",Bangladesh Nationalist Party - BNP,170129,60.8,এস এম সাইফ মোস্তাফিজ,Jatiyo Nagorik Party - NCP,102185,67944,24.3,safe,1.99,170129,,102185,2540,,1062,,,,1130,,268,,,,,,375,,,884,,,,,,,,,,,,,649,,,,,,,,,,,,,,,,
68,Pabna 1,পাবনা-১,পাবনা,337720,238525,234257,4268,99195,70.6,1.79,29.4,94,4,3593,103663,44.3,128467,54.8,0,0.0,0,0.0,0,0.0,1027,0.4,1100,0.5,103663,44.3,128467,54.8,0,0.0,মোহাম্মদ নাজিবুর রহমান,Bangladesh Jamaat-e-Islami,128467,54.8,মোঃ শামসুর রহমান,Bangladesh Nationalist Party - BNP,103663,24804,10.6,competitive,2.01,103663,128467,,1100,,,,,,,,,,,,,,,,,,,,,,,,,,,,,,,,,,,,,,,,,,,,,,
69,Pabna 2,পাবনা-২,পাবনা,492471,305046,297907,7139,187425,61.9,2.34,38.1,140,5,3518,213840,71.8,75693,25.4,0,0.0,2224,0.7,0,0.0,0,0.0,6150,2.1,213840,71.8,75693,25.4,0,0.0,"এ, কে, এম, সেলিম রেজা হাবিব",Bangladesh Nationalist Party - BNP,213840,71.8,মোঃ হেসাব উদ্দিন,Bangladesh Jamaat-e-Islami,75693,138147,46.4,safe,1.72,213840,75693,,5827,,2224,,,,,,,,,,,,,,,,,,,,,,,,,,,,,,323,,,,,,,,,,,,,,
70,Pabna 3,পাবনা-৩,পাবনা,482796,338800,332618,6182,143996,70.2,1.82,29.8,176,8,2743,144522,43.4,145837,43.8,0,0.0,1057,0.3,1420,0.4,37852,11.4,1930,0.6,143540,43.2,145837,43.8,0,0.0,মুহাম্মাদ আলী আছগার,Bangladesh Jamaat-e-Islami,145837,43.8,মোঃ হাসান জাফির তুহিন,Bangladesh Nationalist Party - BNP,143540,2297,0.7,very_close,2.55,143540,145837,,1758,,1057,,982,,,,,,,,,,,,,,,,,1420,,,,,,,,,,,172,,,,,,,,,,,,,,
71,Pabna 4,পাবনা-৪,পাবনা,437143,308061,301709,6352,129082,70.5,2.06,29.5,129,7,3389,133273,44.2,136287,45.2,456,0.2,932,0.3,0,0.0,27914,9.3,2847,0.9,133273,44.2,136287,45.2,0,0.0,মোঃ আবু তালেব মন্ডল,Bangladesh Jamaat-e-Islami,136287,45.2,মোঃ হাবিবুর রহমান (হাবিব),Bangladesh Nationalist Party - BNP,133273,3014,1.0,very_close,2.45,133273,136287,,2672,,932,,,,,,,,,,,456,,,,,,,,,,,,,,175,,,,,,,,,,,,,,,,,,,
72,Pabna 5,পাবনা-৫,পাবনা,524173,355524,349031,6493,168649,67.8,1.83,32.2,163,4,3216,181169,51.9,163618,46.9,0,0.0,0,0.0,0,0.0,0,0.0,4244,1.2,181169,51.9,163186,46.8,0,0.0,মোঃ শামছুর রহমান শিমুল বিশ্বাস,Bangladesh Nationalist Party - BNP,181169,51.9,মোঃ ইকবাল হোসাইন,Bangladesh Jamaat-e-Islami,163186,17983,5.2,marginal,2.05,181169,163186,,4244,,,,,,,,432,,,,,,,,,,,,,,,,,,,,,,,,,,,,,,,,,,,,,,
73,Meherpur 1,মেহেরপুর-১,মেহেরপুর,313455,233193,228419,4774,80262,74.4,2.05,25.6,123,4,2548,104787,45.9,121461,53.2,781,0.3,1390,0.6,0,0.0,0,0.0,0,0.0,104787,45.9,121461,53.2,0,0.0,মোঃ তাজউদ্দীন খান,Bangladesh Jamaat-e-Islami,121461,53.2, মাসুদ অরুন,Bangladesh Nationalist Party - BNP,104787,16674,7.3,marginal,2.03,104787,121461,,,,1390,,,,,,,,,,,781,,,,,,,,,,,,,,,,,,,,,,,,,,,,,,,,,
74,Meherpur 2,মেহেরপুর-২,মেহেরপুর,267563,187030,181904,5126,80533,69.9,2.74,30.1,90,3,2973,85455,47.0,94658,52.0,0,0.0,1791,1.0,0,0.0,0,0.0,0,0.0,85455,47.0,94658,52.0,0,0.0,মোঃ নাজমুল হুদা,Bangladesh Jamaat-e-Islami,94658,52.0,মোঃ আমজাদ হোসেন,Bangladesh Nationalist Party - BNP,85455,9203,5.1,marginal,2.03,85455,94658,,,,1791,,,,,,,,,,,,,,,,,,,,,,,,,,,,,,,,,,,,,,,,,,,,
75,Kushtia 1,কুষ্টিয়া-১,কুষ্টিয়া,400902,279988,274142,5846,120914,69.8,2.09,30.2,135,8,2970,165694,60.4,85085,31.0,0,0.0,1070,0.4,235,0.1,17812,6.5,4246,1.5,165085,60.2,85085,31.0,0,0.0,রেজা আহাম্মেদ,Bangladesh Nationalist Party - BNP,165085,60.2,মোঃ বেলাল উদ্দীন,Bangladesh Jamaat-e-Islami,85085,80000,29.2,safe,2.16,165085,85085,,4046,,1070,,609,,235,,,,,,,,,,,200,,,,,,,,,,,,,,,,,,,,,,,,,,,,,
76,Kushtia 2,কুষ্টিয়া-২,কুষ্টিয়া,473355,345718,338600,7118,127637,73.0,2.06,27.0,170,5,2784,143085,42.3,189793,56.1,777,0.2,0,0.0,1100,0.3,0,0.0,3845,1.1,143085,42.3,189793,56.1,0,0.0,মোঃ আব্দুল গফুর,Bangladesh Jamaat-e-Islami,189793,56.1,রাগীব রউফ চৌধুরী,Bangladesh Nationalist Party - BNP,143085,46708,13.8,competitive,2.03,143085,189793,,3845,,,,,,,,,,,,1100,777,,,,,,,,,,,,,,,,,,,,,,,,,,,,,,,,,
77,Kushtia 3,কুষ্টিয়া-৩,কুষ্টিয়া,436952,318740,313897,4843,118212,72.9,1.52,27.1,142,6,3077,127200,40.5,180690,57.6,433,0.1,0,0.0,0,0.0,0,0.0,5574,1.8,126909,40.4,180690,57.6,0,0.0,মোঃ আমির হামজা,Bangladesh Jamaat-e-Islami,180690,57.6,মোঃ জাকির হোসেন সরকার,Bangladesh Nationalist Party - BNP,126909,53781,17.1,competitive,2.02,126909,180690,,5118,,,,291,,,,,,,,,,433,,,,,,,,,456,,,,,,,,,,,,,,,,,,,,,,,
78,Kushtia 4,কুষ্টিয়া-৪,কুষ্টিয়া,420058,305009,299617,5392,115049,72.6,1.77,27.4,152,6,2764,138574,46.3,146504,48.9,0,0.0,0,0.0,0,0.0,0,0.0,14539,4.9,138574,46.3,146204,48.8,0,0.0,মোঃ আফজাল হোসেন,Bangladesh Jamaat-e-Islami,146204,48.8,সৈয়দ মেহেদী আহ্‌মেদ রুমী,Bangladesh Nationalist Party - BNP,138574,7630,2.5,very_close,2.2,138574,146204,,13643,,,,,,,,,,,,,,,,,,,,,,,,,,,,,647,,,249,300,,,,,,,,,,,,,
79,Chuadanga 1,চুয়াডাঙ্গা-১,চুয়াডাঙ্গা,506333,377160,370715,6445,129173,74.5,1.71,25.5,180,3,2813,152382,41.1,208300,56.2,0,0.0,0,0.0,0,0.0,0,0.0,10033,2.7,152382,41.1,208300,56.2,0,0.0,মোঃ মাসুদ পারভেজ,Bangladesh Jamaat-e-Islami,208300,56.2,মোঃ শরীফুজ্জামান,Bangladesh Nationalist Party - BNP,152382,55918,15.1,competitive,2.06,152382,208300,,10033,,,,,,,,,,,,,,,,,,,,,,,,,,,,,,,,,,,,,,,,,,,,,,
80,Chuadanga 2,চুয়াডাঙ্গা-২,চুয়াডাঙ্গা,487203,381076,374416,6660,106127,78.2,1.75,21.8,174,3,2800,162712,43.5,205422,54.9,0,0.0,0,0.0,0,0.0,0,0.0,6282,1.7,162712,43.5,205422,54.9,0,0.0,মোঃ রুহুল আমিন,Bangladesh Jamaat-e-Islami,205422,54.9,মাহমুদ হাসান খান,Bangladesh Nationalist Party - BNP,162712,42710,11.4,competitive,2.04,162712,205422,,6282,,,,,,,,,,,,,,,,,,,,,,,,,,,,,,,,,,,,,,,,,,,,,,
81,Jhenaidah 1,ঝিনাইদহ-১,ঝিনাইদহ,321214,234326,229534,4792,86888,73.0,2.05,27.0,117,5,2745,171756,74.8,56538,24.6,303,0.1,937,0.4,0,0.0,0,0.0,0,0.0,171756,74.8,55930,24.4,0,0.0,মোঃ আসাদুজ্জামান,Bangladesh Nationalist Party - BNP,171756,74.8,আবু ছালেহ মোঃ মতিউর রহমান,Bangladesh Jamaat-e-Islami,55930,115826,50.5,safe,1.61,171756,55930,,,,937,,,,,,608,,,,,,,,,,,,,,,,303,,,,,,,,,,,,,,,,,,,,,,
82,Jhenaidah 2,ঝিনাইদহ-২,ঝিনাইদহ,499498,379347,372996,6351,120151,75.9,1.67,24.1,185,6,2700,174296,46.7,192352,51.6,881,0.2,960,0.3,0,0.0,0,0.0,4507,1.2,174296,46.7,192352,51.6,0,0.0,আলী আজম মোঃ আবু বকর,Bangladesh Jamaat-e-Islami,192352,51.6,মোঃ আব্দুল মজিদ,Bangladesh Nationalist Party - BNP,174296,18056,4.8,very_close,2.06,174296,192352,,4507,,960,,,,,,,,,,,551,330,,,,,,,,,,,,,,,,,,,,,,,,,,,,,,,,
83,Jhenaidah 3,ঝিনাইদহ-৩,ঝিনাইদহ,425606,331382,325916,5466,94224,77.9,1.65,22.1,166,4,2564,148994,45.7,173154,53.1,0,0.0,0,0.0,0,0.0,0,0.0,3768,1.2,148626,45.6,173154,53.1,0,0.0,মোঃ মতিয়ার রহমান,Bangladesh Jamaat-e-Islami,173154,53.1,মোহাম্মদ মেহেদী হাসান,Bangladesh Nationalist Party - BNP,148626,24528,7.5,marginal,2.04,148626,173154,,3768,,,,368,,,,,,,,,,,,,,,,,,,,,,,,,,,,,,,,,,,,,,,,,,
84,Jhenaidah 4,ঝিনাইদহ-৪,ঝিনাইদহ,329028,244545,240816,3729,84483,74.3,1.52,25.7,120,6,2742,55773,23.2,104081,43.2,0,0.0,592,0.2,0,0.0,76241,31.7,4129,1.7,55773,23.2,104081,43.2,0,0.0,মোঃ আবু তালিব,Bangladesh Jamaat-e-Islami,104081,43.2,মোঃ সাইফুল ইসলাম ফিরোজ,Independent,76241,27840,11.6,competitive,2.93,55773,104081,,3872,,592,,,,,,,,,,,,,,,,,,,,,,,,,,,,,,257,,,,,,,,,,,,,,
85,Jashore 1,যশোর-১,যশোর,308417,217241,213480,3761,91176,70.4,1.73,29.6,102,4,3024,92995,43.6,117377,55.0,0,0.0,1367,0.6,0,0.0,0,0.0,1741,0.8,92995,43.6,117377,55.0,0,0.0,মুহাম্মাদ আজীজুর রহমান.,Bangladesh Jamaat-e-Islami,117377,55.0,মোঃ নুরুজ্জামান লিটন,Bangladesh Nationalist Party - BNP,92995,24382,11.4,competitive,2.03,92995,117377,,1741,,1367,,,,,,,,,,,,,,,,,,,,,,,,,,,,,,,,,,,,,,,,,,,,
86,Jashore 2,যশোর-২,যশোর,477556,336838,329870,6968,140718,70.5,2.07,29.5,175,8,2729,145056,44.0,177882,53.9,454,0.1,0,0.0,0,0.0,550,0.2,5928,1.8,145056,44.0,177472,53.8,0,0.0,মোহাম্মদ মোসলেহউদ্দিন ফরিদ,Bangladesh Jamaat-e-Islami,177472,53.8,মোছাঃ সাবিরা সুলতানা,Bangladesh Nationalist Party - BNP,145056,32416,9.8,marginal,2.07,145056,177472,,5695,,,,,,,,410,,,,,,454,,,,,,,,,,,,,,,,,,,,,,,,,,,233,,,,,
87,Jashore 3,যশোর-৩,যশোর,606630,410655,403186,7469,195975,67.7,1.82,32.3,190,6,3193,199647,49.5,186222,46.2,740,0.2,3356,0.8,0,0.0,0,0.0,13221,3.3,199647,49.5,184459,45.8,0,0.0,অনিন্দ্য ইসলাম অমিত,Bangladesh Nationalist Party - BNP,199647,49.5,মোঃ আব্দুল কাদের,Bangladesh Jamaat-e-Islami,184459,15188,3.8,very_close,2.19,199647,184459,,13221,,3356,,,,,,,,,,,740,,,,,,,,,,,,,,,,,,,,,,,,,,1763,,,,,,,
88,Jashore 4,যশোর-৪,যশোর,453624,327941,321960,5981,125683,72.3,1.82,27.7,148,8,3065,131302,40.8,174917,54.3,0,0.0,1720,0.5,0,0.0,790,0.2,13231,4.1,131049,40.7,174621,54.2,0,0.0,মোঃ গোলাম রছুল,Bangladesh Jamaat-e-Islami,174621,54.2,মতিয়ার রহমান ফারাজী,Bangladesh Nationalist Party - BNP,131049,43572,13.5,competitive,2.17,131049,174621,,11764,,1720,296,253,,,,,,,,,,,,,,,,,,,,,,,,,1467,,,,,,,,,,,,,,,,,
89,Jashore 5,যশোর-৫,যশোর,369078,282562,277937,4625,86516,76.6,1.64,23.4,128,6,2883,54415,19.6,130596,47.0,0,0.0,2194,0.8,0,0.0,86354,31.1,4378,1.6,54415,19.6,130596,47.0,0,0.0,গাজী এনামুল হক,Bangladesh Jamaat-e-Islami,130596,47.0,শহীদ মোঃ ইকবাল হোসেন,Independent,84276,46320,16.7,competitive,2.85,54415,130596,,4378,,2194,,,,,,,,,,,,,,,,,,,,,,,,,,,,,,,,,,,,,,,,,,,,
90,Jashore 6,যশোর-৬,যশোর,226423,176347,173231,3116,50076,77.9,1.77,22.1,81,5,2795,79321,45.8,91675,52.9,0,0.0,960,0.6,0,0.0,0,0.0,1275,0.7,79321,45.8,91018,52.5,0,0.0,মোঃ মোক্তার আলী,Bangladesh Jamaat-e-Islami,91018,52.5,মোঃ আবুল হোসেন আজাদ,Bangladesh Nationalist Party - BNP,79321,11697,6.8,marginal,2.06,79321,91018,,1275,,960,,,,,,657,,,,,,,,,,,,,,,,,,,,,,,,,,,,,,,,,,,,,,
91,Magura 1,মাগুড়া-১,মাগুরা,425636,294654,289039,5615,130982,69.2,1.91,30.8,156,7,2728,183952,63.6,88036,30.5,1185,0.4,1725,0.6,0,0.0,0,0.0,14141,4.9,183666,63.5,88036,30.5,0,0.0,মোঃ মনোয়ার হোসেন,Bangladesh Nationalist Party - BNP,183666,63.5,আব্দুল মতিন,Bangladesh Jamaat-e-Islami,88036,95630,33.1,safe,2.01,183666,88036,,13335,,1725,,286,,,,,,,,,,1185,,,,,,,,,,,,,,806,,,,,,,,,,,,,,,,,,
92,Magura 2,মাগুড়া-২,মাগুরা,411555,283982,280721,3261,127573,69.0,1.15,31.0,145,4,2838,146696,52.3,114999,41.0,0,0.0,2908,1.0,0,0.0,0,0.0,16118,5.7,146696,52.3,114999,41.0,0,0.0,নিতাই রায় চৌধুরী,Bangladesh Nationalist Party - BNP,146696,52.3,মোঃ মুশতারশেদ বিল্লাহ,Bangladesh Jamaat-e-Islami,114999,31697,11.3,competitive,2.25,146696,114999,,16118,,2908,,,,,,,,,,,,,,,,,,,,,,,,,,,,,,,,,,,,,,,,,,,,
93,Narail 1,নড়াইল-১,নড়াইল,291132,186889,183326,3563,104243,64.2,1.91,35.8,111,8,2623,99412,54.2,74087,40.4,0,0.0,449,0.2,0,0.0,3076,1.7,6302,3.4,99412,54.2,74087,40.4,0,0.0,বিশ্বাস জাহাঙ্গীর আলম,Bangladesh Nationalist Party - BNP,99412,54.2,মোঃ ওবায়দুল্লাহ,Bangladesh Jamaat-e-Islami,74087,25325,13.8,competitive,2.18,99412,74087,,6302,,449,,,,,,,,,,,,,,,,,,,,,,,,,,,,,,,,,,,,,,,,,,,,
94,Narail 2,নড়াইল-২,নড়াইল,386162,249386,245463,3923,136776,64.6,1.57,35.4,147,8,2627,45403,18.5,116396,47.4,0,0.0,878,0.4,0,0.0,78096,31.8,4690,1.9,45069,18.4,116396,47.4,0,0.0,মোঃ আতাউর রহমান,Bangladesh Jamaat-e-Islami,116396,47.4,মোঃ মনিরুল ইসলাম,Independent,77885,38511,15.7,competitive,2.78,45069,116396,,4690,,666,,334,,,,,,,,,,,,,,,,,,,,,,,,,,,,,,,,212,,,,,,,,,,
95,Bagerhat 1,বাগেরহাট-১,বাগেরহাট,371985,246930,242390,4540,125055,66.4,1.84,33.6,147,8,2531,113442,46.8,116470,48.1,0,0.0,784,0.3,0,0.0,11529,4.8,165,0.1,113442,46.8,116180,47.9,0,0.0,মোঃ মশিউর রহমান খান,Bangladesh Jamaat-e-Islami,116180,47.9,কপিল কৃষ্ণ মন্ডল,Bangladesh Nationalist Party - BNP,113442,2738,1.1,very_close,2.22,113442,116180,,,,546,,,,,,290,,,,,,,,,,,,,,,,,,,,,,,,,,238,,,,165,,,,,,,,
96,Bagerhat 2,বাগেরহাট-২,বাগেরহাট,334884,238838,235071,3767,96046,71.3,1.58,28.7,139,4,2409,65874,28.0,116370,49.5,0,0.0,0,0.0,0,0.0,48546,20.7,4281,1.8,65874,28.0,116370,49.5,0,0.0,শেখ মনজুরুল হক (রাহাদ),Bangladesh Jamaat-e-Islami,116370,49.5,শেখ মোহাম্মদ জাকির হোসেন,Bangladesh Nationalist Party - BNP,65874,50496,21.5,safe,2.73,65874,116370,,4281,,,,,,,,,,,,,,,,,,,,,,,,,,,,,,,,,,,,,,,,,,,,,,
97,Bagerhat 3,বাগেরহাট-৩,বাগেরহাট,265320,192986,189451,3535,72334,72.7,1.83,27.3,106,5,2503,102193,53.9,82877,43.7,0,0.0,0,0.0,0,0.0,415,0.2,3966,2.1,102193,53.9,82877,43.7,0,0.0,শেখ ফরিদুল ইসলাম,Bangladesh Nationalist Party - BNP,102193,53.9,মোহাম্মাদ আব্দুল ওয়াদুদ সেখ,Bangladesh Jamaat-e-Islami,82877,19316,10.2,competitive,2.07,102193,82877,,3622,,,,,,,,,,,,,,,,,344,,,,,,,,,,,,,,,,,,,,,,,,,,,,,
98,Bagerhat 4,বাগেরহাট-৪,বাগেরহাট,377094,226216,222047,4169,150878,60.0,1.84,40.0,155,6,2433,97536,43.9,114417,51.5,0,0.0,1128,0.5,0,0.0,214,0.1,8752,3.9,97536,43.9,114417,51.5,0,0.0,মোঃ আব্দুল আলীম,Bangladesh Jamaat-e-Islami,114417,51.5,সোম নাথ দে,Bangladesh Nationalist Party - BNP,97536,16881,7.6,marginal,2.17,97536,114417,,8443,,1128,,,,,,,,,,,,,,,309,,,,,,,,,,,,,,,,,,,,,,,,,,,,,
99,Khulna 1,খুলনা-১,খুলনা,304235,208587,204284,4303,95648,68.6,2.06,31.4,119,12,2557,120175,58.8,69658,34.1,4627,2.3,625,0.3,859,0.4,1523,0.7,6817,3.3,120092,58.8,69658,34.1,0,0.0,আমীর এজাজ খান,Bangladesh Nationalist Party - BNP,120092,58.8,কৃষ্ণ নন্দী,Bangladesh Jamaat-e-Islami,69658,50434,24.7,safe,2.16,120092,69658,,5587,,625,,83,,859,,,,,,,4627,,,,503,,,,,,,,,,,,561,,,,,,,,,,,,,,,,,166
100,Khulna 2,খুলনা-২,খুলনা,331156,190101,186430,3671,141055,57.4,1.93,42.6,157,3,2109,87016,46.7,92199,49.5,0,0.0,0,0.0,0,0.0,0,0.0,7215,3.9,87016,46.7,92199,49.5,0,0.0,শেখ জাহাঙ্গীর হুসাইন হেলাল,Bangladesh Jamaat-e-Islami,92199,49.5,নজরুল ইসলাম মঞ্জু,Bangladesh Nationalist Party - BNP,87016,5183,2.8,very_close,2.16,87016,92199,,7215,,,,,,,,,,,,,,,,,,,,,,,,,,,,,,,,,,,,,,,,,,,,,,
101,Khulna 3,খুলনা-৩,খুলনা,249202,148147,145134,3013,101055,59.4,2.03,40.6,115,10,2167,73707,50.8,63505,43.8,228,0.2,1022,0.7,0,0.0,1050,0.7,5622,3.9,73570,50.7,63505,43.8,0,0.0,রকিবুল ইসলাম,Bangladesh Nationalist Party - BNP,73570,50.7,মোহাম্মদ মাহফুজুর রহমান,Bangladesh Jamaat-e-Islami,63505,10065,6.9,marginal,2.22,73570,63505,,5622,,1022,,,,,,,,,,,,228,,,,,,,,,,,,,,,,,,,,,,,,,,137,,,,,,
102,Khulna 4,খুলনা-৪,খুলনা,373879,249171,243845,5326,124708,66.6,2.14,33.4,144,4,2596,121623,49.9,108191,44.4,0,0.0,0,0.0,0,0.0,818,0.3,13213,5.4,121623,49.9,0,0.0,0,0.0,এস কে আজিজুল বারী,Bangladesh Nationalist Party - BNP,121623,49.9,এস এম সাখাওয়াত হোসাইন,Khelafat Majlis,108191,13432,5.5,marginal,2.23,121623,,,13213,,,108191,,,,,,,,,,,,,,,,,,,,,,,,,,,,,,,,,,,,,,,,,,,
103,Khulna 5,খুলনা-৫,খুলনা,398486,301311,294931,6380,97175,75.6,2.12,24.4,150,4,2657,147625,50.1,144314,48.9,1706,0.6,1286,0.4,0,0.0,0,0.0,0,0.0,147625,50.1,144314,48.9,0,0.0,মোহাম্মদ আলি আসগার,Bangladesh Nationalist Party - BNP,147625,50.1,ম‌ি‌‌‌‌‌‍‍‍‍য়া গোলাম পরওয়ার,Bangladesh Jamaat-e-Islami,144314,3311,1.1,very_close,2.04,147625,144314,,,,1286,,,,,,,,,,,1706,,,,,,,,,,,,,,,,,,,,,,,,,,,,,,,,,
104,Khulna 6,খুলনা-৬,খুলনা,419454,284970,279571,5399,134484,67.9,1.89,32.1,155,5,2706,123513,44.2,148956,53.3,1502,0.5,2672,1.0,0,0.0,0,0.0,2928,1.0,123513,44.2,148956,53.3,0,0.0,মোঃ আবুল কালাম আজাদ,Bangladesh Jamaat-e-Islami,148956,53.3,এস এম মনিরুল হাসান (বাপ্পী),Bangladesh Nationalist Party - BNP,123513,25443,9.1,marginal,2.09,123513,148956,,2928,,2672,,,,,,,,,,,1502,,,,,,,,,,,,,,,,,,,,,,,,,,,,,,,,,
105,Satkhira 1,সাতক্ষীরা-১,সাতক্ষীরা,490993,371510,364910,6600,119483,75.7,1.78,24.3,168,5,2923,168690,46.2,190967,52.3,0,0.0,2511,0.7,0,0.0,0,0.0,2742,0.8,168690,46.2,190967,52.3,0,0.0,মোঃ ইজ্জত উল্লাহ,Bangladesh Jamaat-e-Islami,190967,52.3,মোঃ হাবিবুল ইসলাম হাবিব,Bangladesh Nationalist Party - BNP,168690,22277,6.1,marginal,2.05,168690,190967,,2055,,2511,,,,,,,,,,,,,,,,,,,,,,,,,,687,,,,,,,,,,,,,,,,,,
106,Satkhira 2,সাতক্ষীরা-২,সাতক্ষীরা,529410,390437,385172,5265,138973,73.7,1.35,26.3,180,5,2941,115257,29.9,263503,68.4,291,0.1,4185,1.1,0,0.0,0,0.0,1936,0.5,115257,29.9,263503,68.4,0,0.0,মুহাম্মাদ আব্দুল খালেক,Bangladesh Jamaat-e-Islami,263503,68.4,মোঃ আব্দুর রউফ,Bangladesh Nationalist Party - BNP,115257,148246,38.5,safe,1.79,115257,263503,,1936,,4185,,,,,,,,,,,,,,,,,,,,,,,291,,,,,,,,,,,,,,,,,,,,,
107,Satkhira 3,সাতক্ষীরা-৩,সাতক্ষীরা,497759,353055,346879,6176,144704,70.9,1.75,29.1,165,6,3017,56346,16.2,182165,52.5,0,0.0,707,0.2,0,0.0,104605,30.2,3056,0.9,56346,16.2,182165,52.5,0,0.0,হাফেজ মুহাঃ রবিউল বাশার,Bangladesh Jamaat-e-Islami,182165,52.5,মোঃ শহিদুল আলম,Independent,104605,77560,22.4,safe,2.54,56346,182165,,2478,,707,,,,,,,,,,,,,,,,,,,,,,,,,,,578,,,,,,,,,,,,,,,,,
108,Satkhira 4,সাতক্ষীরা-৪,সাতক্ষীরা,295843,200289,196772,3517,95554,67.7,1.76,32.3,96,4,3082,84968,43.2,105805,53.8,0,0.0,1125,0.6,0,0.0,0,0.0,4874,2.5,84968,43.2,105805,53.8,0,0.0,"জি, এম, নজরুল ইসলাম",Bangladesh Jamaat-e-Islami,105805,53.8,মোঃ মনিরুজ্জামান,Bangladesh Nationalist Party - BNP,84968,20837,10.6,competitive,2.1,84968,105805,,4874,,1125,,,,,,,,,,,,,,,,,,,,,,,,,,,,,,,,,,,,,,,,,,,,
109,Barguna 1,বরগুনা-১,বরগুনা,513165,283936,279289,4647,229229,55.3,1.64,44.7,190,4,2701,134337,48.1,5483,2.0,0,0.0,959,0.3,0,0.0,0,0.0,138510,49.6,134337,48.1,0,0.0,0,0.0,মোঃ অলি উল্লাহ,Islamic Andolan Bangladesh,138510,49.6,মোঃ নজরুল ইসলাম মোল্লা,Bangladesh Nationalist Party - BNP,134337,4173,1.5,very_close,2.09,134337,,,138510,,,5483,,,,,,,,,,,,,,,,959,,,,,,,,,,,,,,,,,,,,,,,,,,,
110,Barguna 2,বরগুনা-২,বরগুনা,332740,194270,190896,3374,138470,58.4,1.74,41.6,122,9,2727,89801,47.0,83015,43.5,0,0.0,1215,0.6,0,0.0,285,0.1,16580,8.7,89428,46.8,83015,43.5,0,0.0,মোঃ নূরুল ইসলাম,Bangladesh Nationalist Party - BNP,89428,46.8,ডাঃ সুলতান আহমদ,Bangladesh Jamaat-e-Islami,83015,6413,3.4,very_close,2.4,89428,83015,,16252,,1215,,,,,,,,,,,,,,,,,,,,,,,,,,215,,,89,,,,,,,,,284,,113,,,,
111,Patuakhali 1,পটুয়াখালী-১,পটুয়াখালী,501081,260986,255906,5080,240095,52.1,1.95,47.9,163,6,3074,150735,58.9,45167,17.6,1313,0.5,1036,0.4,0,0.0,0,0.0,57655,22.5,150395,58.8,0,0.0,0,0.0,আলতাফ হোসেন চৌধুরী,Bangladesh Nationalist Party - BNP,150395,58.8,মোঃ ফিরোজ আলম,Islamic Andolan Bangladesh,57655,92740,36.2,safe,2.34,150395,,,57655,,1036,,340,,,,45167,,,,,,,,,,,,,,,,,1313,,,,,,,,,,,,,,,,,,,,,
112,Patuakhali 2,পটুয়াখালী-২,পটুয়াখালী,312783,190402,186719,3683,122381,60.9,1.93,39.1,115,5,2720,72539,38.8,99843,53.5,0,0.0,0,0.0,0,0.0,0,0.0,14337,7.7,72191,38.7,99438,53.3,0,0.0,মোঃ শফিকুল ইসলাম,Bangladesh Jamaat-e-Islami,99438,53.3,মোঃ সহিদুল আলম তালুকদার,Bangladesh Nationalist Party - BNP,72191,27247,14.6,competitive,2.28,72191,99438,,14337,,,,348,,,,405,,,,,,,,,,,,,,,,,,,,,,,,,,,,,,,,,,,,,,
113,Patuakhali 3,পটুয়াখালী-৩,পটুয়াখালী,373402,235939,232143,3796,137463,63.2,1.61,36.8,124,5,3011,96766,41.7,15773,6.8,0,0.0,0,0.0,0,0.0,81553,35.1,38051,16.4,0,0.0,15773,6.8,0,0.0,মোঃ নুরুল হক,Gonodhikar Parishad - GOP,96766,41.7,মোঃ হাসান মামুন,Independent,80576,16190,7.0,marginal,3.07,,15773,,38051,,,,96766,,,,,,,,,,,,,,,,,,,,,,,,,,,,,,,,,,,,,,,,,,
114,Patuakhali 4,পটুয়াখালী-৪,পটুয়াখালী,310606,211348,207930,3418,99258,68.0,1.62,32.0,111,4,2798,123528,59.4,14625,7.0,0,0.0,0,0.0,0,0.0,0,0.0,69777,33.6,123334,59.3,0,0.0,0,0.0,এ বি এম মোশাররফ হোসেন,Bangladesh Nationalist Party - BNP,123334,59.3,মোস্তাফিজুর রহমান,Islamic Andolan Bangladesh,69777,53557,25.8,safe,2.13,123334,,,69777,,,14625,194,,,,,,,,,,,,,,,,,,,,,,,,,,,,,,,,,,,,,,,,,,
115,Bhola 1,ভোলা-১,ভোলা,402861,210280,205671,4609,192581,52.2,2.19,47.8,114,8,3534,105778,51.4,73773,35.9,0,0.0,594,0.3,302,0.1,133,0.1,25091,12.2,0,0.0,73773,35.9,0,0.0,আন্দালিভ রহমান,Bangladesh Jatiya Party - BJP,104462,50.8,মোঃ নজরুল ইসলাম,Bangladesh Jamaat-e-Islami,73773,30689,14.9,competitive,2.49,,73773,,25091,,594,,1103,,,,,,104462,,302,,,,,,,,,,,,,,,,,,,213,,,,,,,,,,,,,,,
116,Bhola 2,ভোলা-২,ভোলা,391281,218496,212333,6163,172785,55.8,2.82,44.2,138,8,2835,118131,55.6,92005,43.3,0,0.0,428,0.2,0,0.0,1401,0.7,368,0.2,118131,55.6,91675,43.2,0,0.0,মোঃ হাফিজ ইব্রাহিম,Bangladesh Nationalist Party - BNP,118131,55.6,মোহাম্মদ ফজলুল করিম,Bangladesh Jamaat-e-Islami,91675,26456,12.5,competitive,2.02,118131,91675,,,,428,,,,,330,,,,,,,,,,,,,,,,,,,,,,,368,,,,,,,,,,,,,,,,
117,Bhola 3,ভোলা-৩,ভোলা,385569,215635,210055,5580,169934,55.9,2.59,44.1,119,6,3240,145384,69.2,56214,26.8,0,0.0,774,0.4,0,0.0,507,0.2,7176,3.4,145127,69.1,0,0.0,0,0.0,হাফিজ উদ্দিন আহমদ বীর বিক্রম,Bangladesh Nationalist Party - BNP,145127,69.1,মুহাঃ নিজামুল হক,Bangladesh Development Party,56214,88913,42.3,safe,1.82,145127,,,7176,,774,,257,,,,,56214,,,,,,,,,,,,,,,,,,,,,,,,,,,,,,,,,,,,,
118,Bhola 4,ভোলা-৪,ভোলা,498239,300754,294100,6654,197485,60.4,2.21,39.6,154,7,3235,188597,64.1,79728,27.1,0,0.0,534,0.2,0,0.0,232,0.1,25009,8.5,188390,64.1,79728,27.1,0,0.0,মোহাম্মদ নূরুল ইসলাম,Bangladesh Nationalist Party - BNP,188390,64.1,মোহাম্মদ মোস্তফা কামাল,Bangladesh Jamaat-e-Islami,79728,108662,36.9,safe,2.04,188390,79728,,24835,,534,,,,,,,,,,,,,,,,,,,,,,,,,,,,174,,,,,,,,,,207,,,,,,
119,Barishal 1,বরিশাল-১,বরিশাল,323697,200608,196851,3757,123089,62.0,1.87,38.0,129,5,2509,99418,50.5,45140,22.9,0,0.0,1725,0.9,0,0.0,43808,22.3,6760,3.4,99418,50.5,45140,22.9,0,0.0,জহির উদ্দিন স্বপন,Bangladesh Nationalist Party - BNP,99418,50.5,মোঃ কামরুল ইসলাম খান,Bangladesh Jamaat-e-Islami,45140,54278,27.6,safe,2.79,99418,45140,,6760,,,,,,,,,,,,,,,,,,,1725,,,,,,,,,,,,,,,,,,,,,,,,,,,
120,Barishal 2,বরিশাল-২,বরিশাল,380706,227024,222654,4370,153682,59.6,1.92,40.4,140,8,2719,140945,63.3,72171,32.4,118,0.1,3500,1.6,0,0.0,0,0.0,5920,2.7,140085,62.9,72171,32.4,0,0.0,সরদার সরফুদ্দিন আহমেদ,Bangladesh Nationalist Party - BNP,140085,62.9,আবদুল মন্নান,Bangladesh Jamaat-e-Islami,72171,67914,30.5,safe,1.99,140085,72171,,5920,,1173,,681,,,,,,,,,,,,,,,2327,,,,,,118,,,,,,179,,,,,,,,,,,,,,,
121,Barishal 3,বরিশাল-৩,বরিশাল,327420,174143,170347,3796,153277,53.2,2.18,46.8,126,6,2599,80610,47.3,59485,34.9,198,0.1,14003,8.2,0,0.0,0,0.0,16051,9.4,79771,46.8,0,0.0,0,0.0,জয়নুল আবেদীন,Bangladesh Nationalist Party - BNP,79771,46.8,মোহাম্মদ আসাদুজ্জামান ভুইয়া,Amar Bangladesh Party - AB Party,59485,20286,11.9,competitive,2.8,79771,,,16051,,14003,,839,,,,59485,,,,,,198,,,,,,,,,,,,,,,,,,,,,,,,,,,,,,,,
122,Barishal 4,বরিশাল-৪,বরিশাল,417517,241571,237213,4358,175946,57.9,1.8,42.1,149,5,2802,127192,53.6,72792,30.7,329,0.1,400,0.2,0,0.0,0,0.0,36500,15.4,127192,53.6,72792,30.7,0,0.0,মোঃ রাজিব আহসান,Bangladesh Nationalist Party - BNP,127192,53.6,মোহাম্মদ আব্দুল জব্বার,Bangladesh Jamaat-e-Islami,72792,54400,22.9,safe,2.47,127192,72792,,36500,,,,,,,,,,,,,,,,,,,,,,,,,329,,,,,,,,,,,400,,,,,,,,,,
123,Barishal 5,বরিশাল-৫,বরিশাল,494534,257521,249815,7706,237013,52.1,2.99,47.9,176,6,2810,133465,53.4,0,0.0,22254,8.9,880,0.4,0,0.0,0,0.0,93216,37.3,133008,53.2,0,0.0,0,0.0,মোঃ মজিবর রহমান সরওয়ার,Bangladesh Nationalist Party - BNP,133008,53.2,মুফতী সৈয়দ মোঃ ফয়জুল করিম,Islamic Andolan Bangladesh,93216,39792,15.9,competitive,2.32,133008,,,93216,,880,,,,,,,,,,,,21963,,,,,,,,,,291,,,,,,,457,,,,,,,,,,,,,,,
124,Barishal 6,বরিশাল-৬,বরিশাল,311699,168079,165162,2917,143620,53.9,1.74,46.1,113,6,2758,81224,49.2,54533,33.0,0,0.0,238,0.1,0,0.0,344,0.2,28823,17.5,81087,49.1,54533,33.0,0,0.0,আবুল হোসেন খান,Bangladesh Nationalist Party - BNP,81087,49.1,মোঃ মাহমুদুন্নবী,Bangladesh Jamaat-e-Islami,54533,26554,16.1,competitive,2.63,81087,54533,,28823,,,,137,,,,,,,,,,,,,,,,,,,,,,,,,,,,,,238,,,,,,,,,,,,
125,Jhalokathi 1,ঝালকাঠি-১,ঝালকাঠি,225341,129266,126722,2544,96075,57.4,1.97,42.6,90,10,2504,61348,48.4,53769,42.4,0,0.0,2867,2.3,0,0.0,912,0.7,7826,6.2,61216,48.3,53769,42.4,0,0.0,রফিকুল ইসলাম জামাল,Bangladesh Nationalist Party - BNP,61216,48.3,ফয়জুল হক,Bangladesh Jamaat-e-Islami,53769,7447,5.9,marginal,2.4,61216,53769,,7656,,318,,132,,,,,,,,,,,61,,109,,2549,,,,,,,,,,,,,,,,,,,,,,,,,,,
126,Jhalokathi 2,ঝালকাঠি-২,ঝালকাঠি,360997,212839,209049,3790,148158,59.0,1.78,41.0,147,8,2456,112615,53.9,68924,33.0,0,0.0,0,0.0,0,0.0,3156,1.5,24354,11.6,112279,53.7,68924,33.0,0,0.0,ইসরাত সুলতানা ইলেন ভূট্টো,Bangladesh Nationalist Party - BNP,112279,53.7,এস এম নেয়ামুল করিম,Bangladesh Jamaat-e-Islami,68924,43355,20.7,safe,2.43,112279,68924,,24249,,,,211,,,,,,,,,,,,,105,,,,,,,,,,,,,,125,,,,,,,,,,,,,,,
127,Pirojpur 1,পিরোজপুর-১,পিরোজপুর,387987,241964,236736,5228,146023,62.4,2.16,37.6,167,2,2323,106112,44.8,130624,55.2,0,0.0,0,0.0,0,0.0,0,0.0,0,0.0,106112,44.8,130624,55.2,0,0.0,মাসুদ সাঈদী,Bangladesh Jamaat-e-Islami,130624,55.2,আলমগীর হোসেন,Bangladesh Nationalist Party - BNP,106112,24512,10.4,competitive,1.98,106112,130624,,,,,,,,,,,,,,,,,,,,,,,,,,,,,,,,,,,,,,,,,,,,,,,,
128,Pirojpur 2,পিরোজপুর-২,পিরোজপুর,405297,232375,227506,4869,172922,57.3,2.1,42.7,166,7,2442,104556,46.0,95561,42.0,0,0.0,4678,2.1,0,0.0,16073,7.1,6638,2.9,104413,45.9,95173,41.8,0,0.0,আহম্মদ সোহেল মনজুর,Bangladesh Nationalist Party - BNP,104413,45.9,শামীম সাঈদী,Bangladesh Jamaat-e-Islami,95173,9240,4.1,very_close,2.55,104413,95173,,6638,,,,143,,,,388,,,,,,,,,,,4678,,,,,,,,,,,,,,,,,,,,,,,,,,,
129,Pirojpur 3,পিরোজপুর-৩,পিরোজপুর,237744,137377,134683,2694,100367,57.8,1.96,42.2,85,6,2797,63138,46.9,35318,26.2,209,0.2,162,0.1,0,0.0,227,0.2,35629,26.5,63138,46.9,0,0.0,35318,26.2,মোঃ রুহুল আমীন দুলাল,Bangladesh Nationalist Party - BNP,63138,46.9,মোঃ রুস্তম আলী ফরাজী,Islamic Andolan Bangladesh,35629,27509,20.4,safe,2.79,63138,,35318,35629,,162,,,,,,,,,,,,,,,,,,,,,,,209,,,,,,,,,,,,,,,,,,,,,
130,Tangail 1,টাংগাইল-১,টাঙ্গাইল,433693,284469,278612,5857,149224,65.6,2.06,34.4,148,6,2930,152908,54.9,93045,33.4,0,0.0,2137,0.8,0,0.0,28811,10.3,1711,0.6,152908,54.9,93045,33.4,0,0.0,ফকির মাহবুব আনাম,Bangladesh Nationalist Party - BNP,152908,54.9,‌মুহাম্মদ আব্দুল্লাহেল কাফী,Bangladesh Jamaat-e-Islami,93045,59863,21.5,safe,2.36,152908,93045,,1711,,2137,,,,,,,,,,,,,,,,,,,,,,,,,,,,,,,,,,,,,,,,,,,,
131,Tangail 2,টাংগাইল-২,টাঙ্গাইল,413561,266355,261936,4419,147206,64.4,1.66,35.6,138,4,2997,195590,74.7,59873,22.9,0,0.0,1768,0.7,0,0.0,0,0.0,4705,1.8,195590,74.7,59873,22.9,0,0.0,মোঃ আবদুস সালাম পিন্টু,Bangladesh Nationalist Party - BNP,195590,74.7,মোঃ হুমায়ুন কবীর,Bangladesh Jamaat-e-Islami,59873,135717,51.8,safe,1.64,195590,59873,,4705,,1768,,,,,,,,,,,,,,,,,,,,,,,,,,,,,,,,,,,,,,,,,,,,
132,Tangail 3,টাংগাইল-৩,টাঙ্গাইল,377365,232422,226773,5649,144943,61.6,2.43,38.4,122,5,3093,81734,36.0,33203,14.6,0,0.0,0,0.0,0,0.0,107843,47.6,3993,1.8,81734,36.0,0,0.0,33203,14.6,মোঃ লুৎফর রহমান খান আজাদ,Independent,106794,47.1,এস এম ওবায়দুল হক,Bangladesh Nationalist Party - BNP,81734,25060,11.1,competitive,2.68,81734,,33203,3993,,,,,,,,,,,,,,,,,,,,,,,,,,,,,,,,,,,,,,,,,,,,,,
133,Tangail 4,টাংগাইল-৪,টাঙ্গাইল,370039,225282,221376,3906,144757,60.9,1.73,39.1,114,6,3246,104243,47.1,48560,21.9,0,0.0,755,0.3,0,0.0,66027,29.8,1791,0.8,104243,47.1,48560,21.9,0,0.0,মোঃ লুৎফর রহমান,Bangladesh Nationalist Party - BNP,104243,47.1,আবদুল লতিফ সিদ্দিকী,Independent,61900,42343,19.1,competitive,2.87,104243,48560,,1791,,755,,,,,,,,,,,,,,,,,,,,,,,,,,,,,,,,,,,,,,,,,,,,
134,Tangail 5,টাংগাইল-৫,টাঙ্গাইল,457173,289036,284704,4332,168137,63.2,1.5,36.8,130,10,3517,130610,45.9,78539,27.6,0,0.0,1620,0.6,1186,0.4,69027,24.2,3722,1.3,130133,45.7,78539,27.6,0,0.0,সুলতান সালাউদ্দিন টুকু,Bangladesh Nationalist Party - BNP,130133,45.7,আহছান হাবিব,Bangladesh Jamaat-e-Islami,78539,51594,18.1,competitive,2.91,130133,78539,,2559,,1620,,261,,,,,,,216,,,,,,1054,,,,1186,,,,,,,109,,,,,,,,,,,,,,,,,,
135,Tangail 6,টাংগাইল-৬,টাঙ্গাইল,462341,279240,273638,5602,183101,60.4,2.01,39.6,154,7,3002,149512,54.6,89643,32.8,0,0.0,4594,1.7,0,0.0,17955,6.6,11934,4.4,149512,54.6,89643,32.8,0,0.0,মোঃ রবিউল আওয়াল,Bangladesh Nationalist Party - BNP,149512,54.6,"এ,কে,এম আব্দুল হামিদ",Bangladesh Jamaat-e-Islami,89643,59869,21.9,safe,2.43,149512,89643,,11934,,1134,,,,,,,,,,,,,,,,,3460,,,,,,,,,,,,,,,,,,,,,,,,,,,
136,Tangail 7,টাংগাইল-৭,টাঙ্গাইল,370827,218252,213785,4467,152575,58.9,2.05,41.1,126,3,2943,141253,66.1,71040,33.2,0,0.0,0,0.0,0,0.0,0,0.0,1492,0.7,141253,66.1,71040,33.2,0,0.0,আবুল কালাম আজাদ সিদ্দিকী,Bangladesh Nationalist Party - BNP,141253,66.1,মোহাম্মদ আব্দুল্লাহ এবনে আবুল হোসেন,Bangladesh Jamaat-e-Islami,71040,70213,32.8,safe,1.83,141253,71040,,,,,,,,,,,,,,,,,,,,,,,,,1492,,,,,,,,,,,,,,,,,,,,,,,
137,Tangail 8,টাংগাইল-৮,টাঙ্গাইল,409308,248421,244697,3724,160887,60.7,1.5,39.3,131,6,3124,113721,46.5,53621,21.9,0,0.0,559,0.2,0,0.0,76468,31.3,328,0.1,113214,46.3,53621,21.9,0,0.0,আহমেদ আযম খান,Bangladesh Nationalist Party - BNP,113214,46.3,সালাউদ্দিন আলমগীর,Independent,76468,36746,15.0,competitive,2.78,113214,53621,,,,559,,,,,,,,,,,,,,507,,,,,,,,,,,,,,328,,,,,,,,,,,,,,,,
138,Jamalpur 1,জামালপুর-১,জামালপুর,428873,278717,274580,4137,150156,65.0,1.48,35.0,128,5,3351,172793,62.9,96783,35.2,0,0.0,914,0.3,0,0.0,0,0.0,4090,1.5,172568,62.8,96783,35.2,0,0.0,এম রশিদুজ্জামান মিল্লাত,Bangladesh Nationalist Party - BNP,172568,62.8,মুহাম্মদ নাজমুল হক সাঈদী,Bangladesh Jamaat-e-Islami,96783,75785,27.6,safe,1.93,172568,96783,,4090,,914,,225,,,,,,,,,,,,,,,,,,,,,,,,,,,,,,,,,,,,,,,,,,
139,Jamalpur 2,জামালপুর-২,জামালপুর,280142,161338,158900,2438,118804,57.6,1.51,42.4,92,4,3045,95378,60.0,61655,38.8,0,0.0,0,0.0,0,0.0,169,0.1,1698,1.1,95378,60.0,61655,38.8,0,0.0,"এ, ই, সুলতান মাহমুদ বাবু",Bangladesh Nationalist Party - BNP,95378,60.0,মোঃ ছামিউল হক,Bangladesh Jamaat-e-Islami,61655,33723,21.2,safe,1.96,95378,61655,,1698,,,,,,,,,,,,,,,,,,,,,,,,,,,,,,,,,,,,,,,,,,,,,,
140,Jamalpur 3,জামালপুর-৩,জামালপুর,534623,319386,312893,6493,215237,59.7,2.03,40.3,154,9,3472,207263,66.2,79607,25.4,0,0.0,832,0.3,0,0.0,22684,7.2,2507,0.8,206214,65.9,79607,25.4,0,0.0,মোঃ মোস্তাফিজুর রহমান বাবুল,Bangladesh Nationalist Party - BNP,206214,65.9,মোঃ মুজিবুর রহমান আজাদী,Bangladesh Jamaat-e-Islami,79607,126607,40.5,safe,1.99,206214,79607,,2507,,832,,409,,,,,,,640,,,,,,,,,,,,,,,,,,,,,,,,,,,,,,,,,,,
141,Jamalpur 4,জামালপুর-৪,জামালপুর,302556,197121,194048,3073,105435,65.2,1.56,34.8,88,6,3438,146925,75.7,44161,22.8,1300,0.7,0,0.0,0,0.0,0,0.0,1662,0.9,146546,75.5,44161,22.8,0,0.0,মোঃ ফরিদুল কবীর তালুকদার,Bangladesh Nationalist Party - BNP,146546,75.5,মোহাম্মদ আব্দুল আওয়াল,Bangladesh Jamaat-e-Islami,44161,102385,52.8,safe,1.61,146546,44161,,1287,,,,379,,,,,,,,,1300,,,,,,,,,,,,,,375,,,,,,,,,,,,,,,,,,,
142,Jamalpur 5,জামালপুর-৫,জামালপুর,572639,327248,320407,6841,245391,57.1,2.09,42.9,161,10,3557,198824,62.1,111695,34.9,540,0.2,3732,1.2,0,0.0,587,0.2,5029,1.6,198292,61.9,111695,34.9,0,0.0,শাহ মোঃ ওয়ারেছ আলী মামুন,Bangladesh Nationalist Party - BNP,198292,61.9,মুহাম্মদ আব্দুস সাত্তার,Bangladesh Jamaat-e-Islami,111695,86597,27.0,safe,1.98,198292,111695,,4242,,,,532,,,,,,,,,540,,,,569,,3732,,,,,,,,,218,,,,,,,,,,,,,,,,,,
143,Sherpur 1,শেরপুর-১,শেরপুর,445941,271907,266869,5038,174034,61.0,1.85,39.0,145,6,3075,77808,29.2,126393,47.4,0,0.0,735,0.3,0,0.0,61933,23.2,0,0.0,77808,29.2,125941,47.2,452,0.2,মোঃ রাশেদুল ইসলাম রাশেদ,Bangladesh Jamaat-e-Islami,125941,47.2,সানসিলা জেবরিন,Bangladesh Nationalist Party - BNP,77808,48133,18.0,competitive,2.77,77808,125941,452,,,735,,,,,,,,,,,,,,,,,,,,,,,,,,,,,,,,,,,,,,,,,,,,
144,Sherpur 2,শেরপুর-২,শেরপুর,435884,234757,229774,4983,201127,53.9,2.12,46.1,154,4,2830,117441,51.1,107586,46.8,0,0.0,0,0.0,0,0.0,0,0.0,4747,2.1,117441,51.1,106582,46.4,0,0.0,মোহাম্মদ ফাহিম চৌধুরী,Bangladesh Nationalist Party - BNP,117441,51.1,মোঃ গোলাম কিবরিয়া,Bangladesh Jamaat-e-Islami,106582,10859,4.7,very_close,2.1,117441,106582,,4747,,,,,,,,1004,,,,,,,,,,,,,,,,,,,,,,,,,,,,,,,,,,,,,,
146,Mymensingh 1,ময়মনসিংহ-১,ময়মনসিংহ,480238,270509,264673,5836,209729,56.3,2.16,43.7,143,7,3358,101070,38.2,52879,20.0,389,0.1,0,0.0,0,0.0,107241,40.5,3094,1.2,101070,38.2,0,0.0,0,0.0,মোহাম্মদ সালমান ওমর,Independent,107241,40.5,সৈয়দ এমরান সালেহ,Bangladesh Nationalist Party - BNP,101070,6171,2.3,very_close,2.86,101070,,,3094,52607,,,,,,,,,,,,169,,,,,,,,,,,220,,,,,,,,,272,,,,,,,,,,,,,
147,Mymensingh 2,ময়মনসিংহ-২,ময়মনসিংহ,571433,323884,316307,7577,247549,56.7,2.34,43.3,174,7,3284,117344,37.1,144565,45.7,0,0.0,712,0.2,1067,0.3,48823,15.4,3796,1.2,117344,37.1,0,0.0,0,0.0,মুহাম্মদুল্লাহ,Bangladesh Khelafat Majlis,144565,45.7,মোতাহার হোসেন তালুকদার,Bangladesh Nationalist Party - BNP,117344,27221,8.6,marginal,2.7,117344,,,3796,144565,712,,,,,,,,,,,,,,,,,,,1067,,,,,,,,,,,,,,,,,,,,,,,,,
148,Mymensingh 3,ময়মনসিংহ-৩,ময়মনসিংহ,295661,172847,168246,4601,122814,58.5,2.66,41.5,92,5,3214,74478,44.3,25233,15.0,334,0.2,0,0.0,0,0.0,65513,38.9,2688,1.6,74478,44.3,0,0.0,0,0.0,এম ইকবাল হোসেইন,Bangladesh Nationalist Party - BNP,74478,44.3,আহাম্মদ তায়েবুর রহমান ,Independent,65513,8965,5.3,marginal,2.7,74478,,,2688,,,,,,,,,,,,,,,,,,25233,,,,,,334,,,,,,,,,,,,,,,,,,,,,,
149,Mymensingh 4,ময়মনসিংহ-৪,ময়মনসিংহ,688969,374545,363664,10881,314424,54.4,2.91,45.6,179,9,3849,178702,49.1,169580,46.6,2091,0.6,3770,1.0,888,0.2,0,0.0,8633,2.4,177892,48.9,169580,46.6,0,0.0,মোঃ আবু ওয়াহাব আকন্দ ওয়াহিদ,Bangladesh Nationalist Party - BNP,177892,48.9,মোহাম্মদ কামরুল আহসান,Bangladesh Jamaat-e-Islami,169580,8312,2.3,very_close,2.19,177892,169580,,8633,,3770,,,,,,,,,458,,1368,,,,,,,,888,,,723,,,,,,,352,,,,,,,,,,,,,,,
150,Mymensingh 5,ময়মনসিংহ-৫,ময়মনসিংহ,384617,238456,233330,5126,146161,62.0,2.15,38.0,104,5,3698,128515,55.1,101209,43.4,0,0.0,0,0.0,0,0.0,0,0.0,3606,1.5,127917,54.8,100876,43.2,0,0.0,মোহাম্মদ জাকির হোসেন,Bangladesh Nationalist Party - BNP,127917,54.8,মোঃ মতিউর রহমান আকন্দ,Bangladesh Jamaat-e-Islami,100876,27041,11.6,competitive,2.05,127917,100876,,3606,,,,,,,,333,,,598,,,,,,,,,,,,,,,,,,,,,,,,,,,,,,,,,,,
151,Mymensingh 6,ময়মনসিংহ-৬,ময়মনসিংহ,413309,235249,230781,4468,178060,56.9,1.9,43.1,121,5,3416,48994,21.2,75946,32.9,0,0.0,0,0.0,0,0.0,103903,45.0,1938,0.8,48994,21.2,75946,32.9,0,0.0,মোঃ কামরুল হাসান,Bangladesh Jamaat-e-Islami,75946,32.9,আখতার সুলতানা,Independent,52669,23277,10.1,competitive,3.92,48994,75946,,1938,,,,,,,,,,,,,,,,,,,,,,,,,,,,,,,,,,,,,,,,,,,,,,
152,Mymensingh 7,ময়মনসিংহ-৭,ময়মনসিংহ,399637,226383,220447,5936,173254,56.6,2.62,43.4,121,6,3303,98221,44.6,83617,37.9,0,0.0,556,0.3,0,0.0,34030,15.4,4023,1.8,98221,44.6,83617,37.9,0,0.0,ডাঃ মোঃ মাহাবুবুর রহমান,Bangladesh Nationalist Party - BNP,98221,44.6,মোঃ আছাদুজ্জামান,Bangladesh Jamaat-e-Islami,83617,14604,6.6,marginal,2.74,98221,83617,,4023,,556,,,,,,,,,,,,,,,,,,,,,,,,,,,,,,,,,,,,,,,,,,,,
153,Mymensingh 8,ময়মনসিংহ-৮,ময়মনসিংহ,345746,192632,187821,4811,153114,55.7,2.5,44.3,92,4,3758,107577,57.3,45791,24.4,0,0.0,1719,0.9,0,0.0,0,0.0,32734,17.4,107577,57.3,0,0.0,0,0.0,লুৎফুল্লাহেল মাজেদ,Bangladesh Nationalist Party - BNP,107577,57.3,মোঃ আওরঙ্গজেব বেলাল,Liberal Democratic Party - LDP,45791,61786,32.9,safe,2.39,107577,,,32734,,1719,,,,,45791,,,,,,,,,,,,,,,,,,,,,,,,,,,,,,,,,,,,,,,
154,Mymensingh 9,ময়মনসিংহ-৯,ময়মনসিংহ,381273,196443,191928,4515,184830,51.5,2.3,48.5,121,6,3151,85039,44.3,70029,36.5,0,0.0,773,0.4,0,0.0,30328,15.8,5759,3.0,85039,44.3,0,0.0,0,0.0,ইয়াসের খান চৌধুরী,Bangladesh Nationalist Party - BNP,85039,44.3,এ কে এম আনোয়ারুল ইসলাম,Bangladesh Development Party,70029,15010,7.8,marginal,2.81,85039,,,5516,,773,,,,,,,70029,,,,,,,,,,,,,,,,,,,,,,,243,,,,,,,,,,,,,,
155,Mymensingh 10,ময়মনসিংহ-১০,ময়মনসিংহ,404099,215898,209897,6001,188201,53.4,2.78,46.6,111,9,3641,75013,35.7,64476,30.7,283,0.1,901,0.4,0,0.0,66811,31.8,2413,1.1,74650,35.6,64183,30.6,0,0.0,মোহাম্মদ আক্তারুজ্জামান,Bangladesh Nationalist Party - BNP,74650,35.6,আবু বকর সিদ্দিকুর রহমান,Independent,66438,8212,3.9,very_close,3.12,74650,64183,,2413,,901,,,,,293,,,,363,,283,,,,,,,,,,,,,,,,,,,,,,,,,,,,,,,,,
156,Mymensingh 11,ময়মনসিংহ-১১,ময়মনসিংহ,355146,204467,199527,4940,150679,57.6,2.42,42.4,107,5,3319,110600,55.4,21529,10.8,0,0.0,0,0.0,0,0.0,65591,32.9,1807,0.9,110214,55.2,0,0.0,21529,10.8,ফখর উদ্দিন আহমেদ,Bangladesh Nationalist Party - BNP,110214,55.2,মুহাম্মদ মোর্শেদ আলম,Independent,65591,44623,22.4,safe,2.35,110214,,21529,1807,,,,386,,,,,,,,,,,,,,,,,,,,,,,,,,,,,,,,,,,,,,,,,,
157,Netrakona 1,নেত্রকোণা-১,নেত্রকোনা,453089,257921,251496,6425,195168,56.9,2.49,43.1,124,6,3654,156924,62.4,86672,34.5,4358,1.7,1007,0.4,0,0.0,0,0.0,2535,1.0,156924,62.4,0,0.0,0,0.0,ব্যারিষ্টার কায়সার কামাল,Bangladesh Nationalist Party - BNP,156924,62.4,গোলাম রব্বানী,Bangladesh Khelafat Majlis,86672,70252,27.9,safe,1.97,156924,,,2201,86672,1007,,,,,,,,,,,4358,,,,334,,,,,,,,,,,,,,,,,,,,,,,,,,,,,
158,Netrakona 2,নেত্রকোণা-২,নেত্রকোনা,497322,266020,257275,8745,231302,53.5,3.29,46.5,172,5,2891,169140,65.7,68347,26.6,0,0.0,4733,1.8,0,0.0,0,0.0,15055,5.9,169140,65.7,0,0.0,66347,25.8,মোঃ আনোয়ারুল হক,Bangladesh Nationalist Party - BNP,169140,65.7,মোঃ ফাহিম রহমান খান পাঠান,Jatiyo Nagorik Party - NCP,66347,102793,40.0,safe,1.99,169140,,66347,15055,,4733,,,,,,,,,,,,,,,,,,,,,,,,2000,,,,,,,,,,,,,,,,,,,,
159,Netrakona 3,নেত্রকোণা-৩,নেত্রকোনা,416478,234942,229723,5219,181536,56.4,2.22,43.6,149,6,2795,117318,51.1,40650,17.7,0,0.0,550,0.2,348,0.2,68137,29.7,2720,1.2,117318,51.1,40650,17.7,0,0.0,রফিকুল ইসলাম হিলালী,Bangladesh Nationalist Party - BNP,117318,51.1,মোঃ দেলোয়ার হোসেন ভূঞা,Independent,68137,49181,21.4,safe,2.63,117318,40650,,2720,,550,,,,,,,,,,348,,,,,,,,,,,,,,,,,,,,,,,,,,,,,,,,,,
160,Netrakona 4,নেত্রকোণা-৪,নেত্রকোনা,372308,209872,204095,5777,162436,56.4,2.75,43.6,149,5,2499,159437,78.1,39343,19.3,3302,1.6,0,0.0,0,0.0,0,0.0,2013,1.0,159167,78.0,39343,19.3,0,0.0,মোঃ লুৎফুজ্জামান বাবর,Bangladesh Nationalist Party - BNP,159167,78.0,মোঃ আল-হেলাল,Bangladesh Jamaat-e-Islami,39343,119824,58.7,safe,1.55,159167,39343,,2013,,,,,,,,,,,,,3302,,,270,,,,,,,,,,,,,,,,,,,,,,,,,,,,,,
161,Netrakona 5,নেত্রকোণা-৫,নেত্রকোনা,287719,166861,163233,3628,120858,58.0,2.17,42.0,82,3,3509,78679,48.2,81252,49.8,0,0.0,0,0.0,0,0.0,0,0.0,3302,2.0,78679,48.2,81252,49.8,0,0.0,মাছুম মোস্তফা,Bangladesh Jamaat-e-Islami,81252,49.8,মোঃ আবু তাহের তালুকদার,Bangladesh Nationalist Party - BNP,78679,2573,1.6,very_close,2.08,78679,81252,,3302,,,,,,,,,,,,,,,,,,,,,,,,,,,,,,,,,,,,,,,,,,,,,,
162,Kishoreganj 1,কিশোরগঞ্জ-১,কিশোরগঞ্জ,548732,270777,262385,8392,277955,49.3,3.1,50.7,181,8,3032,123188,46.9,100113,38.2,2085,0.8,0,0.0,0,0.0,36999,14.1,0,0.0,122945,46.9,0,0.0,0,0.0,মাজহারুল ইসলাম,Bangladesh Nationalist Party - BNP,122945,46.9,হেদায়াতুল্লাহ হাদী,Bangladesh Khelafat Majlis,99490,23455,8.9,marginal,2.61,122945,,,,99490,,623,,,,,,,,,,902,234,,,,,,,,,,949,,,,,,,243,,,,,,,,,,,,,,,
163,Kishoreganj 2,কিশোরগঞ্জ-২,কিশোরগঞ্জ,525004,274953,268412,6541,250051,52.4,2.38,47.6,170,7,3088,260968,97.2,0,0.0,0,0.0,2061,0.8,0,0.0,1659,0.6,3724,1.4,142616,53.1,0,0.0,0,0.0,এডভোকেট মোঃ জালাল উদ্দীন,Bangladesh Nationalist Party - BNP,142616,53.1,মোঃ শফিকুল ইসলাম,Gonodhikar Parishad - GOP,118352,24264,9.0,marginal,2.1,142616,,,3503,,2061,,118352,,,,,,,,,,,,,,,,,,,,,,,,,,,,,,,,,,,,,221,,,,,
164,Kishoreganj 3,কিশোরগঞ্জ-৩,কিশোরগঞ্জ,445468,231439,226659,4780,214029,52.0,2.07,48.0,151,7,2950,111755,49.3,101276,44.7,0,0.0,1231,0.5,0,0.0,1473,0.6,10924,4.8,111638,49.3,101276,44.7,0,0.0,ড. মুহাম্মদ ওসমান ফারুক,Bangladesh Nationalist Party - BNP,111638,49.3,জেহাদ খান,Bangladesh Jamaat-e-Islami,101276,10362,4.6,very_close,2.25,111638,101276,,10734,,1231,,,,,,,,,,,,,,,,,,,,,,,,,,,,,117,,,,,,,,,,,,,,190,
165,Kishoreganj 4,কিশোরগঞ্জ-৪,কিশোরগঞ্জ,405509,203114,198151,4963,202395,50.1,2.44,49.9,150,8,2703,131956,66.6,57779,29.2,0,0.0,0,0.0,0,0.0,5433,2.7,2983,1.5,131851,66.5,56905,28.7,0,0.0,মোঃ ফজলুর রহমান,Bangladesh Nationalist Party - BNP,131851,66.5,মোঃ রোকন রেজা শেখ,Bangladesh Jamaat-e-Islami,56905,74946,37.8,safe,1.9,131851,56905,,2468,874,,,,,,,,,,,,,,,,,,,515,,,,,,,,,,,105,,,,,,,,,,,,,,,
166,Kishoreganj 5,কিশোরগঞ্জ-৫,কিশোরগঞ্জ,350101,208921,204948,3973,141180,59.7,1.9,40.3,119,8,2942,66117,32.3,53365,26.0,0,0.0,422,0.2,1305,0.6,81078,39.6,2661,1.3,66117,32.3,53365,26.0,0,0.0,শেখ মজিবুর রহমান ইকবাল,Independent,79210,38.6,সৈয়দ এহসানুল হুদা,Bangladesh Nationalist Party - BNP,66117,13093,6.4,marginal,3.11,66117,53365,,2661,,290,,,,1305,,,,,,,,,,,,,,,,,,,,,,,,,,,,132,,,,,,,,,,,,
167,Kishoreganj 6,কিশোরগঞ্জ-৬,কিশোরগঞ্জ,423647,241438,235414,6024,182209,57.0,2.5,43.0,142,9,2983,185977,79.0,42980,18.3,306,0.1,786,0.3,2152,0.9,0,0.0,3213,1.4,185795,78.9,0,0.0,0,0.0,মোঃ শরীফুল আলম,Bangladesh Nationalist Party - BNP,185795,78.9,আতাউল্লাহ আমীন,Bangladesh Khelafat Majlis,42980,142815,60.7,safe,1.52,185795,,,2367,42980,786,,,,2152,,,,,,,306,,,,,,,626,,,,,,,,,,,182,220,,,,,,,,,,,,,,
168,Manikganj 1,মানিকগঞ্জ-১,মানিকগঞ্জ,457279,300168,295005,5163,157111,65.6,1.72,34.4,179,7,2555,137895,46.7,69611,23.6,0,0.0,0,0.0,0,0.0,84005,28.5,3494,1.2,136836,46.4,69611,23.6,0,0.0,এস এ জিন্নাহ কবীর,Bangladesh Nationalist Party - BNP,136836,46.4,মোঃ  তোজাম্মেল হক,Independent,77061,59775,20.3,safe,2.94,136836,69611,,3215,,,,1059,,,,,,,,,,,279,,,,,,,,,,,,,,,,,,,,,,,,,,,,,,,
169,Manikganj 2,মানিকগঞ্জ-২,মানিকগঞ্জ,467487,269869,265248,4621,197618,57.7,1.71,42.3,185,4,2527,174631,65.8,79831,30.1,0,0.0,6989,2.6,0,0.0,0,0.0,3797,1.4,174631,65.8,0,0.0,0,0.0,মঈনুল ইসলাম খান,Bangladesh Nationalist Party - BNP,174631,65.8,মোঃ সালাহ উদ্দিন,Khelafat Majlis,79831,94800,35.7,safe,1.91,174631,,,3797,,6989,79831,,,,,,,,,,,,,,,,,,,,,,,,,,,,,,,,,,,,,,,,,,,
170,Manikganj 3,মানিকগঞ্জ-৩,মানিকগঞ্জ,395852,268367,263154,5213,127485,67.8,1.94,32.2,151,9,2622,166174,63.1,62886,23.9,3448,1.3,3272,1.2,0,0.0,24633,9.4,2741,1.0,166174,63.1,0,0.0,0,0.0,আফরোজা খানম,Bangladesh Nationalist Party - BNP,166174,63.1,মুহাম্মদ সাঈদনূর,Bangladesh Khelafat Majlis,62886,103288,39.3,safe,2.16,166174,,,2741,62886,1942,,,,,,,,,,,,,,,,,1330,,,,,,3448,,,,,,,,,,,,,,,,,,,,,
171,Munshiganj 1,মুন্সিগঞ্জ-১,মুন্সীগঞ্জ,536485,310448,303949,6499,226037,57.9,2.09,42.1,170,6,3156,165714,54.5,98192,32.3,420,0.1,0,0.0,0,0.0,30394,10.0,9229,3.0,165714,54.5,98192,32.3,0,0.0,মোঃ  আব্দুল্লাহ্,Bangladesh Nationalist Party - BNP,165714,54.5,এ কে এম ফখরুদ্দিন রাজী,Bangladesh Jamaat-e-Islami,98192,67522,22.2,safe,2.42,165714,98192,,8917,,,,,,,,,,,,,420,,,,,,,312,,,,,,,,,,,,,,,,,,,,,,,,,,
172,Munshiganj 2,মুন্সিগঞ্জ-২,মুন্সীগঞ্জ,372832,198401,193241,5160,174431,53.2,2.6,46.8,130,5,2868,119836,62.0,56750,29.4,0,0.0,2805,1.5,637,0.3,0,0.0,13213,6.8,119836,62.0,0,0.0,56750,29.4,আব্দুস সালাম আজাদ,Bangladesh Nationalist Party - BNP,119836,62.0,মাজেদুল ইসলাম,Jatiyo Nagorik Party - NCP,56750,63086,32.6,safe,2.1,119836,,56750,13213,,2805,,,,,,,,,,637,,,,,,,,,,,,,,,,,,,,,,,,,,,,,,,,,,
173,Munshiganj 3,মুন্সিগঞ্জ-৩,মুন্সীগঞ্জ,500030,276087,270243,5844,223943,55.2,2.12,44.8,169,8,2959,122831,45.5,51953,19.2,294,0.1,764,0.3,0,0.0,88133,32.6,6268,2.3,122666,45.4,0,0.0,0,0.0,মোঃ কামরুজ্জামান,Bangladesh Nationalist Party - BNP,122666,45.4,মোঃ মহিউদ্দিন,Independent,88133,34533,12.8,competitive,2.86,122666,,,6268,51662,764,,,,,,,,,,,294,,,165,,,,,,,,,,,,,,,,,291,,,,,,,,,,,,,
174,Dhaka 1,ঢাকা-১,ঢাকা,536613,299871,294287,5584,236742,55.9,1.86,44.1,184,6,2916,172402,58.6,109178,37.1,0,0.0,1345,0.5,0,0.0,4824,1.6,6538,2.2,172402,58.6,108910,37.0,0,0.0,খোন্দকার আবু আশফাক,Bangladesh Nationalist Party - BNP,172402,58.6,মোহাম্মাদ নজরুল ইসলাম,Bangladesh Jamaat-e-Islami,108910,63492,21.6,safe,2.08,172402,108910,,6538,,1345,,,,,,,,,,,,,,,,,,,,,,,,,,,,,,,268,,,,,,,,,,,,,
175,Dhaka 2,ঢাকা-২,ঢাকা,415340,251652,247976,3676,163688,60.6,1.46,39.4,141,3,2946,163020,65.7,78655,31.7,0,0.0,0,0.0,0,0.0,0,0.0,6301,2.5,163020,65.7,78655,31.7,0,0.0,মোঃ আমানউল্লাহ আমান,Bangladesh Nationalist Party - BNP,163020,65.7,মোঃ আব্দুল হক,Bangladesh Jamaat-e-Islami,78655,84365,34.0,safe,1.87,163020,78655,,6301,,,,,,,,,,,,,,,,,,,,,,,,,,,,,,,,,,,,,,,,,,,,,,
176,Dhaka 3,ঢাকা-৩,ঢাকা,359618,193278,189636,3642,166340,53.7,1.88,46.3,126,10,2854,99259,52.3,82232,43.4,196,0.1,1070,0.6,0,0.0,310,0.2,6569,3.5,98785,52.1,82232,43.4,0,0.0,গয়েশ্বর চন্দ্র রায়,Bangladesh Nationalist Party - BNP,98785,52.1,মোঃ শাহীনুর ইসলাম,Bangladesh Jamaat-e-Islami,82232,16553,8.7,marginal,2.17,98785,82232,,6245,,1070,,96,,,,,,,378,,,196,,,,,,,,,,,,,,150,,,,174,,,,,,,,,,,,,,
177,Dhaka 4,ঢাকা-৪,ঢাকা,358685,162013,159538,2475,196672,45.2,1.53,54.8,115,8,3119,73762,46.2,75683,47.4,544,0.3,128,0.1,0,0.0,2782,1.7,6639,4.2,73762,46.2,75683,47.4,0,0.0,সৈয়দ জয়নুল আবেদীন,Bangladesh Jamaat-e-Islami,75683,47.4,তানভীর আহমেদ,Bangladesh Nationalist Party - BNP,73762,1921,1.2,very_close,2.27,73762,75683,,6450,,,,,,,,,,,,,365,179,189,,,,,,,,,,,,,,,,,,,,,128,,,,,,,,,,
178,Dhaka 5,ঢাকা-৫,ঢাকা,415455,201689,198351,3338,213766,48.5,1.66,51.5,150,11,2770,86718,43.7,95524,48.2,411,0.2,1360,0.7,0,0.0,0,0.0,14338,7.2,86628,43.7,94668,47.7,0,0.0,মোহাম্মদ কামাল হোসেন,Bangladesh Jamaat-e-Islami,94668,47.7,মোঃ নবী উল্লা,Bangladesh Nationalist Party - BNP,86628,8040,4.1,very_close,2.36,86628,94668,,14080,,1325,,90,,,779,,,,,,198,,,,,,,,,,,213,,,,258,,,,,77,,,35,,,,,,,,,,
179,Dhaka 6,ঢাকা-৬,ঢাকা,289435,137343,135389,1954,152092,47.5,1.42,52.5,100,7,2894,78274,57.8,54665,40.4,147,0.1,1990,1.5,0,0.0,0,0.0,313,0.2,78142,57.7,54665,40.4,0,0.0,ইশরাক হোসেন,Bangladesh Nationalist Party - BNP,78142,57.7,মোঃ আব্দুল মান্নান,Bangladesh Jamaat-e-Islami,54665,23477,17.3,competitive,2.01,78142,54665,,,,1747,,132,,,,,,,,,,,,,,,,,,,,,,,,313,,,,,,243,,,,,,,,,147,,,
180,Dhaka 7,ঢাকা-৭,ঢাকা,476167,228613,224226,4387,247554,48.0,1.92,52.0,164,11,2903,104091,46.4,100032,44.6,665,0.3,2415,1.1,0,0.0,11461,5.1,5562,2.5,104091,46.4,97268,43.4,0,0.0,হামিদুর রহমান,Bangladesh Nationalist Party - BNP,104091,46.4,মোঃ এনায়াত উল্লা,Bangladesh Jamaat-e-Islami,97268,6823,3.0,very_close,2.46,104091,97268,,5044,,2266,,,,,,,,,,,,,,,203,,,,,,217,665,,2764,,,,,,,,,,149,,,,,,98,,,,
181,Dhaka 8,ঢাকা-৮,ঢাকা,266482,114472,111975,2497,152010,43.0,2.18,57.0,108,11,2467,57119,51.0,51572,46.1,830,0.7,712,0.6,311,0.3,0,0.0,1431,1.3,56552,50.5,0,0.0,51572,46.1,মির্জা আব্বাস উদ্দিন আহমেদ,Bangladesh Nationalist Party - BNP,56552,50.5,মুহাম্মাদ নাসীরুদ্দীন পাটওয়ারী,Jatiyo Nagorik Party - NCP,51572,4980,4.4,very_close,2.14,56552,,51572,1322,,642,,567,,311,,,,,,,688,,109,,,,,,,,,93,49,,,,,,,,,,,70,,,,,,,,,,
182,Dhaka 9,ঢাকা-৯,ঢাকা,463437,217781,214245,3536,245656,47.0,1.62,53.0,169,12,2742,110315,51.5,52374,24.4,555,0.3,1298,0.6,0,0.0,43519,20.3,6184,2.9,110111,51.4,0,0.0,52374,24.4,হাবিবুর রশিদ,Bangladesh Nationalist Party - BNP,110111,51.4,মোহাম্মদ জাবেদ মিয়া,Jatiyo Nagorik Party - NCP,52374,57737,26.9,safe,2.73,110111,,52374,5760,,1183,,,,,,,,,,,462,,,,,,,129,,,,93,,,,,,,204,171,,115,,,,,,,124,,,,,
183,Dhaka 10,ঢাকা-১০,ঢাকা,382208,164458,161920,2538,217750,43.0,1.54,57.0,136,10,2810,79051,48.8,76242,47.1,0,0.0,1727,1.1,0,0.0,0,0.0,4900,3.0,79051,48.8,74670,46.1,0,0.0,শেখ রবিউল আলম,Bangladesh Nationalist Party - BNP,79051,48.8,মোঃ জসীম উদ্দীন সরকার,Bangladesh Jamaat-e-Islami,74670,4381,2.7,very_close,2.21,79051,74670,,3407,,1529,,,,,,1434,,,,,,,1046,,,,,,,,238,,,,,,,209,,,138,,,198,,,,,,,,,,
184,Dhaka 11,ঢাকা-১১,ঢাকা,434296,193285,190053,3232,241011,44.5,1.67,55.5,162,10,2681,91286,48.0,92038,48.4,0,0.0,1211,0.6,0,0.0,781,0.4,4737,2.5,90969,47.9,0,0.0,92038,48.4,মোঃ নাহিদ ইসলাম,Jatiyo Nagorik Party - NCP,92038,48.4,"এম, এ, কাইয়ুম",Bangladesh Nationalist Party - BNP,90969,1069,0.6,very_close,2.15,90969,,92038,4328,,1018,,80,,,,,,,,,,,,,,,,,,,280,,,,,,,,237,129,,,,193,,,,,,,,,,
185,Dhaka 12,ঢাকা-১২,ঢাকা,328828,121963,119805,2158,206865,37.1,1.77,62.9,130,15,2529,32245,26.9,52127,43.5,437,0.4,1855,1.5,177,0.1,29590,24.7,3374,2.8,0,0.0,52127,43.5,0,0.0,মোঃ সাইফুল আলম,Bangladesh Jamaat-e-Islami,52127,43.5,সাইফুল হক,Biplabi Workers Party,30640,21487,17.9,competitive,3.16,,52127,,2030,,1746,,84,,177,,,,,1463,,437,,171,30640,,,,128,,,,,,,,,,1001,,,,,,109,,,,58,,44,,,,
186,Dhaka 13,ঢাকা-১৩,ঢাকা,403173,178454,174504,3950,224719,44.3,2.21,55.7,138,9,2922,87128,49.9,84001,48.1,460,0.3,449,0.3,0,0.0,1658,1.0,808,0.5,86804,49.7,0,0.0,0,0.0,ববি হাজ্জাজ,Bangladesh Nationalist Party - BNP,86804,49.7,মোঃ মামুনুল হক,Bangladesh Khelafat Majlis,84001,2803,1.6,very_close,2.09,86804,,,,84001,,,324,,,,,,,,,,460,,,,,,487,,,,,,,,,321,,,,,449,,,,,,,,,,,,
187,Dhaka 14,ঢাকা-১৪,ঢাকা,450743,206854,203584,3270,243889,45.9,1.58,54.1,173,12,2605,82329,40.4,99429,48.8,360,0.2,825,0.4,302,0.1,16253,8.0,4086,2.0,82329,40.4,98912,48.6,0,0.0,মীর আহমাদ বিনকাসেম,Bangladesh Jamaat-e-Islami,98912,48.6,সানজিদা ইসলাম,Bangladesh Nationalist Party - BNP,82329,16583,8.1,marginal,2.46,82329,98912,,3718,,825,,,,,381,136,,,,,360,,,,214,,,,302,,80,,,,,,,,,74,,,,,,,,,,,,,,
188,Dhaka 15,ঢাকা-১৫,ঢাকা,344308,149697,147593,2104,194611,43.5,1.41,56.5,127,8,2711,62007,42.0,82364,55.8,976,0.7,1338,0.9,318,0.2,0,0.0,590,0.4,62007,42.0,82364,55.8,0,0.0,মোঃ শফিকুর রহমান,Bangladesh Jamaat-e-Islami,82364,55.8,মোঃ শফিকুল ইসলাম খান,Bangladesh Nationalist Party - BNP,62007,20357,13.8,competitive,2.05,62007,82364,,,,1338,,,,,,,,,,,775,,347,,,,,,318,,,,201,,,,,243,,,,,,,,,,,,,,,,
189,Dhaka 16,ঢাকা-১৬,ঢাকা,396190,181747,178063,3684,214443,45.9,2.03,54.1,137,11,2892,85027,47.8,87615,49.2,204,0.1,1585,0.9,0,0.0,0,0.0,3632,2.0,84632,47.5,87027,48.9,0,0.0,মোঃ  আব্দুল বাতেন,Bangladesh Jamaat-e-Islami,87027,48.9,মোঃ আমিনুল হক,Bangladesh Nationalist Party - BNP,84632,2395,1.3,very_close,2.15,84632,87027,,3632,,1444,,103,,,,,,133,,,,,,,,,,,,,,204,,100,,,,,159,,488,,,141,,,,,,,,,,
190,Dhaka 17,ঢাকা-১৭,ঢাকা,327891,144095,142007,2088,183796,43.9,1.45,56.1,124,12,2644,71443,50.3,66031,46.5,0,0.0,2176,1.5,0,0.0,260,0.2,2097,1.5,71443,50.3,65972,46.5,0,0.0,তারেক রহমান,Bangladesh Nationalist Party - BNP,71443,50.3,স. ম. খালিদুজ্জামান,Bangladesh Jamaat-e-Islami,65972,5471,3.9,very_close,2.13,71443,65972,,1740,,1142,,,,,,,,,,,,,,,,,1034,78,,,,,,,,130,,,,,59,,,,,,,,59,90,,,,
191,Dhaka 18,ঢাকা-১৮,ঢাকা,605449,269484,265383,4101,335965,44.5,1.52,55.5,218,10,2777,143333,54.0,108711,41.0,257,0.1,2515,0.9,1634,0.6,3980,1.5,4953,1.9,143037,53.9,0,0.0,108711,41.0,"এস, এম, জাহাঙ্গীর হোসেন",Bangladesh Nationalist Party - BNP,143037,53.9,আরিফুল ইসলাম,Jatiyo Nagorik Party - NCP,108711,34326,12.9,competitive,2.18,143037,,108711,4650,,2515,,,,1634,,,,,,,,257,,,,,,,,,,,,,303,,,,296,,,,,,,,,,,,,,,
192,Dhaka 19,ঢাকা-১৯,ঢাকা,741552,337069,331585,5484,404483,45.5,1.63,54.5,275,8,2697,192650,58.1,125786,37.9,0,0.0,2619,0.8,0,0.0,0,0.0,10530,3.2,191327,57.7,0,0.0,125153,37.7,দেওয়ান মোহাম্মদ সালাউদ্দিন,Bangladesh Nationalist Party - BNP,191327,57.7,দিলশানা পারুল,Jatiyo Nagorik Party - NCP,125153,66174,20.0,safe,2.1,191327,,125153,10530,,2408,,683,,,633,,,,,,,,,,,,,,,,,,,,,,,,640,,,211,,,,,,,,,,,,
193,Dhaka 20,ঢাকা-২০,ঢাকা,370938,235723,229606,6117,135215,63.5,2.59,36.5,147,6,2523,160428,69.9,65904,28.7,198,0.1,3076,1.3,0,0.0,0,0.0,0,0.0,160428,69.9,0,0.0,56343,24.5,মোঃ তমিজ উদ্দিন,Bangladesh Nationalist Party - BNP,160428,69.9,নাবিলা তাসনিদ,Jatiyo Nagorik Party - NCP,56343,104085,45.3,safe,1.82,160428,,56343,,,3076,9083,,,,,478,,,,,,,,,,,,,,,,,198,,,,,,,,,,,,,,,,,,,,,
194,Gazipur 1,গাজীপুর-১,গাজীপুর,716484,379197,371557,7640,337287,52.9,2.01,47.1,237,8,3023,207622,55.9,148019,39.8,352,0.1,3281,0.9,0,0.0,6615,1.8,5668,1.5,207622,55.9,147856,39.8,0,0.0,মোঃ মজিবুর রহমান,Bangladesh Nationalist Party - BNP,207622,55.9,মোঃ শাহ্‌ আলম বকশী,Bangladesh Jamaat-e-Islami,147856,59766,16.1,competitive,2.12,207622,147856,,5668,,3281,,,,,,,,,,,,,,,,,,,,,,225,,,,,,,,,163,,,,,,,,,,127,,,
195,Gazipur 2,গাজীপুর-২,গাজীপুর,799098,356084,348174,7910,443014,44.6,2.22,55.4,272,12,2938,187801,53.9,139337,40.0,2992,0.9,4097,1.2,0,0.0,434,0.1,13513,3.9,187558,53.9,0,0.0,139337,40.0,এম মঞ্জুরুল করিম রনি,Bangladesh Nationalist Party - BNP,187558,53.9,আলী নাছের খান,Jatiyo Nagorik Party - NCP,139337,48221,13.8,competitive,2.21,187558,,139337,12571,,4097,,243,,,,,,,,,1396,1154,534,,,,,408,,,,246,,,,,,,,,,,,,,,,,,,196,,,
196,Gazipur 3,গাজীপুর-৩,গাজীপুর,523222,300860,293168,7692,222362,57.5,2.56,42.5,180,7,2907,161258,55.0,99354,33.9,480,0.2,1955,0.7,0,0.0,21843,7.5,8278,2.8,161258,55.0,0,0.0,0,0.0,"এস,এম, রফিকুল ইসলাম",Bangladesh Nationalist Party - BNP,161258,55.0,মুহাম্মদ এহসানুল হক,Bangladesh Khelafat Majlis,99354,61904,21.1,safe,2.36,161258,,,5983,99354,1955,,,,,,,,,,,,480,,,,,,,,,,,,,,,,,,,,,,,2295,,,,,,,,,
197,Gazipur 4,গাজীপুর-৪,গাজীপুর,325552,199846,195949,3897,125706,61.4,1.95,38.6,122,8,2668,89480,45.7,99271,50.7,1071,0.5,2089,1.1,0,0.0,1466,0.7,2572,1.3,89354,45.6,99271,50.7,0,0.0,সালাহ উদ্দিন,Bangladesh Jamaat-e-Islami,99271,50.7,শাহ রিয়াজুল হান্নান,Bangladesh Nationalist Party - BNP,89354,9917,5.1,marginal,2.15,89354,99271,,2299,,2089,,,,,,,,,,,1071,,,,,,,,,,,,,,,,,273,126,,,,,,,,,,,,,,,
198,Gazipur 5,গাজীপুর-৫,গাজীপুর,350966,227407,223111,4296,123559,64.8,1.89,35.2,124,7,2830,133063,59.6,76569,34.3,0,0.0,1482,0.7,832,0.4,0,0.0,11165,5.0,133063,59.6,76569,34.3,0,0.0,"এ, কে, এম, ফজলুল হক মিলন",Bangladesh Nationalist Party - BNP,133063,59.6,মো: খায়রুল হাসান,Bangladesh Jamaat-e-Islami,76569,56494,25.3,safe,2.11,133063,76569,,4390,,1482,,,,,,,,,,832,,,6555,,,,,,,,,,,,,,,,,220,,,,,,,,,,,,,,
199,Narsingdi 1,নরসিংদী-১,নরসিংদী,472691,275867,270494,5373,196824,58.4,1.95,41.6,142,8,3329,161157,59.6,93633,34.6,0,0.0,997,0.4,952,0.4,0,0.0,13755,5.1,160676,59.4,93633,34.6,0,0.0,খায়রুল কবির খোকন,Bangladesh Nationalist Party - BNP,160676,59.4,মোঃ ইব্রাহিম ভূঞা,Bangladesh Jamaat-e-Islami,93633,67043,24.8,safe,2.1,160676,93633,,13369,,997,,481,,952,,,,,,,,,,,,,,207,,,,,,,,,,,,179,,,,,,,,,,,,,,
200,Narsingdi 2,নরসিংদী-২,নরসিংদী,283779,172981,168968,4013,110798,61.0,2.32,39.0,91,6,3118,92352,54.7,74404,44.0,0,0.0,1272,0.8,705,0.4,0,0.0,235,0.1,92352,54.7,55168,32.6,19236,11.4,"ড, আবদুল মঈন খান",Bangladesh Nationalist Party - BNP,92352,54.7,মোঃ আমজাদ হোসাইন,Bangladesh Jamaat-e-Islami,55168,37184,22.0,safe,2.39,92352,55168,19236,,,1272,,,,,,,,,,705,,,,,,,,235,,,,,,,,,,,,,,,,,,,,,,,,,,
201,Narsingdi 3,নরসিংদী-৩,নরসিংদী,280929,168577,165303,3274,112352,60.0,1.94,40.0,101,8,2781,81415,49.3,29450,17.8,0,0.0,265,0.2,0,0.0,45401,27.5,8772,5.3,81415,49.3,4482,2.7,0,0.0,মনজুর এলাহী,Bangladesh Nationalist Party - BNP,81415,49.3,মোঃ আরিফ-উল-ইসলাম মৃধা,Independent,45401,36014,21.8,safe,2.91,81415,4482,,6413,24968,265,,,,,,,,,,,,,,,,,,615,,1744,,,,,,,,,,,,,,,,,,,,,,,,
202,Narsingdi 4,নরসিংদী-৪,নরসিংদী,422835,255283,250062,5221,167552,60.4,2.05,39.6,162,9,2610,161912,64.7,76906,30.8,817,0.3,1137,0.5,0,0.0,0,0.0,9290,3.7,161912,64.7,76445,30.6,0,0.0,সরদার মোঃ সাখাওয়াত হোসেন,Bangladesh Nationalist Party - BNP,161912,64.7,মোঃ জাহাঙ্গীর আলম,Bangladesh Jamaat-e-Islami,76445,85467,34.2,safe,1.95,161912,76445,,7001,461,1137,,,,,,,,,,,817,,439,,,,,1695,,,,,,,,155,,,,,,,,,,,,,,,,,,
203,Narsingdi 5,নরসিংদী-৫,নরসিংদী,487713,248360,243450,4910,239353,50.9,1.98,49.1,167,10,2920,136602,56.1,43682,17.9,0,0.0,494,0.2,2380,1.0,26643,10.9,33649,13.8,136602,56.1,0,0.0,0,0.0,মোঃ আশরাফ উদ্দিন,Bangladesh Nationalist Party - BNP,136602,56.1,তাজুল ইসলাম,Bangladesh Khelafat Majlis,43682,92920,38.2,safe,2.69,136602,,,32582,43682,494,,,,2380,,,,,,,,,,,,,,1067,,,,,,,,,,,,,,,,,,,,,,,,,,
204,Narayanganj 1,নারায়ণগঞ্জ-১,নারায়ণগঞ্জ,405300,259005,253971,5034,146295,63.9,1.94,36.1,129,7,3142,155629,61.3,90289,35.6,258,0.1,0,0.0,0,0.0,456,0.2,7339,2.9,155421,61.2,90289,35.6,0,0.0,মুস্তাফিজুর রহমান ভূঁইয়া,Bangladesh Nationalist Party - BNP,155421,61.2,মোঃ আনোয়ার হোসেন মোল্লা,Bangladesh Jamaat-e-Islami,90289,65132,25.6,safe,1.99,155421,90289,,7137,,,,208,,,,,,,,,258,,,,,,,202,,,,,,,,,,,,,,,,,,,,,,,,,,
205,Narayanganj 2,নারায়ণগঞ্জ-২,নারায়ণগঞ্জ,359597,233906,230073,3833,125691,65.0,1.64,35.0,118,7,3047,124433,54.1,81054,35.2,350,0.2,0,0.0,0,0.0,18744,8.1,5492,2.4,124291,54.0,81054,35.2,0,0.0,মোঃ নজরুল ইসলাম আজাদ,Bangladesh Nationalist Party - BNP,124291,54.0,মোঃ ইলিয়াছ মোল্লা,Bangladesh Jamaat-e-Islami,81054,43237,18.8,competitive,2.36,124291,81054,,5265,,,,142,,,,,,,,,350,,,,,,,,,,227,,,,,,,,,,,,,,,,,,,,,,,
206,Narayanganj 3,নারায়ণগঞ্জ-৩,নারায়ণগঞ্জ,586763,336214,328578,7636,250549,57.3,2.27,42.7,210,11,2794,155117,47.2,134355,40.9,0,0.0,0,0.0,0,0.0,24721,7.5,14385,4.4,154170,46.9,132480,40.3,0,0.0,আজহারুল ইসলাম মান্নান,Bangladesh Nationalist Party - BNP,154170,46.9,মোঃ ইকবাল হোসাইন ভূইয়া,Bangladesh Jamaat-e-Islami,132480,21690,6.6,marginal,2.57,154170,132480,,14101,975,,,312,,,,136,,,635,,,,284,,,,,,,,,,,764,,,,,,,,,,,,,,,,,,,,
207,Narayanganj 4,নারায়ণগঞ্জ-৪,নারায়ণগঞ্জ,536086,265953,259998,5955,270133,49.6,2.24,50.4,177,13,3029,80236,30.9,105195,40.5,1122,0.4,796,0.3,639,0.2,44108,17.0,27902,10.7,0,0.0,0,0.0,104482,40.2,আব্দুল্লাহ আল আমিন,Jatiyo Nagorik Party - NCP,104482,40.2,মনির হোসাইন,Jamiate Ulama-e-Islam Bangladesh,80138,24344,9.4,marginal,3.5,,,104482,16639,713,796,,98,80138,,,,,,,,475,281,,,,,,,639,,11263,,366,,,,,,,,,,,,,,,,,,,,,
208,Narayanganj 5,নারায়ণগঞ্জ-৫,নারায়ণগঞ্জ,480473,271027,263466,7561,209446,56.4,2.79,43.6,163,10,2948,115658,43.9,99471,37.8,1911,0.7,241,0.1,4622,1.8,33918,12.9,7645,2.9,114013,43.3,0,0.0,0,0.0,আবুল কালাম,Bangladesh Nationalist Party - BNP,114013,43.3,এ বি এম সিরাজুল মামুন,Khelafat Majlis,99471,14542,5.5,marginal,2.88,114013,,,7645,,,99471,639,,,,,,,1006,4622,1548,363,,,,,,,,,,,,,,,,,,,,,,241,,,,,,,,,,
209,Rajbari 1,রাজবাড়ী-১,রাজবাড়ী,425152,268322,262860,5462,156830,63.1,2.04,36.9,156,4,2725,153295,58.3,98966,37.6,0,0.0,2553,1.0,0,0.0,0,0.0,8046,3.1,153295,58.3,98966,37.6,0,0.0,আলী নেওয়াজ মাহমুদ খৈয়ম,Bangladesh Nationalist Party - BNP,153295,58.3,মোঃ নূরুল ইসলাম,Bangladesh Jamaat-e-Islami,98966,54329,20.7,safe,2.07,153295,98966,,,,2553,,,,,,,,,,,,,,,,,,,,8046,,,,,,,,,,,,,,,,,,,,,,,,
210,Rajbari 2,রাজবাড়ী-২,রাজবাড়ী,551607,357582,348718,8864,194025,64.8,2.48,35.2,198,9,2786,235479,67.5,65585,18.8,0,0.0,2242,0.6,0,0.0,37048,10.6,8364,2.4,234848,67.3,0,0.0,65293,18.7,মোঃ হারুন-অর-রশিদ,Bangladesh Nationalist Party - BNP,234848,67.3,জামিল হিজাযী,Jatiyo Nagorik Party - NCP,65293,169555,48.6,safe,2.0,234848,,65293,8364,,1977,292,631,,,,,,,,,,,,,,,,,,,,,,,,,,,,,,,,265,,,,,,,,,,
211,Faridpur 1,ফরিদপুর-১,ফরিদপুর,505679,322305,315975,6330,183374,63.7,1.96,36.3,197,8,2567,125786,39.8,152610,48.3,0,0.0,493,0.2,0,0.0,36317,11.5,769,0.2,125786,39.8,152610,48.3,0,0.0,মোঃ ইলিয়াস মোল্লা,Bangladesh Jamaat-e-Islami,152610,48.3,খন্দোকার নাসিরুল ইসলাম,Bangladesh Nationalist Party - BNP,125786,26824,8.5,marginal,2.48,125786,152610,,,,493,,,,,,,,,,,,,,,,,,,,,,,,,,,769,,,,,,,,,,,,,,,,,
212,Faridpur 2,ফরিদপুর-২,ফরিদপুর,328490,216507,212735,3772,111983,65.9,1.74,34.1,117,6,2808,121584,57.2,87956,41.3,0,0.0,0,0.0,0,0.0,0,0.0,3195,1.5,120909,56.8,0,0.0,0,0.0,শামা ওবায়েদ ইসলাম,Bangladesh Nationalist Party - BNP,120909,56.8,মোঃ আকরাম আলী,Bangladesh Khelafat Majlis,87956,32953,15.5,competitive,2.02,120909,,,2335,87956,,,675,,,,,,,,,,,,,,,,609,,,,,,,,251,,,,,,,,,,,,,,,,,,
213,Faridpur 3,ফরিদপুর-৩,ফরিদপুর,428778,281671,276702,4969,147107,65.7,1.76,34.3,154,6,2784,147846,53.4,122449,44.3,950,0.3,0,0.0,0,0.0,1236,0.4,4221,1.5,147846,53.4,122449,44.3,0,0.0,নায়াব ইউসুফ আহমেদ,Bangladesh Nationalist Party - BNP,147846,53.4,মোঃ আবদুত তাওয়াব,Bangladesh Jamaat-e-Islami,122449,25397,9.2,marginal,2.08,147846,122449,,3970,,,,,,,,,,,,,950,,,,251,,,,,,,,,,,,,,,,,,,,,,,,,,,,,
214,Faridpur 4,ফরিদপুর-৪,ফরিদপুর,490975,277220,271353,5867,213755,56.5,2.12,43.5,189,8,2598,126532,46.6,74681,27.5,707,0.3,541,0.2,0,0.0,57499,21.2,11393,4.2,126532,46.6,73623,27.1,0,0.0,মোঃ শহিদুল ইসলাম,Bangladesh Nationalist Party - BNP,126532,46.6,মোঃ সরোয়ার হোসাইন,Bangladesh Jamaat-e-Islami,73623,52909,19.5,competitive,2.98,126532,73623,,11393,1058,541,,,,,,,,,,,707,,,,,,,,,,,,,,,,,,,,,,,,,,,,,,,,,
215,Gopalganj 1,গোপালগঞ্জ-১,গোপালগঞ্জ,395664,196018,189577,6441,199646,49.5,3.29,50.5,138,9,2867,122828,64.8,33673,17.8,325,0.2,605,0.3,0,0.0,26350,13.9,5796,3.1,68867,36.3,33673,17.8,0,0.0,মোঃ সেলিমুজ্জামান মোল্যা,Bangladesh Nationalist Party - BNP,68867,36.3,মোঃ কাবির মিয়া,Gonodhikar Parishad - GOP,53961,14906,7.9,marginal,3.87,68867,33673,,5796,,605,,53961,,,,,,,,,325,,,,,,,,,,,,,,,,,,,,,,,,,,,,,,,,,
216,Gopalganj 2,গোপালগঞ্জ-২,গোপালগঞ্জ,380695,150734,146438,4296,229961,39.6,2.85,60.4,151,13,2521,39918,27.3,28052,19.2,0,0.0,385,0.3,0,0.0,73695,50.3,4388,3.0,39617,27.1,0,0.0,0,0.0,কে এম বাবর,Bangladesh Nationalist Party - BNP,39617,27.1,"এম, এইচ খান মনজু",Independent,32650,6967,4.8,very_close,5.02,39617,,,2821,28052,385,,301,,,,,,,,,,,,,,,,,,1355,,,,,,,,,,212,,,,,,,,,,,,,,
217,Gopalganj 3,গোপালগঞ্জ-৩,গোপালগঞ্জ,306294,134809,130906,3903,171485,44.0,2.9,56.0,108,8,2836,63322,48.4,24767,18.9,0,0.0,0,0.0,0,0.0,37911,29.0,4906,3.7,60166,46.0,0,0.0,0,0.0,"এস, এম, জিলানী",Bangladesh Nationalist Party - BNP,60166,46.0,গোবিন্দ চন্দ্র প্রামাণিক,Independent,34167,25999,19.9,competitive,3.15,60166,,,4654,24767,,,2571,,,,,,,,,,,,,,,,,,,,,,,,,,,585,252,,,,,,,,,,,,,,
218,Madaripur 1,মাদারিপুর-১,মাদারীপুর,320859,180699,177127,3572,140160,56.3,1.98,43.7,102,10,3146,67314,38.0,63580,35.9,206,0.1,176,0.1,0,0.0,39709,22.4,6142,3.5,64291,36.3,0,0.0,0,0.0,নাদিরা আক্তার,Bangladesh Nationalist Party - BNP,64291,36.3,সাইদ উদ্দিন আহমাদ হানজালা,Bangladesh Khelafat Majlis,63511,780,0.4,very_close,3.28,64291,,,6142,63511,176,,3023,,,,,,,,,206,,,,,,,,,,,,,,,,,,,,69,,,,,,,,,,,,,
219,Madaripur 2,মাদারিপুর-২,মাদারীপুর,431003,189047,182938,6109,241956,43.9,3.23,56.1,145,10,2972,61097,33.4,34917,19.1,127,0.1,628,0.3,0,0.0,69209,37.8,16960,9.3,61097,33.4,0,0.0,0,0.0,মোঃ জাহান্দার আলী মিয়া,Bangladesh Nationalist Party - BNP,61097,33.4,মিল্টন বৈদ্য,Independent,46146,14951,8.2,marginal,4.4,61097,,,16663,34917,628,,,,,,,,,,,,,,,,,,,,,,127,,,,,,,,,,,,,,,,,,,,297,,
220,Madaripur 3,মাদারীপুর-৩,মাদারীপুর,381687,197218,192836,4382,184469,51.7,2.22,48.3,134,5,2848,95174,49.4,81961,42.5,346,0.2,0,0.0,2478,1.3,0,0.0,12877,6.7,95174,49.4,81961,42.5,0,0.0,আনিছুর রহমান,Bangladesh Nationalist Party - BNP,95174,49.4,মোঃ রফিকুল ইসলাম,Bangladesh Jamaat-e-Islami,81961,13213,6.9,marginal,2.33,95174,81961,,12877,,,,,,,,,,,,,,346,,,,,,,2478,,,,,,,,,,,,,,,,,,,,,,,,,
221,Shariatpur 1,শরীয়তপুর-১,শরিয়তপুর,390359,169066,164908,4158,221293,43.3,2.46,56.7,139,8,2808,77233,46.8,61533,37.3,0,0.0,0,0.0,614,0.4,14852,9.0,10676,6.5,76684,46.5,0,0.0,368,0.2,সাঈদ আহমেদ,Bangladesh Nationalist Party - BNP,76684,46.5,জালালুদ্দীন আহমদ,Bangladesh Khelafat Majlis,61165,15519,9.4,marginal,2.73,76684,,368,10676,61165,,,549,,,,,,,,,,,,,,,,,614,,,,,,,,,,,,,,,,,,,,,,,,,
222,Shariatpur 2,শরীয়তপুর-২,শরিয়তপুর,408455,212684,207091,5593,195771,52.1,2.63,47.9,136,9,3003,128929,62.3,68342,33.0,0,0.0,2532,1.2,0,0.0,451,0.2,6837,3.3,128647,62.1,68034,32.9,0,0.0,মোঃ সফিকুর রহমান (কিরন),Bangladesh Nationalist Party - BNP,128647,62.1,মাহমুদ হোসেন,Bangladesh Jamaat-e-Islami,68034,60613,29.3,safe,2.02,128647,68034,,6404,,2532,,282,,,,,,,,,,,433,,,,,,,,,,,308,,,,,,,,,,,,,,,,,,,,
223,Shariatpur 3,শরীয়তপুর-৩,শরিয়তপুর,335126,190155,185912,4243,144971,56.7,2.23,43.3,117,4,2864,106378,57.2,67785,36.5,0,0.0,2036,1.1,0,0.0,0,0.0,9713,5.2,106378,57.2,67785,36.5,0,0.0,মিয়া নুরুদ্দিন আহাম্মেদ অপু,Bangladesh Nationalist Party - BNP,106378,57.2,মুহাম্মদ আজাহারুল ইসলাম,Bangladesh Jamaat-e-Islami,67785,38593,20.8,safe,2.16,106378,67785,,9713,,2036,,,,,,,,,,,,,,,,,,,,,,,,,,,,,,,,,,,,,,,,,,,,
224,Sunamganj 1,সুনামগঞ্জ-১,সুনামগঞ্জ,497719,259277,253366,5911,238442,52.1,2.28,47.9,177,3,2812,160515,63.4,92851,36.6,0,0.0,0,0.0,0,0.0,0,0.0,0,0.0,160515,63.4,91696,36.2,0,0.0,কামরুজ্জামান কামরুল,Bangladesh Nationalist Party - BNP,160515,63.4,তোফায়েল আহমদ,Bangladesh Jamaat-e-Islami,91696,68819,27.2,safe,1.88,160515,91696,,,,,,,,,,,,,,,,,,,,1155,,,,,,,,,,,,,,,,,,,,,,,,,,,,
225,Sunamganj 2,সুনামগঞ্জ-২,সুনামগঞ্জ,304327,166416,162929,3487,137911,54.7,2.1,45.3,111,3,2742,99132,60.8,62587,38.4,1210,0.7,0,0.0,0,0.0,0,0.0,0,0.0,99132,60.8,62587,38.4,0,0.0,মোঃ নাছির চৌধুরী,Bangladesh Nationalist Party - BNP,99132,60.8,মোহাম্মদ শিশির মনির,Bangladesh Jamaat-e-Islami,62587,36545,22.4,safe,1.93,99132,62587,,,,,,,,,,,,,,,1210,,,,,,,,,,,,,,,,,,,,,,,,,,,,,,,,,
226,Sunamganj 3,সুনামগঞ্জ-৩,সুনামগঞ্জ,369797,162527,158389,4138,207270,44.0,2.55,56.0,147,7,2516,96666,61.0,19334,12.2,0,0.0,0,0.0,0,0.0,42389,26.8,0,0.0,96666,61.0,0,0.0,0,0.0,মোহাম্মদ কয়ছর আহমেদ,Bangladesh Nationalist Party - BNP,96666,61.0,মোঃ আনোয়ার হোসেন,Independent,41984,54682,34.5,safe,2.22,96666,,,,13667,,818,,,,,4849,,,,,,,,,,,,,,,,,,,,,,,,,,,,,,,,,,,,,,
227,Sunamganj 4,সুনামগঞ্জ-৪,সুনামগঞ্জ,368398,207163,201528,5635,161235,56.2,2.72,43.8,115,5,3203,97404,48.3,74365,36.9,0,0.0,1777,0.9,0,0.0,26073,12.9,1909,0.9,97404,48.3,74365,36.9,0,0.0,নূরুল ইসলাম,Bangladesh Nationalist Party - BNP,97404,48.3,মোঃ সামছ উদ্দিন,Bangladesh Jamaat-e-Islami,74365,23039,11.4,competitive,2.59,97404,74365,,1909,,1777,,,,,,,,,,,,,,,,,,,,,,,,,,,,,,,,,,,,,,,,,,,,
228,Sunamganj 5,সুনামগঞ্জ-৫,সুনামগঞ্জ,521897,260051,254643,5408,261846,49.8,2.08,50.2,170,5,3070,151233,59.4,101918,40.0,0,0.0,1492,0.6,0,0.0,0,0.0,0,0.0,150810,59.2,99672,39.1,0,0.0,কলিম উদ্দিন আহমেদ ,Bangladesh Nationalist Party - BNP,150810,59.2,আবু তাহির মুহাম্মদ আব্দুস সালাম,Bangladesh Jamaat-e-Islami,99672,51138,20.1,safe,1.98,150810,99672,,,,1492,2246,,,,,,,,,,,,,,,,,,,,,,,,,,,,423,,,,,,,,,,,,,,,
229,Sylhet 1,সিলেট-১,সিলেট,668507,317628,310328,7300,350879,47.5,2.3,52.5,215,8,3109,174821,56.3,129850,41.8,2792,0.9,0,0.0,0,0.0,0,0.0,2865,0.9,174517,56.2,129850,41.8,0,0.0,খন্দকার আবদুল মুক্তাদীর,Bangladesh Nationalist Party - BNP,174517,56.2,মাওলানা হাবিবুর রহমান,Bangladesh Jamaat-e-Islami,129850,44667,14.4,competitive,2.03,174517,129850,,2639,,,,304,,,,,,,,,897,1110,,,,,,226,,,,785,,,,,,,,,,,,,,,,,,,,,,
230,Sylhet 2,সিলেট-২,সিলেট,364101,161611,157568,4043,202490,44.4,2.5,55.6,128,5,2845,116697,74.1,37446,23.8,0,0.0,1404,0.9,0,0.0,0,0.0,2021,1.3,116697,74.1,0,0.0,0,0.0,মোছাঃ তাহসিনা রুশদীর,Bangladesh Nationalist Party - BNP,116697,74.1,মুহাম্মদ মুনতাছির আলী,Khelafat Majlis,37446,79251,50.3,safe,1.65,116697,,,1389,,1404,37446,,,,,,,,,,,,,,,,,,,,,,,,,,,,,632,,,,,,,,,,,,,,
231,Sylhet 3,সিলেট-৩,সিলেট,409873,200750,196259,4491,209123,49.0,2.24,51.0,151,6,2714,114255,58.2,73614,37.5,0,0.0,2594,1.3,0,0.0,4426,2.3,1370,0.7,114255,58.2,0,0.0,0,0.0,মোহাম্মদ আব্দুল মালিক,Bangladesh Nationalist Party - BNP,114255,58.2,মুসলেহ উদ্দীন রাজু,Bangladesh Khelafat Majlis,73614,40641,20.7,safe,2.08,114255,,,1370,73614,2594,,,,,,,,,,,,,,,,,,,,,,,,,,,,,,,,,,,,,,,,,,,,
232,Sylhet 4,সিলেট-৪,সিলেট,508110,267535,260479,7056,240575,52.7,2.64,47.3,172,5,2954,186258,71.5,69589,26.7,0,0.0,1948,0.7,0,0.0,0,0.0,2684,1.0,185703,71.3,69589,26.7,0,0.0,আরিফুল হক চৌধুরী,Bangladesh Nationalist Party - BNP,185703,71.3,মোঃ জয়নাল আবেদীন,Bangladesh Jamaat-e-Islami,69589,116114,44.6,safe,1.72,185703,69589,,2684,,1948,,555,,,,,,,,,,,,,,,,,,,,,,,,,,,,,,,,,,,,,,,,,,
233,Sylhet 5,সিলেট-৫,সিলেট,420833,206350,201933,4417,214483,49.0,2.14,51.0,158,4,2664,68869,34.1,76221,37.7,0,0.0,366,0.2,0,0.0,56477,28.0,0,0.0,0,0.0,0,0.0,0,0.0,মোহাম্মদ আবুল হাসান,Khelafat Majlis,76221,37.7,উবায়দুল্লাহ ফারুক,Jamiate Ulama-e-Islam Bangladesh,68869,7352,3.6,very_close,2.97,,,,,,,76221,,68869,,,,,,,,,,,,,,,,,,,,,,,,,,,,,366,,,,,,,,,,,,
234,Sylhet 6,সিলেট-৬,সিলেট,499601,237838,232519,5319,261763,47.6,2.24,52.4,192,5,2602,109993,47.3,97748,42.0,0,0.0,1144,0.5,0,0.0,23634,10.2,0,0.0,108612,46.7,97748,42.0,0,0.0,এমরান আহমদ চৌধুরী,Bangladesh Nationalist Party - BNP,108612,46.7,মোহাম্মদ সেলিম উদ্দিন,Bangladesh Jamaat-e-Islami,97748,10864,4.7,very_close,2.47,108612,97748,,,,1144,,1381,,,,,,,,,,,,,,,,,,,,,,,,,,,,,,,,,,,,,,,,,,
235,Moulvibazar 1,মৌলভীবাজার-১,মৌলভীবাজার,331253,189817,185256,4561,141436,57.3,2.4,42.7,113,6,2931,97753,52.8,79619,43.0,173,0.1,1356,0.7,0,0.0,6355,3.4,0,0.0,97534,52.6,79619,43.0,0,0.0,নাসির উদ্দিন আহমেদ,Bangladesh Nationalist Party - BNP,97534,52.6,মোহাম্মদ আমিনুল ইসলাম,Bangladesh Jamaat-e-Islami,79619,17915,9.7,marginal,2.16,97534,79619,,,,1356,,219,,,,,,,,,,,,,,,,,,,,,,,,,,,,,,,,,,,,,,,173,,,
236,Moulvibazar 2,মৌলভীবাজার-২,মৌলভীবাজার,297429,165976,161450,4526,131453,55.8,2.73,44.2,103,8,2888,67721,41.9,51153,31.7,574,0.4,481,0.3,0,0.0,41019,25.4,502,0.3,67721,41.9,51153,31.7,0,0.0,মোঃ শওকতুল ইসলাম,Bangladesh Nationalist Party - BNP,67721,41.9,মোঃ সায়েদ আলী,Bangladesh Jamaat-e-Islami,51153,16568,10.3,competitive,3.25,67721,51153,,502,,481,,,,,,,,,,,,,,,,,,,,,,574,,,,,,,,,,,,,,,,,,,,,,
237,Moulvibazar 3,মৌলভীবাজার-৩,মৌলভীবাজার,479458,242426,236699,5727,237032,50.6,2.36,49.4,175,4,2740,155342,65.6,79699,33.7,1658,0.7,0,0.0,0,0.0,0,0.0,0,0.0,155342,65.6,75397,31.9,0,0.0,নাসের রহমান,Bangladesh Nationalist Party - BNP,155342,65.6,মোঃ আব্দুল মান্নান,Bangladesh Jamaat-e-Islami,75397,79945,33.8,safe,1.88,155342,75397,,,,,4302,,,,,,,,,,1658,,,,,,,,,,,,,,,,,,,,,,,,,,,,,,,,,
238,Moulvibazar 4,মৌলভীবাজার-৪,মৌলভীবাজার,483058,270010,258872,11138,213048,55.9,4.13,44.1,163,6,2964,169608,65.5,53464,20.7,979,0.4,910,0.4,0,0.0,33911,13.1,0,0.0,169608,65.5,0,0.0,4275,1.7,মোঃ মুজিবুর রহমান চৌধুরী,Bangladesh Nationalist Party - BNP,169608,65.5,শেখ নূরে আলম হামিদী,Bangladesh Khelafat Majlis,49189,120419,46.5,safe,2.07,169608,,4275,,49189,910,,,,,,,,,,,,979,,,,,,,,,,,,,,,,,,,,,,,,,,,,,,,,
239,Habiganj 1,হবিগঞ্জ-১,হবিগঞ্জ,462623,212186,206663,5523,250437,45.9,2.6,54.1,177,5,2614,111073,53.7,55245,26.7,639,0.3,0,0.0,5244,2.5,34462,16.7,0,0.0,111073,53.7,0,0.0,0,0.0,রেজা কিবরিয়া,Bangladesh Nationalist Party - BNP,111073,53.7,মাওলানা সিরাজুল ইসলাম,Bangladesh Khelafat Majlis,55245,55828,27.0,safe,2.57,111073,,,,55245,,,,,,,,,,,5244,,,,,,,,,,,,,639,,,,,,,,,,,,,,,,,,,,,
240,Habiganj 2,হবিগঞ্জ-২,হবিগঞ্জ,391917,199269,194023,5246,192648,50.8,2.63,49.2,150,5,2613,125971,64.9,64851,33.4,441,0.2,931,0.5,0,0.0,1829,0.9,0,0.0,125971,64.9,0,0.0,0,0.0,আবু মনসুর সাখাওয়াত হাসান,Bangladesh Nationalist Party - BNP,125971,64.9,আব্দুল বাছিত আজাদ,Khelafat Majlis,64851,61120,31.5,safe,1.87,125971,,,,,931,64851,,,,,,,,,,,441,,,,,,,,,,,,,,,,,,,,,,,,,,,,,,,,
241,Habiganj 3,হবিগঞ্জ-৩,হবিগঞ্জ,416322,212269,206953,5316,204053,51.0,2.5,49.0,137,6,3039,141521,68.4,44581,21.5,0,0.0,1374,0.7,14064,6.8,0,0.0,5413,2.6,141521,68.4,44581,21.5,0,0.0,আলহাজ্ব মোঃ জি কে গউছ,Bangladesh Nationalist Party - BNP,141521,68.4,কাজী মহসিন আহমদ,Bangladesh Jamaat-e-Islami,44581,96940,46.8,safe,1.93,141521,44581,,5413,,1246,,,,14064,,,,,,,,,,,,,,,,,,,,,,,,,,,,,,128,,,,,,,,,,
242,Habiganj 4,হবিগঞ্জ-৪,হবিগঞ্জ,547747,306610,299070,7540,241137,56.0,2.46,44.0,183,9,2993,186678,62.4,25423,8.5,324,0.1,1010,0.3,83896,28.1,1258,0.4,481,0.2,186678,62.4,0,0.0,0,0.0,"এস, এম, ফয়সল",Bangladesh Nationalist Party - BNP,186678,62.4,মোঃ গিয়াস উদ্দিন,Bangladesh Islami Front,83896,102782,34.4,safe,2.1,186678,,,,,,25423,,,83896,,,,,,,,324,,,,,,481,,,,,,,,,,,,,,531,,479,,,,,,,,,,
243,Brahmanbaria 1,ব্রাক্ষণবাড়িয়া-১,ব্রাহ্মণবাড়িয়া,273827,149029,145808,3221,124798,54.4,2.16,45.6,80,8,3423,67783,46.5,23888,16.4,0,0.0,264,0.2,0,0.0,52841,36.2,1032,0.7,67783,46.5,23888,16.4,0,0.0,"এম, এ, হান্নান",Bangladesh Nationalist Party - BNP,67783,46.5,"এ, কে, এম কামরুজ্জামান",Independent,35121,32662,22.4,safe,3.17,67783,23888,,894,,264,,,,,,,,,,,,,,,,,,138,,,,,,,,,,,,,,,,,,,,,,,,,,
244,Brahmanbaria 2,ব্রাক্ষণবাড়িয়া-২,ব্রাহ্মণবাড়িয়া,493491,241300,234675,6625,252191,48.9,2.75,51.1,151,9,3268,79927,34.1,18784,8.0,0,0.0,157,0.1,0,0.0,130031,55.4,5776,2.5,0,0.0,0,0.0,18784,8.0,রুমিন ফারহানা,Independent,117495,50.1,মোহাম্মদ জুনায়েদ আল হাবীব,Jamiate Ulama-e-Islam Bangladesh,79927,37568,16.0,competitive,2.66,,,18784,3798,,157,,,79927,,,,,,,,,,,,382,,,1416,,,,,,,,,,180,,,,,,,,,,,,,,,,
245,Brahmanbaria 3,ব্রাক্ষণবাড়িয়া-৩,ব্রাহ্মণবাড়িয়া,614904,289661,281855,7806,325243,47.1,2.69,52.9,192,7,3203,207454,73.6,59567,21.1,0,0.0,3842,1.4,1317,0.5,268,0.1,9407,3.3,207454,73.6,0,0.0,59567,21.1,মোঃ খালেদ হোসেন মাহবুব,Bangladesh Nationalist Party - BNP,207454,73.6,আতাউল্লাহ,Jatiyo Nagorik Party - NCP,59567,147887,52.5,safe,1.7,207454,,59567,6108,,3842,,,,,,,,,,1317,,,,,,,,3299,,,,,,,,,,,,,,,,,,,,,,,,,,
246,Brahmanbaria 4,ব্রাক্ষণবাড়িয়া-৪,ব্রাহ্মণবাড়িয়া,434611,235812,231014,4798,198799,54.3,2.03,45.7,130,7,3343,138323,59.9,87326,37.8,0,0.0,2398,1.0,0,0.0,0,0.0,2967,1.3,138124,59.8,87326,37.8,0,0.0,মুশফিকুর রহমান,Bangladesh Nationalist Party - BNP,138124,59.8,মোঃ আতাউর রহমান সরকার,Bangladesh Jamaat-e-Islami,87326,50798,22.0,safe,2.0,138124,87326,,2209,,2398,,100,,,,,,,,,,,,,,,,758,,,,,,,,,,,99,,,,,,,,,,,,,,,
247,Brahmanbaria 5,ব্রাক্ষণবাড়িয়া-৫,ব্রাহ্মণবাড়িয়া,466759,254762,248330,6432,211997,54.6,2.52,45.4,154,8,3031,85020,34.2,57749,23.3,354,0.1,368,0.1,0,0.0,83995,33.8,20844,8.4,84761,34.1,0,0.0,0,0.0,মোঃ আবদুল মান্নান,Bangladesh Nationalist Party - BNP,84761,34.1,কাজী নাজমুল হোসেন,Independent,83995,766,0.3,very_close,3.43,84761,,,20588,57749,368,,,,,,,,,259,,354,,,,,,,256,,,,,,,,,,,,,,,,,,,,,,,,,,
248,Brahmanbaria 6,ব্রাক্ষণবাড়িয়া-৬,ব্রাহ্মণবাড়িয়া,284531,149603,146223,3380,134928,52.6,2.26,47.4,98,10,2903,94622,64.7,37965,26.0,0,0.0,0,0.0,2305,1.6,2544,1.7,8787,6.0,0,0.0,37965,26.0,0,0.0,মোঃ জোনায়েদ আব্দুর রহিম সাকি,Gonoshonghoti Andolon,94231,64.4,মোঃ মহসীন,Bangladesh Jamaat-e-Islami,37965,56266,38.5,safe,2.06,,37965,,8487,,,,287,,2305,,,,,94231,,,,,,161,,,139,,,,,,,,,,,104,,,,,,,,,,,,,,,
249,Cumilla 1,কুমিল্লা-১,কুমিল্লা,430015,244334,239274,5060,185681,56.8,2.07,43.2,145,9,2966,140305,58.6,91010,38.0,144,0.1,619,0.3,0,0.0,404,0.2,6792,2.8,140305,58.6,90499,37.8,0,0.0,ড. খন্দকার মোশাররফ হোসেন,Bangladesh Nationalist Party - BNP,140305,58.6,মোঃ মনিরুজ্জামান,Bangladesh Jamaat-e-Islami,90499,49806,20.8,safe,2.05,140305,90499,,6389,,619,,,,,,511,,,,,,,,,,,,,,,403,,144,,,,,,,,,,,,,,,,,,,,,
250,Cumilla 2,কুমিল্লা-২,কুমিল্লা,367775,201251,196576,4675,166524,54.7,2.32,45.3,110,6,3343,76268,38.8,50136,25.5,0,0.0,559,0.3,760,0.4,62385,31.7,6468,3.3,76268,38.8,50136,25.5,0,0.0,মোঃ সেলিম ভূঁইয়া,Bangladesh Nationalist Party - BNP,76268,38.8,মোঃ আবদুল মতিন,Independent,62385,13883,7.1,marginal,3.15,76268,50136,,6468,,559,,,,,,,,,,760,,,,,,,,,,,,,,,,,,,,,,,,,,,,,,,,,,
251,Cumilla 3,কুমিল্লা-৩,কুমিল্লা,491227,276801,267807,8994,214426,56.3,3.25,43.7,159,9,3089,158166,59.1,104906,39.2,0,0.0,0,0.0,0,0.0,0,0.0,4735,1.8,157800,58.9,104906,39.2,0,0.0,কাজী শাহ মোফাজ্জাল হোসাইন (কায়কোবাদ),Bangladesh Nationalist Party - BNP,157800,58.9,মোঃ ইউছুফ সোহেল,Bangladesh Jamaat-e-Islami,104906,52894,19.8,competitive,2.0,157800,104906,,3505,,,,218,,,,,,,,,,,,,,,,163,,,111,,,,,713,,243,,,,,,,,,,148,,,,,,
252,Cumilla 4,কুমিল্লা-৪,কুমিল্লা,400454,217016,213015,4001,183438,54.2,1.84,45.8,116,5,3452,49644,23.3,160766,75.5,0,0.0,0,0.0,0,0.0,0,0.0,2605,1.2,0,0.0,0,0.0,160527,75.4,মোঃ আবুল হাসনাত,Jatiyo Nagorik Party - NCP,160527,75.4,মোঃ আঃ জসিম উদ্দিন,Gonodhikar Parishad - GOP,49644,110883,52.1,safe,1.61,,,160527,2191,,,239,49644,,,,,,,,,,,,,,,,414,,,,,,,,,,,,,,,,,,,,,,,,,,
253,Cumilla 5,কুমিল্লা-৫,কুমিল্লা,463839,262185,255743,6442,201654,56.5,2.46,43.5,142,10,3266,132635,51.9,120207,47.0,334,0.1,817,0.3,0,0.0,0,0.0,1750,0.7,132538,51.8,118198,46.2,0,0.0,মোঃ জসীম উদ্দিন,Bangladesh Nationalist Party - BNP,132538,51.8,মোবারক হোসাইন,Bangladesh Jamaat-e-Islami,118198,14340,5.6,marginal,2.07,132538,118198,,1451,,672,,,,,,2009,,,,,334,,,,137,,,162,,,,,,,,,,,97,,,145,,,,,,,,,,,,
254,Cumilla 6,কুমিল্লা-৬,কুমিল্লা,632858,332698,323747,8951,300160,52.6,2.69,47.4,196,9,3229,199750,61.7,114289,35.3,505,0.2,151,0.0,4604,1.4,0,0.0,4448,1.4,199541,61.6,114289,35.3,0,0.0,মোঃ মনিরুল হক চৌধুরী,Bangladesh Nationalist Party - BNP,199541,61.6,কাজী দ্বীন মোহাম্মদ,Bangladesh Jamaat-e-Islami,114289,85252,26.3,safe,1.98,199541,114289,,2414,,,,209,,4604,,,,,,,,505,,,446,,,,,,,,,,,,,,,,,,,151,,1588,,,,,,,,
255,Cumilla 7,কুমিল্লা-৭,কুমিল্লা,323444,182274,177680,4594,141170,56.4,2.52,43.6,105,5,3080,47925,27.0,24597,13.8,0,0.0,259,0.1,0,0.0,90819,51.1,14080,7.9,47925,27.0,0,0.0,0,0.0,আতিকুল আলম,Independent,90819,51.1,রেদোয়ান আহমেদ,Bangladesh Nationalist Party - BNP,47925,42894,24.1,safe,2.78,47925,,,14080,,,24597,,,,,,,,,,,,,,,,,,,,,,,,,,,,,,,,,259,,,,,,,,,,
256,Cumilla 8,কুমিল্লা-৮,কুমিল্লা,372385,221059,215463,5596,151326,59.4,2.53,40.6,105,8,3547,167431,77.7,41345,19.2,159,0.1,722,0.3,3189,1.5,0,0.0,2617,1.2,167431,77.7,41345,19.2,0,0.0,জাকারিয়া তাহের,Bangladesh Nationalist Party - BNP,167431,77.7,মোঃ শফিকুল আলম হেলাল,Bangladesh Jamaat-e-Islami,41345,126086,58.5,safe,1.56,167431,41345,,2184,,722,,,,,,,,,,,,159,,,,,,,3189,,161,,,,,,,,,,,,,,272,,,,,,,,,
257,Cumilla 9,কুমিল্লা-৯,কুমিল্লা,467372,303208,294916,8292,164164,64.9,2.73,35.1,134,8,3488,168108,57.0,113454,38.5,0,0.0,1323,0.4,3875,1.3,697,0.2,7459,2.5,168108,57.0,113454,38.5,0,0.0,মোঃ আবুল কালাম,Bangladesh Nationalist Party - BNP,168108,57.0,ছৈয়দ এ কে এম সরওয়ার উদ্দীন ছিদ্দীকি,Bangladesh Jamaat-e-Islami,113454,54654,18.5,competitive,2.11,168108,113454,,7459,,1199,,,,,,,,,,3875,,,,,,,,,,,,,,,,,,,,,,,,124,,,,,,,,,,
258,Cumilla 10,কুমিল্লা-১০,কুমিল্লা,522289,296078,287110,8968,226211,56.7,3.03,43.3,152,7,3436,162123,56.5,116150,40.5,0,0.0,317,0.1,0,0.0,0,0.0,8520,3.0,161847,56.4,116150,40.5,0,0.0,মোঃ মোবাশ্বের আলম ভূঁইয়া,Bangladesh Nationalist Party - BNP,161847,56.4,মুহাম্মদ ইয়াছিন আরাফাত,Bangladesh Jamaat-e-Islami,116150,45697,15.9,competitive,2.07,161847,116150,,7762,,,,276,,,,,,,,,,,,,,,,,,,,,,,,397,,361,,,,,,317,,,,,,,,,,
259,Cumilla 11,কুমিল্লা-১১,কুমিল্লা,396390,219511,213894,5617,176879,55.4,2.56,44.6,124,7,3197,76638,35.8,133308,62.3,98,0.0,890,0.4,0,0.0,0,0.0,2960,1.4,76638,35.8,133308,62.3,0,0.0,সৈয়দ আবদুল্লাহ  মোহাম্মদ তাহের,Bangladesh Jamaat-e-Islami,133308,62.3,মোঃ কামরুল হুদা,Bangladesh Nationalist Party - BNP,76638,56670,26.5,safe,1.93,76638,133308,,2766,,704,,,,,,,,,,,,,,,,,,,,,,,,,,194,,,,,,,,186,,,,,,,98,,,
260,Chandpur 1,চাঁদপুর-১,চাঁদপুর,348742,209075,203526,5549,139667,60.0,2.65,40.0,110,6,3170,131545,64.6,66781,32.8,0,0.0,626,0.3,4248,2.1,0,0.0,326,0.2,131329,64.5,66781,32.8,0,0.0,আ ন ম এহছানুল হক মিলন,Bangladesh Nationalist Party - BNP,131329,64.5,আবু নছর মোহাম্মদ মকবুল আহমদ,Bangladesh Jamaat-e-Islami,66781,64548,31.7,safe,1.91,131329,66781,,,,626,,216,,4248,,,,,,,,,,,,,,,,,,,,,,,,,,326,,,,,,,,,,,,,,
261,Chandpur 2,চাঁদপুর-২,চাঁদপুর,492377,245720,239857,5863,246657,49.9,2.39,50.1,155,8,3177,170889,71.2,54998,22.9,0,0.0,1280,0.5,0,0.0,0,0.0,12690,5.3,170583,71.1,0,0.0,0,0.0,মোঃ জালাল উদ্দিন,Bangladesh Nationalist Party - BNP,170583,71.1,মোঃ বিল্লাল হোসেন,Liberal Democratic Party - LDP,54733,115850,48.3,safe,1.78,170583,,,12050,,1280,,306,,,54733,,,,,,,,,,,,,,,,502,,,,138,,,,,,265,,,,,,,,,,,,,
262,Chandpur 3,চাঁদপুর-৩,চাঁদপুর,537490,285305,277710,7595,252185,53.1,2.66,46.9,165,7,3258,163738,59.0,96811,34.9,652,0.2,0,0.0,2210,0.8,0,0.0,14299,5.1,163610,58.9,96811,34.9,0,0.0,শেখ ফরিদ আহম্মেদ,Bangladesh Nationalist Party - BNP,163610,58.9,মোঃ শাহজাহান মিয়া,Bangladesh Jamaat-e-Islami,96811,66799,24.1,safe,2.12,163610,96811,,14003,,,,128,,2210,,,,,,,652,,,,,,,,,,,,,,,,,,,296,,,,,,,,,,,,,,
263,Chandpur 4,চাঁদপুর-৪,চাঁদপুর,391260,215687,210033,5654,175573,55.1,2.62,44.9,118,8,3316,67833,32.3,62273,29.6,0,0.0,273,0.1,495,0.2,73783,35.1,5376,2.6,67833,32.3,62273,29.6,0,0.0,মোঃ আবদুল হান্নান,Independent,73599,35.0,মোঃ হারুনুর রশিদ,Bangladesh Nationalist Party - BNP,67833,5766,2.7,very_close,3.17,67833,62273,,5141,,273,,,,495,,,,,,,,,,,,,,,,,,,,,,,,,,235,,,,,,,,,,,,,,
264,Chandpur 5,চাঁদপুর-৫,চাঁদপুর,514866,283516,275763,7753,231350,55.1,2.73,44.9,158,7,3259,182588,66.2,71751,26.0,0,0.0,1469,0.5,12963,4.7,253,0.1,6739,2.4,182588,66.2,0,0.0,0,0.0,মোঃ মমিনুল হক,Bangladesh Nationalist Party - BNP,182588,66.2,মোঃ নেয়ামুল বশির,Liberal Democratic Party - LDP,71751,110837,40.2,safe,1.97,182588,,,6494,,1469,,,,,71751,,,,,12963,,,,,,,,245,,,,,,,,,,,,,,,,,,,,,,,,,,
265,Feni 1,ফেনী-১,ফেনী,374428,209437,204633,4804,164991,55.9,2.29,44.1,121,7,3094,117231,57.3,80959,39.6,0,0.0,1089,0.5,0,0.0,0,0.0,5354,2.6,117231,57.3,80661,39.4,0,0.0,মুন্সী রফিকুল আলম,Bangladesh Nationalist Party - BNP,117231,57.3,এস এম কামাল উদ্দীন,Bangladesh Jamaat-e-Islami,80661,36570,17.9,competitive,2.07,117231,80661,,5149,,905,,,,,,,,,,,,,,,,,,,,,,,,298,,205,,,,,,184,,,,,,,,,,,,
266,Feni 2,ফেনী-২,ফেনী,424331,220100,213536,6564,204231,51.9,2.98,48.1,146,11,2906,128605,60.2,76118,35.6,305,0.1,0,0.0,0,0.0,698,0.3,7810,3.7,128206,60.0,0,0.0,0,0.0,জয়নাল আবদিন,Bangladesh Nationalist Party - BNP,128206,60.0,মোহাম্মদ মজিবুর রহমান ভূঁঞা,Amar Bangladesh Party - AB Party,75090,53116,24.9,safe,2.06,128206,,,6552,748,,,399,,,,75090,,,,,,,,,235,,,234,,,,305,,280,,,,789,,,,,,,,,,,,,,,,
267,Feni 3,ফেনী-৩,ফেনী,492154,271348,264747,6601,220806,55.1,2.43,44.9,161,8,3057,154229,58.3,101136,38.2,704,0.3,1369,0.5,507,0.2,0,0.0,6802,2.6,154229,58.3,100821,38.1,0,0.0,আবদুল আউয়াল মিন্টু,Bangladesh Nationalist Party - BNP,154229,58.3,মোহাম্মদ ফখরুদ্দিন,Bangladesh Jamaat-e-Islami,100821,53408,20.2,safe,2.06,154229,100821,,6493,,1369,,,,,,,,,,507,,704,,,,,,309,,,,,,315,,,,,,,,,,,,,,,,,,,,
268,Noakhali 1,নোয়াখালী-১,নোয়াখালী,438831,243193,237095,6098,195638,55.4,2.51,44.6,141,7,3112,124270,52.4,91941,38.8,0,0.0,1046,0.4,0,0.0,0,0.0,19838,8.4,124270,52.4,91941,38.8,0,0.0,এ. এম. মাহবুব উদ্দিন,Bangladesh Nationalist Party - BNP,124270,52.4,মোঃ ছাইফ উল্যাহ,Bangladesh Jamaat-e-Islami,91941,32329,13.6,competitive,2.32,124270,91941,,18924,,1046,,,,,,,,,,,,,,,459,,,187,,,,,,,,268,,,,,,,,,,,,,,,,,,
269,Noakhali 2,নোয়াখালী-২,নোয়াখালী,350887,202001,196827,5174,148886,57.6,2.56,42.4,111,5,3161,82634,42.0,63369,32.2,0,0.0,551,0.3,0,0.0,44243,22.5,6030,3.1,82634,42.0,0,0.0,63369,32.2,জয়নুল আবদিন ফারুক,Bangladesh Nationalist Party - BNP,82634,42.0,সুলতান মুহাম্মদ জাকারিয়া মজুমদার,Jatiyo Nagorik Party - NCP,63369,19265,9.8,marginal,3.02,82634,,63369,6030,,551,,,,,,,,,,,,,,,,,,,,,,,,,,,,,,,,,,,,,,,,,,,,
270,Noakhali 3,নোয়াখালী-৩,নোয়াখালী,498976,275238,268731,6507,223738,55.2,2.36,44.8,166,7,3006,138937,51.7,118607,44.1,0,0.0,0,0.0,0,0.0,779,0.3,10408,3.9,138937,51.7,117824,43.8,0,0.0,মোঃ বরকত উল্লাহ বুলু,Bangladesh Nationalist Party - BNP,138937,51.7,মোঃ বোরহান উদ্দিন,Bangladesh Jamaat-e-Islami,117824,21113,7.9,marginal,2.17,138937,117824,,9670,,,783,,,,,,,,,,,,,,738,,,,,,,,,,,,,,,,,,,,,,,,,,,,,
271,Noakhali 4,নোয়াখালী-৪,নোয়াখালী,690030,391065,379796,11269,298965,56.7,2.88,43.3,198,7,3485,217436,57.3,144074,37.9,879,0.2,2271,0.6,0,0.0,0,0.0,15136,4.0,216907,57.1,144074,37.9,0,0.0,মোঃ শাহজাহান,Bangladesh Nationalist Party - BNP,216907,57.1,মোঃ ইসহাক খন্দকার,Bangladesh Jamaat-e-Islami,144074,72833,19.2,competitive,2.12,216907,144074,,14648,,2271,,529,,,,,,,,,,,,,,,,488,,,,879,,,,,,,,,,,,,,,,,,,,,,
272,Noakhali 5,নোয়াখালী-৫,নোয়াখালী,492203,283065,274840,8225,209138,57.5,2.91,42.5,155,12,3176,145876,53.1,114710,41.7,167,0.1,1666,0.6,273,0.1,940,0.3,11208,4.1,145876,53.1,114710,41.7,0,0.0,মোহাম্মদ ফখরুল ইসলাম,Bangladesh Nationalist Party - BNP,145876,53.1,মোহাম্মদ বেলায়েত হোসেন,Bangladesh Jamaat-e-Islami,114710,31166,11.3,competitive,2.19,145876,114710,,6106,,1666,,,,,,,,,,273,,,4507,,293,,,161,,,141,167,,,,,,,,,,,,,,,,,,,,,,
273,Noakhali 6,নোয়াখালী-৬,নোয়াখালী,335765,171646,166351,5295,164119,51.1,3.08,48.9,104,10,3229,63563,38.2,90203,54.2,0,0.0,271,0.2,504,0.3,8394,5.0,3416,2.1,63372,38.1,0,0.0,90118,54.2,আবদুল হান্নান মাসউদ,Jatiyo Nagorik Party - NCP,90118,54.2,মোহাম্মদ মাহবুবের রহমান,Bangladesh Nationalist Party - BNP,63372,26746,16.1,competitive,2.27,63372,,90118,2179,,271,,191,,,85,,,,,,,,,,1237,,,,504,,,,,,,,,,,,,,,,,,,,,,,,,
274,Lakshmipur 1,লক্ষীপুর-১,লক্ষ্মীপুর,274261,158064,153600,4464,116197,57.6,2.82,42.4,93,7,2949,85676,55.8,56437,36.7,197,0.1,410,0.3,0,0.0,0,0.0,10880,7.1,85457,55.6,0,0.0,56437,36.7,মোঃ শাহাদাত হোসেন,Bangladesh Nationalist Party - BNP,85457,55.6,মোঃ মাহবুব আলম,Jatiyo Nagorik Party - NCP,56437,29020,18.9,competitive,2.22,85457,,56437,10880,,410,,114,,,,,,,,,,197,,,,,,,,,,,,,,,,,,,,,,,,,,105,,,,,,
275,Lakshmipur 2,লক্ষীপুর-২,লক্ষ্মীপুর,483962,290134,282480,7654,193828,59.9,2.64,40.1,151,7,3205,145548,51.5,127949,45.3,0,0.0,0,0.0,1779,0.6,0,0.0,7204,2.6,145124,51.4,127949,45.3,0,0.0,মোঃ আবুল খায়ের ভূঁইয়া,Bangladesh Nationalist Party - BNP,145124,51.4,"এস, ইউ ,এম, রুহুল আমিন ভূঁইয়া",Bangladesh Jamaat-e-Islami,127949,17175,6.1,marginal,2.13,145124,127949,,6670,,,,424,,,,,,,,,,,,,,,,,1779,,,,,,249,,,,,,,,,,,,,,,,,285,,
276,Lakshmipur 3,লক্ষীপুর-৩,লক্ষ্মীপুর,434605,265254,258590,6664,169351,61.0,2.51,39.0,130,6,3343,134051,51.8,118262,45.7,0,0.0,1306,0.5,0,0.0,0,0.0,4971,1.9,133765,51.7,117779,45.5,0,0.0,মোঃ শহীদউদ্দীন চৌধুরী এ্যানি,Bangladesh Nationalist Party - BNP,133765,51.7,মোঃ রেজাউল করিম,Bangladesh Jamaat-e-Islami,117779,15986,6.2,marginal,2.1,133765,117779,,4971,,1306,,,,,483,,,,,,,,,,,,,,,,,,,,,,,,286,,,,,,,,,,,,,,,
277,Lakshmipur 4,লক্ষীপুর-৪,লক্ষ্মীপুর,412291,236365,229494,6871,175926,57.3,2.91,42.7,122,9,3379,113982,49.7,71159,31.0,411,0.2,0,0.0,0,0.0,1225,0.5,42717,18.6,113725,49.6,71159,31.0,0,0.0,"এ,বি,এম আশরাফ উদ্দিন (নিজান)",Bangladesh Nationalist Party - BNP,113725,49.6,মোঃ আশরাফুর রহমান হাফিজউল্যা,Bangladesh Jamaat-e-Islami,71159,42566,18.5,competitive,2.79,113725,71159,,20795,,,,257,,,,,,,,,,411,,,21922,,,,,,,,,,,,,,,,,,,,,,,,,,,,,
278,Chattogram 1,চট্রগ্রাম-১,চট্টগ্রাম,380099,219418,213843,5575,160681,57.7,2.54,42.3,106,7,3586,127645,59.7,81227,38.0,0,0.0,1631,0.8,0,0.0,0,0.0,3340,1.6,127645,59.7,81227,38.0,0,0.0,নুরুল আমিন,Bangladesh Nationalist Party - BNP,127645,59.7,মোহাম্মদ  ছাইফুর রহমান,Bangladesh Jamaat-e-Islami,81227,46418,21.7,safe,2.0,127645,81227,,2064,,1631,,,,,,,,,,,,,,,252,,,758,,,,,,,,,,,,,,,,,,266,,,,,,,,
280,Chattogram 3,চট্রগ্রাম-৩,চট্টগ্রাম,255700,117607,114857,2750,138093,46.0,2.34,54.0,83,4,3081,72353,63.0,37157,32.4,0,0.0,0,0.0,0,0.0,292,0.3,5055,4.4,72353,63.0,37157,32.4,0,0.0,মোস্তফা কামাল পাশা,Bangladesh Nationalist Party - BNP,72353,63.0,মুহাম্মদ আলা উদ্দীন,Bangladesh Jamaat-e-Islami,37157,35196,30.6,safe,1.99,72353,37157,,5055,,,,,,,,,,,,,,,,,,,,,,,,,,,,,,,,,,,,,,,,,,,,,,
282,Chattogram 5,চট্রগ্রাম-৫,চট্টগ্রাম,495145,213789,208888,4901,281356,43.2,2.29,56.8,143,6,3463,145392,69.6,44908,21.5,0,0.0,0,0.0,15165,7.3,1091,0.5,2332,1.1,145392,69.6,0,0.0,0,0.0,মীর মোহাম্মদ হেলাল উদ্দীন,Bangladesh Nationalist Party - BNP,145392,69.6,মোঃ নাসির উদ্দীন,Bangladesh Khelafat Majlis,44630,100762,48.2,safe,1.87,145392,,,2332,44630,,,,,,,,,,,15165,,,,,,,,,,,,,,,,,,,,,278,,,,,,,,,,,,,
283,Chattogram 6,চট্রগ্রাম-৬,চট্টগ্রাম,335990,164105,159730,4375,171885,48.8,2.67,51.2,95,4,3537,112021,70.1,21013,13.2,0,0.0,0,0.0,26696,16.7,0,0.0,0,0.0,111201,69.6,21013,13.2,0,0.0,গিয়াস উদ্দিন কাদের চৌধুরী,Bangladesh Nationalist Party - BNP,111201,69.6,মোহাম্মদ ইলিয়াছ নূরী,Bangladesh Islami Front,26696,84505,52.9,safe,1.89,111201,21013,,,,,,,,26696,,,,,820,,,,,,,,,,,,,,,,,,,,,,,,,,,,,,,,,,,
284,Chattogram 7,চট্রগ্রাম-৭,চট্টগ্রাম,313164,175353,171728,3625,137811,56.0,2.07,44.0,92,8,3404,100370,58.4,39641,23.1,419,0.2,406,0.2,29633,17.3,0,0.0,1259,0.7,100242,58.4,39485,23.0,0,0.0,হুমাম কাদের চৌধুরী,Bangladesh Nationalist Party - BNP,100242,58.4,এ টি এম রেজাউল করিম,Bangladesh Jamaat-e-Islami,39485,60757,35.4,safe,2.36,100242,39485,,1259,,406,,128,,29633,,156,,,,,419,,,,,,,,,,,,,,,,,,,,,,,,,,,,,,,,,
285,Chattogram 8,চট্রগ্রাম-৮,চট্টগ্রাম,549133,257170,250851,6319,291963,46.8,2.46,53.2,179,6,3068,151737,60.5,54939,21.9,0,0.0,0,0.0,42117,16.8,0,0.0,2058,0.8,151737,60.5,52033,20.7,2906,1.2,এরশাদ উল্লাহ,Bangladesh Nationalist Party - BNP,151737,60.5,মোঃ আবু নাছের,Bangladesh Jamaat-e-Islami,52033,99704,39.7,safe,2.29,151737,52033,2906,1188,,,,,,42117,,,,,,,,,,,,,,870,,,,,,,,,,,,,,,,,,,,,,,,,,
286,Chattogram 9,চট্রগ্রাম-৯,চট্টগ্রাম,412535,172484,168391,4093,240051,41.8,2.37,58.2,121,10,3409,109547,65.1,52382,31.1,488,0.3,0,0.0,4168,2.5,0,0.0,1806,1.1,108522,64.4,52382,31.1,0,0.0,মোহাম্মদ আবু সুফিয়ান,Bangladesh Nationalist Party - BNP,108522,64.4,"ডা, এ কে এম ফজলুল হক",Bangladesh Jamaat-e-Islami,52382,56140,33.3,safe,1.95,108522,52382,,925,,,,,,,,,,,1025,4168,,,553,,124,,,109,,,,488,,,95,,,,,,,,,,,,,,,,,,,
287,Chattogram 10,চট্রগ্রাম-১০,চট্টগ্রাম,486308,210069,205131,4938,276239,43.2,2.35,56.8,139,9,3499,121391,59.2,74864,36.5,300,0.1,1037,0.5,2430,1.2,339,0.2,4770,2.3,121391,59.2,74707,36.4,0,0.0,সাঈদ আল নোমান,Bangladesh Nationalist Party - BNP,121391,59.2,মুহাম্মদ শামসুজ্জামান হেলালী,Bangladesh Jamaat-e-Islami,74707,46684,22.8,safe,2.07,121391,74707,,3818,,1037,,,,,,,,,,2430,,,,,,,,952,,,,300,,,,,,,,,157,,,,,,,,,,,,,
288,Chattogram 11,চট্রগ্রাম-১১,চট্টগ্রাম,489336,202410,198317,4093,286926,41.4,2.02,58.6,143,11,3422,115097,58.0,73632,37.1,335,0.2,974,0.5,5096,2.6,170,0.1,3013,1.5,114995,58.0,73632,37.1,0,0.0,আমির খসরু মাহমুদ চৌধুরী,Bangladesh Nationalist Party - BNP,114995,58.0,মোহাম্মদ শফিউল আলম,Bangladesh Jamaat-e-Islami,73632,41363,20.9,safe,2.11,114995,73632,,2511,,974,,102,,,,,,,,5096,,119,,,,,,204,,,,216,,,,,,,,298,,,,,,,,,,,,,,
289,Chattogram 12,চট্রগ্রাম-১২,চট্টগ্রাম,349495,191404,186663,4741,158091,54.8,2.48,45.2,113,8,3093,134080,71.8,21044,11.3,0,0.0,725,0.4,28777,15.4,235,0.1,1802,1.0,134080,71.8,20942,11.2,0,0.0,মোহাম্মদ এনামুল হক,Bangladesh Nationalist Party - BNP,134080,71.8,ছৈয়দ এয়ার মোহাম্মদ পেয়ারু,Bangladesh Islami Front,28777,105303,56.4,safe,1.81,134080,20942,,879,,725,,,,28777,102,,,,,,,,,,,,,923,,,,,,,,,,,,,,,,,,,,,,,,,,
290,Chattogram 13,চট্রগ্রাম-১৩,চট্টগ্রাম,392033,218841,211546,7295,173192,55.8,3.33,44.2,118,7,3322,125832,59.5,34035,16.1,0,0.0,428,0.2,51062,24.1,0,0.0,189,0.1,125460,59.3,34035,16.1,0,0.0,সরওয়ার জামাল নিজাম,Bangladesh Nationalist Party - BNP,125460,59.3,"এস, এম, শাহজাহান",Bangladesh Islami Front,51062,74398,35.2,safe,2.29,125460,34035,,,,428,,168,,51062,,,,,,,,,,,,,,189,,,,,,,,,,,,,,,,,,,,204,,,,,,
291,Chattogram 14,চট্রগ্রাম-১৪,চট্টগ্রাম,308240,182449,178022,4427,125791,59.2,2.43,40.8,100,8,3082,75779,42.6,72943,41.0,0,0.0,286,0.2,22617,12.7,4749,2.7,1648,0.9,75779,42.6,0,0.0,0,0.0,আলহাজ্ব জসীম উদ্দীন আহমেদ,Bangladesh Nationalist Party - BNP,75779,42.6,ওমর ফারুক,Liberal Democratic Party - LDP,72943,2836,1.6,very_close,2.73,75779,,,1499,,286,,,,22617,72943,,,,,,,,,,,,,149,,,,,,,,,,,,,,,,,,,,,,,,,,
292,Chattogram 15,চট্রগ্রাম-১৫,চট্টগ্রাম,491786,309458,303862,5596,182328,62.9,1.81,37.1,157,3,3132,129300,42.6,171689,56.5,0,0.0,0,0.0,0,0.0,0,0.0,2873,0.9,129300,42.6,171689,56.5,0,0.0,শাহজাহান চৌধুরী,Bangladesh Jamaat-e-Islami,171689,56.5,নাজমুল মোস্তফা আমীন,Bangladesh Nationalist Party - BNP,129300,42389,14.0,competitive,2.0,129300,171689,,2873,,,,,,,,,,,,,,,,,,,,,,,,,,,,,,,,,,,,,,,,,,,,,,
293,Chattogram 16,চট্রগ্রাম-১৬,চট্টগ্রাম,404559,236958,232402,4556,167601,58.6,1.92,41.4,112,7,3612,82478,35.5,89960,38.7,0,0.0,104,0.0,811,0.3,55071,23.7,3978,1.7,82237,35.4,89960,38.7,0,0.0,মোহাম্মদ জহিরুল ইসলাম,Bangladesh Jamaat-e-Islami,89960,38.7,মিশকাতুল ইসলাম চৌধুরী,Bangladesh Nationalist Party - BNP,82237,7723,3.3,very_close,3.02,82237,89960,,3978,,,,241,,,,,,,,811,,,,,,,,,,,,,,,,,,,,,,104,,,,,,,,,,,,
294,Cox's Bazar 1,কক্সবাজার-১,কক্সবাজার,530855,355537,349540,5997,175318,67.0,1.69,33.0,177,3,2999,219758,62.9,125311,35.9,0,0.0,0,0.0,0,0.0,0,0.0,4471,1.3,219758,62.9,125311,35.9,0,0.0,সালাহউদ্দিন আহমদ,Bangladesh Nationalist Party - BNP,219758,62.9,আব্দুল্লাহ আল ফারুখ,Bangladesh Jamaat-e-Islami,125311,94447,27.0,safe,1.91,219758,125311,,4471,,,,,,,,,,,,,,,,,,,,,,,,,,,,,,,,,,,,,,,,,,,,,,
295,Cox's Bazar 2,কক্সবাজার-২,কক্সবাজার,383639,229624,224170,5454,154015,59.9,2.38,40.1,124,5,3094,124853,55.7,89817,40.1,0,0.0,749,0.3,0,0.0,0,0.0,8751,3.9,124660,55.6,89817,40.1,0,0.0,আলমগীর মুহাম্মদ মাহফুজ উল্লাহ ফরিদ,Bangladesh Nationalist Party - BNP,124660,55.6,"এ, এইচ, এম হামিদুর রহমান আযাদ",Bangladesh Jamaat-e-Islami,89817,34843,15.5,competitive,2.12,124660,89817,,8751,,749,,193,,,,,,,,,,,,,,,,,,,,,,,,,,,,,,,,,,,,,,,,,,
296,Cox's Bazar 3,কক্সবাজার-৩,কক্সবাজার,535046,348939,343486,5453,186107,65.2,1.56,34.8,182,6,2940,180507,52.6,156593,45.6,0,0.0,0,0.0,0,0.0,937,0.3,5449,1.6,180507,52.6,156019,45.4,0,0.0,লুৎফুর রহমান,Bangladesh Nationalist Party - BNP,180507,52.6,শহীদুল আলম (বাহাদুর),Bangladesh Jamaat-e-Islami,156019,24488,7.1,marginal,2.07,180507,156019,,5088,,,,,,,,,,,,,,,,,,,,,,,,,,,,,,361,,,574,,,,,,,,,,,,,
297,Cox's Bazar 4,কক্সবাজার-৪,কক্সবাজার,371822,252646,247782,4864,119176,67.9,1.93,32.1,115,4,3233,123393,49.8,120096,48.5,0,0.0,0,0.0,0,0.0,0,0.0,4293,1.7,123021,49.6,120096,48.5,0,0.0,শাহজাহান চৌধুরী,Bangladesh Nationalist Party - BNP,123021,49.6,নুর আহমদ আনোয়ারী,Bangladesh Jamaat-e-Islami,120096,2925,1.2,very_close,2.08,123021,120096,,4293,,,,,,,,,,,,,,,,,,,,,,,,,,,,,,,,,,,,,,,,372,,,,,,
298,Khagrachhari 1,খাগড়াছড়ি,খাগড়াছড়ি,547042,338030,328159,9871,209012,61.8,2.92,38.2,203,11,2695,149895,45.7,56509,17.2,0,0.0,1149,0.4,0,0.0,115902,35.3,4704,1.4,149149,45.5,56509,17.2,0,0.0,আবদুল ওয়াদুদ ভূঁঞা,Bangladesh Nationalist Party - BNP,149149,45.5,ধর্ম জ্যোতি চাকমা,Independent,67858,81291,24.8,safe,3.34,149149,56509,,3036,,968,,746,,,,,,,,,,,,,,,,678,,,,,,,,,990,,,,,181,,,,,,,,,,,,
299,Rangamati 1,রাঙ্গামাটি,রাঙ্গামাটি,503907,270014,260598,9416,233893,53.6,3.49,46.4,213,7,2366,201346,77.3,21776,8.4,0,0.0,2914,1.1,0,0.0,30996,11.9,3566,1.4,199855,76.7,0,0.0,0,0.0,দীপেন দেওয়ান,Bangladesh Nationalist Party - BNP,199855,76.7,পহেল চাকমা,Independent,30996,168859,64.8,safe,1.64,199855,,,3566,21776,2914,,443,,,,,,,,,,,,1048,,,,,,,,,,,,,,,,,,,,,,,,,,,,,,
300,Bandarban 1,বান্দারবান,বান্দরবান,310729,177277,171352,5925,133452,57.1,3.34,42.9,186,4,1671,139231,81.3,25124,14.7,0,0.0,2368,1.4,0,0.0,0,0.0,4629,2.7,139231,81.3,0,0.0,25124,14.7,সাচিং প্রু,Bangladesh Nationalist Party - BNP,139231,81.3,আবু সাঈদ মোঃ সূজা উদ্দীন,Jatiyo Nagorik Party - NCP,25124,114107,66.6,safe,1.46,139231,,25124,4629,,2368,,,,,,,,,,,,,,,,,,,,,,,,,,,,,,,,,,,,,,,,,,,,
