constituency_id,constituency_name,zilla_name,candidate_name,candidate_symbol,votes,total_centers,total_voters,valid_votes,rejected_votes,absent_voters
1,পঞ্চগড়-১,পঞ্চগড়,মুহাম্মদ নওশাদ জমির,ধানের শীষ,174430,155,458802,346256,8798,103748
1,পঞ্চগড়-১,পঞ্চগড়,মোঃ সারজিস আলম,শাপলা কলি,166126,155,458802,346256,8798,103748
1,পঞ্চগড়-১,পঞ্চগড়,নাজমুল হক প্রধান,মোটরগাড়ি (কার),2920,155,458802,346256,8798,103748
1,পঞ্চগড়-১,পঞ্চগড়,মোঃ আব্দুল ওয়াদুদ (বাদশা),একতারা,1017,155,458802,346256,8798,103748
1,পঞ্চগড়-১,পঞ্চগড়,মোঃ মাহাফুজার রহমান,ট্রাক,826,155,458802,346256,8798,103748
1,পঞ্চগড়-১,পঞ্চগড়,মোঃ ফেরদাউস আলম,আনারস,678,155,458802,346256,8798,103748
1,পঞ্চগড়-১,পঞ্চগড়,মোঃ সিরাজুল ইসলাম,টেলিভিশন,259,155,458802,346256,8798,103748
2,পঞ্চগড়-২,পঞ্চগড়,ফরহাদ হোসেন আজাদ,ধানের শীষ,173686,132,414349,312811,7041,94497
2,পঞ্চগড়-২,পঞ্চগড়,মোঃ সফিউল আলম,দাঁড়িপাল্লা,127608,132,414349,312811,7041,94497
2,পঞ্চগড়-২,পঞ্চগড়,মোঃ কামরুল হাসান প্রধান,হাতপাখা,4358,132,414349,312811,7041,94497
2,পঞ্চগড়-২,পঞ্চগড়,মোঃ লুৎফর রহমান রিপন,লাঙ্গল,2126,132,414349,312811,7041,94497
2,পঞ্চগড়-২,পঞ্চগড়,মাহমুদ হোসেন সুমন,ঘোড়া,1821,132,414349,312811,7041,94497
2,পঞ্চগড়-২,পঞ্চগড়,মোঃ দেলোয়ার হোসেন,একতারা,1351,132,414349,312811,7041,94497
2,পঞ্চগড়-২,পঞ্চগড়,মোঃ এমরান আল আমিন,মোটরগাড়ি (কার),941,132,414349,312811,7041,94497
2,পঞ্চগড়-২,পঞ্চগড়,মোঃ আশরাফুল আলম,কাস্তে,920,132,414349,312811,7041,94497
3,ঠাকুরগাঁও-১,ঠাকুরগাঁও,মির্জা ফখরুল ইসলাম আলমগীর,ধানের শীষ,237178,185,507200,380670,7399,119131
3,ঠাকুরগাঁও-১,ঠাকুরগাঁও,দেলাওয়ার হোসেন,দাঁড়িপাল্লা,139571,185,507200,380670,7399,119131
3,ঠাকুরগাঁও-১,ঠাকুরগাঁও,মোঃ খাদেমুল ইসলাম,হাতপাখা,3921,185,507200,380670,7399,119131
4,ঠাকুরগাঁও-২,ঠাকুরগাঁও,মোঃ আব্দুস সালাম,ধানের শীষ,120306,104,337273,240715,5601,90957
4,ঠাকুরগাঁও-২,ঠাকুরগাঁও,মোঃ আব্দুল হাকিম,দাঁড়িপাল্লা,114470,104,337273,240715,5601,90957
4,ঠাকুরগাঁও-২,ঠাকুরগাঁও,নূরুন নাহার বেগম,লাঙ্গল,2854,104,337273,240715,5601,90957
4,ঠাকুরগাঁও-২,ঠাকুরগাঁও,মোঃ ফারুক হোসেন,ট্রাক,1837,104,337273,240715,5601,90957
4,ঠাকুরগাঁও-২,ঠাকুরগাঁও,মোঃ নাহিদ-রানা,ঈগল,446,104,337273,240715,5601,90957
4,ঠাকুরগাঁও-২,ঠাকুরগাঁও,মোঃ রেজাউল করিম,হাতপাখা,431,104,337273,240715,5601,90957
4,ঠাকুরগাঁও-২,ঠাকুরগাঁও,সাহাবউদ্দিন আহাম্মেদ,কাস্তে,371,104,337273,240715,5601,90957
5,ঠাকুরগাঁও-৩,ঠাকুরগাঁও,মোঃ জাহিদুর রহমান,ধানের শীষ,131887,128,361044,254517,5762,100765
5,ঠাকুরগাঁও-৩,ঠাকুরগাঁও,মোঃ মিজানুর রহমান,দাঁড়িপাল্লা,90767,128,361044,254517,5762,100765
5,ঠাকুরগাঁও-৩,ঠাকুরগাঁও,হাফিজ উদ্দিন আহম্মেদ,লাঙ্গল,26934,128,361044,254517,5762,100765
5,ঠাকুরগাঁও-৩,ঠাকুরগাঁও,প্রভাত সমীর শাহজাহান আলম,কাস্তে,1537,128,361044,254517,5762,100765
5,ঠাকুরগাঁও-৩,ঠাকুরগাঁও,মোঃ  আল আমিন,হাতপাখা,1283,128,361044,254517,5762,100765
5,ঠাকুরগাঁও-৩,ঠাকুরগাঁও,কমলা কান্ত রায়,রকেট,666,128,361044,254517,5762,100765
5,ঠাকুরগাঁও-৩,ঠাকুরগাঁও,মোঃ মামুনুর রশিদ মামুন,ট্রাক,551,128,361044,254517,5762,100765
5,ঠাকুরগাঁও-৩,ঠাকুরগাঁও,মোঃ আবুল কালাম আজাদ,একতারা,503,128,361044,254517,5762,100765
5,ঠাকুরগাঁও-৩,ঠাকুরগাঁও,মোছাঃ আশা মনি,ফুটবল,276,128,361044,254517,5762,100765
5,ঠাকুরগাঁও-৩,ঠাকুরগাঁও,এস এম খলিলুর রহমান সরকার,হারিকেন,113,128,361044,254517,5762,100765
6,দিনাজপুর-১,দিনাজপুর,মোঃ মনজুরুল ইসলাম,ধানের শীষ,178489,128,414353,302221,6272,105860
6,দিনাজপুর-১,দিনাজপুর,মোঃ মতিউর রহমান,দাঁড়িপাল্লা,116488,128,414353,302221,6272,105860
6,দিনাজপুর-১,দিনাজপুর,মোঃ চাঁন মিয়া,হাতপাখা,3074,128,414353,302221,6272,105860
6,দিনাজপুর-১,দিনাজপুর,রঘুনাথ চন্দ্র রায়,গোলাপ ফুল,2262,128,414353,302221,6272,105860
6,দিনাজপুর-১,দিনাজপুর,মোঃ শাহিনুর ইসলাম,লাঙ্গল,1515,128,414353,302221,6272,105860
6,দিনাজপুর-১,দিনাজপুর,মোঃ রিজুওয়ানুল ইসলাম,ট্রাক,393,128,414353,302221,6272,105860
7,দিনাজপুর-২,দিনাজপুর,মোঃ সাদিক রিয়াজ,ধানের শীষ,138878,116,368137,269107,6365,92665
7,দিনাজপুর-২,দিনাজপুর,"এ, কে, এম আফজালুল আনাম",দাঁড়িপাল্লা,103693,116,368137,269107,6365,92665
7,দিনাজপুর-২,দিনাজপুর,মোঃ আ ন ম বজলুর রশীদ,মোটর সাইকেল,15538,116,368137,269107,6365,92665
7,দিনাজপুর-২,দিনাজপুর,মোঃ জুলফিকার হোসেন,লাঙ্গল,4613,116,368137,269107,6365,92665
7,দিনাজপুর-২,দিনাজপুর,আনোয়ার চৌধুরী জীবন,জাহাজ,3839,116,368137,269107,6365,92665
7,দিনাজপুর-২,দিনাজপুর,মুহাঃ রেদওয়ানুল কারীম রাবিদ,হাতপাখা,1049,116,368137,269107,6365,92665
7,দিনাজপুর-২,দিনাজপুর,জোবায়ের সাঈদ,রিক্সা,1044,116,368137,269107,6365,92665
7,দিনাজপুর-২,দিনাজপুর,মোঃ মোকারম হোসেন,হারিকেন,453,116,368137,269107,6365,92665
8,দিনাজপুর-৩,দিনাজপুর,সৈয়দ জাহাঙ্গীর আলম,ধানের শীষ,139207,130,411474,280512,5449,125513
8,দিনাজপুর-৩,দিনাজপুর,মোঃ মাইনুল আলম,দাঁড়িপাল্লা,134618,130,411474,280512,5449,125513
8,দিনাজপুর-৩,দিনাজপুর,আহমেদ শফি রুবেল,লাঙ্গল,3797,130,411474,280512,5449,125513
8,দিনাজপুর-৩,দিনাজপুর,মোঃ খাইরুজ্জামান,হাতপাখা,1392,130,411474,280512,5449,125513
8,দিনাজপুর-৩,দিনাজপুর,অমৃত কুমার রায়,কাস্তে,685,130,411474,280512,5449,125513
8,দিনাজপুর-৩,দিনাজপুর,মোঃ রবিউল ইসলাম,কলম,329,130,411474,280512,5449,125513
8,দিনাজপুর-৩,দিনাজপুর,কিবরিয়া হোসেন,মই,279,130,411474,280512,5449,125513
8,দিনাজপুর-৩,দিনাজপুর,লায়লা তুল রীমা,হারিকেন,205,130,411474,280512,5449,125513
9,দিনাজপুর-৪,দিনাজপুর,মোঃ আখতারুজ্জামান মিয়া,ধানের শীষ,165577,130,417762,298034,6264,113464
9,দিনাজপুর-৪,দিনাজপুর,মোঃ আফতাব উদ্দীন মোল্লা,দাঁড়িপাল্লা,127666,130,417762,298034,6264,113464
9,দিনাজপুর-৪,দিনাজপুর,মোঃ নুরুল আমিন শাহ,লাঙ্গল,3105,130,417762,298034,6264,113464
9,দিনাজপুর-৪,দিনাজপুর,মোঃ আনোয়ার হোসাইন,হাতপাখা,1686,130,417762,298034,6264,113464
10,দিনাজপুর-৫,দিনাজপুর,"এ, জেড, এম, রেজওয়ানুল হক",তালা,113650,141,473429,330053,8581,134795
10,দিনাজপুর-৫,দিনাজপুর,মোঃ আব্দুল আহাদ,শাপলা কলি,108948,141,473429,330053,8581,134795
10,দিনাজপুর-৫,দিনাজপুর,এ কে এম কামরুজ্জামান,ধানের শীষ,97727,141,473429,330053,8581,134795
10,দিনাজপুর-৫,দিনাজপুর,"এস, এম জাকারিযা বাচ্চু",কলস,4707,141,473429,330053,8581,134795
10,দিনাজপুর-৫,দিনাজপুর,মোঃ হযরত আলী বেলাল,হরিণ ,2987,141,473429,330053,8581,134795
10,দিনাজপুর-৫,দিনাজপুর,মোঃ কাজী আব্দুল গফুর,লাঙ্গল,1472,141,473429,330053,8581,134795
10,দিনাজপুর-৫,দিনাজপুর,মোঃ রুস্তম আলী,মোটর সাইকেল,562,141,473429,330053,8581,134795
11,দিনাজপুর-৬,দিনাজপুর,আবু জাফর মোঃ জাহিদ হোসেন,ধানের শীষ,203887,199,553211,397922,9355,145934
11,দিনাজপুর-৬,দিনাজপুর,মোঃ আনোয়ারুল ইসলাম,দাঁড়িপাল্লা,188719,199,553211,397922,9355,145934
11,দিনাজপুর-৬,দিনাজপুর,মোঃ রেজাউল হক,লাঙ্গল,2669,199,553211,397922,9355,145934
11,দিনাজপুর-৬,দিনাজপুর,মোঃ নূর আলম সিদ্দিক,হাতপাখা,1642,199,553211,397922,9355,145934
11,দিনাজপুর-৬,দিনাজপুর,মোঃ আবদুল হাকিম,মই,447,199,553211,397922,9355,145934
11,দিনাজপুর-৬,দিনাজপুর,মোঃ আব্দুল্লাহ্‌,ফুটবল,411,199,553211,397922,9355,145934
11,দিনাজপুর-৬,দিনাজপুর,মোঃ শাহনেওয়াজ ফিরোজ শুভ শাহ,ঘোড়া,147,199,553211,397922,9355,145934
12,নীলফামারী-১,নীলফামারী,মোঃ আব্দুস সাত্তার,দাঁড়িপাল্লা,149214,154,456603,290779,6120,159704
12,নীলফামারী-১,নীলফামারী,মাওলানা মোঃ মন্জুরুল ইসলাম,খেজুর গাছ,118160,154,456603,290779,6120,159704
12,নীলফামারী-১,নীলফামারী,মোঃ তছলিম উদ্দিন ,লাঙ্গল,12105,154,456603,290779,6120,159704
12,নীলফামারী-১,নীলফামারী,মোঃ মখদুম আজম মাশরাফী,বাইসাইকেল,4499,154,456603,290779,6120,159704
12,নীলফামারী-১,নীলফামারী,জেবেল রহমান গানি,গাভী,4435,154,456603,290779,6120,159704
12,নীলফামারী-১,নীলফামারী,মোঃ আঃ জলিল,হাতপাখা,1854,154,456603,290779,6120,159704
12,নীলফামারী-১,নীলফামারী,মোঃ রফিকুল ইসলাম,কাঁচি,304,154,456603,290779,6120,159704
12,নীলফামারী-১,নীলফামারী,মোঃ সিরাজুল ইসলাম,টেলিভিশন,208,154,456603,290779,6120,159704
13,নীলফামারী-২,নীলফামারী,আলফারুক আব্দুল লতীফ,দাঁড়িপাল্লা,145202,134,382969,283845,4435,94689
13,নীলফামারী-২,নীলফামারী,শাহরিন ইসলাম,ধানের শীষ,134579,134,382969,283845,4435,94689
13,নীলফামারী-২,নীলফামারী,হাছিবুল ইসলাম,হাতপাখা,3236,134,382969,283845,4435,94689
13,নীলফামারী-২,নীলফামারী,মোঃ সরোয়ারুল আলম,দেওয়াল ঘড়ি,346,134,382969,283845,4435,94689
13,নীলফামারী-২,নীলফামারী,মোঃ মিনহাজুল ইসলাম মিনহাজ,ফুটবল,293,134,382969,283845,4435,94689
13,নীলফামারী-২,নীলফামারী,মোঃ সিরাজুল ইসলাম,টেলিভিশন,189,134,382969,283845,4435,94689
14,নীলফামারী-৩,নীলফামারী,ওবায়দুল্লাহ সালাফী,দাঁড়িপাল্লা,108560,105,292070,202009,3755,86306
14,নীলফামারী-৩,নীলফামারী,আলহাজ্ব সৈয়দ আলী,ধানের শীষ,89102,105,292070,202009,3755,86306
14,নীলফামারী-৩,নীলফামারী,মোঃ রোহান চৌধুরী,লাঙ্গল,3362,105,292070,202009,3755,86306
14,নীলফামারী-৩,নীলফামারী,মোঃ আমজাদ হোসেন (সরকার),হাতপাখা,985,105,292070,202009,3755,86306
15,নীলফামারী-৪,নীলফামারী,আব্দুল মুনতাকিম,দাঁড়িপাল্লা,124865,169,448646,287879,6983,153784
15,নীলফামারী-৪,নীলফামারী,মোঃ আবদুল গফুর সরকার,ধানের শীষ,81526,169,448646,287879,6983,153784
15,নীলফামারী-৪,নীলফামারী,মোঃ সিদ্দিকুল আলম,লাঙ্গল,67246,169,448646,287879,6983,153784
15,নীলফামারী-৪,নীলফামারী,মোঃ শহিদুল ইসলাম,হাতপাখা,8312,169,448646,287879,6983,153784
15,নীলফামারী-৪,নীলফামারী,মোঃ রিয়াদ আরফান সরকার,ফুটবল,3786,169,448646,287879,6983,153784
15,নীলফামারী-৪,নীলফামারী,জোবায়দুর রহমান (হীরা),ঘোড়া,995,169,448646,287879,6983,153784
15,নীলফামারী-৪,নীলফামারী,মোঃ মাইদুল ইসলাম,কাঁচি,628,169,448646,287879,6983,153784
15,নীলফামারী-৪,নীলফামারী,"এস,এম, মামুনুর রশিদ",মোটর সাইকেল,426,169,448646,287879,6983,153784
15,নীলফামারী-৪,নীলফামারী,মির্জা মোঃ শওকত আকবর (রওশন),কাঁঠাল,95,169,448646,287879,6983,153784
16,লালমনিরহাট-১,লালমনিরহাট,মোঃ হাসান রাজীব প্রধান,ধানের শীষ,137677,137,400305,282613,6145,111547
16,লালমনিরহাট-১,লালমনিরহাট,মোঃ আনোয়ারুল ইসলাম রাজু,দাঁড়িপাল্লা,128332,137,400305,282613,6145,111547
16,লালমনিরহাট-১,লালমনিরহাট,শিহাব আহমেদ,ঘোড়া,7895,137,400305,282613,6145,111547
16,লালমনিরহাট-১,লালমনিরহাট,মোঃ মসিউর রহমান রাঙ্গাঁ,লাঙ্গল,5121,137,400305,282613,6145,111547
16,লালমনিরহাট-১,লালমনিরহাট,মুহাম্মদ ফজলুল করিম শাহারিয়া,হাতপাখা,2231,137,400305,282613,6145,111547
16,লালমনিরহাট-১,লালমনিরহাট,মোঃ রেজাউল করিম সরকার,মোটর সাইকেল,800,137,400305,282613,6145,111547
16,লালমনিরহাট-১,লালমনিরহাট,হাবিব মোঃ ফারুক,মোটরগাড়ি (কার),225,137,400305,282613,6145,111547
16,লালমনিরহাট-১,লালমনিরহাট,আবু সামা মোঃ রেদওয়ানুল হক,তালা,189,137,400305,282613,6145,111547
16,লালমনিরহাট-১,লালমনিরহাট,মোঃ শুভ আহমেদ,আনারস,143,137,400305,282613,6145,111547
17,লালমনিরহাট-২,লালমনিরহাট,মোঃ রোকন উদ্দীন বাবুল,ধানের শীষ,123343,155,430343,271796,5666,152881
17,লালমনিরহাট-২,লালমনিরহাট,মোঃ ফিরোজ হায়দার,দাঁড়িপাল্লা,116236,155,430343,271796,5666,152881
17,লালমনিরহাট-২,লালমনিরহাট,মোঃ শামীম কামাল,কলম,19939,155,430343,271796,5666,152881
17,লালমনিরহাট-২,লালমনিরহাট,মোঃ মাহফুজুর রহমান,হাতপাখা,6921,155,430343,271796,5666,152881
17,লালমনিরহাট-২,লালমনিরহাট,মোঃ মমতাজ আলী,মোটর সাইকেল,3484,155,430343,271796,5666,152881
17,লালমনিরহাট-২,লালমনিরহাট,নিমাই চন্দ্র রায়,কাস্তে,1074,155,430343,271796,5666,152881
17,লালমনিরহাট-২,লালমনিরহাট,মোঃ এলাহান উদ্দিন,লাঙ্গল,799,155,430343,271796,5666,152881
18,লালমনিরহাট-৩,লালমনিরহাট,আসাদুল হাবিব দুলু,ধানের শীষ,138691,94,305835,201051,3874,100910
18,লালমনিরহাট-৩,লালমনিরহাট,মোঃ আবু তাহের,দাঁড়িপাল্লা,55671,94,305835,201051,3874,100910
18,লালমনিরহাট-৩,লালমনিরহাট,মোঃ আমিনুল ইসলাম,হাতপাখা,3268,94,305835,201051,3874,100910
18,লালমনিরহাট-৩,লালমনিরহাট,মোঃ জাহিদ হাসান,লাঙ্গল,2133,94,305835,201051,3874,100910
18,লালমনিরহাট-৩,লালমনিরহাট,মধু সুদন রায়,কাস্তে,861,94,305835,201051,3874,100910
18,লালমনিরহাট-৩,লালমনিরহাট,দীপক কুমার রায়,মাথাল,427,94,305835,201051,3874,100910
19,রংপুর-১,রংপুর,মোঃ রায়হান সিরাজী,দাঁড়িপাল্লা,145543,139,371968,220874,4962,146132
19,রংপুর-১,রংপুর,মোঃ মোকাররম হোসেন সুজন,ধানের শীষ,68631,139,371968,220874,4962,146132
19,রংপুর-১,রংপুর,এ টি এম গোলাম মোস্তফা,হাতপাখা,5179,139,371968,220874,4962,146132
19,রংপুর-১,রংপুর,মোঃ আনাস,চেয়ার,1087,139,371968,220874,4962,146132
19,রংপুর-১,রংপুর,আহসানুল আরেফিন,কাঁচি,434,139,371968,220874,4962,146132
20,রংপুর-২,রংপুর,এ টি এম আজহারুল ইসলাম,দাঁড়িপাল্লা,134187,137,377802,253874,5256,118672
20,রংপুর-২,রংপুর,মোহাম্মদ আলী সরকার,ধানের শীষ,79862,137,377802,253874,5256,118672
20,রংপুর-২,রংপুর,আনিছুল ইসলাম মন্ডল,লাঙ্গল,33681,137,377802,253874,5256,118672
20,রংপুর-২,রংপুর,মোঃ আশরাফ আলী,হাতপাখা,5830,137,377802,253874,5256,118672
20,রংপুর-২,রংপুর,মোঃ আজিজুর রহমান,তারা,314,137,377802,253874,5256,118672
21,রংপুর-৩,রংপুর,মোঃ মাহবুবুর রহমান (বেলাল),দাঁড়িপাল্লা,175827,169,502992,313919,6560,182513
21,রংপুর-৩,রংপুর,মোঃ সামসুজ্জামান সামু,ধানের শীষ,84578,169,502992,313919,6560,182513
21,রংপুর-৩,রংপুর,গোলাম মোহাম্মদ কাদের,লাঙ্গল,43385,169,502992,313919,6560,182513
21,রংপুর-৩,রংপুর,মোঃ আমিরুজ্জমান,হাতপাখা,8590,169,502992,313919,6560,182513
21,রংপুর-৩,রংপুর,মোঃ আব্দুল কুদ্দুছ,মই,484,169,502992,313919,6560,182513
21,রংপুর-৩,রংপুর,রিটা রহমান,সূর্যমুখী ফুল,441,169,502992,313919,6560,182513
21,রংপুর-৩,রংপুর,মোঃ আনোয়ার হোসেন  বাবলু,কাঁচি,413,169,502992,313919,6560,182513
21,রংপুর-৩,রংপুর,মোছাঃ আনোয়ারা ইসলাম রানী,হরিণ ,201,169,502992,313919,6560,182513
22,রংপুর-৪,রংপুর,আখতার হোসেন,শাপলা কলি,147947,163,505258,326770,7877,170611
22,রংপুর-৪,রংপুর,মোহাম্মদ এমদাদুল হক ভরসা,ধানের শীষ,139616,163,505258,326770,7877,170611
22,রংপুর-৪,রংপুর,আবু নাসের শাহ মোঃ মাহবুবার রহমান,লাঙ্গল,33397,163,505258,326770,7877,170611
22,রংপুর-৪,রংপুর,মোঃ জাহিদ হোসেন,হাতপাখা,4414,163,505258,326770,7877,170611
22,রংপুর-৪,রংপুর,উজ্জল চন্দ্র রায়,ডাব,540,163,505258,326770,7877,170611
22,রংপুর-৪,রংপুর,আবু সাহ্‌মা,রিক্সা,337,163,505258,326770,7877,170611
22,রংপুর-৪,রংপুর,প্রগতি বর্মন তমা,কাঁচি,230,163,505258,326770,7877,170611
22,রংপুর-৪,রংপুর,মোঃ জয়নুল আবেদিন,ঘোড়া,167,163,505258,326770,7877,170611
22,রংপুর-৪,রংপুর,মোঃ শাহ আলম বাসার,হরিণ ,122,163,505258,326770,7877,170611
23,রংপুর-৫,রংপুর,মোঃ গোলাম রব্বানী,দাঁড়িপাল্লা,174149,152,464741,308813,7878,148050
23,রংপুর-৫,রংপুর,মোঃ গোলাম রব্বানী,ধানের শীষ,114263,152,464741,308813,7878,148050
23,রংপুর-৫,রংপুর,এস এম ফখর উজ জামান,লাঙ্গল,16376,152,464741,308813,7878,148050
23,রংপুর-৫,রংপুর,মোঃ গোলজার হোসেন,হাতপাখা,2372,152,464741,308813,7878,148050
23,রংপুর-৫,রংপুর,মোঃ আবু হেলাল,কাস্তে,490,152,464741,308813,7878,148050
23,রংপুর-৫,রংপুর,মোঃ আব্দুল বাছেত,ঈগল,350,152,464741,308813,7878,148050
23,রংপুর-৫,রংপুর,মোঃ বাবুল আক্তার,কাঁচি,349,152,464741,308813,7878,148050
23,রংপুর-৫,রংপুর,খন্দকার মুকিত আল মাহমুদ,ফুটবল,251,152,464741,308813,7878,148050
23,রংপুর-৫,রংপুর,মোঃ মাহ্‌বুবুর রহমান,ডাব,129,152,464741,308813,7878,148050
23,রংপুর-৫,রংপুর,মোফাখখারুল ইসলাম নবাব,কেটলি,84,152,464741,308813,7878,148050
24,রংপুর-৬,রংপুর,মোঃ নুরুল আমীন,দাঁড়িপাল্লা,118890,113,352852,239898,5072,107882
24,রংপুর-৬,রংপুর,মোঃ সাইফুল ইসলাম,ধানের শীষ,116919,113,352852,239898,5072,107882
24,রংপুর-৬,রংপুর,সুলতান মাহমুদ,হাতপাখা,2074,113,352852,239898,5072,107882
24,রংপুর-৬,রংপুর,মোঃ নূর আলম মিয়া,লাঙ্গল,1264,113,352852,239898,5072,107882
24,রংপুর-৬,রংপুর,খন্দকার শাহিদুল ইসলাম,ফুটবল,227,113,352852,239898,5072,107882
24,রংপুর-৬,রংপুর,মোঃ ছাদেকুল ইসলাম,ঈগল,218,113,352852,239898,5072,107882
24,রংপুর-৬,রংপুর,আবু জাফর মোঃ জাহিদ,ঘোড়া,156,113,352852,239898,5072,107882
24,রংপুর-৬,রংপুর,তাকিয়া জাহান চৌধুরী,সূর্যমুখী ফুল,150,113,352852,239898,5072,107882
25,কুড়িগ্রাম-১,কুড়িগ্রাম,মোঃ আনোয়ারুল ইসলাম,দাঁড়িপাল্লা,139498,231,560266,353974,6518,199774
25,কুড়িগ্রাম-১,কুড়িগ্রাম,সাইফুর রহমান রানা,ধানের শীষ,122319,231,560266,353974,6518,199774
25,কুড়িগ্রাম-১,কুড়িগ্রাম,এ কে এম মোস্তাফিজুর রহমান,লাঙ্গল,50392,231,560266,353974,6518,199774
25,কুড়িগ্রাম-১,কুড়িগ্রাম,মোঃ হারিসুল বারী,হাতপাখা,38670,231,560266,353974,6518,199774
25,কুড়িগ্রাম-১,কুড়িগ্রাম,মোঃ আব্দুল হাই,গোলাপ ফুল,2869,231,560266,353974,6518,199774
25,কুড়িগ্রাম-১,কুড়িগ্রাম,মোঃ বিন ইয়ামীন মোল্লা,ট্রাক,226,231,560266,353974,6518,199774
26,কুড়িগ্রাম-২,কুড়িগ্রাম,আতিকুর রহমান মোজাহিদ,শাপলা কলি,178869,205,600806,391038,9547,200221
26,কুড়িগ্রাম-২,কুড়িগ্রাম,মোঃ সোহেল হোসনাইন কায়কোবাদ,ধানের শীষ,170335,205,600806,391038,9547,200221
26,কুড়িগ্রাম-২,কুড়িগ্রাম,মোঃ নূর বখ্‌ত,হাতপাখা,24719,205,600806,391038,9547,200221
26,কুড়িগ্রাম-২,কুড়িগ্রাম,পনির উদ্দিন আহমেদ,লাঙ্গল,13736,205,600806,391038,9547,200221
26,কুড়িগ্রাম-২,কুড়িগ্রাম,মুহাম্মদ আব্দুস সালাম,কেটলি,1091,205,600806,391038,9547,200221
26,কুড়িগ্রাম-২,কুড়িগ্রাম,মোঃ নজরুল ইসলাম খান,ঈগল,900,205,600806,391038,9547,200221
26,কুড়িগ্রাম-২,কুড়িগ্রাম,নূর মোহাম্মদ,কাস্তে,656,205,600806,391038,9547,200221
26,কুড়িগ্রাম-২,কুড়িগ্রাম,মোঃ আতিকুর রহমান,কাঁঠাল,420,205,600806,391038,9547,200221
26,কুড়িগ্রাম-২,কুড়িগ্রাম,মোঃ সাফিউর রহমান,হাঁস,312,205,600806,391038,9547,200221
27,কুড়িগ্রাম-৩,কুড়িগ্রাম,মোঃ মাহবুবুল আলম,দাঁড়িপাল্লা,106933,140,366368,222236,4074,140058
27,কুড়িগ্রাম-৩,কুড়িগ্রাম,তাসভীর উল ইসলাম,ধানের শীষ,78982,140,366368,222236,4074,140058
27,কুড়িগ্রাম-৩,কুড়িগ্রাম,ডাঃ মোঃ আককাছ  আলী সরকার,হাতপাখা,33409,140,366368,222236,4074,140058
27,কুড়িগ্রাম-৩,কুড়িগ্রাম,আব্দুস সোবহান,লাঙ্গল,2078,140,366368,222236,4074,140058
27,কুড়িগ্রাম-৩,কুড়িগ্রাম,সরকার মোঃ নুরে এরশাদ সিদ্দিকী,ট্রাক,596,140,366368,222236,4074,140058
27,কুড়িগ্রাম-৩,কুড়িগ্রাম,মোঃ সাফিউর রহমান,হাঁস,238,140,366368,222236,4074,140058
28,কুড়িগ্রাম-৪,কুড়িগ্রাম,মোঃ মোস্তাফিজুর রহমান,দাঁড়িপাল্লা,106347,130,358967,219677,3618,135672
28,কুড়িগ্রাম-৪,কুড়িগ্রাম,মোঃ আজিজুর রহমান,ধানের শীষ,83762,130,358967,219677,3618,135672
28,কুড়িগ্রাম-৪,কুড়িগ্রাম,মোঃ রুকুনুজ্জামান,বালতি,20728,130,358967,219677,3618,135672
28,কুড়িগ্রাম-৪,কুড়িগ্রাম,মোঃ হাফিজুর  রহমান,হাতপাখা,6190,130,358967,219677,3618,135672
28,কুড়িগ্রাম-৪,কুড়িগ্রাম,কে এম ফজলুল মন্ডল,লাঙ্গল,2149,130,358967,219677,3618,135672
28,কুড়িগ্রাম-৪,কুড়িগ্রাম,রাজু আহমেদ,কাঁচি,311,130,358967,219677,3618,135672
28,কুড়িগ্রাম-৪,কুড়িগ্রাম,শেখ মোহামমদ আব্দুল খালেক,মই,190,130,358967,219677,3618,135672
29,গাইবান্ধা-১,গাইবান্ধা,মোঃ মাজেদুর রহমান,দাঁড়িপাল্লা,138945,123,415903,240833,6083,168987
29,গাইবান্ধা-১,গাইবান্ধা,খন্দকার জিয়াউল ইসলাম মোহাম্মদ আলী,ধানের শীষ,37851,123,415903,240833,6083,168987
29,গাইবান্ধা-১,গাইবান্ধা,শামীম হায়দার পাটোয়ারী,লাঙ্গল,33927,123,415903,240833,6083,168987
29,গাইবান্ধা-১,গাইবান্ধা,মোঃ মোস্তফা মহসিন,ঢেঁকি,27130,123,415903,240833,6083,168987
29,গাইবান্ধা-১,গাইবান্ধা,মোঃ রমজান আলী,হাতপাখা,2044,123,415903,240833,6083,168987
29,গাইবান্ধা-১,গাইবান্ধা,পরমানন্দ দাস,কাঁচি,394,123,415903,240833,6083,168987
29,গাইবান্ধা-১,গাইবান্ধা,মোছাঃ ছালমা আক্তার,কলস,368,123,415903,240833,6083,168987
29,গাইবান্ধা-১,গাইবান্ধা,মোঃ কওছর আজম হান্নু,প্রজাপতি,174,123,415903,240833,6083,168987
30,গাইবান্ধা-২,গাইবান্ধা,মোঃ আব্দুল করিম,দাঁড়িপাল্লা,121073,118,408000,239881,5410,162709
30,গাইবান্ধা-২,গাইবান্ধা,মোঃ আনিসুজ্জামান খান বাবু,ধানের শীষ,92180,118,408000,239881,5410,162709
30,গাইবান্ধা-২,গাইবান্ধা,মোঃ আব্দুর রশীদ সরকার,লাঙ্গল,21143,118,408000,239881,5410,162709
30,গাইবান্ধা-২,গাইবান্ধা,মোহাম্মদ আব্দুল মাজেদ,হাতপাখা,2351,118,408000,239881,5410,162709
30,গাইবান্ধা-২,গাইবান্ধা,মিহির কুমার ঘোষ,কাস্তে,2318,118,408000,239881,5410,162709
30,গাইবান্ধা-২,গাইবান্ধা,আহসানুল হাবীব সাঈদ,কাঁচি,620,118,408000,239881,5410,162709
30,গাইবান্ধা-২,গাইবান্ধা,মোঃ শাহেদুর জাহান,কলম,196,118,408000,239881,5410,162709
31,গাইবান্ধা-৩,গাইবান্ধা,আবুল কাওছার মোহাম্মদ নজরুল ইসলাম,দাঁড়িপাল্লা,160552,146,501943,309352,7334,185257
31,গাইবান্ধা-৩,গাইবান্ধা,অধ্যাপক ডাঃ সৈয়দ মইনুল হাসান সাদিক,ধানের শীষ,138700,146,501943,309352,7334,185257
31,গাইবান্ধা-৩,গাইবান্ধা,মোঃ এ টি এম আওলাদ হোসাইন,হাতপাখা,2816,146,501943,309352,7334,185257
31,গাইবান্ধা-৩,গাইবান্ধা,এস এম খাদেমুল ইসলাম খুদি,ঘোড়া,2009,146,501943,309352,7334,185257
31,গাইবান্ধা-৩,গাইবান্ধা,মোঃ সুরুজ মিয়া,ট্রাক,1773,146,501943,309352,7334,185257
31,গাইবান্ধা-৩,গাইবান্ধা,মইনুর রাব্বী চৌধুরী,লাঙ্গল,1604,146,501943,309352,7334,185257
31,গাইবান্ধা-৩,গাইবান্ধা,মোঃ আজিজার রহমান,ঢেঁকি,1086,146,501943,309352,7334,185257
31,গাইবান্ধা-৩,গাইবান্ধা,মোঃ আব্দুল্লাহ আদিল,কাস্তে,515,146,501943,309352,7334,185257
31,গাইবান্ধা-৩,গাইবান্ধা,মোঃ মনজুরুল হক,কলম,156,146,501943,309352,7334,185257
31,গাইবান্ধা-৩,গাইবান্ধা,মোঃ মোছাদ্দিকুল ইসলাম,আপেল,141,146,501943,309352,7334,185257
32,গাইবান্ধা-৪,গাইবান্ধা,মোহাম্মদ শামীম কায়সার,ধানের শীষ,141712,142,464871,285505,7091,172275
32,গাইবান্ধা-৪,গাইবান্ধা,মোঃ আব্দুর রহিম সরকার,দাঁড়িপাল্লা,138200,142,464871,285505,7091,172275
32,গাইবান্ধা-৪,গাইবান্ধা,কাজী মোঃ মশিউর রহমান,লাঙ্গল,2330,142,464871,285505,7091,172275
32,গাইবান্ধা-৪,গাইবান্ধা,মোঃ আব্দুর রউফ আকন্দ,মোটর সাইকেল,1540,142,464871,285505,7091,172275
32,গাইবান্ধা-৪,গাইবান্ধা,সৈয়দ তৌহিদুল ইসলাম তুহিন,হাতপাখা,1357,142,464871,285505,7091,172275
32,গাইবান্ধা-৪,গাইবান্ধা,মোঃ আতোয়ারুল ইসলাম,কোদাল,366,142,464871,285505,7091,172275
33,গাইবান্ধা-৫,গাইবান্ধা,মোঃ আব্দুল ওয়ারেছ,দাঁড়িপাল্লা,87913,146,381751,213252,5512,162987
33,গাইবান্ধা-৫,গাইবান্ধা,মোঃ ফারুক আলম সরকার,ধানের শীষ,72741,146,381751,213252,5512,162987
33,গাইবান্ধা-৫,গাইবান্ধা,নাহিদুজ্জামান নিশাদ,হাঁস,37235,146,381751,213252,5512,162987
33,গাইবান্ধা-৫,গাইবান্ধা,এ এইচ এম গোলাম শহীদ রন্জু,মোটর সাইকেল,8592,146,381751,213252,5512,162987
33,গাইবান্ধা-৫,গাইবান্ধা,শামীম হায়দার পাটোয়ারী,লাঙ্গল,3375,146,381751,213252,5512,162987
33,গাইবান্ধা-৫,গাইবান্ধা,মোঃ আজিজুল ইসলাম,হাতপাখা,2190,146,381751,213252,5512,162987
33,গাইবান্ধা-৫,গাইবান্ধা,হাসান মেহেদী বিদ্যুৎ,ঘোড়া,499,146,381751,213252,5512,162987
33,গাইবান্ধা-৫,গাইবান্ধা,শ্রী নিরমল,কাস্তে,461,146,381751,213252,5512,162987
33,গাইবান্ধা-৫,গাইবান্ধা,মোছাঃ রাহেলা খাতুন,কাঁচি,246,146,381751,213252,5512,162987
34,জয়পুরহাট-১,জয়পুরহাট,মোঃ ফজলুর রহমান সাঈদ,দাঁড়িপাল্লা,163279,151,462258,331949,6451,123858
34,জয়পুরহাট-১,জয়পুরহাট,মোঃ মাসুদ রানা প্রধান,ধানের শীষ,154320,151,462258,331949,6451,123858
34,জয়পুরহাট-১,জয়পুরহাট,সাবেকুন নাহার,ঘোড়া,13162,151,462258,331949,6451,123858
34,জয়পুরহাট-১,জয়পুরহাট,তৌফিকা দেওয়ান,কাঁচি,616,151,462258,331949,6451,123858
34,জয়পুরহাট-১,জয়পুরহাট,মোঃ ওয়াজেদ পারভেজ,মই,572,151,462258,331949,6451,123858
35,জয়পুরহাট-২,জয়পুরহাট,মোঃ আব্দুল বারী,ধানের শীষ,157128,104,348101,249656,5919,92526
35,জয়পুরহাট-২,জয়পুরহাট,এস এম রাশেদুল আলম,দাঁড়িপাল্লা,91012,104,348101,249656,5919,92526
35,জয়পুরহাট-২,জয়পুরহাট,"এস, এ, জাহিদ",ঈগল,1516,104,348101,249656,5919,92526
36,বগুড়া-১,বগুড়া,কাজী রফিকুল ইসলাম,ধানের শীষ,169861,126,372794,228693,3830,140271
36,বগুড়া-১,বগুড়া,মোঃ শাহাবুদ্দিন,দাঁড়িপাল্লা,56933,126,372794,228693,3830,140271
36,বগুড়া-১,বগুড়া,এ বি এম মোস্তফা কামাল পাশা,হাতপাখা,1009,126,372794,228693,3830,140271
36,বগুড়া-১,বগুড়া,মোঃ আসাদুল হক,ডাব,593,126,372794,228693,3830,140271
36,বগুড়া-১,বগুড়া,মোঃ ‌জুলফিকার আলী,উদীয়মান সূর্য,297,126,372794,228693,3830,140271
37,বগুড়া-২,বগুড়া,মীর শাহে আলম,ধানের শীষ,144339,114,339340,242159,4328,92853
37,বগুড়া-২,বগুড়া,আবুল আজাদ মোহাম্মদ শাহাদুজ্জামান,দাঁড়িপাল্লা,92630,114,339340,242159,4328,92853
37,বগুড়া-২,বগুড়া,মাহমুদুর রহমান মান্না,কেটলি,3404,114,339340,242159,4328,92853
37,বগুড়া-২,বগুড়া, মোঃ জামাল উদ্দীন,হাতপাখা,904,114,339340,242159,4328,92853
37,বগুড়া-২,বগুড়া,শরিফুল ইসলাম জিন্নাহ,লাঙ্গল,428,114,339340,242159,4328,92853
37,বগুড়া-২,বগুড়া,মোঃ সেলিম সরকার,ট্রাক,273,114,339340,242159,4328,92853
37,বগুড়া-২,বগুড়া,মোঃ রেজাউল করিম তালু,সিড়ি,181,114,339340,242159,4328,92853
38,বগুড়া-৩,বগুড়া,মোঃ আব্দুল মহিত তালুকদার,ধানের শীষ,126674,118,335362,239596,4198,91568
38,বগুড়া-৩,বগুড়া,নূর মোহাম্মদ,দাঁড়িপাল্লা,109676,118,335362,239596,4198,91568
38,বগুড়া-৩,বগুড়া,মোঃ শাহজাহান আলী তালুকদার,হাতপাখা,1771,118,335362,239596,4198,91568
38,বগুড়া-৩,বগুড়া,মোঃ শাহিনুল ইসলাম,লাঙ্গল,1475,118,335362,239596,4198,91568
39,বগুড়া-৪,বগুড়া,মোঃ মোশারফ হোসেন,ধানের শীষ,154697,114,356993,266926,4133,85934
39,বগুড়া-৪,বগুড়া,মোঃ মোস্তফা ফয়সাল,দাঁড়িপাল্লা,108191,114,356993,266926,4133,85934
39,বগুড়া-৪,বগুড়া,মুহাঃ ইদ্রিস আলী,হাতপাখা,2938,114,356993,266926,4133,85934
39,বগুড়া-৪,বগুড়া,শাহীন মোস্তফা কামাল,লাঙ্গল,1100,114,356993,266926,4133,85934
40,বগুড়া-৫,বগুড়া,গোলাম মোহাম্মদ সিরাজ,ধানের শীষ,247816,188,569165,398580,8194,162391
40,বগুড়া-৫,বগুড়া,মোঃ দবিবুর রহমান,দাঁড়িপাল্লা,142322,188,569165,398580,8194,162391
40,বগুড়া-৫,বগুড়া,মীর মোঃ মাহমুদুর রহমান,হাতপাখা,5540,188,569165,398580,8194,162391
40,বগুড়া-৫,বগুড়া,শিপন কুমার রবিদাস,কাস্তে,1774,188,569165,398580,8194,162391
40,বগুড়া-৫,বগুড়া,খান কুদরত-ই- সাকলায়েন,ছাতা,1128,188,569165,398580,8194,162391
41,বগুড়া-৬,বগুড়া,তারেক রহমান,ধানের শীষ,214739,150,450307,314855,4888,130564
41,বগুড়া-৬,বগুড়া,মোঃ আবিদুর রহমান,দাঁড়িপাল্লা,96564,150,450307,314855,4888,130564
41,বগুড়া-৬,বগুড়া,আবু নুমান মোঃ মামুনুর রশিদ,হাতপাখা,2495,150,450307,314855,4888,130564
41,বগুড়া-৬,বগুড়া,দিলরুবা,মই,789,150,450307,314855,4888,130564
41,বগুড়া-৬,বগুড়া,আবদুল্লাহ-আল-ওয়াকি,তারা,268,150,450307,314855,4888,130564
42,বগুড়া-৭,বগুড়া,মোরশেদ মিলটন,ধানের শীষ,262501,173,533463,380250,6436,146777
42,বগুড়া-৭,বগুড়া,মোঃ গোলাম রব্বানী,দাঁড়িপাল্লা,115184,173,533463,380250,6436,146777
42,বগুড়া-৭,বগুড়া,মোঃ শফিকুল ইসলাম,হাতপাখা,2037,173,533463,380250,6436,146777
42,বগুড়া-৭,বগুড়া,মোঃ আনছার আলী,হারিকেন,528,173,533463,380250,6436,146777
43,চাঁপাইনবাবগঞ্জ-১,চাঁপাইনবাবগঞ্জ,মোঃ কেরামত আলী,দাঁড়িপাল্লা,203442,159,493816,368767,9459,115590
43,চাঁপাইনবাবগঞ্জ-১,চাঁপাইনবাবগঞ্জ,মোঃ শাহ্‌জাহান মিঞা,ধানের শীষ,161118,159,493816,368767,9459,115590
43,চাঁপাইনবাবগঞ্জ-১,চাঁপাইনবাবগঞ্জ,মোহাঃ আফজাল হোসেন,লাঙ্গল,2179,159,493816,368767,9459,115590
43,চাঁপাইনবাবগঞ্জ-১,চাঁপাইনবাবগঞ্জ,মোঃ মনিরুল ইসলাম,হাতপাখা,1064,159,493816,368767,9459,115590
43,চাঁপাইনবাবগঞ্জ-১,চাঁপাইনবাবগঞ্জ,মো: আব্দুল হালিম,ছড়ি,546,159,493816,368767,9459,115590
43,চাঁপাইনবাবগঞ্জ-১,চাঁপাইনবাবগঞ্জ,নবাব মোঃ শামসুল হোদা,মোমবাতি,418,159,493816,368767,9459,115590
44,চাঁপাইনবাবগঞ্জ-২,চাঁপাইনবাবগঞ্জ,মুঃ মিজানুর রহমান,দাঁড়িপাল্লা,168821,184,456367,332560,7888,115919
44,চাঁপাইনবাবগঞ্জ-২,চাঁপাইনবাবগঞ্জ,মোঃ আমিনুল ইসলাম,ধানের শীষ,154053,184,456367,332560,7888,115919
44,চাঁপাইনবাবগঞ্জ-২,চাঁপাইনবাবগঞ্জ,মু: খুরশিদ আলম,লাঙ্গল,8051,184,456367,332560,7888,115919
44,চাঁপাইনবাবগঞ্জ-২,চাঁপাইনবাবগঞ্জ,মো: ইব্রাহিম খলিল,হাতপাখা,1050,184,456367,332560,7888,115919
44,চাঁপাইনবাবগঞ্জ-২,চাঁপাইনবাবগঞ্জ,মোঃ সাদেকুল ইসলাম,কাস্তে,585,184,456367,332560,7888,115919
45,চাঁপাইনবাবগঞ্জ-৩,চাঁপাইনবাবগঞ্জ,মোঃ নূরুল ইসলাম,দাঁড়িপাল্লা,185166,172,460802,312933,4581,143288
45,চাঁপাইনবাবগঞ্জ-৩,চাঁপাইনবাবগঞ্জ,মোঃ হারুনুর রশীদ,ধানের শীষ,126018,172,460802,312933,4581,143288
45,চাঁপাইনবাবগঞ্জ-৩,চাঁপাইনবাবগঞ্জ, মোঃ মনিরুল ইসলাম,হাতপাখা,785,172,460802,312933,4581,143288
45,চাঁপাইনবাবগঞ্জ-৩,চাঁপাইনবাবগঞ্জ,মোঃ ফজলুর ইসলাম খাঁন,তারা,614,172,460802,312933,4581,143288
45,চাঁপাইনবাবগঞ্জ-৩,চাঁপাইনবাবগঞ্জ,মোঃ শফিকুল ইসলাম,ট্রাক,350,172,460802,312933,4581,143288
46,নওগাঁ-১,নওগাঁ,মোঃ মোস্তাফিজুর রহমান,ধানের শীষ,173043,166,471022,356567,8377,106078
46,নওগাঁ-১,নওগাঁ,মোহাঃ মাহবুবুল আলম,দাঁড়িপাল্লা,152306,166,471022,356567,8377,106078
46,নওগাঁ-১,নওগাঁ,মোঃ ছালেক চৌধুরী,মোটর সাইকেল,18005,166,471022,356567,8377,106078
46,নওগাঁ-১,নওগাঁ,মোঃ আঃ হক শাহ্‌,হাতপাখা,9008,166,471022,356567,8377,106078
46,নওগাঁ-১,নওগাঁ,মোঃ আকবর আলী,লাঙ্গল,4205,166,471022,356567,8377,106078
47,নওগাঁ-২,নওগাঁ,মোঃ এনামুল হক,দাঁড়িপাল্লা,140447,124,370259,276991,7356,85912
47,নওগাঁ-২,নওগাঁ,মোঃ সামসুজ্জোহা খান,ধানের শীষ,133994,124,370259,276991,7356,85912
47,নওগাঁ-২,নওগাঁ,মোঃ মতিবুল ইসলাম,ঈগল,2550,124,370259,276991,7356,85912
48,নওগাঁ-৩,নওগাঁ,মোঃ ফজলে হুদা,ধানের শীষ,165646,142,436902,311152,7688,118062
48,নওগাঁ-৩,নওগাঁ,মোঃ মাহফুজুর রহমান,দাঁড়িপাল্লা,117838,142,436902,311152,7688,118062
48,নওগাঁ-৩,নওগাঁ,পারভেজ আরেফিন সিদ্দিকি,কলস,17008,142,436902,311152,7688,118062
48,নওগাঁ-৩,নওগাঁ,মোঃ মাসুদ রানা,লাঙ্গল,4837,142,436902,311152,7688,118062
48,নওগাঁ-৩,নওগাঁ,নাসির বিন আছগর,হাতপাখা,3603,142,436902,311152,7688,118062
48,নওগাঁ-৩,নওগাঁ,কালিপদ সরকার,মই,1215,142,436902,311152,7688,118062
48,নওগাঁ-৩,নওগাঁ,মোঃ সাদ্দাম হোসেন,জাহাজ,815,142,436902,311152,7688,118062
48,নওগাঁ-৩,নওগাঁ,আব্দুল্লাহ আল-মামুন সৈকত,টেলিভিশন,190,142,436902,311152,7688,118062
49,নওগাঁ-৪,নওগাঁ,ইকরামুল বারী টিপু,ধানের শীষ,133191,117,331418,234610,5310,91498
49,নওগাঁ-৪,নওগাঁ,মোঃ আব্দু্র রাকিব,দাঁড়িপাল্লা,96521,117,331418,234610,5310,91498
49,নওগাঁ-৪,নওগাঁ,"ডাঃ এস, এম, ফজলুর রহমান",কাস্তে,2288,117,331418,234610,5310,91498
49,নওগাঁ-৪,নওগাঁ,মোঃ আলতাফ হোসেন,লাঙ্গল,1310,117,331418,234610,5310,91498
49,নওগাঁ-৪,নওগাঁ,মোসাঃ আরফানা বেগম,কলস,704,117,331418,234610,5310,91498
49,নওগাঁ-৪,নওগাঁ,সোহরাব হোসাইন,হাতপাখা,596,117,331418,234610,5310,91498
50,নওগাঁ-৫,নওগাঁ,মোঃ জাহিদুল ইসলাম ধলু,ধানের শীষ,128366,118,359360,238502,5435,115423
50,নওগাঁ-৫,নওগাঁ,আবু সাদাত মোঃ সায়েম,দাঁড়িপাল্লা,103236,118,359360,238502,5435,115423
50,নওগাঁ-৫,নওগাঁ,মোঃ আব্দুর রহমান,হাতপাখা,4046,118,359360,238502,5435,115423
50,নওগাঁ-৫,নওগাঁ,মোঃ আনোয়ার হোসেন,লাঙ্গল,2135,118,359360,238502,5435,115423
50,নওগাঁ-৫,নওগাঁ,শফিকুল ইসলাম,কাস্তে,719,118,359360,238502,5435,115423
51,নওগাঁ-৬,নওগাঁ,শেখ মোঃ রেজাউল ইসলাম,ধানের শীষ,108070,115,341456,225787,4367,111302
51,নওগাঁ-৬,নওগাঁ,মোঃ খবিরুল ইসলাম,দাঁড়িপাল্লা,95886,115,341456,225787,4367,111302
51,নওগাঁ-৬,নওগাঁ,আলমগীর কবির,মোটর সাইকেল,19490,115,341456,225787,4367,111302
51,নওগাঁ-৬,নওগাঁ,মোঃ রফিকুল ইসলাম,হাতপাখা,1802,115,341456,225787,4367,111302
51,নওগাঁ-৬,নওগাঁ,আতিকুর রহমান রতন মোল্লা,হাতি,539,115,341456,225787,4367,111302
52,রাজশাহী-১,রাজশাহী,মোঃ মুজিবুর রহমান,দাঁড়িপাল্লা,169784,159,464701,340920,7913,115868
52,রাজশাহী-১,রাজশাহী,মোঃ শরীফ উদ্দীন,ধানের শীষ,169010,159,464701,340920,7913,115868
52,রাজশাহী-১,রাজশাহী,মোঃ আব্দুর রহমান,ঈগল,1079,159,464701,340920,7913,115868
52,রাজশাহী-১,রাজশাহী,মোঃ আল-সাআদ,মোবাইল ফোন,650,159,464701,340920,7913,115868
52,রাজশাহী-১,রাজশাহী,মির মোঃ শাহজাহান,ট্রাক,397,159,464701,340920,7913,115868
53,রাজশাহী-২,রাজশাহী,মোঃ মিজানুর রহমান মিনু,ধানের শীষ,126997,115,364330,227761,4334,132235
53,রাজশাহী-২,রাজশাহী,মোহাম্মদ জাহাঙ্গীর,দাঁড়িপাল্লা,98340,115,364330,227761,4334,132235
53,রাজশাহী-২,রাজশাহী,মুঃ সাঈদ নোমান,ঈগল,766,115,364330,227761,4334,132235
53,রাজশাহী-২,রাজশাহী,সালেহ আহমেদ,মোটর সাইকেল,748,115,364330,227761,4334,132235
53,রাজশাহী-২,রাজশাহী,মোহাম্মদ সামছুল আলম,কেটলি,536,115,364330,227761,4334,132235
53,রাজশাহী-২,রাজশাহী,মোঃ মেজবাউল ইসলাম,আনারস,374,115,364330,227761,4334,132235
54,রাজশাহী-৩,রাজশাহী,মোহাম্মদ শফিকুল হক মিলন,ধানের শীষ,175570,131,420837,317098,8008,95731
54,রাজশাহী-৩,রাজশাহী,মোঃ আবুল কালাম আজাদ,দাঁড়িপাল্লা,136596,131,420837,317098,8008,95731
54,রাজশাহী-৩,রাজশাহী,মোঃ আফজাল হোসেন,লাঙ্গল,2356,131,420837,317098,8008,95731
54,রাজশাহী-৩,রাজশাহী,মোসাঃ হাবিবা বেগম,ফুটবল,1150,131,420837,317098,8008,95731
54,রাজশাহী-৩,রাজশাহী,মোঃ ফজলুর রহমান,হাতপাখা,1139,131,420837,317098,8008,95731
54,রাজশাহী-৩,রাজশাহী,মোঃ সাইদ পরভেজ,প্রজাপতি,287,131,420837,317098,8008,95731
55,রাজশাহী-৪,রাজশাহী,মোঃ আব্দুল বারী সরদার,দাঁড়িপাল্লা,113567,122,316521,224580,3988,87953
55,রাজশাহী-৪,রাজশাহী,"ডি, এম , ডি জিয়াউর রহমান",ধানের শীষ,108664,122,316521,224580,3988,87953
55,রাজশাহী-৪,রাজশাহী,মোঃ ফজলুল হক,লাঙ্গল,1704,122,316521,224580,3988,87953
55,রাজশাহী-৪,রাজশাহী,মোঃ তাজুল ইসলাম খান,হাতপাখা,645,122,316521,224580,3988,87953
56,রাজশাহী-৫,রাজশাহী,অধ্যাপক নজরুল ইসলাম,ধানের শীষ,152677,132,350212,236050,5557,108605
56,রাজশাহী-৫,রাজশাহী,মনজুর রহমান,দাঁড়িপাল্লা,72535,132,350212,236050,5557,108605
56,রাজশাহী-৫,রাজশাহী,রেজাউল করিম,ফুটবল,6386,132,350212,236050,5557,108605
56,রাজশাহী-৫,রাজশাহী,মোঃ ইসফা খায়রুল হক,ঘোড়া,2474,132,350212,236050,5557,108605
56,রাজশাহী-৫,রাজশাহী,মোঃ আলতাফ হোসেন মোল্লা,একতারা,930,132,350212,236050,5557,108605
56,রাজশাহী-৫,রাজশাহী,মোঃ রুহুল আমিন,হাতপাখা,610,132,350212,236050,5557,108605
56,রাজশাহী-৫,রাজশাহী,মোঃ রায়হান কাওসার,মোটর সাইকেল,438,132,350212,236050,5557,108605
57,রাজশাহী-৬,রাজশাহী,মোঃ আবু সাইদ চাঁদ,ধানের শীষ,147359,119,352876,243242,6910,102724
57,রাজশাহী-৬,রাজশাহী,মোঃ নাজমুল হক,দাঁড়িপাল্লা,91460,119,352876,243242,6910,102724
57,রাজশাহী-৬,রাজশাহী,মোঃ ইকবাল হোসেন,লাঙ্গল,2837,119,352876,243242,6910,102724
57,রাজশাহী-৬,রাজশাহী,মোঃ আব্দুস সালাম সুরুজ,হাতপাখা,1586,119,352876,243242,6910,102724
58,নাটোর-১,নাটোর,ফারজানা শারমীন,ধানের শীষ,102197,125,365482,267353,5002,93127
58,নাটোর-১,নাটোর,মোঃ আবুল কালাম আজাদ,দাঁড়িপাল্লা,89431,125,365482,267353,5002,93127
58,নাটোর-১,নাটোর,মোঃ তাইফুল ইসলাম টিপু,কলস,72887,125,365482,267353,5002,93127
58,নাটোর-১,নাটোর,মোঃ আব্দুল্লাহিল বাকী,হাতপাখা,1253,125,365482,267353,5002,93127
58,নাটোর-১,নাটোর,মোঃ সাহেদ আলী জিন্নাহ,লাঙ্গল,542,125,365482,267353,5002,93127
58,নাটোর-১,নাটোর,মোঃ মেহেদী হাসান,ট্রাক,298,125,365482,267353,5002,93127
58,নাটোর-১,নাটোর,মোঃ সেন্টু আলী,মাথাল,279,125,365482,267353,5002,93127
58,নাটোর-১,নাটোর,মোঃ আনছার আলী,কোদাল,275,125,365482,267353,5002,93127
58,নাটোর-১,নাটোর,মোঃ মোয়াজ্জেম হোসেন,হরিণ ,113,125,365482,267353,5002,93127
58,নাটোর-১,নাটোর,মোহাম্মদ ইয়াসির আরশাদ,ঘোড়া,78,125,365482,267353,5002,93127
59,নাটোর-২,নাটোর,"এম, রুহুল কুদ্দুস তালুকদার দুলু",ধানের শীষ,161896,156,403550,296955,5906,100689
59,নাটোর-২,নাটোর,মোঃ ইউনুস আলী,দাঁড়িপাল্লা,128710,156,403550,296955,5906,100689
59,নাটোর-২,নাটোর,মোহাম্মদ আলী সিদ্দিকী,হাতপাখা,2726,156,403550,296955,5906,100689
59,নাটোর-২,নাটোর,মোঃ রকিব উদ্দিন (কমল),লাঙ্গল,2560,156,403550,296955,5906,100689
59,নাটোর-২,নাটোর,ড. মোঃ নূরন্নবী মৃধা,ফুটবল,606,156,403550,296955,5906,100689
59,নাটোর-২,নাটোর,তাহামিদা ইসলাম তানিয়া,মাথাল,457,156,403550,296955,5906,100689
60,নাটোর-৩,নাটোর,মোঃ আনোয়ারুল ইসলাম,ধানের শীষ,119170,118,324773,227108,4936,92729
60,নাটোর-৩,নাটোর,মোঃ দাউদার মাহমুদ,ঘোড়া,66191,118,324773,227108,4936,92729
60,নাটোর-৩,নাটোর,"এস,এম,জার্জিস কাদির",শাপলা কলি,20267,118,324773,227108,4936,92729
60,নাটোর-৩,নাটোর,মোঃ খলিলুর রহমান,হাতপাখা,19019,118,324773,227108,4936,92729
60,নাটোর-৩,নাটোর,মোঃ আশীক ইকবাল,লাঙ্গল,2095,118,324773,227108,4936,92729
60,নাটোর-৩,নাটোর,মোঃ দেলোয়ার হোসেন,ফুটবল,366,118,324773,227108,4936,92729
61,নাটোর-৪,নাটোর,মোঃ আব্দুল আজিজ,ধানের শীষ,169847,167,442292,310878,6216,125198
61,নাটোর-৪,নাটোর,মোঃ আব্দুল হাকিম,দাঁড়িপাল্লা,134189,167,442292,310878,6216,125198
61,নাটোর-৪,নাটোর,মোঃ এমদাদুল্লাহ্,হাতপাখা,3818,167,442292,310878,6216,125198
61,নাটোর-৪,নাটোর,এম ইউসুফ আহমদ,লাঙ্গল,2770,167,442292,310878,6216,125198
61,নাটোর-৪,নাটোর,মোঃ মোকছেদুল মোমিন,ঈগল,254,167,442292,310878,6216,125198
62,সিরাজগঞ্জ-১,সিরাজগঞ্জ,মোঃ সেলিম রেজা,ধানের শীষ,116061,165,382928,227882,4759,150287
62,সিরাজগঞ্জ-১,সিরাজগঞ্জ,মোঃ শাহিনুর আলম,দাঁড়িপাল্লা,107883,165,382928,227882,4759,150287
62,সিরাজগঞ্জ-১,সিরাজগঞ্জ,মোঃ জহুরুল ইসলাম,লাঙ্গল,2196,165,382928,227882,4759,150287
62,সিরাজগঞ্জ-১,সিরাজগঞ্জ,মোছাঃ মল্লিকা খাতুন,ট্রাক,1168,165,382928,227882,4759,150287
62,সিরাজগঞ্জ-১,সিরাজগঞ্জ,মোঃ নাজমুস সাকিব,কেটলি,318,165,382928,227882,4759,150287
62,সিরাজগঞ্জ-১,সিরাজগঞ্জ,মোঃ আব্দুস সবুর,ঘোড়া,256,165,382928,227882,4759,150287
63,সিরাজগঞ্জ-২,সিরাজগঞ্জ,ইকবাল হাসান মাহ্‌মুদ,ধানের শীষ,176585,162,466033,318050,5311,142672
63,সিরাজগঞ্জ-২,সিরাজগঞ্জ,মুহাম্মদ জাহিদুল ইসলাম,দাঁড়িপাল্লা,137137,162,466033,318050,5311,142672
63,সিরাজগঞ্জ-২,সিরাজগঞ্জ,মোঃ মহিবুল্লাহ,হাতপাখা,2138,162,466033,318050,5311,142672
63,সিরাজগঞ্জ-২,সিরাজগঞ্জ,"এস, এম আব্দুল্লাহ আল মামুন",মই,850,162,466033,318050,5311,142672
63,সিরাজগঞ্জ-২,সিরাজগঞ্জ,মোঃ আনোয়ার হোসেন,কাস্তে,763,162,466033,318050,5311,142672
63,সিরাজগঞ্জ-২,সিরাজগঞ্জ,মোহাম্মদ মাহফুজুর রহমান,ট্রাক,408,162,466033,318050,5311,142672
63,সিরাজগঞ্জ-২,সিরাজগঞ্জ,মোঃ সোহেল রানা,কলম,169,162,466033,318050,5311,142672
64,সিরাজগঞ্জ-৩,সিরাজগঞ্জ,মোঃ আয়নুল হক,ধানের শীষ,173514,158,441552,291961,6008,143583
64,সিরাজগঞ্জ-৩,সিরাজগঞ্জ,মুহাঃ আব্দুর রউফ সরকার,রিক্সা,115833,158,441552,291961,6008,143583
64,সিরাজগঞ্জ-৩,সিরাজগঞ্জ,মোঃ ফজলুল হক,লাঙ্গল,1627,158,441552,291961,6008,143583
64,সিরাজগঞ্জ-৩,সিরাজগঞ্জ,মোঃ ইলিয়াছ রেজা রবিন,ঘোড়া,987,158,441552,291961,6008,143583
65,সিরাজগঞ্জ-৪,সিরাজগঞ্জ,"এম, আকবর আলী",ধানের শীষ,160458,147,471626,324253,5682,141691
65,সিরাজগঞ্জ-৪,সিরাজগঞ্জ,মোঃ রফিকুল ইসলাম খান,দাঁড়িপাল্লা,159693,147,471626,324253,5682,141691
65,সিরাজগঞ্জ-৪,সিরাজগঞ্জ,আব্দুর রহমান,হাতপাখা,2210,147,471626,324253,5682,141691
65,সিরাজগঞ্জ-৪,সিরাজগঞ্জ,মোঃ হিলটন প্রামানিক,লাঙ্গল,1198,147,471626,324253,5682,141691
65,সিরাজগঞ্জ-৪,সিরাজগঞ্জ,মোঃ আব্দুল হাকিম,কাস্তে,694,147,471626,324253,5682,141691
66,সিরাজগঞ্জ-৫,সিরাজগঞ্জ,মোঃ আমিরুল ইসলাম খান,ধানের শীষ,134197,131,422672,246828,4734,171110
66,সিরাজগঞ্জ-৫,সিরাজগঞ্জ,মোঃ আলী আলম,দাঁড়িপাল্লা,105188,131,422672,246828,4734,171110
66,সিরাজগঞ্জ-৫,সিরাজগঞ্জ,নুরুন নাবী,হাতপাখা,5691,131,422672,246828,4734,171110
66,সিরাজগঞ্জ-৫,সিরাজগঞ্জ,মোঃ আকবার হোসেন,লাঙ্গল,1196,131,422672,246828,4734,171110
66,সিরাজগঞ্জ-৫,সিরাজগঞ্জ,মোঃ মতিয়ার রহমান,কাস্তে,324,131,422672,246828,4734,171110
66,সিরাজগঞ্জ-৫,সিরাজগঞ্জ,মোঃ ইউসুফ আলী,ট্রাক,232,131,422672,246828,4734,171110
67,সিরাজগঞ্জ-৬,সিরাজগঞ্জ,"এম, এ, মুহিত",ধানের শীষ,170129,160,480905,279901,5483,195521
67,সিরাজগঞ্জ-৬,সিরাজগঞ্জ,এস এম সাইফ মোস্তাফিজ,শাপলা কলি,102185,160,480905,279901,5483,195521
67,সিরাজগঞ্জ-৬,সিরাজগঞ্জ,মিসবাহ উদ্দিন,হাতপাখা,2540,160,480905,279901,5483,195521
67,সিরাজগঞ্জ-৬,সিরাজগঞ্জ,মোঃ মোশারফ হোসেন শহিদুল,মোমবাতি,1130,160,480905,279901,5483,195521
67,সিরাজগঞ্জ-৬,সিরাজগঞ্জ,মোঃ মোক্তার হোসেন,লাঙ্গল,1062,160,480905,279901,5483,195521
67,সিরাজগঞ্জ-৬,সিরাজগঞ্জ,ইলোরা খাতুন,তারা,884,160,480905,279901,5483,195521
67,সিরাজগঞ্জ-৬,সিরাজগঞ্জ,মোঃ আসাদুল হক,প্রজাপতি,649,160,480905,279901,5483,195521
67,সিরাজগঞ্জ-৬,সিরাজগঞ্জ,মোঃ হুমায়ন কবির,ঘোড়া,427,160,480905,279901,5483,195521
67,সিরাজগঞ্জ-৬,সিরাজগঞ্জ,মোঃ আনোয়ার হোসেন,মই,375,160,480905,279901,5483,195521
67,সিরাজগঞ্জ-৬,সিরাজগঞ্জ,আবু জাফর মোঃ আনোয়ারুস সাদাত,ঈগল,268,160,480905,279901,5483,195521
67,সিরাজগঞ্জ-৬,সিরাজগঞ্জ,মোঃ ওয়াসেক ইকবাল খান মজলিস,হেলিকপ্টার,252,160,480905,279901,5483,195521
68,পাবনা-১,পাবনা,মোহাম্মদ নাজিবুর রহমান,দাঁড়িপাল্লা,128467,94,337720,234257,4268,99195
68,পাবনা-১,পাবনা,মোঃ শামসুর রহমান,ধানের শীষ,103663,94,337720,234257,4268,99195
68,পাবনা-১,পাবনা,মোঃ আব্দুল গনি,হাতপাখা,1100,94,337720,234257,4268,99195
68,পাবনা-১,পাবনা,মোঃ তাজুল ইসলাম,মোটর সাইকেল,1027,94,337720,234257,4268,99195
69,পাবনা-২,পাবনা,"এ, কে, এম, সেলিম রেজা হাবিব",ধানের শীষ,213840,140,492471,297907,7139,187425
69,পাবনা-২,পাবনা,মোঃ হেসাব উদ্দিন,দাঁড়িপাল্লা,75693,140,492471,297907,7139,187425
69,পাবনা-২,পাবনা,মোঃ আফজাল হোসেন খান কাশেমী,হাতপাখা,5827,140,492471,297907,7139,187425
69,পাবনা-২,পাবনা,মোঃ মেহেদী হাসান রুবেল,লাঙ্গল,2224,140,492471,297907,7139,187425
69,পাবনা-২,পাবনা,সেখ নাছির উদ্দিন,উদীয়মান সূর্য,323,140,492471,297907,7139,187425
70,পাবনা-৩,পাবনা,মুহাম্মাদ আলী আছগার,দাঁড়িপাল্লা,145837,176,482796,332618,6182,143996
70,পাবনা-৩,পাবনা,মোঃ হাসান জাফির তুহিন,ধানের শীষ,143540,176,482796,332618,6182,143996
70,পাবনা-৩,পাবনা,"কে, এম, আনোয়ারুল ইসলাম",ঘোড়া,37852,176,482796,332618,6182,143996
70,পাবনা-৩,পাবনা,মোঃ আব্দুল খালেক,হাতপাখা,1758,176,482796,332618,6182,143996
70,পাবনা-৩,পাবনা,মোঃ মাহবুবুর রহমান জয় চৌধুরী,একতারা,1420,176,482796,332618,6182,143996
70,পাবনা-৩,পাবনা,মীর নাদিম মোহাম্মদ ডাবলু,লাঙ্গল,1057,176,482796,332618,6182,143996
70,পাবনা-৩,পাবনা,মোঃ হাসানুল ইসলাম,ট্রাক,982,176,482796,332618,6182,143996
70,পাবনা-৩,পাবনা,সরদার আশা পারভেজ,উদীয়মান সূর্য,172,176,482796,332618,6182,143996
71,পাবনা-৪,পাবনা,মোঃ আবু তালেব মন্ডল,দাঁড়িপাল্লা,136287,129,437143,301709,6352,129082
71,পাবনা-৪,পাবনা,মোঃ হাবিবুর রহমান (হাবিব),ধানের শীষ,133273,129,437143,301709,6352,129082
71,পাবনা-৪,পাবনা,মোঃ জাকারিয়া পিন্টু,মোটর সাইকেল,27914,129,437143,301709,6352,129082
71,পাবনা-৪,পাবনা,মোঃ আনোয়ার শাহ্,হাতপাখা,2672,129,437143,301709,6352,129082
71,পাবনা-৪,পাবনা,মোঃ সাইফুল আজাদ মল্লিক,লাঙ্গল,932,129,437143,301709,6352,129082
71,পাবনা-৪,পাবনা,মোঃ সোহাগ হোসেন,কাস্তে,456,129,437143,301709,6352,129082
71,পাবনা-৪,পাবনা,শাহনাজ হক,কেটলি,175,129,437143,301709,6352,129082
72,পাবনা-৫,পাবনা,মোঃ শামছুর রহমান শিমুল বিশ্বাস,ধানের শীষ,181169,163,524173,349031,6493,168649
72,পাবনা-৫,পাবনা,মোঃ ইকবাল হোসাইন,দাঁড়িপাল্লা,163186,163,524173,349031,6493,168649
72,পাবনা-৫,পাবনা,মোঃ নাজমুল হোসাইন,হাতপাখা,4244,163,524173,349031,6493,168649
72,পাবনা-৫,পাবনা,মোঃ আব্দুল মজীদ মোল্লা,ঈগল,432,163,524173,349031,6493,168649
73,মেহেরপুর-১,মেহেরপুর,মোঃ তাজউদ্দীন খান,দাঁড়িপাল্লা,121461,123,313455,228419,4774,80262
73,মেহেরপুর-১,মেহেরপুর, মাসুদ অরুন,ধানের শীষ,104787,123,313455,228419,4774,80262
73,মেহেরপুর-১,মেহেরপুর,মোঃ আব্দুল হামিদ,লাঙ্গল,1390,123,313455,228419,4774,80262
73,মেহেরপুর-১,মেহেরপুর,মোহাঃ মিজানুর রহমান,কাস্তে,781,123,313455,228419,4774,80262
74,মেহেরপুর-২,মেহেরপুর,মোঃ নাজমুল হুদা,দাঁড়িপাল্লা,94658,90,267563,181904,5126,80533
74,মেহেরপুর-২,মেহেরপুর,মোঃ আমজাদ হোসেন,ধানের শীষ,85455,90,267563,181904,5126,80533
74,মেহেরপুর-২,মেহেরপুর,মোঃ আব্দুল বাকী,লাঙ্গল,1791,90,267563,181904,5126,80533
75,কুষ্টিয়া-১,কুষ্টিয়া,রেজা আহাম্মেদ,ধানের শীষ,165085,135,400902,274142,5846,120914
75,কুষ্টিয়া-১,কুষ্টিয়া,মোঃ বেলাল উদ্দীন,দাঁড়িপাল্লা,85085,135,400902,274142,5846,120914
75,কুষ্টিয়া-১,কুষ্টিয়া,মোঃ নুরুজ্জামান,মোটর সাইকেল,17812,135,400902,274142,5846,120914
75,কুষ্টিয়া-১,কুষ্টিয়া,মোঃ আমিনুল ইসলাম,হাতপাখা,4046,135,400902,274142,5846,120914
75,কুষ্টিয়া-১,কুষ্টিয়া,মোঃ শাহারিয়ার জামিল,লাঙ্গল,1070,135,400902,274142,5846,120914
75,কুষ্টিয়া-১,কুষ্টিয়া,মোঃ শাহাবুল ইসলাম,ট্রাক,609,135,400902,274142,5846,120914
75,কুষ্টিয়া-১,কুষ্টিয়া,মোহাঃ বদিরুজ্জামান,মোমবাতি,235,135,400902,274142,5846,120914
75,কুষ্টিয়া-১,কুষ্টিয়া,ড. মোঃ গিয়াস উদ্দিন,তারা,200,135,400902,274142,5846,120914
76,কুষ্টিয়া-২,কুষ্টিয়া,মোঃ আব্দুল গফুর,দাঁড়িপাল্লা,189793,170,473355,338600,7118,127637
76,কুষ্টিয়া-২,কুষ্টিয়া,রাগীব রউফ চৌধুরী,ধানের শীষ,143085,170,473355,338600,7118,127637
76,কুষ্টিয়া-২,কুষ্টিয়া,মোহাম্মদ আলী,হাতপাখা,3845,170,473355,338600,7118,127637
76,কুষ্টিয়া-২,কুষ্টিয়া,মোঃ বাবুল আক্তার,চেয়ার,1100,170,473355,338600,7118,127637
76,কুষ্টিয়া-২,কুষ্টিয়া,নূর উদ্দীন  আহমেদ,কাস্তে,777,170,473355,338600,7118,127637
77,কুষ্টিয়া-৩,কুষ্টিয়া,মোঃ আমির হামজা,দাঁড়িপাল্লা,180690,142,436952,313897,4843,118212
77,কুষ্টিয়া-৩,কুষ্টিয়া,মোঃ জাকির হোসেন সরকার,ধানের শীষ,126909,142,436952,313897,4843,118212
77,কুষ্টিয়া-৩,কুষ্টিয়া,মোঃ আবদুল্লাহ্ আখন্দ,হাতপাখা,5118,142,436952,313897,4843,118212
77,কুষ্টিয়া-৩,কুষ্টিয়া,মোছাঃ রুমপা খাতুন,হাতি,456,142,436952,313897,4843,118212
77,কুষ্টিয়া-৩,কুষ্টিয়া,মীর নাজমুল ইসলাম,মই,433,142,436952,313897,4843,118212
77,কুষ্টিয়া-৩,কুষ্টিয়া,মোহাঃ শরিফুল ইসলাম,ট্রাক,291,142,436952,313897,4843,118212
78,কুষ্টিয়া-৪,কুষ্টিয়া,মোঃ আফজাল হোসেন,দাঁড়িপাল্লা,146204,152,420058,299617,5392,115049
78,কুষ্টিয়া-৪,কুষ্টিয়া,সৈয়দ মেহেদী আহ্‌মেদ রুমী,ধানের শীষ,138574,152,420058,299617,5392,115049
78,কুষ্টিয়া-৪,কুষ্টিয়া,আনোয়ার খান,হাতপাখা,13643,152,420058,299617,5392,115049
78,কুষ্টিয়া-৪,কুষ্টিয়া,তরুন কুমার ঘোষ,রকেট,647,152,420058,299617,5392,115049
78,কুষ্টিয়া-৪,কুষ্টিয়া,মোঃ শহিদুল ইসলাম,আনারস,300,152,420058,299617,5392,115049
78,কুষ্টিয়া-৪,কুষ্টিয়া,মোঃ আব্দুল হাকিম মিঞা,উদীয়মান সূর্য,249,152,420058,299617,5392,115049
79,চুয়াডাঙ্গা-১,চুয়াডাঙ্গা,মোঃ মাসুদ পারভেজ,দাঁড়িপাল্লা,208300,180,506333,370715,6445,129173
79,চুয়াডাঙ্গা-১,চুয়াডাঙ্গা,মোঃ শরীফুজ্জামান,ধানের শীষ,152382,180,506333,370715,6445,129173
79,চুয়াডাঙ্গা-১,চুয়াডাঙ্গা,মোহাম্মদ জহুরুল ইসলাম,হাতপাখা,10033,180,506333,370715,6445,129173
80,চুয়াডাঙ্গা-২,চুয়াডাঙ্গা,মোঃ রুহুল আমিন,দাঁড়িপাল্লা,205422,174,487203,374416,6660,106127
80,চুয়াডাঙ্গা-২,চুয়াডাঙ্গা,মাহমুদ হাসান খান,ধানের শীষ,162712,174,487203,374416,6660,106127
80,চুয়াডাঙ্গা-২,চুয়াডাঙ্গা,মোঃ হাসানুজ্জামান,হাতপাখা,6282,174,487203,374416,6660,106127
81,ঝিনাইদহ-১,ঝিনাইদহ,মোঃ আসাদুজ্জামান,ধানের শীষ,171756,117,321214,229534,4792,86888
81,ঝিনাইদহ-১,ঝিনাইদহ,আবু ছালেহ মোঃ মতিউর রহমান,দাঁড়িপাল্লা,55930,117,321214,229534,4792,86888
81,ঝিনাইদহ-১,ঝিনাইদহ,মনিকা আলম,লাঙ্গল,937,117,321214,229534,4792,86888
81,ঝিনাইদহ-১,ঝিনাইদহ,মোঃ মতিয়ার রহমান,ঈগল,608,117,321214,229534,4792,86888
81,ঝিনাইদহ-১,ঝিনাইদহ,মোঃ সহিদুল এনাম পল্লব মিয়া,কাঁচি,303,117,321214,229534,4792,86888
82,ঝিনাইদহ-২,ঝিনাইদহ,আলী আজম মোঃ আবু বকর,দাঁড়িপাল্লা,192352,185,499498,372996,6351,120151
82,ঝিনাইদহ-২,ঝিনাইদহ,মোঃ আব্দুল মজিদ,ধানের শীষ,174296,185,499498,372996,6351,120151
82,ঝিনাইদহ-২,ঝিনাইদহ,এইচ এম মমতাজুর রহমান,হাতপাখা,4507,185,499498,372996,6351,120151
82,ঝিনাইদহ-২,ঝিনাইদহ,সাওগাতুল ইসলাম,লাঙ্গল,960,185,499498,372996,6351,120151
82,ঝিনাইদহ-২,ঝিনাইদহ,মোঃ আবু তোয়াব,কাস্তে,551,185,499498,372996,6351,120151
82,ঝিনাইদহ-২,ঝিনাইদহ,মোঃ আসসাদুল ইসলাম‌,মই,330,185,499498,372996,6351,120151
83,ঝিনাইদহ-৩,ঝিনাইদহ,মোঃ মতিয়ার রহমান,দাঁড়িপাল্লা,173154,166,425606,325916,5466,94224
83,ঝিনাইদহ-৩,ঝিনাইদহ,মোহাম্মদ মেহেদী হাসান,ধানের শীষ,148626,166,425606,325916,5466,94224
83,ঝিনাইদহ-৩,ঝিনাইদহ,মাওঃ সরোয়ার হোসেন,হাতপাখা,3768,166,425606,325916,5466,94224
83,ঝিনাইদহ-৩,ঝিনাইদহ,মোঃ সুমন কবির,ট্রাক,368,166,425606,325916,5466,94224
84,ঝিনাইদহ-৪,ঝিনাইদহ,মোঃ আবু তালিব,দাঁড়িপাল্লা,104081,120,329028,240816,3729,84483
84,ঝিনাইদহ-৪,ঝিনাইদহ,মোঃ সাইফুল ইসলাম ফিরোজ,কাপ-পিরিচ	,76241,120,329028,240816,3729,84483
84,ঝিনাইদহ-৪,ঝিনাইদহ,মোঃ রাশেদ খাঁন,ধানের শীষ,55773,120,329028,240816,3729,84483
84,ঝিনাইদহ-৪,ঝিনাইদহ,আব্দুল জলিল,হাতপাখা,3872,120,329028,240816,3729,84483
84,ঝিনাইদহ-৪,ঝিনাইদহ,এমদাদুল ইসলাম (বাচ্চু),লাঙ্গল,592,120,329028,240816,3729,84483
84,ঝিনাইদহ-৪,ঝিনাইদহ,খনিয়া খানম,উদীয়মান সূর্য,257,120,329028,240816,3729,84483
85,যশোর-১,যশোর,মুহাম্মাদ আজীজুর রহমান.,দাঁড়িপাল্লা,117377,102,308417,213480,3761,91176
85,যশোর-১,যশোর,মোঃ নুরুজ্জামান লিটন,ধানের শীষ,92995,102,308417,213480,3761,91176
85,যশোর-১,যশোর,মোঃ বক্তিয়ার রহমান,হাতপাখা,1741,102,308417,213480,3761,91176
85,যশোর-১,যশোর,মোঃ জাহাঙ্গীর আলম চঞ্চল,লাঙ্গল,1367,102,308417,213480,3761,91176
86,যশোর-২,যশোর,মোহাম্মদ মোসলেহউদ্দিন ফরিদ,দাঁড়িপাল্লা,177472,175,477556,329870,6968,140718
86,যশোর-২,যশোর,মোছাঃ সাবিরা সুলতানা,ধানের শীষ,145056,175,477556,329870,6968,140718
86,যশোর-২,যশোর,মোঃ ইদ্রিস আলী,হাতপাখা,5695,175,477556,329870,6968,140718
86,যশোর-২,যশোর,মোঃ ইমরান খান,মই,454,175,477556,329870,6968,140718
86,যশোর-২,যশোর,রিপন মাহমুদ,ঈগল,410,175,477556,329870,6968,140718
86,যশোর-২,যশোর,মোঃ মেহেদী হাসান,ফুটবল,364,175,477556,329870,6968,140718
86,যশোর-২,যশোর,মোঃ শামছুল হক,টেলিভিশন,233,175,477556,329870,6968,140718
86,যশোর-২,যশোর,মোঃ জহুরুল ইসলাম,ঘোড়া,186,175,477556,329870,6968,140718
87,যশোর-৩,যশোর,অনিন্দ্য ইসলাম অমিত,ধানের শীষ,199647,190,606630,403186,7469,195975
87,যশোর-৩,যশোর,মোঃ আব্দুল কাদের,দাঁড়িপাল্লা,184459,190,606630,403186,7469,195975
87,যশোর-৩,যশোর,মুহাম্মদ শোয়াইব হোসেন,হাতপাখা,13221,190,606630,403186,7469,195975
87,যশোর-৩,যশোর,মোঃ খবির গাজী,লাঙ্গল,3356,190,606630,403186,7469,195975
87,যশোর-৩,যশোর,মোঃ নিজামদ্দিন অমিত,চশমা,1763,190,606630,403186,7469,195975
87,যশোর-৩,যশোর,মোঃ রাশেদ খান,কাস্তে,740,190,606630,403186,7469,195975
88,যশোর-৪,যশোর,মোঃ গোলাম রছুল,দাঁড়িপাল্লা,174621,148,453624,321960,5981,125683
88,যশোর-৪,যশোর,মতিয়ার রহমান ফারাজী,ধানের শীষ,131049,148,453624,321960,5981,125683
88,যশোর-৪,যশোর,বায়েজীদ হোসাইন,হাতপাখা,11764,148,453624,321960,5981,125683
88,যশোর-৪,যশোর,মোঃ জহুরুল হক,লাঙ্গল,1720,148,453624,321960,5981,125683
88,যশোর-৪,যশোর,সুকৃতি কুমার মন্ডল,রকেট,1467,148,453624,321960,5981,125683
88,যশোর-৪,যশোর,"এম, নাজিম উদ্দীন-আল্‌-আজাদ",মোটর সাইকেল,790,148,453624,321960,5981,125683
88,যশোর-৪,যশোর,মাওঃ আশেক এলাহী,দেওয়াল ঘড়ি,296,148,453624,321960,5981,125683
88,যশোর-৪,যশোর,মোঃ আবুল কালাম গাজী,ট্রাক,253,148,453624,321960,5981,125683
89,যশোর-৫,যশোর,গাজী এনামুল হক,দাঁড়িপাল্লা,130596,128,369078,277937,4625,86516
89,যশোর-৫,যশোর,শহীদ মোঃ ইকবাল হোসেন,কলস,84276,128,369078,277937,4625,86516
89,যশোর-৫,যশোর,রশীদ আহমাদ,ধানের শীষ,54415,128,369078,277937,4625,86516
89,যশোর-৫,যশোর,মোঃ জয়নাল আবেদীন,হাতপাখা,4378,128,369078,277937,4625,86516
89,যশোর-৫,যশোর,"এম, এ হালিম",লাঙ্গল,2194,128,369078,277937,4625,86516
89,যশোর-৫,যশোর,মোঃ কামরুজ্জামান,ফুটবল,2078,128,369078,277937,4625,86516
90,যশোর-৬,যশোর,মোঃ মোক্তার আলী,দাঁড়িপাল্লা,91018,81,226423,173231,3116,50076
90,যশোর-৬,যশোর,মোঃ আবুল হোসেন আজাদ,ধানের শীষ,79321,81,226423,173231,3116,50076
90,যশোর-৬,যশোর,মোঃ শহিদুল ইসলাম,হাতপাখা,1275,81,226423,173231,3116,50076
90,যশোর-৬,যশোর,"জি, এম, হাসান",লাঙ্গল,960,81,226423,173231,3116,50076
90,যশোর-৬,যশোর,মোঃ মাহমুদ হাসান,ঈগল,657,81,226423,173231,3116,50076
91,মাগুড়া-১,মাগুরা,মোঃ মনোয়ার হোসেন,ধানের শীষ,183666,156,425636,289039,5615,130982
91,মাগুড়া-১,মাগুরা,আব্দুল মতিন,দাঁড়িপাল্লা,88036,156,425636,289039,5615,130982
91,মাগুড়া-১,মাগুরা,মোঃ নাজিরুল ইসলাম,হাতপাখা,13335,156,425636,289039,5615,130982
91,মাগুড়া-১,মাগুরা,মোঃ জাকির হোসেন মোল্লা,লাঙ্গল,1725,156,425636,289039,5615,130982
91,মাগুড়া-১,মাগুরা,শম্পা বসু ,মই,1185,156,425636,289039,5615,130982
91,মাগুড়া-১,মাগুরা,কাজী রেজাউল হোসেন,ডাব,806,156,425636,289039,5615,130982
91,মাগুড়া-১,মাগুরা,মোঃ খলিলুর রহমান,ট্রাক,286,156,425636,289039,5615,130982
92,মাগুড়া-২,মাগুরা,নিতাই রায় চৌধুরী,ধানের শীষ,146696,145,411555,280721,3261,127573
92,মাগুড়া-২,মাগুরা,মোঃ মুশতারশেদ বিল্লাহ,দাঁড়িপাল্লা,114999,145,411555,280721,3261,127573
92,মাগুড়া-২,মাগুরা,মোস্তফা কামাল,হাতপাখা,16118,145,411555,280721,3261,127573
92,মাগুড়া-২,মাগুরা,মশিয়ার রহমান,লাঙ্গল,2908,145,411555,280721,3261,127573
93,নড়াইল-১,নড়াইল,বিশ্বাস জাহাঙ্গীর আলম,ধানের শীষ,99412,111,291132,183326,3563,104243
93,নড়াইল-১,নড়াইল,মোঃ ওবায়দুল্লাহ,দাঁড়িপাল্লা,74087,111,291132,183326,3563,104243
93,নড়াইল-১,নড়াইল,আব্দুল আজিজ,হাতপাখা,6302,111,291132,183326,3563,104243
93,নড়াইল-১,নড়াইল,"বি, এম, নাগিব হোসেন",কলস,1096,111,291132,183326,3563,104243
93,নড়াইল-১,নড়াইল,"এস,এম, সাজ্জাদ হোসেন",ফুটবল,891,111,291132,183326,3563,104243
93,নড়াইল-১,নড়াইল,সুকেশ সাহা আনন্দ,ঘোড়া,860,111,291132,183326,3563,104243
93,নড়াইল-১,নড়াইল,মোঃ মিল্টন মোল্যা,লাঙ্গল,449,111,291132,183326,3563,104243
93,নড়াইল-১,নড়াইল,মোঃ উজ্জল মোল্যা,হরিণ ,229,111,291132,183326,3563,104243
94,নড়াইল-২,নড়াইল,মোঃ আতাউর রহমান,দাঁড়িপাল্লা,116396,147,386162,245463,3923,136776
94,নড়াইল-২,নড়াইল,মোঃ মনিরুল ইসলাম,কলস,77885,147,386162,245463,3923,136776
94,নড়াইল-২,নড়াইল,"এ, জেড, এম, ফরিদুজ্জামান",ধানের শীষ,45069,147,386162,245463,3923,136776
94,নড়াইল-২,নড়াইল,মোঃ তাজুল ইসলাম,হাতপাখা,4690,147,386162,245463,3923,136776
94,নড়াইল-২,নড়াইল,খন্দকার ফায়েকুজ্জামান,লাঙ্গল,666,147,386162,245463,3923,136776
94,নড়াইল-২,নড়াইল,মোঃ নূর ইসলাম,ট্রাক,334,147,386162,245463,3923,136776
94,নড়াইল-২,নড়াইল,মোঃ শোয়েব আলী,ছড়ি,212,147,386162,245463,3923,136776
94,নড়াইল-২,নড়াইল,মোছাঃ ফরিদা ইয়াসমিন,জাহাজ,211,147,386162,245463,3923,136776
95,বাগেরহাট-১,বাগেরহাট,মোঃ মশিউর রহমান খান,দাঁড়িপাল্লা,116180,147,371985,242390,4540,125055
95,বাগেরহাট-১,বাগেরহাট,কপিল কৃষ্ণ মন্ডল,ধানের শীষ,113442,147,371985,242390,4540,125055
95,বাগেরহাট-১,বাগেরহাট,মোঃ শেখ মাছুদ রানা,ফুটবল,6347,147,371985,242390,4540,125055
95,বাগেরহাট-১,বাগেরহাট,এম এ এইচ সেলিম,ঘোড়া,5182,147,371985,242390,4540,125055
95,বাগেরহাট-১,বাগেরহাট,"স, ম, গোলাম সরোয়ার",লাঙ্গল,546,147,371985,242390,4540,125055
95,বাগেরহাট-১,বাগেরহাট,মোঃ আমিনুল ইসলাম,ঈগল,290,147,371985,242390,4540,125055
95,বাগেরহাট-১,বাগেরহাট,এম. ডি. শামসুল হক,হারিকেন,238,147,371985,242390,4540,125055
95,বাগেরহাট-১,বাগেরহাট,আঃ সবুর শেখ,হাত (পাঞ্জা),165,147,371985,242390,4540,125055
96,বাগেরহাট-২,বাগেরহাট,শেখ মনজুরুল হক (রাহাদ),দাঁড়িপাল্লা,116370,139,334884,235071,3767,96046
96,বাগেরহাট-২,বাগেরহাট,শেখ মোহাম্মদ জাকির হোসেন,ধানের শীষ,65874,139,334884,235071,3767,96046
96,বাগেরহাট-২,বাগেরহাট,এম এ এইচ সেলিম,ঘোড়া,48546,139,334884,235071,3767,96046
96,বাগেরহাট-২,বাগেরহাট,শেখ আতিয়ার রহমান,হাতপাখা,4281,139,334884,235071,3767,96046
97,বাগেরহাট-৩,বাগেরহাট,শেখ ফরিদুল ইসলাম,ধানের শীষ,102193,106,265320,189451,3535,72334
97,বাগেরহাট-৩,বাগেরহাট,মোহাম্মাদ আব্দুল ওয়াদুদ সেখ,দাঁড়িপাল্লা,82877,106,265320,189451,3535,72334
97,বাগেরহাট-৩,বাগেরহাট,শেখ জিল্লুর রহমান,হাতপাখা,3622,106,265320,189451,3535,72334
97,বাগেরহাট-৩,বাগেরহাট,এম এ এইচ সেলিম,ঘোড়া,415,106,265320,189451,3535,72334
97,বাগেরহাট-৩,বাগেরহাট,মোঃ হাবিবুর রহমান মাষ্টার,তারা,344,106,265320,189451,3535,72334
98,বাগেরহাট-৪,বাগেরহাট,মোঃ আব্দুল আলীম,দাঁড়িপাল্লা,114417,155,377094,222047,4169,150878
98,বাগেরহাট-৪,বাগেরহাট,সোম নাথ দে,ধানের শীষ,97536,155,377094,222047,4169,150878
98,বাগেরহাট-৪,বাগেরহাট,মোঃ ওমর ফারুক,হাতপাখা,8443,155,377094,222047,4169,150878
98,বাগেরহাট-৪,বাগেরহাট,সাজন কুমার মিস্ত্রী,লাঙ্গল,1128,155,377094,222047,4169,150878
98,বাগেরহাট-৪,বাগেরহাট,মোঃ আঃ লতিফ খাঁন,তারা,309,155,377094,222047,4169,150878
98,বাগেরহাট-৪,বাগেরহাট,কাজী খায়রুজ্জামান (শিপন),হরিণ ,214,155,377094,222047,4169,150878
99,খুলনা-১,খুলনা,আমীর এজাজ খান,ধানের শীষ,120092,119,304235,204284,4303,95648
99,খুলনা-১,খুলনা,কৃষ্ণ নন্দী,দাঁড়িপাল্লা,69658,119,304235,204284,4303,95648
99,খুলনা-১,খুলনা,মোঃ আবু সাঈদ,হাতপাখা,5587,119,304235,204284,4303,95648
99,খুলনা-১,খুলনা,কিশোর কুমার রায়,কাস্তে,4627,119,304235,204284,4303,95648
99,খুলনা-১,খুলনা,সুনীল শুভ রায়,মোমবাতি,859,119,304235,204284,4303,95648
99,খুলনা-১,খুলনা,গোবিন্দ হালদার,কলস,858,119,304235,204284,4303,95648
99,খুলনা-১,খুলনা,অচিন্ত্য কুমার মন্ডল,ঘোড়া,665,119,304235,204284,4303,95648
99,খুলনা-১,খুলনা,মোঃ জাহাঙ্গীর হোসেন,লাঙ্গল,625,119,304235,204284,4303,95648
99,খুলনা-১,খুলনা,প্রবীর গোপাল রায়,রকেট,561,119,304235,204284,4303,95648
99,খুলনা-১,খুলনা,প্রসেনজিৎ দত্ত,তারা,503,119,304235,204284,4303,95648
99,খুলনা-১,খুলনা,সুব্রত মন্ডল,দোয়াত কলম,166,119,304235,204284,4303,95648
99,খুলনা-১,খুলনা,"জি,এম, রোকনুজ্জামান",ট্রাক,83,119,304235,204284,4303,95648
100,খুলনা-২,খুলনা,শেখ জাহাঙ্গীর হুসাইন হেলাল,দাঁড়িপাল্লা,92199,157,331156,186430,3671,141055
100,খুলনা-২,খুলনা,নজরুল ইসলাম মঞ্জু,ধানের শীষ,87016,157,331156,186430,3671,141055
100,খুলনা-২,খুলনা,আমানুল্লাহ,হাতপাখা,7215,157,331156,186430,3671,141055
101,খুলনা-৩,খুলনা,রকিবুল ইসলাম,ধানের শীষ,73570,115,249202,145134,3013,101055
101,খুলনা-৩,খুলনা,মোহাম্মদ মাহফুজুর রহমান,দাঁড়িপাল্লা,63505,115,249202,145134,3013,101055
101,খুলনা-৩,খুলনা,মোঃ আঃ আউয়াল,হাতপাখা,5622,115,249202,145134,3013,101055
101,খুলনা-৩,খুলনা,মোঃ আব্দুল্লাহ আল মামুন,লাঙ্গল,1022,115,249202,145134,3013,101055
101,খুলনা-৩,খুলনা,"এস,এম,আরিফুর রহমান (মিঠু)",হরিণ ,813,115,249202,145134,3013,101055
101,খুলনা-৩,খুলনা,জনার্দন দত্ত,মই,228,115,249202,145134,3013,101055
101,খুলনা-৩,খুলনা,শেখ আরমান হোসেন,সিংহ,137,115,249202,145134,3013,101055
101,খুলনা-৩,খুলনা,মঈন মোহাম্মদ মায়াজ,ফুটবল,92,115,249202,145134,3013,101055
101,খুলনা-৩,খুলনা,মোঃ মুরাদ খান লিটন,ঘুড়ি,79,115,249202,145134,3013,101055
101,খুলনা-৩,খুলনা,মোঃ আবুল হাসনাত সিদ্দিক,জাহাজ,66,115,249202,145134,3013,101055
102,খুলনা-৪,খুলনা,এস কে আজিজুল বারী,ধানের শীষ,121623,144,373879,243845,5326,124708
102,খুলনা-৪,খুলনা,এস এম সাখাওয়াত হোসাইন,দেওয়াল ঘড়ি,108191,144,373879,243845,5326,124708
102,খুলনা-৪,খুলনা,ইউনুস আহম্মেদ সেখ,হাতপাখা,13213,144,373879,243845,5326,124708
102,খুলনা-৪,খুলনা,এস এম আজমল হোসেন,ফুটবল,818,144,373879,243845,5326,124708
103,খুলনা-৫,খুলনা,মোহাম্মদ আলি আসগার,ধানের শীষ,147625,150,398486,294931,6380,97175
103,খুলনা-৫,খুলনা,ম‌ি‌‌‌‌‌‍‍‍‍য়া গোলাম পরওয়ার,দাঁড়িপাল্লা,144314,150,398486,294931,6380,97175
103,খুলনা-৫,খুলনা,চিত্ত রঞ্জন গোলদার,কাস্তে,1706,150,398486,294931,6380,97175
103,খুলনা-৫,খুলনা,শামিম আরা পারভীন (ইয়াসমীন),লাঙ্গল,1286,150,398486,294931,6380,97175
104,খুলনা-৬,খুলনা,মোঃ আবুল কালাম আজাদ,দাঁড়িপাল্লা,148956,155,419454,279571,5399,134484
104,খুলনা-৬,খুলনা,এস এম মনিরুল হাসান (বাপ্পী),ধানের শীষ,123513,155,419454,279571,5399,134484
104,খুলনা-৬,খুলনা,মোঃ আছাদুল্লাহ ফকির,হাতপাখা,2928,155,419454,279571,5399,134484
104,খুলনা-৬,খুলনা,মোঃ মোস্তফা কামাল জাহাঙ্গীর,লাঙ্গল,2672,155,419454,279571,5399,134484
104,খুলনা-৬,খুলনা,প্রশান্ত কুমার মন্ডল,কাস্তে,1502,155,419454,279571,5399,134484
105,সাতক্ষীরা-১,সাতক্ষীরা,মোঃ ইজ্জত উল্লাহ,দাঁড়িপাল্লা,190967,168,490993,364910,6600,119483
105,সাতক্ষীরা-১,সাতক্ষীরা,মোঃ হাবিবুল ইসলাম হাবিব,ধানের শীষ,168690,168,490993,364910,6600,119483
105,সাতক্ষীরা-১,সাতক্ষীরা,জিয়াউর রহমান,লাঙ্গল,2511,168,490993,364910,6600,119483
105,সাতক্ষীরা-১,সাতক্ষীরা,শেখ মোঃ রেজাউল  করিম,হাতপাখা,2055,168,490993,364910,6600,119483
105,সাতক্ষীরা-১,সাতক্ষীরা,মোঃ ইয়ারুল ইসলাম,ডাব,687,168,490993,364910,6600,119483
106,সাতক্ষীরা-২,সাতক্ষীরা,মুহাম্মাদ আব্দুল খালেক,দাঁড়িপাল্লা,263503,180,529410,385172,5265,138973
106,সাতক্ষীরা-২,সাতক্ষীরা,মোঃ আব্দুর রউফ,ধানের শীষ,115257,180,529410,385172,5265,138973
106,সাতক্ষীরা-২,সাতক্ষীরা,মোঃ আশরাফুজ্জামান,লাঙ্গল,4185,180,529410,385172,5265,138973
106,সাতক্ষীরা-২,সাতক্ষীরা,মুফতী রবীউল ইসলাম,হাতপাখা,1936,180,529410,385172,5265,138973
106,সাতক্ষীরা-২,সাতক্ষীরা,মোঃ ইদ্রিস আলী,মোটরগাড়ি (কার),291,180,529410,385172,5265,138973
107,সাতক্ষীরা-৩,সাতক্ষীরা,হাফেজ মুহাঃ রবিউল বাশার,দাঁড়িপাল্লা,182165,165,497759,346879,6176,144704
107,সাতক্ষীরা-৩,সাতক্ষীরা,মোঃ শহিদুল আলম,ফুটবল,104605,165,497759,346879,6176,144704
107,সাতক্ষীরা-৩,সাতক্ষীরা,কাজী আলাউদ্দীন,ধানের শীষ,56346,165,497759,346879,6176,144704
107,সাতক্ষীরা-৩,সাতক্ষীরা,মোঃ  ওয়েজ কুরনী,হাতপাখা,2478,165,497759,346879,6176,144704
107,সাতক্ষীরা-৩,সাতক্ষীরা,মোঃ আলিপ হোসেন,লাঙ্গল,707,165,497759,346879,6176,144704
107,সাতক্ষীরা-৩,সাতক্ষীরা,রুবেল হোসেন,রকেট,578,165,497759,346879,6176,144704
108,সাতক্ষীরা-৪,সাতক্ষীরা,"জি, এম, নজরুল ইসলাম",দাঁড়িপাল্লা,105805,96,295843,196772,3517,95554
108,সাতক্ষীরা-৪,সাতক্ষীরা,মোঃ মনিরুজ্জামান,ধানের শীষ,84968,96,295843,196772,3517,95554
108,সাতক্ষীরা-৪,সাতক্ষীরা,"এস, এম, মোস্তফা আল মামুন",হাতপাখা,4874,96,295843,196772,3517,95554
108,সাতক্ষীরা-৪,সাতক্ষীরা,মোঃ আব্দুর রশীদ,লাঙ্গল,1125,96,295843,196772,3517,95554
109,বরগুনা-১,বরগুনা,মোঃ অলি উল্লাহ,হাতপাখা,138510,190,513165,279289,4647,229229
109,বরগুনা-১,বরগুনা,মোঃ নজরুল ইসলাম মোল্লা,ধানের শীষ,134337,190,513165,279289,4647,229229
109,বরগুনা-১,বরগুনা,মোঃ জাহাঙ্গীর হোসাইন,দেওয়াল ঘড়ি,5483,190,513165,279289,4647,229229
109,বরগুনা-১,বরগুনা,মোঃ জামাল হোসাইন,বাইসাইকেল,959,190,513165,279289,4647,229229
110,বরগুনা-২,বরগুনা,মোঃ নূরুল ইসলাম,ধানের শীষ,89428,122,332740,190896,3374,138470
110,বরগুনা-২,বরগুনা,ডাঃ সুলতান আহমদ,দাঁড়িপাল্লা,83015,122,332740,190896,3374,138470
110,বরগুনা-২,বরগুনা,মোঃ মিজানুর রহমান,হাতপাখা,16252,122,332740,190896,3374,138470
110,বরগুনা-২,বরগুনা,আবদুল লতিফ ফরাজী,লাঙ্গল,1215,122,332740,190896,3374,138470
110,বরগুনা-২,বরগুনা,মোঃ রাশেদ উদ জামান,জাহাজ,285,122,332740,190896,3374,138470
110,বরগুনা-২,বরগুনা,সৈয়দ মোঃ নাজেস আফরোজ,সিংহ,284,122,332740,190896,3374,138470
110,বরগুনা-২,বরগুনা,মোঃ সাব্বির আহম্মেদ,ডাব,215,122,332740,190896,3374,138470
110,বরগুনা-২,বরগুনা,মোঃ কামরুজ্জামান লিটন,কাঁঠাল,113,122,332740,190896,3374,138470
110,বরগুনা-২,বরগুনা,মোঃ সোলায়মান,আম,89,122,332740,190896,3374,138470
111,পটুয়াখালী-১,পটুয়াখালী,আলতাফ হোসেন চৌধুরী,ধানের শীষ,150395,163,501081,255906,5080,240095
111,পটুয়াখালী-১,পটুয়াখালী,মোঃ ফিরোজ আলম,হাতপাখা,57655,163,501081,255906,5080,240095
111,পটুয়াখালী-১,পটুয়াখালী,মোহাম্মদ আব্দুল ওহাব,ঈগল,45167,163,501081,255906,5080,240095
111,পটুয়াখালী-১,পটুয়াখালী,গৌতম চন্দ্র শীল,মোটরগাড়ি (কার),1313,163,501081,255906,5080,240095
111,পটুয়াখালী-১,পটুয়াখালী,আঃ মন্নান হাওলাদার,লাঙ্গল,1036,163,501081,255906,5080,240095
111,পটুয়াখালী-১,পটুয়াখালী,মোঃ শহিদুল ইসলাম ফাহিম,ট্রাক,340,163,501081,255906,5080,240095
112,পটুয়াখালী-২,পটুয়াখালী,মোঃ শফিকুল ইসলাম,দাঁড়িপাল্লা,99438,115,312783,186719,3683,122381
112,পটুয়াখালী-২,পটুয়াখালী,মোঃ সহিদুল আলম তালুকদার,ধানের শীষ,72191,115,312783,186719,3683,122381
112,পটুয়াখালী-২,পটুয়াখালী,মালেক হোসেন,হাতপাখা,14337,115,312783,186719,3683,122381
112,পটুয়াখালী-২,পটুয়াখালী,মোঃ রুহুল আমীন ,ঈগল,405,115,312783,186719,3683,122381
112,পটুয়াখালী-২,পটুয়াখালী,মোঃ হাবিবুর রহমান,ট্রাক,348,115,312783,186719,3683,122381
113,পটুয়াখালী-৩,পটুয়াখালী,মোঃ নুরুল হক,ট্রাক,96766,124,373402,232143,3796,137463
113,পটুয়াখালী-৩,পটুয়াখালী,মোঃ হাসান মামুন,ঘোড়া,80576,124,373402,232143,3796,137463
113,পটুয়াখালী-৩,পটুয়াখালী,মুঃ আবু বক্কর ছিদ্দিকী,হাতপাখা,38051,124,373402,232143,3796,137463
113,পটুয়াখালী-৩,পটুয়াখালী,মুহম্মদ শাহ আলম,দাঁড়িপাল্লা,15773,124,373402,232143,3796,137463
113,পটুয়াখালী-৩,পটুয়াখালী,"এস, এম, ফজলুল হক",জাহাজ,977,124,373402,232143,3796,137463
114,পটুয়াখালী-৪,পটুয়াখালী,এ বি এম মোশাররফ হোসেন,ধানের শীষ,123334,111,310606,207930,3418,99258
114,পটুয়াখালী-৪,পটুয়াখালী,মোস্তাফিজুর রহমান,হাতপাখা,69777,111,310606,207930,3418,99258
114,পটুয়াখালী-৪,পটুয়াখালী,ডাঃ জহির উদ্দিন আহম্মেদ,দেওয়াল ঘড়ি,14625,111,310606,207930,3418,99258
114,পটুয়াখালী-৪,পটুয়াখালী,মোঃ রবিউল হাসান,ট্রাক,194,111,310606,207930,3418,99258
115,ভোলা-১,ভোলা,আন্দালিভ রহমান,গরুর গাড়ী,104462,114,402861,205671,4609,192581
115,ভোলা-১,ভোলা,মোঃ নজরুল ইসলাম,দাঁড়িপাল্লা,73773,114,402861,205671,4609,192581
115,ভোলা-১,ভোলা,মোঃ ওবায়দুর রহমান,হাতপাখা,25091,114,402861,205671,4609,192581
115,ভোলা-১,ভোলা,মোঃ আইনুর রহমান (জুয়েল ) মিয়া,ট্রাক,1103,114,402861,205671,4609,192581
115,ভোলা-১,ভোলা,মোঃ আকবর হোসাইন,লাঙ্গল,594,114,402861,205671,4609,192581
115,ভোলা-১,ভোলা,মোহাম্মদ আশ্রাফ আলী,চেয়ার,302,114,402861,205671,4609,192581
115,ভোলা-১,ভোলা,মোঃ মিজানুর রহমান,আম,213,114,402861,205671,4609,192581
115,ভোলা-১,ভোলা,রফিজুল হোসেন,সূর্যমুখী ফুল,133,114,402861,205671,4609,192581
116,ভোলা-২,ভোলা,মোঃ হাফিজ ইব্রাহিম,ধানের শীষ,118131,138,391281,212333,6163,172785
116,ভোলা-২,ভোলা,মোহাম্মদ ফজলুল করিম,দাঁড়িপাল্লা,91675,138,391281,212333,6163,172785
116,ভোলা-২,ভোলা,মোঃ জাকির হোসেন খন্দকার,মোটর সাইকেল,595,138,391281,212333,6163,172785
116,ভোলা-২,ভোলা,মহিবুল্যাহ খোকন,হাঁস,524,138,391281,212333,6163,172785
116,ভোলা-২,ভোলা,এডভোকেট মোঃ জাহাঙ্গীর আলম রিটু,লাঙ্গল,428,138,391281,212333,6163,172785
116,ভোলা-২,ভোলা,মোঃ আলা উদ্দিন,প্রজাপতি,368,138,391281,212333,6163,172785
116,ভোলা-২,ভোলা,মোকফার উদ্দিন চৌধুরী,ছাতা,330,138,391281,212333,6163,172785
116,ভোলা-২,ভোলা,তাছলিমা বেগম,ফুটবল,282,138,391281,212333,6163,172785
117,ভোলা-৩,ভোলা,হাফিজ উদ্দিন আহমদ বীর বিক্রম,ধানের শীষ,145127,119,385569,210055,5580,169934
117,ভোলা-৩,ভোলা,মুহাঃ নিজামুল হক,ফুলকপি,56214,119,385569,210055,5580,169934
117,ভোলা-৩,ভোলা,মোঃ মোসলেহ উদ্দীন,হাতপাখা,7176,119,385569,210055,5580,169934
117,ভোলা-৩,ভোলা,মোঃ কামাল উদ্দিন,লাঙ্গল,774,119,385569,210055,5580,169934
117,ভোলা-৩,ভোলা,মোঃ রহমাত উল্লাহ,হেলিকপ্টার,507,119,385569,210055,5580,169934
117,ভোলা-৩,ভোলা,মোঃ আবু তৈয়ব,ট্রাক,257,119,385569,210055,5580,169934
118,ভোলা-৪,ভোলা,মোহাম্মদ নূরুল ইসলাম,ধানের শীষ,188390,154,498239,294100,6654,197485
118,ভোলা-৪,ভোলা,মোহাম্মদ মোস্তফা কামাল,দাঁড়িপাল্লা,79728,154,498239,294100,6654,197485
118,ভোলা-৪,ভোলা,আবুল মোকাররম মোঃ কামাল উদ্দীন,হাতপাখা,24835,154,498239,294100,6654,197485
118,ভোলা-৪,ভোলা,মোঃ মিজানুর রহমান,লাঙ্গল,534,154,498239,294100,6654,197485
118,ভোলা-৪,ভোলা,মুহাম্মাদ রফিকুল ইসলাম,ফুটবল,232,154,498239,294100,6654,197485
118,ভোলা-৪,ভোলা,আবুল কালাম,সিংহ,207,154,498239,294100,6654,197485
118,ভোলা-৪,ভোলা,মোঃ জালাল উদ্দীন রুমী,প্রজাপতি,174,154,498239,294100,6654,197485
119,বরিশাল-১,বরিশাল,জহির উদ্দিন স্বপন,ধানের শীষ,99418,129,323697,196851,3757,123089
119,বরিশাল-১,বরিশাল,মোঃ কামরুল ইসলাম খান,দাঁড়িপাল্লা,45140,129,323697,196851,3757,123089
119,বরিশাল-১,বরিশাল,আব্দুস সোবহান,ফুটবল,43808,129,323697,196851,3757,123089
119,বরিশাল-১,বরিশাল,মোঃ রাসেল সরদার,হাতপাখা,6760,129,323697,196851,3757,123089
119,বরিশাল-১,বরিশাল,ছেরনিয়াবাত সেকেন্দার আলী,বাইসাইকেল,1725,129,323697,196851,3757,123089
120,বরিশাল-২,বরিশাল,সরদার সরফুদ্দিন আহমেদ,ধানের শীষ,140085,140,380706,222654,4370,153682
120,বরিশাল-২,বরিশাল,আবদুল মন্নান,দাঁড়িপাল্লা,72171,140,380706,222654,4370,153682
120,বরিশাল-২,বরিশাল,মোহাম্মদ নেছার উদ্দিন,হাতপাখা,5920,140,380706,222654,4370,153682
120,বরিশাল-২,বরিশাল,আঃ হক,বাইসাইকেল,2327,140,380706,222654,4370,153682
120,বরিশাল-২,বরিশাল,"এম, এ, জলিল",লাঙ্গল,1173,140,380706,222654,4370,153682
120,বরিশাল-২,বরিশাল,রঞ্জিত কুমার বাড়ৈ,ট্রাক,681,140,380706,222654,4370,153682
120,বরিশাল-২,বরিশাল,সাহেব আলী,আম,179,140,380706,222654,4370,153682
120,বরিশাল-২,বরিশাল,মোঃ আবুল কালাম আজাদ,মোটরগাড়ি (কার),118,140,380706,222654,4370,153682
121,বরিশাল-৩,বরিশাল,জয়নুল আবেদীন,ধানের শীষ,79771,126,327420,170347,3796,153277
121,বরিশাল-৩,বরিশাল,মোহাম্মদ আসাদুজ্জামান ভুইয়া,ঈগল,59485,126,327420,170347,3796,153277
121,বরিশাল-৩,বরিশাল,মুহাম্মদ সিরাজুল ইসলাম,হাতপাখা,16051,126,327420,170347,3796,153277
121,বরিশাল-৩,বরিশাল,গোলাম কিবরিয়া টিপু,লাঙ্গল,14003,126,327420,170347,3796,153277
121,বরিশাল-৩,বরিশাল,ইয়ামিন এইচএম ফারদিন,ট্রাক,839,126,327420,170347,3796,153277
121,বরিশাল-৩,বরিশাল,‌মোঃ আজমুল হাসান জিহাদ,মই,198,126,327420,170347,3796,153277
122,বরিশাল-৪,বরিশাল,মোঃ রাজিব আহসান,ধানের শীষ,127192,149,417517,237213,4358,175946
122,বরিশাল-৪,বরিশাল,মোহাম্মদ আব্দুল জব্বার,দাঁড়িপাল্লা,72792,149,417517,237213,4358,175946
122,বরিশাল-৪,বরিশাল,সৈয়দ এছহাক মোঃ আবুল খায়ের,হাতপাখা,36500,149,417517,237213,4358,175946
122,বরিশাল-৪,বরিশাল,আবদুল জলিল,ছড়ি,400,149,417517,237213,4358,175946
122,বরিশাল-৪,বরিশাল,আবদুস ছালাম (খোকন),মোটরগাড়ি (কার),329,149,417517,237213,4358,175946
123,বরিশাল-৫,বরিশাল,মোঃ মজিবর রহমান সরওয়ার,ধানের শীষ,133008,176,494534,249815,7706,237013
123,বরিশাল-৫,বরিশাল,মুফতী সৈয়দ মোঃ ফয়জুল করিম,হাতপাখা,93216,176,494534,249815,7706,237013
123,বরিশাল-৫,বরিশাল,মনীষা চক্রবর্ত্তী,মই,21963,176,494534,249815,7706,237013
123,বরিশাল-৫,বরিশাল,আখতার রহমান,লাঙ্গল,880,176,494534,249815,7706,237013
123,বরিশাল-৫,বরিশাল,আব্দুল হান্নান সিকদার,আম,457,176,494534,249815,7706,237013
123,বরিশাল-৫,বরিশাল,মোঃসাইদুর রহমান,কাঁচি,291,176,494534,249815,7706,237013
124,বরিশাল-৬,বরিশাল,আবুল হোসেন খান,ধানের শীষ,81087,113,311699,165162,2917,143620
124,বরিশাল-৬,বরিশাল,মোঃ মাহমুদুন্নবী,দাঁড়িপাল্লা,54533,113,311699,165162,2917,143620
124,বরিশাল-৬,বরিশাল,মুফতী সৈয়দ মোঃ ফয়জুল করিম,হাতপাখা,28823,113,311699,165162,2917,143620
124,বরিশাল-৬,বরিশাল,মোঃ কামরুল ইসলাম খান,ফুটবল,344,113,311699,165162,2917,143620
124,বরিশাল-৬,বরিশাল,আবদুল কুদ্দুস,হারিকেন,238,113,311699,165162,2917,143620
124,বরিশাল-৬,বরিশাল,মোঃ সালাউদ্দিন মিয়া,ট্রাক,137,113,311699,165162,2917,143620
125,ঝালকাঠি-১,ঝালকাঠি,রফিকুল ইসলাম জামাল,ধানের শীষ,61216,90,225341,126722,2544,96075
125,ঝালকাঠি-১,ঝালকাঠি,ফয়জুল হক,দাঁড়িপাল্লা,53769,90,225341,126722,2544,96075
125,ঝালকাঠি-১,ঝালকাঠি,ইব্রাহিম,হাতপাখা,7656,90,225341,126722,2544,96075
125,ঝালকাঠি-১,ঝালকাঠি,মোঃ রুবেল হাওলাদার,বাইসাইকেল,2549,90,225341,126722,2544,96075
125,ঝালকাঠি-১,ঝালকাঠি,এম. মঈন আলম ফিরোজী,হাঁস,572,90,225341,126722,2544,96075
125,ঝালকাঠি-১,ঝালকাঠি,মোঃ সাব্বির আহমেদ,মোরগ,340,90,225341,126722,2544,96075
125,ঝালকাঠি-১,ঝালকাঠি,মোঃ কামরুজ্জামান খান,লাঙ্গল,318,90,225341,126722,2544,96075
125,ঝালকাঠি-১,ঝালকাঠি,মোঃ শাহাদৎ হোসেন,ট্রাক,132,90,225341,126722,2544,96075
125,ঝালকাঠি-১,ঝালকাঠি,মোঃ সোহরাব হোসেন,তারা,109,90,225341,126722,2544,96075
125,ঝালকাঠি-১,ঝালকাঠি,মোঃ জসীম উদ্দিন তালুকদার,কলম,61,90,225341,126722,2544,96075
126,ঝালকাঠি-২,ঝালকাঠি,ইসরাত সুলতানা ইলেন ভূট্টো,ধানের শীষ,112279,147,360997,209049,3790,148158
126,ঝালকাঠি-২,ঝালকাঠি,এস এম নেয়ামুল করিম,দাঁড়িপাল্লা,68924,147,360997,209049,3790,148158
126,ঝালকাঠি-২,ঝালকাঠি,মুহাম্মদ সিরাজুল ইসলাম সিরাজী,হাতপাখা,24249,147,360997,209049,3790,148158
126,ঝালকাঠি-২,ঝালকাঠি,সৈয়দ রাজ্জাক আলী,মোটর সাইকেল,3084,147,360997,209049,3790,148158
126,ঝালকাঠি-২,ঝালকাঠি,মোঃ মাহমুদুল ইসলাম সাগর,ট্রাক,211,147,360997,209049,3790,148158
126,ঝালকাঠি-২,ঝালকাঠি,ফোরকান হোসেন,আম,125,147,360997,209049,3790,148158
126,ঝালকাঠি-২,ঝালকাঠি,মাসুদ পারভেজ,তারা,105,147,360997,209049,3790,148158
126,ঝালকাঠি-২,ঝালকাঠি,মোঃ নূরুদ্দীন সরদার,কলস,72,147,360997,209049,3790,148158
127,পিরোজপুর-১,পিরোজপুর,মাসুদ সাঈদী,দাঁড়িপাল্লা,130624,167,387987,236736,5228,146023
127,পিরোজপুর-১,পিরোজপুর,আলমগীর হোসেন,ধানের শীষ,106112,167,387987,236736,5228,146023
128,পিরোজপুর-২,পিরোজপুর,আহম্মদ সোহেল মনজুর,ধানের শীষ,104413,166,405297,227506,4869,172922
128,পিরোজপুর-২,পিরোজপুর,শামীম সাঈদী,দাঁড়িপাল্লা,95173,166,405297,227506,4869,172922
128,পিরোজপুর-২,পিরোজপুর,মাহমুদ হোসেন,ঘোড়া,16073,166,405297,227506,4869,172922
128,পিরোজপুর-২,পিরোজপুর,মোঃ আবুল কালাম আজাদ,হাতপাখা,6638,166,405297,227506,4869,172922
128,পিরোজপুর-২,পিরোজপুর,মোঃ মাহিবুল হোসেন,বাইসাইকেল,4678,166,405297,227506,4869,172922
128,পিরোজপুর-২,পিরোজপুর,ফয়সাল খান,ঈগল,388,166,405297,227506,4869,172922
128,পিরোজপুর-২,পিরোজপুর,মোঃ আনিসুর রহমান,ট্রাক,143,166,405297,227506,4869,172922
129,পিরোজপুর-৩,পিরোজপুর,মোঃ রুহুল আমীন দুলাল,ধানের শীষ,63138,85,237744,134683,2694,100367
129,পিরোজপুর-৩,পিরোজপুর,মোঃ রুস্তম আলী ফরাজী,হাতপাখা,35629,85,237744,134683,2694,100367
129,পিরোজপুর-৩,পিরোজপুর,মোঃ শামীম হামিদী,শাপলা কলি,35318,85,237744,134683,2694,100367
129,পিরোজপুর-৩,পিরোজপুর,তৌহিদুজ্জামান,ফুটবল,227,85,237744,134683,2694,100367
129,পিরোজপুর-৩,পিরোজপুর,করিম সিকদার,মোটরগাড়ি (কার),209,85,237744,134683,2694,100367
129,পিরোজপুর-৩,পিরোজপুর,মোঃ মাশরেকুল আজম (রবি),লাঙ্গল,162,85,237744,134683,2694,100367
130,টাংগাইল-১,টাঙ্গাইল,ফকির মাহবুব আনাম,ধানের শীষ,152908,148,433693,278612,5857,149224
130,টাংগাইল-১,টাঙ্গাইল,‌মুহাম্মদ আব্দুল্লাহেল কাফী,দাঁড়িপাল্লা,93045,148,433693,278612,5857,149224
130,টাংগাইল-১,টাঙ্গাইল,মোঃ আসাদুল ইসলাম,তালা,28103,148,433693,278612,5857,149224
130,টাংগাইল-১,টাঙ্গাইল,মুহাম্মদ ইলিয়াছ হোসেন,লাঙ্গল,2137,148,433693,278612,5857,149224
130,টাংগাইল-১,টাঙ্গাইল,মোঃ হারুন অর রশিদ,হাতপাখা,1711,148,433693,278612,5857,149224
130,টাংগাইল-১,টাঙ্গাইল,মোহাম্মদ আলী,মোটর সাইকেল,708,148,433693,278612,5857,149224
131,টাংগাইল-২,টাঙ্গাইল,মোঃ আবদুস সালাম পিন্টু,ধানের শীষ,195590,138,413561,261936,4419,147206
131,টাংগাইল-২,টাঙ্গাইল,মোঃ হুমায়ুন কবীর,দাঁড়িপাল্লা,59873,138,413561,261936,4419,147206
131,টাংগাইল-২,টাঙ্গাইল,মোঃ মনোয়ার হোসেন সাগর,হাতপাখা,4705,138,413561,261936,4419,147206
131,টাংগাইল-২,টাঙ্গাইল,মোঃ হুমায়ুন কবীর তালুকদার,লাঙ্গল,1768,138,413561,261936,4419,147206
132,টাংগাইল-৩,টাঙ্গাইল,মোঃ লুৎফর রহমান খান আজাদ,মোটর সাইকেল,106794,122,377365,226773,5649,144943
132,টাংগাইল-৩,টাঙ্গাইল,এস এম ওবায়দুল হক,ধানের শীষ,81734,122,377365,226773,5649,144943
132,টাংগাইল-৩,টাঙ্গাইল,সাইফুল্লাহ হায়দার,শাপলা কলি,33203,122,377365,226773,5649,144943
132,টাংগাইল-৩,টাঙ্গাইল,মোঃ রেজাউল করিম,হাতপাখা,3993,122,377365,226773,5649,144943
132,টাংগাইল-৩,টাঙ্গাইল,আইনিন নাহার,হাঁস,1049,122,377365,226773,5649,144943
133,টাংগাইল-৪,টাঙ্গাইল,মোঃ লুৎফর রহমান,ধানের শীষ,104243,114,370039,221376,3906,144757
133,টাংগাইল-৪,টাঙ্গাইল,আবদুল লতিফ সিদ্দিকী,হাঁস,61900,114,370039,221376,3906,144757
133,টাংগাইল-৪,টাঙ্গাইল,খন্দকার আব্দুর রাজ্জাক,দাঁড়িপাল্লা,48560,114,370039,221376,3906,144757
133,টাংগাইল-৪,টাঙ্গাইল,মোঃ আব্দুল হালিম মিঞা,মোটর সাইকেল,4127,114,370039,221376,3906,144757
133,টাংগাইল-৪,টাঙ্গাইল,আলী আমজাদ হোসেন,হাতপাখা,1791,114,370039,221376,3906,144757
133,টাংগাইল-৪,টাঙ্গাইল,মোঃ লিয়াকত আলী,লাঙ্গল,755,114,370039,221376,3906,144757
134,টাংগাইল-৫,টাঙ্গাইল,সুলতান সালাউদ্দিন টুকু,ধানের শীষ,130133,130,457173,284704,4332,168137
134,টাংগাইল-৫,টাঙ্গাইল,আহছান হাবিব,দাঁড়িপাল্লা,78539,130,457173,284704,4332,168137
134,টাংগাইল-৫,টাঙ্গাইল,মোঃ ফরহাদ ইকবাল,হরিণ ,69027,130,457173,284704,4332,168137
134,টাংগাইল-৫,টাঙ্গাইল,খন্দকার জাকির হোসেন,হাতপাখা,2559,130,457173,284704,4332,168137
134,টাংগাইল-৫,টাঙ্গাইল,মোঃ মোজাম্মেল হক,লাঙ্গল,1620,130,457173,284704,4332,168137
134,টাংগাইল-৫,টাঙ্গাইল,মোঃ হাসরত খান ভাসানী,একতারা,1186,130,457173,284704,4332,168137
134,টাংগাইল-৫,টাঙ্গাইল,সৈয়দ খালেকুজ্জামান মোস্তফা,তারা,1054,130,457173,284704,4332,168137
134,টাংগাইল-৫,টাঙ্গাইল,মোঃ শফিকুল ইসলাম,ট্রাক,261,130,457173,284704,4332,168137
134,টাংগাইল-৫,টাঙ্গাইল,ফাতেমা আক্তার,মাথাল,216,130,457173,284704,4332,168137
134,টাংগাইল-৫,টাঙ্গাইল,এ কে এম শফিকুল ইসলাম,ডাব,109,130,457173,284704,4332,168137
135,টাংগাইল-৬,টাঙ্গাইল,মোঃ রবিউল আওয়াল,ধানের শীষ,149512,154,462341,273638,5602,183101
135,টাংগাইল-৬,টাঙ্গাইল,"এ,কে,এম আব্দুল হামিদ",দাঁড়িপাল্লা,89643,154,462341,273638,5602,183101
135,টাংগাইল-৬,টাঙ্গাইল,মোঃ জুয়েল সরকার,হরিণ ,15004,154,462341,273638,5602,183101
135,টাংগাইল-৬,টাঙ্গাইল,মোঃ আখিনুর মিয়া,হাতপাখা,11934,154,462341,273638,5602,183101
135,টাংগাইল-৬,টাঙ্গাইল,তারেক শামস খান,বাইসাইকেল,3460,154,462341,273638,5602,183101
135,টাংগাইল-৬,টাঙ্গাইল,মুহাম্মদ আশরাফুল ইসলাম,মোরগ,2951,154,462341,273638,5602,183101
135,টাংগাইল-৬,টাঙ্গাইল,মোহাম্মদ মামুনুর রহিম,লাঙ্গল,1134,154,462341,273638,5602,183101
136,টাংগাইল-৭,টাঙ্গাইল,আবুল কালাম আজাদ সিদ্দিকী,ধানের শীষ,141253,126,370827,213785,4467,152575
136,টাংগাইল-৭,টাঙ্গাইল,মোহাম্মদ আব্দুল্লাহ এবনে আবুল হোসেন,দাঁড়িপাল্লা,71040,126,370827,213785,4467,152575
136,টাংগাইল-৭,টাঙ্গাইল,মোঃ তোফাজ্জল হোসেন,হাতি,1492,126,370827,213785,4467,152575
137,টাংগাইল-৮,টাঙ্গাইল,আহমেদ আযম খান,ধানের শীষ,113214,131,409308,244697,3724,160887
137,টাংগাইল-৮,টাঙ্গাইল,সালাউদ্দিন আলমগীর,হরিণ ,76468,131,409308,244697,3724,160887
137,টাংগাইল-৮,টাঙ্গাইল,মোঃ শফিকুল ইসলাম খান,দাঁড়িপাল্লা,53621,131,409308,244697,3724,160887
137,টাংগাইল-৮,টাঙ্গাইল,মোঃ নাজমুল হাসান,লাঙ্গল,559,131,409308,244697,3724,160887
137,টাংগাইল-৮,টাঙ্গাইল,আওয়াল মাহমুদ,কোদাল,507,131,409308,244697,3724,160887
137,টাংগাইল-৮,টাঙ্গাইল,মোঃ আলমগীর হোসেন,প্রজাপতি,328,131,409308,244697,3724,160887
138,জামালপুর-১,জামালপুর,এম রশিদুজ্জামান মিল্লাত,ধানের শীষ,172568,128,428873,274580,4137,150156
138,জামালপুর-১,জামালপুর,মুহাম্মদ নাজমুল হক সাঈদী,দাঁড়িপাল্লা,96783,128,428873,274580,4137,150156
138,জামালপুর-১,জামালপুর,মোঃ আব্দুর রউফ তালুকদার,হাতপাখা,4090,128,428873,274580,4137,150156
138,জামালপুর-১,জামালপুর,"এ, কে, এম, ফজলুল হক",লাঙ্গল,914,128,428873,274580,4137,150156
138,জামালপুর-১,জামালপুর,মোঃ রফিকুল ইসলাম,ট্রাক,225,128,428873,274580,4137,150156
139,জামালপুর-২,জামালপুর,"এ, ই, সুলতান মাহমুদ বাবু",ধানের শীষ,95378,92,280142,158900,2438,118804
139,জামালপুর-২,জামালপুর,মোঃ ছামিউল হক,দাঁড়িপাল্লা,61655,92,280142,158900,2438,118804
139,জামালপুর-২,জামালপুর,সুলতান মাহমুদ,হাতপাখা,1698,92,280142,158900,2438,118804
139,জামালপুর-২,জামালপুর,অর্ণব ওয়ারেস খান,ঘোড়া,169,92,280142,158900,2438,118804
140,জামালপুর-৩,জামালপুর,মোঃ মোস্তাফিজুর রহমান বাবুল,ধানের শীষ,206214,154,534623,312893,6493,215237
140,জামালপুর-৩,জামালপুর,মোঃ মুজিবুর রহমান আজাদী,দাঁড়িপাল্লা,79607,154,534623,312893,6493,215237
140,জামালপুর-৩,জামালপুর,মোঃ সাদিকুর রহমান,কাপ-পিরিচ	,11996,154,534623,312893,6493,215237
140,জামালপুর-৩,জামালপুর,শিবলুল বারী রাজু,সূর্যমুখী ফুল,10413,154,534623,312893,6493,215237
140,জামালপুর-৩,জামালপুর,মোহাম্মদ দৌলতুজ্জামান আনছারী,হাতপাখা,2507,154,534623,312893,6493,215237
140,জামালপুর-৩,জামালপুর,মীর সামসুল আলম,লাঙ্গল,832,154,534623,312893,6493,215237
140,জামালপুর-৩,জামালপুর,ফিদেল নঈম,মাথাল,640,154,534623,312893,6493,215237
140,জামালপুর-৩,জামালপুর,লিটন মিয়া,ট্রাক,409,154,534623,312893,6493,215237
140,জামালপুর-৩,জামালপুর,ফারজানা ফরিদ,ফুটবল,275,154,534623,312893,6493,215237
141,জামালপুর-৪,জামালপুর,মোঃ ফরিদুল কবীর তালুকদার,ধানের শীষ,146546,88,302556,194048,3073,105435
141,জামালপুর-৪,জামালপুর,মোহাম্মদ আব্দুল আওয়াল,দাঁড়িপাল্লা,44161,88,302556,194048,3073,105435
141,জামালপুর-৪,জামালপুর,মোঃ মাহবুব জামান জুয়েল,কাস্তে,1300,88,302556,194048,3073,105435
141,জামালপুর-৪,জামালপুর,মোঃ আলী আকবর,হাতপাখা,1287,88,302556,194048,3073,105435
141,জামালপুর-৪,জামালপুর,মোঃ ইকবাল হোসেন,ট্রাক,379,88,302556,194048,3073,105435
141,জামালপুর-৪,জামালপুর,মোঃ কবির হাসান,কেটলি,375,88,302556,194048,3073,105435
142,জামালপুর-৫,জামালপুর,শাহ মোঃ ওয়ারেছ আলী মামুন,ধানের শীষ,198292,161,572639,320407,6841,245391
142,জামালপুর-৫,জামালপুর,মুহাম্মদ আব্দুস সাত্তার,দাঁড়িপাল্লা,111695,161,572639,320407,6841,245391
142,জামালপুর-৫,জামালপুর,সৈয়দ ইউনুছ আহাম্মদ,হাতপাখা,4242,161,572639,320407,6841,245391
142,জামালপুর-৫,জামালপুর,মোঃ বাবর আলী খান,বাইসাইকেল,3732,161,572639,320407,6841,245391
142,জামালপুর-৫,জামালপুর,মোঃ আমির উদ্দিন,তারা,569,161,572639,320407,6841,245391
142,জামালপুর-৫,জামালপুর,শেখ মোঃ আক্কাছ আলী,কাস্তে,540,161,572639,320407,6841,245391
142,জামালপুর-৫,জামালপুর,জাকির হোসেন,ট্রাক,532,161,572639,320407,6841,245391
142,জামালপুর-৫,জামালপুর,মাসুদ ইব্রাহীম,ফুটবল,350,161,572639,320407,6841,245391
142,জামালপুর-৫,জামালপুর, হোছনেয়ারা বেগম,হরিণ ,237,161,572639,320407,6841,245391
142,জামালপুর-৫,জামালপুর,আবু সায়েম মোহাম্মদ সা'-আদাত-উল করীম,ডাব,218,161,572639,320407,6841,245391
143,শেরপুর-১,শেরপুর,মোঃ রাশেদুল ইসলাম রাশেদ,দাঁড়িপাল্লা,125941,145,445941,266869,5038,174034
143,শেরপুর-১,শেরপুর,সানসিলা জেবরিন,ধানের শীষ,77808,145,445941,266869,5038,174034
143,শেরপুর-১,শেরপুর,মোঃ শফিকুল ইসলাম মাসুদ,মোটর সাইকেল,61733,145,445941,266869,5038,174034
143,শেরপুর-১,শেরপুর,মোঃ মাহমুদুল হক মনি,লাঙ্গল,735,145,445941,266869,5038,174034
143,শেরপুর-১,শেরপুর,মোঃ লিখন মিয়া,শাপলা কলি,452,145,445941,266869,5038,174034
143,শেরপুর-১,শেরপুর,মোঃ ইলিয়াছ উদ্দিন,কাপ-পিরিচ	,200,145,445941,266869,5038,174034
144,শেরপুর-২,শেরপুর,মোহাম্মদ ফাহিম চৌধুরী,ধানের শীষ,117441,154,435884,229774,4983,201127
144,শেরপুর-২,শেরপুর,মোঃ গোলাম কিবরিয়া,দাঁড়িপাল্লা,106582,154,435884,229774,4983,201127
144,শেরপুর-২,শেরপুর,মোঃ আব্দুল্লাহ আল কায়েস,হাতপাখা,4747,154,435884,229774,4983,201127
144,শেরপুর-২,শেরপুর,মোঃ আব্দুল্লাহ,ঈগল,1004,154,435884,229774,4983,201127
146,ময়মনসিংহ-১,ময়মনসিংহ,মোহাম্মদ সালমান ওমর,ঘোড়া,107241,143,480238,264673,5836,209729
146,ময়মনসিংহ-১,ময়মনসিংহ,সৈয়দ এমরান সালেহ,ধানের শীষ,101070,143,480238,264673,5836,209729
146,ময়মনসিংহ-১,ময়মনসিংহ,মোঃ তাজুল ইসলাম,রিক্সা,52607,143,480238,264673,5836,209729
146,ময়মনসিংহ-১,ময়মনসিংহ,মোঃ জিল্লুর রহমান,হাতপাখা,3094,143,480238,264673,5836,209729
146,ময়মনসিংহ-১,ময়মনসিংহ,মুহাম্মদ রাশেদুল হক,আনারস,272,143,480238,264673,5836,209729
146,ময়মনসিংহ-১,ময়মনসিংহ,মোঃ আঃ রাজ্জাক,কাঁচি,220,143,480238,264673,5836,209729
146,ময়মনসিংহ-১,ময়মনসিংহ,আজহারুল ইসলাম,কাস্তে,169,143,480238,264673,5836,209729
147,ময়মনসিংহ-২,ময়মনসিংহ,মুহাম্মদুল্লাহ,রিক্সা,144565,174,571433,316307,7577,247549
147,ময়মনসিংহ-২,ময়মনসিংহ,মোতাহার হোসেন তালুকদার,ধানের শীষ,117344,174,571433,316307,7577,247549
147,ময়মনসিংহ-২,ময়মনসিংহ,শাহ শহীদ সারোয়ার,ঘোড়া,48336,174,571433,316307,7577,247549
147,ময়মনসিংহ-২,ময়মনসিংহ,গোলাম মাওলা ভূইয়া,হাতপাখা,3796,174,571433,316307,7577,247549
147,ময়মনসিংহ-২,ময়মনসিংহ,মোঃ জুলহাস উদ্দিন শেখ,একতারা,1067,174,571433,316307,7577,247549
147,ময়মনসিংহ-২,ময়মনসিংহ,মোঃ এমদাদুল হক খান,লাঙ্গল,712,174,571433,316307,7577,247549
147,ময়মনসিংহ-২,ময়মনসিংহ,মোহাম্মদ আবু বকর ছিদ্দিক,কলস,487,174,571433,316307,7577,247549
148,ময়মনসিংহ-৩,ময়মনসিংহ,এম ইকবাল হোসেইন,ধানের শীষ,74478,92,295661,168246,4601,122814
148,ময়মনসিংহ-৩,ময়মনসিংহ,আহাম্মদ তায়েবুর রহমান ,ঘোড়া,65513,92,295661,168246,4601,122814
148,ময়মনসিংহ-৩,ময়মনসিংহ,মোঃ আবু তাহের খান,বই,25233,92,295661,168246,4601,122814
148,ময়মনসিংহ-৩,ময়মনসিংহ,মোঃ শরিফুল ইসলাম,হাতপাখা,2688,92,295661,168246,4601,122814
148,ময়মনসিংহ-৩,ময়মনসিংহ,"এ,কে,এম, আরিফুল হাসান",কাঁচি,334,92,295661,168246,4601,122814
149,ময়মনসিংহ-৪,ময়মনসিংহ,মোঃ আবু ওয়াহাব আকন্দ ওয়াহিদ,ধানের শীষ,177892,179,688969,363664,10881,314424
149,ময়মনসিংহ-৪,ময়মনসিংহ,মোহাম্মদ কামরুল আহসান,দাঁড়িপাল্লা,169580,179,688969,363664,10881,314424
149,ময়মনসিংহ-৪,ময়মনসিংহ,মোঃ নাসির উদ্দিন,হাতপাখা,8633,179,688969,363664,10881,314424
149,ময়মনসিংহ-৪,ময়মনসিংহ,আবু মোঃ মুসা সরকার,লাঙ্গল,3770,179,688969,363664,10881,314424
149,ময়মনসিংহ-৪,ময়মনসিংহ,এমদাদুল হক মিল্লাত,কাস্তে,1368,179,688969,363664,10881,314424
149,ময়মনসিংহ-৪,ময়মনসিংহ,মোঃ লিয়াকত আলী,একতারা,888,179,688969,363664,10881,314424
149,ময়মনসিংহ-৪,ময়মনসিংহ,শেখর কুমার রায়,কাঁচি,723,179,688969,363664,10881,314424
149,ময়মনসিংহ-৪,ময়মনসিংহ,মোস্তাফিজুর রহমান,মাথাল,458,179,688969,363664,10881,314424
149,ময়মনসিংহ-৪,ময়মনসিংহ,মোঃ হামিদুল ইসলাম,আম,352,179,688969,363664,10881,314424
150,ময়মনসিংহ-৫,ময়মনসিংহ,মোহাম্মদ জাকির হোসেন,ধানের শীষ,127917,104,384617,233330,5126,146161
150,ময়মনসিংহ-৫,ময়মনসিংহ,মোঃ মতিউর রহমান আকন্দ,দাঁড়িপাল্লা,100876,104,384617,233330,5126,146161
150,ময়মনসিংহ-৫,ময়মনসিংহ,মুহাম্মদ সিরাজুল ইসলাম,হাতপাখা,3606,104,384617,233330,5126,146161
150,ময়মনসিংহ-৫,ময়মনসিংহ,মোহাম্মদ নজরুল ইসলাম,মাথাল,598,104,384617,233330,5126,146161
150,ময়মনসিংহ-৫,ময়মনসিংহ,মোঃ রফিকুল ইসলাম,ঈগল,333,104,384617,233330,5126,146161
151,ময়মনসিংহ-৬,ময়মনসিংহ,মোঃ কামরুল হাসান,দাঁড়িপাল্লা,75946,121,413309,230781,4468,178060
151,ময়মনসিংহ-৬,ময়মনসিংহ,আখতার সুলতানা,ফুটবল,52669,121,413309,230781,4468,178060
151,ময়মনসিংহ-৬,ময়মনসিংহ,অধ্যাপক মোঃ জসিম উদ্দিন,ঘোড়া,51234,121,413309,230781,4468,178060
151,ময়মনসিংহ-৬,ময়মনসিংহ,মোঃ আখতারুল আলম,ধানের শীষ,48994,121,413309,230781,4468,178060
151,ময়মনসিংহ-৬,ময়মনসিংহ,মোঃ নুরে আলম সিদ্দিকী,হাতপাখা,1938,121,413309,230781,4468,178060
152,ময়মনসিংহ-৭,ময়মনসিংহ,ডাঃ মোঃ মাহাবুবুর রহমান,ধানের শীষ,98221,121,399637,220447,5936,173254
152,ময়মনসিংহ-৭,ময়মনসিংহ,মোঃ আছাদুজ্জামান,দাঁড়িপাল্লা,83617,121,399637,220447,5936,173254
152,ময়মনসিংহ-৭,ময়মনসিংহ,মুহাম্মদ আনোয়ার সাদাত,কাপ-পিরিচ	,32995,121,399637,220447,5936,173254
152,ময়মনসিংহ-৭,ময়মনসিংহ,মোঃ ইব্রাহীম খলিল উল্লাহ,হাতপাখা,4023,121,399637,220447,5936,173254
152,ময়মনসিংহ-৭,ময়মনসিংহ,মোঃ জয়নাল আবদীন,মোটর সাইকেল,1035,121,399637,220447,5936,173254
152,ময়মনসিংহ-৭,ময়মনসিংহ,মোঃ জহিরুল ইসলাম,লাঙ্গল,556,121,399637,220447,5936,173254
153,ময়মনসিংহ-৮,ময়মনসিংহ,লুৎফুল্লাহেল মাজেদ,ধানের শীষ,107577,92,345746,187821,4811,153114
153,ময়মনসিংহ-৮,ময়মনসিংহ,মোঃ আওরঙ্গজেব বেলাল,ছাতা,45791,92,345746,187821,4811,153114
153,ময়মনসিংহ-৮,ময়মনসিংহ,শাহ্ নূরুল কবির,হাতপাখা,32734,92,345746,187821,4811,153114
153,ময়মনসিংহ-৮,ময়মনসিংহ,ফখরুল ইমাম,লাঙ্গল,1719,92,345746,187821,4811,153114
154,ময়মনসিংহ-৯,ময়মনসিংহ,ইয়াসের খান চৌধুরী,ধানের শীষ,85039,121,381273,191928,4515,184830
154,ময়মনসিংহ-৯,ময়মনসিংহ,এ কে এম আনোয়ারুল ইসলাম,ফুলকপি,70029,121,381273,191928,4515,184830
154,ময়মনসিংহ-৯,ময়মনসিংহ,হাসিনা খান চৌধুরী,হাঁস,30328,121,381273,191928,4515,184830
154,ময়মনসিংহ-৯,ময়মনসিংহ,মোঃ সাঈদুর রহমান,হাতপাখা,5516,121,381273,191928,4515,184830
154,ময়মনসিংহ-৯,ময়মনসিংহ,হাসমত মাহমুদ,লাঙ্গল,773,121,381273,191928,4515,184830
154,ময়মনসিংহ-৯,ময়মনসিংহ,মোঃ লতিফুল বারী (হামিম),উদীয়মান সূর্য,243,121,381273,191928,4515,184830
155,ময়মনসিংহ-১০,ময়মনসিংহ,মোহাম্মদ আক্তারুজ্জামান,ধানের শীষ,74650,111,404099,209897,6001,188201
155,ময়মনসিংহ-১০,ময়মনসিংহ,আবু বকর সিদ্দিকুর রহমান,হাঁস,66438,111,404099,209897,6001,188201
155,ময়মনসিংহ-১০,ময়মনসিংহ,মোঃ ইসমাঈল,দাঁড়িপাল্লা,64183,111,404099,209897,6001,188201
155,ময়মনসিংহ-১০,ময়মনসিংহ,মোঃ হাবিবুল্লাহ বেলালী,হাতপাখা,2413,111,404099,209897,6001,188201
155,ময়মনসিংহ-১০,ময়মনসিংহ,মোঃ আল আমিন (সোহান),লাঙ্গল,901,111,404099,209897,6001,188201
155,ময়মনসিংহ-১০,ময়মনসিংহ,মোঃ মতিউর রহমান,ফুটবল,373,111,404099,209897,6001,188201
155,ময়মনসিংহ-১০,ময়মনসিংহ,"এ, কে, এম, শামসুল আলম",মাথাল,363,111,404099,209897,6001,188201
155,ময়মনসিংহ-১০,ময়মনসিংহ,সৈয়দ মাহমুদ মোরশেদ,ছাতা,293,111,404099,209897,6001,188201
155,ময়মনসিংহ-১০,ময়মনসিংহ,মোঃ সাইফুস সালেহীন,কাস্তে,283,111,404099,209897,6001,188201
156,ময়মনসিংহ-১১,ময়মনসিংহ,ফখর উদ্দিন আহমেদ,ধানের শীষ,110214,107,355146,199527,4940,150679
156,ময়মনসিংহ-১১,ময়মনসিংহ,মুহাম্মদ মোর্শেদ আলম,হরিণ ,65591,107,355146,199527,4940,150679
156,ময়মনসিংহ-১১,ময়মনসিংহ,জাহিদুল ইসলাম,শাপলা কলি,21529,107,355146,199527,4940,150679
156,ময়মনসিংহ-১১,ময়মনসিংহ,মোঃ মোস্তফা কামাল,হাতপাখা,1807,107,355146,199527,4940,150679
156,ময়মনসিংহ-১১,ময়মনসিংহ,মোহাম্মদ আনোয়ারুল ইসলাম,ট্রাক,386,107,355146,199527,4940,150679
157,নেত্রকোণা-১,নেত্রকোনা,ব্যারিষ্টার কায়সার কামাল,ধানের শীষ,156924,124,453089,251496,6425,195168
157,নেত্রকোণা-১,নেত্রকোনা,গোলাম রব্বানী,রিক্সা,86672,124,453089,251496,6425,195168
157,নেত্রকোণা-১,নেত্রকোনা,মোঃ আলকাছ উদ্দিন মীর,কাস্তে,4358,124,453089,251496,6425,195168
157,নেত্রকোণা-১,নেত্রকোনা,মোঃ আঃ মান্নান (সোহাগ),হাতপাখা,2201,124,453089,251496,6425,195168
157,নেত্রকোণা-১,নেত্রকোনা,মোঃ আনোয়ার হোসেন খান,লাঙ্গল,1007,124,453089,251496,6425,195168
157,নেত্রকোণা-১,নেত্রকোনা,মোঃ বেলাল হোসেন,তারা,334,124,453089,251496,6425,195168
158,নেত্রকোণা-২,নেত্রকোনা,মোঃ আনোয়ারুল হক,ধানের শীষ,169140,172,497322,257275,8745,231302
158,নেত্রকোণা-২,নেত্রকোনা,মোঃ ফাহিম রহমান খান পাঠান,শাপলা কলি,66347,172,497322,257275,8745,231302
158,নেত্রকোণা-২,নেত্রকোনা,আব্দুল কাইয়ুম,হাতপাখা,15055,172,497322,257275,8745,231302
158,নেত্রকোণা-২,নেত্রকোনা,"এ, বি, এম রফিকুল হক তালুকদার",লাঙ্গল,4733,172,497322,257275,8745,231302
158,নেত্রকোণা-২,নেত্রকোনা,আব্দুর রহীম,বটগাছ,2000,172,497322,257275,8745,231302
159,নেত্রকোণা-৩,নেত্রকোনা,রফিকুল ইসলাম হিলালী,ধানের শীষ,117318,149,416478,229723,5219,181536
159,নেত্রকোণা-৩,নেত্রকোনা,মোঃ দেলোয়ার হোসেন ভূঞা,ঘোড়া,68137,149,416478,229723,5219,181536
159,নেত্রকোণা-৩,নেত্রকোনা,মোঃ খায়রুল কবীর নিয়োগী,দাঁড়িপাল্লা,40650,149,416478,229723,5219,181536
159,নেত্রকোণা-৩,নেত্রকোনা,মোঃ জাকির হোসেন,হাতপাখা,2720,149,416478,229723,5219,181536
159,নেত্রকোণা-৩,নেত্রকোনা,মোঃ আবুল হোসেন তালুকদার,লাঙ্গল,550,149,416478,229723,5219,181536
159,নেত্রকোণা-৩,নেত্রকোনা,মোঃ শামছুদ্দোহা,চেয়ার,348,149,416478,229723,5219,181536
160,নেত্রকোণা-৪,নেত্রকোনা,মোঃ লুৎফুজ্জামান বাবর,ধানের শীষ,159167,149,372308,204095,5777,162436
160,নেত্রকোণা-৪,নেত্রকোনা,মোঃ আল-হেলাল,দাঁড়িপাল্লা,39343,149,372308,204095,5777,162436
160,নেত্রকোণা-৪,নেত্রকোনা,জলি তালুকদার,কাস্তে,3302,149,372308,204095,5777,162436
160,নেত্রকোণা-৪,নেত্রকোনা,মোঃ মুখলেছুর রহমান,হাতপাখা,2013,149,372308,204095,5777,162436
160,নেত্রকোণা-৪,নেত্রকোনা,চম্পা রানী সরকার,কোদাল,270,149,372308,204095,5777,162436
161,নেত্রকোণা-৫,নেত্রকোনা,মাছুম মোস্তফা,দাঁড়িপাল্লা,81252,82,287719,163233,3628,120858
161,নেত্রকোণা-৫,নেত্রকোনা,মোঃ আবু তাহের তালুকদার,ধানের শীষ,78679,82,287719,163233,3628,120858
161,নেত্রকোণা-৫,নেত্রকোনা,মোঃ নূরুল ইসলাম,হাতপাখা,3302,82,287719,163233,3628,120858
162,কিশোরগঞ্জ-১,কিশোরগঞ্জ,মাজহারুল ইসলাম,ধানের শীষ,122945,181,548732,262385,8392,277955
162,কিশোরগঞ্জ-১,কিশোরগঞ্জ,হেদায়াতুল্লাহ হাদী,রিক্সা,99490,181,548732,262385,8392,277955
162,কিশোরগঞ্জ-১,কিশোরগঞ্জ,মোঃ রেজাউল করিম খান,মোরগ,36999,181,548732,262385,8392,277955
162,কিশোরগঞ্জ-১,কিশোরগঞ্জ,আলাল মিয়া,কাঁচি,949,181,548732,262385,8392,277955
162,কিশোরগঞ্জ-১,কিশোরগঞ্জ,মোঃ এনামুল হক,কাস্তে,902,181,548732,262385,8392,277955
162,কিশোরগঞ্জ-১,কিশোরগঞ্জ,আহমদ আলী,দেওয়াল ঘড়ি,623,181,548732,262385,8392,277955
162,কিশোরগঞ্জ-১,কিশোরগঞ্জ,তারেক মোহাম্মদ শহীদুল ইসলাম,আম,243,181,548732,262385,8392,277955
162,কিশোরগঞ্জ-১,কিশোরগঞ্জ,মোঃ মাসুদ মিয়া,মই,234,181,548732,262385,8392,277955
163,কিশোরগঞ্জ-২,কিশোরগঞ্জ,এডভোকেট মোঃ জালাল উদ্দীন,ধানের শীষ,142616,170,525004,268412,6541,250051
163,কিশোরগঞ্জ-২,কিশোরগঞ্জ,মোঃ শফিকুল ইসলাম,ট্রাক,118352,170,525004,268412,6541,250051
163,কিশোরগঞ্জ-২,কিশোরগঞ্জ,মোঃ আবুল বাসার রেজওয়ান,হাতপাখা,3503,170,525004,268412,6541,250051
163,কিশোরগঞ্জ-২,কিশোরগঞ্জ,মোঃ আফজাল হোসেন ভূইয়া,লাঙ্গল,2061,170,525004,268412,6541,250051
163,কিশোরগঞ্জ-২,কিশোরগঞ্জ,নূর উদ্দীন আহমেদ,মোটর সাইকেল,1304,170,525004,268412,6541,250051
163,কিশোরগঞ্জ-২,কিশোরগঞ্জ,মোঃ আনিসুজ্জামান খোকন,ময়ূর,355,170,525004,268412,6541,250051
163,কিশোরগঞ্জ-২,কিশোরগঞ্জ,মোঃ বিল্লাল হোসেন,টেলিভিশন,221,170,525004,268412,6541,250051
164,কিশোরগঞ্জ-৩,কিশোরগঞ্জ,ড. মুহাম্মদ ওসমান ফারুক,ধানের শীষ,111638,151,445468,226659,4780,214029
164,কিশোরগঞ্জ-৩,কিশোরগঞ্জ,জেহাদ খান,দাঁড়িপাল্লা,101276,151,445468,226659,4780,214029
164,কিশোরগঞ্জ-৩,কিশোরগঞ্জ,মোঃ আলমগীর হোসাইন,হাতপাখা,10734,151,445468,226659,4780,214029
164,কিশোরগঞ্জ-৩,কিশোরগঞ্জ,এ.কে.এম আলমগীর,ফুটবল,1473,151,445468,226659,4780,214029
164,কিশোরগঞ্জ-৩,কিশোরগঞ্জ,মোঃ আবু বকর ছিদ্দিক,লাঙ্গল,1231,151,445468,226659,4780,214029
164,কিশোরগঞ্জ-৩,কিশোরগঞ্জ,দিলোয়ার হোসাইন ভূঁইয়া,কবুতর,190,151,445468,226659,4780,214029
164,কিশোরগঞ্জ-৩,কিশোরগঞ্জ,মোহাম্মদ  আমিনুল ইসলাম,আম,117,151,445468,226659,4780,214029
165,কিশোরগঞ্জ-৪,কিশোরগঞ্জ,মোঃ ফজলুর রহমান,ধানের শীষ,131851,150,405509,198151,4963,202395
165,কিশোরগঞ্জ-৪,কিশোরগঞ্জ,মোঃ রোকন রেজা শেখ,দাঁড়িপাল্লা,56905,150,405509,198151,4963,202395
165,কিশোরগঞ্জ-৪,কিশোরগঞ্জ,কাজী রেহা কবির,ফুটবল,2952,150,405509,198151,4963,202395
165,কিশোরগঞ্জ-৪,কিশোরগঞ্জ,মোঃ শাহীন রেজা চৌধুরী,ঘোড়া,2481,150,405509,198151,4963,202395
165,কিশোরগঞ্জ-৪,কিশোরগঞ্জ,বিল্লাল আহমেদ মজুমদার,হাতপাখা,2468,150,405509,198151,4963,202395
165,কিশোরগঞ্জ-৪,কিশোরগঞ্জ,খায়রুল ইসলাম ঠাকুর,রিক্সা,874,150,405509,198151,4963,202395
165,কিশোরগঞ্জ-৪,কিশোরগঞ্জ,নুরুল ইসলাম,আপেল,515,150,405509,198151,4963,202395
165,কিশোরগঞ্জ-৪,কিশোরগঞ্জ,মোঃ জয়নাল আবদিন,আম,105,150,405509,198151,4963,202395
166,কিশোরগঞ্জ-৫,কিশোরগঞ্জ,শেখ মজিবুর রহমান ইকবাল,হাঁস,79210,119,350101,204948,3973,141180
166,কিশোরগঞ্জ-৫,কিশোরগঞ্জ,সৈয়দ এহসানুল হুদা,ধানের শীষ,66117,119,350101,204948,3973,141180
166,কিশোরগঞ্জ-৫,কিশোরগঞ্জ,মোঃ রমজান আলী,দাঁড়িপাল্লা,53365,119,350101,204948,3973,141180
166,কিশোরগঞ্জ-৫,কিশোরগঞ্জ,মোহাম্মদ দেলাওয়ার হোসাইন,হাতপাখা,2661,119,350101,204948,3973,141180
166,কিশোরগঞ্জ-৫,কিশোরগঞ্জ,এ.এইচ.এম কাইয়ুম (হাসনাত কাইয়ুম),হরিণ ,1868,119,350101,204948,3973,141180
166,কিশোরগঞ্জ-৫,কিশোরগঞ্জ,মোঃ অলি উল্লাহ,মোমবাতি,1305,119,350101,204948,3973,141180
166,কিশোরগঞ্জ-৫,কিশোরগঞ্জ,মোঃ মাহবুবুল আলম,লাঙ্গল,290,119,350101,204948,3973,141180
166,কিশোরগঞ্জ-৫,কিশোরগঞ্জ,মোঃ সাজজাদ হোসেন,হারিকেন,132,119,350101,204948,3973,141180
167,কিশোরগঞ্জ-৬,কিশোরগঞ্জ,মোঃ শরীফুল আলম,ধানের শীষ,185795,142,423647,235414,6024,182209
167,কিশোরগঞ্জ-৬,কিশোরগঞ্জ,আতাউল্লাহ আমীন,রিক্সা,42980,142,423647,235414,6024,182209
167,কিশোরগঞ্জ-৬,কিশোরগঞ্জ,মোহাম্মদ মুছা খান,হাতপাখা,2367,142,423647,235414,6024,182209
167,কিশোরগঞ্জ-৬,কিশোরগঞ্জ,মোঃ রুবেল হোসেন,মোমবাতি,2152,142,423647,235414,6024,182209
167,কিশোরগঞ্জ-৬,কিশোরগঞ্জ,মোহাম্মদ আয়ূব হুসেন,লাঙ্গল,786,142,423647,235414,6024,182209
167,কিশোরগঞ্জ-৬,কিশোরগঞ্জ,নাঈমুল হাসান,আপেল,626,142,423647,235414,6024,182209
167,কিশোরগঞ্জ-৬,কিশোরগঞ্জ,ডাঃ মোহাম্মদ হাবিল  মিয়া,কাস্তে,306,142,423647,235414,6024,182209
167,কিশোরগঞ্জ-৬,কিশোরগঞ্জ,শাফি উদ্দিন আহাম্মদ,উদীয়মান সূর্য,220,142,423647,235414,6024,182209
167,কিশোরগঞ্জ-৬,কিশোরগঞ্জ,মোঃ নজরুল ইসলাম,আম,182,142,423647,235414,6024,182209
168,মানিকগঞ্জ-১,মানিকগঞ্জ,এস এ জিন্নাহ কবীর,ধানের শীষ,136836,179,457279,295005,5163,157111
168,মানিকগঞ্জ-১,মানিকগঞ্জ,মোঃ  তোজাম্মেল হক,ঘোড়া,77061,179,457279,295005,5163,157111
168,মানিকগঞ্জ-১,মানিকগঞ্জ,আবু বকর সিদ্দিক,দাঁড়িপাল্লা,69611,179,457279,295005,5163,157111
168,মানিকগঞ্জ-১,মানিকগঞ্জ,মোঃ আব্দুল আলী বেপারী,হরিণ ,6944,179,457279,295005,5163,157111
168,মানিকগঞ্জ-১,মানিকগঞ্জ,মোঃ খোরশেদ আলম,হাতপাখা,3215,179,457279,295005,5163,157111
168,মানিকগঞ্জ-১,মানিকগঞ্জ,মোহাম্মদ ইলিয়াছ হুছাইন,ট্রাক,1059,179,457279,295005,5163,157111
168,মানিকগঞ্জ-১,মানিকগঞ্জ,মোহাম্মদ শাজাহান খান,কলম,279,179,457279,295005,5163,157111
169,মানিকগঞ্জ-২,মানিকগঞ্জ,মঈনুল ইসলাম খান,ধানের শীষ,174631,185,467487,265248,4621,197618
169,মানিকগঞ্জ-২,মানিকগঞ্জ,মোঃ সালাহ উদ্দিন,দেওয়াল ঘড়ি,79831,185,467487,265248,4621,197618
169,মানিকগঞ্জ-২,মানিকগঞ্জ,"এস, এম, আব্দুল মান্নান",লাঙ্গল,6989,185,467487,265248,4621,197618
169,মানিকগঞ্জ-২,মানিকগঞ্জ,মোহাম্মদ আলী,হাতপাখা,3797,185,467487,265248,4621,197618
170,মানিকগঞ্জ-৩,মানিকগঞ্জ,আফরোজা খানম,ধানের শীষ,166174,151,395852,263154,5213,127485
170,মানিকগঞ্জ-৩,মানিকগঞ্জ,মুহাম্মদ সাঈদনূর,রিক্সা,62886,151,395852,263154,5213,127485
170,মানিকগঞ্জ-৩,মানিকগঞ্জ,মোঃ আতাউর রহমান আতা,ফুটবল,20375,151,395852,263154,5213,127485
170,মানিকগঞ্জ-৩,মানিকগঞ্জ,রফিকুল ইসলাম খান,মোটর সাইকেল,3603,151,395852,263154,5213,127485
170,মানিকগঞ্জ-৩,মানিকগঞ্জ,মোঃ শাহজাহান আলী,মোটরগাড়ি (কার),3448,151,395852,263154,5213,127485
170,মানিকগঞ্জ-৩,মানিকগঞ্জ,সামসুদ্দিন,হাতপাখা,2741,151,395852,263154,5213,127485
170,মানিকগঞ্জ-৩,মানিকগঞ্জ,আবুল বাশার বাদশা,লাঙ্গল,1942,151,395852,263154,5213,127485
170,মানিকগঞ্জ-৩,মানিকগঞ্জ,মোয়াজ্জেম হোসেন খান মজলিশ,বাইসাইকেল,1330,151,395852,263154,5213,127485
170,মানিকগঞ্জ-৩,মানিকগঞ্জ,মফিজুল ইসলাম খান কামাল,সূর্যমুখী ফুল,655,151,395852,263154,5213,127485
171,মুন্সিগঞ্জ-১,মুন্সীগঞ্জ,মোঃ  আব্দুল্লাহ্,ধানের শীষ,165714,170,536485,303949,6499,226037
171,মুন্সিগঞ্জ-১,মুন্সীগঞ্জ,এ কে এম ফখরুদ্দিন রাজী,দাঁড়িপাল্লা,98192,170,536485,303949,6499,226037
171,মুন্সিগঞ্জ-১,মুন্সীগঞ্জ,মোহাম্মদ মমিন আলী,ফুটবল,30394,170,536485,303949,6499,226037
171,মুন্সিগঞ্জ-১,মুন্সীগঞ্জ,মোঃ আতিকুর রহমান খাঁন,হাতপাখা,8917,170,536485,303949,6499,226037
171,মুন্সিগঞ্জ-১,মুন্সীগঞ্জ,আব্দুর রহমান,কাস্তে,420,170,536485,303949,6499,226037
171,মুন্সিগঞ্জ-১,মুন্সীগঞ্জ,রোকেয়া আক্তার,আপেল,312,170,536485,303949,6499,226037
172,মুন্সিগঞ্জ-২,মুন্সীগঞ্জ,আব্দুস সালাম আজাদ,ধানের শীষ,119836,130,372832,193241,5160,174431
172,মুন্সিগঞ্জ-২,মুন্সীগঞ্জ,মাজেদুল ইসলাম,শাপলা কলি,56750,130,372832,193241,5160,174431
172,মুন্সিগঞ্জ-২,মুন্সীগঞ্জ,"কে, এম, বিল্লাল",হাতপাখা,13213,130,372832,193241,5160,174431
172,মুন্সিগঞ্জ-২,মুন্সীগঞ্জ,মোঃ নোমান মিয়া,লাঙ্গল,2805,130,372832,193241,5160,174431
172,মুন্সিগঞ্জ-২,মুন্সীগঞ্জ,আশিক মাহমুদ,চেয়ার,637,130,372832,193241,5160,174431
173,মুন্সিগঞ্জ-৩,মুন্সীগঞ্জ,মোঃ কামরুজ্জামান,ধানের শীষ,122666,169,500030,270243,5844,223943
173,মুন্সিগঞ্জ-৩,মুন্সীগঞ্জ,মোঃ মহিউদ্দিন,ফুটবল,88133,169,500030,270243,5844,223943
173,মুন্সিগঞ্জ-৩,মুন্সীগঞ্জ,নূর হোসাইন নূরানী,রিক্সা,51662,169,500030,270243,5844,223943
173,মুন্সিগঞ্জ-৩,মুন্সীগঞ্জ,সুমন দেওয়ান,হাতপাখা,6268,169,500030,270243,5844,223943
173,মুন্সিগঞ্জ-৩,মুন্সীগঞ্জ,মোঃ আরিফুজ্জামান (দিদার),লাঙ্গল,764,169,500030,270243,5844,223943
173,মুন্সিগঞ্জ-৩,মুন্সীগঞ্জ,শেখ মোঃ কামাল হোসেন,কাস্তে,294,169,500030,270243,5844,223943
173,মুন্সিগঞ্জ-৩,মুন্সীগঞ্জ,আনিছ মোল্লা,আনারস,291,169,500030,270243,5844,223943
173,মুন্সিগঞ্জ-৩,মুন্সীগঞ্জ,শেখ মোঃ শিমুল,কোদাল,165,169,500030,270243,5844,223943
174,ঢাকা-১,ঢাকা,খোন্দকার আবু আশফাক,ধানের শীষ,172402,184,536613,294287,5584,236742
174,ঢাকা-১,ঢাকা,মোহাম্মাদ নজরুল ইসলাম,দাঁড়িপাল্লা,108910,184,536613,294287,5584,236742
174,ঢাকা-১,ঢাকা,নুরল ইসলাম,হাতপাখা,6538,184,536613,294287,5584,236742
174,ঢাকা-১,ঢাকা,অন্তরা সেলিমা হুদা,হরিণ ,4824,184,536613,294287,5584,236742
174,ঢাকা-১,ঢাকা,মোঃ নাসির উদ্দিন মোল্লা,লাঙ্গল,1345,184,536613,294287,5584,236742
174,ঢাকা-১,ঢাকা,শেখ মোঃ আলী,আনারস,268,184,536613,294287,5584,236742
175,ঢাকা-২,ঢাকা,মোঃ আমানউল্লাহ আমান,ধানের শীষ,163020,141,415340,247976,3676,163688
175,ঢাকা-২,ঢাকা,মোঃ আব্দুল হক,দাঁড়িপাল্লা,78655,141,415340,247976,3676,163688
175,ঢাকা-২,ঢাকা,মোঃ জহিরুল ইসলাম,হাতপাখা,6301,141,415340,247976,3676,163688
176,ঢাকা-৩,ঢাকা,গয়েশ্বর চন্দ্র রায়,ধানের শীষ,98785,126,359618,189636,3642,166340
176,ঢাকা-৩,ঢাকা,মোঃ শাহীনুর ইসলাম,দাঁড়িপাল্লা,82232,126,359618,189636,3642,166340
176,ঢাকা-৩,ঢাকা,মোঃ সুলতান আহাম্মদ খাঁন,হাতপাখা,6245,126,359618,189636,3642,166340
176,ঢাকা-৩,ঢাকা,মোঃ ফারুক,লাঙ্গল,1070,126,359618,189636,3642,166340
176,ঢাকা-৩,ঢাকা,মোঃ বাচ্চু ভুঁইয়া,মাথাল,378,126,359618,189636,3642,166340
176,ঢাকা-৩,ঢাকা,মোঃ মনির হোসেন,ফুটবল,310,126,359618,189636,3642,166340
176,ঢাকা-৩,ঢাকা,মজিবুর হাওলাদার,মই,196,126,359618,189636,3642,166340
176,ঢাকা-৩,ঢাকা,মুহাম্মদ রওশন ইয়াজদানী,উদীয়মান সূর্য,174,126,359618,189636,3642,166340
176,ঢাকা-৩,ঢাকা,মোহাম্মদ জাফর,ডাব,150,126,359618,189636,3642,166340
176,ঢাকা-৩,ঢাকা,মোঃ সাজ্জাদ,ট্রাক,96,126,359618,189636,3642,166340
177,ঢাকা-৪,ঢাকা,সৈয়দ জয়নুল আবেদীন,দাঁড়িপাল্লা,75683,115,358685,159538,2475,196672
177,ঢাকা-৪,ঢাকা,তানভীর আহমেদ,ধানের শীষ,73762,115,358685,159538,2475,196672
177,ঢাকা-৪,ঢাকা,সৈয়দ মোঃ মোসাদ্দেক বিল্লাহ,হাতপাখা,6450,115,358685,159538,2475,196672
177,ঢাকা-৪,ঢাকা,মোহাম্মদ মিজানুর রহমান,ফুটবল,2782,115,358685,159538,2475,196672
177,ঢাকা-৪,ঢাকা,মোহাম্মদ ফিরোজ আলম,কাস্তে,365,115,358685,159538,2475,196672
177,ঢাকা-৪,ঢাকা,মোঃ আবুল কালাম আজাদ,কলম,189,115,358685,159538,2475,196672
177,ঢাকা-৪,ঢাকা,মোঃ জাকির হোসেন,মই,179,115,358685,159538,2475,196672
177,ঢাকা-৪,ঢাকা,সাহেল আহম্মেদ সোহেল,ছড়ি,128,115,358685,159538,2475,196672
178,ঢাকা-৫,ঢাকা,মোহাম্মদ কামাল হোসেন,দাঁড়িপাল্লা,94668,150,415455,198351,3338,213766
178,ঢাকা-৫,ঢাকা,মোঃ নবী উল্লা,ধানের শীষ,86628,150,415455,198351,3338,213766
178,ঢাকা-৫,ঢাকা,মোঃ ইবরাহীম,হাতপাখা,14080,150,415455,198351,3338,213766
178,ঢাকা-৫,ঢাকা,মীর আব্দুস সবুর,লাঙ্গল,1325,150,415455,198351,3338,213766
178,ঢাকা-৫,ঢাকা,মোঃ হুমায়ুন কবির,ছাতা,779,150,415455,198351,3338,213766
178,ঢাকা-৫,ঢাকা,মোঃ সাইফুল আলম,ডাব,258,150,415455,198351,3338,213766
178,ঢাকা-৫,ঢাকা,শাহিনুর আক্তার সুমি,কাঁচি,213,150,415455,198351,3338,213766
178,ঢাকা-৫,ঢাকা,তোফাজ্জল হোসেন মোস্তফা,কাস্তে,198,150,415455,198351,3338,213766
178,ঢাকা-৫,ঢাকা,সৈয়দ মোহাম্মদ ইব্রাহিম,ট্রাক,90,150,415455,198351,3338,213766
178,ঢাকা-৫,ঢাকা,মোঃ গোলাম আজম,আনারস,77,150,415455,198351,3338,213766
178,ঢাকা-৫,ঢাকা,মোঃ তাইফুর রহমান রাহী,ছড়ি,35,150,415455,198351,3338,213766
179,ঢাকা-৬,ঢাকা,ইশরাক হোসেন,ধানের শীষ,78142,100,289435,135389,1954,152092
179,ঢাকা-৬,ঢাকা,মোঃ আব্দুল মান্নান,দাঁড়িপাল্লা,54665,100,289435,135389,1954,152092
179,ঢাকা-৬,ঢাকা,আমির উদ্দিন আহমেদ (ডালু),লাঙ্গল,1747,100,289435,135389,1954,152092
179,ঢাকা-৬,ঢাকা,মোঃ ইউনুস আলী আকন্দ,ডাব,313,100,289435,135389,1954,152092
179,ঢাকা-৬,ঢাকা,মোঃ আকতার হোসেন,হারিকেন,243,100,289435,135389,1954,152092
179,ঢাকা-৬,ঢাকা,আহম্মেদ আলী শেখ,মাছ,147,100,289435,135389,1954,152092
179,ঢাকা-৬,ঢাকা,মোঃ ফখরুল ইসলাম,ট্রাক,132,100,289435,135389,1954,152092
180,ঢাকা-৭,ঢাকা,হামিদুর রহমান,ধানের শীষ,104091,164,476167,224226,4387,247554
180,ঢাকা-৭,ঢাকা,মোঃ এনায়াত উল্লা,দাঁড়িপাল্লা,97268,164,476167,224226,4387,247554
180,ঢাকা-৭,ঢাকা,মোহাম্মদ ইসহাক সরকার,ফুটবল,11461,164,476167,224226,4387,247554
180,ঢাকা-৭,ঢাকা,মোঃ আবদুর রহমান,হাতপাখা,5044,164,476167,224226,4387,247554
180,ঢাকা-৭,ঢাকা,মোঃ হাবিবুল্লাহ,বটগাছ,2764,164,476167,224226,4387,247554
180,ঢাকা-৭,ঢাকা,মোহাম্মদ সাইফুদ্দিন আহম্মেদ মিলন,লাঙ্গল,2266,164,476167,224226,4387,247554
180,ঢাকা-৭,ঢাকা,সীমা দত্ত,কাঁচি,665,164,476167,224226,4387,247554
180,ঢাকা-৭,ঢাকা,শফিকুর রহমান,হাতি,217,164,476167,224226,4387,247554
180,ঢাকা-৭,ঢাকা,শাহানা সেলিম,তারা,203,164,476167,224226,4387,247554
180,ঢাকা-৭,ঢাকা,মাকসুদুর রহমান,ছড়ি,149,164,476167,224226,4387,247554
180,ঢাকা-৭,ঢাকা,মোঃ শহিদুল ইসলাম,কাঁঠাল,98,164,476167,224226,4387,247554
181,ঢাকা-৮,ঢাকা,মির্জা আব্বাস উদ্দিন আহমেদ,ধানের শীষ,56552,108,266482,111975,2497,152010
181,ঢাকা-৮,ঢাকা,মুহাম্মাদ নাসীরুদ্দীন পাটওয়ারী,শাপলা কলি,51572,108,266482,111975,2497,152010
181,ঢাকা-৮,ঢাকা,কেফায়েত উল্লা,হাতপাখা,1322,108,266482,111975,2497,152010
181,ঢাকা-৮,ঢাকা,ত্রিদ্বীপ কুমার সাহা,কাস্তে,688,108,266482,111975,2497,152010
181,ঢাকা-৮,ঢাকা,মোঃ জুবের আলম খান,লাঙ্গল,642,108,266482,111975,2497,152010
181,ঢাকা-৮,ঢাকা,মেঘনা আলম,ট্রাক,567,108,266482,111975,2497,152010
181,ঢাকা-৮,ঢাকা,এস. এম. সরওয়ার,মোমবাতি,311,108,266482,111975,2497,152010
181,ঢাকা-৮,ঢাকা,মোঃ গোলাম সারোয়ার,কলম,109,108,266482,111975,2497,152010
181,ঢাকা-৮,ঢাকা,এ এইচ এম রাফিকুজ্জামান আকন্দ,কাঁচি,93,108,266482,111975,2497,152010
181,ঢাকা-৮,ঢাকা,মোঃ রাসেল কবির,ছড়ি,70,108,266482,111975,2497,152010
181,ঢাকা-৮,ঢাকা,"এ, এফ, এম, ইসমাইল চৌধুরী",মোটরগাড়ি (কার),49,108,266482,111975,2497,152010
182,ঢাকা-৯,ঢাকা,হাবিবুর রশিদ,ধানের শীষ,110111,169,463437,214245,3536,245656
182,ঢাকা-৯,ঢাকা,মোহাম্মদ জাবেদ মিয়া,শাপলা কলি,52374,169,463437,214245,3536,245656
182,ঢাকা-৯,ঢাকা,তাসনিম জারা,ফুটবল,43519,169,463437,214245,3536,245656
182,ঢাকা-৯,ঢাকা,শাহ ইফতেখার আহসান,হাতপাখা,5760,169,463437,214245,3536,245656
182,ঢাকা-৯,ঢাকা,কাজী আবুল খায়ের,লাঙ্গল,1183,169,463437,214245,3536,245656
182,ঢাকা-৯,ঢাকা,মোঃ মনিরুজ্জামান,কাস্তে,462,169,463437,214245,3536,245656
182,ঢাকা-৯,ঢাকা,শাহীন খান,আম,204,169,463437,214245,3536,245656
182,ঢাকা-৯,ঢাকা,নাজমা আক্তার,উদীয়মান সূর্য,171,169,463437,214245,3536,245656
182,ঢাকা-৯,ঢাকা,নাহিদ হাসান চৌধুরী জুনায়েদ,আপেল,129,169,463437,214245,3536,245656
182,ঢাকা-৯,ঢাকা,মোহাম্মদ শফি উল্লাহ চৌধুরী,টেলিভিশন,124,169,463437,214245,3536,245656
182,ঢাকা-৯,ঢাকা,মাসুদ হোসেন,হারিকেন,115,169,463437,214245,3536,245656
182,ঢাকা-৯,ঢাকা,খন্দকার মিজানুর রহমান,কাঁচি,93,169,463437,214245,3536,245656
183,ঢাকা-১০,ঢাকা,শেখ রবিউল আলম,ধানের শীষ,79051,136,382208,161920,2538,217750
183,ঢাকা-১০,ঢাকা,মোঃ জসীম উদ্দীন সরকার,দাঁড়িপাল্লা,74670,136,382208,161920,2538,217750
183,ঢাকা-১০,ঢাকা,মোঃ আঃ আউয়াল,হাতপাখা,3407,136,382208,161920,2538,217750
183,ঢাকা-১০,ঢাকা,বহ্নি বেপারী,লাঙ্গল,1529,136,382208,161920,2538,217750
183,ঢাকা-১০,ঢাকা,নাসরীন সুলতানা,ঈগল,1434,136,382208,161920,2538,217750
183,ঢাকা-১০,ঢাকা,মোঃ জাকির হোসেন,কলম,1046,136,382208,161920,2538,217750
183,ঢাকা-১০,ঢাকা,মোঃ আবু হানিফ হৃদয়,হাতি,238,136,382208,161920,2538,217750
183,ঢাকা-১০,ঢাকা,আব্দুল্লাহ আল হুসাইন,প্রজাপতি,209,136,382208,161920,2538,217750
183,ঢাকা-১০,ঢাকা,মোঃ আনিছুর রহমান,ছড়ি,198,136,382208,161920,2538,217750
183,ঢাকা-১০,ঢাকা,আবুল কালাম আজাদ,আনারস,138,136,382208,161920,2538,217750
184,ঢাকা-১১,ঢাকা,মোঃ নাহিদ ইসলাম,শাপলা কলি,92038,162,434296,190053,3232,241011
184,ঢাকা-১১,ঢাকা,"এম, এ, কাইয়ুম",ধানের শীষ,90969,162,434296,190053,3232,241011
184,ঢাকা-১১,ঢাকা,শেখ মোঃ ফজলে বারী মাসউদ,হাতপাখা,4328,162,434296,190053,3232,241011
184,ঢাকা-১১,ঢাকা,শামীম আহমেদ,লাঙ্গল,1018,162,434296,190053,3232,241011
184,ঢাকা-১১,ঢাকা,কহিনূর আক্তার বীথি,ফুটবল,781,162,434296,190053,3232,241011
184,ঢাকা-১১,ঢাকা,মোঃ জাকির হোসেন,হাতি,280,162,434296,190053,3232,241011
184,ঢাকা-১১,ঢাকা,মোঃ মিজানুর রহমান,আম,237,162,434296,190053,3232,241011
184,ঢাকা-১১,ঢাকা,কাজী মোঃ শহীদুল্লাহ,ছড়ি,193,162,434296,190053,3232,241011
184,ঢাকা-১১,ঢাকা,মোঃ আবদুল কাদের,উদীয়মান সূর্য,129,162,434296,190053,3232,241011
184,ঢাকা-১১,ঢাকা,মোঃ আরিফুর রহমান,ট্রাক,80,162,434296,190053,3232,241011
185,ঢাকা-১২,ঢাকা,মোঃ সাইফুল আলম,দাঁড়িপাল্লা,52127,130,328828,119805,2158,206865
185,ঢাকা-১২,ঢাকা,সাইফুল হক,কোদাল,30640,130,328828,119805,2158,206865
185,ঢাকা-১২,ঢাকা,সাইফুল আলম নীরব,ফুটবল,29590,130,328828,119805,2158,206865
185,ঢাকা-১২,ঢাকা,মাহমুদুল হাসান,হাতপাখা,2030,130,328828,119805,2158,206865
185,ঢাকা-১২,ঢাকা,সরকার মোহাম্মদ সালাউদ্দিন,লাঙ্গল,1746,130,328828,119805,2158,206865
185,ঢাকা-১২,ঢাকা,তাসলিমা আখতার,মাথাল,1463,130,328828,119805,2158,206865
185,ঢাকা-১২,ঢাকা,মোঃ তারেক রহমান,প্রজাপতি,1001,130,328828,119805,2158,206865
185,ঢাকা-১২,ঢাকা,কল্লোল বনিক,কাস্তে,437,130,328828,119805,2158,206865
185,ঢাকা-১২,ঢাকা,মোহাম্মাদ শাহজালাল,মোমবাতি,177,130,328828,119805,2158,206865
185,ঢাকা-১২,ঢাকা,ফরিদ আহমেদ,কলম,171,130,328828,119805,2158,206865
185,ঢাকা-১২,ঢাকা,মোছাঃ সালমা আক্তার,আপেল,128,130,328828,119805,2158,206865
185,ঢাকা-১২,ঢাকা,মুনতাসির মাহমুদ,ছড়ি,109,130,328828,119805,2158,206865
185,ঢাকা-১২,ঢাকা,আবুল বাশার চৌধুরী,ট্রাক,84,130,328828,119805,2158,206865
185,ঢাকা-১২,ঢাকা,মোমিনুল আমিন,সিংহ,58,130,328828,119805,2158,206865
185,ঢাকা-১২,ঢাকা,মোহাম্মদ নাঈম হাসান,কাঁঠাল,44,130,328828,119805,2158,206865
186,ঢাকা-১৩,ঢাকা,ববি হাজ্জাজ,ধানের শীষ,86804,138,403173,174504,3950,224719
186,ঢাকা-১৩,ঢাকা,মোঃ মামুনুল হক,রিক্সা,84001,138,403173,174504,3950,224719
186,ঢাকা-১৩,ঢাকা,শেখ মোঃ রবিউল ইসলাম,ঘুড়ি,966,138,403173,174504,3950,224719
186,ঢাকা-১৩,ঢাকা,সোহেল রানা,কলস,692,138,403173,174504,3950,224719
186,ঢাকা-১৩,ঢাকা,ফাতেমা আক্তার মুনিয়া,আপেল,487,138,403173,174504,3950,224719
186,ঢাকা-১৩,ঢাকা,মোঃ খালেকুজ্জামান,মই,460,138,403173,174504,3950,224719
186,ঢাকা-১৩,ঢাকা,শাহরিয়ার ইফতেখার,হারিকেন,449,138,403173,174504,3950,224719
186,ঢাকা-১৩,ঢাকা,মিজানুর রহমান,ট্রাক,324,138,403173,174504,3950,224719
186,ঢাকা-১৩,ঢাকা,মোঃ শাহাবুদ্দিন,রকেট,321,138,403173,174504,3950,224719
187,ঢাকা-১৪,ঢাকা,মীর আহমাদ বিনকাসেম,দাঁড়িপাল্লা,98912,173,450743,203584,3270,243889
187,ঢাকা-১৪,ঢাকা,সানজিদা ইসলাম,ধানের শীষ,82329,173,450743,203584,3270,243889
187,ঢাকা-১৪,ঢাকা,সৈয়দ আবু বকর সিদ্দিক,ফুটবল,16253,173,450743,203584,3270,243889
187,ঢাকা-১৪,ঢাকা,মোঃ আবু ইউসুফ,হাতপাখা,3718,173,450743,203584,3270,243889
187,ঢাকা-১৪,ঢাকা,মোঃ হেলাল উদ্দীন,লাঙ্গল,825,173,450743,203584,3270,243889
187,ঢাকা-১৪,ঢাকা,মোঃ সোহেল রানা,ছাতা,381,173,450743,203584,3270,243889
187,ঢাকা-১৪,ঢাকা,রিয়াজ উদ্দিন ,কাস্তে,360,173,450743,203584,3270,243889
187,ঢাকা-১৪,ঢাকা,মোঃ ওসমান আলী,একতারা,302,173,450743,203584,3270,243889
187,ঢাকা-১৪,ঢাকা,নুরুল আমিন,তারা,214,173,450743,203584,3270,243889
187,ঢাকা-১৪,ঢাকা,মোহাম্মদ মনিরুজ্জামান,ঈগল,136,173,450743,203584,3270,243889
187,ঢাকা-১৪,ঢাকা,মোঃ লিটন,হাতি,80,173,450743,203584,3270,243889
187,ঢাকা-১৪,ঢাকা,মোঃ জসিম উদ্দিন,উদীয়মান সূর্য,74,173,450743,203584,3270,243889
188,ঢাকা-১৫,ঢাকা,মোঃ শফিকুর রহমান,দাঁড়িপাল্লা,82364,127,344308,147593,2104,194611
188,ঢাকা-১৫,ঢাকা,মোঃ শফিকুল ইসলাম খান,ধানের শীষ,62007,127,344308,147593,2104,194611
188,ঢাকা-১৫,ঢাকা,মোঃ সামসুল হক,লাঙ্গল,1338,127,344308,147593,2104,194611
188,ঢাকা-১৫,ঢাকা,আহাম্মদ সাজেদুল হক,কাস্তে,775,127,344308,147593,2104,194611
188,ঢাকা-১৫,ঢাকা,খান শোয়েব আমান উল্লাহ,কলম,347,127,344308,147593,2104,194611
188,ঢাকা-১৫,ঢাকা,মোবারক হোসেন,একতারা,318,127,344308,147593,2104,194611
188,ঢাকা-১৫,ঢাকা,মোঃ নিলাভ পারভেজ,প্রজাপতি,243,127,344308,147593,2104,194611
188,ঢাকা-১৫,ঢাকা,মোঃ আশফাকুর রহমান,মোটরগাড়ি (কার),201,127,344308,147593,2104,194611
189,ঢাকা-১৬,ঢাকা,মোঃ  আব্দুল বাতেন,দাঁড়িপাল্লা,87027,137,396190,178063,3684,214443
189,ঢাকা-১৬,ঢাকা,মোঃ আমিনুল হক,ধানের শীষ,84632,137,396190,178063,3684,214443
189,ঢাকা-১৬,ঢাকা,মোঃ সাইফুল ইসলাম,হাতপাখা,3632,137,396190,178063,3684,214443
189,ঢাকা-১৬,ঢাকা,মোঃ সুলতান আহম্মেদ সেলিম,লাঙ্গল,1444,137,396190,178063,3684,214443
189,ঢাকা-১৬,ঢাকা,"আলহাজ্জ এ, কে, এম মোয়াজ্জেম হোসেন",আনারস,488,137,396190,178063,3684,214443
189,ঢাকা-১৬,ঢাকা,মোঃ রাশিদুল ইসলাম,কাঁচি,204,137,396190,178063,3684,214443
189,ঢাকা-১৬,ঢাকা,মোঃ তারিকূল ইসলাম,আম,159,137,396190,178063,3684,214443
189,ঢাকা-১৬,ঢাকা,মোঃ আব্দুল কাদের জিলানী,ছড়ি,141,137,396190,178063,3684,214443
189,ঢাকা-১৬,ঢাকা,মোঃ নাজমুল হক,গরুর গাড়ী,133,137,396190,178063,3684,214443
189,ঢাকা-১৬,ঢাকা,মোঃ মামুন হোসেন,ট্রাক,103,137,396190,178063,3684,214443
189,ঢাকা-১৬,ঢাকা,মোহাম্মাদ তৌহিদুজ্জামান,বটগাছ,100,137,396190,178063,3684,214443
190,ঢাকা-১৭,ঢাকা,তারেক রহমান,ধানের শীষ,71443,124,327891,142007,2088,183796
190,ঢাকা-১৭,ঢাকা,স. ম. খালিদুজ্জামান,দাঁড়িপাল্লা,65972,124,327891,142007,2088,183796
190,ঢাকা-১৭,ঢাকা,মোহাম্মদ উল্যাহ,হাতপাখা,1740,124,327891,142007,2088,183796
190,ঢাকা-১৭,ঢাকা,আতিক আহমেদ,লাঙ্গল,1142,124,327891,142007,2088,183796
190,ঢাকা-১৭,ঢাকা,তপু রায়হান,বাইসাইকেল,1034,124,327891,142007,2088,183796
190,ঢাকা-১৭,ঢাকা,কাজী এনায়েত উল্লাহ,মোরগ,157,124,327891,142007,2088,183796
190,ঢাকা-১৭,ঢাকা,মোঃ শামীম আহমদ,ডাব,130,124,327891,142007,2088,183796
190,ঢাকা-১৭,ঢাকা,মোঃ আনিসুজ্জামান খোকন,ময়ূর,103,124,327891,142007,2088,183796
190,ঢাকা-১৭,ঢাকা,কামরুল হাসান নাসিম,কাঁঠাল,90,124,327891,142007,2088,183796
190,ঢাকা-১৭,ঢাকা,মনজুর হুমায়ুন,আপেল,78,124,327891,142007,2088,183796
190,ঢাকা-১৭,ঢাকা,"এস, এম, আবুল কালাম আজাদ",টেলিভিশন,59,124,327891,142007,2088,183796
190,ঢাকা-১৭,ঢাকা,মুহাম্মদ রাশেদুল হক,আনারস,59,124,327891,142007,2088,183796
191,ঢাকা-১৮,ঢাকা,"এস, এম, জাহাঙ্গীর হোসেন",ধানের শীষ,143037,218,605449,265383,4101,335965
191,ঢাকা-১৮,ঢাকা,আরিফুল ইসলাম,শাপলা কলি,108711,218,605449,265383,4101,335965
191,ঢাকা-১৮,ঢাকা,মোঃ আনোয়ার হোসেন,হাতপাখা,4650,218,605449,265383,4101,335965
191,ঢাকা-১৮,ঢাকা,মোঃ মহিউদ্দিন হাওলাদার,রেল ইঞ্জিন,3062,218,605449,265383,4101,335965
191,ঢাকা-১৮,ঢাকা,মোঃ জাকির হোসেন,লাঙ্গল,2515,218,605449,265383,4101,335965
191,ঢাকা-১৮,ঢাকা,মোঃ জসিম উদ্দিন‌‌‌,মোমবাতি,1634,218,605449,265383,4101,335965
191,ঢাকা-১৮,ঢাকা,মোঃ ইসমাইল হোসেন,হরিণ ,918,218,605449,265383,4101,335965
191,ঢাকা-১৮,ঢাকা,মাহমুদুর রহমান মান্না,কেটলি,303,218,605449,265383,4101,335965
191,ঢাকা-১৮,ঢাকা,"মিসেস, সাবিনা জাবেদ",আম,296,218,605449,265383,4101,335965
191,ঢাকা-১৮,ঢাকা,সৈয়দ হারুন -অর - রশীদ,মই,257,218,605449,265383,4101,335965
192,ঢাকা-১৯,ঢাকা,দেওয়ান মোহাম্মদ সালাউদ্দিন,ধানের শীষ,191327,275,741552,331585,5484,404483
192,ঢাকা-১৯,ঢাকা,দিলশানা পারুল,শাপলা কলি,125153,275,741552,331585,5484,404483
192,ঢাকা-১৯,ঢাকা,মোহাম্মদ ফারুক খান,হাতপাখা,10530,275,741552,331585,5484,404483
192,ঢাকা-১৯,ঢাকা,মোঃ বাহাদুর ইসলাম,লাঙ্গল,2408,275,741552,331585,5484,404483
192,ঢাকা-১৯,ঢাকা,শেখ শওকত হোসেন,ট্রাক,683,275,741552,331585,5484,404483
192,ঢাকা-১৯,ঢাকা,মোঃ ইসরাফিল হোসেন সাভারী,আম,640,275,741552,331585,5484,404483
192,ঢাকা-১৯,ঢাকা,চৌধুরী হাসান সারওয়ার্দী,ছাতা,633,275,741552,331585,5484,404483
192,ঢাকা-১৯,ঢাকা,মোঃ কামরুল,হারিকেন,211,275,741552,331585,5484,404483
193,ঢাকা-২০,ঢাকা,মোঃ তমিজ উদ্দিন,ধানের শীষ,160428,147,370938,229606,6117,135215
193,ঢাকা-২০,ঢাকা,নাবিলা তাসনিদ,শাপলা কলি,56343,147,370938,229606,6117,135215
193,ঢাকা-২০,ঢাকা,মোঃ আশরাফ আলী,দেওয়াল ঘড়ি,9083,147,370938,229606,6117,135215
193,ঢাকা-২০,ঢাকা,আহছান খান,লাঙ্গল,3076,147,370938,229606,6117,135215
193,ঢাকা-২০,ঢাকা,হেলাল উদ্দিন আহাম্মদ,ঈগল,478,147,370938,229606,6117,135215
193,ঢাকা-২০,ঢাকা,মোঃ আরজু মিয়া,মোটরগাড়ি (কার),198,147,370938,229606,6117,135215
194,গাজীপুর-১,গাজীপুর,মোঃ মজিবুর রহমান,ধানের শীষ,207622,237,716484,371557,7640,337287
194,গাজীপুর-১,গাজীপুর,মোঃ শাহ্‌ আলম বকশী,দাঁড়িপাল্লা,147856,237,716484,371557,7640,337287
194,গাজীপুর-১,গাজীপুর,মোঃ ইমারাত হোসেইন খান,মোটর সাইকেল,6615,237,716484,371557,7640,337287
194,গাজীপুর-১,গাজীপুর,রুহুল আমীন,হাতপাখা,5668,237,716484,371557,7640,337287
194,গাজীপুর-১,গাজীপুর,"এস, এম, শফিকুল ইসলাম",লাঙ্গল,3281,237,716484,371557,7640,337287
194,গাজীপুর-১,গাজীপুর,তসলিমা আক্তার,কাঁচি,225,237,716484,371557,7640,337287
194,গাজীপুর-১,গাজীপুর,চৌধুরী ইরাদ আহমদ সিদ্দিকী,আনারস,163,237,716484,371557,7640,337287
194,গাজীপুর-১,গাজীপুর,আতিকুল ইসলাম,মাছ,127,237,716484,371557,7640,337287
195,গাজীপুর-২,গাজীপুর,এম মঞ্জুরুল করিম রনি,ধানের শীষ,187558,272,799098,348174,7910,443014
195,গাজীপুর-২,গাজীপুর,আলী নাছের খান,শাপলা কলি,139337,272,799098,348174,7910,443014
195,গাজীপুর-২,গাজীপুর,হানিফ সরকার,হাতপাখা,12571,272,799098,348174,7910,443014
195,গাজীপুর-২,গাজীপুর,মোঃ মাহবুব আলম,লাঙ্গল,4097,272,799098,348174,7910,443014
195,গাজীপুর-২,গাজীপুর,মোঃ জিয়াউল কবীর,কাস্তে,1396,272,799098,348174,7910,443014
195,গাজীপুর-২,গাজীপুর,মোঃ আবদুল কাইয়ুম,মই,1154,272,799098,348174,7910,443014
195,গাজীপুর-২,গাজীপুর,মোহাম্মদ শরিফুল ইসলাম,কলম,534,272,799098,348174,7910,443014
195,গাজীপুর-২,গাজীপুর,জিত বড়ুয়া,ফুটবল,434,272,799098,348174,7910,443014
195,গাজীপুর-২,গাজীপুর,সরকার তাসলিমা আফরোজ,আপেল,408,272,799098,348174,7910,443014
195,গাজীপুর-২,গাজীপুর,মাসুদ রেজা,কাঁচি,246,272,799098,348174,7910,443014
195,গাজীপুর-২,গাজীপুর,মাহফুজুর রহমান খান,ট্রাক,243,272,799098,348174,7910,443014
195,গাজীপুর-২,গাজীপুর,আতিকুল ইসলাম,মাছ,196,272,799098,348174,7910,443014
196,গাজীপুর-৩,গাজীপুর,"এস,এম, রফিকুল ইসলাম",ধানের শীষ,161258,180,523222,293168,7692,222362
196,গাজীপুর-৩,গাজীপুর,মুহাম্মদ এহসানুল হক,রিক্সা,99354,180,523222,293168,7692,222362
196,গাজীপুর-৩,গাজীপুর,মোঃ ইজাদুর রহমান চৌধুরী,ঘোড়া,21843,180,523222,293168,7692,222362
196,গাজীপুর-৩,গাজীপুর,আলমগীর হোসাইন,হাতপাখা,5983,180,523222,293168,7692,222362
196,গাজীপুর-৩,গাজীপুর,হা: মাও: মুফতি শামীম আহমদ,মিনার,2295,180,523222,293168,7692,222362
196,গাজীপুর-৩,গাজীপুর,মোঃ নাজিম উদ্দিন,লাঙ্গল,1955,180,523222,293168,7692,222362
196,গাজীপুর-৩,গাজীপুর,আশিকুল ইসলাম পিয়াল,মই,480,180,523222,293168,7692,222362
197,গাজীপুর-৪,গাজীপুর,সালাহ উদ্দিন,দাঁড়িপাল্লা,99271,122,325552,195949,3897,125706
197,গাজীপুর-৪,গাজীপুর,শাহ রিয়াজুল হান্নান,ধানের শীষ,89354,122,325552,195949,3897,125706
197,গাজীপুর-৪,গাজীপুর,মোঃ কাজিম উদ্দিন,হাতপাখা,2299,122,325552,195949,3897,125706
197,গাজীপুর-৪,গাজীপুর,এনামুল কবির,লাঙ্গল,2089,122,325552,195949,3897,125706
197,গাজীপুর-৪,গাজীপুর,মো: শফিউল্লাহ,ফুটবল,1466,122,325552,195949,3897,125706
197,গাজীপুর-৪,গাজীপুর,মানবেন্দ্র দেব,কাস্তে,1071,122,325552,195949,3897,125706
197,গাজীপুর-৪,গাজীপুর,মোঃ জাকির হোসেন,প্রজাপতি,273,122,325552,195949,3897,125706
197,গাজীপুর-৪,গাজীপুর,মনির হোসাইন,আম,126,122,325552,195949,3897,125706
198,গাজীপুর-৫,গাজীপুর,"এ, কে, এম, ফজলুল হক মিলন",ধানের শীষ,133063,124,350966,223111,4296,123559
198,গাজীপুর-৫,গাজীপুর,মো: খায়রুল হাসান,দাঁড়িপাল্লা,76569,124,350966,223111,4296,123559
198,গাজীপুর-৫,গাজীপুর,মোঃ আজম খান,কলম,6555,124,350966,223111,4296,123559
198,গাজীপুর-৫,গাজীপুর,গাজী আতাউর রহমান,হাতপাখা,4390,124,350966,223111,4296,123559
198,গাজীপুর-৫,গাজীপুর,ডা: মো: সফিউদ্দিন সরকার,লাঙ্গল,1482,124,350966,223111,4296,123559
198,গাজীপুর-৫,গাজীপুর,মো: আল আমিন দেওয়ান,চেয়ার,832,124,350966,223111,4296,123559
198,গাজীপুর-৫,গাজীপুর,মোঃ কাজল ভূঞা,উদীয়মান সূর্য,220,124,350966,223111,4296,123559
199,নরসিংদী-১,নরসিংদী,খায়রুল কবির খোকন,ধানের শীষ,160676,142,472691,270494,5373,196824
199,নরসিংদী-১,নরসিংদী,মোঃ ইব্রাহিম ভূঞা,দাঁড়িপাল্লা,93633,142,472691,270494,5373,196824
199,নরসিংদী-১,নরসিংদী,মোঃ আশরাফ হোসেন ভূঞা,হাতপাখা,13369,142,472691,270494,5373,196824
199,নরসিংদী-১,নরসিংদী,মোহাম্মদ মোস্তফা জামাল,লাঙ্গল,997,142,472691,270494,5373,196824
199,নরসিংদী-১,নরসিংদী,সাখাওয়াত হোসেন,মোমবাতি,952,142,472691,270494,5373,196824
199,নরসিংদী-১,নরসিংদী,শিরিন আক্তার,ট্রাক,481,142,472691,270494,5373,196824
199,নরসিংদী-১,নরসিংদী,হামিদুল হক পারভেজ,আপেল,207,142,472691,270494,5373,196824
199,নরসিংদী-১,নরসিংদী,শহিদুজ্জামান চৌধুরী,উদীয়মান সূর্য,179,142,472691,270494,5373,196824
200,নরসিংদী-২,নরসিংদী,"ড, আবদুল মঈন খান",ধানের শীষ,92352,91,283779,168968,4013,110798
200,নরসিংদী-২,নরসিংদী,মোঃ আমজাদ হোসাইন,দাঁড়িপাল্লা,55168,91,283779,168968,4013,110798
200,নরসিংদী-২,নরসিংদী,মোঃ গোলাম সারোয়ার,শাপলা কলি,19236,91,283779,168968,4013,110798
200,নরসিংদী-২,নরসিংদী,"এ, এন, এম,  রফিকুল আলম সেলিম",লাঙ্গল,1272,91,283779,168968,4013,110798
200,নরসিংদী-২,নরসিংদী,আসিফ ইকবাল,চেয়ার,705,91,283779,168968,4013,110798
200,নরসিংদী-২,নরসিংদী,মোহাম্মদ ইব্রাহীম,আপেল,235,91,283779,168968,4013,110798
201,নরসিংদী-৩,নরসিংদী,মনজুর এলাহী,ধানের শীষ,81415,101,280929,165303,3274,112352
201,নরসিংদী-৩,নরসিংদী,মোঃ আরিফ-উল-ইসলাম মৃধা,হাঁস,45401,101,280929,165303,3274,112352
201,নরসিংদী-৩,নরসিংদী,মোঃ রাকিবুল ইসলাম ( রকিব),রিক্সা,24968,101,280929,165303,3274,112352
201,নরসিংদী-৩,নরসিংদী,মোঃ ওয়ায়েজ হোসেন ভূইয়া,হাতপাখা,6413,101,280929,165303,3274,112352
201,নরসিংদী-৩,নরসিংদী,মোঃ মোস্তাফিজুর রহমান,দাঁড়িপাল্লা,4482,101,280929,165303,3274,112352
201,নরসিংদী-৩,নরসিংদী,আবু সাদাত মোহাম্মদ সায়েম আলী পাঠান,গোলাপ ফুল,1744,101,280929,165303,3274,112352
201,নরসিংদী-৩,নরসিংদী,রায়হান মিয়া,আপেল,615,101,280929,165303,3274,112352
201,নরসিংদী-৩,নরসিংদী,"এ, কে, এম রেজাউল করিম",লাঙ্গল,265,101,280929,165303,3274,112352
202,নরসিংদী-৪,নরসিংদী,সরদার মোঃ সাখাওয়াত হোসেন,ধানের শীষ,161912,162,422835,250062,5221,167552
202,নরসিংদী-৪,নরসিংদী,মোঃ জাহাঙ্গীর আলম,দাঁড়িপাল্লা,76445,162,422835,250062,5221,167552
202,নরসিংদী-৪,নরসিংদী,মোঃ ছাইফুল্লাহ্‌,হাতপাখা,7001,162,422835,250062,5221,167552
202,নরসিংদী-৪,নরসিংদী,মুহাম্মদ মিলন মিয়া,আপেল,1695,162,422835,250062,5221,167552
202,নরসিংদী-৪,নরসিংদী,মোঃ কামাল উদ্দিন,লাঙ্গল,1137,162,422835,250062,5221,167552
202,নরসিংদী-৪,নরসিংদী,কাজী সাজ্জাদ জহির,কাস্তে,817,162,422835,250062,5221,167552
202,নরসিংদী-৪,নরসিংদী,মোহাম্মদ নাসির উদ্দিন,রিক্সা,461,162,422835,250062,5221,167552
202,নরসিংদী-৪,নরসিংদী,আবু দার্দ্দা মোঃ মা'জ,কলম,439,162,422835,250062,5221,167552
202,নরসিংদী-৪,নরসিংদী,কাজী শরিফুল ইসলাম,ডাব,155,162,422835,250062,5221,167552
203,নরসিংদী-৫,নরসিংদী,মোঃ আশরাফ উদ্দিন,ধানের শীষ,136602,167,487713,243450,4910,239353
203,নরসিংদী-৫,নরসিংদী,তাজুল ইসলাম,রিক্সা,43682,167,487713,243450,4910,239353
203,নরসিংদী-৫,নরসিংদী,বদরুজ্জামান উজ্জল,হাতপাখা,32582,167,487713,243450,4910,239353
203,নরসিংদী-৫,নরসিংদী,মুহাম্মদ পনির হোসেন,মাইক,19763,167,487713,243450,4910,239353
203,নরসিংদী-৫,নরসিংদী,জামাল আহম্মেদ চৌধুরী,ফুটবল,5342,167,487713,243450,4910,239353
203,নরসিংদী-৫,নরসিংদী,মশিউর রহমান,মোমবাতি,2380,167,487713,243450,4910,239353
203,নরসিংদী-৫,নরসিংদী,তৌফিকুর রাহমান,ঘোড়া,1239,167,487713,243450,4910,239353
203,নরসিংদী-৫,নরসিংদী,তাহমিনা আক্তার,আপেল,1067,167,487713,243450,4910,239353
203,নরসিংদী-৫,নরসিংদী,মেহেরুন নেছা খাঁন হেনা,লাঙ্গল,494,167,487713,243450,4910,239353
203,নরসিংদী-৫,নরসিংদী,মোঃ সোলায়মান খন্দকার,হাঁস,299,167,487713,243450,4910,239353
204,নারায়ণগঞ্জ-১,নারায়ণগঞ্জ,মুস্তাফিজুর রহমান ভূঁইয়া,ধানের শীষ,155421,129,405300,253971,5034,146295
204,নারায়ণগঞ্জ-১,নারায়ণগঞ্জ,মোঃ আনোয়ার হোসেন মোল্লা,দাঁড়িপাল্লা,90289,129,405300,253971,5034,146295
204,নারায়ণগঞ্জ-১,নারায়ণগঞ্জ,মোঃ ইমদাদুল্লাহ,হাতপাখা,7137,129,405300,253971,5034,146295
204,নারায়ণগঞ্জ-১,নারায়ণগঞ্জ,মোহাম্মদ দুলাল,জাহাজ,456,129,405300,253971,5034,146295
204,নারায়ণগঞ্জ-১,নারায়ণগঞ্জ,মোঃ মনিরুজ্জামান চন্দন,কাস্তে,258,129,405300,253971,5034,146295
204,নারায়ণগঞ্জ-১,নারায়ণগঞ্জ,ওয়াসিম উদ্দিন,ট্রাক,208,129,405300,253971,5034,146295
204,নারায়ণগঞ্জ-১,নারায়ণগঞ্জ,মোঃ রেহান আফজাল,আপেল,202,129,405300,253971,5034,146295
205,নারায়ণগঞ্জ-২,নারায়ণগঞ্জ,মোঃ নজরুল ইসলাম আজাদ,ধানের শীষ,124291,118,359597,230073,3833,125691
205,নারায়ণগঞ্জ-২,নারায়ণগঞ্জ,মোঃ ইলিয়াছ মোল্লা,দাঁড়িপাল্লা,81054,118,359597,230073,3833,125691
205,নারায়ণগঞ্জ-২,নারায়ণগঞ্জ,মোঃ আতাউর রহমান খান,কলস,18744,118,359597,230073,3833,125691
205,নারায়ণগঞ্জ-২,নারায়ণগঞ্জ,মাওলানা মোঃ হাবিবুল্লাহ,হাতপাখা,5265,118,359597,230073,3833,125691
205,নারায়ণগঞ্জ-২,নারায়ণগঞ্জ,মোঃ হাফিজুল ইসলাম,কাস্তে,350,118,359597,230073,3833,125691
205,নারায়ণগঞ্জ-২,নারায়ণগঞ্জ,মোঃ আবু হানিফ হৃদয়,হাতি,227,118,359597,230073,3833,125691
205,নারায়ণগঞ্জ-২,নারায়ণগঞ্জ,কামরুল মিয়া,ট্রাক,142,118,359597,230073,3833,125691
206,নারায়ণগঞ্জ-৩,নারায়ণগঞ্জ,আজহারুল ইসলাম মান্নান,ধানের শীষ,154170,210,586763,328578,7636,250549
206,নারায়ণগঞ্জ-৩,নারায়ণগঞ্জ,মোঃ ইকবাল হোসাইন ভূইয়া,দাঁড়িপাল্লা,132480,210,586763,328578,7636,250549
206,নারায়ণগঞ্জ-৩,নারায়ণগঞ্জ,মুহাম্মদ গিয়াস উদ্দিন,ফুটবল,20211,210,586763,328578,7636,250549
206,নারায়ণগঞ্জ-৩,নারায়ণগঞ্জ,গোলাম মসীহ্‌,হাতপাখা,14101,210,586763,328578,7636,250549
206,নারায়ণগঞ্জ-৩,নারায়ণগঞ্জ,অধ্যাপক মোঃ রেজাউল করিম,ঘোড়া,4510,210,586763,328578,7636,250549
206,নারায়ণগঞ্জ-৩,নারায়ণগঞ্জ,মুহাঃ শাহজাহান,রিক্সা,975,210,586763,328578,7636,250549
206,নারায়ণগঞ্জ-৩,নারায়ণগঞ্জ,মোঃ আতিকুর রহমান নান্নু মুন্সী,বটগাছ,764,210,586763,328578,7636,250549
206,নারায়ণগঞ্জ-৩,নারায়ণগঞ্জ,অঞ্জন দাস,মাথাল,635,210,586763,328578,7636,250549
206,নারায়ণগঞ্জ-৩,নারায়ণগঞ্জ,মোঃ ওয়াহিদুর রহমান মিল্কী,ট্রাক,312,210,586763,328578,7636,250549
206,নারায়ণগঞ্জ-৩,নারায়ণগঞ্জ,আবদুল করীম মুন্সী,কলম,284,210,586763,328578,7636,250549
206,নারায়ণগঞ্জ-৩,নারায়ণগঞ্জ,আরিফুল ইসলাম,ঈগল,136,210,586763,328578,7636,250549
207,নারায়ণগঞ্জ-৪,নারায়ণগঞ্জ,আব্দুল্লাহ আল আমিন,শাপলা কলি,104482,177,536086,259998,5955,270133
207,নারায়ণগঞ্জ-৪,নারায়ণগঞ্জ,মনির হোসাইন,খেজুর গাছ,80138,177,536086,259998,5955,270133
207,নারায়ণগঞ্জ-৪,নারায়ণগঞ্জ,মোঃ শাহ আলম,হরিণ ,39383,177,536086,259998,5955,270133
207,নারায়ণগঞ্জ-৪,নারায়ণগঞ্জ,মোঃ ইছমাঈল হোসেন কাউছার,হাতপাখা,16639,177,536086,259998,5955,270133
207,নারায়ণগঞ্জ-৪,নারায়ণগঞ্জ,মোহাম্মদ আলী,হাতি,11263,177,536086,259998,5955,270133
207,নারায়ণগঞ্জ-৪,নারায়ণগঞ্জ,মুহাম্মদ গিয়াস উদ্দিন,ফুটবল,4725,177,536086,259998,5955,270133
207,নারায়ণগঞ্জ-৪,নারায়ণগঞ্জ,মোঃ ছালাউদ্দিন খোকা,লাঙ্গল,796,177,536086,259998,5955,270133
207,নারায়ণগঞ্জ-৪,নারায়ণগঞ্জ,আনোয়ার হোসেন,রিক্সা,713,177,536086,259998,5955,270133
207,নারায়ণগঞ্জ-৪,নারায়ণগঞ্জ,মোঃ সেলিম আহমেদ,একতারা,639,177,536086,259998,5955,270133
207,নারায়ণগঞ্জ-৪,নারায়ণগঞ্জ,ইকবাল হোসেন,কাস্তে,475,177,536086,259998,5955,270133
207,নারায়ণগঞ্জ-৪,নারায়ণগঞ্জ,মোঃ সুলাইমান দেওয়ান,মোটরগাড়ি (কার),366,177,536086,259998,5955,270133
207,নারায়ণগঞ্জ-৪,নারায়ণগঞ্জ,সেলিম মাহমুদ,মই,281,177,536086,259998,5955,270133
207,নারায়ণগঞ্জ-৪,নারায়ণগঞ্জ,মোঃ আরিফ ভূইয়া,ট্রাক,98,177,536086,259998,5955,270133
208,নারায়ণগঞ্জ-৫,নারায়ণগঞ্জ,আবুল কালাম,ধানের শীষ,114013,163,480473,263466,7561,209446
208,নারায়ণগঞ্জ-৫,নারায়ণগঞ্জ,এ বি এম সিরাজুল মামুন,দেওয়াল ঘড়ি,99471,163,480473,263466,7561,209446
208,নারায়ণগঞ্জ-৫,নারায়ণগঞ্জ,মোঃ মাকসুদ হোসেন,ফুটবল,33918,163,480473,263466,7561,209446
208,নারায়ণগঞ্জ-৫,নারায়ণগঞ্জ,মাও মোঃ মাছুম বিল্লাহ,হাতপাখা,7645,163,480473,263466,7561,209446
208,নারায়ণগঞ্জ-৫,নারায়ণগঞ্জ,সৈয়দ বাহাদুর শাহ্ মুজাদ্দেদী,চেয়ার,4622,163,480473,263466,7561,209446
208,নারায়ণগঞ্জ-৫,নারায়ণগঞ্জ,মন্টু চন্দ্র ঘোষ,কাস্তে,1548,163,480473,263466,7561,209446
208,নারায়ণগঞ্জ-৫,নারায়ণগঞ্জ,তারিকুল ইসলাম,মাথাল,1006,163,480473,263466,7561,209446
208,নারায়ণগঞ্জ-৫,নারায়ণগঞ্জ,মোঃ  নাহিদ হোসেন,ট্রাক,639,163,480473,263466,7561,209446
208,নারায়ণগঞ্জ-৫,নারায়ণগঞ্জ,আবু নাঈম খান বিপ্লব,মই,363,163,480473,263466,7561,209446
208,নারায়ণগঞ্জ-৫,নারায়ণগঞ্জ,এইচ এম আমজাদ হোসেন মোল্লা,ছড়ি,241,163,480473,263466,7561,209446
209,রাজবাড়ী-১,রাজবাড়ী,আলী নেওয়াজ মাহমুদ খৈয়ম,ধানের শীষ,153295,156,425152,262860,5462,156830
209,রাজবাড়ী-১,রাজবাড়ী,মোঃ নূরুল ইসলাম,দাঁড়িপাল্লা,98966,156,425152,262860,5462,156830
209,রাজবাড়ী-১,রাজবাড়ী,মোহাম্মদ আলী বিশ্বাস,গোলাপ ফুল,8046,156,425152,262860,5462,156830
209,রাজবাড়ী-১,রাজবাড়ী,খোন্দকার হাবিবুর রহমান,লাঙ্গল,2553,156,425152,262860,5462,156830
210,রাজবাড়ী-২,রাজবাড়ী,মোঃ হারুন-অর-রশিদ,ধানের শীষ,234848,198,551607,348718,8864,194025
210,রাজবাড়ী-২,রাজবাড়ী,জামিল হিজাযী,শাপলা কলি,65293,198,551607,348718,8864,194025
210,রাজবাড়ী-২,রাজবাড়ী,মোঃ নাসিরুল হক সাবু,কলস,35850,198,551607,348718,8864,194025
210,রাজবাড়ী-২,রাজবাড়ী,মোহাঃ আব্দুল মালেক,হাতপাখা,8364,198,551607,348718,8864,194025
210,রাজবাড়ী-২,রাজবাড়ী,মোঃ শফিউল আজম খান,লাঙ্গল,1977,198,551607,348718,8864,194025
210,রাজবাড়ী-২,রাজবাড়ী,সোহেল মোল্লা,ফুটবল,1198,198,551607,348718,8864,194025
210,রাজবাড়ী-২,রাজবাড়ী,জাহিদ সেখ,ট্রাক,631,198,551607,348718,8864,194025
210,রাজবাড়ী-২,রাজবাড়ী,কাজী মিনহাজুল আলম,দেওয়াল ঘড়ি,292,198,551607,348718,8864,194025
210,রাজবাড়ী-২,রাজবাড়ী,মোঃ আব্দুল মালেক মন্ডল,ছড়ি,265,198,551607,348718,8864,194025
211,ফরিদপুর-১,ফরিদপুর,মোঃ ইলিয়াস মোল্লা,দাঁড়িপাল্লা,152610,197,505679,315975,6330,183374
211,ফরিদপুর-১,ফরিদপুর,খন্দোকার নাসিরুল ইসলাম,ধানের শীষ,125786,197,505679,315975,6330,183374
211,ফরিদপুর-১,ফরিদপুর,‌মোঃ আবুল বাসার খান,ফুটবল,34430,197,505679,315975,6330,183374
211,ফরিদপুর-১,ফরিদপুর,মোঃ গোলাম কবীর মিয়া,মোটর সাইকেল,1370,197,505679,315975,6330,183374
211,ফরিদপুর-১,ফরিদপুর,মৃন্ময় কান্তি দাস,রকেট,769,197,505679,315975,6330,183374
211,ফরিদপুর-১,ফরিদপুর,সুলতান আহম্মেদ খান,লাঙ্গল,493,197,505679,315975,6330,183374
211,ফরিদপুর-১,ফরিদপুর,মোঃ হাসিবুর রহমান,হরিণ ,439,197,505679,315975,6330,183374
211,ফরিদপুর-১,ফরিদপুর,শেখ আব্দুর রহমান জিকো,উট,78,197,505679,315975,6330,183374
212,ফরিদপুর-২,ফরিদপুর,শামা ওবায়েদ ইসলাম,ধানের শীষ,120909,117,328490,212735,3772,111983
212,ফরিদপুর-২,ফরিদপুর,মোঃ আকরাম আলী,রিক্সা,87956,117,328490,212735,3772,111983
212,ফরিদপুর-২,ফরিদপুর,শাহ মোঃ জামাল উদ্দীন,হাতপাখা,2335,117,328490,212735,3772,111983
212,ফরিদপুর-২,ফরিদপুর,ফারুক ফকির,ট্রাক,675,117,328490,212735,3772,111983
212,ফরিদপুর-২,ফরিদপুর,আকরামুজ্জামান,আপেল,609,117,328490,212735,3772,111983
212,ফরিদপুর-২,ফরিদপুর,মোঃ নাজমুল হাসান,ডাব,251,117,328490,212735,3772,111983
213,ফরিদপুর-৩,ফরিদপুর,নায়াব ইউসুফ আহমেদ,ধানের শীষ,147846,154,428778,276702,4969,147107
213,ফরিদপুর-৩,ফরিদপুর,মোঃ আবদুত তাওয়াব,দাঁড়িপাল্লা,122449,154,428778,276702,4969,147107
213,ফরিদপুর-৩,ফরিদপুর,"কে, এম, ছরোয়ার",হাতপাখা,3970,154,428778,276702,4969,147107
213,ফরিদপুর-৩,ফরিদপুর,মোরশেদুল ইসলাম আসিফ,হরিণ ,1236,154,428778,276702,4969,147107
213,ফরিদপুর-৩,ফরিদপুর,মোঃ রফিকুজ্জামান মিয়া,কাস্তে,950,154,428778,276702,4969,147107
213,ফরিদপুর-৩,ফরিদপুর,আরিফা আক্তার বেবী,তারা,251,154,428778,276702,4969,147107
214,ফরিদপুর-৪,ফরিদপুর,মোঃ শহিদুল ইসলাম,ধানের শীষ,126532,189,490975,271353,5867,213755
214,ফরিদপুর-৪,ফরিদপুর,মোঃ সরোয়ার হোসাইন,দাঁড়িপাল্লা,73623,189,490975,271353,5867,213755
214,ফরিদপুর-৪,ফরিদপুর,"এ,এ, এম মুজাহিদ বেগ",ফুটবল,55805,189,490975,271353,5867,213755
214,ফরিদপুর-৪,ফরিদপুর,মোঃ ইসহাক চোকদার,হাতপাখা,11393,189,490975,271353,5867,213755
214,ফরিদপুর-৪,ফরিদপুর,মুহাম্মদ মুজিবুর হোসেইন,ঘোড়া,1694,189,490975,271353,5867,213755
214,ফরিদপুর-৪,ফরিদপুর,মিজানুর রহমান,রিক্সা,1058,189,490975,271353,5867,213755
214,ফরিদপুর-৪,ফরিদপুর,আতাউর রহমান,কাস্তে,707,189,490975,271353,5867,213755
214,ফরিদপুর-৪,ফরিদপুর,রায়হান জামিল,লাঙ্গল,541,189,490975,271353,5867,213755
215,গোপালগঞ্জ-১,গোপালগঞ্জ,মোঃ সেলিমুজ্জামান মোল্যা,ধানের শীষ,68867,138,395664,189577,6441,199646
215,গোপালগঞ্জ-১,গোপালগঞ্জ,মোঃ কাবির মিয়া,ট্রাক,53961,138,395664,189577,6441,199646
215,গোপালগঞ্জ-১,গোপালগঞ্জ,মুহাম্মাদ আবদুল হামীদ মোল্লা,দাঁড়িপাল্লা,33673,138,395664,189577,6441,199646
215,গোপালগঞ্জ-১,গোপালগঞ্জ,আশ্রাফুল আলম,ফুটবল,20943,138,395664,189577,6441,199646
215,গোপালগঞ্জ-১,গোপালগঞ্জ,মোহাম্মাদ মিজানুর রহমান,হাতপাখা,5796,138,395664,189577,6441,199646
215,গোপালগঞ্জ-১,গোপালগঞ্জ,"এম,আনিসুল ইসলাম",ঘোড়া,3247,138,395664,189577,6441,199646
215,গোপালগঞ্জ-১,গোপালগঞ্জ,মোঃ কাইউম আলী খান,কলস,2160,138,395664,189577,6441,199646
215,গোপালগঞ্জ-১,গোপালগঞ্জ,সুলতান জামান খান,লাঙ্গল,605,138,395664,189577,6441,199646
215,গোপালগঞ্জ-১,গোপালগঞ্জ,নীরদ বরন মজুমদার,কাস্তে,325,138,395664,189577,6441,199646
216,গোপালগঞ্জ-২,গোপালগঞ্জ,কে এম বাবর,ধানের শীষ,39617,151,380695,146438,4296,229961
216,গোপালগঞ্জ-২,গোপালগঞ্জ,"এম, এইচ খান মনজু",হরিণ ,32650,151,380695,146438,4296,229961
216,গোপালগঞ্জ-২,গোপালগঞ্জ,শুয়াইব ইবরাহীম,রিক্সা,28052,151,380695,146438,4296,229961
216,গোপালগঞ্জ-২,গোপালগঞ্জ,কামরুজ্জামান  ভূইয়া,টেলিফোন,27434,151,380695,146438,4296,229961
216,গোপালগঞ্জ-২,গোপালগঞ্জ,উৎপল বিশ্বাস,ফুটবল,8508,151,380695,146438,4296,229961
216,গোপালগঞ্জ-২,গোপালগঞ্জ,তসলিম শিকদার,হাতপাখা,2821,151,380695,146438,4296,229961
216,গোপালগঞ্জ-২,গোপালগঞ্জ,মোঃ সিরাজুল ইসলাম সিরাজ,টেবিল ঘড়ি,2779,151,380695,146438,4296,229961
216,গোপালগঞ্জ-২,গোপালগঞ্জ,সিপন ভুঁইয়া,ঘোড়া,1925,151,380695,146438,4296,229961
216,গোপালগঞ্জ-২,গোপালগঞ্জ,মাহমুদ হাসান,গোলাপ ফুল,1355,151,380695,146438,4296,229961
216,গোপালগঞ্জ-২,গোপালগঞ্জ,রনী মোল্লা,তালা,399,151,380695,146438,4296,229961
216,গোপালগঞ্জ-২,গোপালগঞ্জ,রিয়াজ সারোয়ার মোল্যা,লাঙ্গল,385,151,380695,146438,4296,229961
216,গোপালগঞ্জ-২,গোপালগঞ্জ,দ্বীন মোহাম্মাদ,ট্রাক,301,151,380695,146438,4296,229961
216,গোপালগঞ্জ-২,গোপালগঞ্জ,শাহ মফিজ,উদীয়মান সূর্য,212,151,380695,146438,4296,229961
217,গোপালগঞ্জ-৩,গোপালগঞ্জ,"এস, এম, জিলানী",ধানের শীষ,60166,108,306294,130906,3903,171485
217,গোপালগঞ্জ-৩,গোপালগঞ্জ,গোবিন্দ চন্দ্র প্রামাণিক,ঘোড়া,34167,108,306294,130906,3903,171485
217,গোপালগঞ্জ-৩,গোপালগঞ্জ,আঃ আজিজ,রিক্সা,24767,108,306294,130906,3903,171485
217,গোপালগঞ্জ-৩,গোপালগঞ্জ,মোঃ মারুফ শেখ,হাতপাখা,4654,108,306294,130906,3903,171485
217,গোপালগঞ্জ-৩,গোপালগঞ্জ,মোঃ হাবিবুর রহমান,ফুটবল,3744,108,306294,130906,3903,171485
217,গোপালগঞ্জ-৩,গোপালগঞ্জ,আবুল বসার,ট্রাক,2571,108,306294,130906,3903,171485
217,গোপালগঞ্জ-৩,গোপালগঞ্জ,শেখ সালাউদ্দিন,আম,585,108,306294,130906,3903,171485
217,গোপালগঞ্জ-৩,গোপালগঞ্জ,দুলাল চন্দ্র বিশ্বাস,উদীয়মান সূর্য,252,108,306294,130906,3903,171485
218,মাদারিপুর-১,মাদারীপুর,নাদিরা আক্তার,ধানের শীষ,64291,102,320859,177127,3572,140160
218,মাদারিপুর-১,মাদারীপুর,সাইদ উদ্দিন আহমাদ হানজালা,রিক্সা,63511,102,320859,177127,3572,140160
218,মাদারিপুর-১,মাদারীপুর,কামাল জামান মোল্লা,জাহাজ,36443,102,320859,177127,3572,140160
218,মাদারিপুর-১,মাদারীপুর,আকরাম হোসাইন,হাতপাখা,6142,102,320859,177127,3572,140160
218,মাদারিপুর-১,মাদারীপুর,রাজিব মোল্লা,ট্রাক,3023,102,320859,177127,3572,140160
218,মাদারিপুর-১,মাদারীপুর,সাজ্জাদ হোসেন সিদ্দিকী,ফুটবল,3021,102,320859,177127,3572,140160
218,মাদারিপুর-১,মাদারীপুর,মোঃ ইমরান হাসান,হরিণ ,245,102,320859,177127,3572,140160
218,মাদারিপুর-১,মাদারীপুর,আবদুল আলী,কাস্তে,206,102,320859,177127,3572,140160
218,মাদারিপুর-১,মাদারীপুর,মোহাম্মদ জহিরুল ইসলাম মিন্টু,লাঙ্গল,176,102,320859,177127,3572,140160
218,মাদারিপুর-১,মাদারীপুর,মোঃ হাফিজুর রহমান,আনারস,69,102,320859,177127,3572,140160
219,মাদারিপুর-২,মাদারীপুর,মোঃ জাহান্দার আলী মিয়া,ধানের শীষ,61097,145,431003,182938,6109,241956
219,মাদারিপুর-২,মাদারীপুর,মিল্টন বৈদ্য,কলস,46146,145,431003,182938,6109,241956
219,মাদারিপুর-২,মাদারীপুর,আব্দুস সোবাহান,রিক্সা,34917,145,431003,182938,6109,241956
219,মাদারিপুর-২,মাদারীপুর,আলী আহমাদ চৌধুরী,হাতপাখা,16663,145,431003,182938,6109,241956
219,মাদারিপুর-২,মাদারীপুর,মুহাঃ কামরুল ইসলাম সাঈদ,হরিণ ,14251,145,431003,182938,6109,241956
219,মাদারিপুর-২,মাদারীপুর,সহিদুল ইসলাম খান,মোটর সাইকেল,6037,145,431003,182938,6109,241956
219,মাদারিপুর-২,মাদারীপুর,মোঃ রেয়াজুল ইসলাম,ঘোড়া,2775,145,431003,182938,6109,241956
219,মাদারিপুর-২,মাদারীপুর,মোঃ মহিদুল ইসলাম,লাঙ্গল,628,145,431003,182938,6109,241956
219,মাদারিপুর-২,মাদারীপুর,সুবল চন্দ্র মজুমদার,হাতঘড়ি,297,145,431003,182938,6109,241956
219,মাদারিপুর-২,মাদারীপুর,মোহাম্মদ দিদার হোসেন,কাঁচি,127,145,431003,182938,6109,241956
220,মাদারীপুর-৩,মাদারীপুর,আনিছুর রহমান,ধানের শীষ,95174,134,381687,192836,4382,184469
220,মাদারীপুর-৩,মাদারীপুর,মোঃ রফিকুল ইসলাম,দাঁড়িপাল্লা,81961,134,381687,192836,4382,184469
220,মাদারীপুর-৩,মাদারীপুর,মোঃ আজিজুল হক,হাতপাখা,12877,134,381687,192836,4382,184469
220,মাদারীপুর-৩,মাদারীপুর,নিতাই চক্রবর্তী,একতারা,2478,134,381687,192836,4382,184469
220,মাদারীপুর-৩,মাদারীপুর,আমিনুল ইসলাম,মই,346,134,381687,192836,4382,184469
221,শরীয়তপুর-১,শরিয়তপুর,সাঈদ আহমেদ,ধানের শীষ,76684,139,390359,164908,4158,221293
221,শরীয়তপুর-১,শরিয়তপুর,জালালুদ্দীন আহমদ,রিক্সা,61165,139,390359,164908,4158,221293
221,শরীয়তপুর-১,শরিয়তপুর,সৈয়দ নজরুল ইসলাম,মোটর সাইকেল,14511,139,390359,164908,4158,221293
221,শরীয়তপুর-১,শরিয়তপুর,মোঃ তোফায়েল আহমেদ,হাতপাখা,10676,139,390359,164908,4158,221293
221,শরীয়তপুর-১,শরিয়তপুর,নুর মোহাম্মদ মিয়া,একতারা,614,139,390359,164908,4158,221293
221,শরীয়তপুর-১,শরিয়তপুর,ফিরোজ আহমেদ,ট্রাক,549,139,390359,164908,4158,221293
221,শরীয়তপুর-১,শরিয়তপুর,মোঃ আব্দুর রহমান,শাপলা কলি,368,139,390359,164908,4158,221293
221,শরীয়তপুর-১,শরিয়তপুর,মোহাম্মদ গোলাম মোস্তফা,ঘোড়া,341,139,390359,164908,4158,221293
222,শরীয়তপুর-২,শরিয়তপুর,মোঃ সফিকুর রহমান (কিরন),ধানের শীষ,128647,136,408455,207091,5593,195771
222,শরীয়তপুর-২,শরিয়তপুর,মাহমুদ হোসেন,দাঁড়িপাল্লা,68034,136,408455,207091,5593,195771
222,শরীয়তপুর-২,শরিয়তপুর,ইমরান হোসেন,হাতপাখা,6404,136,408455,207091,5593,195771
222,শরীয়তপুর-২,শরিয়তপুর,জসিম উদ্দিন,লাঙ্গল,2532,136,408455,207091,5593,195771
222,শরীয়তপুর-২,শরিয়তপুর,পারভেজ মোশারফ,কলম,433,136,408455,207091,5593,195771
222,শরীয়তপুর-২,শরিয়তপুর,মাহমুদুল হাছান,বটগাছ,308,136,408455,207091,5593,195771
222,শরীয়তপুর-২,শরিয়তপুর,আখতারুজ্জামান সম্রাট,ট্রাক,282,136,408455,207091,5593,195771
222,শরীয়তপুর-২,শরিয়তপুর,মোঃ আলমগীর হোসেন,কম্পিউটার,245,136,408455,207091,5593,195771
222,শরীয়তপুর-২,শরিয়তপুর,মোঃ নাসির,সোফা,206,136,408455,207091,5593,195771
223,শরীয়তপুর-৩,শরিয়তপুর,মিয়া নুরুদ্দিন আহাম্মেদ অপু,ধানের শীষ,106378,117,335126,185912,4243,144971
223,শরীয়তপুর-৩,শরিয়তপুর,মুহাম্মদ আজাহারুল ইসলাম,দাঁড়িপাল্লা,67785,117,335126,185912,4243,144971
223,শরীয়তপুর-৩,শরিয়তপুর,হানিফ মিয়া,হাতপাখা,9713,117,335126,185912,4243,144971
223,শরীয়তপুর-৩,শরিয়তপুর,মোঃ আব্দুল হান্নান,লাঙ্গল,2036,117,335126,185912,4243,144971
224,সুনামগঞ্জ-১,সুনামগঞ্জ,কামরুজ্জামান কামরুল,ধানের শীষ,160515,177,497719,253366,5911,238442
224,সুনামগঞ্জ-১,সুনামগঞ্জ,তোফায়েল আহমদ,দাঁড়িপাল্লা,91696,177,497719,253366,5911,238442
224,সুনামগঞ্জ-১,সুনামগঞ্জ,মাওলানা মুজ্জাম্মিল হক তালুকদার,বই,1155,177,497719,253366,5911,238442
225,সুনামগঞ্জ-২,সুনামগঞ্জ,মোঃ নাছির চৌধুরী,ধানের শীষ,99132,111,304327,162929,3487,137911
225,সুনামগঞ্জ-২,সুনামগঞ্জ,মোহাম্মদ শিশির মনির,দাঁড়িপাল্লা,62587,111,304327,162929,3487,137911
225,সুনামগঞ্জ-২,সুনামগঞ্জ,নিরঞ্জন দাস,কাস্তে,1210,111,304327,162929,3487,137911
226,সুনামগঞ্জ-৩,সুনামগঞ্জ,মোহাম্মদ কয়ছর আহমেদ,ধানের শীষ,96666,147,369797,158389,4138,207270
226,সুনামগঞ্জ-৩,সুনামগঞ্জ,মোঃ আনোয়ার হোসেন,তালা,41984,147,369797,158389,4138,207270
226,সুনামগঞ্জ-৩,সুনামগঞ্জ,মোহাম্মদ শাহীনূর পাশা চৌধুরী,রিক্সা,13667,147,369797,158389,4138,207270
226,সুনামগঞ্জ-৩,সুনামগঞ্জ,সৈয়দ তালহা আলম,ঈগল,4849,147,369797,158389,4138,207270
226,সুনামগঞ্জ-৩,সুনামগঞ্জ,শেখ মুশতাক আহমদ,দেওয়াল ঘড়ি,818,147,369797,158389,4138,207270
226,সুনামগঞ্জ-৩,সুনামগঞ্জ,মোঃ মাহফুজুর রহমান খালেদ (তুষার),টেবিল ঘড়ি,229,147,369797,158389,4138,207270
226,সুনামগঞ্জ-৩,সুনামগঞ্জ,হুসাইন আহমেদ,ফুটবল,176,147,369797,158389,4138,207270
227,সুনামগঞ্জ-৪,সুনামগঞ্জ,নূরুল ইসলাম,ধানের শীষ,97404,115,368398,201528,5635,161235
227,সুনামগঞ্জ-৪,সুনামগঞ্জ,মোঃ সামছ উদ্দিন,দাঁড়িপাল্লা,74365,115,368398,201528,5635,161235
227,সুনামগঞ্জ-৪,সুনামগঞ্জ,দেওয়ান জয়নুল জাকেরীন,মোটর সাইকেল,26073,115,368398,201528,5635,161235
227,সুনামগঞ্জ-৪,সুনামগঞ্জ,শহীদুল ইসলাম,হাতপাখা,1909,115,368398,201528,5635,161235
227,সুনামগঞ্জ-৪,সুনামগঞ্জ,মোঃ নাজমুল হুদা,লাঙ্গল,1777,115,368398,201528,5635,161235
228,সুনামগঞ্জ-৫,সুনামগঞ্জ,কলিম উদ্দিন আহমেদ ,ধানের শীষ,150810,170,521897,254643,5408,261846
228,সুনামগঞ্জ-৫,সুনামগঞ্জ,আবু তাহির মুহাম্মদ আব্দুস সালাম,দাঁড়িপাল্লা,99672,170,521897,254643,5408,261846
228,সুনামগঞ্জ-৫,সুনামগঞ্জ,মোহাম্মদ আব্দুল কাদির,দেওয়াল ঘড়ি,2246,170,521897,254643,5408,261846
228,সুনামগঞ্জ-৫,সুনামগঞ্জ,মোহাম্মদ জাহাঙ্গীর আলম,লাঙ্গল,1492,170,521897,254643,5408,261846
228,সুনামগঞ্জ-৫,সুনামগঞ্জ,মোঃ আজিজুল হক,আম,423,170,521897,254643,5408,261846
229,সিলেট-১,সিলেট,খন্দকার আবদুল মুক্তাদীর,ধানের শীষ,174517,215,668507,310328,7300,350879
229,সিলেট-১,সিলেট,মাওলানা হাবিবুর রহমান,দাঁড়িপাল্লা,129850,215,668507,310328,7300,350879
229,সিলেট-১,সিলেট,মাহমুদুল হাসান,হাতপাখা,2639,215,668507,310328,7300,350879
229,সিলেট-১,সিলেট,প্রনব জ্যোতি পাল,মই,1110,215,668507,310328,7300,350879
229,সিলেট-১,সিলেট,মোহাম্মদ আনোয়ার হোসেন,কাস্তে,897,215,668507,310328,7300,350879
229,সিলেট-১,সিলেট,সঞ্জয় কান্ত দাস,কাঁচি,785,215,668507,310328,7300,350879
229,সিলেট-১,সিলেট,আকমল হোসেন,ট্রাক,304,215,668507,310328,7300,350879
229,সিলেট-১,সিলেট,মোঃ শামীম মিয়া,আপেল,226,215,668507,310328,7300,350879
230,সিলেট-২,সিলেট,মোছাঃ তাহসিনা রুশদীর,ধানের শীষ,116697,128,364101,157568,4043,202490
230,সিলেট-২,সিলেট,মুহাম্মদ মুনতাছির আলী,দেওয়াল ঘড়ি,37446,128,364101,157568,4043,202490
230,সিলেট-২,সিলেট,মাহবুবুর রহমান চৌধুরী,লাঙ্গল,1404,128,364101,157568,4043,202490
230,সিলেট-২,সিলেট,মোঃ আমির উদ্দিন,হাতপাখা,1389,128,364101,157568,4043,202490
230,সিলেট-২,সিলেট,মোঃ মুজিবুল হক,উদীয়মান সূর্য,632,128,364101,157568,4043,202490
231,সিলেট-৩,সিলেট,মোহাম্মদ আব্দুল মালিক,ধানের শীষ,114255,151,409873,196259,4491,209123
231,সিলেট-৩,সিলেট,মুসলেহ উদ্দীন রাজু,রিক্সা,73614,151,409873,196259,4491,209123
231,সিলেট-৩,সিলেট,মোস্তাকিম রাজা চৌধুরী,ফুটবল,4130,151,409873,196259,4491,209123
231,সিলেট-৩,সিলেট,মোহাম্মদ আতিকুর রহমান,লাঙ্গল,2594,151,409873,196259,4491,209123
231,সিলেট-৩,সিলেট,রেদওয়ানুল হক চৌধুরী,হাতপাখা,1370,151,409873,196259,4491,209123
231,সিলেট-৩,সিলেট,মইনুল বাকর,কম্পিউটার,296,151,409873,196259,4491,209123
232,সিলেট-৪,সিলেট,আরিফুল হক চৌধুরী,ধানের শীষ,185703,172,508110,260479,7056,240575
232,সিলেট-৪,সিলেট,মোঃ জয়নাল আবেদীন,দাঁড়িপাল্লা,69589,172,508110,260479,7056,240575
232,সিলেট-৪,সিলেট,মাওলানা সাঈদ আহমদ,হাতপাখা,2684,172,508110,260479,7056,240575
232,সিলেট-৪,সিলেট,মোহাম্মদ মুজিবুর রহমান,লাঙ্গল,1948,172,508110,260479,7056,240575
232,সিলেট-৪,সিলেট,জহিরুল ইসলাম,ট্রাক,555,172,508110,260479,7056,240575
233,সিলেট-৫,সিলেট,মোহাম্মদ আবুল হাসান,দেওয়াল ঘড়ি,76221,158,420833,201933,4417,214483
233,সিলেট-৫,সিলেট,উবায়দুল্লাহ ফারুক,খেজুর গাছ,68869,158,420833,201933,4417,214483
233,সিলেট-৫,সিলেট,মামুনুর রশীদ,ফুটবল,56477,158,420833,201933,4417,214483
233,সিলেট-৫,সিলেট,মোঃ বিলাল উদ্দিন,হারিকেন,366,158,420833,201933,4417,214483
234,সিলেট-৬,সিলেট,এমরান আহমদ চৌধুরী,ধানের শীষ,108612,192,499601,232519,5319,261763
234,সিলেট-৬,সিলেট,মোহাম্মদ সেলিম উদ্দিন,দাঁড়িপাল্লা,97748,192,499601,232519,5319,261763
234,সিলেট-৬,সিলেট,মোঃ ফখরুল ইসলাম,হেলিকপ্টার,23634,192,499601,232519,5319,261763
234,সিলেট-৬,সিলেট,জাহিদুর রহমান,ট্রাক,1381,192,499601,232519,5319,261763
234,সিলেট-৬,সিলেট,মোহাম্মদ আবদুন নূর,লাঙ্গল,1144,192,499601,232519,5319,261763
235,মৌলভীবাজার-১,মৌলভীবাজার,নাসির উদ্দিন আহমেদ,ধানের শীষ,97534,113,331253,185256,4561,141436
235,মৌলভীবাজার-১,মৌলভীবাজার,মোহাম্মদ আমিনুল ইসলাম,দাঁড়িপাল্লা,79619,113,331253,185256,4561,141436
235,মৌলভীবাজার-১,মৌলভীবাজার,বেলাল আহমদ,কাপ-পিরিচ	,6355,113,331253,185256,4561,141436
235,মৌলভীবাজার-১,মৌলভীবাজার,আহমেদ রিয়াজ উদ্দিন,লাঙ্গল,1356,113,331253,185256,4561,141436
235,মৌলভীবাজার-১,মৌলভীবাজার,মোঃ আব্দুন নুর,ট্রাক,219,113,331253,185256,4561,141436
235,মৌলভীবাজার-১,মৌলভীবাজার,মোঃ শরিফুল ইসলাম,মাছ,173,113,331253,185256,4561,141436
236,মৌলভীবাজার-২,মৌলভীবাজার,মোঃ শওকতুল ইসলাম,ধানের শীষ,67721,103,297429,161450,4526,131453
236,মৌলভীবাজার-২,মৌলভীবাজার,মোঃ সায়েদ আলী,দাঁড়িপাল্লা,51153,103,297429,161450,4526,131453
236,মৌলভীবাজার-২,মৌলভীবাজার,মোঃ ফজলুল হক খান,কাপ-পিরিচ	,25272,103,297429,161450,4526,131453
236,মৌলভীবাজার-২,মৌলভীবাজার,নওয়াব আলী আব্বাছ খাঁন,ফুটবল,13614,103,297429,161450,4526,131453
236,মৌলভীবাজার-২,মৌলভীবাজার,এম জিমিউর রহমান চৌধুরী,ঘোড়া,2133,103,297429,161450,4526,131453
236,মৌলভীবাজার-২,মৌলভীবাজার,সাদিয়া নোশিন তাসনিম চৌধুরী,কাঁচি,574,103,297429,161450,4526,131453
236,মৌলভীবাজার-২,মৌলভীবাজার,আব্দুল কুদ্দুস,হাতপাখা,502,103,297429,161450,4526,131453
236,মৌলভীবাজার-২,মৌলভীবাজার,মোঃ আব্দুল মালিক,লাঙ্গল,481,103,297429,161450,4526,131453
237,মৌলভীবাজার-৩,মৌলভীবাজার,নাসের রহমান,ধানের শীষ,155342,175,479458,236699,5727,237032
237,মৌলভীবাজার-৩,মৌলভীবাজার,মোঃ আব্দুল মান্নান,দাঁড়িপাল্লা,75397,175,479458,236699,5727,237032
237,মৌলভীবাজার-৩,মৌলভীবাজার,আহমদ বিলাল,দেওয়াল ঘড়ি,4302,175,479458,236699,5727,237032
237,মৌলভীবাজার-৩,মৌলভীবাজার,জহর লাল দত্ত,কাস্তে,1658,175,479458,236699,5727,237032
238,মৌলভীবাজার-৪,মৌলভীবাজার,মোঃ মুজিবুর রহমান চৌধুরী,ধানের শীষ,169608,163,483058,258872,11138,213048
238,মৌলভীবাজার-৪,মৌলভীবাজার,শেখ নূরে আলম হামিদী,রিক্সা,49189,163,483058,258872,11138,213048
238,মৌলভীবাজার-৪,মৌলভীবাজার,মোঃ মহসিন  মিয়া,ফুটবল,33911,163,483058,258872,11138,213048
238,মৌলভীবাজার-৪,মৌলভীবাজার,প্রীতম দাশ,শাপলা কলি,4275,163,483058,258872,11138,213048
238,মৌলভীবাজার-৪,মৌলভীবাজার,মোঃ আবুল হাসান,মই,979,163,483058,258872,11138,213048
238,মৌলভীবাজার-৪,মৌলভীবাজার,মোহাম্মদ জরিফ হোসেন,লাঙ্গল,910,163,483058,258872,11138,213048
239,হবিগঞ্জ-১,হবিগঞ্জ,রেজা কিবরিয়া,ধানের শীষ,111073,177,462623,206663,5523,250437
239,হবিগঞ্জ-১,হবিগঞ্জ,মাওলানা সিরাজুল ইসলাম,রিক্সা,55245,177,462623,206663,5523,250437
239,হবিগঞ্জ-১,হবিগঞ্জ,শেখ সুজাত মিয়া,ঘোড়া,34462,177,462623,206663,5523,250437
239,হবিগঞ্জ-১,হবিগঞ্জ,মোহাম্মদ বদরুর রেজা,চেয়ার,5244,177,462623,206663,5523,250437
239,হবিগঞ্জ-১,হবিগঞ্জ,কাজী তোফায়েল আহমেদ,মোটরগাড়ি (কার),639,177,462623,206663,5523,250437
240,হবিগঞ্জ-২,হবিগঞ্জ,আবু মনসুর সাখাওয়াত হাসান,ধানের শীষ,125971,150,391917,194023,5246,192648
240,হবিগঞ্জ-২,হবিগঞ্জ,আব্দুল বাছিত আজাদ,দেওয়াল ঘড়ি,64851,150,391917,194023,5246,192648
240,হবিগঞ্জ-২,হবিগঞ্জ,‌আফছার আহমদ,ফুটবল,1829,150,391917,194023,5246,192648
240,হবিগঞ্জ-২,হবিগঞ্জ,আব্দুল মুক্তাদির চৌধুরী,লাঙ্গল,931,150,391917,194023,5246,192648
240,হবিগঞ্জ-২,হবিগঞ্জ,লুকমান আহমদ তালুকদার,মই,441,150,391917,194023,5246,192648
241,হবিগঞ্জ-৩,হবিগঞ্জ,আলহাজ্ব মোঃ জি কে গউছ,ধানের শীষ,141521,137,416322,206953,5316,204053
241,হবিগঞ্জ-৩,হবিগঞ্জ,কাজী মহসিন আহমদ,দাঁড়িপাল্লা,44581,137,416322,206953,5316,204053
241,হবিগঞ্জ-৩,হবিগঞ্জ,এস. এম. সরওয়ার,মোমবাতি,14064,137,416322,206953,5316,204053
241,হবিগঞ্জ-৩,হবিগঞ্জ,মহিব উদ্দিন আহমেদ সোহেল,হাতপাখা,5413,137,416322,206953,5316,204053
241,হবিগঞ্জ-৩,হবিগঞ্জ,আব্দুল মুমিন চৌধুরী,লাঙ্গল,1246,137,416322,206953,5316,204053
241,হবিগঞ্জ-৩,হবিগঞ্জ,মোঃ শাহিনুর রহমান,ছড়ি,128,137,416322,206953,5316,204053
242,হবিগঞ্জ-৪,হবিগঞ্জ,"এস, এম, ফয়সল",ধানের শীষ,186678,183,547747,299070,7540,241137
242,হবিগঞ্জ-৪,হবিগঞ্জ,মোঃ গিয়াস উদ্দিন,মোমবাতি,83896,183,547747,299070,7540,241137
242,হবিগঞ্জ-৪,হবিগঞ্জ,আহমদ আবদুল  কাদের,দেওয়াল ঘড়ি,25423,183,547747,299070,7540,241137
242,হবিগঞ্জ-৪,হবিগঞ্জ,মোঃ মিজানুর রহমান চৌধুরী,ঘোড়া,646,183,547747,299070,7540,241137
242,হবিগঞ্জ-৪,হবিগঞ্জ,সালেহ আহমদ সাজন,ফুটবল,612,183,547747,299070,7540,241137
242,হবিগঞ্জ-৪,হবিগঞ্জ,শাহ মোঃ আল আমিন,হারিকেন,531,183,547747,299070,7540,241137
242,হবিগঞ্জ-৪,হবিগঞ্জ,মুঃ রেজাউল মোস্তফা,আপেল,481,183,547747,299070,7540,241137
242,হবিগঞ্জ-৪,হবিগঞ্জ,মোঃ রাশেদুল ইসলাম খোকন,ছড়ি,479,183,547747,299070,7540,241137
242,হবিগঞ্জ-৪,হবিগঞ্জ,মোঃ মুজিবুর রহমান,মই,324,183,547747,299070,7540,241137
243,ব্রাক্ষণবাড়িয়া-১,ব্রাহ্মণবাড়িয়া,"এম, এ, হান্নান",ধানের শীষ,67783,80,273827,145808,3221,124798
243,ব্রাক্ষণবাড়িয়া-১,ব্রাহ্মণবাড়িয়া,"এ, কে, এম কামরুজ্জামান",ঘোড়া,35121,80,273827,145808,3221,124798
243,ব্রাক্ষণবাড়িয়া-১,ব্রাহ্মণবাড়িয়া,"এ, কে, এম, আমিনুল ইসলাম",দাঁড়িপাল্লা,23888,80,273827,145808,3221,124798
243,ব্রাক্ষণবাড়িয়া-১,ব্রাহ্মণবাড়িয়া,ইকবাল চৌধুরী,কলার ছড়ি,17614,80,273827,145808,3221,124798
243,ব্রাক্ষণবাড়িয়া-১,ব্রাহ্মণবাড়িয়া,হুসাইন আহমদ,হাতপাখা,894,80,273827,145808,3221,124798
243,ব্রাক্ষণবাড়িয়া-১,ব্রাহ্মণবাড়িয়া,মোঃ শাহ আলম,লাঙ্গল,264,80,273827,145808,3221,124798
243,ব্রাক্ষণবাড়িয়া-১,ব্রাহ্মণবাড়িয়া,মোঃ শরীফ মৃধা,আপেল,138,80,273827,145808,3221,124798
243,ব্রাক্ষণবাড়িয়া-১,ব্রাহ্মণবাড়িয়া,মোঃ হাবিবুর রহমান,হাঁস,106,80,273827,145808,3221,124798
244,ব্রাক্ষণবাড়িয়া-২,ব্রাহ্মণবাড়িয়া,রুমিন ফারহানা,হাঁস,117495,151,493491,234675,6625,252191
244,ব্রাক্ষণবাড়িয়া-২,ব্রাহ্মণবাড়িয়া,মোহাম্মদ জুনায়েদ আল হাবীব,খেজুর গাছ,79927,151,493491,234675,6625,252191
244,ব্রাক্ষণবাড়িয়া-২,ব্রাহ্মণবাড়িয়া,আশরাফ উদ্দীন,শাপলা কলি,18784,151,493491,234675,6625,252191
244,ব্রাক্ষণবাড়িয়া-২,ব্রাহ্মণবাড়িয়া,এস এন তরুন দে,কলার ছড়ি,12536,151,493491,234675,6625,252191
244,ব্রাক্ষণবাড়িয়া-২,ব্রাহ্মণবাড়িয়া,নেছার আহমাদ,হাতপাখা,3798,151,493491,234675,6625,252191
244,ব্রাক্ষণবাড়িয়া-২,ব্রাহ্মণবাড়িয়া,মোঃ মাঈন উদ্দিন,আপেল,1416,151,493491,234675,6625,252191
244,ব্রাক্ষণবাড়িয়া-২,ব্রাহ্মণবাড়িয়া,তৈমুর রেজা মোঃ শাহজাদ,তারা,382,151,493491,234675,6625,252191
244,ব্রাক্ষণবাড়িয়া-২,ব্রাহ্মণবাড়িয়া,শরিফা আক্তার,প্রজাপতি,180,151,493491,234675,6625,252191
244,ব্রাক্ষণবাড়িয়া-২,ব্রাহ্মণবাড়িয়া,এডঃ মোঃ জিয়াউল হক মৃধা,লাঙ্গল,157,151,493491,234675,6625,252191
245,ব্রাক্ষণবাড়িয়া-৩,ব্রাহ্মণবাড়িয়া,মোঃ খালেদ হোসেন মাহবুব,ধানের শীষ,207454,192,614904,281855,7806,325243
245,ব্রাক্ষণবাড়িয়া-৩,ব্রাহ্মণবাড়িয়া,আতাউল্লাহ,শাপলা কলি,59567,192,614904,281855,7806,325243
245,ব্রাক্ষণবাড়িয়া-৩,ব্রাহ্মণবাড়িয়া,নিয়াজুল করীম,হাতপাখা,6108,192,614904,281855,7806,325243
245,ব্রাক্ষণবাড়িয়া-৩,ব্রাহ্মণবাড়িয়া,মোঃ রেজাউল ইসলাম ভূঞা,লাঙ্গল,3842,192,614904,281855,7806,325243
245,ব্রাক্ষণবাড়িয়া-৩,ব্রাহ্মণবাড়িয়া,মোঃ আবু হানিফ,আপেল,3299,192,614904,281855,7806,325243
245,ব্রাক্ষণবাড়িয়া-৩,ব্রাহ্মণবাড়িয়া,আয়েশা আক্তার,চেয়ার,1317,192,614904,281855,7806,325243
245,ব্রাক্ষণবাড়িয়া-৩,ব্রাহ্মণবাড়িয়া,মোঃ  ওমর ইউসুফ  খান,হরিণ ,268,192,614904,281855,7806,325243
246,ব্রাক্ষণবাড়িয়া-৪,ব্রাহ্মণবাড়িয়া,মুশফিকুর রহমান,ধানের শীষ,138124,130,434611,231014,4798,198799
246,ব্রাক্ষণবাড়িয়া-৪,ব্রাহ্মণবাড়িয়া,মোঃ আতাউর রহমান সরকার,দাঁড়িপাল্লা,87326,130,434611,231014,4798,198799
246,ব্রাক্ষণবাড়িয়া-৪,ব্রাহ্মণবাড়িয়া,মোঃ জহিরুল হক খাঁন,লাঙ্গল,2398,130,434611,231014,4798,198799
246,ব্রাক্ষণবাড়িয়া-৪,ব্রাহ্মণবাড়িয়া,মোঃ জসিম,হাতপাখা,2209,130,434611,231014,4798,198799
246,ব্রাক্ষণবাড়িয়া-৪,ব্রাহ্মণবাড়িয়া,রফি উদ্দীন,আপেল,758,130,434611,231014,4798,198799
246,ব্রাক্ষণবাড়িয়া-৪,ব্রাহ্মণবাড়িয়া,মোঃ জহিরুল হক চৌধুরী,ট্রাক,100,130,434611,231014,4798,198799
246,ব্রাক্ষণবাড়িয়া-৪,ব্রাহ্মণবাড়িয়া,শাহীন খান,আম,99,130,434611,231014,4798,198799
247,ব্রাক্ষণবাড়িয়া-৫,ব্রাহ্মণবাড়িয়া,মোঃ আবদুল মান্নান,ধানের শীষ,84761,154,466759,248330,6432,211997
247,ব্রাক্ষণবাড়িয়া-৫,ব্রাহ্মণবাড়িয়া,কাজী নাজমুল হোসেন,ফুটবল,83995,154,466759,248330,6432,211997
247,ব্রাক্ষণবাড়িয়া-৫,ব্রাহ্মণবাড়িয়া,আমজাদ হোসাইন,রিক্সা,57749,154,466759,248330,6432,211997
247,ব্রাক্ষণবাড়িয়া-৫,ব্রাহ্মণবাড়িয়া,নজরুল ইসলাম,হাতপাখা,20588,154,466759,248330,6432,211997
247,ব্রাক্ষণবাড়িয়া-৫,ব্রাহ্মণবাড়িয়া,মোহাম্মদ কামরুল ইসলাম,লাঙ্গল,368,154,466759,248330,6432,211997
247,ব্রাক্ষণবাড়িয়া-৫,ব্রাহ্মণবাড়িয়া,মোঃ শাহীন খান,কাস্তে,354,154,466759,248330,6432,211997
247,ব্রাক্ষণবাড়িয়া-৫,ব্রাহ্মণবাড়িয়া,‌নাহিদা জাহান,মাথাল,259,154,466759,248330,6432,211997
247,ব্রাক্ষণবাড়িয়া-৫,ব্রাহ্মণবাড়িয়া,মোহাম্মদ আশরাফুল হক,আপেল,256,154,466759,248330,6432,211997
248,ব্রাক্ষণবাড়িয়া-৬,ব্রাহ্মণবাড়িয়া,মোঃ জোনায়েদ আব্দুর রহিম সাকি,মাথাল,94231,98,284531,146223,3380,134928
248,ব্রাক্ষণবাড়িয়া-৬,ব্রাহ্মণবাড়িয়া,মোঃ মহসীন,দাঁড়িপাল্লা,37965,98,284531,146223,3380,134928
248,ব্রাক্ষণবাড়িয়া-৬,ব্রাহ্মণবাড়িয়া,সাইদউদ্দিন খাঁন,হাতপাখা,8487,98,284531,146223,3380,134928
248,ব্রাক্ষণবাড়িয়া-৬,ব্রাহ্মণবাড়িয়া,মো:আবু নাসের,মোমবাতি,2305,98,284531,146223,3380,134928
248,ব্রাক্ষণবাড়িয়া-৬,ব্রাহ্মণবাড়িয়া,ডঃ মোঃ সাইদুজ্জামান কামাল,হরিণ ,1888,98,284531,146223,3380,134928
248,ব্রাক্ষণবাড়িয়া-৬,ব্রাহ্মণবাড়িয়া,মোহাম্মদ আবু কায়েস সিকদার,ফুটবল,656,98,284531,146223,3380,134928
248,ব্রাক্ষণবাড়িয়া-৬,ব্রাহ্মণবাড়িয়া,সফিকুল ইসলাম,ট্রাক,287,98,284531,146223,3380,134928
248,ব্রাক্ষণবাড়িয়া-৬,ব্রাহ্মণবাড়িয়া,"কে, এম, জাবির",তারা,161,98,284531,146223,3380,134928
248,ব্রাক্ষণবাড়িয়া-৬,ব্রাহ্মণবাড়িয়া,মোঃ হাবিবুর রহমান,আপেল,139,98,284531,146223,3380,134928
248,ব্রাক্ষণবাড়িয়া-৬,ব্রাহ্মণবাড়িয়া,মোঃ সফিকুল ইসলাম,আম,104,98,284531,146223,3380,134928
249,কুমিল্লা-১,কুমিল্লা,ড. খন্দকার মোশাররফ হোসেন,ধানের শীষ,140305,145,430015,239274,5060,185681
249,কুমিল্লা-১,কুমিল্লা,মোঃ মনিরুজ্জামান,দাঁড়িপাল্লা,90499,145,430015,239274,5060,185681
249,কুমিল্লা-১,কুমিল্লা,বশির আহমেদ,হাতপাখা,6389,145,430015,239274,5060,185681
249,কুমিল্লা-১,কুমিল্লা,সৈয়দ মোঃ ইফতেকার আহসান,লাঙ্গল,619,145,430015,239274,5060,185681
249,কুমিল্লা-১,কুমিল্লা,মোঃ সফিউল বাসার,ঈগল,511,145,430015,239274,5060,185681
249,কুমিল্লা-১,কুমিল্লা,মোহাম্মদ আবুল কালাম,হাতি,403,145,430015,239274,5060,185681
249,কুমিল্লা-১,কুমিল্লা,ওমর ফারুক,ঘোড়া,203,145,430015,239274,5060,185681
249,কুমিল্লা-১,কুমিল্লা,আবু জায়েদ আল মাহমুদ,কলস,201,145,430015,239274,5060,185681
249,কুমিল্লা-১,কুমিল্লা,বড়ুয়া মনোজিত ধীমন,মোটরগাড়ি (কার),144,145,430015,239274,5060,185681
250,কুমিল্লা-২,কুমিল্লা,মোঃ সেলিম ভূঁইয়া,ধানের শীষ,76268,110,367775,196576,4675,166524
250,কুমিল্লা-২,কুমিল্লা,মোঃ আবদুল মতিন,তালা,62385,110,367775,196576,4675,166524
250,কুমিল্লা-২,কুমিল্লা,মোঃ নাজিম উদ্দিন,দাঁড়িপাল্লা,50136,110,367775,196576,4675,166524
250,কুমিল্লা-২,কুমিল্লা,মোহাম্মদ আশরাফুল আলম,হাতপাখা,6468,110,367775,196576,4675,166524
250,কুমিল্লা-২,কুমিল্লা,মোঃ আব্দুস সালাম,চেয়ার,760,110,367775,196576,4675,166524
250,কুমিল্লা-২,কুমিল্লা,মোঃ আমির হোসেন,লাঙ্গল,559,110,367775,196576,4675,166524
251,কুমিল্লা-৩,কুমিল্লা,কাজী শাহ মোফাজ্জাল হোসাইন (কায়কোবাদ),ধানের শীষ,157800,159,491227,267807,8994,214426
251,কুমিল্লা-৩,কুমিল্লা,মোঃ ইউছুফ সোহেল,দাঁড়িপাল্লা,104906,159,491227,267807,8994,214426
251,কুমিল্লা-৩,কুমিল্লা,আহমদ আবদুল কাইয়ূম,হাতপাখা,3505,159,491227,267807,8994,214426
251,কুমিল্লা-৩,কুমিল্লা,মোঃ খোরশেদ আলম,ডাব,713,159,491227,267807,8994,214426
251,কুমিল্লা-৩,কুমিল্লা,চৌধুরী রকিবুল হক,প্রজাপতি,243,159,491227,267807,8994,214426
251,কুমিল্লা-৩,কুমিল্লা,মনিরুজ্জামান,ট্রাক,218,159,491227,267807,8994,214426
251,কুমিল্লা-৩,কুমিল্লা,মোঃ শরীফ উদ্দিন সরকার,আপেল,163,159,491227,267807,8994,214426
251,কুমিল্লা-৩,কুমিল্লা,রিয়াজ মোঃ শরীফ,সিংহ,148,159,491227,267807,8994,214426
251,কুমিল্লা-৩,কুমিল্লা,মোঃ এমদাদুল হক,হাতি,111,159,491227,267807,8994,214426
252,কুমিল্লা-৪,কুমিল্লা,মোঃ আবুল হাসনাত,শাপলা কলি,160527,116,400454,213015,4001,183438
252,কুমিল্লা-৪,কুমিল্লা,মোঃ আঃ জসিম উদ্দিন,ট্রাক,49644,116,400454,213015,4001,183438
252,কুমিল্লা-৪,কুমিল্লা,মোঃ আব্দুল করিম,হাতপাখা,2191,116,400454,213015,4001,183438
252,কুমিল্লা-৪,কুমিল্লা,ইরফানুল হক সরকার,আপেল,414,116,400454,213015,4001,183438
252,কুমিল্লা-৪,কুমিল্লা,মোহাম্মদ মজিবুর রহমান,দেওয়াল ঘড়ি,239,116,400454,213015,4001,183438
253,কুমিল্লা-৫,কুমিল্লা,মোঃ জসীম উদ্দিন,ধানের শীষ,132538,142,463839,255743,6442,201654
253,কুমিল্লা-৫,কুমিল্লা,মোবারক হোসাইন,দাঁড়িপাল্লা,118198,142,463839,255743,6442,201654
253,কুমিল্লা-৫,কুমিল্লা,যোবায়ের আহমেদ ভুঁইয়া,ঈগল,2009,142,463839,255743,6442,201654
253,কুমিল্লা-৫,কুমিল্লা,মোঃ রাশেদুল ইসলাম,হাতপাখা,1451,142,463839,255743,6442,201654
253,কুমিল্লা-৫,কুমিল্লা,মোঃ এমরানুল হক,লাঙ্গল,672,142,463839,255743,6442,201654
253,কুমিল্লা-৫,কুমিল্লা,আবদুল্লাহ আল ক্বাফী,কাস্তে,334,142,463839,255743,6442,201654
253,কুমিল্লা-৫,কুমিল্লা,তানজিল আহমেদ,আপেল,162,142,463839,255743,6442,201654
253,কুমিল্লা-৫,কুমিল্লা,আবুল কালাম ইদ্রিস,হারিকেন,145,142,463839,255743,6442,201654
253,কুমিল্লা-৫,কুমিল্লা,শিরিন আক্তার,তারা,137,142,463839,255743,6442,201654
253,কুমিল্লা-৫,কুমিল্লা,মোঃ আবুল বাসার,আম,97,142,463839,255743,6442,201654
254,কুমিল্লা-৬,কুমিল্লা,মোঃ মনিরুল হক চৌধুরী,ধানের শীষ,199541,196,632858,323747,8951,300160
254,কুমিল্লা-৬,কুমিল্লা,কাজী দ্বীন মোহাম্মদ,দাঁড়িপাল্লা,114289,196,632858,323747,8951,300160
254,কুমিল্লা-৬,কুমিল্লা,মোঃ মাছুম বিল্যাহ মিয়াজী,মোমবাতি,4604,196,632858,323747,8951,300160
254,কুমিল্লা-৬,কুমিল্লা,মোহাম্মদ হারুনুর রশিদ,হাতপাখা,2414,196,632858,323747,8951,300160
254,কুমিল্লা-৬,কুমিল্লা,মোঃ ইয়াছিন,হাত (পাঞ্জা),1588,196,632858,323747,8951,300160
254,কুমিল্লা-৬,কুমিল্লা,কামরুন্নাহার সাথী,মই,505,196,632858,323747,8951,300160
254,কুমিল্লা-৬,কুমিল্লা,ওবায়দুল কবির মোহন,তারা,446,196,632858,323747,8951,300160
254,কুমিল্লা-৬,কুমিল্লা,মোবারক হোসেন,ট্রাক,209,196,632858,323747,8951,300160
254,কুমিল্লা-৬,কুমিল্লা,মোঃ আমির হোসেন ফরায়েজী,ছড়ি,151,196,632858,323747,8951,300160
255,কুমিল্লা-৭,কুমিল্লা,আতিকুল আলম,কলস,90819,105,323444,177680,4594,141170
255,কুমিল্লা-৭,কুমিল্লা,রেদোয়ান আহমেদ,ধানের শীষ,47925,105,323444,177680,4594,141170
255,কুমিল্লা-৭,কুমিল্লা,সোলাইমান খাঁন,দেওয়াল ঘড়ি,24597,105,323444,177680,4594,141170
255,কুমিল্লা-৭,কুমিল্লা,মাওঃ এহতেশামুল হক,হাতপাখা,14080,105,323444,177680,4594,141170
255,কুমিল্লা-৭,কুমিল্লা,সজল কুমার কর,ছড়ি,259,105,323444,177680,4594,141170
256,কুমিল্লা-৮,কুমিল্লা,জাকারিয়া তাহের,ধানের শীষ,167431,105,372385,215463,5596,151326
256,কুমিল্লা-৮,কুমিল্লা,মোঃ শফিকুল আলম হেলাল,দাঁড়িপাল্লা,41345,105,372385,215463,5596,151326
256,কুমিল্লা-৮,কুমিল্লা,মোহাম্মদ গোলাম মোরশেদ,একতারা,3189,105,372385,215463,5596,151326
256,কুমিল্লা-৮,কুমিল্লা,মোঃ গোলাম ছাদেক,হাতপাখা,2184,105,372385,215463,5596,151326
256,কুমিল্লা-৮,কুমিল্লা,এইচ এম এম ইরফান,লাঙ্গল,722,105,372385,215463,5596,151326
256,কুমিল্লা-৮,কুমিল্লা,আব্দুল কাদের,মিনার,272,105,372385,215463,5596,151326
256,কুমিল্লা-৮,কুমিল্লা,মোঃ মফিজ উদ্দীন আহমেদ,হাতি,161,105,372385,215463,5596,151326
256,কুমিল্লা-৮,কুমিল্লা,মোঃ আলী আশ্রাফ,মই,159,105,372385,215463,5596,151326
257,কুমিল্লা-৯,কুমিল্লা,মোঃ আবুল কালাম,ধানের শীষ,168108,134,467372,294916,8292,164164
257,কুমিল্লা-৯,কুমিল্লা,ছৈয়দ এ কে এম সরওয়ার উদ্দীন ছিদ্দীকি,দাঁড়িপাল্লা,113454,134,467372,294916,8292,164164
257,কুমিল্লা-৯,কুমিল্লা,সেলিম মাহমুদ,হাতপাখা,7459,134,467372,294916,8292,164164
257,কুমিল্লা-৯,কুমিল্লা,মোঃ আবু বকর ছিদ্দিক,চেয়ার,3875,134,467372,294916,8292,164164
257,কুমিল্লা-৯,কুমিল্লা,মোঃ গোলাম মোস্তফা কামাল,লাঙ্গল,1199,134,467372,294916,8292,164164
257,কুমিল্লা-৯,কুমিল্লা,সামিরা আজিম,ফুটবল,364,134,467372,294916,8292,164164
257,কুমিল্লা-৯,কুমিল্লা,মোঃ আবুল কাশেম,হাঁস,333,134,467372,294916,8292,164164
257,কুমিল্লা-৯,কুমিল্লা,মোঃ মিজানুর রহমান চৌধুরী,ছড়ি,124,134,467372,294916,8292,164164
258,কুমিল্লা-১০,কুমিল্লা,মোঃ মোবাশ্বের আলম ভূঁইয়া,ধানের শীষ,161847,152,522289,287110,8968,226211
258,কুমিল্লা-১০,কুমিল্লা,মুহাম্মদ ইয়াছিন আরাফাত,দাঁড়িপাল্লা,116150,152,522289,287110,8968,226211
258,কুমিল্লা-১০,কুমিল্লা,মোঃ শামছুদ্দোহা,হাতপাখা,7762,152,522289,287110,8968,226211
258,কুমিল্লা-১০,কুমিল্লা,হাছান আহম্মেদ,ডাব,397,152,522289,287110,8968,226211
258,কুমিল্লা-১০,কুমিল্লা,মোঃ আবদুল্লাহ আল  নোমান,প্রজাপতি,361,152,522289,287110,8968,226211
258,কুমিল্লা-১০,কুমিল্লা,কাজি নুরে আলম ছিদ্দিকি,ছড়ি,317,152,522289,287110,8968,226211
258,কুমিল্লা-১০,কুমিল্লা,রমিজ বিন আরিফ,ট্রাক,276,152,522289,287110,8968,226211
259,কুমিল্লা-১১,কুমিল্লা,সৈয়দ আবদুল্লাহ  মোহাম্মদ তাহের,দাঁড়িপাল্লা,133308,124,396390,213894,5617,176879
259,কুমিল্লা-১১,কুমিল্লা,মোঃ কামরুল হুদা,ধানের শীষ,76638,124,396390,213894,5617,176879
259,কুমিল্লা-১১,কুমিল্লা,মোঃ মহিউদ্দিন (শহিদ),হাতপাখা,2766,124,396390,213894,5617,176879
259,কুমিল্লা-১১,কুমিল্লা,মোঃ মাইন উদ্দিন,লাঙ্গল,704,124,396390,213894,5617,176879
259,কুমিল্লা-১১,কুমিল্লা,আ ফ ম আবদুর রহিম,ডাব,194,124,396390,213894,5617,176879
259,কুমিল্লা-১১,কুমিল্লা,মোহাম্মদ ইউসুফ,ছড়ি,186,124,396390,213894,5617,176879
259,কুমিল্লা-১১,কুমিল্লা,মোঃ আলমগীর,মাছ,98,124,396390,213894,5617,176879
260,চাঁদপুর-১,চাঁদপুর,আ ন ম এহছানুল হক মিলন,ধানের শীষ,131329,110,348742,203526,5549,139667
260,চাঁদপুর-১,চাঁদপুর,আবু নছর মোহাম্মদ মকবুল আহমদ,দাঁড়িপাল্লা,66781,110,348742,203526,5549,139667
260,চাঁদপুর-১,চাঁদপুর,মোহাম্মদ নাছির উদ্দিন,মোমবাতি,4248,110,348742,203526,5549,139667
260,চাঁদপুর-১,চাঁদপুর,হাবিব খান,লাঙ্গল,626,110,348742,203526,5549,139667
260,চাঁদপুর-১,চাঁদপুর,মোহাম্মদ আজাদ হোসেন,উদীয়মান সূর্য,326,110,348742,203526,5549,139667
260,চাঁদপুর-১,চাঁদপুর,মোঃ এনায়েত হোসেন,ট্রাক,216,110,348742,203526,5549,139667
261,চাঁদপুর-২,চাঁদপুর,মোঃ জালাল উদ্দিন,ধানের শীষ,170583,155,492377,239857,5863,246657
261,চাঁদপুর-২,চাঁদপুর,মোঃ বিল্লাল হোসেন,ছাতা,54733,155,492377,239857,5863,246657
261,চাঁদপুর-২,চাঁদপুর,মানসুর,হাতপাখা,12050,155,492377,239857,5863,246657
261,চাঁদপুর-২,চাঁদপুর,মোঃ এমরান হোসেন মিয়া,লাঙ্গল,1280,155,492377,239857,5863,246657
261,চাঁদপুর-২,চাঁদপুর,মোঃ ফয়জুন্নুর,হাতি,502,155,492377,239857,5863,246657
261,চাঁদপুর-২,চাঁদপুর,মোঃ গোলাফ হোসেন,ট্রাক,306,155,492377,239857,5863,246657
261,চাঁদপুর-২,চাঁদপুর,নাসিমা নাজনীন সরকার,আনারস,265,155,492377,239857,5863,246657
261,চাঁদপুর-২,চাঁদপুর,মোঃ এনামুল হক,কেটলি,138,155,492377,239857,5863,246657
262,চাঁদপুর-৩,চাঁদপুর,শেখ ফরিদ আহম্মেদ,ধানের শীষ,163610,165,537490,277710,7595,252185
262,চাঁদপুর-৩,চাঁদপুর,মোঃ শাহজাহান মিয়া,দাঁড়িপাল্লা,96811,165,537490,277710,7595,252185
262,চাঁদপুর-৩,চাঁদপুর,মোঃ জয়নাল আবদিন শেখ,হাতপাখা,14003,165,537490,277710,7595,252185
262,চাঁদপুর-৩,চাঁদপুর,"এ, এইচ, এম, আহসান উল্লাহ",মোমবাতি,2210,165,537490,277710,7595,252185
262,চাঁদপুর-৩,চাঁদপুর,মোঃ জাহাঙ্গীর হোসেন,কাস্তে,652,165,537490,277710,7595,252185
262,চাঁদপুর-৩,চাঁদপুর,সেলিম আকবর,উদীয়মান সূর্য,296,165,537490,277710,7595,252185
262,চাঁদপুর-৩,চাঁদপুর,মোঃ জাকির হোসেন,ট্রাক,128,165,537490,277710,7595,252185
263,চাঁদপুর-৪,চাঁদপুর,মোঃ আবদুল হান্নান,চিংড়ি,73599,118,391260,210033,5654,175573
263,চাঁদপুর-৪,চাঁদপুর,মোঃ হারুনুর রশিদ,ধানের শীষ,67833,118,391260,210033,5654,175573
263,চাঁদপুর-৪,চাঁদপুর,মোঃ বিল্লাল হোসেন মিয়াজী,দাঁড়িপাল্লা,62273,118,391260,210033,5654,175573
263,চাঁদপুর-৪,চাঁদপুর,মকবুল হোসাইন,হাতপাখা,5141,118,391260,210033,5654,175573
263,চাঁদপুর-৪,চাঁদপুর,মোঃ আব্দুল মালেক,মোমবাতি,495,118,391260,210033,5654,175573
263,চাঁদপুর-৪,চাঁদপুর,মাহ্‌মুদ আলম,লাঙ্গল,273,118,391260,210033,5654,175573
263,চাঁদপুর-৪,চাঁদপুর,মোঃ মুনীর চৌধুরী,উদীয়মান সূর্য,235,118,391260,210033,5654,175573
263,চাঁদপুর-৪,চাঁদপুর,জাকির হোসাইন,ঘুড়ি,184,118,391260,210033,5654,175573
264,চাঁদপুর-৫,চাঁদপুর,মোঃ মমিনুল হক,ধানের শীষ,182588,158,514866,275763,7753,231350
264,চাঁদপুর-৫,চাঁদপুর,মোঃ নেয়ামুল বশির,ছাতা,71751,158,514866,275763,7753,231350
264,চাঁদপুর-৫,চাঁদপুর,সৈয়দ বাহাদুর শাহ্ মুজাদ্দেদী,চেয়ার,12963,158,514866,275763,7753,231350
264,চাঁদপুর-৫,চাঁদপুর,মোহাম্মদ আলী পাটোয়ারি,হাতপাখা,6494,158,514866,275763,7753,231350
264,চাঁদপুর-৫,চাঁদপুর,মির্জা গিয়াস উদ্দিন,লাঙ্গল,1469,158,514866,275763,7753,231350
264,চাঁদপুর-৫,চাঁদপুর,মোঃ জাকির হোসেন প্রধানিয়া,ফুটবল,253,158,514866,275763,7753,231350
264,চাঁদপুর-৫,চাঁদপুর,মোঃ মাহমুদ হাসান নয়ন,আপেল,245,158,514866,275763,7753,231350
265,ফেনী-১,ফেনী,মুন্সী রফিকুল আলম,ধানের শীষ,117231,121,374428,204633,4804,164991
265,ফেনী-১,ফেনী,এস এম কামাল উদ্দীন,দাঁড়িপাল্লা,80661,121,374428,204633,4804,164991
265,ফেনী-১,ফেনী,কাজী গোলাম কিবরিয়া,হাতপাখা,5149,121,374428,204633,4804,164991
265,ফেনী-১,ফেনী,মোতাহের হোসেন চৌধুরী,লাঙ্গল,905,121,374428,204633,4804,164991
265,ফেনী-১,ফেনী,আনোয়ার উল্যাহ ভূঞা,বটগাছ,298,121,374428,204633,4804,164991
265,ফেনী-১,ফেনী,মোঃ ফিরোজ উদ্দিন চৌধুরী,ডাব,205,121,374428,204633,4804,164991
265,ফেনী-১,ফেনী,মাহবুব মোরশেদ মজুমদার,হারিকেন,184,121,374428,204633,4804,164991
266,ফেনী-২,ফেনী,জয়নাল আবদিন,ধানের শীষ,128206,146,424331,213536,6564,204231
266,ফেনী-২,ফেনী,মোহাম্মদ মজিবুর রহমান ভূঁঞা,ঈগল,75090,146,424331,213536,6564,204231
266,ফেনী-২,ফেনী,মোহাম্মদ একরামুল হক ভূঁঞা,হাতপাখা,6552,146,424331,213536,6564,204231
266,ফেনী-২,ফেনী,সাইফুল করিম মজুমদার,প্রজাপতি,789,146,424331,213536,6564,204231
266,ফেনী-২,ফেনী,মোঃ হারুনুর রশিদ ভূঞা,রিক্সা,748,146,424331,213536,6564,204231
266,ফেনী-২,ফেনী,মোঃ ইসমাইল,ঘোড়া,698,146,424331,213536,6564,204231
266,ফেনী-২,ফেনী,মোঃ তারেকুল ইসলাম ভূঁঞা,ট্রাক,399,146,424331,213536,6564,204231
266,ফেনী-২,ফেনী,জসীম উদ্দীন,কাঁচি,305,146,424331,213536,6564,204231
266,ফেনী-২,ফেনী,মোহাম্মদ আবুল হোসেন,বটগাছ,280,146,424331,213536,6564,204231
266,ফেনী-২,ফেনী,সামসুদ্দিন মজুমদার,তারা,235,146,424331,213536,6564,204231
266,ফেনী-২,ফেনী,তাহেরুল ইসলাম,আপেল,234,146,424331,213536,6564,204231
267,ফেনী-৩,ফেনী,আবদুল আউয়াল মিন্টু,ধানের শীষ,154229,161,492154,264747,6601,220806
267,ফেনী-৩,ফেনী,মোহাম্মদ ফখরুদ্দিন,দাঁড়িপাল্লা,100821,161,492154,264747,6601,220806
267,ফেনী-৩,ফেনী,মোঃ সাইফ উদ্দিন ,হাতপাখা,6493,161,492154,264747,6601,220806
267,ফেনী-৩,ফেনী,মোঃ আবু সুফিয়ান,লাঙ্গল,1369,161,492154,264747,6601,220806
267,ফেনী-৩,ফেনী,আবদুল মালেক,মই,704,161,492154,264747,6601,220806
267,ফেনী-৩,ফেনী,মোঃ আবু নাছির,চেয়ার,507,161,492154,264747,6601,220806
267,ফেনী-৩,ফেনী,মোহাম্মদ খালেদুজ্জামান পাটোয়ারী,বটগাছ,315,161,492154,264747,6601,220806
267,ফেনী-৩,ফেনী,মোঃ হাসান আহমদ,আপেল,309,161,492154,264747,6601,220806
268,নোয়াখালী-১,নোয়াখালী,এ. এম. মাহবুব উদ্দিন,ধানের শীষ,124270,141,438831,237095,6098,195638
268,নোয়াখালী-১,নোয়াখালী,মোঃ ছাইফ উল্যাহ,দাঁড়িপাল্লা,91941,141,438831,237095,6098,195638
268,নোয়াখালী-১,নোয়াখালী,জহিরুল ইসলাম,হাতপাখা,18924,141,438831,237095,6098,195638
268,নোয়াখালী-১,নোয়াখালী,মোঃ নুরুল আমিন,লাঙ্গল,1046,141,438831,237095,6098,195638
268,নোয়াখালী-১,নোয়াখালী,রেহানা বেগম,তারা,459,141,438831,237095,6098,195638
268,নোয়াখালী-১,নোয়াখালী,মোঃ মমিনুল ইসলাম,ডাব,268,141,438831,237095,6098,195638
268,নোয়াখালী-১,নোয়াখালী,মোঃ মশিউর রহমান,আপেল,187,141,438831,237095,6098,195638
269,নোয়াখালী-২,নোয়াখালী,জয়নুল আবদিন ফারুক,ধানের শীষ,82634,111,350887,196827,5174,148886
269,নোয়াখালী-২,নোয়াখালী,সুলতান মুহাম্মদ জাকারিয়া মজুমদার,শাপলা কলি,63369,111,350887,196827,5174,148886
269,নোয়াখালী-২,নোয়াখালী,কাজী মোহাম্মদ মফিজুর রহমান,কাপ-পিরিচ	,44243,111,350887,196827,5174,148886
269,নোয়াখালী-২,নোয়াখালী,খলিলুর রহমান,হাতপাখা,6030,111,350887,196827,5174,148886
269,নোয়াখালী-২,নোয়াখালী,মোঃ শাহাদাৎ হোসেন,লাঙ্গল,551,111,350887,196827,5174,148886
270,নোয়াখালী-৩,নোয়াখালী,মোঃ বরকত উল্লাহ বুলু,ধানের শীষ,138937,166,498976,268731,6507,223738
270,নোয়াখালী-৩,নোয়াখালী,মোঃ বোরহান উদ্দিন,দাঁড়িপাল্লা,117824,166,498976,268731,6507,223738
270,নোয়াখালী-৩,নোয়াখালী,মোহাম্মদ নুর উদ্দিন,হাতপাখা,9670,166,498976,268731,6507,223738
270,নোয়াখালী-৩,নোয়াখালী,মোরশেদ আলম,দেওয়াল ঘড়ি,783,166,498976,268731,6507,223738
270,নোয়াখালী-৩,নোয়াখালী,মোঃ সিরাজ মিয়া,তারা,738,166,498976,268731,6507,223738
270,নোয়াখালী-৩,নোয়াখালী,মোঃ রাজিব উদদৌলা চৌধুরী,মোরগ,526,166,498976,268731,6507,223738
270,নোয়াখালী-৩,নোয়াখালী,শরীফ আহমেদ,ফুটবল,253,166,498976,268731,6507,223738
271,নোয়াখালী-৪,নোয়াখালী,মোঃ শাহজাহান,ধানের শীষ,216907,198,690030,379796,11269,298965
271,নোয়াখালী-৪,নোয়াখালী,মোঃ ইসহাক খন্দকার,দাঁড়িপাল্লা,144074,198,690030,379796,11269,298965
271,নোয়াখালী-৪,নোয়াখালী,মোঃ ফিরোজ আলম মাসুদ,হাতপাখা,14648,198,690030,379796,11269,298965
271,নোয়াখালী-৪,নোয়াখালী,মোঃ শরিফুল ইসলাম,লাঙ্গল,2271,198,690030,379796,11269,298965
271,নোয়াখালী-৪,নোয়াখালী,বিটুল চন্দ্র তালুকদার,কাঁচি,879,198,690030,379796,11269,298965
271,নোয়াখালী-৪,নোয়াখালী,আবদুজ জাহের,ট্রাক,529,198,690030,379796,11269,298965
271,নোয়াখালী-৪,নোয়াখালী,মোঃ ইউনুস নবী,আপেল,488,198,690030,379796,11269,298965
272,নোয়াখালী-৫,নোয়াখালী,মোহাম্মদ ফখরুল ইসলাম,ধানের শীষ,145876,155,492203,274840,8225,209138
272,নোয়াখালী-৫,নোয়াখালী,মোহাম্মদ বেলায়েত হোসেন,দাঁড়িপাল্লা,114710,155,492203,274840,8225,209138
272,নোয়াখালী-৫,নোয়াখালী,আবু নাছের,হাতপাখা,6106,155,492203,274840,8225,209138
272,নোয়াখালী-৫,নোয়াখালী,মোঃ শওকত হোসেন,কলম,4507,155,492203,274840,8225,209138
272,নোয়াখালী-৫,নোয়াখালী,খাজা তানভীর আহমেদ,লাঙ্গল,1666,155,492203,274840,8225,209138
272,নোয়াখালী-৫,নোয়াখালী,ওমর আলী,মোটর সাইকেল,809,155,492203,274840,8225,209138
272,নোয়াখালী-৫,নোয়াখালী,মোঃ কামাল উদ্দিন পাটোয়ারী,তারা,293,155,492203,274840,8225,209138
272,নোয়াখালী-৫,নোয়াখালী,মোহাম্মদ শামছুদ্দোহা,চেয়ার,273,155,492203,274840,8225,209138
272,নোয়াখালী-৫,নোয়াখালী,মুন তাহার বেগম,কাঁচি,167,155,492203,274840,8225,209138
272,নোয়াখালী-৫,নোয়াখালী,তৌহিদুল ইসলাম,আপেল,161,155,492203,274840,8225,209138
272,নোয়াখালী-৫,নোয়াখালী,মোহাম্মদ আনিছুল হক,হাতি,141,155,492203,274840,8225,209138
272,নোয়াখালী-৫,নোয়াখালী,মুহাম্মদ ইউনুছ,ফুটবল,131,155,492203,274840,8225,209138
273,নোয়াখালী-৬,নোয়াখালী,আবদুল হান্নান মাসউদ,শাপলা কলি,90118,104,335765,166351,5295,164119
273,নোয়াখালী-৬,নোয়াখালী,মোহাম্মদ মাহবুবের রহমান,ধানের শীষ,63372,104,335765,166351,5295,164119
273,নোয়াখালী-৬,নোয়াখালী,মোহাম্মদ ফজলুল আজিম,হরিণ ,4680,104,335765,166351,5295,164119
273,নোয়াখালী-৬,নোয়াখালী,তানবীর উদ্দিন রাজিব,ফুটবল,3714,104,335765,166351,5295,164119
273,নোয়াখালী-৬,নোয়াখালী,মোহাম্মদ নুরুল ইসলাম শরীফ,হাতপাখা,2179,104,335765,166351,5295,164119
273,নোয়াখালী-৬,নোয়াখালী,মোহাম্মদ আবদুল মোতালেব,তারা,1237,104,335765,166351,5295,164119
273,নোয়াখালী-৬,নোয়াখালী,আমিরুল ইসলাম মোহাম্মদ আবদুল মালেক,একতারা,504,104,335765,166351,5295,164119
273,নোয়াখালী-৬,নোয়াখালী,এ টি এম নাবী উল্যাহ,লাঙ্গল,271,104,335765,166351,5295,164119
273,নোয়াখালী-৬,নোয়াখালী,মোহাম্মদ আজহার উদ্দিন,ট্রাক,191,104,335765,166351,5295,164119
273,নোয়াখালী-৬,নোয়াখালী,মোহাম্মদ আবুল হোসেন,ছাতা,85,104,335765,166351,5295,164119
274,লক্ষীপুর-১,লক্ষ্মীপুর,মোঃ শাহাদাত হোসেন,ধানের শীষ,85457,93,274261,153600,4464,116197
274,লক্ষীপুর-১,লক্ষ্মীপুর,মোঃ মাহবুব আলম,শাপলা কলি,56437,93,274261,153600,4464,116197
274,লক্ষীপুর-১,লক্ষ্মীপুর,মোঃ জাকির হোসেন পাটওয়ারী,হাতপাখা,10880,93,274261,153600,4464,116197
274,লক্ষীপুর-১,লক্ষ্মীপুর,মোহাম্মদ মাহমুদুর রহমান মাহমুদ,লাঙ্গল,410,93,274261,153600,4464,116197
274,লক্ষীপুর-১,লক্ষ্মীপুর,মোঃ বিল্লাল হোসেন,মই,197,93,274261,153600,4464,116197
274,লক্ষীপুর-১,লক্ষ্মীপুর,মোঃ কাউছার আলম,ট্রাক,114,93,274261,153600,4464,116197
274,লক্ষীপুর-১,লক্ষ্মীপুর,মোঃ আলমগীর হোসাইন,সিংহ,105,93,274261,153600,4464,116197
275,লক্ষীপুর-২,লক্ষ্মীপুর,মোঃ আবুল খায়ের ভূঁইয়া,ধানের শীষ,145124,151,483962,282480,7654,193828
275,লক্ষীপুর-২,লক্ষ্মীপুর,"এস, ইউ ,এম, রুহুল আমিন ভূঁইয়া",দাঁড়িপাল্লা,127949,151,483962,282480,7654,193828
275,লক্ষীপুর-২,লক্ষ্মীপুর,হেলাল উদ্দিন,হাতপাখা,6670,151,483962,282480,7654,193828
275,লক্ষীপুর-২,লক্ষ্মীপুর,মোঃ ইব্রাহিম মিয়া,একতারা,1779,151,483962,282480,7654,193828
275,লক্ষীপুর-২,লক্ষ্মীপুর,আবুল বাশার,ট্রাক,424,151,483962,282480,7654,193828
275,লক্ষীপুর-২,লক্ষ্মীপুর,মোঃ ফরহাদ মিয়া,হাতঘড়ি,285,151,483962,282480,7654,193828
275,লক্ষীপুর-২,লক্ষ্মীপুর,মোহাম্মদ রেজাউল করিম,কেটলি,249,151,483962,282480,7654,193828
276,লক্ষীপুর-৩,লক্ষ্মীপুর,মোঃ শহীদউদ্দীন চৌধুরী এ্যানি,ধানের শীষ,133765,130,434605,258590,6664,169351
276,লক্ষীপুর-৩,লক্ষ্মীপুর,মোঃ রেজাউল করিম,দাঁড়িপাল্লা,117779,130,434605,258590,6664,169351
276,লক্ষীপুর-৩,লক্ষ্মীপুর,মোঃ ইব্রাহিম,হাতপাখা,4971,130,434605,258590,6664,169351
276,লক্ষীপুর-৩,লক্ষ্মীপুর,"‌এ, কে, এম মহি উদ্দিন",লাঙ্গল,1306,130,434605,258590,6664,169351
276,লক্ষীপুর-৩,লক্ষ্মীপুর,মোঃ সামছুদ্দিন,ছাতা,483,130,434605,258590,6664,169351
276,লক্ষীপুর-৩,লক্ষ্মীপুর,সেলিম মাহামুদ,আম,286,130,434605,258590,6664,169351
277,লক্ষীপুর-৪,লক্ষ্মীপুর,"এ,বি,এম আশরাফ উদ্দিন (নিজান)",ধানের শীষ,113725,122,412291,229494,6871,175926
277,লক্ষীপুর-৪,লক্ষ্মীপুর,মোঃ আশরাফুর রহমান হাফিজউল্যা,দাঁড়িপাল্লা,71159,122,412291,229494,6871,175926
277,লক্ষীপুর-৪,লক্ষ্মীপুর,তানিয়া রব,তারা,21922,122,412291,229494,6871,175926
277,লক্ষীপুর-৪,লক্ষ্মীপুর,খালেদ সাইফুল্লাহ,হাতপাখা,20795,122,412291,229494,6871,175926
277,লক্ষীপুর-৪,লক্ষ্মীপুর,নুরুল হুদা চৌধুরী,মোটর সাইকেল,421,122,412291,229494,6871,175926
277,লক্ষীপুর-৪,লক্ষ্মীপুর,মিলন কৃষ্ণ মন্ডল,মই,411,122,412291,229494,6871,175926
277,লক্ষীপুর-৪,লক্ষ্মীপুর,শরাফ উদ্দিন আজাদ,কাপ-পিরিচ	,410,122,412291,229494,6871,175926
277,লক্ষীপুর-৪,লক্ষ্মীপুর,আ ন ম মনজুর মোর্শেদ,ফুটবল,394,122,412291,229494,6871,175926
277,লক্ষীপুর-৪,লক্ষ্মীপুর,মো: রেদোয়ান উল্লাহ,ট্রাক,257,122,412291,229494,6871,175926
278,চট্রগ্রাম-১,চট্টগ্রাম,নুরুল আমিন,ধানের শীষ,127645,106,380099,213843,5575,160681
278,চট্রগ্রাম-১,চট্টগ্রাম,মোহাম্মদ  ছাইফুর রহমান,দাঁড়িপাল্লা,81227,106,380099,213843,5575,160681
278,চট্রগ্রাম-১,চট্টগ্রাম,ফেরদৌস আহমদ চৌধুরী,হাতপাখা,2064,106,380099,213843,5575,160681
278,চট্রগ্রাম-১,চট্টগ্রাম,সৈয়দ শাহাদাৎ হোসেন,লাঙ্গল,1631,106,380099,213843,5575,160681
278,চট্রগ্রাম-১,চট্টগ্রাম,রেজাউল করিম,আপেল,758,106,380099,213843,5575,160681
278,চট্রগ্রাম-১,চট্টগ্রাম,শেখ জুলফিকার বুলবুল চৌধুরী,হাত (পাঞ্জা),266,106,380099,213843,5575,160681
278,চট্রগ্রাম-১,চট্টগ্রাম,"এ, কে, এম, আবু ইউছুপ",তারা,252,106,380099,213843,5575,160681
280,চট্রগ্রাম-৩,চট্টগ্রাম,মোস্তফা কামাল পাশা,ধানের শীষ,72353,83,255700,114857,2750,138093
280,চট্রগ্রাম-৩,চট্টগ্রাম,মুহাম্মদ আলা উদ্দীন,দাঁড়িপাল্লা,37157,83,255700,114857,2750,138093
280,চট্রগ্রাম-৩,চট্টগ্রাম,মোহাম্মাদ আমজাদ হোসেন,হাতপাখা,5055,83,255700,114857,2750,138093
280,চট্রগ্রাম-৩,চট্টগ্রাম,মোঃ মোয়াহেদুল মাওলা,ফুটবল,292,83,255700,114857,2750,138093
282,চট্রগ্রাম-৫,চট্টগ্রাম,মীর মোহাম্মদ হেলাল উদ্দীন,ধানের শীষ,145392,143,495145,208888,4901,281356
282,চট্রগ্রাম-৫,চট্টগ্রাম,মোঃ নাসির উদ্দীন,রিক্সা,44630,143,495145,208888,4901,281356
282,চট্রগ্রাম-৫,চট্টগ্রাম,মুহাম্মদ রফিকুল ইসলাম,চেয়ার,15165,143,495145,208888,4901,281356
282,চট্রগ্রাম-৫,চট্টগ্রাম,মতি উল্লাহ নূরী,হাতপাখা,2332,143,495145,208888,4901,281356
282,চট্রগ্রাম-৫,চট্টগ্রাম,মোহাম্মদ ইমাম উদ্দিন রিয়াদ,ফুটবল,1091,143,495145,208888,4901,281356
282,চট্রগ্রাম-৫,চট্টগ্রাম,মোঃ আলা উদ্দিন,আনারস,278,143,495145,208888,4901,281356
283,চট্রগ্রাম-৬,চট্টগ্রাম,গিয়াস উদ্দিন কাদের চৌধুরী,ধানের শীষ,111201,95,335990,159730,4375,171885
283,চট্রগ্রাম-৬,চট্টগ্রাম,মোহাম্মদ ইলিয়াছ নূরী,মোমবাতি,26696,95,335990,159730,4375,171885
283,চট্রগ্রাম-৬,চট্টগ্রাম,মোঃ শাহাজাহান মঞ্জু,দাঁড়িপাল্লা,21013,95,335990,159730,4375,171885
283,চট্রগ্রাম-৬,চট্টগ্রাম,নাছির উদ্দীন তালুকদার,মাথাল,820,95,335990,159730,4375,171885
284,চট্রগ্রাম-৭,চট্টগ্রাম,হুমাম কাদের চৌধুরী,ধানের শীষ,100242,92,313164,171728,3625,137811
284,চট্রগ্রাম-৭,চট্টগ্রাম,এ টি এম রেজাউল করিম,দাঁড়িপাল্লা,39485,92,313164,171728,3625,137811
284,চট্রগ্রাম-৭,চট্টগ্রাম,মুহাম্মদ ইকবাল হাছান,মোমবাতি,29633,92,313164,171728,3625,137811
284,চট্রগ্রাম-৭,চট্টগ্রাম,আবদুল্লাহ  আল হারুন,হাতপাখা,1259,92,313164,171728,3625,137811
284,চট্রগ্রাম-৭,চট্টগ্রাম,প্রমোদ বরন বড়ুয়া,কাস্তে,419,92,313164,171728,3625,137811
284,চট্রগ্রাম-৭,চট্টগ্রাম,মোঃ মেহেদী রাসেদ,লাঙ্গল,406,92,313164,171728,3625,137811
284,চট্রগ্রাম-৭,চট্টগ্রাম,মোঃ আবদুর রহমান,ঈগল,156,92,313164,171728,3625,137811
284,চট্রগ্রাম-৭,চট্টগ্রাম,মোঃ বেলাল উদ্দীন,ট্রাক,128,92,313164,171728,3625,137811
285,চট্রগ্রাম-৮,চট্টগ্রাম,এরশাদ উল্লাহ,ধানের শীষ,151737,179,549133,250851,6319,291963
285,চট্রগ্রাম-৮,চট্টগ্রাম,মোঃ আবু নাছের,দাঁড়িপাল্লা,52033,179,549133,250851,6319,291963
285,চট্রগ্রাম-৮,চট্টগ্রাম,সৈয়্যদ মুহাম্মদ হাসান,মোমবাতি,42117,179,549133,250851,6319,291963
285,চট্রগ্রাম-৮,চট্টগ্রাম,মোঃ জোবাইরুল হাসান আরিফ,শাপলা কলি,2906,179,549133,250851,6319,291963
285,চট্রগ্রাম-৮,চট্টগ্রাম,মোহাম্মদ নুরুল আলম,হাতপাখা,1188,179,549133,250851,6319,291963
285,চট্রগ্রাম-৮,চট্টগ্রাম,মোহাম্মদ এমদাদুল হক,আপেল,870,179,549133,250851,6319,291963
286,চট্রগ্রাম-৯,চট্টগ্রাম,মোহাম্মদ আবু সুফিয়ান,ধানের শীষ,108522,121,412535,168391,4093,240051
286,চট্রগ্রাম-৯,চট্টগ্রাম,"ডা, এ কে এম ফজলুল হক",দাঁড়িপাল্লা,52382,121,412535,168391,4093,240051
286,চট্রগ্রাম-৯,চট্টগ্রাম,মুহাম্মদ ওয়াহেদ মুরাদ,চেয়ার,4168,121,412535,168391,4093,240051
286,চট্রগ্রাম-৯,চট্টগ্রাম,সৈয়দ মোহাম্মদ হাসান মারুফ,মাথাল,1025,121,412535,168391,4093,240051
286,চট্রগ্রাম-৯,চট্টগ্রাম,আব্দুস শুক্কুর,হাতপাখা,925,121,412535,168391,4093,240051
286,চট্রগ্রাম-৯,চট্টগ্রাম,মোঃ হায়দার আলী চৌধুরী,কলম,553,121,412535,168391,4093,240051
286,চট্রগ্রাম-৯,চট্টগ্রাম,মোঃ শফি উদ্দিন কবির,কাঁচি,488,121,412535,168391,4093,240051
286,চট্রগ্রাম-৯,চট্টগ্রাম,আবদুল মোমেন চৌধুরী,তারা,124,121,412535,168391,4093,240051
286,চট্রগ্রাম-৯,চট্টগ্রাম,মোহাম্মদ নঈম উদ্দীন,আপেল,109,121,412535,168391,4093,240051
286,চট্রগ্রাম-৯,চট্টগ্রাম,মোঃ নুরুল আবছার মজুমদার,কেটলি,95,121,412535,168391,4093,240051
287,চট্রগ্রাম-১০,চট্টগ্রাম,সাঈদ আল নোমান,ধানের শীষ,121391,139,486308,205131,4938,276239
287,চট্রগ্রাম-১০,চট্টগ্রাম,মুহাম্মদ শামসুজ্জামান হেলালী,দাঁড়িপাল্লা,74707,139,486308,205131,4938,276239
287,চট্রগ্রাম-১০,চট্টগ্রাম,মুহাম্মদ জান্নাতুল ইসলাম,হাতপাখা,3818,139,486308,205131,4938,276239
287,চট্রগ্রাম-১০,চট্টগ্রাম,মোঃ লিয়াকত আলী,চেয়ার,2430,139,486308,205131,4938,276239
287,চট্রগ্রাম-১০,চট্টগ্রাম,মোহামমদ এমদাদ হোসাইন চৌধুরী,লাঙ্গল,1037,139,486308,205131,4938,276239
287,চট্রগ্রাম-১০,চট্টগ্রাম,সাবিনা খাতুন,আপেল,952,139,486308,205131,4938,276239
287,চট্রগ্রাম-১০,চট্টগ্রাম,মোহাম্মদ আরমান আলী,ফুটবল,339,139,486308,205131,4938,276239
287,চট্রগ্রাম-১০,চট্টগ্রাম,আসমা আকতার,কাঁচি,300,139,486308,205131,4938,276239
287,চট্রগ্রাম-১০,চট্টগ্রাম,মোঃ ওসমান গনি,আনারস,157,139,486308,205131,4938,276239
288,চট্রগ্রাম-১১,চট্টগ্রাম,আমির খসরু মাহমুদ চৌধুরী,ধানের শীষ,114995,143,489336,198317,4093,286926
288,চট্রগ্রাম-১১,চট্টগ্রাম,মোহাম্মদ শফিউল আলম,দাঁড়িপাল্লা,73632,143,489336,198317,4093,286926
288,চট্রগ্রাম-১১,চট্টগ্রাম,মুহাম্মদ আবু তাহের,চেয়ার,5096,143,489336,198317,4093,286926
288,চট্রগ্রাম-১১,চট্টগ্রাম,মোঃ নুর উদ্দিন,হাতপাখা,2511,143,489336,198317,4093,286926
288,চট্রগ্রাম-১১,চট্টগ্রাম,আবু তাহের,লাঙ্গল,974,143,489336,198317,4093,286926
288,চট্রগ্রাম-১১,চট্টগ্রাম,উজ্জল ভৌমিক,উদীয়মান সূর্য,298,143,489336,198317,4093,286926
288,চট্রগ্রাম-১১,চট্টগ্রাম,দীপা মজুমদার,কাঁচি,216,143,489336,198317,4093,286926
288,চট্রগ্রাম-১১,চট্টগ্রাম,মোঃ আজিজ মিয়া,আপেল,204,143,489336,198317,4093,286926
288,চট্রগ্রাম-১১,চট্টগ্রাম,মোহাম্মদ জাহাঙ্গীর ভূঁইয়া,সূর্যমুখী ফুল,170,143,489336,198317,4093,286926
288,চট্রগ্রাম-১১,চট্টগ্রাম,মোঃ নিজামুল হক আল কাদেরী,মই,119,143,489336,198317,4093,286926
288,চট্রগ্রাম-১১,চট্টগ্রাম,মুহাম্মদ নেজাম উদ্দীন,ট্রাক,102,143,489336,198317,4093,286926
289,চট্রগ্রাম-১২,চট্টগ্রাম,মোহাম্মদ এনামুল হক,ধানের শীষ,134080,113,349495,186663,4741,158091
289,চট্রগ্রাম-১২,চট্টগ্রাম,ছৈয়দ এয়ার মোহাম্মদ পেয়ারু,মোমবাতি,28777,113,349495,186663,4741,158091
289,চট্রগ্রাম-১২,চট্টগ্রাম,মোহাম্মদ ফরিদুল আলম,দাঁড়িপাল্লা,20942,113,349495,186663,4741,158091
289,চট্রগ্রাম-১২,চট্টগ্রাম,মোহাম্মদ আবু তালেব হেলালী,আপেল,923,113,349495,186663,4741,158091
289,চট্রগ্রাম-১২,চট্টগ্রাম,"‌এস,এম,বেলাল নুর",হাতপাখা,879,113,349495,186663,4741,158091
289,চট্রগ্রাম-১২,চট্টগ্রাম,ফরিদ আহম্মদ চৌধুরী,লাঙ্গল,725,113,349495,186663,4741,158091
289,চট্রগ্রাম-১২,চট্টগ্রাম,মুহাম্মদ শাখাওয়াত হোসাইন,ফুটবল,235,113,349495,186663,4741,158091
289,চট্রগ্রাম-১২,চট্টগ্রাম,এম. এয়াকুব আলী,ছাতা,102,113,349495,186663,4741,158091
290,চট্রগ্রাম-১৩,চট্টগ্রাম,সরওয়ার জামাল নিজাম,ধানের শীষ,125460,118,392033,211546,7295,173192
290,চট্রগ্রাম-১৩,চট্টগ্রাম,"এস, এম, শাহজাহান",মোমবাতি,51062,118,392033,211546,7295,173192
290,চট্রগ্রাম-১৩,চট্টগ্রাম,মাহমুদুল হাসান,দাঁড়িপাল্লা,34035,118,392033,211546,7295,173192
290,চট্রগ্রাম-১৩,চট্টগ্রাম,আবদুর রব চৌধুরী,লাঙ্গল,428,118,392033,211546,7295,173192
290,চট্রগ্রাম-১৩,চট্টগ্রাম,মোহাম্মদ এমরান,সিংহ,204,118,392033,211546,7295,173192
290,চট্রগ্রাম-১৩,চট্টগ্রাম,মুঃ রেজাউল মোস্তফা,আপেল,189,118,392033,211546,7295,173192
290,চট্রগ্রাম-১৩,চট্টগ্রাম,মোঃ মুজিবুর রহমান চৌং,ট্রাক,168,118,392033,211546,7295,173192
291,চট্রগ্রাম-১৪,চট্টগ্রাম,আলহাজ্ব জসীম উদ্দীন আহমেদ,ধানের শীষ,75779,100,308240,178022,4427,125791
291,চট্রগ্রাম-১৪,চট্টগ্রাম,ওমর ফারুক,ছাতা,72943,100,308240,178022,4427,125791
291,চট্রগ্রাম-১৪,চট্টগ্রাম,মৌঃ মোঃ সোলাইমান,মোমবাতি,22617,100,308240,178022,4427,125791
291,চট্রগ্রাম-১৪,চট্টগ্রাম,মোহাম্মদ মিজানুল হক চৌধুরী,ফুটবল,3613,100,308240,178022,4427,125791
291,চট্রগ্রাম-১৪,চট্টগ্রাম,মোহাম্মদ আবদুল হামিদ,হাতপাখা,1499,100,308240,178022,4427,125791
291,চট্রগ্রাম-১৪,চট্টগ্রাম,শফিকুল ইসলাম রাহী,মোটর সাইকেল,1136,100,308240,178022,4427,125791
291,চট্রগ্রাম-১৪,চট্টগ্রাম,মোহাম্মদ বাদশা মিয়া,লাঙ্গল,286,100,308240,178022,4427,125791
291,চট্রগ্রাম-১৪,চট্টগ্রাম,এইচ. এম. ইলিয়াছ,আপেল,149,100,308240,178022,4427,125791
292,চট্রগ্রাম-১৫,চট্টগ্রাম,শাহজাহান চৌধুরী,দাঁড়িপাল্লা,171689,157,491786,303862,5596,182328
292,চট্রগ্রাম-১৫,চট্টগ্রাম,নাজমুল মোস্তফা আমীন,ধানের শীষ,129300,157,491786,303862,5596,182328
292,চট্রগ্রাম-১৫,চট্টগ্রাম,শরীফুল আলম চৌধুরী,হাতপাখা,2873,157,491786,303862,5596,182328
293,চট্রগ্রাম-১৬,চট্টগ্রাম,মোহাম্মদ জহিরুল ইসলাম,দাঁড়িপাল্লা,89960,112,404559,232402,4556,167601
293,চট্রগ্রাম-১৬,চট্টগ্রাম,মিশকাতুল ইসলাম চৌধুরী,ধানের শীষ,82237,112,404559,232402,4556,167601
293,চট্রগ্রাম-১৬,চট্টগ্রাম,মোহাম্মদ লেয়াকত আলী,ফুটবল,55071,112,404559,232402,4556,167601
293,চট্রগ্রাম-১৬,চট্টগ্রাম,হাফেজ রুহুল্লাহ,হাতপাখা,3978,112,404559,232402,4556,167601
293,চট্রগ্রাম-১৬,চট্টগ্রাম,আব্দুল মালেক,চেয়ার,811,112,404559,232402,4556,167601
293,চট্রগ্রাম-১৬,চট্টগ্রাম,মোঃ আরিফুল হক,ট্রাক,241,112,404559,232402,4556,167601
293,চট্রগ্রাম-১৬,চট্টগ্রাম,এহছানুল হক,হারিকেন,104,112,404559,232402,4556,167601
294,কক্সবাজার-১,কক্সবাজার,সালাহউদ্দিন আহমদ,ধানের শীষ,219758,177,530855,349540,5997,175318
294,কক্সবাজার-১,কক্সবাজার,আব্দুল্লাহ আল ফারুখ,দাঁড়িপাল্লা,125311,177,530855,349540,5997,175318
294,কক্সবাজার-১,কক্সবাজার,মোঃ ছরওয়ার আলম কুতুবী,হাতপাখা,4471,177,530855,349540,5997,175318
295,কক্সবাজার-২,কক্সবাজার,আলমগীর মুহাম্মদ মাহফুজ উল্লাহ ফরিদ,ধানের শীষ,124660,124,383639,224170,5454,154015
295,কক্সবাজার-২,কক্সবাজার,"এ, এইচ, এম হামিদুর রহমান আযাদ",দাঁড়িপাল্লা,89817,124,383639,224170,5454,154015
295,কক্সবাজার-২,কক্সবাজার,জিয়াউল হক,হাতপাখা,8751,124,383639,224170,5454,154015
295,কক্সবাজার-২,কক্সবাজার,মোঃ মাহমুদুল করিম,লাঙ্গল,749,124,383639,224170,5454,154015
295,কক্সবাজার-২,কক্সবাজার,এস.এম. রোকনুজ্জামান খান,ট্রাক,193,124,383639,224170,5454,154015
296,কক্সবাজার-৩,কক্সবাজার,লুৎফুর রহমান,ধানের শীষ,180507,182,535046,343486,5453,186107
296,কক্সবাজার-৩,কক্সবাজার,শহীদুল আলম (বাহাদুর),দাঁড়িপাল্লা,156019,182,535046,343486,5453,186107
296,কক্সবাজার-৩,কক্সবাজার,আমিরুল ইসলাম,হাতপাখা,5088,182,535046,343486,5453,186107
296,কক্সবাজার-৩,কক্সবাজার,মোঃ ইলিয়াছ মিয়া,ফুটবল,937,182,535046,343486,5453,186107
296,কক্সবাজার-৩,কক্সবাজার,জগদীশ বড়ুয়া,আনারস,574,182,535046,343486,5453,186107
296,কক্সবাজার-৩,কক্সবাজার,নুরুল আবছার,প্রজাপতি,361,182,535046,343486,5453,186107
297,কক্সবাজার-৪,কক্সবাজার,শাহজাহান চৌধুরী,ধানের শীষ,123021,115,371822,247782,4864,119176
297,কক্সবাজার-৪,কক্সবাজার,নুর আহমদ আনোয়ারী,দাঁড়িপাল্লা,120096,115,371822,247782,4864,119176
297,কক্সবাজার-৪,কক্সবাজার,নুরুল হক,হাতপাখা,4293,115,371822,247782,4864,119176
297,কক্সবাজার-৪,কক্সবাজার,সাইফুদ্দিন খালেদ,সিংহ,372,115,371822,247782,4864,119176
298,খাগড়াছড়ি,খাগড়াছড়ি,আবদুল ওয়াদুদ ভূঁঞা,ধানের শীষ,149149,203,547042,328159,9871,209012
298,খাগড়াছড়ি,খাগড়াছড়ি,ধর্ম জ্যোতি চাকমা,ঘোড়া,67858,203,547042,328159,9871,209012
298,খাগড়াছড়ি,খাগড়াছড়ি,মোঃ এয়াকুব আলী,দাঁড়িপাল্লা,56509,203,547042,328159,9871,209012
298,খাগড়াছড়ি,খাগড়াছড়ি,সমীরণ দেওয়ান,ফুটবল,47164,203,547042,328159,9871,209012
298,খাগড়াছড়ি,খাগড়াছড়ি,মোঃ কাউছার,হাতপাখা,3036,203,547042,328159,9871,209012
298,খাগড়াছড়ি,খাগড়াছড়ি,উশ্যেপ্রু মারমা,রকেট,990,203,547042,328159,9871,209012
298,খাগড়াছড়ি,খাগড়াছড়ি,মিথিলা রোয়াজা,লাঙ্গল,968,203,547042,328159,9871,209012
298,খাগড়াছড়ি,খাগড়াছড়ি,জিরুনা ত্রিপুরা,কলস,880,203,547042,328159,9871,209012
298,খাগড়াছড়ি,খাগড়াছড়ি,দীনময় রোয়াজা,ট্রাক,746,203,547042,328159,9871,209012
298,খাগড়াছড়ি,খাগড়াছড়ি,মোঃ নুর ইসলাম,আপেল,678,203,547042,328159,9871,209012
298,খাগড়াছড়ি,খাগড়াছড়ি,মোঃ মোস্তফা,হারিকেন,181,203,547042,328159,9871,209012
299,রাঙ্গামাটি,রাঙ্গামাটি,দীপেন দেওয়ান,ধানের শীষ,199855,213,503907,260598,9416,233893
299,রাঙ্গামাটি,রাঙ্গামাটি,পহেল চাকমা,ফুটবল,30996,213,503907,260598,9416,233893
299,রাঙ্গামাটি,রাঙ্গামাটি,মুহাম্মদ আবু বকর সিদ্দিক,রিক্সা,21776,213,503907,260598,9416,233893
299,রাঙ্গামাটি,রাঙ্গামাটি,মোঃ জসিম উদ্দীন,হাতপাখা,3566,213,503907,260598,9416,233893
299,রাঙ্গামাটি,রাঙ্গামাটি,অশোক তালুকদার,লাঙ্গল,2914,213,503907,260598,9416,233893
299,রাঙ্গামাটি,রাঙ্গামাটি,জুঁই চাকমা,কোদাল,1048,213,503907,260598,9416,233893
299,রাঙ্গামাটি,রাঙ্গামাটি,মোঃ আবুল বাশার (বাদশা),ট্রাক,443,213,503907,260598,9416,233893
300,বান্দারবান,বান্দরবান,সাচিং প্রু,ধানের শীষ,139231,186,310729,171352,5925,133452
300,বান্দারবান,বান্দরবান,আবু সাঈদ মোঃ সূজা উদ্দীন,শাপলা কলি,25124,186,310729,171352,5925,133452
300,বান্দারবান,বান্দরবান,মোঃ আবুল কালাম আজাদ,হাতপাখা,4629,186,310729,171352,5925,133452
300,বান্দারবান,বান্দরবান,আবু জাফর মোহাম্মদ ওয়ালী উল্লাহ,লাঙ্গল,2368,186,310729,171352,5925,133452
