seat,party,ec_votes,our_votes,diff,diff_pct
Bagerhat 1,Amar Bangladesh Party - AB Party,290,291,1,0.3
Bagerhat 1,Bangladesh Jamaat-e-Islami,116180,117527,1347,1.2
Bagerhat 1,Bangladesh Muslim League,238,0,-238,-100.0
Bagerhat 1,Bangladesh Muslim League - BML,165,409,244,147.9
Bagerhat 1,Bangladesh Nationalist Party - BNP,113442,114323,881,0.8
Bagerhat 1,Independent,11529,11750,221,1.9
Bagerhat 1,Jatiya Party,546,571,25,4.6
Bagerhat 2,Bangladesh Jamaat-e-Islami,116370,117709,1339,1.2
Bagerhat 2,Bangladesh Nationalist Party - BNP,65874,66409,535,0.8
Bagerhat 2,Independent,48546,48965,419,0.9
Bagerhat 2,Islamic Andolan Bangladesh,4281,4313,32,0.7
Bagerhat 3,Bangladesh Jamaat-e-Islami,82877,83705,828,1.0
Bagerhat 3,Bangladesh Nationalist Party - BNP,102193,103711,1518,1.5
Bagerhat 3,Independent,415,425,10,2.4
Bagerhat 3,Islamic Andolan Bangladesh,3622,3640,18,0.5
Bagerhat 3,Jatiya Samajtantrik Dal - JSD,344,349,5,1.5
Bagerhat 4,Bangladesh Jamaat-e-Islami,114417,116067,1650,1.4
Bagerhat 4,Bangladesh Nationalist Party - BNP,97536,98326,790,0.8
Bagerhat 4,Independent,214,229,15,7.0
Bagerhat 4,Islamic Andolan Bangladesh,8443,8501,58,0.7
Bagerhat 4,Jatiya Party,1128,1147,19,1.7
Bagerhat 4,Jatiya Samajtantrik Dal - JSD,309,315,6,1.9
Bandarban 1,Bangladesh Nationalist Party - BNP,139231,141455,2224,1.6
Bandarban 1,Islamic Andolan Bangladesh,4629,4718,89,1.9
Bandarban 1,Jatiya Party,2368,2435,67,2.8
Bandarban 1,Jatiyo Nagorik Party - NCP,25124,26162,1038,4.1
Barguna 1,Bangladesh Nationalist Party - BNP,134337,136145,1808,1.3
Barguna 1,Islamic Andolan Bangladesh,138510,140291,1781,1.3
Barguna 1,Khelafat Majlis,5483,6232,749,13.7
Barguna 1,National Party - JP,959,981,22,2.3
Barguna 2,Bangladesh Congress,215,219,4,1.9
Barguna 2,Bangladesh Jamaat-e-Islami,83015,85247,2232,2.7
Barguna 2,Bangladesh Jatiya Party,113,0,-113,-100.0
Barguna 2,Bangladesh Jatiya Party - BJP,0,115,115,0
Barguna 2,Bangladesh Nationalist Party - BNP,89428,90643,1215,1.4
Barguna 2,Independent,285,298,13,4.6
Barguna 2,Islamic Andolan Bangladesh,16252,16463,211,1.3
Barguna 2,Jatiya Party,1215,1248,33,2.7
Barguna 2,Jatiyatabadi Ganotantrik Andolon - NDM,284,294,10,3.5
Barguna 2,National Peoples Party - NPP,89,95,6,6.7
Barishal 1,Bangladesh Jamaat-e-Islami,45140,46263,1123,2.5
Barishal 1,Bangladesh Nationalist Party - BNP,99418,100552,1134,1.1
Barishal 1,Independent,43808,44188,380,0.9
Barishal 1,Islamic Andolan Bangladesh,6760,6846,86,1.3
Barishal 1,National Party - JP,1725,1736,11,0.6
Barishal 2,Bangladesh Jamaat-e-Islami,72171,74082,1911,2.6
Barishal 2,Bangladesh Jatiyo Samajtantrik Dal - Jasod,118,0,-118,-100.0
Barishal 2,Bangladesh Nationalist Party - BNP,140085,141622,1537,1.1
Barishal 2,Gonodhikar Parishad - GOP,681,700,19,2.8
Barishal 2,Islamic Andolan Bangladesh,5920,6021,101,1.7
Barishal 2,Jatiya Party,1173,1199,26,2.2
Barishal 2,Jatiya Samajtantrik Dal - JSD,0,135,135,0
Barishal 2,National Party - JP,2327,2329,2,0.1
Barishal 2,National Peoples Party - NPP,179,185,6,3.4
Barishal 3,Amar Bangladesh Party - AB Party,59485,61192,1707,2.9
Barishal 3,Bangladesh Nationalist Party - BNP,79771,80930,1159,1.5
Barishal 3,Bangladesh Samajtantrik Dal - BASAD,198,214,16,8.1
Barishal 3,Gonodhikar Parishad - GOP,839,860,21,2.5
Barishal 3,Islamic Andolan Bangladesh,16051,16325,274,1.7
Barishal 3,Jatiya Party,14003,14184,181,1.3
Barishal 4,Bangladesh Jamaat-e-Islami,72792,74684,1892,2.6
Barishal 4,Bangladesh Jatiyo Samajtantrik Dal - Jasod,329,0,-329,-100.0
Barishal 4,Bangladesh Nationalist Party - BNP,127192,128322,1130,0.9
Barishal 4,Bangladesh Shanskritik Muktijot (Muktijot),400,413,13,3.2
Barishal 4,Islamic Andolan Bangladesh,36500,36753,253,0.7
Barishal 4,Jatiya Samajtantrik Dal - JSD,0,334,334,0
Barishal 5,Bangladesh Nationalist Party - BNP,133008,135146,2138,1.6
Barishal 5,Bangladesh Samajtantrik Dal (Marxist),291,300,9,3.1
Barishal 5,Bangladesh Samajtantrik Dal - BASAD,21963,22486,523,2.4
Barishal 5,Islamic Andolan Bangladesh,93216,95044,1828,2.0
Barishal 5,Jatiya Party,880,909,29,3.3
Barishal 5,National Peoples Party - NPP,457,494,37,8.1
Barishal 6,Bangladesh Jamaat-e-Islami,54533,55988,1455,2.7
Barishal 6,Bangladesh Muslim League,238,0,-238,-100.0
Barishal 6,Bangladesh Muslim League - BML,0,244,244,0
Barishal 6,Bangladesh Nationalist Party - BNP,81087,82217,1130,1.4
Barishal 6,Gonodhikar Parishad - GOP,137,139,2,1.5
Barishal 6,Independent,344,366,22,6.4
Barishal 6,Islamic Andolan Bangladesh,28823,29146,323,1.1
Bhola 1,Bangladesh Islami Front,0,303,303,0
Bhola 1,Bangladesh Jamaat-e-Islami,73773,75337,1564,2.1
Bhola 1,Bangladesh Jatiya Party - BJP,104462,105543,1081,1.0
Bhola 1,Gonodhikar Parishad - GOP,1103,1103,0,0.0
Bhola 1,Independent,133,134,1,0.8
Bhola 1,Islamic Andolan Bangladesh,25091,25245,154,0.6
Bhola 1,Islamic Front Bangladesh,302,0,-302,-100.0
Bhola 1,Jatiya Party,594,599,5,0.8
Bhola 1,National Peoples Party - NPP,213,217,4,1.9
Bhola 2,Amjanatar Dol,368,370,2,0.5
Bhola 2,Bangladesh Jamaat-e-Islami,91675,93703,2028,2.2
Bhola 2,Bangladesh Nationalist Party - BNP,118131,119085,954,0.8
Bhola 2,Independent,1401,1433,32,2.3
Bhola 2,Jatiya Party,428,450,22,5.1
Bhola 2,Liberal Democratic Party - LDP,330,381,51,15.5
Bhola 3,Bangladesh Development Party,56214,57351,1137,2.0
Bhola 3,Bangladesh Nationalist Party - BNP,145127,145990,863,0.6
Bhola 3,Gonodhikar Parishad - GOP,257,260,3,1.2
Bhola 3,Independent,507,508,1,0.2
Bhola 3,Islamic Andolan Bangladesh,7176,7255,79,1.1
Bhola 3,Jatiya Party,774,789,15,1.9
Bhola 4,Amjanatar Dol,174,176,2,1.1
Bhola 4,Bangladesh Jamaat-e-Islami,79728,81937,2209,2.8
Bhola 4,Bangladesh Nationalist Party - BNP,188390,189351,961,0.5
Bhola 4,Independent,232,235,3,1.3
Bhola 4,Islamic Andolan Bangladesh,24835,24935,100,0.4
Bhola 4,Jatiya Party,534,585,51,9.6
Bhola 4,Jatiyatabadi Ganotantrik Andolon - NDM,207,208,1,0.5
Bogura 1,Bangladesh Congress,593,597,4,0.7
Bogura 1,Bangladesh Jamaat-e-Islami,56933,57959,1026,1.8
Bogura 1,Bangladesh Nationalist Party - BNP,169861,171440,1579,0.9
Bogura 1,Gonoforum,297,298,1,0.3
Bogura 1,Islamic Andolan Bangladesh,1009,1026,17,1.7
Bogura 2,Bangladesh Jamaat-e-Islami,92630,93548,918,1.0
Bogura 2,Bangladesh Nationalist Party - BNP,144339,145137,798,0.6
Bogura 2,Gonodhikar Parishad - GOP,273,274,1,0.4
Bogura 2,Independent,181,183,2,1.1
Bogura 2,Islamic Andolan Bangladesh,904,913,9,1.0
Bogura 2,Jatiya Party,428,434,6,1.4
Bogura 2,Nagorik Oikko,3404,3426,22,0.6
Bogura 3,Bangladesh Jamaat-e-Islami,109676,111026,1350,1.2
Bogura 3,Bangladesh Nationalist Party - BNP,126674,127406,732,0.6
Bogura 3,Islamic Andolan Bangladesh,1771,1789,18,1.0
Bogura 3,Jatiya Party,1475,1495,20,1.4
Bogura 4,Bangladesh Jamaat-e-Islami,108191,108978,787,0.7
Bogura 4,Bangladesh Nationalist Party - BNP,154697,155339,642,0.4
Bogura 4,Islamic Andolan Bangladesh,2938,2954,16,0.5
Bogura 4,Jatiya Party,1100,1107,7,0.6
Bogura 5,Bangladesh Jamaat-e-Islami,142322,143329,1007,0.7
Bogura 5,Bangladesh Nationalist Party - BNP,247816,248841,1025,0.4
Bogura 5,Communist Party of Bangladesh,1774,1782,8,0.5
Bogura 5,Islamic Andolan Bangladesh,5540,5558,18,0.3
Bogura 5,Liberal Democratic Party - LDP,1128,1134,6,0.5
Bogura 6,Bangladesh Jamaat-e-Islami,96564,97626,1062,1.1
Bogura 6,Bangladesh Nationalist Party - BNP,214739,216284,1545,0.7
Bogura 6,Bangladesh Samajtantrik Dal - BASAD,789,795,6,0.8
Bogura 6,Islamic Andolan Bangladesh,2495,2508,13,0.5
Bogura 6,Jatiya Samajtantrik Dal - JSD,268,276,8,3.0
Bogura 7,Bangladesh Jamaat-e-Islami,115184,116665,1481,1.3
Bogura 7,Bangladesh Muslim League,528,0,-528,-100.0
Bogura 7,Bangladesh Muslim League - BML,0,536,536,0
Bogura 7,Bangladesh Nationalist Party - BNP,262501,264212,1711,0.7
Bogura 7,Islamic Andolan Bangladesh,2037,2061,24,1.2
Brahmanbaria 1,Bangladesh Jamaat-e-Islami,23888,24430,542,2.3
Brahmanbaria 1,Bangladesh Nationalist Party - BNP,67783,68092,309,0.5
Brahmanbaria 1,Independent,52841,52992,151,0.3
Brahmanbaria 1,Insaniyat Biplob Bangladesh,138,139,1,0.7
Brahmanbaria 1,Islamic Andolan Bangladesh,894,907,13,1.5
Brahmanbaria 1,Jatiya Party,264,265,1,0.4
Brahmanbaria 2,Amjanatar Dol,180,181,1,0.6
Brahmanbaria 2,Independent,130031,131107,1076,0.8
Brahmanbaria 2,Insaniyat Biplob Bangladesh,1416,1419,3,0.2
Brahmanbaria 2,Islamic Andolan Bangladesh,3798,3851,53,1.4
Brahmanbaria 2,Jamiate Ulama-e-Islam Bangladesh,79927,80434,507,0.6
Brahmanbaria 2,Jatiya Party,157,199,42,26.8
Brahmanbaria 2,Jatiya Samajtantrik Dal - JSD,382,0,-382,-100.0
Brahmanbaria 2,Jatiyo Nagorik Party - NCP,18784,20401,1617,8.6
Brahmanbaria 3,Bangladesh Islami Front,0,1344,1344,0
Brahmanbaria 3,Bangladesh Nationalist Party - BNP,207454,209636,2182,1.1
Brahmanbaria 3,Independent,268,278,10,3.7
Brahmanbaria 3,Insaniyat Biplob Bangladesh,3299,3345,46,1.4
Brahmanbaria 3,Islamic Andolan Bangladesh,6108,6321,213,3.5
Brahmanbaria 3,Islamic Front Bangladesh,1317,0,-1317,-100.0
Brahmanbaria 3,Jatiya Party,3842,3891,49,1.3
Brahmanbaria 3,Jatiyo Nagorik Party - NCP,59567,62547,2980,5.0
Brahmanbaria 4,Bangladesh Jamaat-e-Islami,87326,91796,4470,5.1
Brahmanbaria 4,Bangladesh Nationalist Party - BNP,138124,139842,1718,1.2
Brahmanbaria 4,Gonodhikar Parishad - GOP,100,117,17,17.0
Brahmanbaria 4,Insaniyat Biplob Bangladesh,758,773,15,2.0
Brahmanbaria 4,Islamic Andolan Bangladesh,2209,2277,68,3.1
Brahmanbaria 4,Jatiya Party,2398,2453,55,2.3
Brahmanbaria 4,National Peoples Party - NPP,99,109,10,10.1
Brahmanbaria 5,Bangladesh Khelafat Majlis,57749,0,-57749,-100.0
Brahmanbaria 5,Bangladesh Nationalist Party - BNP,84761,85769,1008,1.2
Brahmanbaria 5,Communist Party of Bangladesh,354,359,5,1.4
Brahmanbaria 5,Gonoshonghoti Andolon,259,266,7,2.7
Brahmanbaria 5,Independent,83995,84708,713,0.8
Brahmanbaria 5,Insaniyat Biplob Bangladesh,256,257,1,0.4
Brahmanbaria 5,Islamic Andolan Bangladesh,20588,20696,108,0.5
Brahmanbaria 5,Jatiya Party,368,372,4,1.1
Brahmanbaria 5,Khelafat Majlis,0,60857,60857,0
Brahmanbaria 6,Bangladesh Islami Front,2305,2353,48,2.1
Brahmanbaria 6,Bangladesh Jamaat-e-Islami,37965,39976,2011,5.3
Brahmanbaria 6,Gonodhikar Parishad - GOP,287,289,2,0.7
Brahmanbaria 6,Gonoshonghoti Andolon,94231,95342,1111,1.2
Brahmanbaria 6,Independent,2544,2592,48,1.9
Brahmanbaria 6,Insaniyat Biplob Bangladesh,139,139,0,0.0
Brahmanbaria 6,Islamic Andolan Bangladesh,8487,8572,85,1.0
Brahmanbaria 6,Jatiya Samajtantrik Dal - JSD,161,167,6,3.7
Brahmanbaria 6,National Peoples Party - NPP,104,106,2,1.9
Chandpur 1,Bangladesh Islami Front,4248,4371,123,2.9
Chandpur 1,Bangladesh Jamaat-e-Islami,66781,70368,3587,5.4
Chandpur 1,Bangladesh Nationalist Party - BNP,131329,133032,1703,1.3
Chandpur 1,Gonodhikar Parishad - GOP,216,217,1,0.5
Chandpur 1,Gonoforum,326,329,3,0.9
Chandpur 1,Jatiya Party,626,652,26,4.2
Chandpur 2,Bangladesh Labour Party,265,283,18,6.8
Chandpur 2,Bangladesh Nationalist Party - BNP,170583,172506,1923,1.1
Chandpur 2,Bangladesh Republican Party - BRP,502,509,7,1.4
Chandpur 2,Gonodhikar Parishad - GOP,306,315,9,2.9
Chandpur 2,Islamic Andolan Bangladesh,12050,12307,257,2.1
Chandpur 2,Jatiya Party,1280,1328,48,3.8
Chandpur 2,Liberal Democratic Party - LDP,54733,57473,2740,5.0
Chandpur 2,Nagorik Oikko,138,143,5,3.6
Chandpur 3,Bangladesh Islami Front,2210,2274,64,2.9
Chandpur 3,Bangladesh Jamaat-e-Islami,96811,100865,4054,4.2
Chandpur 3,Bangladesh Nationalist Party - BNP,163610,165404,1794,1.1
Chandpur 3,Communist Party of Bangladesh,652,676,24,3.7
Chandpur 3,Gonodhikar Parishad - GOP,128,132,4,3.1
Chandpur 3,Gonoforum,296,307,11,3.7
Chandpur 3,Islamic Andolan Bangladesh,14003,14181,178,1.3
Chandpur 4,Bangladesh Islami Front,495,509,14,2.8
Chandpur 4,Bangladesh Jamaat-e-Islami,62273,66692,4419,7.1
Chandpur 4,Bangladesh Nationalist Party - BNP,67833,69155,1322,1.9
Chandpur 4,Gonoforum,235,240,5,2.1
Chandpur 4,Independent,73783,74359,576,0.8
Chandpur 4,Islamic Andolan Bangladesh,5141,5261,120,2.3
Chandpur 4,Jatiya Party,273,277,4,1.5
Chandpur 5,Bangladesh Islami Front,0,13178,13178,0
Chandpur 5,Bangladesh Nationalist Party - BNP,182588,185404,2816,1.5
Chandpur 5,Independent,253,268,15,5.9
Chandpur 5,Insaniyat Biplob Bangladesh,245,256,11,4.5
Chandpur 5,Islamic Andolan Bangladesh,6494,6681,187,2.9
Chandpur 5,Islamic Front Bangladesh,12963,0,-12963,-100.0
Chandpur 5,Jatiya Party,1469,1516,47,3.2
Chandpur 5,Liberal Democratic Party - LDP,71751,75660,3909,5.4
Chapainawabganj 1,Bangladesh Islami Front,418,446,28,6.7
Chapainawabganj 1,Bangladesh Jamaat-e-Islami,203442,206893,3451,1.7
Chapainawabganj 1,Bangladesh Nationalist Party - BNP,161118,162515,1397,0.9
Chapainawabganj 1,Bangladesh Shanskritik Muktijot (Muktijot),546,557,11,2.0
Chapainawabganj 1,Islamic Andolan Bangladesh,1064,1083,19,1.8
Chapainawabganj 1,Jatiya Party,2179,2263,84,3.9
Chapainawabganj 2,Bangladesh Jamaat-e-Islami,168821,171227,2406,1.4
Chapainawabganj 2,Bangladesh Nationalist Party - BNP,154053,155119,1066,0.7
Chapainawabganj 2,Communist Party of Bangladesh,585,626,41,7.0
Chapainawabganj 2,Islamic Andolan Bangladesh,1050,1069,19,1.8
Chapainawabganj 2,Jatiya Party,8051,8175,124,1.5
Chapainawabganj 3,Bangladesh Jamaat-e-Islami,185166,189640,4474,2.4
Chapainawabganj 3,Bangladesh Nationalist Party - BNP,126018,127037,1019,0.8
Chapainawabganj 3,Gonodhikar Parishad - GOP,350,361,11,3.1
Chapainawabganj 3,Islamic Andolan Bangladesh,785,820,35,4.5
Chapainawabganj 3,Jatiya Samajtantrik Dal - JSD,614,637,23,3.7
Chattogram 1,Bangladesh Jamaat-e-Islami,81227,84538,3311,4.1
Chattogram 1,Bangladesh Muslim League - BML,266,269,3,1.1
Chattogram 1,Bangladesh Nationalist Party - BNP,127645,128799,1154,0.9
Chattogram 1,Insaniyat Biplob Bangladesh,758,780,22,2.9
Chattogram 1,Islamic Andolan Bangladesh,2064,2108,44,2.1
Chattogram 1,Jatiya Party,1631,1659,28,1.7
Chattogram 1,Jatiya Samajtantrik Dal - JSD,252,258,6,2.4
Chattogram 10,Bangladesh Islami Front,0,2441,2441,0
Chattogram 10,Bangladesh Jamaat-e-Islami,74707,76919,2212,3.0
Chattogram 10,Bangladesh Labour Party,157,161,4,2.5
Chattogram 10,Bangladesh Nationalist Party - BNP,121391,122978,1587,1.3
Chattogram 10,Bangladesh Samajtantrik Dal (Marxist),300,305,5,1.7
Chattogram 10,Independent,339,357,18,5.3
Chattogram 10,Insaniyat Biplob Bangladesh,952,960,8,0.8
Chattogram 10,Islamic Andolan Bangladesh,3818,3880,62,1.6
Chattogram 10,Islamic Front Bangladesh,2430,0,-2430,-100.0
Chattogram 10,Jatiya Party,1037,1079,42,4.1
Chattogram 11,Bangladesh Islami Front,0,5127,5127,0
Chattogram 11,Bangladesh Jamaat-e-Islami,73632,76681,3049,4.1
Chattogram 11,Bangladesh Nationalist Party - BNP,114995,115999,1004,0.9
Chattogram 11,Bangladesh Samajtantrik Dal (Marxist),216,231,15,6.9
Chattogram 11,Bangladesh Samajtantrik Dal - BASAD,119,120,1,0.8
Chattogram 11,Gonodhikar Parishad - GOP,102,104,2,2.0
Chattogram 11,Gonoforum,298,307,9,3.0
Chattogram 11,Independent,170,178,8,4.7
Chattogram 11,Insaniyat Biplob Bangladesh,204,210,6,2.9
Chattogram 11,Islamic Andolan Bangladesh,2511,2557,46,1.8
Chattogram 11,Islamic Front Bangladesh,5096,0,-5096,-100.0
Chattogram 11,Jatiya Party,974,1004,30,3.1
Chattogram 12,Bangladesh Islami Front,28777,28999,222,0.8
Chattogram 12,Bangladesh Jamaat-e-Islami,20942,21706,764,3.6
Chattogram 12,Bangladesh Nationalist Party - BNP,134080,135044,964,0.7
Chattogram 12,Independent,235,243,8,3.4
Chattogram 12,Insaniyat Biplob Bangladesh,923,929,6,0.7
Chattogram 12,Islamic Andolan Bangladesh,879,901,22,2.5
Chattogram 12,Jatiya Party,725,732,7,1.0
Chattogram 12,Liberal Democratic Party - LDP,102,118,16,15.7
Chattogram 13,Bangladesh Islami Front,51062,51450,388,0.8
Chattogram 13,Bangladesh Jamaat-e-Islami,34035,35030,995,2.9
Chattogram 13,Bangladesh Nationalist Party - BNP,125460,126192,732,0.6
Chattogram 13,Gonodhikar Parishad - GOP,168,168,0,0.0
Chattogram 13,Insaniyat Biplob Bangladesh,189,191,2,1.1
Chattogram 13,Jatiya Party,428,440,12,2.8
Chattogram 13,Jatiyatabadi Ganotantrik Andolon - NDM,204,204,0,0.0
Chattogram 14,Bangladesh Islami Front,22617,22992,375,1.7
Chattogram 14,Bangladesh Nationalist Party - BNP,75779,76493,714,0.9
Chattogram 14,Independent,4749,4795,46,1.0
Chattogram 14,Insaniyat Biplob Bangladesh,149,149,0,0.0
Chattogram 14,Islamic Andolan Bangladesh,1499,1539,40,2.7
Chattogram 14,Jatiya Party,286,293,7,2.4
Chattogram 14,Liberal Democratic Party - LDP,72943,75467,2524,3.5
Chattogram 15,Bangladesh Jamaat-e-Islami,171689,181238,9549,5.6
Chattogram 15,Bangladesh Nationalist Party - BNP,129300,130661,1361,1.1
Chattogram 15,Islamic Andolan Bangladesh,2873,2909,36,1.3
Chattogram 16,Bangladesh Islami Front,0,844,844,0
Chattogram 16,Bangladesh Jamaat-e-Islami,89960,93167,3207,3.6
Chattogram 16,Bangladesh Muslim League,104,0,-104,-100.0
Chattogram 16,Bangladesh Muslim League - BML,0,105,105,0
Chattogram 16,Bangladesh Nationalist Party - BNP,82237,83105,868,1.1
Chattogram 16,Gonodhikar Parishad - GOP,241,243,2,0.8
Chattogram 16,Independent,55071,55492,421,0.8
Chattogram 16,Islamic Andolan Bangladesh,3978,4054,76,1.9
Chattogram 16,Islamic Front Bangladesh,811,0,-811,-100.0
Chattogram 3,Bangladesh Jamaat-e-Islami,37157,39662,2505,6.7
Chattogram 3,Bangladesh Nationalist Party - BNP,72353,73037,684,0.9
Chattogram 3,Independent,292,308,16,5.5
Chattogram 3,Islamic Andolan Bangladesh,5055,5145,90,1.8
Chattogram 5,Bangladesh Islami Front,0,15420,15420,0
Chattogram 5,Bangladesh Khelafat Majlis,44630,0,-44630,-100.0
Chattogram 5,Bangladesh Labour Party,278,396,118,42.4
Chattogram 5,Bangladesh Nationalist Party - BNP,145392,147054,1662,1.1
Chattogram 5,Independent,1091,1129,38,3.5
Chattogram 5,Islamic Andolan Bangladesh,2332,2422,90,3.9
Chattogram 5,Islamic Front Bangladesh,15165,0,-15165,-100.0
Chattogram 5,Khelafat Majlis,0,46589,46589,0
Chattogram 6,Bangladesh Islami Front,26696,27146,450,1.7
Chattogram 6,Bangladesh Jamaat-e-Islami,21013,22118,1105,5.3
Chattogram 6,Bangladesh Nationalist Party - BNP,111201,112237,1036,0.9
Chattogram 6,Gonoshonghoti Andolon,820,829,9,1.1
Chattogram 7,Amar Bangladesh Party - AB Party,156,158,2,1.3
Chattogram 7,Bangladesh Islami Front,29633,30239,606,2.0
Chattogram 7,Bangladesh Jamaat-e-Islami,39485,41719,2234,5.7
Chattogram 7,Bangladesh Nationalist Party - BNP,100242,101445,1203,1.2
Chattogram 7,Communist Party of Bangladesh,419,441,22,5.3
Chattogram 7,Gonodhikar Parishad - GOP,128,129,1,0.8
Chattogram 7,Islamic Andolan Bangladesh,1259,1307,48,3.8
Chattogram 7,Jatiya Party,406,411,5,1.2
Chattogram 8,Bangladesh Islami Front,42117,42585,468,1.1
Chattogram 8,Bangladesh Jamaat-e-Islami,52033,53564,1531,2.9
Chattogram 8,Bangladesh Nationalist Party - BNP,151737,152969,1232,0.8
Chattogram 8,Insaniyat Biplob Bangladesh,870,884,14,1.6
Chattogram 8,Islamic Andolan Bangladesh,1188,1208,20,1.7
Chattogram 8,Jatiyo Nagorik Party - NCP,2906,3349,443,15.2
Chattogram 9,Bangladesh Islami Front,0,4204,4204,0
Chattogram 9,Bangladesh Jamaat-e-Islami,52382,53807,1425,2.7
Chattogram 9,Bangladesh Nationalist Party - BNP,108522,109388,866,0.8
Chattogram 9,Bangladesh Samajtantrik Dal (Marxist),488,494,6,1.2
Chattogram 9,Gonoshonghoti Andolon,1025,1040,15,1.5
Chattogram 9,Insaniyat Biplob Bangladesh,109,112,3,2.8
Chattogram 9,Islamic Andolan Bangladesh,925,941,16,1.7
Chattogram 9,Islamic Front Bangladesh,4168,0,-4168,-100.0
Chattogram 9,Jatiya Samajtantrik Dal - JSD,124,128,4,3.2
Chattogram 9,Jonotar Dol,553,561,8,1.4
Chattogram 9,Nagorik Oikko,95,107,12,12.6
Chuadanga 1,Bangladesh Jamaat-e-Islami,208300,211041,2741,1.3
Chuadanga 1,Bangladesh Nationalist Party - BNP,152382,153193,811,0.5
Chuadanga 1,Islamic Andolan Bangladesh,10033,10122,89,0.9
Chuadanga 2,Bangladesh Jamaat-e-Islami,205422,208011,2589,1.3
Chuadanga 2,Bangladesh Nationalist Party - BNP,162712,163877,1165,0.7
Chuadanga 2,Islamic Andolan Bangladesh,6282,6374,92,1.5
Cox's Bazar 1,Bangladesh Jamaat-e-Islami,125311,129728,4417,3.5
Cox's Bazar 1,Bangladesh Nationalist Party - BNP,219758,222019,2261,1.0
Cox's Bazar 1,Islamic Andolan Bangladesh,4471,4528,57,1.3
Cox's Bazar 2,Bangladesh Jamaat-e-Islami,89817,91889,2072,2.3
Cox's Bazar 2,Bangladesh Nationalist Party - BNP,124660,125543,883,0.7
Cox's Bazar 2,Gonodhikar Parishad - GOP,193,197,4,2.1
Cox's Bazar 2,Islamic Andolan Bangladesh,8751,8799,48,0.5
Cox's Bazar 2,Jatiya Party,749,757,8,1.1
Cox's Bazar 3,Amjanatar Dol,361,367,6,1.7
Cox's Bazar 3,Bangladesh Jamaat-e-Islami,156019,161827,5808,3.7
Cox's Bazar 3,Bangladesh Labour Party,574,602,28,4.9
Cox's Bazar 3,Bangladesh Nationalist Party - BNP,180507,182096,1589,0.9
Cox's Bazar 3,Independent,937,947,10,1.1
Cox's Bazar 3,Islamic Andolan Bangladesh,5088,5149,61,1.2
Cox's Bazar 4,Bangladesh Jamaat-e-Islami,120096,122033,1937,1.6
Cox's Bazar 4,Bangladesh Nationalist Party - BNP,123021,123582,561,0.5
Cox's Bazar 4,Islamic Andolan Bangladesh,4293,4338,45,1.0
Cox's Bazar 4,Jatiyatabadi Ganotantrik Andolon - NDM,372,379,7,1.9
Cumilla 1,Amar Bangladesh Party - AB Party,511,511,0,0.0
Cumilla 1,Bangladesh Jamaat-e-Islami,90499,94845,4346,4.8
Cumilla 1,Bangladesh Jatiyo Samajtantrik Dal - Jasod,144,0,-144,-100.0
Cumilla 1,Bangladesh Nationalist Party - BNP,140305,141440,1135,0.8
Cumilla 1,Bangladesh Republican Party - BRP,403,411,8,2.0
Cumilla 1,Independent,404,406,2,0.5
Cumilla 1,Islamic Andolan Bangladesh,6389,6502,113,1.8
Cumilla 1,Jatiya Party,619,631,12,1.9
Cumilla 1,Jatiya Samajtantrik Dal - JSD,0,144,144,0
Cumilla 10,Amjanatar Dol,361,373,12,3.3
Cumilla 10,Bangladesh Congress,397,400,3,0.8
Cumilla 10,Bangladesh Jamaat-e-Islami,116150,123733,7583,6.5
Cumilla 10,Bangladesh Nationalist Party - BNP,161847,163667,1820,1.1
Cumilla 10,Bangladesh Shanskritik Muktijot (Muktijot),317,322,5,1.6
Cumilla 10,Gonodhikar Parishad - GOP,276,293,17,6.2
Cumilla 10,Islamic Andolan Bangladesh,7762,7959,197,2.5
Cumilla 11,Bangladesh Congress,194,194,0,0.0
Cumilla 11,Bangladesh Jamaat-e-Islami,133308,133308,0,0.0
Cumilla 11,Bangladesh Nationalist Party - BNP,76638,76638,0,0.0
Cumilla 11,Bangladesh Shanskritik Muktijot (Muktijot),186,186,0,0.0
Cumilla 11,Gonofront,98,98,0,0.0
Cumilla 11,Islamic Andolan Bangladesh,2766,2766,0,0.0
Cumilla 11,Jatiya Party,704,704,0,0.0
Cumilla 2,Bangladesh Islami Front,0,767,767,0
Cumilla 2,Bangladesh Jamaat-e-Islami,50136,53384,3248,6.5
Cumilla 2,Bangladesh Nationalist Party - BNP,76268,77037,769,1.0
Cumilla 2,Independent,62385,63045,660,1.1
Cumilla 2,Islamic Andolan Bangladesh,6468,6611,143,2.2
Cumilla 2,Islamic Front Bangladesh,760,0,-760,-100.0
Cumilla 2,Jatiya Party,559,570,11,2.0
Cumilla 3,Amjanatar Dol,243,244,1,0.4
Cumilla 3,Bangladesh Congress,713,717,4,0.6
Cumilla 3,Bangladesh Jamaat-e-Islami,104906,109599,4693,4.5
Cumilla 3,Bangladesh Nationalist Party - BNP,157800,159291,1491,0.9
Cumilla 3,Bangladesh Republican Party - BRP,111,111,0,0.0
Cumilla 3,Gonodhikar Parishad - GOP,218,633,415,190.4
Cumilla 3,Insaniyat Biplob Bangladesh,163,167,4,2.5
Cumilla 3,Islamic Andolan Bangladesh,3505,3593,88,2.5
Cumilla 3,Jatiyatabadi Ganotantrik Andolon - NDM,148,152,4,2.7
Cumilla 4,Gonodhikar Parishad - GOP,49644,49885,241,0.5
Cumilla 4,Insaniyat Biplob Bangladesh,414,427,13,3.1
Cumilla 4,Islamic Andolan Bangladesh,2191,2232,41,1.9
Cumilla 4,Jatiyo Nagorik Party - NCP,160527,166583,6056,3.8
Cumilla 4,Khelafat Majlis,239,248,9,3.8
Cumilla 5,Amar Bangladesh Party - AB Party,2009,2029,20,1.0
Cumilla 5,Bangladesh Jamaat-e-Islami,118198,124587,6389,5.4
Cumilla 5,Bangladesh Muslim League,145,0,-145,-100.0
Cumilla 5,Bangladesh Muslim League - BML,0,147,147,0
Cumilla 5,Bangladesh Nationalist Party - BNP,132538,134485,1947,1.5
Cumilla 5,Communist Party of Bangladesh,334,342,8,2.4
Cumilla 5,Insaniyat Biplob Bangladesh,162,167,5,3.1
Cumilla 5,Islamic Andolan Bangladesh,1451,1505,54,3.7
Cumilla 5,Jatiya Party,672,705,33,4.9
Cumilla 5,Jatiya Samajtantrik Dal - JSD,137,153,16,11.7
Cumilla 5,National Peoples Party - NPP,97,104,7,7.2
Cumilla 6,Bangladesh Islami Front,4604,4648,44,1.0
Cumilla 6,Bangladesh Jamaat-e-Islami,114289,119851,5562,4.9
Cumilla 6,Bangladesh Muslim League - BML,1588,1597,9,0.6
Cumilla 6,Bangladesh Nationalist Party - BNP,199541,201706,2165,1.1
Cumilla 6,Bangladesh Samajtantrik Dal - BASAD,505,515,10,2.0
Cumilla 6,Bangladesh Shanskritik Muktijot (Muktijot),151,153,2,1.3
Cumilla 6,Gonodhikar Parishad - GOP,209,215,6,2.9
Cumilla 6,Islamic Andolan Bangladesh,2414,2476,62,2.6
Cumilla 6,Jatiya Samajtantrik Dal - JSD,446,453,7,1.6
Cumilla 7,Bangladesh Nationalist Party - BNP,47925,48509,584,1.2
Cumilla 7,Bangladesh Shanskritik Muktijot (Muktijot),259,261,2,0.8
Cumilla 7,Independent,90819,91690,871,1.0
Cumilla 7,Islamic Andolan Bangladesh,14080,14277,197,1.4
Cumilla 7,Khelafat Majlis,24597,26319,1722,7.0
Cumilla 8,Bangladesh Jamaat-e-Islami,41345,45091,3746,9.1
Cumilla 8,Bangladesh Nationalist Party - BNP,167431,169178,1747,1.0
Cumilla 8,Bangladesh Republican Party - BRP,161,161,0,0.0
Cumilla 8,Bangladesh Samajtantrik Dal - BASAD,159,160,1,0.6
Cumilla 8,Bangladesh Supreme Party - BSP,3189,3224,35,1.1
Cumilla 8,Islami Oikyajote,272,279,7,2.6
Cumilla 8,Islamic Andolan Bangladesh,2184,2276,92,4.2
Cumilla 8,Jatiya Party,722,727,5,0.7
Cumilla 9,Bangladesh Islami Front,0,3919,3919,0
Cumilla 9,Bangladesh Jamaat-e-Islami,113454,118961,5507,4.9
Cumilla 9,Bangladesh Nationalist Party - BNP,168108,170008,1900,1.1
Cumilla 9,Bangladesh Shanskritik Muktijot (Muktijot),124,124,0,0.0
Cumilla 9,Independent,697,811,114,16.4
Cumilla 9,Islamic Andolan Bangladesh,7459,7626,167,2.2
Cumilla 9,Islamic Front Bangladesh,3875,0,-3875,-100.0
Cumilla 9,Jatiya Party,1199,1216,17,1.4
Dhaka 1,Bangladesh Jamaat-e-Islami,108910,112622,3712,3.4
Dhaka 1,Bangladesh Labour Party,268,271,3,1.1
Dhaka 1,Bangladesh Nationalist Party - BNP,172402,173781,1379,0.8
Dhaka 1,Independent,4824,4880,56,1.2
Dhaka 1,Islamic Andolan Bangladesh,6538,6607,69,1.1
Dhaka 1,Jatiya Party,1345,1362,17,1.3
Dhaka 10,Amar Bangladesh Party - AB Party,1434,0,-1434,-100.0
Dhaka 10,Amjanatar Dol,209,0,-209,-100.0
Dhaka 10,Bangladesh Jamaat-e-Islami,74670,77136,2466,3.3
Dhaka 10,Bangladesh Labour Party,138,0,-138,-100.0
Dhaka 10,Bangladesh Nationalist Party - BNP,79051,80436,1385,1.8
Dhaka 10,Bangladesh Republican Party - BRP,238,0,-238,-100.0
Dhaka 10,Bangladesh Shanskritik Muktijot (Muktijot),198,0,-198,-100.0
Dhaka 10,Islamic Andolan Bangladesh,3407,0,-3407,-100.0
Dhaka 10,Jatiya Party,1529,0,-1529,-100.0
Dhaka 10,Jonotar Dol,1046,0,-1046,-100.0
Dhaka 11,Bangladesh Nationalist Party - BNP,90969,91833,864,0.9
Dhaka 11,Bangladesh Republican Party - BRP,280,283,3,1.1
Dhaka 11,Bangladesh Shanskritik Muktijot (Muktijot),193,196,3,1.6
Dhaka 11,Gonodhikar Parishad - GOP,80,81,1,1.2
Dhaka 11,Gonoforum,129,130,1,0.8
Dhaka 11,Independent,781,794,13,1.7
Dhaka 11,Islamic Andolan Bangladesh,4328,4375,47,1.1
Dhaka 11,Jatiya Party,1018,1048,30,2.9
Dhaka 11,Jatiyo Nagorik Party - NCP,92038,93872,1834,2.0
Dhaka 11,National Peoples Party - NPP,237,241,4,1.7
Dhaka 12,Amjanatar Dol,1001,1044,43,4.3
Dhaka 12,Bangladesh Islami Front,177,184,7,4.0
Dhaka 12,Bangladesh Jamaat-e-Islami,52127,53773,1646,3.2
Dhaka 12,Bangladesh Jatiya Party,44,0,-44,-100.0
Dhaka 12,Bangladesh Jatiya Party - BJP,0,47,47,0
Dhaka 12,Bangladesh Shanskritik Muktijot (Muktijot),109,115,6,5.5
Dhaka 12,Biplabi Workers Party,30640,30963,323,1.1
Dhaka 12,Communist Party of Bangladesh,437,453,16,3.7
Dhaka 12,Gonodhikar Parishad - GOP,84,115,31,36.9
Dhaka 12,Gonoshonghoti Andolon,1463,1511,48,3.3
Dhaka 12,Independent,29590,29869,279,0.9
Dhaka 12,Insaniyat Biplob Bangladesh,128,133,5,3.9
Dhaka 12,Islamic Andolan Bangladesh,2030,2058,28,1.4
Dhaka 12,Jatiya Party,1746,1770,24,1.4
Dhaka 12,Jatiyatabadi Ganotantrik Andolon - NDM,58,58,0,0.0
Dhaka 12,Jonotar Dol,171,175,4,2.3
Dhaka 13,Bangladesh Khelafat Majlis,84001,0,-84001,-100.0
Dhaka 13,Bangladesh Minority Janta Party - BMJP,321,331,10,3.1
Dhaka 13,Bangladesh Muslim League,449,0,-449,-100.0
Dhaka 13,Bangladesh Muslim League - BML,0,464,464,0
Dhaka 13,Bangladesh Nationalist Party - BNP,86804,88387,1583,1.8
Dhaka 13,Bangladesh Samajtantrik Dal - BASAD,460,486,26,5.7
Dhaka 13,Gonodhikar Parishad - GOP,324,336,12,3.7
Dhaka 13,Independent,1658,1683,25,1.5
Dhaka 13,Insaniyat Biplob Bangladesh,487,513,26,5.3
Dhaka 13,Khelafat Majlis,0,86067,86067,0
Dhaka 14,Amar Bangladesh Party - AB Party,136,138,2,1.5
Dhaka 14,Bangladesh Jamaat-e-Islami,98912,101113,2201,2.2
Dhaka 14,Bangladesh Nationalist Party - BNP,82329,83323,994,1.2
Dhaka 14,Bangladesh Republican Party - BRP,80,83,3,3.8
Dhaka 14,Bangladesh Supreme Party - BSP,302,302,0,0.0
Dhaka 14,Communist Party of Bangladesh,360,369,9,2.5
Dhaka 14,Gonoforum,74,79,5,6.8
Dhaka 14,Independent,16253,16328,75,0.5
Dhaka 14,Islamic Andolan Bangladesh,3718,3760,42,1.1
Dhaka 14,Jatiya Party,825,857,32,3.9
Dhaka 14,Jatiya Samajtantrik Dal - JSD,214,219,5,2.3
Dhaka 14,Liberal Democratic Party - LDP,381,385,4,1.0
Dhaka 15,Amjanatar Dol,243,0,-243,-100.0
Dhaka 15,Bangladesh Jamaat-e-Islami,82364,85131,2767,3.4
Dhaka 15,Bangladesh Jatiyo Samajtantrik Dal - Jasod,201,0,-201,-100.0
Dhaka 15,Bangladesh Nationalist Party - BNP,62007,63517,1510,2.4
Dhaka 15,Bangladesh Supreme Party - BSP,318,326,8,2.5
Dhaka 15,Communist Party of Bangladesh,775,1501,726,93.7
Dhaka 15,Jatiya Party,1338,1421,83,6.2
Dhaka 15,Jatiya Samajtantrik Dal - JSD,0,210,210,0
Dhaka 15,Jonotar Dol,347,378,31,8.9
Dhaka 16,Bangladesh Jamaat-e-Islami,87027,88828,1801,2.1
Dhaka 16,Bangladesh Jatiya Party - BJP,133,138,5,3.8
Dhaka 16,Bangladesh Khilafat Andolan,100,102,2,2.0
Dhaka 16,Bangladesh Labour Party,488,494,6,1.2
Dhaka 16,Bangladesh Nationalist Party - BNP,84632,85467,835,1.0
Dhaka 16,Bangladesh Samajtantrik Dal (Marxist),204,209,5,2.5
Dhaka 16,Bangladesh Shanskritik Muktijot (Muktijot),141,142,1,0.7
Dhaka 16,Gonodhikar Parishad - GOP,103,109,6,5.8
Dhaka 16,Islamic Andolan Bangladesh,3632,3679,47,1.3
Dhaka 16,Jatiya Party,1444,1464,20,1.4
Dhaka 16,National Peoples Party - NPP,159,167,8,5.0
Dhaka 17,Bangladesh Congress,130,130,0,0.0
Dhaka 17,Bangladesh Jamaat-e-Islami,65972,68300,2328,3.5
Dhaka 17,Bangladesh Jatiya Party,90,0,-90,-100.0
Dhaka 17,Bangladesh Jatiya Party - BJP,0,92,92,0
Dhaka 17,Bangladesh Labour Party,59,60,1,1.7
Dhaka 17,Bangladesh Nationalist Front - BNF,59,61,2,3.4
Dhaka 17,Bangladesh Nationalist Party - BNP,71443,72699,1256,1.8
Dhaka 17,Independent,260,278,18,6.9
Dhaka 17,Insaniyat Biplob Bangladesh,78,80,2,2.6
Dhaka 17,Islamic Andolan Bangladesh,1740,1768,28,1.6
Dhaka 17,Jatiya Party,1142,1168,26,2.3
Dhaka 17,National Party - JP,1034,1041,7,0.7
Dhaka 18,Bangladesh Islami Front,1634,1647,13,0.8
Dhaka 18,Bangladesh Nationalist Party - BNP,143037,144715,1678,1.2
Dhaka 18,Bangladesh Samajtantrik Dal - BASAD,257,260,3,1.2
Dhaka 18,Independent,3980,4135,155,3.9
Dhaka 18,Islamic Andolan Bangladesh,4650,4727,77,1.7
Dhaka 18,Jatiya Party,2515,2557,42,1.7
Dhaka 18,Jatiyo Nagorik Party - NCP,108711,111297,2586,2.4
Dhaka 18,Nagorik Oikko,303,350,47,15.5
Dhaka 18,National Peoples Party - NPP,296,301,5,1.7
Dhaka 19,Bangladesh Muslim League,211,0,-211,-100.0
Dhaka 19,Bangladesh Muslim League - BML,0,0,0,0
Dhaka 19,Bangladesh Nationalist Party - BNP,191327,190976,-351,-0.2
Dhaka 19,Gonodhikar Parishad - GOP,683,0,-683,-100.0
Dhaka 19,Islamic Andolan Bangladesh,10530,0,-10530,-100.0
Dhaka 19,Jatiya Party,2408,0,-2408,-100.0
Dhaka 19,Jatiyo Nagorik Party - NCP,125153,123283,-1870,-1.5
Dhaka 19,Liberal Democratic Party - LDP,633,0,-633,-100.0
Dhaka 19,National Peoples Party - NPP,640,0,-640,-100.0
Dhaka 2,Bangladesh Jamaat-e-Islami,78655,80053,1398,1.8
Dhaka 2,Bangladesh Nationalist Party - BNP,163020,163793,773,0.5
Dhaka 2,Islamic Andolan Bangladesh,6301,6352,51,0.8
Dhaka 20,Amar Bangladesh Party - AB Party,478,492,14,2.9
Dhaka 20,Bangladesh Jatiyo Samajtantrik Dal - Jasod,198,0,-198,-100.0
Dhaka 20,Bangladesh Nationalist Party - BNP,160428,162504,2076,1.3
Dhaka 20,Jatiya Party,3076,3135,59,1.9
Dhaka 20,Jatiya Samajtantrik Dal - JSD,0,207,207,0
Dhaka 20,Jatiyo Nagorik Party - NCP,56343,57787,1444,2.6
Dhaka 20,Khelafat Majlis,9083,9255,172,1.9
Dhaka 3,Bangladesh Congress,150,155,5,3.3
Dhaka 3,Bangladesh Jamaat-e-Islami,82232,83264,1032,1.3
Dhaka 3,Bangladesh Nationalist Party - BNP,98785,99163,378,0.4
Dhaka 3,Bangladesh Samajtantrik Dal - BASAD,196,196,0,0.0
Dhaka 3,Gonodhikar Parishad - GOP,96,97,1,1.0
Dhaka 3,Gonoforum,174,182,8,4.6
Dhaka 3,Gonoshonghoti Andolon,378,387,9,2.4
Dhaka 3,Independent,310,313,3,1.0
Dhaka 3,Islamic Andolan Bangladesh,6245,6286,41,0.7
Dhaka 3,Jatiya Party,1070,1075,5,0.5
Dhaka 4,Bangladesh Jamaat-e-Islami,75683,77367,1684,2.2
Dhaka 4,Bangladesh Nationalist Party - BNP,73762,74447,685,0.9
Dhaka 4,Bangladesh Samajtantrik Dal - BASAD,179,184,5,2.8
Dhaka 4,Bangladesh Shanskritik Muktijot (Muktijot),128,128,0,0.0
Dhaka 4,Communist Party of Bangladesh,365,367,2,0.5
Dhaka 4,Independent,2782,2867,85,3.1
Dhaka 4,Islamic Andolan Bangladesh,6450,6518,68,1.1
Dhaka 4,Jonotar Dol,189,191,2,1.1
Dhaka 5,Bangladesh Congress,258,262,4,1.6
Dhaka 5,Bangladesh Jamaat-e-Islami,94668,96641,1973,2.1
Dhaka 5,Bangladesh Labour Party,77,81,4,5.2
Dhaka 5,Bangladesh Nationalist Party - BNP,86628,87491,863,1.0
Dhaka 5,Bangladesh Samajtantrik Dal (Marxist),213,221,8,3.8
Dhaka 5,Bangladesh Shanskritik Muktijot (Muktijot),35,35,0,0.0
Dhaka 5,Communist Party of Bangladesh,198,206,8,4.0
Dhaka 5,Gonodhikar Parishad - GOP,90,93,3,3.3
Dhaka 5,Islamic Andolan Bangladesh,14080,14206,126,0.9
Dhaka 5,Jatiya Party,1325,1346,21,1.6
Dhaka 5,Liberal Democratic Party - LDP,779,788,9,1.2
Dhaka 6,Bangladesh Congress,313,319,6,1.9
Dhaka 6,Bangladesh Jamaat-e-Islami,54665,55697,1032,1.9
Dhaka 6,Bangladesh Muslim League,243,0,-243,-100.0
Dhaka 6,Bangladesh Muslim League - BML,0,245,245,0
Dhaka 6,Bangladesh Nationalist Party - BNP,78142,78850,708,0.9
Dhaka 6,Gonodhikar Parishad - GOP,132,138,6,4.5
Dhaka 6,Gonofront,147,152,5,3.4
Dhaka 6,Jatiya Party,1747,1778,31,1.8
Dhaka 7,Bangladesh Jamaat-e-Islami,97268,98483,1215,1.2
Dhaka 7,Bangladesh Jatiya Party,98,0,-98,-100.0
Dhaka 7,Bangladesh Jatiya Party - BJP,0,98,98,0
Dhaka 7,Bangladesh Khilafat Andolan,2764,2783,19,0.7
Dhaka 7,Bangladesh Nationalist Party - BNP,104091,104666,575,0.6
Dhaka 7,Bangladesh Republican Party - BRP,217,218,1,0.5
Dhaka 7,Bangladesh Samajtantrik Dal (Marxist),665,677,12,1.8
Dhaka 7,Bangladesh Shanskritik Muktijot (Muktijot),149,150,1,0.7
Dhaka 7,Independent,11461,11517,56,0.5
Dhaka 7,Islamic Andolan Bangladesh,5044,5081,37,0.7
Dhaka 7,Jatiya Party,2266,2294,28,1.2
Dhaka 7,Jatiya Samajtantrik Dal - JSD,203,208,5,2.5
Dhaka 8,Bangladesh Islami Front,311,326,15,4.8
Dhaka 8,Bangladesh Jatiyo Samajtantrik Dal - Jasod,49,0,-49,-100.0
Dhaka 8,Bangladesh Nationalist Party - BNP,56552,59366,2814,5.0
Dhaka 8,Bangladesh Samajtantrik Dal (Marxist),93,96,3,3.2
Dhaka 8,Bangladesh Shanskritik Muktijot (Muktijot),70,78,8,11.4
Dhaka 8,Communist Party of Bangladesh,688,714,26,3.8
Dhaka 8,Gonodhikar Parishad - GOP,567,608,41,7.2
Dhaka 8,Islamic Andolan Bangladesh,1322,1436,114,8.6
Dhaka 8,Jatiya Party,642,731,89,13.9
Dhaka 8,Jatiya Samajtantrik Dal - JSD,0,56,56,0
Dhaka 8,Jatiyo Nagorik Party - NCP,51572,54127,2555,5.0
Dhaka 8,Jonotar Dol,109,129,20,18.3
Dhaka 9,Bangladesh Muslim League,115,0,-115,-100.0
Dhaka 9,Bangladesh Muslim League - BML,0,118,118,0
Dhaka 9,Bangladesh Nationalist Front - BNF,124,124,0,0.0
Dhaka 9,Bangladesh Nationalist Party - BNP,110111,111212,1101,1.0
Dhaka 9,Bangladesh Samajtantrik Dal (Marxist),93,93,0,0.0
Dhaka 9,Communist Party of Bangladesh,462,462,0,0.0
Dhaka 9,Gonoforum,171,171,0,0.0
Dhaka 9,Independent,43519,44684,1165,2.7
Dhaka 9,Insaniyat Biplob Bangladesh,129,131,2,1.6
Dhaka 9,Islamic Andolan Bangladesh,5760,5827,67,1.2
Dhaka 9,Jatiya Party,1183,1202,19,1.6
Dhaka 9,Jatiyo Nagorik Party - NCP,52374,53460,1086,2.1
Dhaka 9,National Peoples Party - NPP,204,204,0,0.0
Dinajpur 1,Bangladesh Jamaat-e-Islami,116488,117481,993,0.9
Dinajpur 1,Bangladesh Nationalist Party - BNP,178489,179314,825,0.5
Dinajpur 1,Gonodhikar Parishad - GOP,393,395,2,0.5
Dinajpur 1,Islamic Andolan Bangladesh,3074,3095,21,0.7
Dinajpur 1,Jatiya Party,1515,1530,15,1.0
Dinajpur 1,Zaker Party,2262,2280,18,0.8
Dinajpur 2,Bangladesh Jamaat-e-Islami,103693,104887,1194,1.2
Dinajpur 2,Bangladesh Khelafat Majlis,1044,0,-1044,-100.0
Dinajpur 2,Bangladesh Muslim League,453,0,-453,-100.0
Dinajpur 2,Bangladesh Muslim League - BML,0,461,461,0
Dinajpur 2,Bangladesh Nationalist Party - BNP,138878,144317,5439,3.9
Dinajpur 2,Independent,19377,19475,98,0.5
Dinajpur 2,Islamic Andolan Bangladesh,1049,1067,18,1.7
Dinajpur 2,Jatiya Party,4613,4647,34,0.7
Dinajpur 2,Khelafat Majlis,0,1046,1046,0
Dinajpur 3,Bangladesh Jamaat-e-Islami,134618,136239,1621,1.2
Dinajpur 3,Bangladesh Muslim League,205,0,-205,-100.0
Dinajpur 3,Bangladesh Muslim League - BML,0,214,214,0
Dinajpur 3,Bangladesh Nationalist Party - BNP,139207,140608,1401,1.0
Dinajpur 3,Bangladesh Samajtantrik Dal - BASAD,279,283,4,1.4
Dinajpur 3,Communist Party of Bangladesh,685,701,16,2.3
Dinajpur 3,Islamic Andolan Bangladesh,1392,1408,16,1.1
Dinajpur 3,Jatiya Party,3797,3838,41,1.1
Dinajpur 3,Jonotar Dol,329,337,8,2.4
Dinajpur 4,Bangladesh Jamaat-e-Islami,127666,129056,1390,1.1
Dinajpur 4,Bangladesh Nationalist Party - BNP,165577,166717,1140,0.7
Dinajpur 4,Islamic Andolan Bangladesh,1686,1699,13,0.8
Dinajpur 4,Jatiya Party,3105,3152,47,1.5
Dinajpur 5,Bangladesh Nationalist Party - BNP,97727,98544,817,0.8
Dinajpur 5,Independent,121906,122803,897,0.7
Dinajpur 5,Jatiya Party,1472,1503,31,2.1
Dinajpur 5,Jatiyo Nagorik Party - NCP,108948,110195,1247,1.1
Dinajpur 6,Bangladesh Jamaat-e-Islami,188719,190703,1984,1.1
Dinajpur 6,Bangladesh Nationalist Party - BNP,203887,205118,1231,0.6
Dinajpur 6,Bangladesh Samajtantrik Dal - BASAD,447,449,2,0.4
Dinajpur 6,Independent,558,570,12,2.2
Dinajpur 6,Islamic Andolan Bangladesh,1642,1659,17,1.0
Dinajpur 6,Jatiya Party,2669,2689,20,0.7
Faridpur 1,Bangladesh Jamaat-e-Islami,152610,154772,2162,1.4
Faridpur 1,Bangladesh Minority Janta Party - BMJP,769,786,17,2.2
Faridpur 1,Bangladesh Nationalist Party - BNP,125786,126476,690,0.5
Faridpur 1,Independent,36317,37085,768,2.1
Faridpur 1,Jatiya Party,493,506,13,2.6
Faridpur 2,Bangladesh Congress,251,257,6,2.4
Faridpur 2,Bangladesh Khelafat Majlis,87956,0,-87956,-100.0
Faridpur 2,Bangladesh Nationalist Party - BNP,120909,121694,785,0.6
Faridpur 2,Gonodhikar Parishad - GOP,675,675,0,0.0
Faridpur 2,Insaniyat Biplob Bangladesh,609,0,-609,-100.0
Faridpur 2,Islamic Andolan Bangladesh,2335,2368,33,1.4
Faridpur 2,Khelafat Majlis,0,89305,89305,0
Faridpur 3,Bangladesh Jamaat-e-Islami,122449,124115,1666,1.4
Faridpur 3,Bangladesh Nationalist Party - BNP,147846,148545,699,0.5
Faridpur 3,Communist Party of Bangladesh,950,967,17,1.8
Faridpur 3,Independent,1236,1253,17,1.4
Faridpur 3,Islamic Andolan Bangladesh,3970,4022,52,1.3
Faridpur 3,Jatiya Samajtantrik Dal - JSD,251,251,0,0.0
Faridpur 4,Bangladesh Jamaat-e-Islami,73623,75805,2182,3.0
Faridpur 4,Bangladesh Khelafat Majlis,1058,0,-1058,-100.0
Faridpur 4,Bangladesh Nationalist Party - BNP,126532,127443,911,0.7
Faridpur 4,Communist Party of Bangladesh,707,714,7,1.0
Faridpur 4,Independent,57499,57868,369,0.6
Faridpur 4,Islamic Andolan Bangladesh,11393,11498,105,0.9
Faridpur 4,Jatiya Party,541,550,9,1.7
Faridpur 4,Khelafat Majlis,0,1118,1118,0
Feni 1,Bangladesh Congress,205,215,10,4.9
Feni 1,Bangladesh Jamaat-e-Islami,80661,85615,4954,6.1
Feni 1,Bangladesh Khilafat Andolan,298,310,12,4.0
Feni 1,Bangladesh Muslim League,184,0,-184,-100.0
Feni 1,Bangladesh Muslim League - BML,0,188,188,0
Feni 1,Bangladesh Nationalist Party - BNP,117231,119904,2673,2.3
Feni 1,Islamic Andolan Bangladesh,5149,5323,174,3.4
Feni 1,Jatiya Party,905,940,35,3.9
Feni 2,Amar Bangladesh Party - AB Party,75090,80058,4968,6.6
Feni 2,Amjanatar Dol,789,801,12,1.5
Feni 2,Bangladesh Khelafat Majlis,748,0,-748,-100.0
Feni 2,Bangladesh Khilafat Andolan,280,304,24,8.6
Feni 2,Bangladesh Nationalist Party - BNP,128206,131210,3004,2.3
Feni 2,Bangladesh Samajtantrik Dal (Marxist),305,322,17,5.6
Feni 2,Gonodhikar Parishad - GOP,399,409,10,2.5
Feni 2,Independent,698,703,5,0.7
Feni 2,Insaniyat Biplob Bangladesh,234,239,5,2.1
Feni 2,Islamic Andolan Bangladesh,6552,1927,-4625,-70.6
Feni 2,Jatiya Samajtantrik Dal - JSD,235,240,5,2.1
Feni 2,Khelafat Majlis,0,820,820,0
Feni 3,Bangladesh Islami Front,0,531,531,0
Feni 3,Bangladesh Jamaat-e-Islami,100821,108160,7339,7.3
Feni 3,Bangladesh Khilafat Andolan,315,320,5,1.6
Feni 3,Bangladesh Nationalist Party - BNP,154229,157825,3596,2.3
Feni 3,Bangladesh Samajtantrik Dal - BASAD,704,731,27,3.8
Feni 3,Insaniyat Biplob Bangladesh,309,327,18,5.8
Feni 3,Islamic Andolan Bangladesh,6493,6701,208,3.2
Feni 3,Islamic Front Bangladesh,507,0,-507,-100.0
Feni 3,Jatiya Party,1369,1427,58,4.2
Gaibandha 1,Amjanatar Dol,174,141,-33,-19.0
Gaibandha 1,Bangladesh Jamaat-e-Islami,138945,140726,1781,1.3
Gaibandha 1,Bangladesh Nationalist Party - BNP,37851,37997,146,0.4
Gaibandha 1,Bangladesh Samajtantrik Dal (Marxist),394,305,-89,-22.6
Gaibandha 1,Independent,27498,20777,-6721,-24.4
Gaibandha 1,Islamic Andolan Bangladesh,2044,1557,-487,-23.8
Gaibandha 1,Jatiya Party,33927,25523,-8404,-24.8
Gaibandha 2,Bangladesh Jamaat-e-Islami,121073,122630,1557,1.3
Gaibandha 2,Bangladesh Nationalist Party - BNP,92180,92890,710,0.8
Gaibandha 2,Bangladesh Samajtantrik Dal (Marxist),620,620,0,0.0
Gaibandha 2,Communist Party of Bangladesh,2318,2318,0,0.0
Gaibandha 2,Islamic Andolan Bangladesh,2351,2351,0,0.0
Gaibandha 2,Jatiya Party,21143,21143,0,0.0
Gaibandha 2,Jonotar Dol,196,196,0,0.0
Gaibandha 3,Bangladesh Jamaat-e-Islami,160552,162457,1905,1.2
Gaibandha 3,Bangladesh Nationalist Party - BNP,138700,139864,1164,0.8
Gaibandha 3,Communist Party of Bangladesh,515,298,-217,-42.1
Gaibandha 3,Gonodhikar Parishad - GOP,1773,995,-778,-43.9
Gaibandha 3,Independent,3095,853,-2242,-72.4
Gaibandha 3,Insaniyat Biplob Bangladesh,141,49,-92,-65.2
Gaibandha 3,Islamic Andolan Bangladesh,2816,1246,-1570,-55.8
Gaibandha 3,Jatiya Party,1604,904,-700,-43.6
Gaibandha 3,Jonotar Dol,156,71,-85,-54.5
Gaibandha 4,Bangladesh Jamaat-e-Islami,138200,139738,1538,1.1
Gaibandha 4,Bangladesh Nationalist Party - BNP,141712,142772,1060,0.7
Gaibandha 4,Biplabi Workers Party,366,98,-268,-73.2
Gaibandha 4,Independent,1540,777,-763,-49.5
Gaibandha 4,Islamic Andolan Bangladesh,1357,710,-647,-47.7
Gaibandha 4,Jatiya Party,2330,1174,-1156,-49.6
Gaibandha 5,Bangladesh Jamaat-e-Islami,87913,89274,1361,1.5
Gaibandha 5,Bangladesh Nationalist Party - BNP,72741,73483,742,1.0
Gaibandha 5,Bangladesh Samajtantrik Dal (Marxist),246,217,-29,-11.8
Gaibandha 5,Communist Party of Bangladesh,461,434,-27,-5.9
Gaibandha 5,Independent,46326,41766,-4560,-9.8
Gaibandha 5,Islamic Andolan Bangladesh,2190,1839,-351,-16.0
Gaibandha 5,Jatiya Party,3375,3102,-273,-8.1
Gazipur 1,Bangladesh Jamaat-e-Islami,147856,149553,1697,1.1
Gazipur 1,Bangladesh Labour Party,163,168,5,3.1
Gazipur 1,Bangladesh Nationalist Party - BNP,207622,208688,1066,0.5
Gazipur 1,Bangladesh Samajtantrik Dal (Marxist),225,232,7,3.1
Gazipur 1,Gonofront,127,129,2,1.6
Gazipur 1,Independent,6615,6703,88,1.3
Gazipur 1,Islamic Andolan Bangladesh,5668,5696,28,0.5
Gazipur 1,Jatiya Party,3281,3325,44,1.3
Gazipur 2,Bangladesh Nationalist Party - BNP,187558,188606,1048,0.6
Gazipur 2,Bangladesh Samajtantrik Dal (Marxist),246,250,4,1.6
Gazipur 2,Bangladesh Samajtantrik Dal - BASAD,1154,1155,1,0.1
Gazipur 2,Communist Party of Bangladesh,1396,1397,1,0.1
Gazipur 2,Gonodhikar Parishad - GOP,243,245,2,0.8
Gazipur 2,Gonofront,196,200,4,2.0
Gazipur 2,Independent,434,444,10,2.3
Gazipur 2,Insaniyat Biplob Bangladesh,408,417,9,2.2
Gazipur 2,Islamic Andolan Bangladesh,12571,12657,86,0.7
Gazipur 2,Jatiya Party,4097,4125,28,0.7
Gazipur 2,Jatiyo Nagorik Party - NCP,139337,140950,1613,1.2
Gazipur 2,Jonotar Dol,534,537,3,0.6
Gazipur 3,Bangladesh Khelafat Majlis,99354,0,-99354,-100.0
Gazipur 3,Bangladesh Nationalist Party - BNP,161258,162343,1085,0.7
Gazipur 3,Bangladesh Samajtantrik Dal - BASAD,480,484,4,0.8
Gazipur 3,Independent,21843,21963,120,0.5
Gazipur 3,Islami Oikyajote,2295,2332,37,1.6
Gazipur 3,Islamic Andolan Bangladesh,5983,6036,53,0.9
Gazipur 3,Jatiya Party,1955,1995,40,2.0
Gazipur 3,Khelafat Majlis,0,100539,100539,0
Gazipur 4,Amjanatar Dol,273,278,5,1.8
Gazipur 4,Bangladesh Jamaat-e-Islami,99271,101779,2508,2.5
Gazipur 4,Bangladesh Nationalist Party - BNP,89354,90390,1036,1.2
Gazipur 4,Communist Party of Bangladesh,1071,1091,20,1.9
Gazipur 4,Independent,1466,1521,55,3.8
Gazipur 4,Islamic Andolan Bangladesh,2299,2348,49,2.1
Gazipur 4,Jatiya Party,2089,2147,58,2.8
Gazipur 4,National Peoples Party - NPP,126,0,-126,-100.0
Gazipur 5,Bangladesh Islami Front,0,837,837,0
Gazipur 5,Bangladesh Jamaat-e-Islami,76569,78123,1554,2.0
Gazipur 5,Bangladesh Nationalist Party - BNP,133063,133869,806,0.6
Gazipur 5,Gonoforum,220,223,3,1.4
Gazipur 5,Islamic Andolan Bangladesh,4390,4411,21,0.5
Gazipur 5,Islamic Front Bangladesh,832,0,-832,-100.0
Gazipur 5,Jatiya Party,1482,1497,15,1.0
Gazipur 5,Jonotar Dol,6555,6592,37,0.6
Gopalganj 1,Bangladesh Jamaat-e-Islami,33673,34635,962,2.9
Gopalganj 1,Bangladesh Nationalist Party - BNP,68867,69462,595,0.9
Gopalganj 1,Communist Party of Bangladesh,325,349,24,7.4
Gopalganj 1,Gonodhikar Parishad - GOP,53961,54329,368,0.7
Gopalganj 1,Independent,26350,59168,32818,124.5
Gopalganj 1,Islamic Andolan Bangladesh,5796,5870,74,1.3
Gopalganj 1,Jatiya Party,605,621,16,2.6
Gopalganj 2,Bangladesh Khelafat Majlis,28052,0,-28052,-100.0
Gopalganj 2,Bangladesh Nationalist Party - BNP,39617,40048,431,1.1
Gopalganj 2,Gonodhikar Parishad - GOP,301,305,4,1.3
Gopalganj 2,Gonoforum,212,215,3,1.4
Gopalganj 2,Independent,73695,74118,423,0.6
Gopalganj 2,Islamic Andolan Bangladesh,2821,2911,90,3.2
Gopalganj 2,Jatiya Party,385,419,34,8.8
Gopalganj 2,Khelafat Majlis,0,28604,28604,0
Gopalganj 2,Zaker Party,1355,1371,16,1.2
Gopalganj 3,Bangladesh Khelafat Majlis,24767,0,-24767,-100.0
Gopalganj 3,Bangladesh Nationalist Party - BNP,60166,60991,825,1.4
Gopalganj 3,Gonodhikar Parishad - GOP,2571,2600,29,1.1
Gopalganj 3,Gonoforum,252,269,17,6.7
Gopalganj 3,Independent,37911,38144,233,0.6
Gopalganj 3,Islamic Andolan Bangladesh,4654,4717,63,1.4
Gopalganj 3,Khelafat Majlis,0,25153,25153,0
Gopalganj 3,National Peoples Party - NPP,585,591,6,1.0
Habiganj 1,Bangladesh Islami Front,0,5272,5272,0
Habiganj 1,Bangladesh Jatiyo Samajtantrik Dal - Jasod,639,0,-639,-100.0
Habiganj 1,Bangladesh Khelafat Majlis,55245,0,-55245,-100.0
Habiganj 1,Bangladesh Nationalist Party - BNP,111073,111999,926,0.8
Habiganj 1,Independent,34462,34637,175,0.5
Habiganj 1,Islamic Front Bangladesh,5244,0,-5244,-100.0
Habiganj 1,Jatiya Samajtantrik Dal - JSD,0,644,644,0
Habiganj 1,Khelafat Majlis,0,56132,56132,0
Habiganj 2,Bangladesh Nationalist Party - BNP,125971,126583,612,0.5
Habiganj 2,Bangladesh Samajtantrik Dal - BASAD,441,448,7,1.6
Habiganj 2,Independent,1829,1843,14,0.8
Habiganj 2,Jatiya Party,931,941,10,1.1
Habiganj 2,Khelafat Majlis,64851,65762,911,1.4
Habiganj 3,Bangladesh Islami Front,14064,14133,69,0.5
Habiganj 3,Bangladesh Jamaat-e-Islami,44581,45568,987,2.2
Habiganj 3,Bangladesh Nationalist Party - BNP,141521,142348,827,0.6
Habiganj 3,Bangladesh Shanskritik Muktijot (Muktijot),128,132,4,3.1
Habiganj 3,Islamic Andolan Bangladesh,5413,5443,30,0.6
Habiganj 3,Jatiya Party,1246,1259,13,1.0
Habiganj 4,Bangladesh Islami Front,83896,84323,427,0.5
Habiganj 4,Bangladesh Muslim League,531,0,-531,-100.0
Habiganj 4,Bangladesh Muslim League - BML,0,536,536,0
Habiganj 4,Bangladesh Nationalist Party - BNP,186678,188072,1394,0.7
Habiganj 4,Bangladesh Samajtantrik Dal - BASAD,324,329,5,1.5
Habiganj 4,Bangladesh Shanskritik Muktijot (Muktijot),479,484,5,1.0
Habiganj 4,Independent,1258,1271,13,1.0
Habiganj 4,Insaniyat Biplob Bangladesh,481,484,3,0.6
Habiganj 4,Khelafat Majlis,25423,26466,1043,4.1
Jamalpur 1,Bangladesh Jamaat-e-Islami,96783,97820,1037,1.1
Jamalpur 1,Bangladesh Nationalist Party - BNP,172568,173656,1088,0.6
Jamalpur 1,Gonodhikar Parishad - GOP,225,0,-225,-100.0
Jamalpur 1,Islamic Andolan Bangladesh,4090,0,-4090,-100.0
Jamalpur 1,Jatiya Party,914,0,-914,-100.0
Jamalpur 2,Bangladesh Jamaat-e-Islami,61655,62434,779,1.3
Jamalpur 2,Bangladesh Nationalist Party - BNP,95378,95860,482,0.5
Jamalpur 2,Independent,169,174,5,3.0
Jamalpur 2,Islamic Andolan Bangladesh,1698,1713,15,0.9
Jamalpur 3,,11996,0,-11996,-100.0
Jamalpur 3,Bangladesh Jamaat-e-Islami,79607,81430,1823,2.3
Jamalpur 3,Bangladesh Nationalist Party - BNP,206214,207412,1198,0.6
Jamalpur 3,Gonodhikar Parishad - GOP,409,412,3,0.7
Jamalpur 3,Gonoshonghoti Andolon,640,643,3,0.5
Jamalpur 3,Independent,10688,22859,12171,113.9
Jamalpur 3,Islamic Andolan Bangladesh,2507,2546,39,1.6
Jamalpur 3,Jatiya Party,832,844,12,1.4
Jamalpur 4,Bangladesh Jamaat-e-Islami,44161,44947,786,1.8
Jamalpur 4,Bangladesh Nationalist Party - BNP,146546,147406,860,0.6
Jamalpur 4,Communist Party of Bangladesh,1300,1314,14,1.1
Jamalpur 4,Gonodhikar Parishad - GOP,379,383,4,1.1
Jamalpur 4,Islamic Andolan Bangladesh,1287,1302,15,1.2
Jamalpur 4,Nagorik Oikko,375,379,4,1.1
Jamalpur 5,Bangladesh Congress,218,225,7,3.2
Jamalpur 5,Bangladesh Jamaat-e-Islami,111695,113201,1506,1.3
Jamalpur 5,Bangladesh Nationalist Party - BNP,198292,199344,1052,0.5
Jamalpur 5,Communist Party of Bangladesh,540,547,7,1.3
Jamalpur 5,Gonodhikar Parishad - GOP,532,539,7,1.3
Jamalpur 5,Independent,587,0,-587,-100.0
Jamalpur 5,Islamic Andolan Bangladesh,4242,4282,40,0.9
Jamalpur 5,Jatiya Samajtantrik Dal - JSD,569,580,11,1.9
Jamalpur 5,National Party - JP,3732,3739,7,0.2
Jashore 1,Bangladesh Jamaat-e-Islami,117377,119093,1716,1.5
Jashore 1,Bangladesh Nationalist Party - BNP,92995,93542,547,0.6
Jashore 1,Islamic Andolan Bangladesh,1741,1768,27,1.6
Jashore 1,Jatiya Party,1367,1398,31,2.3
Jashore 2,Amar Bangladesh Party - AB Party,410,416,6,1.5
Jashore 2,Bangladesh Jamaat-e-Islami,177472,180965,3493,2.0
Jashore 2,Bangladesh Nationalist Front - BNF,233,233,0,0.0
Jashore 2,Bangladesh Nationalist Party - BNP,145056,146447,1391,1.0
Jashore 2,Bangladesh Samajtantrik Dal - BASAD,454,472,18,4.0
Jashore 2,Independent,550,577,27,4.9
Jashore 2,Islamic Andolan Bangladesh,5695,5781,86,1.5
Jashore 3,Bangladesh Jamaat-e-Islami,184459,187463,3004,1.6
Jashore 3,Bangladesh Nationalist Party - BNP,199647,201339,1692,0.8
Jashore 3,Communist Party of Bangladesh,740,753,13,1.8
Jashore 3,Islamic Andolan Bangladesh,13221,13322,101,0.8
Jashore 3,Jatiya Ganatantrik Party - JAGPA,1763,1772,9,0.5
Jashore 3,Jatiya Party,3356,3404,48,1.4
Jashore 4,Bangladesh Jamaat-e-Islami,174621,176912,2291,1.3
Jashore 4,Bangladesh Minority Janta Party - BMJP,1467,1510,43,2.9
Jashore 4,Bangladesh Nationalist Party - BNP,131049,131917,868,0.7
Jashore 4,Gonodhikar Parishad - GOP,253,257,4,1.6
Jashore 4,Independent,790,797,7,0.9
Jashore 4,Islamic Andolan Bangladesh,11764,11838,74,0.6
Jashore 4,Jatiya Party,1720,1751,31,1.8
Jashore 4,Khelafat Majlis,296,301,5,1.7
Jashore 5,Bangladesh Jamaat-e-Islami,130596,132876,2280,1.7
Jashore 5,Bangladesh Nationalist Party - BNP,54415,54875,460,0.8
Jashore 5,Independent,86354,87148,794,0.9
Jashore 5,Islamic Andolan Bangladesh,4378,4400,22,0.5
Jashore 5,Jatiya Party,2194,2245,51,2.3
Jashore 6,Amar Bangladesh Party - AB Party,657,672,15,2.3
Jashore 6,Bangladesh Jamaat-e-Islami,91018,92234,1216,1.3
Jashore 6,Bangladesh Nationalist Party - BNP,79321,80141,820,1.0
Jashore 6,Islamic Andolan Bangladesh,1275,1285,10,0.8
Jashore 6,Jatiya Party,960,990,30,3.1
Jhalokathi 1,Bangladesh Jamaat-e-Islami,53769,55120,1351,2.5
Jhalokathi 1,Bangladesh Nationalist Party - BNP,61216,62010,794,1.3
Jhalokathi 1,Gonodhikar Parishad - GOP,132,132,0,0.0
Jhalokathi 1,Independent,912,938,26,2.9
Jhalokathi 1,Islamic Andolan Bangladesh,7656,7744,88,1.1
Jhalokathi 1,Jatiya Party,318,321,3,0.9
Jhalokathi 1,Jatiya Samajtantrik Dal - JSD,109,110,1,0.9
Jhalokathi 1,Jonotar Dol,61,63,2,3.3
Jhalokathi 1,National Party - JP,2549,2562,13,0.5
Jhalokathi 2,Bangladesh Jamaat-e-Islami,68924,70556,1632,2.4
Jhalokathi 2,Bangladesh Nationalist Party - BNP,112279,113419,1140,1.0
Jhalokathi 2,Gonodhikar Parishad - GOP,211,212,1,0.5
Jhalokathi 2,Independent,3156,3202,46,1.5
Jhalokathi 2,Islamic Andolan Bangladesh,24249,24543,294,1.2
Jhalokathi 2,Jatiya Samajtantrik Dal - JSD,105,105,0,0.0
Jhalokathi 2,National Peoples Party - NPP,125,127,2,1.6
Jhenaidah 1,Amar Bangladesh Party - AB Party,608,610,2,0.3
Jhenaidah 1,Bangladesh Jamaat-e-Islami,55930,57055,1125,2.0
Jhenaidah 1,Bangladesh Nationalist Party - BNP,171756,173381,1625,0.9
Jhenaidah 1,Bangladesh Samajtantrik Dal (Marxist),303,309,6,2.0
Jhenaidah 1,Jatiya Party,937,969,32,3.4
Jhenaidah 2,Bangladesh Jamaat-e-Islami,192352,195702,3350,1.7
Jhenaidah 2,Bangladesh Nationalist Party - BNP,174296,175984,1688,1.0
Jhenaidah 2,Bangladesh Samajtantrik Dal - BASAD,330,340,10,3.0
Jhenaidah 2,Communist Party of Bangladesh,551,557,6,1.1
Jhenaidah 2,Islamic Andolan Bangladesh,4507,4571,64,1.4
Jhenaidah 2,Jatiya Party,960,994,34,3.5
Jhenaidah 3,Bangladesh Jamaat-e-Islami,173154,175857,2703,1.6
Jhenaidah 3,Bangladesh Nationalist Party - BNP,148626,149821,1195,0.8
Jhenaidah 3,Gonodhikar Parishad - GOP,368,388,20,5.4
Jhenaidah 3,Islamic Andolan Bangladesh,3768,3820,52,1.4
Jhenaidah 4,,76241,0,-76241,-100.0
Jhenaidah 4,Bangladesh Jamaat-e-Islami,104081,105999,1918,1.8
Jhenaidah 4,Bangladesh Nationalist Party - BNP,55773,56224,451,0.8
Jhenaidah 4,Gonoforum,257,267,10,3.9
Jhenaidah 4,Independent,0,77140,77140,0
Jhenaidah 4,Islamic Andolan Bangladesh,3872,3907,35,0.9
Jhenaidah 4,Jatiya Party,592,613,21,3.5
Joypurhat 1,Bangladesh Jamaat-e-Islami,163279,165192,1913,1.2
Joypurhat 1,Bangladesh Nationalist Party - BNP,154320,155309,989,0.6
Joypurhat 1,Bangladesh Samajtantrik Dal (Marxist),616,617,1,0.2
Joypurhat 1,Bangladesh Samajtantrik Dal - BASAD,572,578,6,1.0
Joypurhat 1,Independent,13162,13286,124,0.9
Joypurhat 2,Amar Bangladesh Party - AB Party,1516,1555,39,2.6
Joypurhat 2,Bangladesh Jamaat-e-Islami,91012,92517,1505,1.7
Joypurhat 2,Bangladesh Nationalist Party - BNP,157128,158065,937,0.6
Khagrachhari 1,Bangladesh Jamaat-e-Islami,56509,58545,2036,3.6
Khagrachhari 1,Bangladesh Minority Janta Party - BMJP,990,1030,40,4.0
Khagrachhari 1,Bangladesh Muslim League,181,0,-181,-100.0
Khagrachhari 1,Bangladesh Muslim League - BML,0,184,184,0
Khagrachhari 1,Bangladesh Nationalist Party - BNP,149149,151040,1891,1.3
Khagrachhari 1,Gonodhikar Parishad - GOP,746,755,9,1.2
Khagrachhari 1,Independent,115902,117159,1257,1.1
Khagrachhari 1,Insaniyat Biplob Bangladesh,678,683,5,0.7
Khagrachhari 1,Islamic Andolan Bangladesh,3036,3089,53,1.7
Khagrachhari 1,Jatiya Party,968,1024,56,5.8
Khulna 1,Bangladesh Islami Front,859,169,-690,-80.3
Khulna 1,Bangladesh Jamaat-e-Islami,69658,70346,688,1.0
Khulna 1,Bangladesh Minority Janta Party - BMJP,561,567,6,1.1
Khulna 1,Bangladesh Nationalist Party - BNP,120092,121352,1260,1.0
Khulna 1,Bangladesh Samadhikar Party - BEP,166,169,3,1.8
Khulna 1,Communist Party of Bangladesh,4627,4742,115,2.5
Khulna 1,Gonodhikar Parishad - GOP,83,84,1,1.2
Khulna 1,Independent,1523,1604,81,5.3
Khulna 1,Islamic Andolan Bangladesh,5587,5619,32,0.6
Khulna 1,Jatiya Party,625,630,5,0.8
Khulna 1,Jatiya Samajtantrik Dal - JSD,503,513,10,2.0
Khulna 2,Bangladesh Jamaat-e-Islami,92199,93789,1590,1.7
Khulna 2,Bangladesh Nationalist Party - BNP,87016,88197,1181,1.4
Khulna 2,Islamic Andolan Bangladesh,7215,7298,83,1.2
Khulna 3,Bangladesh Jamaat-e-Islami,63505,66010,2505,3.9
Khulna 3,Bangladesh Nationalist Party - BNP,73570,74845,1275,1.7
Khulna 3,Bangladesh Samajtantrik Dal - BASAD,228,246,18,7.9
Khulna 3,Independent,1050,1019,-31,-3.0
Khulna 3,Islamic Andolan Bangladesh,5622,5705,83,1.5
Khulna 3,Jatiya Party,1022,0,-1022,-100.0
Khulna 3,Jatiyatabadi Ganotantrik Andolon - NDM,137,141,4,2.9
Khulna 4,Bangladesh Nationalist Party - BNP,121623,123162,1539,1.3
Khulna 4,Independent,818,859,41,5.0
Khulna 4,Islamic Andolan Bangladesh,13213,13345,132,1.0
Khulna 4,Khelafat Majlis,108191,109530,1339,1.2
Khulna 5,Bangladesh Jamaat-e-Islami,144314,146246,1932,1.3
Khulna 5,Bangladesh Nationalist Party - BNP,147625,148854,1229,0.8
Khulna 5,Communist Party of Bangladesh,1706,1790,84,4.9
Khulna 5,Jatiya Party,1286,1319,33,2.6
Khulna 6,Bangladesh Jamaat-e-Islami,148956,150724,1768,1.2
Khulna 6,Bangladesh Nationalist Party - BNP,123513,124710,1197,1.0
Khulna 6,Communist Party of Bangladesh,1502,1571,69,4.6
Khulna 6,Islamic Andolan Bangladesh,2928,2950,22,0.8
Khulna 6,Jatiya Party,2672,2717,45,1.7
Kishoreganj 1,Bangladesh Khelafat Majlis,99490,0,-99490,-100.0
Kishoreganj 1,Bangladesh Nationalist Party - BNP,122945,124035,1090,0.9
Kishoreganj 1,Bangladesh Samajtantrik Dal (Marxist),949,960,11,1.2
Kishoreganj 1,Bangladesh Samajtantrik Dal - BASAD,234,234,0,0.0
Kishoreganj 1,Communist Party of Bangladesh,902,925,23,2.5
Kishoreganj 1,Independent,36999,37334,335,0.9
Kishoreganj 1,Khelafat Majlis,623,101816,101193,16242.9
Kishoreganj 1,National Peoples Party - NPP,243,247,4,1.6
Kishoreganj 2,Bangladesh Jamaat-e-Islami,0,120975,120975,0
Kishoreganj 2,Bangladesh Nationalist Front - BNF,221,222,1,0.5
Kishoreganj 2,Bangladesh Nationalist Party - BNP,142616,143669,1053,0.7
Kishoreganj 2,Gonodhikar Parishad - GOP,118352,395,-117957,-99.7
Kishoreganj 2,Independent,1659,1676,17,1.0
Kishoreganj 2,Islamic Andolan Bangladesh,3503,3566,63,1.8
Kishoreganj 2,Jatiya Party,2061,2113,52,2.5
Kishoreganj 3,Bangladesh Jamaat-e-Islami,101276,102476,1200,1.2
Kishoreganj 3,Bangladesh Nationalist Party - BNP,111638,112466,828,0.7
Kishoreganj 3,Ganotantri Party,190,191,1,0.5
Kishoreganj 3,Independent,1473,1487,14,1.0
Kishoreganj 3,Islamic Andolan Bangladesh,10734,10777,43,0.4
Kishoreganj 3,Jatiya Party,1231,1249,18,1.5
Kishoreganj 3,National Peoples Party - NPP,117,118,1,0.9
Kishoreganj 4,Bangladesh Jamaat-e-Islami,56905,57829,924,1.6
Kishoreganj 4,Bangladesh Khelafat Majlis,874,0,-874,-100.0
Kishoreganj 4,Bangladesh Nationalist Party - BNP,131851,132553,702,0.5
Kishoreganj 4,Independent,5433,5509,76,1.4
Kishoreganj 4,Insaniyat Biplob Bangladesh,515,516,1,0.2
Kishoreganj 4,Islamic Andolan Bangladesh,2468,2487,19,0.8
Kishoreganj 4,Khelafat Majlis,0,879,879,0
Kishoreganj 4,National Peoples Party - NPP,105,105,0,0.0
Kishoreganj 5,Bangladesh Islami Front,1305,1313,8,0.6
Kishoreganj 5,Bangladesh Jamaat-e-Islami,53365,54400,1035,1.9
Kishoreganj 5,Bangladesh Muslim League,132,0,-132,-100.0
Kishoreganj 5,Bangladesh Muslim League - BML,0,135,135,0
Kishoreganj 5,Bangladesh Nationalist Party - BNP,66117,66450,333,0.5
Kishoreganj 5,Independent,81078,81501,423,0.5
Kishoreganj 5,Islamic Andolan Bangladesh,2661,2688,27,1.0
Kishoreganj 5,Jatiya Party,290,295,5,1.7
Kishoreganj 6,Bangladesh Islami Front,2152,2172,20,0.9
Kishoreganj 6,Bangladesh Khelafat Majlis,42980,0,-42980,-100.0
Kishoreganj 6,Bangladesh Nationalist Party - BNP,185795,187159,1364,0.7
Kishoreganj 6,Communist Party of Bangladesh,306,312,6,2.0
Kishoreganj 6,Gonoforum,220,220,0,0.0
Kishoreganj 6,Insaniyat Biplob Bangladesh,626,630,4,0.6
Kishoreganj 6,Islamic Andolan Bangladesh,2367,2411,44,1.9
Kishoreganj 6,Jatiya Party,786,806,20,2.5
Kishoreganj 6,Khelafat Majlis,0,44095,44095,0
Kishoreganj 6,National Peoples Party - NPP,182,185,3,1.6
Kurigram 1,Bangladesh Jamaat-e-Islami,139498,141090,1592,1.1
Kurigram 1,Bangladesh Nationalist Party - BNP,122319,123025,706,0.6
Kurigram 1,Gonodhikar Parishad - GOP,226,0,-226,-100.0
Kurigram 1,Islamic Andolan Bangladesh,38670,3377,-35293,-91.3
Kurigram 1,Jatiya Party,50392,2689,-47703,-94.7
Kurigram 1,Zaker Party,2869,0,-2869,-100.0
Kurigram 2,Amar Bangladesh Party - AB Party,900,0,-900,-100.0
Kurigram 2,Bangladesh Jatiya Party,420,0,-420,-100.0
Kurigram 2,Bangladesh Jatiya Party - BJP,0,0,0,0
Kurigram 2,Bangladesh Nationalist Party - BNP,170335,170335,0,0.0
Kurigram 2,Communist Party of Bangladesh,656,0,-656,-100.0
Kurigram 2,Independent,312,0,-312,-100.0
Kurigram 2,Islamic Andolan Bangladesh,24719,0,-24719,-100.0
Kurigram 2,Jatiya Party,13736,0,-13736,-100.0
Kurigram 2,Jatiyo Nagorik Party - NCP,178869,179786,917,0.5
Kurigram 2,Nagorik Oikko,1091,0,-1091,-100.0
Kurigram 3,Bangladesh Jamaat-e-Islami,106933,107930,997,0.9
Kurigram 3,Bangladesh Nationalist Party - BNP,78982,79352,370,0.5
Kurigram 3,Gonodhikar Parishad - GOP,596,0,-596,-100.0
Kurigram 3,Independent,238,0,-238,-100.0
Kurigram 3,Islamic Andolan Bangladesh,33409,33380,-29,-0.1
Kurigram 3,Jatiya Party,2078,0,-2078,-100.0
Kurigram 4,Bangladesh Jamaat-e-Islami,106347,108210,1863,1.8
Kurigram 4,Bangladesh Nationalist Party - BNP,83762,84423,661,0.8
Kurigram 4,Bangladesh Samajtantrik Dal (Marxist),311,0,-311,-100.0
Kurigram 4,Bangladesh Samajtantrik Dal - BASAD,190,0,-190,-100.0
Kurigram 4,Independent,20728,0,-20728,-100.0
Kurigram 4,Islamic Andolan Bangladesh,6190,0,-6190,-100.0
Kurigram 4,Jatiya Party,2149,0,-2149,-100.0
Kushtia 1,Bangladesh Islami Front,235,241,6,2.6
Kushtia 1,Bangladesh Jamaat-e-Islami,85085,86682,1597,1.9
Kushtia 1,Bangladesh Nationalist Party - BNP,165085,165909,824,0.5
Kushtia 1,Gonodhikar Parishad - GOP,609,613,4,0.7
Kushtia 1,Independent,17812,17864,52,0.3
Kushtia 1,Islamic Andolan Bangladesh,4046,4063,17,0.4
Kushtia 1,Jatiya Party,1070,1094,24,2.2
Kushtia 1,Jatiya Samajtantrik Dal - JSD,200,203,3,1.5
Kushtia 2,Bangladesh Islami Front,0,1123,1123,0
Kushtia 2,Bangladesh Jamaat-e-Islami,189793,192083,2290,1.2
Kushtia 2,Bangladesh Nationalist Party - BNP,143085,143821,736,0.5
Kushtia 2,Communist Party of Bangladesh,777,805,28,3.6
Kushtia 2,Islamic Andolan Bangladesh,3845,3887,42,1.1
Kushtia 2,Islamic Front Bangladesh,1100,0,-1100,-100.0
Kushtia 3,Bangladesh Jamaat-e-Islami,180690,182476,1786,1.0
Kushtia 3,Bangladesh Nationalist Party - BNP,126909,127559,650,0.5
Kushtia 3,Bangladesh Republican Party - BRP,456,475,19,4.2
Kushtia 3,Bangladesh Samajtantrik Dal - BASAD,433,442,9,2.1
Kushtia 3,Gonodhikar Parishad - GOP,291,299,8,2.7
Kushtia 3,Islamic Andolan Bangladesh,5118,5153,35,0.7
Kushtia 4,Bangladesh Jamaat-e-Islami,146204,148201,1997,1.4
Kushtia 4,Bangladesh Labour Party,300,308,8,2.7
Kushtia 4,Bangladesh Minority Janta Party - BMJP,647,671,24,3.7
Kushtia 4,Bangladesh Nationalist Party - BNP,138574,139603,1029,0.7
Kushtia 4,Gonoforum,249,255,6,2.4
Kushtia 4,Islamic Andolan Bangladesh,13643,13739,96,0.7
Lakshmipur 1,Bangladesh Nationalist Party - BNP,85457,86811,1354,1.6
Lakshmipur 1,Bangladesh Samajtantrik Dal - BASAD,197,203,6,3.0
Lakshmipur 1,Gonodhikar Parishad - GOP,114,115,1,0.9
Lakshmipur 1,Islamic Andolan Bangladesh,10880,11156,276,2.5
Lakshmipur 1,Jatiya Party,410,414,4,1.0
Lakshmipur 1,Jatiyatabadi Ganotantrik Andolon - NDM,105,106,1,1.0
Lakshmipur 1,Jatiyo Nagorik Party - NCP,56437,59265,2828,5.0
Lakshmipur 2,Bangladesh Jamaat-e-Islami,127949,133698,5749,4.5
Lakshmipur 2,Bangladesh Kallyan Party,285,288,3,1.1
Lakshmipur 2,Bangladesh Nationalist Party - BNP,145124,146321,1197,0.8
Lakshmipur 2,Bangladesh Supreme Party - BSP,1779,1780,1,0.1
Lakshmipur 2,Gonodhikar Parishad - GOP,424,424,0,0.0
Lakshmipur 2,Islamic Andolan Bangladesh,6670,6774,104,1.6
Lakshmipur 2,Nagorik Oikko,249,253,4,1.6
Lakshmipur 3,Bangladesh Jamaat-e-Islami,117779,122802,5023,4.3
Lakshmipur 3,Bangladesh Nationalist Party - BNP,133765,135612,1847,1.4
Lakshmipur 3,Islamic Andolan Bangladesh,4971,5051,80,1.6
Lakshmipur 3,Jatiya Party,1306,1139,-167,-12.8
Lakshmipur 3,Liberal Democratic Party - LDP,483,488,5,1.0
Lakshmipur 3,National Peoples Party - NPP,286,289,3,1.0
Lakshmipur 4,,410,0,-410,-100.0
Lakshmipur 4,Bangladesh Jamaat-e-Islami,71159,73756,2597,3.6
Lakshmipur 4,Bangladesh Nationalist Party - BNP,113725,115199,1474,1.3
Lakshmipur 4,Bangladesh Samajtantrik Dal - BASAD,411,440,29,7.1
Lakshmipur 4,Gonodhikar Parishad - GOP,257,259,2,0.8
Lakshmipur 4,Independent,815,1229,414,50.8
Lakshmipur 4,Islamic Andolan Bangladesh,20795,21103,308,1.5
Lakshmipur 4,Jatiya Samajtantrik Dal - JSD,21922,22040,118,0.5
Lalmonirhat 1,Bangladesh Jamaat-e-Islami,128332,129572,1240,1.0
Lalmonirhat 1,Bangladesh Jatiyo Samajtantrik Dal - Jasod,225,0,-225,-100.0
Lalmonirhat 1,Bangladesh Labour Party,143,143,0,0.0
Lalmonirhat 1,Bangladesh Nationalist Party - BNP,137677,138686,1009,0.7
Lalmonirhat 1,Independent,8884,8954,70,0.8
Lalmonirhat 1,Islamic Andolan Bangladesh,2231,2242,11,0.5
Lalmonirhat 1,Jatiya Party,5121,5158,37,0.7
Lalmonirhat 1,Jatiya Samajtantrik Dal - JSD,0,226,226,0
Lalmonirhat 2,Bangladesh Jamaat-e-Islami,116236,117252,1016,0.9
Lalmonirhat 2,Bangladesh Nationalist Party - BNP,123343,123946,603,0.5
Lalmonirhat 2,Communist Party of Bangladesh,1074,0,-1074,-100.0
Lalmonirhat 2,Independent,3484,0,-3484,-100.0
Lalmonirhat 2,Islamic Andolan Bangladesh,6921,0,-6921,-100.0
Lalmonirhat 2,Jatiya Party,799,0,-799,-100.0
Lalmonirhat 2,Jonotar Dol,19939,0,-19939,-100.0
Lalmonirhat 3,Bangladesh Jamaat-e-Islami,55671,56244,573,1.0
Lalmonirhat 3,Bangladesh Nationalist Party - BNP,138691,139657,966,0.7
Lalmonirhat 3,Communist Party of Bangladesh,861,861,0,0.0
Lalmonirhat 3,Gonoshonghoti Andolon,427,427,0,0.0
Lalmonirhat 3,Islamic Andolan Bangladesh,3268,3283,15,0.5
Lalmonirhat 3,Jatiya Party,2133,2150,17,0.8
Madaripur 1,Bangladesh Khelafat Majlis,63511,0,-63511,-100.0
Madaripur 1,Bangladesh Labour Party,69,69,0,0.0
Madaripur 1,Bangladesh Nationalist Party - BNP,64291,64524,233,0.4
Madaripur 1,Communist Party of Bangladesh,206,208,2,1.0
Madaripur 1,Gonodhikar Parishad - GOP,3023,3026,3,0.1
Madaripur 1,Independent,39709,39870,161,0.4
Madaripur 1,Islamic Andolan Bangladesh,6142,6205,63,1.0
Madaripur 1,Jatiya Party,176,180,4,2.3
Madaripur 1,Khelafat Majlis,0,64909,64909,0
Madaripur 2,Bangladesh Kallyan Party,297,301,4,1.3
Madaripur 2,Bangladesh Khelafat Majlis,34917,0,-34917,-100.0
Madaripur 2,Bangladesh Nationalist Party - BNP,61097,61744,647,1.1
Madaripur 2,Bangladesh Samajtantrik Dal (Marxist),127,128,1,0.8
Madaripur 2,Independent,69209,72616,3407,4.9
Madaripur 2,Islamic Andolan Bangladesh,16663,16865,202,1.2
Madaripur 2,Jatiya Party,628,646,18,2.9
Madaripur 2,Khelafat Majlis,0,36169,36169,0
Madaripur 3,Bangladesh Jamaat-e-Islami,81961,84646,2685,3.3
Madaripur 3,Bangladesh Nationalist Party - BNP,95174,96188,1014,1.1
Madaripur 3,Bangladesh Samajtantrik Dal - BASAD,346,363,17,4.9
Madaripur 3,Bangladesh Supreme Party - BSP,2478,2507,29,1.2
Madaripur 3,Islamic Andolan Bangladesh,12877,13058,181,1.4
Magura 1,Bangladesh Congress,806,821,15,1.9
Magura 1,Bangladesh Jamaat-e-Islami,88036,89691,1655,1.9
Magura 1,Bangladesh Nationalist Party - BNP,183666,185338,1672,0.9
Magura 1,Bangladesh Samajtantrik Dal - BASAD,1185,1237,52,4.4
Magura 1,Gonodhikar Parishad - GOP,286,292,6,2.1
Magura 1,Islamic Andolan Bangladesh,13335,13414,79,0.6
Magura 1,Jatiya Party,1725,1767,42,2.4
Magura 2,Bangladesh Jamaat-e-Islami,114999,117018,2019,1.8
Magura 2,Bangladesh Nationalist Party - BNP,146696,147896,1200,0.8
Magura 2,Islamic Andolan Bangladesh,16118,16223,105,0.7
Magura 2,Jatiya Party,2908,2947,39,1.3
Manikganj 1,Bangladesh Jamaat-e-Islami,69611,71310,1699,2.4
Manikganj 1,Bangladesh Nationalist Party - BNP,136836,137773,937,0.7
Manikganj 1,Gonodhikar Parishad - GOP,1059,1066,7,0.7
Manikganj 1,Independent,84005,84784,779,0.9
Manikganj 1,Islamic Andolan Bangladesh,3215,3247,32,1.0
Manikganj 1,Jonotar Dol,279,283,4,1.4
Manikganj 2,Bangladesh Nationalist Party - BNP,174631,175776,1145,0.7
Manikganj 2,Islamic Andolan Bangladesh,3797,3847,50,1.3
Manikganj 2,Jatiya Party,6989,7081,92,1.3
Manikganj 2,Khelafat Majlis,79831,81531,1700,2.1
Manikganj 3,Bangladesh Jatiyo Samajtantrik Dal - Jasod,3448,0,-3448,-100.0
Manikganj 3,Bangladesh Khelafat Majlis,62886,0,-62886,-100.0
Manikganj 3,Bangladesh Nationalist Party - BNP,166174,167345,1171,0.7
Manikganj 3,Independent,24633,24845,212,0.9
Manikganj 3,Islamic Andolan Bangladesh,2741,2787,46,1.7
Manikganj 3,Jatiya Party,1942,1966,24,1.2
Manikganj 3,Jatiya Samajtantrik Dal - JSD,0,3510,3510,0
Manikganj 3,Khelafat Majlis,0,64242,64242,0
Manikganj 3,National Party - JP,1330,1337,7,0.5
Meherpur 1,Bangladesh Jamaat-e-Islami,121461,123271,1810,1.5
Meherpur 1,Bangladesh Nationalist Party - BNP,104787,105441,654,0.6
Meherpur 1,Communist Party of Bangladesh,781,792,11,1.4
Meherpur 1,Jatiya Party,1390,1429,39,2.8
Meherpur 2,Bangladesh Jamaat-e-Islami,94658,96306,1648,1.7
Meherpur 2,Bangladesh Nationalist Party - BNP,85455,85988,533,0.6
Meherpur 2,Jatiya Party,1791,1791,0,0.0
Moulvibazar 1,,6355,0,-6355,-100.0
Moulvibazar 1,Bangladesh Jamaat-e-Islami,79619,83013,3394,4.3
Moulvibazar 1,Bangladesh Nationalist Party - BNP,97534,98282,748,0.8
Moulvibazar 1,Gonodhikar Parishad - GOP,219,0,-219,-100.0
Moulvibazar 1,Gonofront,173,0,-173,-100.0
Moulvibazar 1,Independent,0,0,0,0
Moulvibazar 1,Jatiya Party,1356,0,-1356,-100.0
Moulvibazar 2,,25272,0,-25272,-100.0
Moulvibazar 2,Bangladesh Jamaat-e-Islami,51153,53458,2305,4.5
Moulvibazar 2,Bangladesh Nationalist Party - BNP,67721,88381,20660,30.5
Moulvibazar 2,Bangladesh Samajtantrik Dal (Marxist),574,0,-574,-100.0
Moulvibazar 2,Independent,15747,0,-15747,-100.0
Moulvibazar 2,Islamic Andolan Bangladesh,502,0,-502,-100.0
Moulvibazar 2,Jatiya Party,481,0,-481,-100.0
Moulvibazar 3,Bangladesh Jamaat-e-Islami,75397,77636,2239,3.0
Moulvibazar 3,Bangladesh Nationalist Party - BNP,155342,156757,1415,0.9
Moulvibazar 3,Communist Party of Bangladesh,1658,0,-1658,-100.0
Moulvibazar 3,Khelafat Majlis,4302,1361,-2941,-68.4
Moulvibazar 4,Bangladesh Khelafat Majlis,49189,0,-49189,-100.0
Moulvibazar 4,Bangladesh Nationalist Party - BNP,169608,170877,1269,0.7
Moulvibazar 4,Bangladesh Samajtantrik Dal - BASAD,979,0,-979,-100.0
Moulvibazar 4,Independent,33911,33911,0,0.0
Moulvibazar 4,Jatiya Party,910,0,-910,-100.0
Moulvibazar 4,Jatiyo Nagorik Party - NCP,4275,71,-4204,-98.3
Moulvibazar 4,Khelafat Majlis,0,50204,50204,0
Munshiganj 1,Bangladesh Jamaat-e-Islami,98192,101568,3376,3.4
Munshiganj 1,Bangladesh Nationalist Party - BNP,165714,167562,1848,1.1
Munshiganj 1,Communist Party of Bangladesh,420,443,23,5.5
Munshiganj 1,Independent,30394,30678,284,0.9
Munshiganj 1,Insaniyat Biplob Bangladesh,312,320,8,2.6
Munshiganj 1,Islamic Andolan Bangladesh,8917,9039,122,1.4
Munshiganj 2,Bangladesh Islami Front,0,651,651,0
Munshiganj 2,Bangladesh Nationalist Party - BNP,119836,121154,1318,1.1
Munshiganj 2,Islamic Andolan Bangladesh,13213,13387,174,1.3
Munshiganj 2,Islamic Front Bangladesh,637,0,-637,-100.0
Munshiganj 2,Jatiya Party,2805,2857,52,1.9
Munshiganj 2,Jatiyo Nagorik Party - NCP,56750,58573,1823,3.2
Munshiganj 3,Bangladesh Khelafat Majlis,51662,0,-51662,-100.0
Munshiganj 3,Bangladesh Labour Party,291,155,-136,-46.7
Munshiganj 3,Bangladesh Nationalist Party - BNP,122666,124691,2025,1.7
Munshiganj 3,Biplabi Workers Party,165,174,9,5.5
Munshiganj 3,Communist Party of Bangladesh,294,304,10,3.4
Munshiganj 3,Independent,88133,88936,803,0.9
Munshiganj 3,Islamic Andolan Bangladesh,6268,6392,124,2.0
Munshiganj 3,Jatiya Party,764,804,40,5.2
Munshiganj 3,Khelafat Majlis,0,54456,54456,0
Mymensingh 1,Bangladesh Khelafat Majlis,52607,0,-52607,-100.0
Mymensingh 1,Bangladesh Labour Party,272,274,2,0.7
Mymensingh 1,Bangladesh Nationalist Party - BNP,101070,101926,856,0.8
Mymensingh 1,Bangladesh Samajtantrik Dal (Marxist),220,224,4,1.8
Mymensingh 1,Communist Party of Bangladesh,169,174,5,3.0
Mymensingh 1,Independent,107241,108265,1024,1.0
Mymensingh 1,Islamic Andolan Bangladesh,3094,3125,31,1.0
Mymensingh 1,Khelafat Majlis,0,53222,53222,0
Mymensingh 10,Bangladesh Jamaat-e-Islami,64183,66063,1880,2.9
Mymensingh 10,Bangladesh Nationalist Party - BNP,74650,75585,935,1.3
Mymensingh 10,Communist Party of Bangladesh,283,299,16,5.7
Mymensingh 10,Gonoshonghoti Andolon,363,364,1,0.3
Mymensingh 10,Independent,66811,67399,588,0.9
Mymensingh 10,Islamic Andolan Bangladesh,2413,2504,91,3.8
Mymensingh 10,Jatiya Party,901,369,-532,-59.0
Mymensingh 10,Liberal Democratic Party - LDP,293,322,29,9.9
Mymensingh 11,Bangladesh Nationalist Party - BNP,110214,111230,1016,0.9
Mymensingh 11,Gonodhikar Parishad - GOP,386,391,5,1.3
Mymensingh 11,Independent,65591,66016,425,0.6
Mymensingh 11,Islamic Andolan Bangladesh,1807,391,-1416,-78.4
Mymensingh 11,Jatiyo Nagorik Party - NCP,21529,22195,666,3.1
Mymensingh 2,Bangladesh Khelafat Majlis,144565,0,-144565,-100.0
Mymensingh 2,Bangladesh Nationalist Party - BNP,117344,118438,1094,0.9
Mymensingh 2,Bangladesh Supreme Party - BSP,1067,1071,4,0.4
Mymensingh 2,Independent,48823,49862,1039,2.1
Mymensingh 2,Islamic Andolan Bangladesh,3796,3857,61,1.6
Mymensingh 2,Jatiya Party,712,725,13,1.8
Mymensingh 2,Khelafat Majlis,0,146202,146202,0
Mymensingh 3,Bangladesh Nationalist Party - BNP,74478,75320,842,1.1
Mymensingh 3,Bangladesh Nezame Islam Party,25233,25706,473,1.9
Mymensingh 3,Bangladesh Samajtantrik Dal (Marxist),334,354,20,6.0
Mymensingh 3,Independent,65513,65995,482,0.7
Mymensingh 3,Islamic Andolan Bangladesh,2688,2745,57,2.1
Mymensingh 4,Bangladesh Jamaat-e-Islami,169580,171880,2300,1.4
Mymensingh 4,Bangladesh Nationalist Party - BNP,177892,179688,1796,1.0
Mymensingh 4,Bangladesh Samajtantrik Dal (Marxist),723,740,17,2.4
Mymensingh 4,Bangladesh Supreme Party - BSP,888,892,4,0.5
Mymensingh 4,Communist Party of Bangladesh,1368,1397,29,2.1
Mymensingh 4,Gonoshonghoti Andolon,458,456,-2,-0.4
Mymensingh 4,Islamic Andolan Bangladesh,8633,8701,68,0.8
Mymensingh 4,Jatiya Party,3770,3845,75,2.0
Mymensingh 4,National Peoples Party - NPP,352,373,21,6.0
Mymensingh 5,Amar Bangladesh Party - AB Party,333,348,15,4.5
Mymensingh 5,Bangladesh Jamaat-e-Islami,100876,102228,1352,1.3
Mymensingh 5,Bangladesh Nationalist Party - BNP,127917,128896,979,0.8
Mymensingh 5,Gonoshonghoti Andolon,598,815,217,36.3
Mymensingh 5,Islamic Andolan Bangladesh,3606,3648,42,1.2
Mymensingh 6,Bangladesh Jamaat-e-Islami,75946,77325,1379,1.8
Mymensingh 6,Bangladesh Nationalist Party - BNP,48994,49476,482,1.0
Mymensingh 6,Independent,103903,105301,1398,1.3
Mymensingh 6,Islamic Andolan Bangladesh,1938,1967,29,1.5
Mymensingh 7,,32995,0,-32995,-100.0
Mymensingh 7,Bangladesh Jamaat-e-Islami,83617,84851,1234,1.5
Mymensingh 7,Bangladesh Nationalist Party - BNP,98221,99049,828,0.8
Mymensingh 7,Independent,1035,34372,33337,3221.0
Mymensingh 7,Islamic Andolan Bangladesh,4023,4058,35,0.9
Mymensingh 7,Jatiya Party,556,579,23,4.1
Mymensingh 8,Bangladesh Nationalist Party - BNP,107577,108685,1108,1.0
Mymensingh 8,Islamic Andolan Bangladesh,32734,33029,295,0.9
Mymensingh 8,Jatiya Party,1719,1761,42,2.4
Mymensingh 8,Liberal Democratic Party - LDP,45791,46515,724,1.6
Mymensingh 9,Bangladesh Development Party,70029,71168,1139,1.6
Mymensingh 9,Bangladesh Nationalist Party - BNP,85039,85761,722,0.8
Mymensingh 9,Gonoforum,243,252,9,3.7
Mymensingh 9,Independent,30328,30509,181,0.6
Mymensingh 9,Islamic Andolan Bangladesh,5516,5596,80,1.5
Mymensingh 9,Jatiya Party,773,798,25,3.2
Naogaon 1,Bangladesh Jamaat-e-Islami,152306,153816,1510,1.0
Naogaon 1,Bangladesh Nationalist Party - BNP,173043,173864,821,0.5
Naogaon 1,Independent,18005,18088,83,0.5
Naogaon 1,Islamic Andolan Bangladesh,9008,9058,50,0.6
Naogaon 1,Jatiya Party,4205,4243,38,0.9
Naogaon 2,Amar Bangladesh Party - AB Party,2550,2680,130,5.1
Naogaon 2,Bangladesh Jamaat-e-Islami,140447,141526,1079,0.8
Naogaon 2,Bangladesh Nationalist Party - BNP,133994,134533,539,0.4
Naogaon 3,Bangladesh Jamaat-e-Islami,117838,119421,1583,1.3
Naogaon 3,Bangladesh Nationalist Front - BNF,190,195,5,2.6
Naogaon 3,Bangladesh Nationalist Party - BNP,165646,166889,1243,0.8
Naogaon 3,Bangladesh Samajtantrik Dal - BASAD,1215,1233,18,1.5
Naogaon 3,Independent,17823,17952,129,0.7
Naogaon 3,Islamic Andolan Bangladesh,3603,3643,40,1.1
Naogaon 3,Jatiya Party,4837,4869,32,0.7
Naogaon 4,Bangladesh Jamaat-e-Islami,96521,97585,1064,1.1
Naogaon 4,Bangladesh Nationalist Party - BNP,133191,133928,737,0.6
Naogaon 4,Communist Party of Bangladesh,2288,2313,25,1.1
Naogaon 4,Independent,704,712,8,1.1
Naogaon 4,Islamic Andolan Bangladesh,596,609,13,2.2
Naogaon 4,Jatiya Party,1310,1327,17,1.3
Naogaon 5,Bangladesh Jamaat-e-Islami,103236,104747,1511,1.5
Naogaon 5,Bangladesh Nationalist Party - BNP,128366,129385,1019,0.8
Naogaon 5,Communist Party of Bangladesh,719,741,22,3.1
Naogaon 5,Islamic Andolan Bangladesh,4046,4101,55,1.4
Naogaon 5,Jatiya Party,2135,2176,41,1.9
Naogaon 6,Bangladesh Jamaat-e-Islami,95886,97629,1743,1.8
Naogaon 6,Bangladesh Nationalist Party - BNP,108070,108866,796,0.7
Naogaon 6,Bangladesh Republican Party - BRP,539,555,16,3.0
Naogaon 6,Independent,19490,19638,148,0.8
Naogaon 6,Islamic Andolan Bangladesh,1802,1833,31,1.7
Narail 1,Bangladesh Jamaat-e-Islami,74087,75225,1138,1.5
Narail 1,Bangladesh Nationalist Party - BNP,99412,99975,563,0.6
Narail 1,Independent,3076,2890,-186,-6.0
Narail 1,Islamic Andolan Bangladesh,6302,6352,50,0.8
Narail 1,Jatiya Party,449,461,12,2.7
Narail 2,Bangladesh Jamaat-e-Islami,116396,118142,1746,1.5
Narail 2,Bangladesh Nationalist Party - BNP,45069,45463,394,0.9
Narail 2,Bangladesh Shanskritik Muktijot (Muktijot),212,220,8,3.8
Narail 2,Gonodhikar Parishad - GOP,334,339,5,1.5
Narail 2,Independent,78096,78676,580,0.7
Narail 2,Islamic Andolan Bangladesh,4690,4729,39,0.8
Narail 2,Jatiya Party,666,688,22,3.3
Narayanganj 1,Bangladesh Jamaat-e-Islami,90289,91690,1401,1.6
Narayanganj 1,Bangladesh Nationalist Party - BNP,155421,158358,2937,1.9
Narayanganj 1,Communist Party of Bangladesh,258,261,3,1.2
Narayanganj 1,Gonodhikar Parishad - GOP,208,219,11,5.3
Narayanganj 1,Independent,456,463,7,1.5
Narayanganj 1,Insaniyat Biplob Bangladesh,202,207,5,2.5
Narayanganj 1,Islamic Andolan Bangladesh,7137,7186,49,0.7
Narayanganj 2,Bangladesh Jamaat-e-Islami,81054,81054,0,0.0
Narayanganj 2,Bangladesh Nationalist Party - BNP,124291,124291,0,0.0
Narayanganj 2,Bangladesh Republican Party - BRP,227,227,0,0.0
Narayanganj 2,Communist Party of Bangladesh,350,350,0,0.0
Narayanganj 2,Gonodhikar Parishad - GOP,142,142,0,0.0
Narayanganj 2,Independent,18744,18744,0,0.0
Narayanganj 2,Islamic Andolan Bangladesh,5265,5265,0,0.0
Narayanganj 3,Amar Bangladesh Party - AB Party,136,137,1,0.7
Narayanganj 3,Bangladesh Jamaat-e-Islami,132480,134918,2438,1.8
Narayanganj 3,Bangladesh Khelafat Majlis,975,0,-975,-100.0
Narayanganj 3,Bangladesh Khilafat Andolan,764,769,5,0.7
Narayanganj 3,Bangladesh Nationalist Party - BNP,154170,155400,1230,0.8
Narayanganj 3,Gonodhikar Parishad - GOP,312,314,2,0.6
Narayanganj 3,Gonoshonghoti Andolon,635,638,3,0.5
Narayanganj 3,Independent,24721,24975,254,1.0
Narayanganj 3,Islamic Andolan Bangladesh,14101,14223,122,0.9
Narayanganj 3,Jonotar Dol,284,285,1,0.4
Narayanganj 3,Khelafat Majlis,0,1193,1193,0
Narayanganj 4,Bangladesh Jatiyo Samajtantrik Dal - Jasod,366,0,-366,-100.0
Narayanganj 4,Bangladesh Khelafat Majlis,713,0,-713,-100.0
Narayanganj 4,Bangladesh Republican Party - BRP,11263,11328,65,0.6
Narayanganj 4,Bangladesh Samajtantrik Dal - BASAD,281,282,1,0.4
Narayanganj 4,Bangladesh Supreme Party - BSP,639,643,4,0.6
Narayanganj 4,Communist Party of Bangladesh,475,479,4,0.8
Narayanganj 4,Gonodhikar Parishad - GOP,98,106,8,8.2
Narayanganj 4,Independent,44108,40360,-3748,-8.5
Narayanganj 4,Islamic Andolan Bangladesh,16639,16746,107,0.6
Narayanganj 4,Jamiate Ulama-e-Islam Bangladesh,80138,80619,481,0.6
Narayanganj 4,Jatiya Party,796,817,21,2.6
Narayanganj 4,Jatiya Samajtantrik Dal - JSD,0,370,370,0
Narayanganj 4,Jatiyo Nagorik Party - NCP,104482,106171,1689,1.6
Narayanganj 4,Khelafat Majlis,0,800,800,0
Narayanganj 5,Bangladesh Islami Front,0,4650,4650,0
Narayanganj 5,Bangladesh Nationalist Party - BNP,114013,114799,786,0.7
Narayanganj 5,Bangladesh Samajtantrik Dal - BASAD,363,370,7,1.9
Narayanganj 5,Bangladesh Shanskritik Muktijot (Muktijot),241,242,1,0.4
Narayanganj 5,Communist Party of Bangladesh,1548,1575,27,1.7
Narayanganj 5,Gonodhikar Parishad - GOP,639,643,4,0.6
Narayanganj 5,Gonoshonghoti Andolon,1006,1023,17,1.7
Narayanganj 5,Independent,33918,34151,233,0.7
Narayanganj 5,Islamic Andolan Bangladesh,7645,7708,63,0.8
Narayanganj 5,Islamic Front Bangladesh,4622,0,-4622,-100.0
Narayanganj 5,Khelafat Majlis,99471,101196,1725,1.7
Narsingdi 1,Bangladesh Islami Front,952,955,3,0.3
Narsingdi 1,Bangladesh Jamaat-e-Islami,93633,95349,1716,1.8
Narsingdi 1,Bangladesh Nationalist Party - BNP,160676,161405,729,0.5
Narsingdi 1,Gonodhikar Parishad - GOP,481,485,4,0.8
Narsingdi 1,Gonoforum,179,179,0,0.0
Narsingdi 1,Insaniyat Biplob Bangladesh,207,207,0,0.0
Narsingdi 1,Islamic Andolan Bangladesh,13369,13547,178,1.3
Narsingdi 1,Jatiya Party,997,1012,15,1.5
Narsingdi 2,Bangladesh Islami Front,0,708,708,0
Narsingdi 2,Bangladesh Jamaat-e-Islami,55168,55920,752,1.4
Narsingdi 2,Bangladesh Nationalist Party - BNP,92352,92739,387,0.4
Narsingdi 2,Insaniyat Biplob Bangladesh,235,235,0,0.0
Narsingdi 2,Islamic Front Bangladesh,705,0,-705,-100.0
Narsingdi 2,Jatiya Party,1272,1285,13,1.0
Narsingdi 2,Jatiyo Nagorik Party - NCP,19236,19540,304,1.6
Narsingdi 3,Bangladesh Jamaat-e-Islami,4482,5066,584,13.0
Narsingdi 3,Bangladesh Khelafat Majlis,24968,0,-24968,-100.0
Narsingdi 3,Bangladesh Nationalist Party - BNP,81415,82061,646,0.8
Narsingdi 3,Independent,45401,45682,281,0.6
Narsingdi 3,Insaniyat Biplob Bangladesh,615,622,7,1.1
Narsingdi 3,Islamic Andolan Bangladesh,6413,6843,430,6.7
Narsingdi 3,Jatiya Party,265,266,1,0.4
Narsingdi 3,Khelafat Majlis,0,25493,25493,0
Narsingdi 3,Zaker Party,1744,1784,40,2.3
Narsingdi 4,Bangladesh Congress,155,163,8,5.2
Narsingdi 4,Bangladesh Jamaat-e-Islami,76445,78744,2299,3.0
Narsingdi 4,Bangladesh Khelafat Majlis,461,0,-461,-100.0
Narsingdi 4,Bangladesh Nationalist Party - BNP,161912,163392,1480,0.9
Narsingdi 4,Communist Party of Bangladesh,817,839,22,2.7
Narsingdi 4,Insaniyat Biplob Bangladesh,1695,1728,33,1.9
Narsingdi 4,Islamic Andolan Bangladesh,7001,7079,78,1.1
Narsingdi 4,Jatiya Party,1137,1172,35,3.1
Narsingdi 4,Jonotar Dol,439,454,15,3.4
Narsingdi 4,Khelafat Majlis,0,464,464,0
Narsingdi 5,Bangladesh Islami Front,2380,2424,44,1.8
Narsingdi 5,Bangladesh Khelafat Majlis,43682,0,-43682,-100.0
Narsingdi 5,Bangladesh Nationalist Party - BNP,136602,137690,1088,0.8
Narsingdi 5,Independent,26643,27555,912,3.4
Narsingdi 5,Insaniyat Biplob Bangladesh,1067,1076,9,0.8
Narsingdi 5,Islamic Andolan Bangladesh,32582,33109,527,1.6
Narsingdi 5,Jatiya Party,494,500,6,1.2
Narsingdi 5,Khelafat Majlis,0,44981,44981,0
Natore 1,Bangladesh Jamaat-e-Islami,89431,90568,1137,1.3
Natore 1,Bangladesh Nationalist Party - BNP,102197,102726,529,0.5
Natore 1,Biplabi Workers Party,275,276,1,0.4
Natore 1,Gonodhikar Parishad - GOP,298,298,0,0.0
Natore 1,Gonoshonghoti Andolon,279,281,2,0.7
Natore 1,Independent,73078,73368,290,0.4
Natore 1,Islamic Andolan Bangladesh,1253,1269,16,1.3
Natore 1,Jatiya Party,542,552,10,1.8
Natore 2,Bangladesh Jamaat-e-Islami,128710,130066,1356,1.1
Natore 2,Bangladesh Nationalist Party - BNP,161896,162841,945,0.6
Natore 2,Gonoshonghoti Andolon,457,464,7,1.5
Natore 2,Independent,606,621,15,2.5
Natore 2,Islamic Andolan Bangladesh,2726,2757,31,1.1
Natore 2,Jatiya Party,2560,2587,27,1.1
Natore 3,Bangladesh Nationalist Party - BNP,119170,119768,598,0.5
Natore 3,Independent,66557,66864,307,0.5
Natore 3,Islamic Andolan Bangladesh,19019,19105,86,0.5
Natore 3,Jatiya Party,2095,2119,24,1.1
Natore 3,Jatiyo Nagorik Party - NCP,20267,20707,440,2.2
Natore 4,Amar Bangladesh Party - AB Party,254,259,5,2.0
Natore 4,Bangladesh Jamaat-e-Islami,134189,135386,1197,0.9
Natore 4,Bangladesh Nationalist Party - BNP,169847,170551,704,0.4
Natore 4,Islamic Andolan Bangladesh,3818,3845,27,0.7
Natore 4,Jatiya Party,2770,2799,29,1.0
Netrakona 1,Bangladesh Khelafat Majlis,86672,0,-86672,-100.0
Netrakona 1,Bangladesh Nationalist Party - BNP,156924,158434,1510,1.0
Netrakona 1,Communist Party of Bangladesh,4358,4429,71,1.6
Netrakona 1,Islamic Andolan Bangladesh,2201,2220,19,0.9
Netrakona 1,Jatiya Party,1007,1023,16,1.6
Netrakona 1,Jatiya Samajtantrik Dal - JSD,334,335,1,0.3
Netrakona 1,Khelafat Majlis,0,87488,87488,0
Netrakona 2,Bangladesh Khilafat Andolan,2000,2020,20,1.0
Netrakona 2,Bangladesh Nationalist Party - BNP,169140,171399,2259,1.3
Netrakona 2,Islamic Andolan Bangladesh,15055,30440,15385,102.2
Netrakona 2,Jatiya Party,4733,4845,112,2.4
Netrakona 2,Jatiyo Nagorik Party - NCP,66347,67367,1020,1.5
Netrakona 3,Bangladesh Islami Front,0,358,358,0
Netrakona 3,Bangladesh Jamaat-e-Islami,40650,41556,906,2.2
Netrakona 3,Bangladesh Nationalist Party - BNP,117318,118469,1151,1.0
Netrakona 3,Independent,68137,68961,824,1.2
Netrakona 3,Islamic Andolan Bangladesh,2720,2760,40,1.5
Netrakona 3,Islamic Front Bangladesh,348,0,-348,-100.0
Netrakona 3,Jatiya Party,550,574,24,4.4
Netrakona 4,Bangladesh Jamaat-e-Islami,39343,39840,497,1.3
Netrakona 4,Bangladesh Nationalist Party - BNP,159167,160801,1634,1.0
Netrakona 4,Biplabi Workers Party,270,282,12,4.4
Netrakona 4,Communist Party of Bangladesh,3302,3359,57,1.7
Netrakona 4,Islamic Andolan Bangladesh,2013,2025,12,0.6
Netrakona 5,Bangladesh Jamaat-e-Islami,81252,82177,925,1.1
Netrakona 5,Bangladesh Nationalist Party - BNP,78679,79412,733,0.9
Netrakona 5,Islamic Andolan Bangladesh,3302,8341,5039,152.6
Nilphamari 1,Bangladesh Jamaat-e-Islami,149214,150824,1610,1.1
Nilphamari 1,Bangladesh National Awami Party - Bangladesh NAP,4435,4477,42,0.9
Nilphamari 1,Bangladesh Nationalist Front - BNF,208,210,2,1.0
Nilphamari 1,Bangladesh Samajtantrik Dal (Marxist),304,312,8,2.6
Nilphamari 1,Islamic Andolan Bangladesh,1854,1871,17,0.9
Nilphamari 1,Jamiate Ulama-e-Islam Bangladesh,118160,119059,899,0.8
Nilphamari 1,Jatiya Party,12105,12276,171,1.4
Nilphamari 1,National Party - JP,4499,4501,2,0.0
Nilphamari 2,Bangladesh Jamaat-e-Islami,145202,146430,1228,0.8
Nilphamari 2,Bangladesh Nationalist Front - BNF,189,193,4,2.1
Nilphamari 2,Bangladesh Nationalist Party - BNP,134579,135418,839,0.6
Nilphamari 2,Independent,293,307,14,4.8
Nilphamari 2,Islamic Andolan Bangladesh,3236,3260,24,0.7
Nilphamari 2,Khelafat Majlis,346,351,5,1.4
Nilphamari 3,Bangladesh Jamaat-e-Islami,108560,109686,1126,1.0
Nilphamari 3,Bangladesh Nationalist Party - BNP,89102,89807,705,0.8
Nilphamari 3,Islamic Andolan Bangladesh,985,990,5,0.5
Nilphamari 3,Jatiya Party,3362,3391,29,0.9
Nilphamari 4,Bangladesh Jamaat-e-Islami,124865,126222,1357,1.1
Nilphamari 4,Bangladesh Jatiya Party,95,0,-95,-100.0
Nilphamari 4,Bangladesh Jatiya Party - BJP,0,97,97,0
Nilphamari 4,Bangladesh Nationalist Party - BNP,81526,82086,560,0.7
Nilphamari 4,Bangladesh Samajtantrik Dal (Marxist),628,630,2,0.3
Nilphamari 4,Independent,5207,5270,63,1.2
Nilphamari 4,Islamic Andolan Bangladesh,8312,8335,23,0.3
Nilphamari 4,Jatiya Party,67246,67757,511,0.8
Noakhali 1,Bangladesh Congress,268,274,6,2.2
Noakhali 1,Bangladesh Jamaat-e-Islami,91941,98036,6095,6.6
Noakhali 1,Bangladesh Nationalist Party - BNP,124270,126833,2563,2.1
Noakhali 1,Insaniyat Biplob Bangladesh,187,188,1,0.5
Noakhali 1,Islamic Andolan Bangladesh,18924,19289,365,1.9
Noakhali 1,Jatiya Party,1046,1075,29,2.8
Noakhali 1,Jatiya Samajtantrik Dal - JSD,459,482,23,5.0
Noakhali 2,,44243,0,-44243,-100.0
Noakhali 2,Bangladesh Nationalist Party - BNP,82634,83982,1348,1.6
Noakhali 2,Independent,0,44712,44712,0
Noakhali 2,Islamic Andolan Bangladesh,6030,6217,187,3.1
Noakhali 2,Jatiya Party,551,557,6,1.1
Noakhali 2,Jatiyo Nagorik Party - NCP,63369,67054,3685,5.8
Noakhali 3,Bangladesh Jamaat-e-Islami,117824,123941,6117,5.2
Noakhali 3,Bangladesh Nationalist Party - BNP,138937,141031,2094,1.5
Noakhali 3,Independent,779,794,15,1.9
Noakhali 3,Islamic Andolan Bangladesh,9670,9861,191,2.0
Noakhali 3,Jatiya Samajtantrik Dal - JSD,738,747,9,1.2
Noakhali 3,Khelafat Majlis,783,800,17,2.2
Noakhali 4,Bangladesh Jamaat-e-Islami,144074,148989,4915,3.4
Noakhali 4,Bangladesh Nationalist Party - BNP,216907,219182,2275,1.0
Noakhali 4,Bangladesh Samajtantrik Dal (Marxist),879,917,38,4.3
Noakhali 4,Gonodhikar Parishad - GOP,529,542,13,2.5
Noakhali 4,Insaniyat Biplob Bangladesh,488,493,5,1.0
Noakhali 4,Islamic Andolan Bangladesh,14648,14783,135,0.9
Noakhali 4,Jatiya Party,2271,2344,73,3.2
Noakhali 5,Bangladesh Islami Front,0,277,277,0
Noakhali 5,Bangladesh Jamaat-e-Islami,114710,120453,5743,5.0
Noakhali 5,Bangladesh Nationalist Party - BNP,145876,147808,1932,1.3
Noakhali 5,Bangladesh Republican Party - BRP,141,141,0,0.0
Noakhali 5,Bangladesh Samajtantrik Dal (Marxist),167,173,6,3.6
Noakhali 5,Independent,940,947,7,0.7
Noakhali 5,Insaniyat Biplob Bangladesh,161,162,1,0.6
Noakhali 5,Islamic Andolan Bangladesh,6106,6224,118,1.9
Noakhali 5,Islamic Front Bangladesh,273,0,-273,-100.0
Noakhali 5,Jatiya Party,1666,1684,18,1.1
Noakhali 5,Jatiya Samajtantrik Dal - JSD,293,298,5,1.7
Noakhali 5,Jonotar Dol,4507,4855,348,7.7
Noakhali 6,Bangladesh Nationalist Party - BNP,63372,64021,649,1.0
Noakhali 6,Bangladesh Supreme Party - BSP,504,505,1,0.2
Noakhali 6,Gonodhikar Parishad - GOP,191,191,0,0.0
Noakhali 6,Independent,8394,8547,153,1.8
Noakhali 6,Islamic Andolan Bangladesh,2179,2197,18,0.8
Noakhali 6,Jatiya Party,271,280,9,3.3
Noakhali 6,Jatiya Samajtantrik Dal - JSD,1237,1239,2,0.2
Noakhali 6,Jatiyo Nagorik Party - NCP,90118,91899,1781,2.0
Noakhali 6,Liberal Democratic Party - LDP,85,86,1,1.2
Pabna 1,Bangladesh Jamaat-e-Islami,128467,129974,1507,1.2
Pabna 1,Bangladesh Nationalist Party - BNP,103663,104245,582,0.6
Pabna 1,Independent,1027,1033,6,0.6
Pabna 1,Islamic Andolan Bangladesh,1100,1114,14,1.3
Pabna 2,Bangladesh Jamaat-e-Islami,75693,77242,1549,2.0
Pabna 2,Bangladesh Nationalist Party - BNP,213840,215406,1566,0.7
Pabna 2,Gonoforum,323,333,10,3.1
Pabna 2,Islamic Andolan Bangladesh,5827,5884,57,1.0
Pabna 2,Jatiya Party,2224,2260,36,1.6
Pabna 3,Bangladesh Jamaat-e-Islami,145837,147475,1638,1.1
Pabna 3,Bangladesh Nationalist Party - BNP,143540,144206,666,0.5
Pabna 3,Bangladesh Supreme Party - BSP,1420,1420,0,0.0
Pabna 3,Gonodhikar Parishad - GOP,982,986,4,0.4
Pabna 3,Gonoforum,172,173,1,0.6
Pabna 3,Independent,37852,38027,175,0.5
Pabna 3,Islamic Andolan Bangladesh,1758,1769,11,0.6
Pabna 3,Jatiya Party,1057,1072,15,1.4
Pabna 4,Bangladesh Jamaat-e-Islami,136287,137675,1388,1.0
Pabna 4,Bangladesh Nationalist Party - BNP,133273,133878,605,0.5
Pabna 4,Communist Party of Bangladesh,456,459,3,0.7
Pabna 4,Independent,27914,27970,56,0.2
Pabna 4,Islamic Andolan Bangladesh,2672,2688,16,0.6
Pabna 4,Jatiya Party,932,955,23,2.5
Pabna 4,Nagorik Oikko,175,182,7,4.0
Pabna 5,Amar Bangladesh Party - AB Party,432,442,10,2.3
Pabna 5,Bangladesh Jamaat-e-Islami,163186,164994,1808,1.1
Pabna 5,Bangladesh Nationalist Party - BNP,181169,181925,756,0.4
Pabna 5,Islamic Andolan Bangladesh,4244,4268,24,0.6
Panchagarh 1,Bangladesh Jatiyo Samajtantrik Dal - Jasod,2920,0,-2920,-100.0
Panchagarh 1,Bangladesh Labour Party,678,683,5,0.7
Panchagarh 1,Bangladesh Nationalist Front - BNF,259,261,2,0.8
Panchagarh 1,Bangladesh Nationalist Party - BNP,174430,176169,1739,1.0
Panchagarh 1,Bangladesh Supreme Party - BSP,1017,1018,1,0.1
Panchagarh 1,Gonodhikar Parishad - GOP,826,836,10,1.2
Panchagarh 1,Jatiya Samajtantrik Dal - JSD,0,3009,3009,0
Panchagarh 1,Jatiyo Nagorik Party - NCP,166126,168049,1923,1.2
Panchagarh 2,Bangladesh Jamaat-e-Islami,127608,128862,1254,1.0
Panchagarh 2,Bangladesh Jatiyo Samajtantrik Dal - Jasod,941,0,-941,-100.0
Panchagarh 2,Bangladesh Nationalist Party - BNP,173686,174650,964,0.6
Panchagarh 2,Bangladesh Supreme Party - BSP,1351,1352,1,0.1
Panchagarh 2,Communist Party of Bangladesh,920,935,15,1.6
Panchagarh 2,Independent,1821,1854,33,1.8
Panchagarh 2,Islamic Andolan Bangladesh,4358,4391,33,0.8
Panchagarh 2,Jatiya Party,2126,2152,26,1.2
Panchagarh 2,Jatiya Samajtantrik Dal - JSD,0,953,953,0
Patuakhali 1,Amar Bangladesh Party - AB Party,45167,46310,1143,2.5
Patuakhali 1,Bangladesh Jatiyo Samajtantrik Dal - Jasod,1313,0,-1313,-100.0
Patuakhali 1,Bangladesh Nationalist Party - BNP,150395,152087,1692,1.1
Patuakhali 1,Gonodhikar Parishad - GOP,340,347,7,2.1
Patuakhali 1,Islamic Andolan Bangladesh,57655,58161,506,0.9
Patuakhali 1,Jatiya Party,1036,1055,19,1.8
Patuakhali 1,Jatiya Samajtantrik Dal - JSD,0,1334,1334,0
Patuakhali 2,Amar Bangladesh Party - AB Party,405,410,5,1.2
Patuakhali 2,Bangladesh Jamaat-e-Islami,99438,100750,1312,1.3
Patuakhali 2,Bangladesh Nationalist Party - BNP,72191,72676,485,0.7
Patuakhali 2,Gonodhikar Parishad - GOP,348,353,5,1.4
Patuakhali 2,Islamic Andolan Bangladesh,14337,14418,81,0.6
Patuakhali 3,Bangladesh Jamaat-e-Islami,15773,16255,482,3.1
Patuakhali 3,Gonodhikar Parishad - GOP,96766,97323,557,0.6
Patuakhali 3,Independent,81553,82339,786,1.0
Patuakhali 3,Islamic Andolan Bangladesh,38051,38188,137,0.4
Patuakhali 4,Bangladesh Nationalist Party - BNP,123334,124013,679,0.6
Patuakhali 4,Gonodhikar Parishad - GOP,194,202,8,4.1
Patuakhali 4,Islamic Andolan Bangladesh,69777,70127,350,0.5
Patuakhali 4,Khelafat Majlis,14625,14985,360,2.5
Pirojpur 1,Bangladesh Jamaat-e-Islami,130624,132659,2035,1.6
Pirojpur 1,Bangladesh Nationalist Party - BNP,106112,107105,993,0.9
Pirojpur 2,Amar Bangladesh Party - AB Party,388,390,2,0.5
Pirojpur 2,Bangladesh Jamaat-e-Islami,95173,96897,1724,1.8
Pirojpur 2,Bangladesh Nationalist Party - BNP,104413,105185,772,0.7
Pirojpur 2,Gonodhikar Parishad - GOP,143,145,2,1.4
Pirojpur 2,Independent,16073,16219,146,0.9
Pirojpur 2,Islamic Andolan Bangladesh,6638,6697,59,0.9
Pirojpur 2,National Party - JP,4678,4705,27,0.6
Pirojpur 3,Bangladesh Jatiyo Samajtantrik Dal - Jasod,209,0,-209,-100.0
Pirojpur 3,Bangladesh Nationalist Party - BNP,63138,63791,653,1.0
Pirojpur 3,Independent,227,231,4,1.8
Pirojpur 3,Islamic Andolan Bangladesh,35629,35968,339,1.0
Pirojpur 3,Jatiya Party,162,169,7,4.3
Pirojpur 3,Jatiya Samajtantrik Dal - JSD,0,212,212,0
Pirojpur 3,Jatiyo Nagorik Party - NCP,35318,36616,1298,3.7
Rajbari 1,Bangladesh Jamaat-e-Islami,98966,101092,2126,2.1
Rajbari 1,Bangladesh Nationalist Party - BNP,153295,154541,1246,0.8
Rajbari 1,Jatiya Party,2553,2586,33,1.3
Rajbari 1,Zaker Party,8046,8087,41,0.5
Rajbari 2,Bangladesh Nationalist Party - BNP,234848,237254,2406,1.0
Rajbari 2,Bangladesh Shanskritik Muktijot (Muktijot),265,266,1,0.4
Rajbari 2,Gonodhikar Parishad - GOP,631,633,2,0.3
Rajbari 2,Independent,37048,37557,509,1.4
Rajbari 2,Islamic Andolan Bangladesh,8364,8503,139,1.7
Rajbari 2,Jatiya Party,1977,2052,75,3.8
Rajbari 2,Jatiyo Nagorik Party - NCP,65293,67299,2006,3.1
Rajbari 2,Khelafat Majlis,292,321,29,9.9
Rajshahi 1,Amar Bangladesh Party - AB Party,1079,1100,21,1.9
Rajshahi 1,Bangladesh Jamaat-e-Islami,169784,171786,2002,1.2
Rajshahi 1,Bangladesh Nationalist Party - BNP,169010,169902,892,0.5
Rajshahi 1,Gonodhikar Parishad - GOP,397,407,10,2.5
Rajshahi 1,Independent,650,663,13,2.0
Rajshahi 2,Amar Bangladesh Party - AB Party,766,796,30,3.9
Rajshahi 2,Bangladesh Jamaat-e-Islami,98340,100370,2030,2.1
Rajshahi 2,Bangladesh Labour Party,374,387,13,3.5
Rajshahi 2,Bangladesh Nationalist Party - BNP,126997,128546,1549,1.2
Rajshahi 2,Independent,748,801,53,7.1
Rajshahi 2,Nagorik Oikko,536,552,16,3.0
Rajshahi 3,Amjanatar Dol,287,295,8,2.8
Rajshahi 3,Bangladesh Jamaat-e-Islami,136596,137927,1331,1.0
Rajshahi 3,Bangladesh Nationalist Party - BNP,175570,176318,748,0.4
Rajshahi 3,Independent,1150,1177,27,2.3
Rajshahi 3,Islamic Andolan Bangladesh,1139,1154,15,1.3
Rajshahi 3,Jatiya Party,2356,2390,34,1.4
Rajshahi 4,Bangladesh Jamaat-e-Islami,113567,115226,1659,1.5
Rajshahi 4,Bangladesh Nationalist Party - BNP,108664,109461,797,0.7
Rajshahi 4,Islamic Andolan Bangladesh,645,670,25,3.9
Rajshahi 4,Jatiya Party,1704,1759,55,3.2
Rajshahi 5,Bangladesh Jamaat-e-Islami,72535,73445,910,1.3
Rajshahi 5,Bangladesh Nationalist Party - BNP,152677,153425,748,0.5
Rajshahi 5,Bangladesh Supreme Party - BSP,930,938,8,0.9
Rajshahi 5,Independent,9298,9370,72,0.8
Rajshahi 5,Islamic Andolan Bangladesh,610,620,10,1.6
Rajshahi 6,Bangladesh Jamaat-e-Islami,91460,92965,1505,1.6
Rajshahi 6,Bangladesh Nationalist Party - BNP,147359,148672,1313,0.9
Rajshahi 6,Islamic Andolan Bangladesh,1586,1628,42,2.6
Rajshahi 6,Jatiya Party,2837,2930,93,3.3
Rangamati 1,Bangladesh Khelafat Majlis,21776,0,-21776,-100.0
Rangamati 1,Bangladesh Nationalist Party - BNP,199855,201544,1689,0.8
Rangamati 1,Biplabi Workers Party,1048,1071,23,2.2
Rangamati 1,Gonodhikar Parishad - GOP,443,449,6,1.4
Rangamati 1,Independent,30996,31222,226,0.7
Rangamati 1,Islamic Andolan Bangladesh,3566,3672,106,3.0
Rangamati 1,Jatiya Party,2914,2974,60,2.1
Rangamati 1,Khelafat Majlis,0,22715,22715,0
Rangpur 1,Bangladesh Islami Front,0,0,0,0
Rangpur 1,Bangladesh Jamaat-e-Islami,145543,145088,-455,-0.3
Rangpur 1,Bangladesh Nationalist Party - BNP,68631,69407,776,1.1
Rangpur 1,Bangladesh Samajtantrik Dal (Marxist),434,0,-434,-100.0
Rangpur 1,Islamic Andolan Bangladesh,5179,0,-5179,-100.0
Rangpur 1,Islamic Front Bangladesh,1087,0,-1087,-100.0
Rangpur 1,Jatiya Party,0,0,0,0
Rangpur 2,Bangladesh Jamaat-e-Islami,134187,43076,-91111,-67.9
Rangpur 2,Bangladesh Nationalist Party - BNP,79862,22100,-57762,-72.3
Rangpur 2,Islamic Andolan Bangladesh,5830,0,-5830,-100.0
Rangpur 2,Jatiya Party,33681,19693,-13988,-41.5
Rangpur 2,Jatiya Samajtantrik Dal - JSD,314,0,-314,-100.0
Rangpur 3,Bangladesh Jamaat-e-Islami,175827,175827,0,0.0
Rangpur 3,Bangladesh Nationalist Party - BNP,84578,84578,0,0.0
Rangpur 3,Bangladesh Samajtantrik Dal (Marxist),413,0,-413,-100.0
Rangpur 3,Bangladesh Samajtantrik Dal - BASAD,484,0,-484,-100.0
Rangpur 3,Independent,642,0,-642,-100.0
Rangpur 3,Islamic Andolan Bangladesh,8590,0,-8590,-100.0
Rangpur 3,Jatiya Party,43385,37933,-5452,-12.6
Rangpur 4,Bangladesh Congress,540,0,-540,-100.0
Rangpur 4,Bangladesh Khelafat Majlis,337,0,-337,-100.0
Rangpur 4,Bangladesh Nationalist Party - BNP,139616,140564,948,0.7
Rangpur 4,Bangladesh Samajtantrik Dal (Marxist),230,0,-230,-100.0
Rangpur 4,Independent,289,0,-289,-100.0
Rangpur 4,Islamic Andolan Bangladesh,4414,0,-4414,-100.0
Rangpur 4,Jatiya Party,33397,499,-32898,-98.5
Rangpur 4,Jatiyo Nagorik Party - NCP,147947,149966,2019,1.4
Rangpur 4,Khelafat Majlis,0,0,0,0
Rangpur 5,Amar Bangladesh Party - AB Party,350,0,-350,-100.0
Rangpur 5,Bangladesh Congress,129,0,-129,-100.0
Rangpur 5,Bangladesh Jamaat-e-Islami,174149,176411,2262,1.3
Rangpur 5,Bangladesh Nationalist Party - BNP,114263,115116,853,0.7
Rangpur 5,Bangladesh Samajtantrik Dal (Marxist),349,0,-349,-100.0
Rangpur 5,Communist Party of Bangladesh,490,0,-490,-100.0
Rangpur 5,Independent,251,0,-251,-100.0
Rangpur 5,Islamic Andolan Bangladesh,2372,0,-2372,-100.0
Rangpur 5,Jatiya Party,16376,15115,-1261,-7.7
Rangpur 5,Nagorik Oikko,84,0,-84,-100.0
Rangpur 6,Amar Bangladesh Party - AB Party,218,0,-218,-100.0
Rangpur 6,Bangladesh Jamaat-e-Islami,118890,120128,1238,1.0
Rangpur 6,Bangladesh Nationalist Party - BNP,116919,117703,784,0.7
Rangpur 6,Independent,533,0,-533,-100.0
Rangpur 6,Islamic Andolan Bangladesh,2074,0,-2074,-100.0
Rangpur 6,Jatiya Party,1264,0,-1264,-100.0
Satkhira 1,Bangladesh Congress,687,715,28,4.1
Satkhira 1,Bangladesh Jamaat-e-Islami,190967,193772,2805,1.5
Satkhira 1,Bangladesh Nationalist Party - BNP,168690,169995,1305,0.8
Satkhira 1,Islamic Andolan Bangladesh,2055,2071,16,0.8
Satkhira 1,Jatiya Party,2511,2544,33,1.3
Satkhira 2,Bangladesh Jamaat-e-Islami,263503,266959,3456,1.3
Satkhira 2,Bangladesh Jatiyo Samajtantrik Dal - Jasod,291,0,-291,-100.0
Satkhira 2,Bangladesh Nationalist Party - BNP,115257,116293,1036,0.9
Satkhira 2,Islamic Andolan Bangladesh,1936,1976,40,2.1
Satkhira 2,Jatiya Party,4185,4278,93,2.2
Satkhira 2,Jatiya Samajtantrik Dal - JSD,0,317,317,0
Satkhira 3,Bangladesh Jamaat-e-Islami,182165,184233,2068,1.1
Satkhira 3,Bangladesh Minority Janta Party - BMJP,578,583,5,0.9
Satkhira 3,Bangladesh Nationalist Party - BNP,56346,56819,473,0.8
Satkhira 3,Independent,104605,105379,774,0.7
Satkhira 3,Islamic Andolan Bangladesh,2478,2497,19,0.8
Satkhira 3,Jatiya Party,707,722,15,2.1
Satkhira 4,Bangladesh Jamaat-e-Islami,105805,106913,1108,1.0
Satkhira 4,Bangladesh Nationalist Party - BNP,84968,85426,458,0.5
Satkhira 4,Islamic Andolan Bangladesh,4874,4902,28,0.6
Satkhira 4,Jatiya Party,1125,1142,17,1.5
Shariatpur 1,Bangladesh Khelafat Majlis,61165,0,-61165,-100.0
Shariatpur 1,Bangladesh Nationalist Party - BNP,76684,77398,714,0.9
Shariatpur 1,Bangladesh Supreme Party - BSP,614,616,2,0.3
Shariatpur 1,Gonodhikar Parishad - GOP,549,551,2,0.4
Shariatpur 1,Independent,14852,15003,151,1.0
Shariatpur 1,Islamic Andolan Bangladesh,10676,10817,141,1.3
Shariatpur 1,Jatiyo Nagorik Party - NCP,368,475,107,29.1
Shariatpur 1,Khelafat Majlis,0,62717,62717,0
Shariatpur 2,Bangladesh Jamaat-e-Islami,68034,70892,2858,4.2
Shariatpur 2,Bangladesh Khilafat Andolan,308,313,5,1.6
Shariatpur 2,Bangladesh Nationalist Party - BNP,128647,129814,1167,0.9
Shariatpur 2,Gonodhikar Parishad - GOP,282,283,1,0.4
Shariatpur 2,Independent,451,246,-205,-45.5
Shariatpur 2,Islamic Andolan Bangladesh,6404,6505,101,1.6
Shariatpur 2,Jatiya Party,2532,2547,15,0.6
Shariatpur 2,Jonotar Dol,433,442,9,2.1
Shariatpur 3,Bangladesh Jamaat-e-Islami,67785,69684,1899,2.8
Shariatpur 3,Bangladesh Nationalist Party - BNP,106378,107516,1138,1.1
Shariatpur 3,Islamic Andolan Bangladesh,9713,9814,101,1.0
Shariatpur 3,Jatiya Party,2036,2064,28,1.4
Sherpur 1,,200,0,-200,-100.0
Sherpur 1,Bangladesh Jamaat-e-Islami,125941,127811,1870,1.5
Sherpur 1,Bangladesh Nationalist Party - BNP,77808,78342,534,0.7
Sherpur 1,Independent,61733,62620,887,1.4
Sherpur 1,Jatiya Party,735,751,16,2.2
Sherpur 1,Jatiyo Nagorik Party - NCP,452,456,4,0.9
Sherpur 2,Amar Bangladesh Party - AB Party,1004,1038,34,3.4
Sherpur 2,Bangladesh Jamaat-e-Islami,106582,108335,1753,1.6
Sherpur 2,Bangladesh Nationalist Party - BNP,117441,118472,1031,0.9
Sherpur 2,Islamic Andolan Bangladesh,4747,4877,130,2.7
Sirajganj 1,Bangladesh Jamaat-e-Islami,107883,108815,932,0.9
Sirajganj 1,Bangladesh Nationalist Party - BNP,116061,116613,552,0.5
Sirajganj 1,Gonodhikar Parishad - GOP,1168,1170,2,0.2
Sirajganj 1,Independent,256,263,7,2.7
Sirajganj 1,Jatiya Party,2196,2234,38,1.7
Sirajganj 1,Nagorik Oikko,318,321,3,0.9
Sirajganj 2,Bangladesh Jamaat-e-Islami,137137,138797,1660,1.2
Sirajganj 2,Bangladesh Nationalist Party - BNP,176585,177578,993,0.6
Sirajganj 2,Bangladesh Samajtantrik Dal - BASAD,850,864,14,1.6
Sirajganj 2,Communist Party of Bangladesh,763,769,6,0.8
Sirajganj 2,Gonodhikar Parishad - GOP,408,410,2,0.5
Sirajganj 2,Islamic Andolan Bangladesh,2138,2167,29,1.4
Sirajganj 2,Jonotar Dol,169,181,12,7.1
Sirajganj 3,Bangladesh Khelafat Majlis,115833,0,-115833,-100.0
Sirajganj 3,Bangladesh Nationalist Party - BNP,173514,174430,916,0.5
Sirajganj 3,Independent,987,1006,19,1.9
Sirajganj 3,Jatiya Party,1627,1658,31,1.9
Sirajganj 3,Khelafat Majlis,0,116802,116802,0
Sirajganj 4,Bangladesh Jamaat-e-Islami,159693,161872,2179,1.4
Sirajganj 4,Bangladesh Nationalist Party - BNP,160458,161278,820,0.5
Sirajganj 4,Communist Party of Bangladesh,694,695,1,0.1
Sirajganj 4,Islamic Andolan Bangladesh,2210,2216,6,0.3
Sirajganj 4,Jatiya Party,1198,1213,15,1.3
Sirajganj 5,Bangladesh Jamaat-e-Islami,105188,106805,1617,1.5
Sirajganj 5,Bangladesh Nationalist Party - BNP,134197,134989,792,0.6
Sirajganj 5,Communist Party of Bangladesh,324,0,-324,-100.0
Sirajganj 5,Gonodhikar Parishad - GOP,232,0,-232,-100.0
Sirajganj 5,Islamic Andolan Bangladesh,5691,0,-5691,-100.0
Sirajganj 5,Jatiya Party,1196,0,-1196,-100.0
Sirajganj 6,Amar Bangladesh Party - AB Party,268,271,3,1.1
Sirajganj 6,Amjanatar Dol,649,653,4,0.6
Sirajganj 6,Bangladesh Islami Front,1130,1133,3,0.3
Sirajganj 6,Bangladesh Nationalist Party - BNP,170129,171508,1379,0.8
Sirajganj 6,Bangladesh Samajtantrik Dal - BASAD,375,400,25,6.7
Sirajganj 6,Independent,679,693,14,2.1
Sirajganj 6,Islamic Andolan Bangladesh,2540,2280,-260,-10.2
Sirajganj 6,Jatiya Party,1062,1098,36,3.4
Sirajganj 6,Jatiya Samajtantrik Dal - JSD,884,890,6,0.7
Sirajganj 6,Jatiyo Nagorik Party - NCP,102185,103884,1699,1.7
Sunamganj 1,Bangladesh Jamaat-e-Islami,91696,92966,1270,1.4
Sunamganj 1,Bangladesh Nationalist Party - BNP,160515,161774,1259,0.8
Sunamganj 1,Bangladesh Nezame Islam Party,1155,1184,29,2.5
Sunamganj 2,Bangladesh Jamaat-e-Islami,62587,63220,633,1.0
Sunamganj 2,Bangladesh Nationalist Party - BNP,99132,99522,390,0.4
Sunamganj 2,Communist Party of Bangladesh,1210,1232,22,1.8
Sunamganj 3,Amar Bangladesh Party - AB Party,4849,4937,88,1.8
Sunamganj 3,Bangladesh Khelafat Majlis,13667,0,-13667,-100.0
Sunamganj 3,Bangladesh Nationalist Party - BNP,96666,97313,647,0.7
Sunamganj 3,Independent,42389,42640,251,0.6
Sunamganj 3,Khelafat Majlis,818,15061,14243,1741.2
Sunamganj 4,Bangladesh Jamaat-e-Islami,74365,75735,1370,1.8
Sunamganj 4,Bangladesh Nationalist Party - BNP,97404,98092,688,0.7
Sunamganj 4,Independent,26073,26307,234,0.9
Sunamganj 4,Islamic Andolan Bangladesh,1909,1935,26,1.4
Sunamganj 4,Jatiya Party,1777,1789,12,0.7
Sunamganj 5,Bangladesh Jamaat-e-Islami,99672,102121,2449,2.5
Sunamganj 5,Bangladesh Nationalist Party - BNP,150810,151915,1105,0.7
Sunamganj 5,Jatiya Party,1492,1524,32,2.1
Sunamganj 5,Khelafat Majlis,2246,2278,32,1.4
Sunamganj 5,National Peoples Party - NPP,423,433,10,2.4
Sylhet 1,Bangladesh Jamaat-e-Islami,129850,134983,5133,4.0
Sylhet 1,Bangladesh Nationalist Party - BNP,174517,176936,2419,1.4
Sylhet 1,Bangladesh Samajtantrik Dal (Marxist),785,0,-785,-100.0
Sylhet 1,Bangladesh Samajtantrik Dal - BASAD,1110,0,-1110,-100.0
Sylhet 1,Communist Party of Bangladesh,897,0,-897,-100.0
Sylhet 1,Gonodhikar Parishad - GOP,304,0,-304,-100.0
Sylhet 1,Insaniyat Biplob Bangladesh,226,0,-226,-100.0
Sylhet 1,Islamic Andolan Bangladesh,2639,2701,62,2.3
Sylhet 2,Bangladesh Nationalist Party - BNP,116697,117956,1259,1.1
Sylhet 2,Gonoforum,632,0,-632,-100.0
Sylhet 2,Islamic Andolan Bangladesh,1389,0,-1389,-100.0
Sylhet 2,Jatiya Party,1404,0,-1404,-100.0
Sylhet 2,Khelafat Majlis,37446,38635,1189,3.2
Sylhet 3,Bangladesh Khelafat Majlis,73614,0,-73614,-100.0
Sylhet 3,Bangladesh Nationalist Party - BNP,114255,115450,1195,1.0
Sylhet 3,Independent,4426,0,-4426,-100.0
Sylhet 3,Islamic Andolan Bangladesh,1370,76614,75244,5492.3
Sylhet 3,Jatiya Party,2594,0,-2594,-100.0
Sylhet 3,Khelafat Majlis,0,76614,76614,0
Sylhet 4,Bangladesh Jamaat-e-Islami,69589,71391,1802,2.6
Sylhet 4,Bangladesh Nationalist Party - BNP,185703,186846,1143,0.6
Sylhet 4,Gonodhikar Parishad - GOP,555,10,-545,-98.2
Sylhet 4,Islamic Andolan Bangladesh,2684,0,-2684,-100.0
Sylhet 4,Jatiya Party,1948,0,-1948,-100.0
Sylhet 5,Bangladesh Muslim League,366,0,-366,-100.0
Sylhet 5,Bangladesh Muslim League - BML,0,0,0,0
Sylhet 5,Independent,56477,0,-56477,-100.0
Sylhet 5,Jamiate Ulama-e-Islam Bangladesh,68869,69774,905,1.3
Sylhet 5,Khelafat Majlis,76221,79355,3134,4.1
Sylhet 6,Bangladesh Jamaat-e-Islami,97748,101569,3821,3.9
Sylhet 6,Bangladesh Nationalist Party - BNP,108612,109917,1305,1.2
Sylhet 6,Gonodhikar Parishad - GOP,1381,0,-1381,-100.0
Sylhet 6,Independent,23634,0,-23634,-100.0
Sylhet 6,Jatiya Party,1144,0,-1144,-100.0
Tangail 1,Bangladesh Jamaat-e-Islami,93045,94462,1417,1.5
Tangail 1,Bangladesh Nationalist Party - BNP,152908,153932,1024,0.7
Tangail 1,Independent,28811,28982,171,0.6
Tangail 1,Islamic Andolan Bangladesh,1711,1731,20,1.2
Tangail 1,Jatiya Party,2137,2194,57,2.7
Tangail 2,Bangladesh Jamaat-e-Islami,59873,60871,998,1.7
Tangail 2,Bangladesh Nationalist Party - BNP,195590,198213,2623,1.3
Tangail 2,Islamic Andolan Bangladesh,4705,4777,72,1.5
Tangail 2,Jatiya Party,1768,1854,86,4.9
Tangail 3,Bangladesh Nationalist Party - BNP,81734,82769,1035,1.3
Tangail 3,Independent,107843,108988,1145,1.1
Tangail 3,Islamic Andolan Bangladesh,3993,4075,82,2.1
Tangail 3,Jatiyo Nagorik Party - NCP,33203,34588,1385,4.2
Tangail 4,Bangladesh Jamaat-e-Islami,48560,50192,1632,3.4
Tangail 4,Bangladesh Nationalist Party - BNP,104243,105342,1099,1.1
Tangail 4,Independent,66027,66661,634,1.0
Tangail 4,Islamic Andolan Bangladesh,1791,1822,31,1.7
Tangail 4,Jatiya Party,755,758,3,0.4
Tangail 5,Bangladesh Congress,109,109,0,0.0
Tangail 5,Bangladesh Jamaat-e-Islami,78539,80283,1744,2.2
Tangail 5,Bangladesh Nationalist Party - BNP,130133,131279,1146,0.9
Tangail 5,Bangladesh Supreme Party - BSP,1186,1189,3,0.3
Tangail 5,Gonodhikar Parishad - GOP,261,263,2,0.8
Tangail 5,Gonoshonghoti Andolon,216,221,5,2.3
Tangail 5,Independent,69027,69408,381,0.6
Tangail 5,Islamic Andolan Bangladesh,2559,2600,41,1.6
Tangail 5,Jatiya Party,1620,1636,16,1.0
Tangail 5,Jatiya Samajtantrik Dal - JSD,1054,1092,38,3.6
Tangail 6,Bangladesh Jamaat-e-Islami,89643,91914,2271,2.5
Tangail 6,Bangladesh Nationalist Party - BNP,149512,150952,1440,1.0
Tangail 6,Independent,17955,18157,202,1.1
Tangail 6,Islamic Andolan Bangladesh,11934,24136,12202,102.2
Tangail 6,Jatiya Party,1134,1166,32,2.8
Tangail 6,National Party - JP,3460,3489,29,0.8
Tangail 7,Bangladesh Jamaat-e-Islami,71040,71040,0,0.0
Tangail 7,Bangladesh Nationalist Party - BNP,141253,141253,0,0.0
Tangail 7,Bangladesh Republican Party - BRP,1492,1492,0,0.0
Tangail 8,Amjanatar Dol,328,330,2,0.6
Tangail 8,Bangladesh Jamaat-e-Islami,53621,55709,2088,3.9
Tangail 8,Bangladesh Nationalist Party - BNP,113214,114217,1003,0.9
Tangail 8,Biplabi Workers Party,507,510,3,0.6
Tangail 8,Independent,76468,77130,662,0.9
Tangail 8,Jatiya Party,559,565,6,1.1
Thakurgaon 1,Bangladesh Jamaat-e-Islami,139571,141017,1446,1.0
Thakurgaon 1,Bangladesh Nationalist Party - BNP,237178,238836,1658,0.7
Thakurgaon 1,Islamic Andolan Bangladesh,3921,3951,30,0.8
Thakurgaon 2,Amar Bangladesh Party - AB Party,446,451,5,1.1
Thakurgaon 2,Bangladesh Jamaat-e-Islami,114470,115707,1237,1.1
Thakurgaon 2,Bangladesh Nationalist Party - BNP,120306,121017,711,0.6
Thakurgaon 2,Communist Party of Bangladesh,371,380,9,2.4
Thakurgaon 2,Gonodhikar Parishad - GOP,1837,1843,6,0.3
Thakurgaon 2,Islamic Andolan Bangladesh,431,437,6,1.4
Thakurgaon 2,Jatiya Party,2854,2876,22,0.8
Thakurgaon 3,Bangladesh Jamaat-e-Islami,90767,91934,1167,1.3
Thakurgaon 3,Bangladesh Minority Janta Party - BMJP,666,680,14,2.1
Thakurgaon 3,Bangladesh Muslim League,113,0,-113,-100.0
Thakurgaon 3,Bangladesh Muslim League - BML,0,113,113,0
Thakurgaon 3,Bangladesh Nationalist Party - BNP,131887,132797,910,0.7
Thakurgaon 3,Bangladesh Supreme Party - BSP,503,503,0,0.0
Thakurgaon 3,Communist Party of Bangladesh,1537,1548,11,0.7
Thakurgaon 3,Gonodhikar Parishad - GOP,551,552,1,0.2
Thakurgaon 3,Independent,276,279,3,1.1
Thakurgaon 3,Islamic Andolan Bangladesh,1283,1295,12,0.9
Thakurgaon 3,Jatiya Party,26934,27133,199,0.7
