seat_name,candidate,party,votes,num_sources,sources,vote_details,comment
Bagerhat 1,Md. Mashirur Rahman Khan,Bangladesh Jamaat-e-Islami (Jamaat),117527,4,"bss,ds,dt,tbs",bss=117527; ds=117527; dt=117527; tbs=117527,
Bagerhat 1,Kapil Krishna Mondal,Bangladesh Nationalist Party (BNP),114323,4,"bss,ds,dt,tbs",bss=114323; ds=114323; dt=114323; tbs=114323,
Bagerhat 1,Md. Sheikh Masud Rana,Independent Candidate (Independent),6467,3,"ds,dt,tbs",ds=0; dt=6467; tbs=6467,
Bagerhat 1,M. A. H. Selim,Independent Candidate (Independent),5283,3,"ds,dt,tbs",ds=0; dt=5283; tbs=5283,
Bagerhat 1,S. M. Golam Sorrowar,Jatiya Party (JaPa),571,3,"ds,dt,tbs",ds=0; dt=571; tbs=571,
Bagerhat 1,Md. Aminul Islam,Amar Bangladesh Party (AB),291,3,"ds,dt,tbs",ds=0; dt=291; tbs=291,
Bagerhat 1,M. D. Shamsul Haque,Bangladesh Muslim League (BML),242,3,"ds,dt,tbs",ds=0; dt=242; tbs=242,"same-party-merged (LOW SIMILARITY 0.38): [ds,dt,tbs] 'A. Sabur Sheikh' (ds=0; dt=167; tbs=167) -> [ds,dt,tbs] 'M. D. Shamsul Haque' (ds=0; dt=242; tbs=242), party=Bangladesh Muslim League (BML)"
Bagerhat 2,Sheikh Manjurul Haque (Rahad),Bangladesh Jamaat-e-Islami (Jamaat),117709,4,"bss,ds,dt,tbs",bss=117709; ds=117709; dt=117709; tbs=117709,
Bagerhat 2,Sheikh Mohammad Zakir Hossain,Bangladesh Nationalist Party (BNP),66409,4,"bss,ds,dt,tbs",bss=66409; ds=66409; dt=66409; tbs=66409,
Bagerhat 2,M. A. H. Selim,Independent Candidate (Independent),48965,3,"ds,dt,tbs",ds=0; dt=48965; tbs=48965,
Bagerhat 2,Sheikh Atiyar Rahman,Islami Andolan Bangladesh (IAB),4313,3,"ds,dt,tbs",ds=0; dt=4313; tbs=4313,
Bagerhat 3,Sheikh Faridul Islam,Bangladesh Nationalist Party (BNP),102661,4,"bss,ds,dt,tbs",bss=102661; ds=103711; dt=102661; tbs=102661,
Bagerhat 3,Mohammed Abdul Wadud Sheikh,Bangladesh Jamaat-e-Islami (Jamaat),83550,4,"bss,ds,dt,tbs",bss=83550; ds=83705; dt=83550; tbs=83550,
Bagerhat 3,Sheikh Zillur Rahman,Islami Andolan Bangladesh (IAB),3460,3,"ds,dt,tbs",ds=0; dt=3460; tbs=3640,
Bagerhat 3,M. A. H. Selim,Independent Candidate (Independent),425,3,"ds,dt,tbs",ds=0; dt=425; tbs=425,
Bagerhat 3,Md. Habibur Rahman Master,Jatiya Samajtantrik Dal (JSD),349,3,"ds,dt,tbs",ds=0; dt=349; tbs=349,
Bagerhat 4,Md. Abdul Alim,Bangladesh Jamaat-e-Islami (Jamaat),116067,4,"bss,ds,dt,tbs",bss=116067; ds=116067; dt=116067; tbs=116067,
Bagerhat 4,Som Nath De,Bangladesh Nationalist Party (BNP),98326,4,"bss,ds,dt,tbs",bss=98326; ds=98326; dt=98326; tbs=98326,
Bagerhat 4,Md. Omar Farooq,Islami Andolan Bangladesh (IAB),8501,3,"ds,dt,tbs",ds=0; dt=8501; tbs=8501,
Bagerhat 4,Sajon Kumar Mistri,Jatiya Party (JaPa),1147,3,"ds,dt,tbs",ds=0; dt=1147; tbs=1147,
Bagerhat 4,Md. A. Latif Khan,Jatiya Samajtantrik Dal (JSD),315,3,"ds,dt,tbs",ds=0; dt=315; tbs=315,
Bagerhat 4,Kazi Khairuzzaman (Shipon),Independent Candidate (Independent),229,3,"ds,dt,tbs",ds=0; dt=229; tbs=229,
Bandarban 1,Saching Prue,Bangladesh Nationalist Party (BNP),141455,4,"bss,ds,dt,tbs",bss=141455; ds=141455; dt=141455; tbs=141455,fuzzy-merged 'Sachin Ms' (bss) -> 'Saching Prue' (score=0.61)
Bandarban 1,Abu Sayeed Md. Suja Uddin,National Citizen Party (NCP),26162,4,"bss,ds,dt,tbs",bss=26162; ds=26162; dt=26162; tbs=26162,
Bandarban 1,Md. Abul Kalam Azad,Islami Andolan Bangladesh (IAB),4718,3,"ds,dt,tbs",ds=4718; dt=4718; tbs=4718,
Bandarban 1,Abu Zafar Mohammad Waliullah,Jatiya Party (JaPa),2435,3,"ds,dt,tbs",ds=2435; dt=2435; tbs=2435,
Barguna 1,Md. Ali Ullah,Islami Andolan Bangladesh (IAB),140291,4,"bss,ds,dt,tbs",bss=140291; ds=140291; dt=140291; tbs=140291,
Barguna 1,Md. Nazrul Islam Mollah,Bangladesh Nationalist Party (BNP),136145,4,"bss,ds,dt,tbs",bss=136145; ds=136145; dt=136145; tbs=136145,
Barguna 1,Md. Jahangir Hossain,Khelafat Majlis,6232,3,"ds,dt,tbs",ds=6232; dt=6232; tbs=6232,
Barguna 1,Md. Jamal Hossain,Jatiya Party (Manju) (JP–Manju),981,3,"ds,dt,tbs",ds=981; dt=981; tbs=981,
Barguna 2,Md. Nurul Islam,Bangladesh Nationalist Party (BNP),90643,4,"bss,ds,dt,tbs",bss=90643; ds=90643; dt=90643; tbs=90643,
Barguna 2,Dr. Sultan Ahmad,Bangladesh Jamaat-e-Islami (Jamaat),85247,4,"bss,ds,dt,tbs",bss=85247; ds=85247; dt=85247; tbs=85247,
Barguna 2,Md. Mizanur Rahman,Islami Andolan Bangladesh (IAB),16463,3,"ds,dt,tbs",ds=16463; dt=16463; tbs=16463,
Barguna 2,Abdul Latif Faraji,Jatiya Party (JaPa),1248,3,"ds,dt,tbs",ds=0; dt=1248; tbs=1248,
Barguna 2,Md. Rashed Ud Zaman,Independent Candidate (Independent),298,3,"ds,dt,tbs",ds=0; dt=298; tbs=298,
Barguna 2,Syed Md. Najesh Afroz,Nationalist Democratic Movement (NDM),294,3,"ds,dt,tbs",ds=0; dt=294; tbs=294,
Barguna 2,Md. Sabbir Ahmed,Bangladesh Congress,219,3,"ds,dt,tbs",ds=0; dt=219; tbs=219,
Barguna 2,Md. Kamruzzaman Liton,Bangladesh Jatiya Party (BJP),115,3,"ds,dt,tbs",ds=0; dt=115; tbs=115,
Barguna 2,Md. Solaiman,National People's Party (NPP),95,3,"ds,dt,tbs",ds=0; dt=95; tbs=95,
Barishal 1,Zahir Uddin Swapon,Bangladesh Nationalist Party (BNP),100552,4,"bss,ds,dt,tbs",bss=100522; ds=100552; dt=100552; tbs=100552,
Barishal 1,Md. Kamrul Islam Khan,Bangladesh Jamaat-e-Islami (Jamaat),46263,4,"bss,ds,dt,tbs",bss=46263; ds=46263; dt=46263; tbs=46263,
Barishal 1,Abdus Sobhan,Independent Candidate (Independent),44188,3,"ds,dt,tbs",ds=0; dt=44188; tbs=44188,
Barishal 1,Md. Russell Sardar,Islami Andolan Bangladesh (IAB),6846,3,"ds,dt,tbs",ds=0; dt=6846; tbs=6846,
Barishal 1,Sher-e-Niabath Sekendar Ali,Jatiya Party (Manju) (JP–Manju),1736,3,"ds,dt,tbs",ds=0; dt=1736; tbs=1736,
Barishal 2,Sardar Sarfuddin Ahmed,Bangladesh Nationalist Party (BNP),141622,4,"bss,ds,dt,tbs",bss=141622; ds=141622; dt=141622; tbs=141622,
Barishal 2,Abdul Mannan,Bangladesh Jamaat-e-Islami (Jamaat),74082,4,"bss,ds,dt,tbs",bss=74082; ds=74082; dt=74082; tbs=78082,
Barishal 2,Mohammad Nesar Uddin,Islami Andolan Bangladesh (IAB),6021,3,"ds,dt,tbs",ds=0; dt=6021; tbs=6021,
Barishal 2,A. Haque,Jatiya Party (Manju) (JP–Manju),2329,3,"ds,dt,tbs",ds=0; dt=2329; tbs=2329,
Barishal 2,M. A. Jalil,Jatiya Party (JaPa),1199,3,"ds,dt,tbs",ds=0; dt=1199; tbs=1199,
Barishal 2,Ranjit Kumar Baroi,Gono Odhikar Parishad (GOP),700,3,"ds,dt,tbs",ds=0; dt=700; tbs=700,
Barishal 2,Saheb Ali,National People's Party (NPP),185,3,"ds,dt,tbs",ds=0; dt=185; tbs=185,fuzzy-merged 'Mr. Ali' (ds) -> 'Saheb Ali' (score=0.55)
Barishal 2,Md. Abul Kalam Azad,Jatiya Samajtantrik Dal (JSD),135,3,"ds,dt,tbs",ds=0; dt=135; tbs=135,
Barishal 3,Zainul Abedin,Bangladesh Nationalist Party (BNP),80930,4,"bss,ds,dt,tbs",bss=80930; ds=80930; dt=80930; tbs=80930,
Barishal 3,Mohammad Asaduzzaman Bhuiyan,Amar Bangladesh Party (AB),61192,4,"bss,ds,dt,tbs",bss=61192; ds=61192; dt=61192; tbs=61192,
Barishal 3,Muhammad Sirajul Islam,Islami Andolan Bangladesh (IAB),16325,3,"ds,dt,tbs",ds=0; dt=16325; tbs=16325,
Barishal 3,Golam Kibria Tipu,Jatiya Party (JaPa),14184,3,"ds,dt,tbs",ds=0; dt=14184; tbs=14184,
Barishal 3,Yamin H. M. Fardin,Gono Odhikar Parishad (GOP),860,3,"ds,dt,tbs",ds=0; dt=860; tbs=860,
Barishal 3,Md. Azmul Hasan Jihad,Bangladesh Samajtantrik Dal (Basad),214,3,"ds,dt,tbs",ds=0; dt=214; tbs=214,
Barishal 4,Md. Rajib Ahsan,Bangladesh Nationalist Party (BNP),128322,4,"bss,ds,dt,tbs",bss=128322; ds=128322; dt=128322; tbs=128322,
Barishal 4,Mohammad Abdul Jabbar,Bangladesh Jamaat-e-Islami (Jamaat),74684,4,"bss,ds,dt,tbs",bss=74684; ds=74684; dt=74684; tbs=74684,
Barishal 4,Syed Eshak Md. Abul Khayer,Islami Andolan Bangladesh (IAB),36753,3,"ds,dt,tbs",ds=0; dt=36753; tbs=36753,
Barishal 4,Abdul Jalil,Bangladesh Sangskritik Muktijote (BSM),413,3,"ds,dt,tbs",ds=0; dt=413; tbs=413,
Barishal 4,Abdus Salam (Khokon),Jatiya Samajtantrik Dal (JSD),334,3,"ds,dt,tbs",ds=0; dt=334; tbs=334,fuzzy-merged 'Abdus Salam Khokon' (tbs) -> 'Abdus Salam (Khokon)' (score=1.00)
Barishal 5,Md. Mojibur Rahman Sarwar,Bangladesh Nationalist Party (BNP),135146,4,"bss,ds,dt,tbs",bss=135146; ds=135146; dt=135146; tbs=135146,
Barishal 5,Mufti Syed Md. Faizul Karim,Islami Andolan Bangladesh (IAB),95044,4,"bss,ds,dt,tbs",bss=95044; ds=95044; dt=95044; tbs=95044,
Barishal 5,Monisha Chakraborty,Bangladesh Samajtantrik Dal (Basad),22486,3,"ds,dt,tbs",ds=0; dt=22486; tbs=22486,
Barishal 5,Akhtar Rahman,Jatiya Party (JaPa),909,3,"ds,dt,tbs",ds=0; dt=909; tbs=909,
Barishal 5,Abdul Hannan Sikdar,National People's Party (NPP),494,3,"ds,dt,tbs",ds=0; dt=494; tbs=494,
Barishal 5,Md. Saidur Rahman,Socialist Party of Bangladesh (Marxist) (SPB-M),300,3,"ds,dt,tbs",ds=0; dt=300; tbs=300,
Barishal 6,Abul Hossain Khan,Bangladesh Nationalist Party (BNP),82217,4,"bss,ds,dt,tbs",bss=82217; ds=82217; dt=82217; tbs=82217,
Barishal 6,Md. Mahmudun Nabi,Bangladesh Jamaat-e-Islami (Jamaat),55988,4,"bss,ds,dt,tbs",bss=55988; ds=55988; dt=55988; tbs=55988,
Barishal 6,Mufti Syed Md. Faizul Karim,Islami Andolan Bangladesh (IAB),29146,3,"ds,dt,tbs",ds=0; dt=29146; tbs=29146,
Barishal 6,Md. Kamrul Islam Khan,Independent Candidate (Independent),366,3,"ds,dt,tbs",ds=0; dt=366; tbs=366,
Barishal 6,Abdul Quddus,Bangladesh Muslim League (BML),244,3,"ds,dt,tbs",ds=0; dt=244; tbs=244,
Barishal 6,Md. Salahuddin Mia,Gono Odhikar Parishad (GOP),139,3,"ds,dt,tbs",ds=0; dt=139; tbs=139,
Bhola 1,Andaleeve Rahman,Bangladesh Jatiya Party (BJP),105543,4,"bss,ds,dt,tbs",bss=105543; ds=105543; dt=105543; tbs=105543,
Bhola 1,Md. Nazrul Islam,Bangladesh Jamaat-e-Islami (Jamaat),75337,4,"bss,ds,dt,tbs",bss=75337; ds=75337; dt=63352; tbs=75337,
Bhola 1,Md. Obaidur Rahman,Islami Andolan Bangladesh (IAB),25245,3,"ds,dt,tbs",ds=0; dt=25245; tbs=25245,
Bhola 1,Md. Ainur Rahman (Jewel) Mia,Gono Odhikar Parishad (GOP),1103,3,"ds,dt,tbs",ds=0; dt=1103; tbs=1103,
Bhola 1,Md. Akbar Hossain,Jatiya Party (JaPa),599,3,"ds,dt,tbs",ds=0; dt=599; tbs=599,
Bhola 1,Mohammad Ashraf Ali,Bangladesh Islami Front (BIF),303,3,"ds,dt,tbs",ds=0; dt=303; tbs=303,
Bhola 1,Md. Mizanur Rahman,National People's Party (NPP),217,3,"ds,dt,tbs",ds=0; dt=217; tbs=217,
Bhola 1,Rafizul Hossain,Independent Candidate (Independent),134,3,"ds,dt,tbs",ds=0; dt=134; tbs=134,
Bhola 2,Md. Hafiz Ibrahim,Bangladesh Nationalist Party (BNP),119085,4,"bss,ds,dt,tbs",bss=119085; ds=119085; dt=119085; tbs=119085,
Bhola 2,Mohammad Fazlul Karim,Bangladesh Jamaat-e-Islami (Jamaat),93703,4,"bss,ds,dt,tbs",bss=93703; ds=93703; dt=93703; tbs=93703,
Bhola 2,Md. Zakir Hossain Khandaker,Independent Candidate (Independent),596,3,"ds,dt,tbs",ds=0; dt=596; tbs=596,
Bhola 2,Mohibullah Khokon,Independent Candidate (Independent),546,3,"ds,dt,tbs",ds=0; dt=546; tbs=546,
Bhola 2,Advocate Md. Jahangir Alam Ritu,Jatiya Party (JaPa),450,3,"ds,dt,tbs",ds=0; dt=450; tbs=450,
Bhola 2,Mokfar Uddin Chowdhury,Bangladesh Liberal Democratic Party (LDP),381,3,"ds,dt,tbs",ds=0; dt=381; tbs=381,
Bhola 2,Md. Ala Uddin,Amjanatar Dol,370,3,"ds,dt,tbs",ds=0; dt=370; tbs=370,
Bhola 2,Tashlima Begum,Independent Candidate (Independent),291,3,"ds,dt,tbs",ds=0; dt=291; tbs=291,
Bhola 3,"Hafiz Uddin Ahmed, Bir Bikram",Bangladesh Nationalist Party (BNP),145990,4,"bss,ds,dt,tbs",bss=145990; ds=145990; dt=145990; tbs=145990,
Bhola 3,Muha: Nizamul Haque,Bangladesh Development Party (BDP),57351,4,"bss,ds,dt,tbs",bss=57351; ds=57351; dt=57351; tbs=57351,
Bhola 3,Md. Mosleh Uddin,Islami Andolan Bangladesh (IAB),7255,3,"ds,dt,tbs",ds=0; dt=7255; tbs=7255,
Bhola 3,Md. Kamal Uddin,Jatiya Party (JaPa),789,3,"ds,dt,tbs",ds=0; dt=789; tbs=789,
Bhola 3,Md. Rahmat Ullah,Independent Candidate (Independent),508,2,"dt,tbs",dt=508; tbs=508,
Bhola 3,Md. Abu Taiyeb,Gono Odhikar Parishad (GOP),260,3,"ds,dt,tbs",ds=0; dt=260; tbs=260,
Bhola 4,Mohammad Nurul Islam,Bangladesh Nationalist Party (BNP),189351,4,"bss,ds,dt,tbs",bss=189351; ds=189351; dt=189351; tbs=189351,
Bhola 4,Mohammad Mustafa Kamal,Bangladesh Jamaat-e-Islami (Jamaat),81437,4,"bss,ds,dt,tbs",bss=81437; ds=81437; dt=81437; tbs=81937,
Bhola 4,Abul Mokarram Md. Kamal Uddin,Islami Andolan Bangladesh (IAB),24935,3,"ds,dt,tbs",ds=0; dt=24935; tbs=24935,
Bhola 4,Md. Mizanur Rahman,Jatiya Party (JaPa),585,3,"ds,dt,tbs",ds=0; dt=585; tbs=545,
Bhola 4,Mohammad Rafiqul Islam,Independent Candidate (Independent),235,3,"ds,dt,tbs",ds=0; dt=235; tbs=235,
Bhola 4,Md. Abul Kalam,Nationalist Democratic Movement (NDM),208,3,"ds,dt,tbs",ds=0; dt=208; tbs=208,
Bhola 4,Md. Jalal Uddin Rumi,Amjanatar Dol,176,3,"ds,dt,tbs",ds=0; dt=176; tbs=176,
Bogura 1,Kazi Rafiqul Islam,Bangladesh Nationalist Party (BNP),171440,4,"bss,ds,dt,tbs",bss=171440; ds=171440; dt=171440; tbs=171440,
Bogura 1,Md. Shahabuddin,Bangladesh Jamaat-e-Islami (Jamaat),57959,4,"bss,ds,dt,tbs",bss=57959; ds=57959; dt=57959; tbs=57959,
Bogura 1,A. B. M. Mustafa Kemal Pasha,Islami Andolan Bangladesh (IAB),1026,3,"ds,dt,tbs",ds=0; dt=1026; tbs=1026,
Bogura 1,Md. Asadul Haque,Bangladesh Congress,597,3,"ds,dt,tbs",ds=0; dt=597; tbs=597,
Bogura 1,Md. Zulfiqar Ali,Gono Forum (GF),298,3,"ds,dt,tbs",ds=0; dt=298; tbs=298,
Bogura 2,Mir Shahe Alam,Bangladesh Nationalist Party (BNP),145024,4,"bss,ds,dt,tbs",bss=145024; ds=145024; dt=145024; tbs=145137,
Bogura 2,Abul Azad Mohammad Shahaduzzaman,Bangladesh Jamaat-e-Islami (Jamaat),93548,4,"bss,ds,dt,tbs",bss=93548; ds=93548; dt=93548; tbs=93548,
Bogura 2,Mahmudur Rahman Manna,Nagorik Oikya (NO),3426,3,"ds,dt,tbs",ds=0; dt=3426; tbs=3426,
Bogura 2,Md. Jamal Uddin,Islami Andolan Bangladesh (IAB),913,3,"ds,dt,tbs",ds=0; dt=913; tbs=913,
Bogura 2,Shariful Islam Jinnah,Jatiya Party (JaPa),434,3,"ds,dt,tbs",ds=0; dt=434; tbs=434,
Bogura 2,Md. Selim Sarkar,Gono Odhikar Parishad (GOP),274,3,"ds,dt,tbs",ds=0; dt=274; tbs=274,
Bogura 2,Md. Rezaul Karim Talu,Independent Candidate (Independent),183,3,"ds,dt,tbs",ds=0; dt=183; tbs=183,
Bogura 3,Md. Abdul Muhit Talukdar,Bangladesh Nationalist Party (BNP),127406,4,"bss,ds,dt,tbs",bss=127406; ds=127406; dt=127406; tbs=127406,
Bogura 3,Noor Mohammad,Bangladesh Jamaat-e-Islami (Jamaat),111026,4,"bss,ds,dt,tbs",bss=111026; ds=111026; dt=111026; tbs=111026,fuzzy-merged 'Nur Mohhammad' (tbs) -> 'Noor Mohammad' (score=0.67)
Bogura 3,Md. Shahjahan Ali Talukdar,Islami Andolan Bangladesh (IAB),1789,3,"ds,dt,tbs",ds=0; dt=1789; tbs=1789,
Bogura 3,Md. Shahinul Islam,Jatiya Party (JaPa),1495,3,"ds,dt,tbs",ds=0; dt=1495; tbs=1495,
Bogura 4,Md. Mosharraf Hossain,Bangladesh Nationalist Party (BNP),155339,4,"bss,ds,dt,tbs",bss=155339; ds=155339; dt=155339; tbs=155339,
Bogura 4,Md. Mostafa Faisal,Bangladesh Jamaat-e-Islami (Jamaat),108978,4,"bss,ds,dt,tbs",bss=108978; ds=108978; dt=108975; tbs=108978,
Bogura 4,Muhammad Idris Ali,Islami Andolan Bangladesh (IAB),2954,3,"ds,dt,tbs",ds=0; dt=2954; tbs=2954,
Bogura 4,Shaheen Mostafa Kamal,Jatiya Party (JaPa),1107,3,"ds,dt,tbs",ds=0; dt=1107; tbs=1107,
Bogura 5,Ghulam Mohammad Siraj,Bangladesh Nationalist Party (BNP),248841,4,"bss,ds,dt,tbs",bss=248841; ds=248841; dt=248841; tbs=248841,
Bogura 5,Md. Dabibur Rahman,Bangladesh Jamaat-e-Islami (Jamaat),143329,4,"bss,ds,dt,tbs",bss=143329; ds=143329; dt=143329; tbs=143329,
Bogura 5,Mir Md. Mahmudur Rahman,Islami Andolan Bangladesh (IAB),5558,3,"ds,dt,tbs",ds=0; dt=5558; tbs=5558,
Bogura 5,Shipon Kumar Rabidas,Communist Party of Bangladesh (CPB),1782,3,"ds,dt,tbs",ds=0; dt=1782; tbs=1782,
Bogura 5,Khan Qudrat E. Saqlain,Bangladesh Liberal Democratic Party (LDP),1134,3,"ds,dt,tbs",ds=0; dt=1134; tbs=1134,
Bogura 6,Tarique Rahman,Bangladesh Nationalist Party (BNP),216284,4,"bss,ds,dt,tbs",bss=216284; ds=0; dt=216284; tbs=216284,
Bogura 6,Md. Abidur Rahman,Bangladesh Jamaat-e-Islami (Jamaat),97626,4,"bss,ds,dt,tbs",bss=97626; ds=0; dt=97626; tbs=97626,
Bogura 6,Abu Numan Md. Mamunur Rashid,Islami Andolan Bangladesh (IAB),2508,3,"ds,dt,tbs",ds=0; dt=2508; tbs=2508,
Bogura 6,Dilruba,Bangladesh Samajtantrik Dal (Basad),795,3,"ds,dt,tbs",ds=0; dt=795; tbs=795,
Bogura 6,Abdullah Al Waki,Jatiya Samajtantrik Dal (JSD),276,3,"ds,dt,tbs",ds=0; dt=276; tbs=276,
Bogura 7,Morshed Milton,Bangladesh Nationalist Party (BNP),264212,4,"bss,ds,dt,tbs",bss=264212; ds=158196; dt=264212; tbs=264212,vote-mismatch: spread=40%
Bogura 7,Md. Golam Rabbani,Bangladesh Jamaat-e-Islami (Jamaat),116665,4,"bss,ds,dt,tbs",bss=116665; ds=0; dt=116665; tbs=116665,
Bogura 7,Md. Shafiqul Islam,Islami Andolan Bangladesh (IAB),2061,3,"ds,dt,tbs",ds=0; dt=2061; tbs=2061,
Bogura 7,Md. Ansar Ali,Bangladesh Muslim League (BML),536,3,"ds,dt,tbs",ds=0; dt=536; tbs=536,
Brahmanbaria 1,M. A. Hannan,Bangladesh Nationalist Party (BNP),68092,4,"bss,ds,dt,tbs",bss=68092; ds=68092; dt=68092; tbs=68092,
Brahmanbaria 1,A. K. M. Kamruzzaman,Independent Candidate (Independent),35220,3,"ds,dt,tbs",ds=35220; dt=35220; tbs=35220,
Brahmanbaria 1,A. K. M. Aminul Islam,Bangladesh Jamaat-e-Islami (Jamaat),24430,4,"bss,ds,dt,tbs",bss=35220; ds=24430; dt=24430; tbs=24430,vote-mismatch: spread=31%
Brahmanbaria 1,Iqbal Chowdhury,Independent Candidate (Independent),17666,3,"ds,dt,tbs",ds=17666; dt=17666; tbs=17666,
Brahmanbaria 1,Hussain Ahmed,Islami Andolan Bangladesh (IAB),907,3,"ds,dt,tbs",ds=907; dt=907; tbs=907,
Brahmanbaria 1,Md. Shah Alam,Jatiya Party (JaPa),265,3,"ds,dt,tbs",ds=265; dt=265; tbs=265,
Brahmanbaria 1,Md. Sharif Mridha,Insaniyat Biplob Bangladesh (IBB),139,3,"ds,dt,tbs",ds=139; dt=139; tbs=139,
Brahmanbaria 1,Md. Habibur Rahman,Independent Candidate (Independent),106,3,"ds,dt,tbs",ds=106; dt=106; tbs=106,
Brahmanbaria 2,Rumin Farhana,Independent Candidate (Independent),118547,4,"bss,ds,dt,tbs",bss=118547; ds=118547; dt=118547; tbs=118547,
Brahmanbaria 2,Mohammad Junayed Al Habib,Jamiat Ulema-e-Islam Bangladesh (JUIB),80434,4,"bss,ds,dt,tbs",bss=80434; ds=80434; dt=80434; tbs=80434,
Brahmanbaria 2,Ashraf Uddin,National Citizen Party (NCP),20401,3,"ds,dt,tbs",ds=0; dt=20401; tbs=20401,
Brahmanbaria 2,S. N. Tarun Dey,Independent Candidate (Independent),12560,3,"ds,dt,tbs",ds=0; dt=12560; tbs=12560,
Brahmanbaria 2,Nesar Ahmed,Islami Andolan Bangladesh (IAB),3851,3,"ds,dt,tbs",ds=0; dt=3851; tbs=3851,
Brahmanbaria 2,Md. Main Uddin,Insaniyat Biplob Bangladesh (IBB),1419,3,"ds,dt,tbs",ds=0; dt=1419; tbs=1419,
Brahmanbaria 2,Taimur Reza Md. Shahjad,Jatiya Samajtantrik Dal (JSD),384,3,"ds,dt,tbs",ds=0; dt=0; tbs=384,
Brahmanbaria 2,Adv. Md. Ziaul Haque Mridha,Jatiya Party (JaPa),199,3,"ds,dt,tbs",ds=0; dt=199; tbs=199,
Brahmanbaria 2,Sharifa Akhter,Amjanatar Dol,181,3,"ds,dt,tbs",ds=0; dt=181; tbs=181,
Brahmanbaria 3,Md. Khaled Hossain Mahbub,Bangladesh Nationalist Party (BNP),209636,4,"bss,ds,dt,tbs",bss=209636; ds=209636; dt=209636; tbs=209636,
Brahmanbaria 3,Ataullah,National Citizen Party (NCP),62547,4,"bss,ds,dt,tbs",bss=62547; ds=62547; dt=62547; tbs=62547,
Brahmanbaria 3,Niazul Karim,Islami Andolan Bangladesh (IAB),6321,3,"ds,dt,tbs",ds=0; dt=6321; tbs=6231,
Brahmanbaria 3,Md. Rezaul Islam Bhuiyan,Jatiya Party (JaPa),3891,3,"ds,dt,tbs",ds=0; dt=3891; tbs=3891,
Brahmanbaria 3,Md. Abu Hanif,Insaniyat Biplob Bangladesh (IBB),3345,3,"ds,dt,tbs",ds=0; dt=3345; tbs=3345,
Brahmanbaria 3,Ayesha Akhter,Bangladesh Islami Front (BIF),1344,3,"ds,dt,tbs",ds=0; dt=1344; tbs=1344,
Brahmanbaria 3,Md. Omar Yousuf Khan,Independent Candidate (Independent),278,3,"ds,dt,tbs",ds=0; dt=278; tbs=278,
Brahmanbaria 4,Mushfiqur Rahman,Bangladesh Nationalist Party (BNP),139842,4,"bss,ds,dt,tbs",bss=139842; ds=139842; dt=139842; tbs=139842,
Brahmanbaria 4,Md. Ataur Rahman Sarkar,Bangladesh Jamaat-e-Islami (Jamaat),91796,4,"bss,ds,dt,tbs",bss=91796; ds=91796; dt=91796; tbs=91796,
Brahmanbaria 4,Md. Zahirul Haque Khan,Jatiya Party (JaPa),2453,3,"ds,dt,tbs",ds=0; dt=2453; tbs=2453,
Brahmanbaria 4,Md. Jasim,Islami Andolan Bangladesh (IAB),2277,3,"ds,dt,tbs",ds=0; dt=2277; tbs=2277,
Brahmanbaria 4,Rafi Uddin,Insaniyat Biplob Bangladesh (IBB),773,3,"ds,dt,tbs",ds=0; dt=773; tbs=773,
Brahmanbaria 4,Md. Zahirul Haque Chowdhury,Gono Odhikar Parishad (GOP),117,3,"ds,dt,tbs",ds=0; dt=117; tbs=117,
Brahmanbaria 4,Shaheen Khan,National People's Party (NPP),109,3,"ds,dt,tbs",ds=0; dt=109; tbs=109,
Brahmanbaria 5,Md. Abdul Mannan,Bangladesh Nationalist Party (BNP),85769,4,"bss,ds,dt,tbs",bss=85769; ds=85769; dt=85769; tbs=85769,
Brahmanbaria 5,Kazi Nazmul Hossain,Independent Candidate (Independent),84708,4,"bss,ds,dt,tbs",bss=84708; ds=84708; dt=84708; tbs=84708,
Brahmanbaria 5,Amzad Hossain,Khelafat Majlis,60857,3,"ds,dt,tbs",ds=0; dt=60857; tbs=60857,
Brahmanbaria 5,Nazrul Islam,Islami Andolan Bangladesh (IAB),20696,3,"ds,dt,tbs",ds=0; dt=20696; tbs=20696,
Brahmanbaria 5,Mohammad Kamrul Islam,Jatiya Party (JaPa),372,3,"ds,dt,tbs",ds=0; dt=372; tbs=372,
Brahmanbaria 5,Md. Shaheen Khan,Communist Party of Bangladesh (CPB),359,3,"ds,dt,tbs",ds=0; dt=359; tbs=359,
Brahmanbaria 5,Nahida Jahan,Ganosanhati Andolan (GSA),266,3,"ds,dt,tbs",ds=0; dt=266; tbs=266,
Brahmanbaria 5,Mohammad Ashraful Haque,Insaniyat Biplob Bangladesh (IBB),257,3,"ds,dt,tbs",ds=0; dt=257; tbs=257,
Brahmanbaria 6,Md. Jonayed Abdur Rahim Shaki,Ganosanhati Andolan (GSA),95342,4,"bss,ds,dt,tbs",bss=95342; ds=95342; dt=95342; tbs=95342,
Brahmanbaria 6,Md. Mohsin,Bangladesh Jamaat-e-Islami (Jamaat),39976,4,"bss,ds,dt,tbs",bss=39976; ds=39976; dt=29976; tbs=39976,vote-mismatch: spread=25%
Brahmanbaria 6,Sayed Uddin Khan,Islami Andolan Bangladesh (IAB),8572,3,"ds,dt,tbs",ds=0; dt=8572; tbs=8572,
Brahmanbaria 6,Md. Abu Naser,Bangladesh Islami Front (BIF),2353,3,"ds,dt,tbs",ds=2353; dt=2353; tbs=2353,
Brahmanbaria 6,Dr. Md. Saiduzzaman Kamal,Independent Candidate (Independent),1926,3,"ds,dt,tbs",ds=0; dt=1926; tbs=1926,
Brahmanbaria 6,Mohammad Abu Kayes Sikder,Independent Candidate (Independent),666,3,"ds,dt,tbs",ds=0; dt=666; tbs=666,
Brahmanbaria 6,Shafiqul Islam,Gono Odhikar Parishad (GOP),289,3,"ds,dt,tbs",ds=0; dt=289; tbs=289,
Brahmanbaria 6,K. M. Jabir,Jatiya Samajtantrik Dal (JSD),167,3,"ds,dt,tbs",ds=0; dt=167; tbs=167,
Brahmanbaria 6,Md. Habibur Rahman,Insaniyat Biplob Bangladesh (IBB),139,3,"ds,dt,tbs",ds=0; dt=139; tbs=139,
Brahmanbaria 6,Md. Shafiqul Islam,National People's Party (NPP),106,3,"ds,dt,tbs",ds=0; dt=106; tbs=106,
Chandpur 1,A. N. M. Ehsanul Hoque Milon,Bangladesh Nationalist Party (BNP),133032,4,"bss,ds,dt,tbs",bss=133032; ds=133032; dt=133032; tbs=133032,
Chandpur 1,Abu Nashar Mohammad Maqbool Ahmad,Bangladesh Jamaat-e-Islami (Jamaat),70368,4,"bss,ds,dt,tbs",bss=70368; ds=70368; dt=70368; tbs=70368,
Chandpur 1,Mohammed Nasir Uddin,Bangladesh Islami Front (BIF),4371,3,"ds,dt,tbs",ds=0; dt=4371; tbs=4371,
Chandpur 1,Habib Khan,Jatiya Party (JaPa),652,3,"ds,dt,tbs",ds=0; dt=652; tbs=652,
Chandpur 1,Mohammad Azad Hossain,Gono Forum (GF),329,3,"ds,dt,tbs",ds=0; dt=329; tbs=329,
Chandpur 1,Md. Enayet Hossain,Gono Odhikar Parishad (GOP),217,3,"ds,dt,tbs",ds=0; dt=217; tbs=217,
Chandpur 2,Md. Jalal Uddin,Bangladesh Nationalist Party (BNP),172506,4,"bss,ds,dt,tbs",bss=172506; ds=172506; dt=172506; tbs=172506,
Chandpur 2,Md. Billal Hossain,Bangladesh Liberal Democratic Party (LDP),57473,4,"bss,ds,dt,tbs",bss=57473; ds=57473; dt=57473; tbs=57473,
Chandpur 2,Mansur,Islami Andolan Bangladesh (IAB),12307,3,"ds,dt,tbs",ds=0; dt=12307; tbs=12307,
Chandpur 2,Md. Emran Hossain Mia,Jatiya Party (JaPa),1328,3,"ds,dt,tbs",ds=0; dt=1328; tbs=1328,
Chandpur 2,Md. Faizunnur,Bangladesh Republican Party (BRP),509,3,"ds,dt,tbs",ds=0; dt=509; tbs=509,
Chandpur 2,Md. Golap Hossain,Gono Odhikar Parishad (GOP),315,3,"ds,dt,tbs",ds=0; dt=315; tbs=315,
Chandpur 2,Nasima Nazneen Sarker,Bangladesh Labour Party,283,3,"ds,dt,tbs",ds=0; dt=283; tbs=283,
Chandpur 2,Md. Enamul Haque,Nagorik Oikya (NO),143,3,"ds,dt,tbs",ds=0; dt=143; tbs=143,
Chandpur 3,Sheikh Farid Ahmed,Bangladesh Nationalist Party (BNP),165404,4,"bss,ds,dt,tbs",bss=165404; ds=165404; dt=165404; tbs=165404,
Chandpur 3,Md. Shahjahan Mia,Bangladesh Jamaat-e-Islami (Jamaat),100865,4,"bss,ds,dt,tbs",bss=100865; ds=100865; dt=100865; tbs=100865,
Chandpur 3,Md. Joynal Abedin Sheikh,Islami Andolan Bangladesh (IAB),14181,3,"ds,dt,tbs",ds=0; dt=14181; tbs=14181,
Chandpur 3,A. H. M. Ahsan Ullah,Bangladesh Islami Front (BIF),2274,3,"ds,dt,tbs",ds=0; dt=2274; tbs=2274,
Chandpur 3,Md. Jahangir Hossain,Communist Party of Bangladesh (CPB),676,3,"ds,dt,tbs",ds=0; dt=676; tbs=676,
Chandpur 3,Selim Akbar,Gono Forum (GF),307,3,"ds,dt,tbs",ds=0; dt=307; tbs=307,
Chandpur 3,Md. Zakir Hossain,Gono Odhikar Parishad (GOP),132,3,"ds,dt,tbs",ds=0; dt=132; tbs=132,
Chandpur 4,Md. Abdul Hannan,Independent Candidate (Independent),74175,4,"bss,ds,dt,tbs",bss=74175; ds=74175; dt=74175; tbs=74175,
Chandpur 4,Md. Harunur Rashid,Bangladesh Nationalist Party (BNP),69155,4,"bss,ds,dt,tbs",bss=69155; ds=69155; dt=69155; tbs=69155,
Chandpur 4,Md. Billal Hossain Miyaji,Bangladesh Jamaat-e-Islami (Jamaat),66692,3,"ds,dt,tbs",ds=0; dt=66692; tbs=66692,
Chandpur 4,Maqbul Hossain,Islami Andolan Bangladesh (IAB),5261,3,"ds,dt,tbs",ds=0; dt=5261; tbs=5261,
Chandpur 4,Md. Abdul Malek,Bangladesh Islami Front (BIF),509,3,"ds,dt,tbs",ds=0; dt=509; tbs=509,
Chandpur 4,Mahmud Alam,Jatiya Party (JaPa),277,3,"ds,dt,tbs",ds=0; dt=277; tbs=277,
Chandpur 4,Md. Munir Chowdhury,Gono Forum (GF),240,3,"ds,dt,tbs",ds=0; dt=240; tbs=240,
Chandpur 4,Zakir Hossain,Independent Candidate (Independent),184,3,"ds,dt,tbs",ds=0; dt=184; tbs=184,
Chandpur 5,Md. Mominul Haque,Bangladesh Nationalist Party (BNP),185404,4,"bss,ds,dt,tbs",bss=185404; ds=185404; dt=185404; tbs=185404,
Chandpur 5,Md. Neyamul Bashir,Bangladesh Liberal Democratic Party (LDP),75660,4,"bss,ds,dt,tbs",bss=75660; ds=75660; dt=75660; tbs=75660,
Chandpur 5,Sayed Bahadur Shah Mujaddedi,Bangladesh Islami Front (BIF),13178,2,"ds,dt",ds=0; dt=13178,
Chandpur 5,Mohammad Ali Patowary,Islami Andolan Bangladesh (IAB),6681,3,"ds,dt,tbs",ds=0; dt=6681; tbs=6671,
Chandpur 5,Mirza Gious Uddin,Jatiya Party (JaPa),1516,3,"ds,dt,tbs",ds=0; dt=1516; tbs=1516,
Chandpur 5,Md. Jakir Hossain Prodhania,Independent Candidate (Independent),268,3,"ds,dt,tbs",ds=0; dt=268; tbs=268,
Chandpur 5,Md. Mahmud Hasan Nayon,Insaniyat Biplob Bangladesh (IBB),256,3,"ds,dt,tbs",ds=0; dt=256; tbs=256,
Chapainawabganj 1,Md. Keramat Ali,Bangladesh Jamaat-e-Islami (Jamaat),206893,4,"bss,ds,dt,tbs",bss=206893; ds=206893; dt=206893; tbs=206893,
Chapainawabganj 1,Md. Shahjahan Mia,Bangladesh Nationalist Party (BNP),162515,4,"bss,ds,dt,tbs",bss=162515; ds=162515; dt=162515; tbs=162515,
Chapainawabganj 1,Moha. Afzal Hossain,Jatiya Party (JaPa),2263,3,"ds,dt,tbs",ds=0; dt=2263; tbs=2263,
Chapainawabganj 1,Md. Monirul Islam,Islami Andolan Bangladesh (IAB),1083,3,"ds,dt,tbs",ds=0; dt=1083; tbs=1083,
Chapainawabganj 1,Md. Abdul Halim,Bangladesh Sangskritik Muktijote (BSM),557,3,"ds,dt,tbs",ds=0; dt=557; tbs=557,
Chapainawabganj 1,Nabab Md. Shamsul Hoda,Bangladesh Islami Front (BIF),446,3,"ds,dt,tbs",ds=0; dt=446; tbs=446,
Chapainawabganj 2,Md. Mizanur Rahman,Bangladesh Jamaat-e-Islami (Jamaat),171227,4,"bss,ds,dt,tbs",bss=171227; ds=171227; dt=171227; tbs=171227,
Chapainawabganj 2,Md. Aminul Islam,Bangladesh Nationalist Party (BNP),155119,4,"bss,ds,dt,tbs",bss=155119; ds=155119; dt=155119; tbs=155119,
Chapainawabganj 2,Mohamod Khurshid Alam,Jatiya Party (JaPa),8175,3,"ds,dt,tbs",ds=0; dt=8175; tbs=8175,
Chapainawabganj 2,Md. Ibrahim Khalil,Islami Andolan Bangladesh (IAB),1069,3,"ds,dt,tbs",ds=0; dt=1069; tbs=1069,
Chapainawabganj 2,Md. Sadekul Isalm,Communist Party of Bangladesh (CPB),626,3,"ds,dt,tbs",ds=0; dt=626; tbs=626,
Chapainawabganj 3,Md. Nurul Islam,Bangladesh Jamaat-e-Islami (Jamaat),189640,4,"bss,ds,dt,tbs",bss=189640; ds=189640; dt=189640; tbs=189640,
Chapainawabganj 3,Md. Harunur Rashid,Bangladesh Nationalist Party (BNP),127037,4,"bss,ds,dt,tbs",bss=127037; ds=127037; dt=127037; tbs=127037,
Chapainawabganj 3,Md. Monirul Islam,Islami Andolan Bangladesh (IAB),820,3,"ds,dt,tbs",ds=0; dt=820; tbs=820,
Chapainawabganj 3,Md. Fazlul Islam Khan,Jatiya Samajtantrik Dal (JSD),637,3,"ds,dt,tbs",ds=0; dt=637; tbs=637,
Chapainawabganj 3,Md. Shofiqul Islam,Gono Odhikar Parishad (GOP),361,3,"ds,dt,tbs",ds=0; dt=361; tbs=361,
Chattogram 1,Nurul Amin,Bangladesh Nationalist Party (BNP),128799,4,"bss,ds,dt,tbs",bss=128799; ds=128799; dt=128799; tbs=128799,
Chattogram 1,Mohammad Chaifur Rahman,Bangladesh Jamaat-e-Islami (Jamaat),84538,4,"bss,ds,dt,tbs",bss=84538; ds=84538; dt=84538; tbs=84538,
Chattogram 1,Ferdous Ahmed Chowdhury,Islami Andolan Bangladesh (IAB),2108,3,"ds,dt,tbs",ds=0; dt=2108; tbs=2108,
Chattogram 1,Syed Shahadat Hossain,Jatiya Party (JaPa),1659,3,"ds,dt,tbs",ds=0; dt=1659; tbs=1659,
Chattogram 1,Rezaul Karim,Insaniyat Biplob Bangladesh (IBB),780,3,"ds,dt,tbs",ds=0; dt=780; tbs=780,
Chattogram 1,Sheikh Zulfikar Bulbul Chowdhury,Bangladesh Muslim League (BML),269,3,"ds,dt,tbs",ds=0; dt=269; tbs=269,
Chattogram 1,A. K. M. Abu Yusufe,Jatiya Samajtantrik Dal (JSD),258,3,"ds,dt,tbs",ds=0; dt=258; tbs=258,
Chattogram 10,Saeed Al Noman,Bangladesh Nationalist Party (BNP),122978,4,"bss,ds,dt,tbs",bss=122978; ds=122978; dt=122978; tbs=122978,
Chattogram 10,Muhammad Shamsuzzaman Helali,Bangladesh Jamaat-e-Islami (Jamaat),76919,4,"bss,ds,dt,tbs",bss=76919; ds=76919; dt=76919; tbs=76919,
Chattogram 10,Muhammad Jannatul Islam,Islami Andolan Bangladesh (IAB),3880,3,"ds,dt,tbs",ds=0; dt=3880; tbs=3880,
Chattogram 10,Md. Liaquat Ali,Bangladesh Islami Front (BIF),2441,3,"ds,dt,tbs",ds=0; dt=2441; tbs=2441,
Chattogram 10,Mohammad Emdad Hossain Chowdhury,Jatiya Party (JaPa),1079,3,"ds,dt,tbs",ds=0; dt=1079; tbs=1079,
Chattogram 10,Sabina Khatun,Insaniyat Biplob Bangladesh (IBB),960,3,"ds,dt,tbs",ds=0; dt=960; tbs=960,
Chattogram 10,Mohammed Arman Ali,Independent Candidate (Independent),357,3,"ds,dt,tbs",ds=0; dt=357; tbs=357,
Chattogram 10,Asma Akhtar,Socialist Party of Bangladesh (Marxist) (SPB-M),305,3,"ds,dt,tbs",ds=0; dt=305; tbs=305,
Chattogram 10,Md. Osman Ghani,Bangladesh Labour Party,161,3,"ds,dt,tbs",ds=0; dt=161; tbs=161,
Chattogram 11,Amir Khasru Mahmud Chowdhury,Bangladesh Nationalist Party (BNP),115999,4,"bss,ds,dt,tbs",bss=115999; ds=115999; dt=115999; tbs=115999,
Chattogram 11,Mohammad Shafiul Alam,Bangladesh Jamaat-e-Islami (Jamaat),76681,4,"bss,ds,dt,tbs",bss=76681; ds=76681; dt=76681; tbs=76681,
Chattogram 11,Muhammad Abu Taher,Bangladesh Islami Front (BIF),5127,3,"ds,dt,tbs",ds=0; dt=5127; tbs=5127,
Chattogram 11,Md. Noor Uddin,Islami Andolan Bangladesh (IAB),2557,3,"ds,dt,tbs",ds=0; dt=2557; tbs=2557,
Chattogram 11,Abu Taher,Jatiya Party (JaPa),1004,3,"ds,dt,tbs",ds=0; dt=1004; tbs=1004,
Chattogram 11,Uzzwal Bhowmik,Gono Forum (GF),307,3,"ds,dt,tbs",ds=0; dt=307; tbs=307,
Chattogram 11,Deepa Majumder,Socialist Party of Bangladesh (Marxist) (SPB-M),231,3,"ds,dt,tbs",ds=0; dt=231; tbs=231,
Chattogram 11,Md. Aziz Meah,Insaniyat Biplob Bangladesh (IBB),210,3,"ds,dt,tbs",ds=0; dt=210; tbs=210,
Chattogram 11,Mohammad Jahangir Bhuiyan,Independent Candidate (Independent),178,3,"ds,dt,tbs",ds=0; dt=178; tbs=178,
Chattogram 11,Md. Nizamul Haque Al Qaderi,Bangladesh Samajtantrik Dal (Basad),120,3,"ds,dt,tbs",ds=0; dt=120; tbs=120,
Chattogram 11,Muhammad Nezam Uddin,Gono Odhikar Parishad (GOP),104,3,"ds,dt,tbs",ds=0; dt=104; tbs=104,
Chattogram 12,Mohammad Enamul Haque,Bangladesh Nationalist Party (BNP),135044,4,"bss,ds,dt,tbs",bss=135044; ds=135044; dt=135044; tbs=135044,
Chattogram 12,Syed Air Mohammad Payaru,Bangladesh Islami Front (BIF),28999,4,"bss,ds,dt,tbs",bss=28999; ds=28999; dt=28999; tbs=28999,
Chattogram 12,Mohammad Faridul Alam,Bangladesh Jamaat-e-Islami (Jamaat),21706,3,"ds,dt,tbs",ds=0; dt=21706; tbs=21706,
Chattogram 12,Mohammad Abu Taleb Helali,Insaniyat Biplob Bangladesh (IBB),929,3,"ds,dt,tbs",ds=0; dt=929; tbs=929,
Chattogram 12,S. M. Belal Noor,Islami Andolan Bangladesh (IAB),901,3,"ds,dt,tbs",ds=0; dt=901; tbs=901,
Chattogram 12,Farid Ahammed Chowdhury,Jatiya Party (JaPa),732,3,"ds,dt,tbs",ds=0; dt=732; tbs=732,
Chattogram 12,Muhammad Shakhawat Hossain,Independent Candidate (Independent),243,3,"ds,dt,tbs",ds=0; dt=243; tbs=243,
Chattogram 12,M. Eyakub Ali,Bangladesh Liberal Democratic Party (LDP),118,3,"ds,dt,tbs",ds=0; dt=118; tbs=118,
Chattogram 13,Sarwar Jamal Nizam,Bangladesh Nationalist Party (BNP),126192,4,"bss,ds,dt,tbs",bss=126192; ds=126192; dt=126192; tbs=126192,
Chattogram 13,"S, M, Shah Jahan",Bangladesh Islami Front (BIF),51450,4,"bss,ds,dt,tbs",bss=51450; ds=51450; dt=51450; tbs=51450,
Chattogram 13,Mahmudul Hassan,Bangladesh Jamaat-e-Islami (Jamaat),35030,3,"ds,dt,tbs",ds=0; dt=35030; tbs=35030,
Chattogram 13,Abdur Rob Chowdhury,Jatiya Party (JaPa),440,3,"ds,dt,tbs",ds=0; dt=440; tbs=440,
Chattogram 13,Mohammad Emran,Nationalist Democratic Movement (NDM),204,3,"ds,dt,tbs",ds=0; dt=204; tbs=204,
Chattogram 13,Md. Rezaul Mustafa,Insaniyat Biplob Bangladesh (IBB),191,3,"ds,dt,tbs",ds=0; dt=191; tbs=191,
Chattogram 13,Md. Mujibur Rahman Chowdhury,Gono Odhikar Parishad (GOP),168,3,"ds,dt,tbs",ds=0; dt=168; tbs=168,
Chattogram 14,Alhajj Jashim Uddin Ahammed,Bangladesh Nationalist Party (BNP),76493,4,"bss,ds,dt,tbs",bss=76493; ds=76493; dt=76493; tbs=76493,
Chattogram 14,Omar Farooq,Bangladesh Liberal Democratic Party (LDP),75467,4,"bss,ds,dt,tbs",bss=75467; ds=75467; dt=75467; tbs=75467,
Chattogram 14,Mawlana Md. Solaiman,Bangladesh Islami Front (BIF),22992,3,"ds,dt,tbs",ds=0; dt=22992; tbs=22992,
Chattogram 14,Mohammad Mizanul Haque Chowdhury,Independent Candidate (Independent),3630,3,"ds,dt,tbs",ds=0; dt=3630; tbs=3630,
Chattogram 14,Mohammad Abdul Hamid,Islami Andolan Bangladesh (IAB),1539,3,"ds,dt,tbs",ds=0; dt=1539; tbs=1539,
Chattogram 14,Shafiqul Islam Rahi,Independent Candidate (Independent),1165,3,"ds,dt,tbs",ds=0; dt=1165; tbs=1165,
Chattogram 14,Mohammad Badsha Mia,Jatiya Party (JaPa),293,3,"ds,dt,tbs",ds=0; dt=293; tbs=293,
Chattogram 14,H. M. Iliyas,Insaniyat Biplob Bangladesh (IBB),149,3,"ds,dt,tbs",ds=0; dt=149; tbs=149,
Chattogram 15,Shahjahan Chowdhury,Bangladesh Jamaat-e-Islami (Jamaat),181238,4,"bss,ds,dt,tbs",bss=181238; ds=181238; dt=181238; tbs=181238,
Chattogram 15,Nazmul Mustafa Amin,Bangladesh Nationalist Party (BNP),130661,4,"bss,ds,dt,tbs",bss=130661; ds=130661; dt=130661; tbs=130661,
Chattogram 15,Shariful Alam Chowdhury,Islami Andolan Bangladesh (IAB),2909,3,"ds,dt,tbs",ds=0; dt=2909; tbs=2909,
Chattogram 16,Mohammad Zahirul Islam,Bangladesh Jamaat-e-Islami (Jamaat),93167,4,"bss,ds,dt,tbs",bss=93167; ds=93167; dt=93167; tbs=93167,
Chattogram 16,Mishkatul Islam Chowdhury,Bangladesh Nationalist Party (BNP),83105,4,"bss,ds,dt,tbs",bss=83105; ds=83105; dt=83105; tbs=83105,
Chattogram 16,Mohammed Liaquat Ali,Independent Candidate (Independent),55492,3,"ds,dt,tbs",ds=55492; dt=55492; tbs=55492,
Chattogram 16,Hafez Ruhullah,Islami Andolan Bangladesh (IAB),4054,3,"ds,dt,tbs",ds=4054; dt=4054; tbs=4054,
Chattogram 16,Abdul Malek,Bangladesh Islami Front (BIF),844,3,"ds,dt,tbs",ds=844; dt=844; tbs=844,
Chattogram 16,Md. Ariful Haque,Gono Odhikar Parishad (GOP),243,3,"ds,dt,tbs",ds=243; dt=243; tbs=243,
Chattogram 16,Ehsanul Hoque,Bangladesh Muslim League (BML),105,3,"ds,dt,tbs",ds=105; dt=105; tbs=105,
Chattogram 2,Md. Sarowar Alamgir,Bangladesh Nationalist Party (BNP),139831,2,"ds,dt",ds=0; dt=139831,
Chattogram 2,Mohammad Nurul Amin,Bangladesh Jamaat-e-Islami (Jamaat),65550,3,"bss,ds,dt",bss=0; ds=0; dt=65550,
Chattogram 2,Shahzada Syed Saifuddin Ahmed,Bangladesh Supreme Party (BSP),12737,2,"ds,dt",ds=0; dt=12737,
Chattogram 2,Mohammed Julfikar Ali Mannan,Islami Andolan Bangladesh (IAB),2248,3,"bss,ds,dt",bss=0; ds=0; dt=2248,
Chattogram 2,Mohammad Golam Nawsher Ali,Janotar Dol,397,2,"ds,dt",ds=0; dt=397,
Chattogram 2,Jinnat Akter,Independent Candidate (Independent),276,2,"ds,dt",ds=0; dt=276,
Chattogram 2,Ahamed Kabir,Independent Candidate (Independent),270,2,"ds,dt",ds=0; dt=270,
Chattogram 2,Rabiul Hasan,Gono Odhikar Parishad (GOP),266,2,"ds,dt",ds=0; dt=266,
Chattogram 3,Mostafa Kamal Pasha,Bangladesh Nationalist Party (BNP),73037,4,"bss,ds,dt,tbs",bss=73037; ds=73037; dt=73037; tbs=73037,
Chattogram 3,Muhammad Ala Uddin,Bangladesh Jamaat-e-Islami (Jamaat),39662,4,"bss,ds,dt,tbs",bss=39662; ds=39662; dt=39662; tbs=39662,
Chattogram 3,Mohammad Amzad Hossain,Islami Andolan Bangladesh (IAB),5145,2,"ds,dt",ds=0; dt=5145,
Chattogram 3,Md. Moyahidul Mawla,Independent Candidate (Independent),308,2,"ds,dt",ds=0; dt=308,
Chattogram 4,Mohammad Aslam Chowdhury,Bangladesh Nationalist Party (BNP),143552,3,"bss,ds,dt",bss=0; ds=0; dt=143552,
Chattogram 4,Md. Anwar Siddiqui,Bangladesh Jamaat-e-Islami (Jamaat),91404,3,"bss,ds,dt",bss=0; ds=0; dt=91404,
Chattogram 4,Md. Sirajudollah,Bangladesh Islami Front (BIF),7267,2,"ds,dt",ds=0; dt=7267,
Chattogram 4,Md. Didarul Mowla,Islami Andolan Bangladesh (IAB),1337,2,"ds,dt",ds=0; dt=1337,
Chattogram 4,Md. Shahidul Islam Chowdhury,Bangladesh Supreme Party (BSP),923,2,"ds,dt",ds=0; dt=923,
Chattogram 4,Md. Mosiuddowlah,Communist Party of Bangladesh (CPB),738,2,"ds,dt",ds=0; dt=738,
Chattogram 4,Jahidul Alam,Ganosanhati Andolan (GSA),301,2,"ds,dt",ds=0; dt=301,
Chattogram 4,Md. Zakaria Khaled,Bangladesh Nezame Islam Party (BNIP),193,2,"ds,dt",ds=0; dt=193,
Chattogram 4,A. T. M. Parvez,Gono Odhikar Parishad (GOP),166,2,"ds,dt",ds=0; dt=166,
Chattogram 5,Mir Mohammed Helal Uddin,Bangladesh Nationalist Party (BNP),147054,4,"bss,ds,dt,tbs",bss=147054; ds=147054; dt=147054; tbs=147054,
Chattogram 5,Md. Nasir Uddin,Khelafat Majlis,46589,4,"bss,ds,dt,tbs",bss=46589; ds=46589; dt=46589; tbs=46589,
Chattogram 5,Muhammad Rafiqul Islam,Bangladesh Islami Front (BIF),15420,2,"ds,dt",ds=0; dt=15420,
Chattogram 5,Mati Ullah Noori,Islami Andolan Bangladesh (IAB),2422,2,"ds,dt",ds=0; dt=2422,
Chattogram 5,Mohammad Imam Uddin Riyad,Independent Candidate (Independent),1129,2,"ds,dt",ds=0; dt=1129,
Chattogram 5,Md. Alauddin,Bangladesh Labour Party,396,2,"ds,dt",ds=0; dt=396,
Chattogram 6,Gias Uddin Quader Chowdhury,Bangladesh Nationalist Party (BNP),112237,4,"bss,ds,dt,tbs",bss=112237; ds=112237; dt=112237; tbs=112237,
Chattogram 6,Mohammad Ilyach Noori,Bangladesh Islami Front (BIF),27146,4,"bss,ds,dt,tbs",bss=27146; ds=27146; dt=27146; tbs=27146,
Chattogram 6,Md. Shahajahan Monjo,Bangladesh Jamaat-e-Islami (Jamaat),22118,3,"ds,dt,tbs",ds=0; dt=22118; tbs=22118,
Chattogram 6,Nasir Uddin Talukder,Ganosanhati Andolan (GSA),829,3,"ds,dt,tbs",ds=0; dt=829; tbs=829,
Chattogram 7,Humam Quader Chowdhury,Bangladesh Nationalist Party (BNP),101445,4,"bss,ds,dt,tbs",bss=101445; ds=101445; dt=101445; tbs=101445,
Chattogram 7,A. T. M. Rezaul Karim,Bangladesh Jamaat-e-Islami (Jamaat),41719,4,"bss,ds,dt,tbs",bss=41719; ds=41719; dt=41719; tbs=41719,
Chattogram 7,Muhammad Iqbal Hasan,Bangladesh Islami Front (BIF),30239,3,"ds,dt,tbs",ds=0; dt=30239; tbs=30239,
Chattogram 7,Abdullah Al Haroon,Islami Andolan Bangladesh (IAB),1307,3,"ds,dt,tbs",ds=0; dt=1307; tbs=1307,
Chattogram 7,Pramode Baran Barua,Communist Party of Bangladesh (CPB),441,3,"ds,dt,tbs",ds=0; dt=441; tbs=441,
Chattogram 7,Md. Mahade Rashed,Jatiya Party (JaPa),411,3,"ds,dt,tbs",ds=0; dt=411; tbs=411,
Chattogram 7,Md. Abdur Rahman,Amar Bangladesh Party (AB),158,3,"ds,dt,tbs",ds=0; dt=158; tbs=158,
Chattogram 7,Md. Belal Uddin,Gono Odhikar Parishad (GOP),129,3,"ds,dt,tbs",ds=0; dt=129; tbs=129,
Chattogram 8,Ershad Ullah,Bangladesh Nationalist Party (BNP),152969,4,"bss,ds,dt,tbs",bss=152969; ds=152969; dt=152969; tbs=152969,
Chattogram 8,Md. Abu Nasser,Bangladesh Jamaat-e-Islami (Jamaat),53564,4,"bss,ds,dt,tbs",bss=53564; ds=53564; dt=53564; tbs=53564,
Chattogram 8,Syed Muhammad Hasan,Bangladesh Islami Front (BIF),42585,3,"ds,dt,tbs",ds=0; dt=42585; tbs=42585,
Chattogram 8,Md. Jobairul Hasan Arif,National Citizen Party (NCP),3349,3,"ds,dt,tbs",ds=0; dt=3349; tbs=3349,
Chattogram 8,Mohammad Nurul Alam,Islami Andolan Bangladesh (IAB),1208,3,"ds,dt,tbs",ds=0; dt=1208; tbs=1208,
Chattogram 8,Mohammad Emdadul Haque,Insaniyat Biplob Bangladesh (IBB),884,3,"ds,dt,tbs",ds=0; dt=884; tbs=884,
Chattogram 9,Mohammad Abu Sufyan,Bangladesh Nationalist Party (BNP),109388,4,"bss,ds,dt,tbs",bss=109388; ds=109388; dt=109388; tbs=109388,
Chattogram 9,Dr. A. K. M. Fazlul Haque,Bangladesh Jamaat-e-Islami (Jamaat),53807,4,"bss,ds,dt,tbs",bss=53807; ds=53807; dt=53807; tbs=53807,
Chattogram 9,Muhammad Wahed Murad,Bangladesh Islami Front (BIF),4204,3,"ds,dt,tbs",ds=0; dt=4204; tbs=4204,
Chattogram 9,Syed Mohammad Hasan Maruf,Ganosanhati Andolan (GSA),1040,3,"ds,dt,tbs",ds=0; dt=1040; tbs=1040,
Chattogram 9,Abdus Shukkur,Islami Andolan Bangladesh (IAB),941,3,"ds,dt,tbs",ds=0; dt=941; tbs=941,
Chattogram 9,Md. Haider Ali Chowdhury,Janotar Dol,561,3,"ds,dt,tbs",ds=0; dt=561; tbs=561,
Chattogram 9,Md. Shafi Uddin Kabir,Socialist Party of Bangladesh (Marxist) (SPB-M),494,3,"ds,dt,tbs",ds=0; dt=494; tbs=494,
Chattogram 9,Abdul Momen Chowdhury,Jatiya Samajtantrik Dal (JSD),128,3,"ds,dt,tbs",ds=0; dt=128; tbs=128,
Chattogram 9,Mohammad Naim Uddin,Insaniyat Biplob Bangladesh (IBB),112,3,"ds,dt,tbs",ds=0; dt=112; tbs=112,
Chattogram 9,Md. Nurul Abshar Majumder,Nagorik Oikya (NO),107,3,"ds,dt,tbs",ds=0; dt=107; tbs=107,
Chuadanga 1,Md. Masood Parvez,Bangladesh Jamaat-e-Islami (Jamaat),211041,4,"bss,ds,dt,tbs",bss=211041; ds=211041; dt=211041; tbs=211041,
Chuadanga 1,Md. Sharifuzzaman,Bangladesh Nationalist Party (BNP),153193,4,"bss,ds,dt,tbs",bss=153193; ds=153193; dt=153193; tbs=153193,
Chuadanga 1,Mohammad Zahurul Islam,Islami Andolan Bangladesh (IAB),10122,3,"ds,dt,tbs",ds=10122; dt=10122; tbs=10122,
Chuadanga 2,Md. Ruhul Amin,Bangladesh Jamaat-e-Islami (Jamaat),208011,4,"bss,ds,dt,tbs",bss=208011; ds=208011; dt=208011; tbs=208011,
Chuadanga 2,Mahmud Hasan Khan,Bangladesh Nationalist Party (BNP),163877,4,"bss,ds,dt,tbs",bss=163877; ds=163877; dt=163877; tbs=163877,
Chuadanga 2,Md. Hasanuzzaman,Islami Andolan Bangladesh (IAB),6374,3,"ds,dt,tbs",ds=0; dt=6374; tbs=6374,
Cox's Bazar 1,Salahuddin Ahmed,Bangladesh Nationalist Party (BNP),222019,4,"bss,ds,dt,tbs",bss=222019; ds=222019; dt=222019; tbs=222019,
Cox's Bazar 1,Abdullah Al Farukh,Bangladesh Jamaat-e-Islami (Jamaat),129728,4,"bss,ds,dt,tbs",bss=129728; ds=129728; dt=129728; tbs=129728,
Cox's Bazar 1,Md. Sarwar Alam Kotobi,Islami Andolan Bangladesh (IAB),4528,3,"ds,dt,tbs",ds=4528; dt=4528; tbs=4528,
Cox's Bazar 2,Alamgir Muhammad Mahfuz Ullah Farid,Bangladesh Nationalist Party (BNP),125543,4,"bss,ds,dt,tbs",bss=125543; ds=124660; dt=125543; tbs=125543,
Cox's Bazar 2,A. H. M. Hamidur Rahman Azad,Bangladesh Jamaat-e-Islami (Jamaat),91889,4,"bss,ds,dt,tbs",bss=91889; ds=89817; dt=91889; tbs=91889,
Cox's Bazar 2,Ziaul Haque,Islami Andolan Bangladesh (IAB),8799,3,"ds,dt,tbs",ds=0; dt=8799; tbs=8799,
Cox's Bazar 2,Md. Mahmudul Karim,Jatiya Party (JaPa),757,3,"ds,dt,tbs",ds=0; dt=757; tbs=757,
Cox's Bazar 2,S. M. Rukunuzzaman Khan,Gono Odhikar Parishad (GOP),197,3,"ds,dt,tbs",ds=0; dt=197; tbs=197,
Cox's Bazar 3,Lutfur Rahman,Bangladesh Nationalist Party (BNP),182096,4,"bss,ds,dt,tbs",bss=182096; ds=182096; dt=182096; tbs=182096,
Cox's Bazar 3,Shahidul Alam (Bahadur),Bangladesh Jamaat-e-Islami (Jamaat),161827,4,"bss,ds,dt,tbs",bss=161827; ds=161827; dt=161827; tbs=161827,
Cox's Bazar 3,Amirul Islam,Islami Andolan Bangladesh (IAB),5149,3,"ds,dt,tbs",ds=0; dt=5149; tbs=5149,
Cox's Bazar 3,Md. Elias Mia,Independent Candidate (Independent),947,3,"ds,dt,tbs",ds=0; dt=947; tbs=947,
Cox's Bazar 3,Jagadish Barua,Bangladesh Labour Party,602,3,"ds,dt,tbs",ds=0; dt=602; tbs=602,
Cox's Bazar 3,Nurul Abshar,Amjanatar Dol,367,3,"ds,dt,tbs",ds=0; dt=367; tbs=367,
Cox's Bazar 4,Shahjahan Chowdhury,Bangladesh Nationalist Party (BNP),123582,4,"bss,ds,dt,tbs",bss=123582; ds=123582; dt=123582; tbs=123582,
Cox's Bazar 4,Noor Ahmad Anwari,Bangladesh Jamaat-e-Islami (Jamaat),122033,4,"bss,ds,dt,tbs",bss=122033; ds=122033; dt=122033; tbs=122033,
Cox's Bazar 4,Nurul Haque,Islami Andolan Bangladesh (IAB),4338,3,"ds,dt,tbs",ds=0; dt=4338; tbs=4338,
Cox's Bazar 4,Saifuddin Khaled,Nationalist Democratic Movement (NDM),379,3,"ds,dt,tbs",ds=0; dt=379; tbs=379,
Cumilla 1,Dr. Khandaker Mosharraf Hossain,Bangladesh Nationalist Party (BNP),141440,4,"bss,ds,dt,tbs",bss=141440; ds=141440; dt=141440; tbs=141440,
Cumilla 1,Md. Moniruzzaman,Bangladesh Jamaat-e-Islami (Jamaat),94845,4,"bss,ds,dt,tbs",bss=94845; ds=94845; dt=94845; tbs=94845,
Cumilla 1,Bashir Ahmed,Islami Andolan Bangladesh (IAB),6502,3,"ds,dt,tbs",ds=0; dt=6502; tbs=6502,
Cumilla 1,Sayed Md. Ifthekhar Ahsan,Jatiya Party (JaPa),631,3,"ds,dt,tbs",ds=0; dt=631; tbs=631,
Cumilla 1,Md. Shafiul Bashar,Amar Bangladesh Party (AB),511,3,"ds,dt,tbs",ds=0; dt=511; tbs=511,
Cumilla 1,Md. Abul Kalam Azad,Bangladesh Republican Party (BRP),411,3,"ds,dt,tbs",ds=0; dt=411; tbs=411,
Cumilla 1,Omar Farooq,Independent Candidate (Independent),205,3,"ds,dt,tbs",ds=0; dt=205; tbs=205,
Cumilla 1,Abu Zayed Al Mahnud,Independent Candidate (Independent),201,3,"ds,dt,tbs",ds=0; dt=201; tbs=201,
Cumilla 1,Barua Monojit Dhiman,Bangladesh Samajtantrik Dal (Basad),144,3,"ds,dt,tbs",ds=0; dt=144; tbs=144,
Cumilla 10,Md. Mobasher Alam Bhuiyan,Bangladesh Nationalist Party (BNP),163667,4,"bss,ds,dt,tbs",bss=163667; ds=163667; dt=163667; tbs=163667,
Cumilla 10,মুহাম্মদ ইয়াছিন আরাফাত,Bangladesh Jamaat-e-Islami (Jamaat),123733,4,"bss,ds,dt,tbs",bss=123733; ds=123733; dt=123733; tbs=123733,"same-party-merged (LOW SIMILARITY 0.11): [bss] 'মুহাম্মদ ইয়াছিন আরাফাত' (bss=123733) -> [ds,dt,tbs] 'Muhammad Yasin Arafat' (ds=123733; dt=123733; tbs=123733), party=Bangladesh Jamaat-e-Islami (Jamaat)"
Cumilla 10,Md. Shamsuddoha,Islami Andolan Bangladesh (IAB),7959,3,"ds,dt,tbs",ds=0; dt=7959; tbs=7959,
Cumilla 10,Hasan Mahmud,Bangladesh Congress,400,3,"ds,dt,tbs",ds=0; dt=400; tbs=400,
Cumilla 10,Md. Abdullah Al Noman,Amjanatar Dol,373,3,"ds,dt,tbs",ds=0; dt=373; tbs=373,
Cumilla 10,Kazi Nur E Alam Siddiqui,Bangladesh Sangskritik Muktijote (BSM),322,3,"ds,dt,tbs",ds=0; dt=322; tbs=422,vote-mismatch: spread=24%
Cumilla 10,Ramiz Bin Arif,Gono Odhikar Parishad (GOP),293,3,"ds,dt,tbs",ds=0; dt=293; tbs=293,
Cumilla 11,Syed Abdullah Mohammed Taher,Bangladesh Jamaat-e-Islami (Jamaat),133308,4,"bss,ds,dt,tbs",bss=133308; ds=133308; dt=133308; tbs=133308,
Cumilla 11,Md. Kamrul Huda,Bangladesh Nationalist Party (BNP),76638,4,"bss,ds,dt,tbs",bss=76638; ds=76638; dt=76638; tbs=76638,
Cumilla 11,Md. Mahiuddin (Shaheed),Islami Andolan Bangladesh (IAB),2766,3,"ds,dt,tbs",ds=0; dt=2766; tbs=2766,
Cumilla 11,Md. Main Uddin,Jatiya Party (JaPa),704,3,"ds,dt,tbs",ds=0; dt=704; tbs=704,
Cumilla 11,A. F. M. Abdur Rahim,Bangladesh Congress,194,3,"ds,dt,tbs",ds=0; dt=194; tbs=194,
Cumilla 11,Mohammad Yusuf,Bangladesh Sangskritik Muktijote (BSM),186,3,"ds,dt,tbs",ds=0; dt=186; tbs=186,
Cumilla 11,Md. Alamgir,Gono Front (GF),98,3,"ds,dt,tbs",ds=0; dt=98; tbs=98,
Cumilla 2,Md. Selim Bhuiyan,Bangladesh Nationalist Party (BNP),77037,4,"bss,ds,dt,tbs",bss=77037; ds=77037; dt=77037; tbs=77037,
Cumilla 2,Md. Abdul Matin,Independent Candidate (Independent),63045,4,"bss,ds,dt,tbs",bss=63045; ds=63045; dt=63045; tbs=63045,
Cumilla 2,Md. Nazim Uddin,Bangladesh Jamaat-e-Islami (Jamaat),53384,3,"ds,dt,tbs",ds=0; dt=53384; tbs=53384,
Cumilla 2,Mohammad Ashraful Alam,Islami Andolan Bangladesh (IAB),6611,3,"ds,dt,tbs",ds=0; dt=6611; tbs=6611,
Cumilla 2,Md. Abdus Salam,Bangladesh Islami Front (BIF),767,3,"ds,dt,tbs",ds=0; dt=767; tbs=767,
Cumilla 2,Md. Amir Hossain,Jatiya Party (JaPa),570,3,"ds,dt,tbs",ds=0; dt=570; tbs=570,
Cumilla 3,Qazi Shah Mofazzal Hossain (Kaikobad),Bangladesh Nationalist Party (BNP),159291,4,"bss,ds,dt,tbs",bss=159291; ds=159291; dt=159291; tbs=159291,
Cumilla 3,Md. Yousuf Sohel,Bangladesh Jamaat-e-Islami (Jamaat),109599,4,"bss,ds,dt,tbs",bss=109599; ds=109599; dt=109599; tbs=109599,
Cumilla 3,Ahmed Abdul Kaiyum,Islami Andolan Bangladesh (IAB),3593,3,"ds,dt,tbs",ds=0; dt=3593; tbs=3593,
Cumilla 3,Md. Khorshed Alam,Bangladesh Congress,717,3,"ds,dt,tbs",ds=0; dt=717; tbs=717,
Cumilla 3,Moniruzzaman,Gono Odhikar Parishad (GOP),633,3,"ds,dt,tbs",ds=0; dt=633; tbs=633,
Cumilla 3,Chowdhury Rakibul Haque,Amjanatar Dol,244,3,"ds,dt,tbs",ds=0; dt=244; tbs=244,
Cumilla 3,Md. Sharif Uddin Sarkar,Insaniyat Biplob Bangladesh (IBB),167,3,"ds,dt,tbs",ds=0; dt=167; tbs=167,
Cumilla 3,Riyaz Md. Sharif,Nationalist Democratic Movement (NDM),152,3,"ds,dt,tbs",ds=0; dt=152; tbs=152,
Cumilla 3,Md. Amdadoll Huque,Bangladesh Republican Party (BRP),111,3,"ds,dt,tbs",ds=0; dt=111; tbs=111,
Cumilla 4,Md. Abul Hasnat,National Citizen Party (NCP),166583,4,"bss,ds,dt,tbs",bss=166583; ds=166583; dt=166583; tbs=166583,
Cumilla 4,Md. A. Jasim Uddin,Gono Odhikar Parishad (GOP),49885,4,"bss,ds,dt,tbs",bss=49885; ds=49885; dt=49885; tbs=49885,
Cumilla 4,Md. Abdul Karim,Islami Andolan Bangladesh (IAB),2232,3,"ds,dt,tbs",ds=0; dt=2232; tbs=2232,
Cumilla 4,Irfanul Haque Sarkar,Insaniyat Biplob Bangladesh (IBB),427,3,"ds,dt,tbs",ds=0; dt=427; tbs=427,
Cumilla 4,Md. Mazibur Rahman Farazi,Khelafat Majlis,248,3,"ds,dt,tbs",ds=0; dt=248; tbs=248,
Cumilla 5,Md. Jashim Uddin,Bangladesh Nationalist Party (BNP),134485,4,"bss,ds,dt,tbs",bss=134485; ds=134485; dt=134485; tbs=134485,
Cumilla 5,Mobarak Hussain,Bangladesh Jamaat-e-Islami (Jamaat),124547,4,"bss,ds,dt,tbs",bss=124587; ds=124547; dt=124547; tbs=124547,
Cumilla 5,Jobair Ahmed Bhuiyan,Amar Bangladesh Party (AB),2029,3,"ds,dt,tbs",ds=0; dt=2029; tbs=2029,
Cumilla 5,Md. Rashedul Islam,Islami Andolan Bangladesh (IAB),1505,3,"ds,dt,tbs",ds=0; dt=1505; tbs=1505,
Cumilla 5,Md. Emranul Haque,Jatiya Party (JaPa),705,3,"ds,dt,tbs",ds=0; dt=705; tbs=124547,vote-mismatch: spread=99%
Cumilla 5,Abdullah Al Kafee,Communist Party of Bangladesh (CPB),342,3,"ds,dt,tbs",ds=0; dt=342; tbs=342,
Cumilla 5,Tanzil Ahmed,Insaniyat Biplob Bangladesh (IBB),167,3,"ds,dt,tbs",ds=0; dt=167; tbs=167,
Cumilla 5,Shirin Akhter,Jatiya Samajtantrik Dal (JSD),153,3,"ds,dt,tbs",ds=0; dt=153; tbs=153,
Cumilla 5,Abul Kalam Idrish,Bangladesh Muslim League (BML),147,3,"ds,dt,tbs",ds=0; dt=147; tbs=147,
Cumilla 5,Md. Abul Bashar,National People's Party (NPP),104,3,"ds,dt,tbs",ds=0; dt=104; tbs=104,
Cumilla 6,Md. Monirul Haque Chowdhury,Bangladesh Nationalist Party (BNP),201706,4,"bss,ds,dt,tbs",bss=201706; ds=201706; dt=201706; tbs=201706,
Cumilla 6,Qazi Deen Mohammad,Bangladesh Jamaat-e-Islami (Jamaat),119851,4,"bss,ds,dt,tbs",bss=119851; ds=119851; dt=119851; tbs=119851,
Cumilla 6,Md. Mashum Billah Miazi,Bangladesh Islami Front (BIF),4648,3,"ds,dt,tbs",ds=0; dt=4648; tbs=4648,
Cumilla 6,Mohammad Harunur Rashid,Islami Andolan Bangladesh (IAB),2476,3,"ds,dt,tbs",ds=0; dt=2476; tbs=2476,
Cumilla 6,Md. Yeasin,Bangladesh Muslim League (BML),1597,2,"ds,tbs",ds=0; tbs=1597,
Cumilla 6,Kamrunnahar Shathi,Bangladesh Samajtantrik Dal (Basad),515,3,"ds,dt,tbs",ds=0; dt=515; tbs=515,
Cumilla 6,Obaidul Kabir Mohan,Jatiya Samajtantrik Dal (JSD),453,3,"ds,dt,tbs",ds=0; dt=453; tbs=453,
Cumilla 6,Mubarak Hossain,Gono Odhikar Parishad (GOP),215,3,"ds,dt,tbs",ds=0; dt=215; tbs=215,
Cumilla 6,Md. Amir Hossain Farayezi,Bangladesh Sangskritik Muktijote (BSM),153,3,"ds,dt,tbs",ds=0; dt=153; tbs=153,
Cumilla 7,Atiqul Alam,Independent Candidate (Independent),91690,4,"bss,ds,dt,tbs",bss=91690; ds=91690; dt=91690; tbs=91690,
Cumilla 7,Redowan Ahmed,Bangladesh Nationalist Party (BNP),48509,4,"bss,ds,dt,tbs",bss=48509; ds=48509; dt=48509; tbs=48509,
Cumilla 7,Sulaiman Khan,Khelafat Majlis,26319,3,"ds,dt,tbs",ds=0; dt=26319; tbs=26319,
Cumilla 7,Maolana Ehteshamul Hoque,Islami Andolan Bangladesh (IAB),14277,3,"ds,dt,tbs",ds=0; dt=14277; tbs=14277,
Cumilla 7,Sajal Kumar Kar,Bangladesh Sangskritik Muktijote (BSM),261,3,"ds,dt,tbs",ds=0; dt=261; tbs=261,
Cumilla 8,Zakaria Taher,Bangladesh Nationalist Party (BNP),169178,4,"bss,ds,dt,tbs",bss=169178; ds=169178; dt=169178; tbs=169178,
Cumilla 8,Md. Shafiqul Alam Helal,Bangladesh Jamaat-e-Islami (Jamaat),45091,4,"bss,ds,dt,tbs",bss=45091; ds=45091; dt=45091; tbs=45091,
Cumilla 8,Mohammad Golam Morshed,Bangladesh Supreme Party (BSP),3224,3,"ds,dt,tbs",ds=0; dt=3224; tbs=3224,
Cumilla 8,Md. Golam Shadek,Islami Andolan Bangladesh (IAB),2276,3,"ds,dt,tbs",ds=0; dt=2273; tbs=2276,
Cumilla 8,H. M. M. Erfan,Jatiya Party (JaPa),727,2,"ds,dt",ds=0; dt=727,
Cumilla 8,Abdul Kader,Islami Oikya Jote (IOJ),279,3,"ds,dt,tbs",ds=0; dt=279; tbs=279,
Cumilla 8,Md. Mofiz Uddin Ahmed,Bangladesh Republican Party (BRP),161,3,"ds,dt,tbs",ds=0; dt=161; tbs=161,
Cumilla 8,Md. Ali Ashraf,Bangladesh Samajtantrik Dal (Basad),160,3,"ds,dt,tbs",ds=0; dt=160; tbs=160,
Cumilla 9,Md. Abul Kalam,Bangladesh Nationalist Party (BNP),170008,4,"bss,ds,dt,tbs",bss=170008; ds=170008; dt=170008; tbs=170008,
Cumilla 9,Syed A. K. M. Sarowar Uddin Seddique,Bangladesh Jamaat-e-Islami (Jamaat),118961,4,"bss,ds,dt,tbs",bss=118961; ds=118961; dt=118961; tbs=118961,
Cumilla 9,Selim Mahmud,Islami Andolan Bangladesh (IAB),7626,3,"ds,dt,tbs",ds=0; dt=7626; tbs=7626,
Cumilla 9,Md. Abu Bakar Siddique,Bangladesh Islami Front (BIF),3919,3,"ds,dt,tbs",ds=0; dt=3919; tbs=3919,
Cumilla 9,Md. Golam Mustafa Kamal,Jatiya Party (JaPa),1216,3,"ds,dt,tbs",ds=0; dt=1216; tbs=1216,
Cumilla 9,Samira Hossain,Independent Candidate (Independent),476,3,"ds,dt,tbs",ds=0; dt=476; tbs=476,
Cumilla 9,Md. Abul Kashem,Independent Candidate (Independent),335,3,"ds,dt,tbs",ds=0; dt=335; tbs=335,
Cumilla 9,Md. Mizanur Rahman Chowdhury,Bangladesh Sangskritik Muktijote (BSM),124,3,"ds,dt,tbs",ds=0; dt=124; tbs=124,
Dhaka 1,Khondaker Abu Ashfaque,Bangladesh Nationalist Party (BNP),173781,4,"bss,ds,dt,tbs",bss=173781; ds=173781; dt=173781; tbs=173781,
Dhaka 1,Mohammad Nazrul Islam,Bangladesh Jamaat-e-Islami (Jamaat),112622,4,"bss,ds,dt,tbs",bss=112622; ds=112622; dt=112622; tbs=112622,
Dhaka 1,Nurul Islam,Islami Andolan Bangladesh (IAB),6607,3,"ds,dt,tbs",ds=0; dt=6607; tbs=6607,
Dhaka 1,Antara Selima Huda,Independent Candidate (Independent),4880,3,"ds,dt,tbs",ds=0; dt=4880; tbs=4880,
Dhaka 1,Md. Nasir Uddin Molla,Jatiya Party (JaPa),1362,3,"ds,dt,tbs",ds=0; dt=1362; tbs=1362,
Dhaka 1,Shakh Mohammed Ali,Bangladesh Labour Party,271,3,"ds,dt,tbs",ds=0; dt=271; tbs=271,
Dhaka 10,Sheikh Rabiul Alam,Bangladesh Nationalist Party (BNP),80436,4,"bss,ds,dt,tbs",bss=80436; ds=80436; dt=79035; tbs=80436,
Dhaka 10,Md. Jashim Uddin Sarker,Bangladesh Jamaat-e-Islami (Jamaat),77136,4,"bss,ds,dt,tbs",bss=77136; ds=77136; dt=74773; tbs=77136,
Dhaka 10,Abul Kalam Azad,Bangladesh Labour Party,0,2,"ds,dt",ds=0; dt=0,
Dhaka 10,Banhi Bepari,Jatiya Party (JaPa),0,2,"ds,dt",ds=0; dt=0,
Dhaka 10,Md. Abdul Awal,Islami Andolan Bangladesh (IAB),0,2,"ds,dt",ds=0; dt=0,
Dhaka 10,Md. Abu Hanif Hridoy,Bangladesh Republican Party (BRP),0,2,"ds,dt",ds=0; dt=0,
Dhaka 10,Md. Anichur Rahman,Bangladesh Sangskritik Muktijote (BSM),0,2,"ds,dt",ds=0; dt=0,
Dhaka 10,Md. Zakir Hossain,Janotar Dol,0,2,"ds,dt",ds=0; dt=0,
Dhaka 10,Nasreen Sultana,Amar Bangladesh Party (AB),0,2,"ds,dt",ds=0; dt=0,
Dhaka 10,Abdullah Al Hossain,Amjanatar Dol,0,1,dt,dt=0,
Dhaka 11,Md. Nahid Islam,National Citizen Party (NCP),93872,4,"bss,ds,dt,tbs",bss=93872; ds=93872; dt=93872; tbs=93872,
Dhaka 11,M. A. Quayum,Bangladesh Nationalist Party (BNP),91833,4,"bss,ds,dt,tbs",bss=91833; ds=91833; dt=91833; tbs=91833,
Dhaka 11,Sheikh Md. Fazle Bari Masud,Islami Andolan Bangladesh (IAB),4375,3,"ds,dt,tbs",ds=0; dt=4375; tbs=4375,
Dhaka 11,Shameem Ahmed,Jatiya Party (JaPa),1048,3,"ds,dt,tbs",ds=0; dt=1048; tbs=1048,
Dhaka 11,Kohinoor Akhter Bithi,Independent Candidate (Independent),794,3,"ds,dt,tbs",ds=0; dt=794; tbs=794,
Dhaka 11,Md. Zakir Hossain,Bangladesh Republican Party (BRP),283,3,"ds,dt,tbs",ds=0; dt=283; tbs=283,
Dhaka 11,Md. Mizanur Rahman,National People's Party (NPP),241,3,"ds,dt,tbs",ds=0; dt=241; tbs=241,
Dhaka 11,Kazi Md. Shahidullah,Bangladesh Sangskritik Muktijote (BSM),196,3,"ds,dt,tbs",ds=0; dt=196; tbs=196,
Dhaka 11,Md. Abdul Kader,Gono Forum (GF),130,3,"ds,dt,tbs",ds=0; dt=130; tbs=130,
Dhaka 11,Md. Arifur Rahman,Gono Odhikar Parishad (GOP),81,3,"ds,dt,tbs",ds=0; dt=81; tbs=81,
Dhaka 12,Md. Saiful Alam,Bangladesh Jamaat-e-Islami (Jamaat),53773,4,"bss,ds,dt,tbs",bss=53773; ds=53773; dt=9741; tbs=53773,vote-mismatch: spread=82%
Dhaka 12,Saiful Haque,Revolutionary Workers Party of Bangladesh (RWPB),30963,4,"bss,ds,dt,tbs",bss=30963; ds=30963; dt=30963; tbs=30963,
Dhaka 12,Saiful Alam Nirob,Independent Candidate (Independent),29869,3,"ds,dt,tbs",ds=0; dt=29869; tbs=29869,
Dhaka 12,Mahamudul Hasan,Islami Andolan Bangladesh (IAB),2058,3,"ds,dt,tbs",ds=0; dt=2058; tbs=2058,
Dhaka 12,Sarkar Mohammad Salauddin,Jatiya Party (JaPa),1770,3,"ds,dt,tbs",ds=0; dt=1770; tbs=1770,
Dhaka 12,Taslima Akhter,Ganosanhati Andolan (GSA),1511,3,"ds,dt,tbs",ds=0; dt=1511; tbs=1511,
Dhaka 12,Md. Tarek Rahman,Amjanatar Dol,1044,3,"ds,dt,tbs",ds=0; dt=1044; tbs=1044,
Dhaka 12,Kallol Banik,Communist Party of Bangladesh (CPB),453,3,"ds,dt,tbs",ds=0; dt=453; tbs=453,
Dhaka 12,Mohammad Shahjalal,Bangladesh Islami Front (BIF),184,3,"ds,dt,tbs",ds=0; dt=184; tbs=184,
Dhaka 12,Farid Ahmed,Janotar Dol,175,3,"ds,dt,tbs",ds=0; dt=175; tbs=175,
Dhaka 12,Mosammat Salma Akter,Insaniyat Biplob Bangladesh (IBB),133,3,"ds,dt,tbs",ds=0; dt=133; tbs=133,
Dhaka 12,Abul Bashar Chowdhury,Gono Odhikar Parishad (GOP),115,3,"ds,dt,tbs",ds=0; dt=115; tbs=115,
Dhaka 12,Muntasir Mahmud,Bangladesh Sangskritik Muktijote (BSM),115,3,"ds,dt,tbs",ds=0; dt=115; tbs=115,
Dhaka 12,Mominul Amin,Nationalist Democratic Movement (NDM),58,3,"ds,dt,tbs",ds=0; dt=58; tbs=58,
Dhaka 12,Mohammad Naim Hasan,Bangladesh Jatiya Party (BJP),47,3,"ds,dt,tbs",ds=0; dt=47; tbs=47,
Dhaka 13,Bobby Hajjaj,Bangladesh Nationalist Party (BNP),88387,4,"bss,ds,dt,tbs",bss=88387; ds=88387; dt=88387; tbs=88387,
Dhaka 13,Md. Mamunul Haque,Khelafat Majlis,86067,4,"bss,ds,dt,tbs",bss=86067; ds=86067; dt=86067; tbs=86067,
Dhaka 13,Sheikh Md. Robiul Islam,Independent Candidate (Independent),972,3,"ds,dt,tbs",ds=0; dt=972; tbs=972,
Dhaka 13,Sohel Rana,Independent Candidate (Independent),711,3,"ds,dt,tbs",ds=0; dt=711; tbs=711,
Dhaka 13,Fatema Akhter Monia,Insaniyat Biplob Bangladesh (IBB),513,3,"ds,dt,tbs",ds=0; dt=513; tbs=513,
Dhaka 13,Md. Khalekuzzaman,Bangladesh Samajtantrik Dal (Basad),486,3,"ds,dt,tbs",ds=0; dt=486; tbs=486,
Dhaka 13,Shahriar Iftekhar,Bangladesh Muslim League (BML),464,3,"ds,dt,tbs",ds=0; dt=464; tbs=464,
Dhaka 13,Mizanur Rahman,Gono Odhikar Parishad (GOP),336,3,"ds,dt,tbs",ds=0; dt=336; tbs=336,
Dhaka 13,Md. Shahabuddin,Bangladesh Minority Janata Party (BMJP),331,3,"ds,dt,tbs",ds=0; dt=331; tbs=331,
Dhaka 14,Mir Ahmad Bin Quasem,Bangladesh Jamaat-e-Islami (Jamaat),101113,4,"bss,ds,dt,tbs",bss=101113; ds=101113; dt=101113; tbs=101113,
Dhaka 14,Sanjida Islam,Bangladesh Nationalist Party (BNP),83323,4,"bss,ds,dt,tbs",bss=83323; ds=83323; dt=83323; tbs=83323,
Dhaka 14,Syed Abu Bakar Siddiqui,Independent Candidate (Independent),16328,3,"ds,dt,tbs",ds=0; dt=16328; tbs=16328,
Dhaka 14,Md. Abu Yousuf,Islami Andolan Bangladesh (IAB),3760,3,"ds,dt,tbs",ds=0; dt=3760; tbs=3760,
Dhaka 14,Md. Helal Uddin,Jatiya Party (JaPa),857,3,"ds,dt,tbs",ds=0; dt=857; tbs=857,
Dhaka 14,Md. Sohel Rana,Bangladesh Liberal Democratic Party (LDP),385,3,"ds,dt,tbs",ds=0; dt=385; tbs=385,
Dhaka 14,Riyaz Uddin,Communist Party of Bangladesh (CPB),369,3,"ds,dt,tbs",ds=0; dt=369; tbs=369,
Dhaka 14,Md. Osman Ali,Bangladesh Supreme Party (BSP),302,3,"ds,dt,tbs",ds=0; dt=302; tbs=302,
Dhaka 14,Nurul Amin,Jatiya Samajtantrik Dal (JSD),219,3,"ds,dt,tbs",ds=0; dt=219; tbs=219,
Dhaka 14,Mohammad Moniruzzaman,Amar Bangladesh Party (AB),138,3,"ds,dt,tbs",ds=0; dt=138; tbs=138,
Dhaka 14,Md. Liton,Bangladesh Republican Party (BRP),83,3,"ds,dt,tbs",ds=0; dt=83; tbs=83,
Dhaka 14,Md. Jashim Uddin,Gono Forum (GF),79,3,"ds,dt,tbs",ds=0; dt=79; tbs=79,
Dhaka 15,Md. Shafiqur Rahman,Bangladesh Jamaat-e-Islami (Jamaat),85131,4,"bss,ds,dt,tbs",bss=85131; ds=85131; dt=85131; tbs=85131,
Dhaka 15,Md. Shafiqul Islam Khan,Bangladesh Nationalist Party (BNP),63517,4,"bss,ds,dt,tbs",bss=63513; ds=63517; dt=63517; tbs=63517,
Dhaka 15,Md. Shamsul Haque,Jatiya Party (JaPa),1421,3,"ds,dt,tbs",ds=0; dt=1421; tbs=1421,
Dhaka 15,Ahmed Sajedul Haque,Communist Party of Bangladesh (CPB),796,3,"ds,dt,tbs",ds=0; dt=796; tbs=796,"same-party-merged (LOW SIMILARITY 0.33): [dt,tbs] 'Md. Nilav Parvez' (dt=705; tbs=705) -> [ds,dt,tbs] 'Ahmed Sajedul Haque' (ds=0; dt=796; tbs=796), party=Communist Party of Bangladesh (CPB)"
Dhaka 15,Khan Shoaib Aman Ullah,Janotar Dol,378,3,"ds,dt,tbs",ds=0; dt=378; tbs=378,
Dhaka 15,Mubarak Hossain,Bangladesh Supreme Party (BSP),326,3,"ds,dt,tbs",ds=0; dt=326; tbs=326,
Dhaka 15,Md. Ashfaqur Rahman,Jatiya Samajtantrik Dal (JSD),210,3,"ds,dt,tbs",ds=0; dt=210; tbs=210,
Dhaka 16,Md. Abdul Baten,Bangladesh Jamaat-e-Islami (Jamaat),88828,4,"bss,ds,dt,tbs",bss=88828; ds=88828; dt=88828; tbs=88828,
Dhaka 16,Md. Aminul Haque,Bangladesh Nationalist Party (BNP),85467,4,"bss,ds,dt,tbs",bss=85467; ds=85467; dt=85467; tbs=85467,
Dhaka 16,Md. Saiful Islam,Islami Andolan Bangladesh (IAB),3679,3,"ds,dt,tbs",ds=0; dt=3679; tbs=3679,
Dhaka 16,Md. Sultan Ahmed Selim,Jatiya Party (JaPa),1464,3,"ds,dt,tbs",ds=0; dt=1464; tbs=1464,
Dhaka 16,Alhajj A. K. M. Moyazzem Hossain,Bangladesh Labour Party,494,3,"ds,dt,tbs",ds=0; dt=494; tbs=494,
Dhaka 16,Md. Rashidul Islam,Socialist Party of Bangladesh (Marxist) (SPB-M),209,3,"ds,dt,tbs",ds=0; dt=209; tbs=209,
Dhaka 16,Md. Tariqul Islam,National People's Party (NPP),167,3,"ds,dt,tbs",ds=0; dt=167; tbs=167,
Dhaka 16,Md. Abdul Quader Jilani,Bangladesh Sangskritik Muktijote (BSM),142,3,"ds,dt,tbs",ds=0; dt=142; tbs=142,
Dhaka 16,Md. Nazmul Haque,Bangladesh Jatiya Party (BJP),138,3,"ds,dt,tbs",ds=0; dt=138; tbs=138,
Dhaka 16,Md. Mamun Hossain,Gono Odhikar Parishad (GOP),109,3,"ds,dt,tbs",ds=0; dt=109; tbs=109,
Dhaka 16,Mohammad Touhiduzzaman,Bangladesh Khelafat Andolon (BKA),102,3,"ds,dt,tbs",ds=0; dt=102; tbs=102,
Dhaka 17,Tarique Rahman,Bangladesh Nationalist Party (BNP),72699,4,"bss,ds,dt,tbs",bss=72699; ds=72699; dt=72699; tbs=72699,
Dhaka 17,S. M. Khalekuzzaman,Bangladesh Jamaat-e-Islami (Jamaat),68300,4,"bss,ds,dt,tbs",bss=68300; ds=68300; dt=68300; tbs=68300,
Dhaka 17,Mohammad Ullah,Islami Andolan Bangladesh (IAB),1768,3,"ds,dt,tbs",ds=0; dt=1768; tbs=1768,
Dhaka 17,Atique Ahmed,Jatiya Party (JaPa),1168,3,"ds,dt,tbs",ds=0; dt=1168; tbs=1168,
Dhaka 17,Tapu Raihan,Jatiya Party (Manju) (JP–Manju),1041,3,"ds,dt,tbs",ds=0; dt=1041; tbs=1041,
Dhaka 17,Kazi Enayet Ullah,Independent Candidate (Independent),167,3,"ds,dt,tbs",ds=0; dt=167; tbs=167,
Dhaka 17,Md. Shamim Ahmed,Bangladesh Congress,130,3,"ds,dt,tbs",ds=0; dt=130; tbs=130,
Dhaka 17,Md. Anisuzzaman Khokon,Independent Candidate (Independent),111,3,"ds,dt,tbs",ds=0; dt=111; tbs=111,
Dhaka 17,Kamrul Hasan Nasim,Bangladesh Jatiya Party (BJP),92,3,"ds,dt,tbs",ds=0; dt=92; tbs=92,
Dhaka 17,Manzoor Humayun,Insaniyat Biplob Bangladesh (IBB),80,3,"ds,dt,tbs",ds=0; dt=80; tbs=80,
Dhaka 17,S. M. Abul Kalam Azad,Bangladesh Nationalist Front (BNF),61,3,"ds,dt,tbs",ds=0; dt=61; tbs=61,
Dhaka 17,Muhammad Rashidul Haque,Bangladesh Labour Party,60,3,"ds,dt,tbs",ds=0; dt=60; tbs=60,
Dhaka 18,S. M. Jahangir Hossain,Bangladesh Nationalist Party (BNP),144715,4,"bss,ds,dt,tbs",bss=144715; ds=144715; dt=144715; tbs=144715,
Dhaka 18,Ariful Islam,National Citizen Party (NCP),111297,4,"bss,ds,dt,tbs",bss=111297; ds=111297; dt=111297; tbs=111297,
Dhaka 18,Md. Anwar Hossain,Islami Andolan Bangladesh (IAB),4727,3,"ds,dt,tbs",ds=0; dt=4727; tbs=4727,
Dhaka 18,Md. Mohiuddin Howlader,Independent Candidate (Independent),3205,3,"ds,dt,tbs",ds=0; dt=3205; tbs=3205,
Dhaka 18,Md. Zakir Hossain,Jatiya Party (JaPa),2557,3,"ds,dt,tbs",ds=0; dt=2557; tbs=2557,
Dhaka 18,Md. Jasim Uddin,Bangladesh Islami Front (BIF),1647,3,"ds,dt,tbs",ds=0; dt=1647; tbs=1647,
Dhaka 18,Md. Ismail Hossain,Independent Candidate (Independent),930,3,"ds,dt,tbs",ds=0; dt=930; tbs=930,
Dhaka 18,Mahmudur Rahman Manna,Nagorik Oikya (NO),350,3,"ds,dt,tbs",ds=0; dt=350; tbs=350,
Dhaka 18,Mrs. Sabina Javed,National People's Party (NPP),301,3,"ds,dt,tbs",ds=0; dt=301; tbs=301,
Dhaka 18,Syed Harun Ur Rashid,Bangladesh Samajtantrik Dal (Basad),260,3,"ds,dt,tbs",ds=0; dt=260; tbs=260,
Dhaka 19,Dewan Mohammad Salauddin,Bangladesh Nationalist Party (BNP),190976,4,"bss,ds,dt,tbs",bss=190976; ds=190976; dt=101956; tbs=190976,vote-mismatch: spread=47%
Dhaka 19,Dilshana Parul,National Citizen Party (NCP),123283,4,"bss,ds,dt,tbs",bss=123283; ds=123283; dt=61269; tbs=125283,vote-mismatch: spread=51%
Dhaka 19,Chowdhury Hasan Sarwardy,Bangladesh Liberal Democratic Party (LDP),0,2,"ds,dt",ds=0; dt=0,
Dhaka 19,Md. Bahadur Islam,Jatiya Party (JaPa),0,2,"ds,dt",ds=0; dt=0,
Dhaka 19,Md. Israfil Hossain Shavery,National People's Party (NPP),0,2,"ds,dt",ds=0; dt=0,
Dhaka 19,Md. Kamrul,Bangladesh Muslim League (BML),0,2,"ds,dt",ds=0; dt=0,
Dhaka 19,Mohammad Faruk Khan,Islami Andolan Bangladesh (IAB),0,2,"ds,dt",ds=0; dt=0,
Dhaka 19,Sheikh Shawkat Hossain,Gono Odhikar Parishad (GOP),0,2,"ds,dt",ds=0; dt=0,
Dhaka 2,Md. Amanullah Aman,Bangladesh Nationalist Party (BNP),163793,4,"bss,ds,dt,tbs",bss=163793; ds=163793; dt=163793; tbs=163793,
Dhaka 2,Md. Abdul Haque,Bangladesh Jamaat-e-Islami (Jamaat),80053,4,"bss,ds,dt,tbs",bss=80053; ds=80053; dt=80053; tbs=80053,
Dhaka 2,Md. Jahirul Islam,Islami Andolan Bangladesh (IAB),6352,3,"ds,dt,tbs",ds=0; dt=6352; tbs=6352,
Dhaka 20,Md. Tamiz Uddin,Bangladesh Nationalist Party (BNP),162504,4,"bss,ds,dt,tbs",bss=162504; ds=162504; dt=162504; tbs=162504,
Dhaka 20,Nabila Tasnid,National Citizen Party (NCP),57787,4,"bss,ds,dt,tbs",bss=57787; ds=57787; dt=57787; tbs=57787,
Dhaka 20,Md. Ashraf Ali,Khelafat Majlis,9255,3,"ds,dt,tbs",ds=0; dt=9255; tbs=9255,
Dhaka 20,Ahsan Khan,Jatiya Party (JaPa),3135,3,"ds,dt,tbs",ds=0; dt=3135; tbs=3135,
Dhaka 20,Helal Uddin Ahmed,Amar Bangladesh Party (AB),492,3,"ds,dt,tbs",ds=0; dt=492; tbs=492,
Dhaka 20,Md. Arzu Mia,Jatiya Samajtantrik Dal (JSD),207,3,"ds,dt,tbs",ds=0; dt=207; tbs=207,
Dhaka 3,Goyasawar Chandra Roy,Bangladesh Nationalist Party (BNP),99163,4,"bss,ds,dt,tbs",bss=99163; ds=99163; dt=99163; tbs=99163,
Dhaka 3,Md. Shahinur Islam,Bangladesh Jamaat-e-Islami (Jamaat),83264,4,"bss,ds,dt,tbs",bss=83264; ds=83264; dt=83264; tbs=83264,
Dhaka 3,Md. Sultan Ahamed Khan,Islami Andolan Bangladesh (IAB),6286,3,"ds,dt,tbs",ds=0; dt=6286; tbs=6286,
Dhaka 3,Md. Faruk,Jatiya Party (JaPa),1075,3,"ds,dt,tbs",ds=0; dt=1075; tbs=1075,
Dhaka 3,Md. Bachchu Bhuiyan,Ganosanhati Andolan (GSA),378,3,"ds,dt,tbs",ds=0; dt=378; tbs=387,
Dhaka 3,Md. Monir Hossain,Independent Candidate (Independent),313,3,"ds,dt,tbs",ds=0; dt=313; tbs=313,
Dhaka 3,Mojibur Howladar,Bangladesh Samajtantrik Dal (Basad),196,3,"ds,dt,tbs",ds=0; dt=196; tbs=196,
Dhaka 3,Muhammad Rawshan Yazdani,Gono Forum (GF),182,3,"ds,dt,tbs",ds=0; dt=182; tbs=182,
Dhaka 3,Mohammad Jafar,Bangladesh Congress,155,3,"ds,dt,tbs",ds=0; dt=155; tbs=155,
Dhaka 3,Md. Sajjad,Gono Odhikar Parishad (GOP),97,3,"ds,dt,tbs",ds=0; dt=97; tbs=97,
Dhaka 4,Sayed Joynul Abedin,Bangladesh Jamaat-e-Islami (Jamaat),77367,4,"bss,ds,dt,tbs",bss=77367; ds=77367; dt=77367; tbs=77367,
Dhaka 4,Tanveer Ahmed,Bangladesh Nationalist Party (BNP),74447,4,"bss,ds,dt,tbs",bss=74447; ds=74447; dt=74447; tbs=74447,
Dhaka 4,Sayed Md. Mosaddek Billah,Islami Andolan Bangladesh (IAB),6518,3,"ds,dt,tbs",ds=0; dt=6518; tbs=6518,
Dhaka 4,Mohammad Mizanur Rahman,Independent Candidate (Independent),2867,3,"ds,dt,tbs",ds=0; dt=2867; tbs=2867,
Dhaka 4,Mohammad Firoz Alam,Communist Party of Bangladesh (CPB),367,3,"ds,dt,tbs",ds=0; dt=367; tbs=367,
Dhaka 4,Md. Abul Kalam Azad,Janotar Dol,191,3,"ds,dt,tbs",ds=0; dt=191; tbs=191,
Dhaka 4,Md. Zakir Hossain,Bangladesh Samajtantrik Dal (Basad),184,3,"ds,dt,tbs",ds=0; dt=184; tbs=184,
Dhaka 4,Sahel Ahmed Shohel,Bangladesh Sangskritik Muktijote (BSM),128,3,"ds,dt,tbs",ds=0; dt=128; tbs=128,
Dhaka 5,Mohammed Kamal Hossain,Bangladesh Jamaat-e-Islami (Jamaat),96641,4,"bss,ds,dt,tbs",bss=96641; ds=96641; dt=96641; tbs=96641,
Dhaka 5,Md. Nabi Ullah,Bangladesh Nationalist Party (BNP),87491,4,"bss,ds,dt,tbs",bss=87491; ds=87491; dt=87491; tbs=87491,
Dhaka 5,Md. Ibrahim,Islami Andolan Bangladesh (IAB),14206,3,"ds,dt,tbs",ds=0; dt=14206; tbs=14204,
Dhaka 5,Mir Abdus Sabur,Jatiya Party (JaPa),1346,3,"ds,dt,tbs",ds=0; dt=1346; tbs=1346,
Dhaka 5,Md. Humayun Kabir,Bangladesh Liberal Democratic Party (LDP),788,3,"ds,dt,tbs",ds=0; dt=788; tbs=788,
Dhaka 5,Md. Saiful Alam,Bangladesh Congress,262,3,"ds,dt,tbs",ds=0; dt=262; tbs=262,
Dhaka 5,Shahinur Akter Sumi,Socialist Party of Bangladesh (Marxist) (SPB-M),221,3,"ds,dt,tbs",ds=0; dt=221; tbs=221,
Dhaka 5,Tofazzal Hossain Mostofa,Communist Party of Bangladesh (CPB),206,3,"ds,dt,tbs",ds=0; dt=206; tbs=206,
Dhaka 5,Syed Mohammad Ibrahim,Gono Odhikar Parishad (GOP),93,3,"ds,dt,tbs",ds=0; dt=93; tbs=93,
Dhaka 5,Md. Golam Azom,Bangladesh Labour Party,81,3,"ds,dt,tbs",ds=0; dt=81; tbs=81,
Dhaka 5,Md. Taifur Rahman Rahi,Bangladesh Sangskritik Muktijote (BSM),35,3,"ds,dt,tbs",ds=0; dt=35; tbs=35,
Dhaka 6,Ishraque Hossain,Bangladesh Nationalist Party (BNP),78850,4,"bss,ds,dt,tbs",bss=78850; ds=78850; dt=78850; tbs=78850,
Dhaka 6,Md. Abdul Mannan,Bangladesh Jamaat-e-Islami (Jamaat),55697,4,"bss,ds,dt,tbs",bss=55697; ds=55697; dt=55697; tbs=55697,
Dhaka 6,Amir Uddin Ahmed (Dalu),Jatiya Party (JaPa),1778,3,"ds,dt,tbs",ds=0; dt=1778; tbs=1778,
Dhaka 6,Md. Yunus Ali Akand,Bangladesh Congress,319,2,"dt,tbs",dt=319; tbs=319,
Dhaka 6,Md. Aktar Hossain,Bangladesh Muslim League (BML),245,3,"ds,dt,tbs",ds=0; dt=245; tbs=245,
Dhaka 6,Ahmed Ali Sheikh,Gono Front (GF),152,3,"ds,dt,tbs",ds=0; dt=152; tbs=152,
Dhaka 6,Md. Fakhrul Islam,Gono Odhikar Parishad (GOP),138,3,"ds,dt,tbs",ds=0; dt=138; tbs=138,
Dhaka 7,Hamidur Rahman,Bangladesh Nationalist Party (BNP),104666,4,"bss,ds,dt,tbs",bss=104666; ds=104666; dt=104666; tbs=104666,
Dhaka 7,Md. Enayet Ullah,Bangladesh Jamaat-e-Islami (Jamaat),98483,4,"bss,ds,dt,tbs",bss=98483; ds=98483; dt=98483; tbs=98483,
Dhaka 7,Mohammad Ishaq Sarkar,Independent Candidate (Independent),11517,3,"ds,dt,tbs",ds=0; dt=11517; tbs=11517,
Dhaka 7,Md. Abdur Rahman,Islami Andolan Bangladesh (IAB),5081,3,"ds,dt,tbs",ds=0; dt=5081; tbs=5081,
Dhaka 7,Md. Habibullah,Bangladesh Khelafat Andolon (BKA),2783,3,"ds,dt,tbs",ds=0; dt=2783; tbs=2783,
Dhaka 7,Mohammad Saifuddin Ahmed Milon,Jatiya Party (JaPa),2294,3,"ds,dt,tbs",ds=0; dt=2294; tbs=2294,
Dhaka 7,Shima Dutta,Socialist Party of Bangladesh (Marxist) (SPB-M),677,3,"ds,dt,tbs",ds=0; dt=677; tbs=677,
Dhaka 7,Shafiqur Rahman,Bangladesh Republican Party (BRP),218,3,"ds,dt,tbs",ds=0; dt=218; tbs=218,
Dhaka 7,Shahana Selim,Jatiya Samajtantrik Dal (JSD),208,3,"ds,dt,tbs",ds=0; dt=208; tbs=208,
Dhaka 7,Maksudur Rahman,Bangladesh Sangskritik Muktijote (BSM),150,3,"ds,dt,tbs",ds=0; dt=150; tbs=150,
Dhaka 7,Md. Shahidul Islam,Bangladesh Jatiya Party (BJP),98,3,"ds,dt,tbs",ds=0; dt=98; tbs=98,
Dhaka 8,Mirza Abbas Uddin Ahmed,Bangladesh Nationalist Party (BNP),59366,4,"bss,ds,dt,tbs",bss=59366; ds=59366; dt=59366; tbs=59366,
Dhaka 8,Muhammad Nasiruddin Patwari,National Citizen Party (NCP),54127,4,"bss,ds,dt,tbs",bss=54127; ds=54127; dt=54127; tbs=54127,
Dhaka 8,Kefayet Ullah,Islami Andolan Bangladesh (IAB),1436,3,"ds,dt,tbs",ds=0; dt=1436; tbs=1436,
Dhaka 8,Md. Juber Alam Khan,Jatiya Party (JaPa),731,3,"ds,dt,tbs",ds=0; dt=731; tbs=731,
Dhaka 8,Tridip Kumar Saha,Communist Party of Bangladesh (CPB),714,3,"ds,dt,tbs",ds=0; dt=714; tbs=714,
Dhaka 8,Meghna Alam,Gono Odhikar Parishad (GOP),608,3,"ds,dt,tbs",ds=0; dt=608; tbs=608,
Dhaka 8,S. M. Sarowar,Bangladesh Islami Front (BIF),326,3,"ds,dt,tbs",ds=0; dt=326; tbs=326,
Dhaka 8,Md. Golam Sarowar,Janotar Dol,129,3,"ds,dt,tbs",ds=0; dt=129; tbs=129,
Dhaka 8,A. H. M. Rafiquzzaman Akanda,Socialist Party of Bangladesh (Marxist) (SPB-M),96,3,"ds,dt,tbs",ds=0; dt=96; tbs=96,
Dhaka 8,Md. Russell Kabir,Bangladesh Sangskritik Muktijote (BSM),78,3,"ds,dt,tbs",ds=0; dt=78; tbs=78,
Dhaka 8,A. F. M. Ismail Chowdhury,Jatiya Samajtantrik Dal (JSD),56,3,"ds,dt,tbs",ds=0; dt=56; tbs=56,
Dhaka 9,Habibur Rashid,Bangladesh Nationalist Party (BNP),111212,4,"bss,ds,dt,tbs",bss=111212; ds=111212; dt=111212; tbs=111212,
Dhaka 9,Mohammad Javed Mia,National Citizen Party (NCP),53460,4,"bss,ds,dt,tbs",bss=53460; ds=53460; dt=53460; tbs=53460,fuzzy-merged 'Javed Rasin' (tbs) -> 'Mohammad Javed Mia' (score=0.58)
Dhaka 9,Tasneem Jara,Independent Candidate (Independent),44684,3,"ds,dt,tbs",ds=0; dt=44684; tbs=44684,
Dhaka 9,Shah Iftekhar Ahsan,Islami Andolan Bangladesh (IAB),5827,3,"ds,dt,tbs",ds=0; dt=5827; tbs=5827,
Dhaka 9,Kazi Abul Khair,Jatiya Party (JaPa),1202,3,"ds,dt,tbs",ds=0; dt=1202; tbs=1202,
Dhaka 9,Md. Moniruzzaman,Communist Party of Bangladesh (CPB),462,3,"ds,dt,tbs",ds=0; dt=462; tbs=462,
Dhaka 9,Shaheen Khan,National People's Party (NPP),204,3,"ds,dt,tbs",ds=0; dt=204; tbs=204,
Dhaka 9,Nazma Akhtar,Gono Forum (GF),171,3,"ds,dt,tbs",ds=0; dt=171; tbs=171,
Dhaka 9,Nahid Hasan Chowdhury Jonayed,Insaniyat Biplob Bangladesh (IBB),131,3,"ds,dt,tbs",ds=0; dt=131; tbs=131,
Dhaka 9,Mohammad Shafi Ullah Chowdhury,Bangladesh Nationalist Front (BNF),124,3,"ds,dt,tbs",ds=0; dt=124; tbs=124,
Dhaka 9,Masud Hossain,Bangladesh Muslim League (BML),118,3,"ds,dt,tbs",ds=0; dt=118; tbs=118,
Dhaka 9,Khandaker Mizanur Rahman,Socialist Party of Bangladesh (Marxist) (SPB-M),93,3,"ds,dt,tbs",ds=0; dt=93; tbs=93,
Dinajpur 1,Md. Manzurul Islam,Bangladesh Nationalist Party (BNP),179314,4,"bss,ds,dt,tbs",bss=179314; ds=179314; dt=179314; tbs=179314,
Dinajpur 1,Md. Matiur Rahman,Bangladesh Jamaat-e-Islami (Jamaat),117481,4,"bss,ds,dt,tbs",bss=117481; ds=117481; dt=117481; tbs=117481,
Dinajpur 1,Md. Chan Mia,Islami Andolan Bangladesh (IAB),3095,3,"ds,dt,tbs",ds=0; dt=3095; tbs=3095,
Dinajpur 1,Raghunath Chandra Roy,Zaker Party (ZP),2280,3,"ds,dt,tbs",ds=0; dt=2280; tbs=2280,
Dinajpur 1,Md. Shahinur Islam,Jatiya Party (JaPa),1530,3,"ds,dt,tbs",ds=0; dt=1530; tbs=1530,
Dinajpur 1,Md. Rezuwanul Islam,Gono Odhikar Parishad (GOP),395,3,"ds,dt,tbs",ds=0; dt=395; tbs=395,
Dinajpur 2,Md. Sadik Riyaz,Bangladesh Nationalist Party (BNP),139622,4,"bss,ds,dt,tbs",bss=144317; ds=144317; dt=139622; tbs=139622,
Dinajpur 2,A. K. M. Afjalul Anam,Bangladesh Jamaat-e-Islami (Jamaat),101831,4,"bss,ds,dt,tbs",bss=101831; ds=101831; dt=104887; tbs=104887,
Dinajpur 2,Md. Anm Bazlur Rashid,Independent Candidate (Independent),15618,3,"ds,dt,tbs",ds=0; dt=15618; tbs=15618,
Dinajpur 2,Md. Zulfikar Hossain,Jatiya Party (JaPa),4647,3,"ds,dt,tbs",ds=0; dt=4647; tbs=4647,
Dinajpur 2,Anowar Chowdhury Jibon,Independent Candidate (Independent),3857,3,"ds,dt,tbs",ds=0; dt=3857; tbs=3857,
Dinajpur 2,Muha Redwanul Karim Rabid,Islami Andolan Bangladesh (IAB),1067,3,"ds,dt,tbs",ds=0; dt=1067; tbs=1061,
Dinajpur 2,Zobayer Sayeed,Khelafat Majlis,1046,3,"ds,dt,tbs",ds=0; dt=1046; tbs=1046,
Dinajpur 2,Md. Mokarram Hossain,Bangladesh Muslim League (BML),461,3,"ds,dt,tbs",ds=0; dt=461; tbs=4610,vote-mismatch: spread=90%
Dinajpur 3,Syed Jahangir Alam,Bangladesh Nationalist Party (BNP),140608,4,"bss,ds,dt,tbs",bss=139207; ds=139207; dt=140608; tbs=140608,
Dinajpur 3,Md. Mainul Alam,Bangladesh Jamaat-e-Islami (Jamaat),136239,4,"bss,ds,dt,tbs",bss=134618; ds=134618; dt=136239; tbs=136239,
Dinajpur 3,Ahmed Shafi Rubel,Jatiya Party (JaPa),3838,3,"ds,dt,tbs",ds=0; dt=3838; tbs=3838,
Dinajpur 3,Md. Khairuzzaman,Islami Andolan Bangladesh (IAB),1408,3,"ds,dt,tbs",ds=0; dt=1408; tbs=1408,
Dinajpur 3,Amrit Kumar Roy,Communist Party of Bangladesh (CPB),701,3,"ds,dt,tbs",ds=0; dt=701; tbs=701,
Dinajpur 3,Md. Rabiul Islam,Janotar Dol,337,3,"ds,dt,tbs",ds=0; dt=337; tbs=337,
Dinajpur 3,Kibria Hossain,Bangladesh Samajtantrik Dal (Basad),283,3,"ds,dt,tbs",ds=0; dt=283; tbs=283,
Dinajpur 3,Laila Tul Rima,Bangladesh Muslim League (BML),214,2,"ds,dt",ds=0; dt=214,
Dinajpur 4,Md. Akhtaruzzaman Mia,Bangladesh Nationalist Party (BNP),166717,4,"bss,ds,dt,tbs",bss=165577; ds=165577; dt=166717; tbs=166717,
Dinajpur 4,Md. Aftab Uddin Mollah,Bangladesh Jamaat-e-Islami (Jamaat),129056,4,"bss,ds,dt,tbs",bss=127666; ds=127666; dt=129056; tbs=129056,
Dinajpur 4,Md. Nurul Amin Shah,Jatiya Party (JaPa),3152,3,"ds,dt,tbs",ds=0; dt=3152; tbs=3152,
Dinajpur 4,Md. Anwar Hossain,Islami Andolan Bangladesh (IAB),1699,3,"ds,dt,tbs",ds=0; dt=1699; tbs=1699,
Dinajpur 5,A. Z. M. Rezwanul Haque,Independent Candidate (Independent),114484,4,"bss,ds,dt,tbs",bss=113650; ds=113650; dt=114484; tbs=114484,
Dinajpur 5,Md. Abdul Ahad,National Citizen Party (NCP),110195,4,"bss,ds,dt,tbs",bss=108948; ds=108948; dt=110195; tbs=110195,
Dinajpur 5,Akm Kamruzzaman,Bangladesh Nationalist Party (BNP),98544,3,"ds,dt,tbs",ds=0; dt=98544; tbs=98544,
Dinajpur 5,S. M. Zakaria Bacchu,Independent Candidate (Independent),4725,3,"ds,dt,tbs",ds=0; dt=4725; tbs=4725,
Dinajpur 5,Md. Hazrat Ali Belal,Independent Candidate (Independent),3027,3,"ds,dt,tbs",ds=0; dt=3027; tbs=3027,
Dinajpur 5,Md. Kazi Abdul Gafur,Jatiya Party (JaPa),1503,3,"ds,dt,tbs",ds=0; dt=1503; tbs=1503,
Dinajpur 5,Md. Rustam Ali,Independent Candidate (Independent),567,3,"ds,dt,tbs",ds=0; dt=567; tbs=567,
Dinajpur 6,Abu Jafar Md. Zahid Hossain,Bangladesh Nationalist Party (BNP),205118,4,"bss,ds,dt,tbs",bss=203887; ds=203887; dt=205118; tbs=205118,
Dinajpur 6,Md. Anowarul Islam,Bangladesh Jamaat-e-Islami (Jamaat),190703,4,"bss,ds,dt,tbs",bss=188719; ds=188719; dt=190703; tbs=190703,
Dinajpur 6,Md. Rezaul Haque,Jatiya Party (JaPa),2689,3,"ds,dt,tbs",ds=0; dt=2689; tbs=2689,
Dinajpur 6,Md. Nur Alam Siddiqui,Islami Andolan Bangladesh (IAB),1659,3,"ds,dt,tbs",ds=0; dt=1659; tbs=1659,
Dinajpur 6,Md. Abdul Hakim,Bangladesh Samajtantrik Dal (Basad),449,3,"ds,dt,tbs",ds=0; dt=449; tbs=449,
Dinajpur 6,Md. Abdullah,Independent Candidate (Independent),418,3,"ds,dt,tbs",ds=0; dt=418; tbs=418,
Dinajpur 6,Md. Shahnewaz Firoz Shuvo Shah,Independent Candidate (Independent),152,3,"ds,dt,tbs",ds=0; dt=152; tbs=152,
Faridpur 1,Md. Ilias Mollah,Bangladesh Jamaat-e-Islami (Jamaat),154145,4,"bss,ds,dt,tbs",bss=154145; ds=154772; dt=154145; tbs=154145,
Faridpur 1,Khandaker Nasirul Islam,Bangladesh Nationalist Party (BNP),126476,4,"bss,ds,dt,tbs",bss=126476; ds=126475; dt=126476; tbs=126476,
Faridpur 1,Md. Abul Bashar Khan,Independent Candidate (Independent),34387,3,"ds,dt,tbs",ds=0; dt=34387; tbs=34387,
Faridpur 1,Md. Golam Kabir Mia,Independent Candidate (Independent),2059,3,"ds,dt,tbs",ds=0; dt=2059; tbs=2159,
Faridpur 1,Mrinmoy Kanti Das,Bangladesh Minority Janata Party (BMJP),786,3,"ds,dt,tbs",ds=0; dt=786; tbs=786,
Faridpur 1,Sultan Ahmed Khan,Jatiya Party (JaPa),506,3,"ds,dt,tbs",ds=0; dt=506; tbs=506,
Faridpur 1,Md. Hasibur Rahman,Independent Candidate (Independent),455,3,"ds,dt,tbs",ds=0; dt=455; tbs=455,
Faridpur 1,Sheikh Abdur Rahman Jiko,Independent Candidate (Independent),84,3,"ds,dt,tbs",ds=0; dt=84; tbs=84,
Faridpur 1,Mohammad Arifur Rahman,Independent Candidate (Independent),0,2,"ds,dt",ds=0; dt=0,
Faridpur 2,Shama Obayed Islam,Bangladesh Nationalist Party (BNP),121694,4,"bss,ds,dt,tbs",bss=121694; ds=121694; dt=121694; tbs=121694,
Faridpur 2,Md. Akram Ali,Khelafat Majlis,89305,4,"bss,ds,dt,tbs",bss=89305; ds=89305; dt=89305; tbs=89305,
Faridpur 2,Shah Md. Jamal Uddin,Islami Andolan Bangladesh (IAB),2368,3,"ds,dt,tbs",ds=0; dt=2368; tbs=2368,
Faridpur 2,Farooq Fakir,Gono Odhikar Parishad (GOP),675,3,"ds,dt,tbs",ds=0; dt=675; tbs=675,
Faridpur 2,Akramuzzaman,Insaniyat Biplob Bangladesh (IBB),617,3,"ds,dt,tbs",ds=0; dt=0; tbs=617,
Faridpur 2,Md. Nazmul Hasan,Bangladesh Congress,257,3,"ds,dt,tbs",ds=0; dt=257; tbs=257,
Faridpur 3,Nayab Yusuf Ahmed,Bangladesh Nationalist Party (BNP),148545,4,"bss,ds,dt,tbs",bss=148545; ds=148545; dt=148545; tbs=148545,
Faridpur 3,Md. Abdut Tawab,Bangladesh Jamaat-e-Islami (Jamaat),124115,4,"bss,ds,dt,tbs",bss=124115; ds=124115; dt=124115; tbs=124115,
Faridpur 3,K. M. Sarowar,Islami Andolan Bangladesh (IAB),4022,3,"ds,dt,tbs",ds=0; dt=4022; tbs=4022,
Faridpur 3,Morshedul Islam Asif,Independent Candidate (Independent),1253,3,"ds,dt,tbs",ds=0; dt=1253; tbs=1253,
Faridpur 3,Md. Rafiquzzaman Mia,Communist Party of Bangladesh (CPB),967,3,"ds,dt,tbs",ds=0; dt=967; tbs=957,
Faridpur 3,Arifa Akhter Baby,Jatiya Samajtantrik Dal (JSD),251,3,"ds,dt,tbs",ds=0; dt=251; tbs=251,
Faridpur 4,Md. Shahidul Islam,Bangladesh Nationalist Party (BNP),127443,4,"bss,ds,dt,tbs",bss=127443; ds=127443; dt=127443; tbs=127443,
Faridpur 4,Md. Sarwar Hossain,Bangladesh Jamaat-e-Islami (Jamaat),75805,4,"bss,ds,dt,tbs",bss=75805; ds=75805; dt=75805; tbs=75805,
Faridpur 4,A. A. M. Mujahid Beg,Independent Candidate (Independent),56160,3,"ds,dt,tbs",ds=0; dt=56160; tbs=56160,
Faridpur 4,Md. Ishaq Chowdhury,Islami Andolan Bangladesh (IAB),11498,3,"ds,dt,tbs",ds=0; dt=11498; tbs=11498,
Faridpur 4,Muhammad Mujibur Hossain,Independent Candidate (Independent),1708,3,"ds,dt,tbs",ds=0; dt=1704; tbs=1708,
Faridpur 4,Mizanur Rahman,Khelafat Majlis,1118,3,"ds,dt,tbs",ds=0; dt=1118; tbs=1118,
Faridpur 4,Ataur Rahman,Communist Party of Bangladesh (CPB),714,3,"ds,dt,tbs",ds=0; dt=714; tbs=714,
Faridpur 4,Rayhan Jamil,Jatiya Party (JaPa),550,3,"ds,dt,tbs",ds=0; dt=550; tbs=550,
Feni 1,Munshi Rafiqul Alam,Bangladesh Nationalist Party (BNP),119904,4,"bss,ds,dt,tbs",bss=119904; ds=119904; dt=119904; tbs=119904,
Feni 1,S. M. Kamal Uddin,Bangladesh Jamaat-e-Islami (Jamaat),85615,4,"bss,ds,dt,tbs",bss=85615; ds=85615; dt=85615; tbs=85615,
Feni 1,Kazi Golam Kibria,Islami Andolan Bangladesh (IAB),5323,3,"ds,dt,tbs",ds=5323; dt=5323; tbs=5323,
Feni 1,Motaher Hossain Chowdhury,Jatiya Party (JaPa),940,3,"ds,dt,tbs",ds=940; dt=940; tbs=940,
Feni 1,Anwar Ullah Bhuiyan,Bangladesh Khelafat Andolon (BKA),310,3,"ds,dt,tbs",ds=310; dt=310; tbs=310,
Feni 1,Md. Firoz Uddin Chowdhury,Bangladesh Congress,215,3,"ds,dt,tbs",ds=215; dt=215; tbs=215,
Feni 1,Mahbub Morshed Majumdar,Bangladesh Muslim League (BML),188,3,"ds,dt,tbs",ds=188; dt=188; tbs=188,
Feni 2,Zainal Abedin,Bangladesh Nationalist Party (BNP),131210,4,"bss,ds,dt,tbs",bss=131210; ds=131210; dt=131210; tbs=131210,
Feni 2,Mohammad Mojibur Rahman Bhuiyan,Amar Bangladesh Party (AB),80058,4,"bss,ds,dt,tbs",bss=80058; ds=80058; dt=78447; tbs=80058,
Feni 2,Mohammad Ekramul Haque Bhuiyan,Islami Andolan Bangladesh (IAB),1927,3,"ds,dt,tbs",ds=0; dt=1927; tbs=6849,vote-mismatch: spread=72%
Feni 2,Md. Harunur Rashid Bhuiyan,Khelafat Majlis,820,3,"ds,dt,tbs",ds=0; dt=820; tbs=820,
Feni 2,Saiful Karim Majumdar,Amjanatar Dol,801,3,"ds,dt,tbs",ds=0; dt=801; tbs=801,
Feni 2,Md. Ismail,Independent Candidate (Independent),703,1,dt,dt=703,
Feni 2,Md. Tarek-ul Islam Bhuiyan,Gono Odhikar Parishad (GOP),409,3,"ds,dt,tbs",ds=0; dt=409; tbs=409,
Feni 2,Jasim Uddin,Socialist Party of Bangladesh (Marxist) (SPB-M),322,3,"ds,dt,tbs",ds=0; dt=322; tbs=322,
Feni 2,Mohammad Abul Hossain,Bangladesh Khelafat Andolon (BKA),304,3,"ds,dt,tbs",ds=0; dt=304; tbs=304,
Feni 2,Shamsuddin Majumder,Jatiya Samajtantrik Dal (JSD),240,3,"ds,dt,tbs",ds=0; dt=240; tbs=240,
Feni 2,Taherul Islam,Insaniyat Biplob Bangladesh (IBB),239,3,"ds,dt,tbs",ds=0; dt=239; tbs=239,
Feni 3,Mr. Abdul Awal Mintu,Bangladesh Nationalist Party (BNP),157425,4,"bss,ds,dt,tbs",bss=157425; ds=157425; dt=157425; tbs=157825,
Feni 3,Mohammad Fakhruddin,Bangladesh Jamaat-e-Islami (Jamaat),108160,4,"bss,ds,dt,tbs",bss=108160; ds=108160; dt=108160; tbs=108160,
Feni 3,Md. Saif Uddin,Islami Andolan Bangladesh (IAB),6701,3,"ds,dt,tbs",ds=0; dt=6701; tbs=6701,
Feni 3,Md. Abu Sufian,Jatiya Party (JaPa),1427,3,"ds,dt,tbs",ds=0; dt=1427; tbs=1427,
Feni 3,Abdul Malek,Bangladesh Samajtantrik Dal (Basad),731,3,"ds,dt,tbs",ds=0; dt=731; tbs=731,
Feni 3,Md. Abu Nasir,Bangladesh Islami Front (BIF),531,3,"ds,dt,tbs",ds=0; dt=531; tbs=531,
Feni 3,Md. Hasan Ahmad,Insaniyat Biplob Bangladesh (IBB),327,3,"ds,dt,tbs",ds=0; dt=327; tbs=327,
Feni 3,Mohammad Khaleduzzaman Patwari,Bangladesh Khelafat Andolon (BKA),320,3,"ds,dt,tbs",ds=0; dt=320; tbs=320,
Gaibandha 1,Md. Mazedur Rahman,Bangladesh Jamaat-e-Islami (Jamaat),140726,4,"bss,ds,dt,tbs",bss=140726; ds=140726; dt=114595; tbs=140726,
Gaibandha 1,Khandaker Ziaul Islam Mohammad Ali,Bangladesh Nationalist Party (BNP),37997,4,"bss,ds,dt,tbs",bss=37997; ds=37997; dt=28771; tbs=37997,vote-mismatch: spread=24%
Gaibandha 1,Shameem Haider Patwary,Jatiya Party (JaPa),25523,2,"ds,dt",ds=0; dt=25523,
Gaibandha 1,Md. Mostafa Mohsin,Independent Candidate (Independent),20495,2,"ds,dt",ds=0; dt=20495,
Gaibandha 1,Md. Ramzan Ali,Islami Andolan Bangladesh (IAB),1557,2,"ds,dt",ds=0; dt=1557,
Gaibandha 1,Paramananda Das,Socialist Party of Bangladesh (Marxist) (SPB-M),305,2,"ds,dt",ds=0; dt=305,
Gaibandha 1,Mosammat Salma Akter,Independent Candidate (Independent),282,2,"ds,dt",ds=0; dt=282,
Gaibandha 1,Md. Kausor Azam Hannu,Amjanatar Dol,141,2,"ds,dt",ds=0; dt=141,
Gaibandha 2,Md. Abdul Karim,Bangladesh Jamaat-e-Islami (Jamaat),122630,4,"bss,ds,dt,tbs",bss=122630; ds=122630; dt=121073; tbs=122630,
Gaibandha 2,Md. Anisuzzaman Khan Babu,Bangladesh Nationalist Party (BNP),92890,4,"bss,ds,dt,tbs",bss=92890; ds=92890; dt=92180; tbs=92890,
Gaibandha 2,Md. Abdur Rashid Sarker,Jatiya Party (JaPa),21143,2,"ds,dt",ds=0; dt=21143,
Gaibandha 2,Mohammad Abdul Majed,Islami Andolan Bangladesh (IAB),2351,2,"ds,dt",ds=0; dt=2351,
Gaibandha 2,Mihir Kumar Ghosh,Communist Party of Bangladesh (CPB),2318,2,"ds,dt",ds=0; dt=2318,
Gaibandha 2,Ahsanul Habib Sayeed,Socialist Party of Bangladesh (Marxist) (SPB-M),620,2,"ds,dt",ds=0; dt=620,
Gaibandha 2,Md. Shahedur Jahan,Janotar Dol,196,2,"ds,dt",ds=0; dt=196,
Gaibandha 3,Abul Kauchar Mohammad Nazrul Islam,Bangladesh Jamaat-e-Islami (Jamaat),162457,4,"bss,ds,dt,tbs",bss=162457; ds=163457; dt=85816; tbs=162457,vote-mismatch: spread=47%
Gaibandha 3,Professor Dr. Syed Mainul Hasan Sadiq,Bangladesh Nationalist Party (BNP),139864,4,"bss,ds,dt,tbs",bss=139864; ds=139864; dt=55500; tbs=139864,vote-mismatch: spread=60%
Gaibandha 3,Md. A. T. M. Awlad Hossain,Islami Andolan Bangladesh (IAB),1246,2,"ds,dt",ds=0; dt=1246,
Gaibandha 3,Md. Shoruj Mia,Gono Odhikar Parishad (GOP),995,2,"ds,dt",ds=0; dt=995,
Gaibandha 3,Moinur Rabbi Chowdhury,Jatiya Party (JaPa),904,2,"ds,dt",ds=0; dt=904,
Gaibandha 3,Md. Azizar Rahman,Independent Candidate (Independent),588,2,"ds,dt",ds=0; dt=588,
Gaibandha 3,Md. Abdullah Adil,Communist Party of Bangladesh (CPB),298,2,"ds,dt",ds=0; dt=298,
Gaibandha 3,S. M. Khademul Islam Khude,Independent Candidate (Independent),265,2,"ds,dt",ds=0; dt=265,
Gaibandha 3,Md. Mongorul Hoque,Janotar Dol,71,2,"ds,dt",ds=0; dt=71,
Gaibandha 3,Md. Mosaddiqual Islam,Insaniyat Biplob Bangladesh (IBB),49,2,"ds,dt",ds=0; dt=49,
Gaibandha 4,Mohammad Shamim Qaiser,Bangladesh Nationalist Party (BNP),142772,4,"bss,ds,dt,tbs",bss=142772; ds=142772; dt=72727; tbs=142772,vote-mismatch: spread=49%
Gaibandha 4,Md. Abdur Rahim Sarkar,Bangladesh Jamaat-e-Islami (Jamaat),139738,4,"bss,ds,dt,tbs",bss=139738; ds=139738; dt=63379; tbs=139738,vote-mismatch: spread=55%
Gaibandha 4,Kazi Md. Mashiur Rahman,Jatiya Party (JaPa),1174,2,"ds,dt",ds=0; dt=1174,
Gaibandha 4,Md. Abdur Rouf Akanda,Independent Candidate (Independent),777,2,"ds,dt",ds=0; dt=777,
Gaibandha 4,Said Touhidul Islam Tuhin,Islami Andolan Bangladesh (IAB),710,2,"ds,dt",ds=0; dt=710,
Gaibandha 4,Md. Atowarul Islam,Revolutionary Workers Party of Bangladesh (RWPB),98,2,"ds,dt",ds=0; dt=98,
Gaibandha 5,Md. Abdul Wareth,Bangladesh Jamaat-e-Islami (Jamaat),89274,4,"bss,ds,dt,tbs",bss=89274; ds=89274; dt=99378; tbs=89274,
Gaibandha 5,Md. Faruk Alam Sarkar,Bangladesh Nationalist Party (BNP),73483,4,"bss,ds,dt,tbs",bss=73483; ds=73483; dt=61525; tbs=73483,
Gaibandha 5,Nahiduzzaman Nishad,Jatiya Party (JaPa),33036,1,dt,dt=33036,
Gaibandha 5,A. H. M. Golam Shahid Ranjhu,Independent Candidate (Independent),8266,2,"ds,dt",ds=0; dt=8266,
Gaibandha 5,Shameem Haider Patwary,Jatiya Party (JaPa),3102,2,"ds,dt",ds=0; dt=3102,
Gaibandha 5,Md. Azizul Islam,Islami Andolan Bangladesh (IAB),1839,2,"ds,dt",ds=0; dt=1839,
Gaibandha 5,Hasan Mehdi Biddut,Independent Candidate (Independent),464,2,"ds,dt",ds=0; dt=464,
Gaibandha 5,Sree Nirmol,Communist Party of Bangladesh (CPB),434,2,"ds,dt",ds=0; dt=434,
Gaibandha 5,Mosammat Rahela Khatun,Socialist Party of Bangladesh (Marxist) (SPB-M),217,2,"ds,dt",ds=0; dt=217,
Gaibandha 5,Md. Nahiduzzaman,Independent Candidate (Independent),0,1,ds,ds=0,
Gazipur 1,Md. Mojibur Rahman,Bangladesh Nationalist Party (BNP),208688,4,"bss,ds,dt,tbs",bss=208688; ds=208688; dt=208688; tbs=208688,
Gazipur 1,Md. Shah Alam Bakshi,Bangladesh Jamaat-e-Islami (Jamaat),149553,4,"bss,ds,dt,tbs",bss=149553; ds=149553; dt=149553; tbs=149553,
Gazipur 1,Md. Imarat Hossain Khan,Independent Candidate (Independent),6703,3,"ds,dt,tbs",ds=0; dt=6703; tbs=6703,
Gazipur 1,Ruhul Amin,Islami Andolan Bangladesh (IAB),5696,3,"ds,dt,tbs",ds=0; dt=5696; tbs=5696,
Gazipur 1,S. M. Shafiqul Islam,Jatiya Party (JaPa),3325,3,"ds,dt,tbs",ds=0; dt=3325; tbs=3325,
Gazipur 1,Taslima Akhter,Socialist Party of Bangladesh (Marxist) (SPB-M),232,3,"ds,dt,tbs",ds=0; dt=232; tbs=232,
Gazipur 1,Chowdhury Irad Ahmed Siddiqui,Bangladesh Labour Party,168,3,"ds,dt,tbs",ds=0; dt=168; tbs=168,
Gazipur 1,Atiqul Islam,Gono Front (GF),129,3,"ds,dt,tbs",ds=0; dt=129; tbs=129,
Gazipur 2,M. Manjurul Karim Roni,Bangladesh Nationalist Party (BNP),188606,4,"bss,ds,dt,tbs",bss=188606; ds=188606; dt=188606; tbs=188606,
Gazipur 2,Ali Nasser Khan,National Citizen Party (NCP),140950,4,"bss,ds,dt,tbs",bss=140950; ds=140950; dt=140950; tbs=140950,
Gazipur 2,Hanif Sarkar,Islami Andolan Bangladesh (IAB),12657,3,"ds,dt,tbs",ds=0; dt=12657; tbs=12657,
Gazipur 2,Md. Mahbub Alam,Jatiya Party (JaPa),4125,3,"ds,dt,tbs",ds=0; dt=4125; tbs=4125,
Gazipur 2,Md. Ziaul Kabir,Communist Party of Bangladesh (CPB),1397,3,"ds,dt,tbs",ds=0; dt=1397; tbs=1397,
Gazipur 2,Md. Abdul Qayyum,Bangladesh Samajtantrik Dal (Basad),1155,3,"ds,dt,tbs",ds=0; dt=1155; tbs=1155,
Gazipur 2,Mohammad Shariful Islam,Janotar Dol,537,3,"ds,dt,tbs",ds=0; dt=537; tbs=537,
Gazipur 2,Jithe Barua,Independent Candidate (Independent),444,3,"ds,dt,tbs",ds=0; dt=444; tbs=444,
Gazipur 2,Sarkar Taslima Afroze,Insaniyat Biplob Bangladesh (IBB),417,3,"ds,dt,tbs",ds=0; dt=417; tbs=417,
Gazipur 2,Masud Reza,Socialist Party of Bangladesh (Marxist) (SPB-M),250,3,"ds,dt,tbs",ds=0; dt=250; tbs=250,
Gazipur 2,Mahfuzur Rahman Khan,Gono Odhikar Parishad (GOP),245,2,"dt,tbs",dt=245; tbs=245,
Gazipur 2,Atiqul Islam,Gono Front (GF),200,3,"ds,dt,tbs",ds=0; dt=200; tbs=200,
Gazipur 3,S. M. Rafiqul Islam,Bangladesh Nationalist Party (BNP),162343,4,"bss,ds,dt,tbs",bss=162343; ds=162343; dt=162343; tbs=162343,
Gazipur 3,Muhammad Ehsanul Haque,Khelafat Majlis,100539,4,"bss,ds,dt,tbs",bss=100539; ds=100539; dt=100539; tbs=100539,
Gazipur 3,Md. Izadur Rahman Chowdhury,Independent Candidate (Independent),21963,3,"ds,dt,tbs",ds=0; dt=21963; tbs=21963,
Gazipur 3,Alamgir Hossain,Islami Andolan Bangladesh (IAB),6036,3,"ds,dt,tbs",ds=0; dt=6036; tbs=6036,
Gazipur 3,Hafiz Mawlana Mufti Shamim Ahmed,Islami Oikya Jote (IOJ),2332,3,"ds,dt,tbs",ds=0; dt=2332; tbs=2332,
Gazipur 3,Md. Nazim Uddin,Jatiya Party (JaPa),1995,3,"ds,dt,tbs",ds=0; dt=1995; tbs=1995,
Gazipur 3,Ashiqul Islam Piyal,Bangladesh Samajtantrik Dal (Basad),484,3,"ds,dt,tbs",ds=0; dt=484; tbs=484,
Gazipur 4,Salah Uddin,Bangladesh Jamaat-e-Islami (Jamaat),101779,4,"bss,ds,dt,tbs",bss=101779; ds=101779; dt=101779; tbs=101779,
Gazipur 4,Shah Riazul Hannan,Bangladesh Nationalist Party (BNP),90390,4,"bss,ds,dt,tbs",bss=90390; ds=90390; dt=90390; tbs=90390,
Gazipur 4,Md. Kazim Uddin,Islami Andolan Bangladesh (IAB),2348,3,"ds,dt,tbs",ds=0; dt=2348; tbs=2348,
Gazipur 4,Enamul Kabir,Jatiya Party (JaPa),2147,3,"ds,dt,tbs",ds=0; dt=2147; tbs=2147,
Gazipur 4,Md. Shafiullah,Independent Candidate (Independent),1521,3,"ds,dt,tbs",ds=0; dt=1521; tbs=1521,
Gazipur 4,Manabendra Dev,Communist Party of Bangladesh (CPB),1091,3,"ds,dt,tbs",ds=0; dt=1091; tbs=1091,
Gazipur 4,Md. Zakir Hossain,Amjanatar Dol,278,3,"ds,dt,tbs",ds=0; dt=278; tbs=278,
Gazipur 4,Monir Hossain,National People's Party (NPP),135,3,"ds,dt,tbs",ds=0; dt=0; tbs=135,
Gazipur 5,A. K. M. Fazlul Haque Milon,Bangladesh Nationalist Party (BNP),133869,4,"bss,ds,dt,tbs",bss=133869; ds=133869; dt=133869; tbs=133869,
Gazipur 5,Md. Khairul Hassan,Bangladesh Jamaat-e-Islami (Jamaat),78123,4,"bss,ds,dt,tbs",bss=78123; ds=78123; dt=78123; tbs=78123,
Gazipur 5,Md. Azam Khan,Janotar Dol,6592,3,"ds,dt,tbs",ds=0; dt=6592; tbs=6592,
Gazipur 5,Gazi Ataur Rahman,Islami Andolan Bangladesh (IAB),4411,3,"ds,dt,tbs",ds=0; dt=4411; tbs=4411,
Gazipur 5,Dr. Md. Safiuddin Sarkar,Jatiya Party (JaPa),1497,2,"dt,tbs",dt=1497; tbs=1497,
Gazipur 5,Md. Al Amin Dewan,Bangladesh Islami Front (BIF),837,3,"ds,dt,tbs",ds=0; dt=837; tbs=837,
Gazipur 5,Md. Kajol Bhuiyan,Gono Forum (GF),223,3,"ds,dt,tbs",ds=0; dt=223; tbs=223,
Gopalganj 1,Md. Selimuzzaman Mollya,Bangladesh Nationalist Party (BNP),69462,4,"bss,ds,dt,tbs",bss=69462; ds=69462; dt=69462; tbs=69462,
Gopalganj 1,Md. Kabir Miya( Closest ),Gono Odhikar Parishad (GOP),54329,4,"bss,ds,dt,tbs",bss=0; ds=54329; dt=54329; tbs=54329,
Gopalganj 1,Md. Kayyum Ali Khan,Independent Candidate (Independent),34635,3,"ds,dt,tbs",ds=0; dt=34635; tbs=2180,vote-mismatch: spread=94%
Gopalganj 1,Muhammad Abdul Hamid Molla,Bangladesh Jamaat-e-Islami (Jamaat),34635,3,"ds,dt,tbs",ds=0; dt=34635; tbs=34635,
Gopalganj 1,Ashraful Alom,Independent Candidate (Independent),21276,3,"ds,dt,tbs",ds=0; dt=21276; tbs=21276,
Gopalganj 1,Mohammad Mizanur Rahman,Islami Andolan Bangladesh (IAB),5870,3,"ds,dt,tbs",ds=0; dt=5870; tbs=5870,
Gopalganj 1,M. Anisul Islam,Independent Candidate (Independent),3257,3,"ds,dt,tbs",ds=0; dt=3257; tbs=3257,
Gopalganj 1,Sultan Zaman Khan,Jatiya Party (JaPa),621,3,"ds,dt,tbs",ds=0; dt=621; tbs=621,
Gopalganj 1,Nirod Baran Majumder,Communist Party of Bangladesh (CPB),349,3,"ds,dt,tbs",ds=0; dt=349; tbs=349,
Gopalganj 2,K. M. Babar,Bangladesh Nationalist Party (BNP),40048,4,"bss,ds,dt,tbs",bss=40048; ds=40048; dt=40048; tbs=40048,
Gopalganj 2,M. H. Khan Manju,Independent Candidate (Independent),33039,4,"bss,ds,dt,tbs",bss=33039; ds=33039; dt=33039; tbs=33039,
Gopalganj 2,Shuayeb Ibrahim,Khelafat Majlis,28604,3,"ds,dt,tbs",ds=0; dt=28604; tbs=28604,
Gopalganj 2,Kamruzzaman Bhuiyan,Independent Candidate (Independent),27891,3,"ds,dt,tbs",ds=0; dt=27891; tbs=27891,
Gopalganj 2,Utpal Biswas,Independent Candidate (Independent),8665,3,"ds,dt,tbs",ds=0; dt=8665; tbs=8665,
Gopalganj 2,Taslim Shikder,Islami Andolan Bangladesh (IAB),2911,3,"ds,dt,tbs",ds=0; dt=2911; tbs=2911,
Gopalganj 2,Md. Sirajul Islam Siraj,Independent Candidate (Independent),2189,3,"ds,dt,tbs",ds=0; dt=2189; tbs=2819,vote-mismatch: spread=22%
Gopalganj 2,Shipon Bhuiyan,Independent Candidate (Independent),1931,3,"ds,dt,tbs",ds=0; dt=1931; tbs=1931,
Gopalganj 2,Mahamud Hasan,Zaker Party (ZP),1371,3,"ds,dt,tbs",ds=0; dt=1371; tbs=1371,
Gopalganj 2,Riyaz Sarwar Mollya,Jatiya Party (JaPa),419,2,"dt,tbs",dt=419; tbs=419,
Gopalganj 2,Rony Molla,Independent Candidate (Independent),403,3,"ds,dt,tbs",ds=0; dt=403; tbs=403,
Gopalganj 2,Din Mohammad,Gono Odhikar Parishad (GOP),305,3,"ds,dt,tbs",ds=0; dt=305; tbs=305,
Gopalganj 2,Shah Mofiz,Gono Forum (GF),215,3,"ds,dt,tbs",ds=0; dt=215; tbs=215,
Gopalganj 3,"S, M, Jilani",Bangladesh Nationalist Party (BNP),60991,4,"bss,ds,dt,tbs",bss=60991; ds=60991; dt=60991; tbs=60991,
Gopalganj 3,Gobinda Chandra Pramanik,Independent Candidate (Independent),34339,3,"ds,dt,tbs",ds=34339; dt=34339; tbs=34339,
Gopalganj 3,গোবিন্দ চন্দ্র প্রামাণিক,Unique - Govinda Chandra Pramanik,34339,1,bss,bss=34339,
Gopalganj 3,Abdul Aziz,Khelafat Majlis,25153,3,"ds,dt,tbs",ds=0; dt=25153; tbs=25153,
Gopalganj 3,Md. Maruf Sheikh,Islami Andolan Bangladesh (IAB),4717,2,"ds,dt",ds=0; dt=4717,
Gopalganj 3,Md. Habibur Rahman,Independent Candidate (Independent),3805,3,"ds,dt,tbs",ds=0; dt=3805; tbs=3805,
Gopalganj 3,Abul Bashar,Gono Odhikar Parishad (GOP),2600,3,"ds,dt,tbs",ds=0; dt=2600; tbs=2600,
Gopalganj 3,Sheikh Salahuddin,National People's Party (NPP),591,3,"ds,dt,tbs",ds=0; dt=591; tbs=591,
Gopalganj 3,Dulal Chandra Biswas,Gono Forum (GF),269,3,"ds,dt,tbs",ds=0; dt=269; tbs=269,
Habiganj 1,Reza Kibria,Bangladesh Nationalist Party (BNP),111999,4,"bss,ds,dt,tbs",bss=111999; ds=111999; dt=111999; tbs=111999,
Habiganj 1,Maulana Sirajul Islam,Khelafat Majlis,56132,4,"bss,ds,dt,tbs",bss=56132; ds=56132; dt=56132; tbs=56132,
Habiganj 1,Sheikh Shujat Mia,Independent Candidate (Independent),34637,2,"ds,dt",ds=0; dt=34637,
Habiganj 1,Mohammad Badrur Reza,Bangladesh Islami Front (BIF),5272,2,"ds,dt",ds=0; dt=5272,
Habiganj 1,Kazi Tofayel Ahmed,Jatiya Samajtantrik Dal (JSD),644,2,"ds,dt",ds=0; dt=644,
Habiganj 2,Abu Mansoor Sakhawat Hasan,Bangladesh Nationalist Party (BNP),126583,4,"bss,ds,dt,tbs",bss=126583; ds=126583; dt=126583; tbs=126583,
Habiganj 2,Abdul Bachit Azad,Khelafat Majlis,65762,4,"bss,ds,dt,tbs",bss=65762; ds=65762; dt=65762; tbs=65762,
Habiganj 2,Afsar Ahmed,Independent Candidate (Independent),1843,2,"ds,dt",ds=0; dt=1843,
Habiganj 2,Abdul Muktadir Chowdhury,Jatiya Party (JaPa),941,2,"ds,dt",ds=0; dt=941,
Habiganj 2,Lukman Ahmed Talukder,Bangladesh Samajtantrik Dal (Basad),448,2,"ds,dt",ds=0; dt=448,
Habiganj 3,Alhaj Md. G. K. Gouch,Bangladesh Nationalist Party (BNP),142348,4,"bss,ds,dt,tbs",bss=142348; ds=142348; dt=142348; tbs=142348,"same-party-merged (LOW SIMILARITY 0.43): [tbs] 'Gk Gaus' (tbs=142348) -> [bss,ds,dt] 'Alhaj Md. G. K. Gouch' (bss=142348; ds=142348; dt=142348), party=Bangladesh Nationalist Party (BNP)"
Habiganj 3,Kazi Mohsin Ahmed,Bangladesh Jamaat-e-Islami (Jamaat),45568,4,"bss,ds,dt,tbs",bss=45568; ds=45568; dt=45568; tbs=45568,
Habiganj 3,S. M. Sarwar,Bangladesh Islami Front (BIF),14133,2,"ds,dt",ds=14133; dt=14133,
Habiganj 3,Mohib Uddin Ahmed Sohel,Islami Andolan Bangladesh (IAB),5443,2,"ds,dt",ds=5443; dt=5443,
Habiganj 3,Abdul Mumin Chowdhury,Jatiya Party (JaPa),1259,2,"ds,dt",ds=1259; dt=1259,
Habiganj 3,Md. Shahinur Rahman,Bangladesh Sangskritik Muktijote (BSM),132,2,"ds,dt",ds=132; dt=132,
Habiganj 4,S. M. Faisal,Bangladesh Nationalist Party (BNP),188072,4,"bss,ds,dt,tbs",bss=188072; ds=188072; dt=188072; tbs=188072,
Habiganj 4,Md Ghiyas Uddin,Bangladesh Islami Front (BIF),84323,4,"bss,ds,dt,tbs",bss=84323; ds=84323; dt=84323; tbs=84323,
Habiganj 4,Ahmed Abdul Quader,Khelafat Majlis,26466,3,"ds,dt,tbs",ds=26466; dt=26466; tbs=26466,
Habiganj 4,Md. Mizanur Rahman Chowdhury,Independent Candidate (Independent),652,3,"ds,dt,tbs",ds=652; dt=652; tbs=652,
Habiganj 4,Saleh Ahmed Sajan,Independent Candidate (Independent),619,3,"ds,dt,tbs",ds=619; dt=619; tbs=619,
Habiganj 4,Shah Md. Al Amin,Bangladesh Muslim League (BML),536,3,"ds,dt,tbs",ds=536; dt=536; tbs=536,
Habiganj 4,Md. Rashedul Islam Khokon,Bangladesh Sangskritik Muktijote (BSM),484,3,"ds,dt,tbs",ds=484; dt=484; tbs=484,
Habiganj 4,Md. Rezaul Mustafa,Insaniyat Biplob Bangladesh (IBB),484,3,"ds,dt,tbs",ds=484; dt=484; tbs=484,
Habiganj 4,Md. Mujibur Rahman,Bangladesh Samajtantrik Dal (Basad),329,3,"ds,dt,tbs",ds=329; dt=329; tbs=329,
Jamalpur 1,M. Rashiduzzaman Millat,Bangladesh Nationalist Party (BNP),173656,4,"bss,ds,dt,tbs",bss=173656; ds=173656; dt=172115; tbs=172115,
Jamalpur 1,Muhammad Nazmul Haque Saeedee,Bangladesh Jamaat-e-Islami (Jamaat),93661,4,"bss,ds,dt,tbs",bss=97820; ds=97820; dt=93661; tbs=93661,
Jamalpur 1,A. K. M. Fazlul Hoque,Jatiya Party (JaPa),0,2,"ds,dt",ds=0; dt=0,
Jamalpur 1,Md. Abdur Rouf Talukder,Islami Andolan Bangladesh (IAB),0,2,"ds,dt",ds=0; dt=0,
Jamalpur 1,Md. Rafiqul Islam,Gono Odhikar Parishad (GOP),0,1,dt,dt=0,
Jamalpur 2,"A. , E. , Sultan Mahmud Babu",Bangladesh Nationalist Party (BNP),95860,4,"bss,ds,dt,tbs",bss=95860; ds=95860; dt=95860; tbs=95860,
Jamalpur 2,Md. Chamiul Haque,Bangladesh Jamaat-e-Islami (Jamaat),62434,4,"bss,ds,dt,tbs",bss=62434; ds=62434; dt=62434; tbs=62434,
Jamalpur 2,Sultan Mahmud,Islami Andolan Bangladesh (IAB),1713,3,"ds,dt,tbs",ds=0; dt=1713; tbs=1713,
Jamalpur 2,Arnab Wares Khan,Independent Candidate (Independent),174,2,"dt,tbs",dt=174; tbs=174,
Jamalpur 3,Md. Mostafizur Rahman Babul,Bangladesh Nationalist Party (BNP),207412,4,"bss,ds,dt,tbs",bss=207412; ds=207412; dt=207412; tbs=207412,
Jamalpur 3,Md. Mujibur Rahman Azadi,Bangladesh Jamaat-e-Islami (Jamaat),81430,4,"bss,ds,dt,tbs",bss=81430; ds=81430; dt=81430; tbs=81430,
Jamalpur 3,Md. Sadikur Rahman,Independent Candidate (Independent),12052,2,"ds,dt",ds=0; dt=12052,
Jamalpur 3,Shiblul Bari Raju,Independent Candidate (Independent),10523,3,"ds,dt,tbs",ds=0; dt=10523; tbs=10523,
Jamalpur 3,Mohammad Daulatuzzaman Ansari,Islami Andolan Bangladesh (IAB),2546,3,"ds,dt,tbs",ds=0; dt=2546; tbs=2546,
Jamalpur 3,Mir Shamsul Alam,Jatiya Party (JaPa),844,3,"ds,dt,tbs",ds=0; dt=844; tbs=844,
Jamalpur 3,Fidel Naim,Ganosanhati Andolan (GSA),643,3,"ds,dt,tbs",ds=0; dt=643; tbs=643,
Jamalpur 3,Liton Mia,Gono Odhikar Parishad (GOP),412,3,"ds,dt,tbs",ds=0; dt=412; tbs=412,
Jamalpur 3,Farzana Farid,Independent Candidate (Independent),284,3,"ds,dt,tbs",ds=0; dt=284; tbs=284,
Jamalpur 4,Md. Faridul Kabir Talukder,Bangladesh Nationalist Party (BNP),147406,4,"bss,ds,dt,tbs",bss=147406; ds=147406; dt=147406; tbs=147406,
Jamalpur 4,Mohammad Abdul Awal,Bangladesh Jamaat-e-Islami (Jamaat),44947,3,"bss,dt,tbs",bss=44947; dt=44947; tbs=44947,
Jamalpur 4,Md. Mahbub Zaman Jewel,Communist Party of Bangladesh (CPB),1314,3,"ds,dt,tbs",ds=0; dt=1314; tbs=1314,
Jamalpur 4,Md. Ali Akbar,Islami Andolan Bangladesh (IAB),1302,3,"ds,dt,tbs",ds=0; dt=1302; tbs=1302,
Jamalpur 4,Md. Iqbal Hossain,Gono Odhikar Parishad (GOP),383,3,"ds,dt,tbs",ds=0; dt=383; tbs=383,
Jamalpur 4,Md. Kabir Hasan,Nagorik Oikya (NO),379,3,"ds,dt,tbs",ds=0; dt=379; tbs=379,
Jamalpur 5,Shah Md. Waresh Ali Mamun,Bangladesh Nationalist Party (BNP),199344,4,"bss,ds,dt,tbs",bss=199344; ds=199344; dt=199344; tbs=199344,
Jamalpur 5,Muhammad Abdus Sattar,Bangladesh Jamaat-e-Islami (Jamaat),113201,4,"bss,ds,dt,tbs",bss=113201; ds=113201; dt=113201; tbs=113201,
Jamalpur 5,Syed Younus Ahmed,Islami Andolan Bangladesh (IAB),4282,3,"ds,dt,tbs",ds=0; dt=4282; tbs=4282,
Jamalpur 5,Md. Babar Ali Khan,Jatiya Party (Manju) (JP–Manju),3739,3,"ds,dt,tbs",ds=0; dt=3739; tbs=3739,
Jamalpur 5,Md. Amir Uddin,Jatiya Samajtantrik Dal (JSD),580,3,"ds,dt,tbs",ds=0; dt=580; tbs=580,
Jamalpur 5,Sheikh Md. Akkas Ali,Communist Party of Bangladesh (CPB),547,3,"ds,dt,tbs",ds=0; dt=547; tbs=547,
Jamalpur 5,Zakir Hossain,Gono Odhikar Parishad (GOP),539,3,"ds,dt,tbs",ds=0; dt=539; tbs=539,
Jamalpur 5,Abu Sayeem Mohammad Sa’adat-ul Karim,Bangladesh Congress,225,3,"ds,dt,tbs",ds=0; dt=225; tbs=225,
Jashore 1,Muhammad Azizur Rahman.,Bangladesh Jamaat-e-Islami (Jamaat),119093,4,"bss,ds,dt,tbs",bss=119093; ds=119093; dt=119093; tbs=119093,
Jashore 1,Md. Nuruzzaman Liton,Bangladesh Nationalist Party (BNP),93542,4,"bss,ds,dt,tbs",bss=93542; ds=93542; dt=93542; tbs=93542,
Jashore 1,Md. Bokhtiar Rahman,Islami Andolan Bangladesh (IAB),1768,3,"ds,dt,tbs",ds=1768; dt=1768; tbs=1768,
Jashore 1,Md. Jahangir Alam Chonchol,Jatiya Party (JaPa),1398,3,"ds,dt,tbs",ds=1398; dt=1398; tbs=1398,
Jashore 2,Mohammad Mosleh Uddin Farid,Bangladesh Jamaat-e-Islami (Jamaat),180965,4,"bss,ds,dt,tbs",bss=180965; ds=180965; dt=180965; tbs=180965,
Jashore 2,Deleted: Sabira Sultana,Bangladesh Nationalist Party (BNP),146447,4,"bss,ds,dt,tbs",bss=146447; ds=146447; dt=146447; tbs=146447,
Jashore 2,Md. Idris Ali,Islami Andolan Bangladesh (IAB),5781,3,"ds,dt,tbs",ds=5781; dt=5781; tbs=5781,
Jashore 2,Md. Imran Khan,Bangladesh Samajtantrik Dal (Basad),472,3,"ds,dt,tbs",ds=472; dt=472; tbs=472,
Jashore 2,Ripon Mahmud,Amar Bangladesh Party (AB),416,3,"ds,dt,tbs",ds=416; dt=416; tbs=416,
Jashore 2,Md. Mehedi Hasan,Independent Candidate (Independent),389,3,"ds,dt,tbs",ds=389; dt=389; tbs=389,
Jashore 2,Md. Shamsul Haque,Bangladesh Nationalist Front (BNF),233,3,"ds,dt,tbs",ds=233; dt=233; tbs=203,
Jashore 2,Md. Zahurul Islam,Independent Candidate (Independent),188,3,"ds,dt,tbs",ds=188; dt=188; tbs=188,
Jashore 3,Anindya Islam Amit,Bangladesh Nationalist Party (BNP),201339,4,"bss,ds,dt,tbs",bss=201339; ds=201339; dt=201339; tbs=201339,
Jashore 3,Md. Abdul Quader,Bangladesh Jamaat-e-Islami (Jamaat),187463,4,"bss,ds,dt,tbs",bss=187463; ds=187463; dt=187463; tbs=187463,
Jashore 3,Mohammad Shoaib Hossain,Islami Andolan Bangladesh (IAB),13322,3,"ds,dt,tbs",ds=0; dt=13322; tbs=13322,
Jashore 3,Md. Khobir Gazi,Jatiya Party (JaPa),3404,3,"ds,dt,tbs",ds=0; dt=3404; tbs=3404,
Jashore 3,Md. Nizamuddin Amit,Jatiya Ganatantrik Party (JAGPA),1772,3,"ds,dt,tbs",ds=0; dt=1772; tbs=1772,
Jashore 3,Md. Rashed Khan,Communist Party of Bangladesh (CPB),753,3,"ds,dt,tbs",ds=0; dt=753; tbs=753,
Jashore 4,Md. Gholam Rashul,Bangladesh Jamaat-e-Islami (Jamaat),176912,4,"bss,ds,dt,tbs",bss=176912; ds=176912; dt=176912; tbs=176912,
Jashore 4,Md. Matiar Rahman Farazi,Bangladesh Nationalist Party (BNP),131917,4,"bss,ds,dt,tbs",bss=131917; ds=131917; dt=131917; tbs=131917,"same-party-merged (LOW SIMILARITY 0.09): [bss] 'মতিয়ার রহমান ফারাজী' (bss=131917) -> [ds,dt,tbs] 'Md. Matiar Rahman Farazi' (ds=131917; dt=131917; tbs=131917), party=Bangladesh Nationalist Party (BNP)"
Jashore 4,Bayezid Hossain,Islami Andolan Bangladesh (IAB),11838,2,"ds,dt",ds=0; dt=11838,
Jashore 4,Md. Zahurul Haque,Jatiya Party (JaPa),1751,3,"ds,dt,tbs",ds=0; dt=1751; tbs=1751,
Jashore 4,Sukriti Kumar Mandal,Bangladesh Minority Janata Party (BMJP),1510,3,"ds,dt,tbs",ds=0; dt=1510; tbs=1510,
Jashore 4,M. Nazim Uddin Al Azad,Independent Candidate (Independent),797,3,"ds,dt,tbs",ds=0; dt=797; tbs=797,
Jashore 4,Maolana Ashek Elahi,Khelafat Majlis,301,3,"ds,dt,tbs",ds=0; dt=301; tbs=301,
Jashore 4,Md. Abul Kalam Gazi,Gono Odhikar Parishad (GOP),257,1,dt,dt=257,
Jashore 5,Gazi Enamul Haque,Bangladesh Jamaat-e-Islami (Jamaat),132876,4,"bss,ds,dt,tbs",bss=132876; ds=132876; dt=132876; tbs=132876,
Jashore 5,Shaheed Md. Iqbal Hossain,Independent Candidate (Independent),85045,4,"bss,ds,dt,tbs",bss=85045; ds=0; dt=85045; tbs=85045,
Jashore 5,Rashid Ahmad,Bangladesh Nationalist Party (BNP),54875,3,"ds,dt,tbs",ds=54875; dt=54875; tbs=54875,
Jashore 5,Md. Zainal Abedin,Islami Andolan Bangladesh (IAB),4400,3,"ds,dt,tbs",ds=0; dt=4400; tbs=4400,
Jashore 5,Md. A. Halim,Jatiya Party (JaPa),2245,3,"ds,dt,tbs",ds=0; dt=2245; tbs=2245,
Jashore 5,Md. Kamruzzaman,Independent Candidate (Independent),2103,2,"ds,dt",ds=0; dt=2103,
Jashore 6,Md. Mokhtar Ali,Bangladesh Jamaat-e-Islami (Jamaat),92234,4,"bss,ds,dt,tbs",bss=92234; ds=92234; dt=92234; tbs=92234,
Jashore 6,Md. Abul Hossain Azad,Bangladesh Nationalist Party (BNP),80141,4,"bss,ds,dt,tbs",bss=80141; ds=80141; dt=80141; tbs=80141,
Jashore 6,Md. Shahidul Islam,Islami Andolan Bangladesh (IAB),1285,3,"ds,dt,tbs",ds=0; dt=1285; tbs=1285,
Jashore 6,G. M. Hasan,Jatiya Party (JaPa),990,3,"ds,dt,tbs",ds=0; dt=990; tbs=990,
Jashore 6,Md. Mahmud Hasan,Amar Bangladesh Party (AB),672,3,"ds,dt,tbs",ds=0; dt=672; tbs=672,
Jhalokathi 1,Rafiqul Islam Jamal,Bangladesh Nationalist Party (BNP),62010,4,"bss,ds,dt,tbs",bss=62010; ds=62010; dt=62010; tbs=62010,
Jhalokathi 1,Faizul Haque,Bangladesh Jamaat-e-Islami (Jamaat),55120,4,"bss,ds,dt,tbs",bss=55120; ds=55120; dt=55120; tbs=55120,
Jhalokathi 1,Ibrahim,Islami Andolan Bangladesh (IAB),7744,3,"ds,dt,tbs",ds=0; dt=7744; tbs=7744,
Jhalokathi 1,Md. Rubel Howlader,Jatiya Party (Manju) (JP–Manju),2562,2,"ds,dt",ds=0; dt=2562,
Jhalokathi 1,M. Moyeen Alam Firozee,Independent Candidate (Independent),593,3,"ds,dt,tbs",ds=0; dt=593; tbs=593,
Jhalokathi 1,Md. Shabbir Ahmed,Independent Candidate (Independent),345,3,"ds,dt,tbs",ds=0; dt=345; tbs=345,
Jhalokathi 1,Md. Kamruzzaman Khan,Jatiya Party (JaPa),321,3,"ds,dt,tbs",ds=0; dt=321; tbs=321,
Jhalokathi 1,Md. Shahadat Hossain,Gono Odhikar Parishad (GOP),132,3,"ds,dt,tbs",ds=0; dt=132; tbs=132,
Jhalokathi 1,Md. Sohrab Hossain,Jatiya Samajtantrik Dal (JSD),110,3,"ds,dt,tbs",ds=0; dt=110; tbs=110,
Jhalokathi 1,Md. Jashim Uddin Talukder,Janotar Dol,63,3,"ds,dt,tbs",ds=0; dt=63; tbs=63,
Jhalokathi 2,Israt Sultana Ilein Bhutto,Bangladesh Nationalist Party (BNP),113419,4,"bss,ds,dt,tbs",bss=113419; ds=113419; dt=113419; tbs=113419,
Jhalokathi 2,S. M. Neyamul Karim,Bangladesh Jamaat-e-Islami (Jamaat),70556,4,"bss,ds,dt,tbs",bss=70556; ds=70556; dt=70556; tbs=70556,
Jhalokathi 2,Muhammad Sirajul Islam Siraji,Islami Andolan Bangladesh (IAB),24543,3,"ds,dt,tbs",ds=0; dt=24543; tbs=24543,
Jhalokathi 2,Syed Razzaque Ali,Independent Candidate (Independent),3125,3,"ds,dt,tbs",ds=0; dt=3125; tbs=3125,
Jhalokathi 2,Md. Mahmudul Islam Sagar,Gono Odhikar Parishad (GOP),212,3,"ds,dt,tbs",ds=0; dt=212; tbs=212,
Jhalokathi 2,Forkan Hossain,National People's Party (NPP),127,3,"ds,dt,tbs",ds=0; dt=127; tbs=127,
Jhalokathi 2,Masud Parvez,Jatiya Samajtantrik Dal (JSD),105,3,"ds,dt,tbs",ds=0; dt=105; tbs=105,
Jhalokathi 2,Md. Nuruddin Sardar,Independent Candidate (Independent),77,3,"ds,dt,tbs",ds=0; dt=77; tbs=77,
Jhenaidah 1,Md. Asaduzzaman,Bangladesh Nationalist Party (BNP),173381,4,"bss,ds,dt,tbs",bss=173381; ds=173381; dt=173381; tbs=173381,
Jhenaidah 1,Abu Saleh Md. Matiur Rahman,Bangladesh Jamaat-e-Islami (Jamaat),57055,4,"bss,ds,dt,tbs",bss=57055; ds=57055; dt=57055; tbs=57055,
Jhenaidah 1,Monika Alam,Jatiya Party (JaPa),969,3,"ds,dt,tbs",ds=0; dt=969; tbs=969,
Jhenaidah 1,Md. Matiar Rahman,Amar Bangladesh Party (AB),610,3,"ds,dt,tbs",ds=0; dt=610; tbs=610,
Jhenaidah 1,Md. Sahidul Enam Pallab Mia,Socialist Party of Bangladesh (Marxist) (SPB-M),309,3,"ds,dt,tbs",ds=0; dt=309; tbs=309,
Jhenaidah 2,Ali Azam Md. Abu Bakar,Bangladesh Jamaat-e-Islami (Jamaat),195702,4,"bss,ds,dt,tbs",bss=195702; ds=195702; dt=195702; tbs=195702,
Jhenaidah 2,Md. Abdul Majeed,Bangladesh Nationalist Party (BNP),175984,4,"bss,ds,dt,tbs",bss=175984; ds=175984; dt=175984; tbs=175984,
Jhenaidah 2,H. M. Momtazur Rahman,Islami Andolan Bangladesh (IAB),4571,3,"ds,dt,tbs",ds=0; dt=4571; tbs=4571,
Jhenaidah 2,Saogat Ul Islam,Jatiya Party (JaPa),994,3,"ds,dt,tbs",ds=0; dt=994; tbs=994,
Jhenaidah 2,Md. Abu Towab,Communist Party of Bangladesh (CPB),557,3,"ds,dt,tbs",ds=0; dt=557; tbs=557,
Jhenaidah 2,Md. Assadul Islam,Bangladesh Samajtantrik Dal (Basad),340,3,"ds,dt,tbs",ds=0; dt=340; tbs=340,
Jhenaidah 3,Md. Motiyar Rahman,Bangladesh Jamaat-e-Islami (Jamaat),175857,4,"bss,ds,dt,tbs",bss=175857; ds=175857; dt=175857; tbs=175857,
Jhenaidah 3,Mohammad Mehdi Hasan,Bangladesh Nationalist Party (BNP),149821,4,"bss,ds,dt,tbs",bss=149821; ds=149821; dt=149821; tbs=149821,
Jhenaidah 3,Mawlana Sarwar Hossain,Islami Andolan Bangladesh (IAB),3820,3,"ds,dt,tbs",ds=0; dt=3820; tbs=3820,
Jhenaidah 3,Md. Suman Kabir,Gono Odhikar Parishad (GOP),388,3,"ds,dt,tbs",ds=0; dt=388; tbs=388,
Jhenaidah 4,Md. Abu Talib,Bangladesh Jamaat-e-Islami (Jamaat),105999,4,"bss,ds,dt,tbs",bss=105999; ds=105999; dt=105999; tbs=105999,
Jhenaidah 4,Md. Saiful Islam Feroze,Independent Candidate (Independent),77104,4,"bss,ds,dt,tbs",bss=77104; ds=77140; dt=77104; tbs=77104,
Jhenaidah 4,Md. Rashed Khan,Bangladesh Nationalist Party (BNP),56224,3,"ds,dt,tbs",ds=0; dt=56224; tbs=77104,vote-mismatch: spread=27%
Jhenaidah 4,Abdul Jalil,Islami Andolan Bangladesh (IAB),3907,3,"ds,dt,tbs",ds=0; dt=3907; tbs=3907,
Jhenaidah 4,Emdadul Islam (Bacchu),Jatiya Party (JaPa),613,3,"ds,dt,tbs",ds=0; dt=613; tbs=613,
Jhenaidah 4,Khaniya Khanam,Gono Forum (GF),267,3,"ds,dt,tbs",ds=0; dt=267; tbs=267,
Joypurhat 1,Md. Fazlur Rahman Sayeed,Bangladesh Jamaat-e-Islami (Jamaat),165192,4,"bss,ds,dt,tbs",bss=165192; ds=165192; dt=165192; tbs=165192,
Joypurhat 1,Md. Masud Rana Prodhan,Bangladesh Nationalist Party (BNP),155309,4,"bss,ds,dt,tbs",bss=155309; ds=155309; dt=155309; tbs=155309,
Joypurhat 1,Sabekun Nahar,Independent Candidate (Independent),13286,3,"ds,dt,tbs",ds=0; dt=13286; tbs=13286,
Joypurhat 1,Toufiqua Dewan,Socialist Party of Bangladesh (Marxist) (SPB-M),617,3,"ds,dt,tbs",ds=0; dt=617; tbs=617,
Joypurhat 1,Md. Wazed Parvej,Bangladesh Samajtantrik Dal (Basad),578,3,"ds,dt,tbs",ds=0; dt=578; tbs=578,
Joypurhat 2,Md. Abdul Bari,Bangladesh Nationalist Party (BNP),158065,4,"bss,ds,dt,tbs",bss=158065; ds=158065; dt=158065; tbs=158065,
Joypurhat 2,S. M. Rashedul Alam,Bangladesh Jamaat-e-Islami (Jamaat),92517,4,"bss,ds,dt,tbs",bss=92517; ds=92517; dt=92517; tbs=92517,
Joypurhat 2,S. A. Zahid,Amar Bangladesh Party (AB),1555,3,"ds,dt,tbs",ds=1555; dt=1555; tbs=1555,
Khagrachhari 1,Abdul Wadud Bhuiyan,Bangladesh Nationalist Party (BNP),151040,4,"bss,ds,dt,tbs",bss=151040; ds=151040; dt=151040; tbs=151040,
Khagrachhari 1,Dharma Jyoti Chakma,Independent Candidate (Independent),68315,4,"bss,ds,dt,tbs",bss=68315; ds=68315; dt=68315; tbs=68315,
Khagrachhari 1,Md. Yeakub Ali,Bangladesh Jamaat-e-Islami (Jamaat),58545,3,"ds,dt,tbs",ds=0; dt=58545; tbs=58545,
Khagrachhari 1,Samiran Dewan,Independent Candidate (Independent),47910,3,"ds,dt,tbs",ds=0; dt=47910; tbs=447910,vote-mismatch: spread=89%
Khagrachhari 1,Md. Kawsar,Islami Andolan Bangladesh (IAB),3089,3,"ds,dt,tbs",ds=0; dt=3089; tbs=3089,
Khagrachhari 1,Ushyapru Marma,Bangladesh Minority Janata Party (BMJP),1030,3,"ds,dt,tbs",ds=0; dt=1030; tbs=1030,
Khagrachhari 1,Mithila Roaza,Jatiya Party (JaPa),1024,3,"ds,dt,tbs",ds=0; dt=1024; tbs=1024,
Khagrachhari 1,Jiruna Tripura,Independent Candidate (Independent),904,3,"ds,dt,tbs",ds=0; dt=904; tbs=934,
Khagrachhari 1,Dinmaya Royaja,Gono Odhikar Parishad (GOP),755,3,"ds,dt,tbs",ds=0; dt=755; tbs=755,
Khagrachhari 1,Md. Noor Islam,Insaniyat Biplob Bangladesh (IBB),683,3,"ds,dt,tbs",ds=0; dt=683; tbs=683,
Khagrachhari 1,Md. Mustafa,Bangladesh Muslim League (BML),184,3,"ds,dt,tbs",ds=0; dt=184; tbs=184,
Khulna 1,Ameer Ejaz Khan,Bangladesh Nationalist Party (BNP),121352,4,"bss,ds,dt,tbs",bss=121352; ds=121352; dt=121352; tbs=121352,
Khulna 1,Krishna Nandi,Bangladesh Jamaat-e-Islami (Jamaat),70346,4,"bss,ds,dt,tbs",bss=70346; ds=70346; dt=70346; tbs=70346,
Khulna 1,Md. Abu Sayeed,Islami Andolan Bangladesh (IAB),5619,3,"ds,dt,tbs",ds=0; dt=5619; tbs=5619,
Khulna 1,Kishore Kumar Ray,Communist Party of Bangladesh (CPB),4742,3,"ds,dt,tbs",ds=0; dt=4742; tbs=4742,
Khulna 1,Gobinda Halder,Independent Candidate (Independent),894,3,"ds,dt,tbs",ds=0; dt=894; tbs=894,
Khulna 1,Achintya Kumar Mondal,Independent Candidate (Independent),710,3,"ds,dt,tbs",ds=0; dt=710; tbs=710,
Khulna 1,Md. Jahangir Hossain,Jatiya Party (JaPa),630,3,"ds,dt,tbs",ds=0; dt=630; tbs=630,
Khulna 1,Prabir Gopal Roy,Bangladesh Minority Janata Party (BMJP),567,3,"ds,dt,tbs",ds=0; dt=567; tbs=567,
Khulna 1,Prosenjit Dutta,Jatiya Samajtantrik Dal (JSD),513,3,"ds,dt,tbs",ds=0; dt=513; tbs=513,
Khulna 1,Subrata Mondal,Bangladesh Somo Odhikar Party (BEP),169,3,"ds,dt,tbs",ds=0; dt=169; tbs=169,
Khulna 1,Sunil Shubho Roy,Bangladesh Islami Front (BIF),169,3,"ds,dt,tbs",ds=0; dt=169; tbs=881,vote-mismatch: spread=81%
Khulna 1,G. M. Rokonuzzaman,Gono Odhikar Parishad (GOP),84,3,"ds,dt,tbs",ds=0; dt=84; tbs=84,
Khulna 2,Sheikh Jahangir Hossain Helal,Bangladesh Jamaat-e-Islami (Jamaat),93789,4,"bss,ds,dt,tbs",bss=93789; ds=93789; dt=93789; tbs=93789,
Khulna 2,Nazrul Islam Manju,Bangladesh Nationalist Party (BNP),88197,4,"bss,ds,dt,tbs",bss=88197; ds=88197; dt=88197; tbs=88197,
Khulna 2,Amanullah,Islami Andolan Bangladesh (IAB),7298,3,"ds,dt,tbs",ds=0; dt=7298; tbs=7298,
Khulna 3,Rakibul Islam,Bangladesh Nationalist Party (BNP),74845,4,"bss,ds,dt,tbs",bss=74845; ds=74845; dt=74845; tbs=74845,
Khulna 3,Mohammad Mahfuzur Rahman,Bangladesh Jamaat-e-Islami (Jamaat),66010,4,"bss,ds,dt,tbs",bss=66010; ds=66010; dt=66010; tbs=66010,
Khulna 3,Md. A. A. Auwal,Islami Andolan Bangladesh (IAB),5705,3,"ds,dt,tbs",ds=0; dt=5705; tbs=5705,
Khulna 3,Md. Abdullah Al Mamun,Jatiya Party (JaPa),1070,3,"ds,dt,tbs",ds=0; dt=0; tbs=1070,
Khulna 3,S. M. Arifur Rahman (Mithu),Independent Candidate (Independent),838,3,"ds,dt,tbs",ds=0; dt=838; tbs=838,
Khulna 3,Janardan Dutta,Bangladesh Samajtantrik Dal (Basad),246,3,"ds,dt,tbs",ds=0; dt=246; tbs=246,
Khulna 3,Sheikh Arman Hossain,Nationalist Democratic Movement (NDM),141,3,"ds,dt,tbs",ds=0; dt=141; tbs=141,
Khulna 3,Main Mohammad Mayaz,Independent Candidate (Independent),98,3,"ds,dt,tbs",ds=0; dt=98; tbs=98,
Khulna 3,Md. Murad Khan Liton,Independent Candidate (Independent),83,3,"ds,dt,tbs",ds=0; dt=83; tbs=83,
Khulna 3,Md. Abul Hasnat Siddiqui,Independent Candidate (Independent),68,3,"ds,dt,tbs",ds=0; dt=0; tbs=68,
Khulna 4,Azizul Baree Helal,Bangladesh Nationalist Party (BNP),123162,4,"bss,ds,dt,tbs",bss=123162; ds=123162; dt=123162; tbs=123162,fuzzy-merged 'Azizul Baree Helal' (ds) -> 'S. K. Azizul Bari' (score=0.67)
Khulna 4,S. M. Sakhaowat Hossain,Khelafat Majlis,109530,4,"bss,ds,dt,tbs",bss=109530; ds=109530; dt=109530; tbs=109530,
Khulna 4,Younus Ahammad Sheikh,Islami Andolan Bangladesh (IAB),13345,3,"ds,dt,tbs",ds=0; dt=13345; tbs=13345,
Khulna 4,S. M. Azmal Hossain,Independent Candidate (Independent),859,3,"ds,dt,tbs",ds=0; dt=859; tbs=859,
Khulna 5,Mohammad Ali Asghar,Bangladesh Nationalist Party (BNP),148854,4,"bss,ds,dt,tbs",bss=148854; ds=148854; dt=148854; tbs=148854,
Khulna 5,Mia Golam Parwar,Bangladesh Jamaat-e-Islami (Jamaat),146246,4,"bss,ds,dt,tbs",bss=146246; ds=146246; dt=146246; tbs=146246,
Khulna 5,Chitta Ranjan Goldar,Communist Party of Bangladesh (CPB),1790,3,"ds,dt,tbs",ds=0; dt=1790; tbs=1790,
Khulna 5,Shamim Ara Parvin (Yasmin),Jatiya Party (JaPa),1319,3,"ds,dt,tbs",ds=0; dt=1319; tbs=1319,
Khulna 6,Md. Abul Kalam Azad,Bangladesh Jamaat-e-Islami (Jamaat),150724,4,"bss,ds,dt,tbs",bss=150724; ds=150724; dt=150724; tbs=150724,
Khulna 6,S. M. Monirul Hasan (Bappi),Bangladesh Nationalist Party (BNP),124710,4,"bss,ds,dt,tbs",bss=124710; ds=124710; dt=124710; tbs=124710,
Khulna 6,Md. Asadullah Fakir,Islami Andolan Bangladesh (IAB),2950,3,"ds,dt,tbs",ds=0; dt=2950; tbs=2950,
Khulna 6,Md. Mostafa Kamal Jahangir,Jatiya Party (JaPa),2717,3,"ds,dt,tbs",ds=0; dt=2717; tbs=2717,
Khulna 6,Prashanta Kumar Mondal,Communist Party of Bangladesh (CPB),1571,3,"ds,dt,tbs",ds=0; dt=1571; tbs=1571,
Kishoreganj 1,Md. Mazharul Islam,Bangladesh Nationalist Party (BNP),124035,4,"bss,ds,dt,tbs",bss=124035; ds=124035; dt=124035; tbs=124035,
Kishoreganj 1,Hedayatullah Hadi,Khelafat Majlis,101132,4,"bss,ds,dt,tbs",bss=101132; ds=101132; dt=101132; tbs=101132,"same-party-merged (LOW SIMILARITY 0.46): [ds,dt,tbs] 'Ahmed Ali' (ds=0; dt=684; tbs=684) -> [bss,ds,dt,tbs] 'Hedayatullah Hadi' (bss=101132; ds=101132; dt=101132; tbs=101132), party=Khelafat Majlis"
Kishoreganj 1,Md. Rezaul Karim Khan,Independent Candidate (Independent),37334,3,"ds,dt,tbs",ds=0; dt=37334; tbs=37334,
Kishoreganj 1,Alal Mia,Socialist Party of Bangladesh (Marxist) (SPB-M),960,3,"ds,dt,tbs",ds=0; dt=960; tbs=960,
Kishoreganj 1,Md. Enamul Haque,Communist Party of Bangladesh (CPB),925,3,"ds,dt,tbs",ds=0; dt=925; tbs=925,
Kishoreganj 1,Tarek Mohammad Shahidul Islam,National People's Party (NPP),247,3,"ds,dt,tbs",ds=0; dt=247; tbs=247,
Kishoreganj 1,Md. Masud Mia,Bangladesh Samajtantrik Dal (Basad),234,3,"ds,dt,tbs",ds=0; dt=234; tbs=234,
Kishoreganj 2,Advocate Md. Jalal Uddin,Bangladesh Nationalist Party (BNP),143669,4,"bss,ds,dt,tbs",bss=143669; ds=143669; dt=143669; tbs=143669,
Kishoreganj 2,Mohammed Shafiqul Islam,Bangladesh Jamaat-e-Islami (Jamaat),120975,2,"ds,tbs",ds=120975; tbs=120975,
Kishoreganj 2,Md. Shafiqul Islam,Gono Odhikar Parishad (GOP),120975,4,"bss,ds,dt,tbs",bss=120975; ds=0; dt=120975; tbs=395,vote-mismatch: spread=100%
Kishoreganj 2,Md. Abul Basar Rezwan,Islami Andolan Bangladesh (IAB),3566,3,"ds,dt,tbs",ds=0; dt=3566; tbs=3566,
Kishoreganj 2,Md. Afzal Hossain Bhuiyan,Jatiya Party (JaPa),2113,3,"ds,dt,tbs",ds=0; dt=2113; tbs=2113,
Kishoreganj 2,Noor Uddin Ahmed,Independent Candidate (Independent),1313,3,"ds,dt,tbs",ds=0; dt=1313; tbs=1313,
Kishoreganj 2,Md. Anisuzzaman Khokon,Independent Candidate (Independent),363,3,"ds,dt,tbs",ds=0; dt=363; tbs=363,
Kishoreganj 2,Md. Billal Hossain,Bangladesh Nationalist Front (BNF),222,3,"ds,dt,tbs",ds=0; dt=222; tbs=222,
Kishoreganj 3,Dr. Muhammad Osman Farooq,Bangladesh Nationalist Party (BNP),112466,4,"bss,ds,dt,tbs",bss=112466; ds=112466; dt=112466; tbs=112466,
Kishoreganj 3,Jehad Khan,Bangladesh Jamaat-e-Islami (Jamaat),102476,4,"bss,ds,dt,tbs",bss=102476; ds=102476; dt=102476; tbs=102476,
Kishoreganj 3,Md. Alamgir Hossain,Islami Andolan Bangladesh (IAB),10777,3,"ds,dt,tbs",ds=0; dt=10777; tbs=10777,
Kishoreganj 3,A. K. M. Alamgir,Independent Candidate (Independent),1487,3,"ds,dt,tbs",ds=0; dt=1487; tbs=1487,
Kishoreganj 3,Md. Abu Bokor Siddiqui,Jatiya Party (JaPa),1249,3,"ds,dt,tbs",ds=0; dt=1249; tbs=1249,
Kishoreganj 3,Delowar Hossain Bhuiyan,Ganatantri Party (GP),191,3,"ds,dt,tbs",ds=0; dt=191; tbs=191,
Kishoreganj 3,Mohammad Aminul Islam,National People's Party (NPP),118,3,"ds,dt,tbs",ds=0; dt=118; tbs=118,
Kishoreganj 4,Md. Fazlur Rahman,Bangladesh Nationalist Party (BNP),132472,4,"bss,ds,dt,tbs",bss=132472; ds=132472; dt=132553; tbs=132472,
Kishoreganj 4,Md. Rokon Reza Sheikh,Bangladesh Jamaat-e-Islami (Jamaat),57829,4,"bss,ds,dt,tbs",bss=57829; ds=57829; dt=55646; tbs=57829,
Kishoreganj 4,Kazi Reha Kabir,Independent Candidate (Independent),2972,3,"ds,dt,tbs",ds=0; dt=2972; tbs=2972,
Kishoreganj 4,Md. Shaheen Reza Chowdhury,Independent Candidate (Independent),2537,3,"ds,dt,tbs",ds=0; dt=2537; tbs=2537,
Kishoreganj 4,Billal Ahmed Majumdar,Islami Andolan Bangladesh (IAB),2487,3,"ds,dt,tbs",ds=0; dt=2487; tbs=2487,
Kishoreganj 4,Khairul Islam Thakur,Khelafat Majlis,879,3,"ds,dt,tbs",ds=0; dt=879; tbs=879,
Kishoreganj 4,Nurul Islam,Insaniyat Biplob Bangladesh (IBB),516,3,"ds,dt,tbs",ds=0; dt=516; tbs=516,
Kishoreganj 4,Md. Zainal Abedin,National People's Party (NPP),105,3,"ds,dt,tbs",ds=0; dt=105; tbs=105,
Kishoreganj 5,Sheikh Mujibur Rahman Iqbal,Independent Candidate (Independent),79604,4,"bss,ds,dt,tbs",bss=79604; ds=79604; dt=79604; tbs=79604,
Kishoreganj 5,Sayed Ehsanul Huda,Bangladesh Nationalist Party (BNP),66450,4,"bss,ds,dt,tbs",bss=66450; ds=66450; dt=66450; tbs=66450,
Kishoreganj 5,Md. Ramzan Ali,Bangladesh Jamaat-e-Islami (Jamaat),54400,3,"ds,dt,tbs",ds=0; dt=54400; tbs=54400,
Kishoreganj 5,Mohammad Delawar Hossain,Islami Andolan Bangladesh (IAB),2688,3,"ds,dt,tbs",ds=0; dt=2688; tbs=2688,
Kishoreganj 5,A. H. M. Qayyum (Hasnat Qayyum),Independent Candidate (Independent),1897,3,"ds,dt,tbs",ds=0; dt=1897; tbs=1897,
Kishoreganj 5,Md. Wali Ullah,Bangladesh Islami Front (BIF),1313,3,"ds,dt,tbs",ds=0; dt=1313; tbs=1313,
Kishoreganj 5,Md. Mahabobul Alam,Jatiya Party (JaPa),295,3,"ds,dt,tbs",ds=0; dt=295; tbs=295,
Kishoreganj 5,Md. Sazzad Hossain,Bangladesh Muslim League (BML),135,3,"ds,dt,tbs",ds=0; dt=135; tbs=135,
Kishoreganj 6,Md. Shariful Alam,Bangladesh Nationalist Party (BNP),187159,4,"bss,ds,dt,tbs",bss=187159; ds=187159; dt=187159; tbs=187159,
Kishoreganj 6,Ataullah Amin,Khelafat Majlis,44095,3,"ds,dt,tbs",ds=44095; dt=44095; tbs=44095,
Kishoreganj 6,Mohammad Mucha Khan,Islami Andolan Bangladesh (IAB),2411,4,"bss,ds,dt,tbs",bss=2411; ds=0; dt=2411; tbs=2411,
Kishoreganj 6,Md. Rubel Hossain,Bangladesh Islami Front (BIF),2172,3,"ds,dt,tbs",ds=0; dt=2172; tbs=2172,
Kishoreganj 6,Mohammed Ayub Hussain,Jatiya Party (JaPa),806,3,"ds,dt,tbs",ds=0; dt=806; tbs=806,
Kishoreganj 6,Naimul Hasan,Insaniyat Biplob Bangladesh (IBB),630,3,"ds,dt,tbs",ds=0; dt=630; tbs=630,
Kishoreganj 6,Dr. Mohammad Habil Mia,Communist Party of Bangladesh (CPB),312,3,"ds,dt,tbs",ds=0; dt=312; tbs=312,
Kishoreganj 6,Shafi Uddin Ahmad,Gono Forum (GF),220,3,"ds,dt,tbs",ds=0; dt=220; tbs=220,
Kishoreganj 6,Md. Nazrul Islam,National People's Party (NPP),185,3,"ds,dt,tbs",ds=0; dt=185; tbs=185,
Kurigram 1,Md. Anowarul Islam,Bangladesh Jamaat-e-Islami (Jamaat),141090,4,"bss,ds,dt,tbs",bss=141090; ds=141090; dt=134648; tbs=141090,
Kurigram 1,Saifur Rahman Rana,Bangladesh Nationalist Party (BNP),123025,4,"bss,ds,dt,tbs",bss=123025; ds=123025; dt=117356; tbs=123025,
Kurigram 1,Md. Haresul Bari,Islami Andolan Bangladesh (IAB),3377,2,"ds,dt",ds=0; dt=3377,
Kurigram 1,A. K. M. Mostafizur Rahman,Jatiya Party (JaPa),2689,2,"ds,dt",ds=0; dt=2689,
Kurigram 1,Md. Abdul Hye,Zaker Party (ZP),0,2,"ds,dt",ds=0; dt=0,
Kurigram 1,Md. Bin Yamin Molla,Gono Odhikar Parishad (GOP),0,2,"ds,dt",ds=0; dt=0,
Kurigram 2,Atiqur Rahman Mujahid,National Citizen Party (NCP),178869,4,"bss,ds,dt,tbs",bss=178869; ds=178869; dt=179786; tbs=178869,
Kurigram 2,Md. Sohail Hosnain Kaykobad,Bangladesh Nationalist Party (BNP),170335,4,"bss,ds,dt,tbs",bss=170335; ds=170335; dt=169386; tbs=170335,
Kurigram 2,Md. Atiqur Rahman,Bangladesh Jatiya Party (BJP),0,2,"ds,dt",ds=0; dt=0,
Kurigram 2,Md. Nazrul Islam Khan,Amar Bangladesh Party (AB),0,2,"ds,dt",ds=0; dt=0,
Kurigram 2,Md. Nur Bakta Mian,Islami Andolan Bangladesh (IAB),0,2,"ds,dt",ds=0; dt=0,
Kurigram 2,Muhammad Abdus Salam,Nagorik Oikya (NO),0,2,"ds,dt",ds=0; dt=0,
Kurigram 2,Nur Mohammad,Communist Party of Bangladesh (CPB),0,2,"ds,dt",ds=0; dt=0,
Kurigram 2,Panir Uddin Ahmed,Jatiya Party (JaPa),0,2,"ds,dt",ds=0; dt=0,
Kurigram 2,Md. Safiur Rahman,Independent Candidate (Independent),0,1,dt,dt=0,
Kurigram 3,Md. Mahbubul Alam,Bangladesh Jamaat-e-Islami (Jamaat),106923,4,"bss,ds,dt,tbs",bss=106923; ds=107930; dt=105594; tbs=106923,
Kurigram 3,Tasvir Ul Islam,Bangladesh Nationalist Party (BNP),79352,3,"ds,dt,tbs",ds=79352; dt=77963; tbs=672,vote-mismatch: spread=99%
Kurigram 3,Dr. Md. Akkach Ali Sarkar,Islami Andolan Bangladesh (IAB),33380,4,"bss,ds,dt,tbs",bss=33380; ds=0; dt=0; tbs=33380,
Kurigram 3,Abdus Sobhan,Jatiya Party (JaPa),0,2,"ds,dt",ds=0; dt=0,
Kurigram 3,Sarkar Md. Nur-e-Ershad Siddiqui,Gono Odhikar Parishad (GOP),0,2,"ds,dt",ds=0; dt=0,
Kurigram 3,Md. Safiur Rahman,Jatiya Party (JaPa),0,1,dt,dt=0,
Kurigram 4,Md. Mostafizur Rahman,Bangladesh Jamaat-e-Islami (Jamaat),108210,4,"bss,ds,dt,tbs",bss=108210; ds=108210; dt=78943; tbs=106347,vote-mismatch: spread=27%
Kurigram 4,Md. Azizur Rahman,Bangladesh Nationalist Party (BNP),84423,4,"bss,ds,dt,tbs",bss=84423; ds=84423; dt=57947; tbs=83762,vote-mismatch: spread=31%
Kurigram 4,Md. Hafizur Rahman,Islami Andolan Bangladesh (IAB),9449,3,"ds,dt,tbs",ds=0; dt=0; tbs=9449,
Kurigram 4,K. M. Fazlul Haque Mandul,Jatiya Party (JaPa),0,2,"ds,dt",ds=0; dt=0,
Kurigram 4,Md. Rukunuzzaman,Independent Candidate (Independent),0,2,"ds,dt",ds=0; dt=0,
Kurigram 4,Raju Ahmed,Socialist Party of Bangladesh (Marxist) (SPB-M),0,2,"ds,dt",ds=0; dt=0,
Kurigram 4,Sheikh Mohammad Abdul Khaleq,Bangladesh Samajtantrik Dal (Basad),0,2,"ds,dt",ds=0; dt=0,
Kushtia 1,Reza Ahammed,Bangladesh Nationalist Party (BNP),165909,4,"bss,ds,dt,tbs",bss=165909; ds=165909; dt=165909; tbs=165909,
Kushtia 1,Muhommad Belal Uddin,Bangladesh Jamaat-e-Islami (Jamaat),86682,4,"bss,ds,dt,tbs",bss=86682; ds=86682; dt=86682; tbs=86682,
Kushtia 1,Md. Nuruzzaman,Independent Candidate (Independent),17864,3,"ds,dt,tbs",ds=0; dt=17864; tbs=17864,
Kushtia 1,Md. Aminul Islam,Islami Andolan Bangladesh (IAB),4063,3,"ds,dt,tbs",ds=0; dt=4063; tbs=4063,
Kushtia 1,Md. Shahriar Jamil,Jatiya Party (JaPa),1094,3,"ds,dt,tbs",ds=0; dt=1094; tbs=1094,
Kushtia 1,Md. Shahabul Islam,Gono Odhikar Parishad (GOP),613,3,"ds,dt,tbs",ds=0; dt=613; tbs=613,
Kushtia 1,Moha Badiruzzaman,Bangladesh Islami Front (BIF),241,3,"ds,dt,tbs",ds=0; dt=241; tbs=241,
Kushtia 1,Dr. Md. Gias Uddin,Jatiya Samajtantrik Dal (JSD),203,3,"ds,dt,tbs",ds=0; dt=203; tbs=203,
Kushtia 2,Md. Abdul Ghafoor,Bangladesh Jamaat-e-Islami (Jamaat),192083,4,"bss,ds,dt,tbs",bss=192083; ds=192083; dt=192083; tbs=192083,
Kushtia 2,Raghib Rauf Chowdhury,Bangladesh Nationalist Party (BNP),143821,4,"bss,ds,dt,tbs",bss=143821; ds=143821; dt=143821; tbs=143821,
Kushtia 2,Mohammad Ali,Islami Andolan Bangladesh (IAB),3887,3,"ds,dt,tbs",ds=0; dt=3887; tbs=3887,
Kushtia 2,Md. Babul Akter,Bangladesh Islami Front (BIF),1123,3,"ds,dt,tbs",ds=0; dt=1123; tbs=1123,
Kushtia 2,Noor Uddin Ahmed,Communist Party of Bangladesh (CPB),805,3,"ds,dt,tbs",ds=0; dt=805; tbs=805,
Kushtia 3,Md. Amir Hamza,Bangladesh Jamaat-e-Islami (Jamaat),182476,4,"bss,ds,dt,tbs",bss=182476; ds=180690; dt=182476; tbs=182476,
Kushtia 3,Md. Zakir Hossain Sarkar,Bangladesh Nationalist Party (BNP),127559,4,"bss,ds,dt,tbs",bss=127559; ds=126909; dt=127559; tbs=127559,
Kushtia 3,Md. Abdullah Akhunda,Islami Andolan Bangladesh (IAB),5153,3,"ds,dt,tbs",ds=0; dt=5153; tbs=5153,
Kushtia 3,Mosammat Rumpa Khatun,Bangladesh Republican Party (BRP),475,3,"ds,dt,tbs",ds=0; dt=475; tbs=475,
Kushtia 3,Mir Nazmul Islam,Bangladesh Samajtantrik Dal (Basad),442,3,"ds,dt,tbs",ds=0; dt=442; tbs=442,
Kushtia 3,Mohd. Shariful Islam,Gono Odhikar Parishad (GOP),299,3,"ds,dt,tbs",ds=0; dt=299; tbs=299,
Kushtia 4,Md. Afzal Hossain,Bangladesh Jamaat-e-Islami (Jamaat),148201,4,"bss,ds,dt,tbs",bss=148201; ds=148201; dt=148201; tbs=148201,
Kushtia 4,Syed Mehdi Ahmed Roomy,Bangladesh Nationalist Party (BNP),139603,4,"bss,ds,dt,tbs",bss=139603; ds=139603; dt=139603; tbs=139603,
Kushtia 4,Anowar Khan,Islami Andolan Bangladesh (IAB),13739,3,"ds,dt,tbs",ds=0; dt=13739; tbs=13739,
Kushtia 4,Tarun Kumar Ghosh,Bangladesh Minority Janata Party (BMJP),671,3,"ds,dt,tbs",ds=0; dt=671; tbs=671,
Kushtia 4,Md. Shahidul Islam,Bangladesh Labour Party,308,3,"ds,dt,tbs",ds=0; dt=308; tbs=308,
Kushtia 4,Md. Abdul Hakim Mia,Gono Forum (GF),255,3,"ds,dt,tbs",ds=0; dt=255; tbs=255,
Lakshmipur 1,Md. Shahadat Hossain,Bangladesh Nationalist Party (BNP),86811,4,"bss,ds,dt,tbs",bss=86811; ds=86811; dt=86811; tbs=86811,
Lakshmipur 1,Md. Mahbub Alam,National Citizen Party (NCP),59265,4,"bss,ds,dt,tbs",bss=59265; ds=59265; dt=59265; tbs=59265,
Lakshmipur 1,Md. Zakir Hossain Patwari,Islami Andolan Bangladesh (IAB),11156,3,"ds,dt,tbs",ds=0; dt=11156; tbs=11156,
Lakshmipur 1,Mohammad Mahmudur Rahman Mahmud,Jatiya Party (JaPa),414,3,"ds,dt,tbs",ds=0; dt=414; tbs=414,
Lakshmipur 1,Md. Billal Hossain,Bangladesh Samajtantrik Dal (Basad),203,3,"ds,dt,tbs",ds=0; dt=203; tbs=203,
Lakshmipur 1,Md. Kausar Alam,Gono Odhikar Parishad (GOP),115,3,"ds,dt,tbs",ds=0; dt=115; tbs=106,
Lakshmipur 1,Md. Alamgir Hossain,Nationalist Democratic Movement (NDM),106,3,"ds,dt,tbs",ds=0; dt=106; tbs=106,
Lakshmipur 2,Md. Abul Khair Bhuiyan,Bangladesh Nationalist Party (BNP),146321,4,"bss,ds,dt,tbs",bss=146321; ds=146321; dt=146321; tbs=146321,
Lakshmipur 2,S. U. M. Ruhul Amin Bhuiyan,Bangladesh Jamaat-e-Islami (Jamaat),133698,4,"bss,ds,dt,tbs",bss=133698; ds=133698; dt=133698; tbs=133698,
Lakshmipur 2,Helal Uddin,Islami Andolan Bangladesh (IAB),6774,3,"ds,dt,tbs",ds=0; dt=6774; tbs=6774,
Lakshmipur 2,Md. Ibrahim Mia,Bangladesh Supreme Party (BSP),1780,3,"ds,dt,tbs",ds=0; dt=1780; tbs=1780,
Lakshmipur 2,Abul Bashar,Gono Odhikar Parishad (GOP),424,3,"ds,dt,tbs",ds=0; dt=424; tbs=424,
Lakshmipur 2,Md. Farhad Mia,Bangladesh Kallyan Party (BKP),288,3,"ds,dt,tbs",ds=0; dt=288; tbs=288,
Lakshmipur 2,Mohammad Rezaul Karim,Nagorik Oikya (NO),253,3,"ds,dt,tbs",ds=0; dt=253; tbs=253,
Lakshmipur 3,Md. Shahid Uddin Chowdhury Annie,Bangladesh Nationalist Party (BNP),135612,4,"bss,ds,dt,tbs",bss=135612; ds=135612; dt=135612; tbs=135612,
Lakshmipur 3,Md. Rezaul Karim,Bangladesh Jamaat-e-Islami (Jamaat),122802,4,"bss,ds,dt,tbs",bss=122802; ds=122802; dt=122802; tbs=122802,
Lakshmipur 3,Md. Ibrahim,Islami Andolan Bangladesh (IAB),5051,3,"ds,dt,tbs",ds=0; dt=5051; tbs=5051,
Lakshmipur 3,A. K. M. Mohi Uddin,Jatiya Party (JaPa),1139,3,"ds,dt,tbs",ds=0; dt=1139; tbs=1339,
Lakshmipur 3,Md. Shamsuddin,Bangladesh Liberal Democratic Party (LDP),488,3,"ds,dt,tbs",ds=0; dt=488; tbs=488,
Lakshmipur 3,Salim Mahmud,National People's Party (NPP),289,3,"ds,dt,tbs",ds=0; dt=289; tbs=289,
Lakshmipur 4,A. B. M. Ashraf Uddin (Nizan),Bangladesh Nationalist Party (BNP),115199,4,"bss,ds,dt,tbs",bss=115199; ds=115199; dt=115199; tbs=115199,
Lakshmipur 4,Md. Ashrafur Rahman Hafizullah,Bangladesh Jamaat-e-Islami (Jamaat),73756,4,"bss,ds,dt,tbs",bss=73756; ds=73756; dt=73756; tbs=73756,
Lakshmipur 4,Tania Robb,Jatiya Samajtantrik Dal (JSD),22040,3,"ds,dt,tbs",ds=0; dt=22040; tbs=22040,
Lakshmipur 4,Khaled Saifullah,Islami Andolan Bangladesh (IAB),21103,3,"ds,dt,tbs",ds=0; dt=21103; tbs=21103,
Lakshmipur 4,Milan Krishna Mondal,Bangladesh Samajtantrik Dal (Basad),440,3,"ds,dt,tbs",ds=0; dt=440; tbs=440,
Lakshmipur 4,Nurul Huda Chowdhury,Independent Candidate (Independent),422,3,"ds,dt,tbs",ds=0; dt=422; tbs=422,
Lakshmipur 4,Sharaf Uddin Azad,Independent Candidate (Independent),411,2,"ds,dt",ds=0; dt=411,
Lakshmipur 4,A. N. M. Manjur Morshed,Independent Candidate (Independent),396,3,"ds,dt,tbs",ds=0; dt=396; tbs=396,
Lakshmipur 4,Md. Redowan Ullah,Gono Odhikar Parishad (GOP),259,3,"ds,dt,tbs",ds=0; dt=259; tbs=259,
Lalmonirhat 1,Md. Hasan Razib Prodhan,Bangladesh Nationalist Party (BNP),138686,4,"bss,ds,dt,tbs",bss=138686; ds=138686; dt=138686; tbs=138686,
Lalmonirhat 1,Md. Anwarul Islam Raju,Bangladesh Jamaat-e-Islami (Jamaat),129572,4,"bss,ds,dt,tbs",bss=129572; ds=129572; dt=129572; tbs=129572,
Lalmonirhat 1,Shihab Ahmed,Independent Candidate (Independent),7959,2,"ds,dt",ds=0; dt=7959,
Lalmonirhat 1,Md. Mashiur Rahman Ranga,Jatiya Party (JaPa),5158,2,"ds,dt",ds=0; dt=5158,
Lalmonirhat 1,Muhammad Fazlul Karim Shaharia,Islami Andolan Bangladesh (IAB),2242,2,"ds,dt",ds=0; dt=2242,
Lalmonirhat 1,Md. Rezaul Karim Sarkar,Independent Candidate (Independent),804,2,"ds,dt",ds=0; dt=804,
Lalmonirhat 1,Habib Md. Farooq,Jatiya Samajtantrik Dal (JSD),226,2,"ds,dt",ds=0; dt=226,
Lalmonirhat 1,Abu Sama Md. Redwanul Haque,Independent Candidate (Independent),191,2,"ds,dt",ds=0; dt=191,
Lalmonirhat 1,Md. Shubho Ahmed,Bangladesh Labour Party,143,2,"ds,dt",ds=0; dt=143,
Lalmonirhat 2,Md. Rokon Uddin Babul,Bangladesh Nationalist Party (BNP),123946,4,"bss,ds,dt,tbs",bss=123946; ds=123946; dt=123343; tbs=118359,
Lalmonirhat 2,Md. Firoz Haidar,Bangladesh Jamaat-e-Islami (Jamaat),117252,4,"bss,ds,dt,tbs",bss=6694; ds=117252; dt=116236; tbs=107886,vote-mismatch: spread=94%
Lalmonirhat 2,Md. Elahan Uddin,Jatiya Party (JaPa),0,2,"ds,dt",ds=0; dt=0,
Lalmonirhat 2,Md. Mahfuzur Rahman,Islami Andolan Bangladesh (IAB),0,2,"ds,dt",ds=0; dt=0,
Lalmonirhat 2,Md. Momtaz Ali,Independent Candidate (Independent),0,2,"ds,dt",ds=0; dt=0,
Lalmonirhat 2,Md. Shamim Kamal,Janotar Dol,0,2,"ds,dt",ds=0; dt=0,
Lalmonirhat 2,Nimai Chandra Roy,Communist Party of Bangladesh (CPB),0,2,"ds,dt",ds=0; dt=0,
Lalmonirhat 3,Asadul Habib Dulu,Bangladesh Nationalist Party (BNP),139651,4,"bss,ds,dt,tbs",bss=139657; ds=139651; dt=138691; tbs=139651,
Lalmonirhat 3,Md. Abu Taher,Bangladesh Jamaat-e-Islami (Jamaat),56244,4,"bss,ds,dt,tbs",bss=56244; ds=56244; dt=56244; tbs=56244,
Lalmonirhat 3,Md. Aminul Islam,Islami Andolan Bangladesh (IAB),3283,2,"ds,dt",ds=0; dt=3283,
Lalmonirhat 3,Md. Zahid Hasan,Jatiya Party (JaPa),2150,2,"ds,dt",ds=0; dt=2150,
Lalmonirhat 3,Madhu Sudan Roy,Communist Party of Bangladesh (CPB),861,2,"ds,dt",ds=0; dt=861,
Lalmonirhat 3,Deepak Kumar Roy,Ganosanhati Andolan (GSA),427,2,"ds,dt",ds=0; dt=427,
Madaripur 1,Sayed Uddin Ahmad Hanzala,Khelafat Majlis,64909,4,"bss,ds,dt,tbs",bss=64909; ds=64909; dt=64909; tbs=64909,
Madaripur 1,Nadira Akhter,Bangladesh Nationalist Party (BNP),64524,4,"bss,ds,dt,tbs",bss=64524; ds=64524; dt=64524; tbs=64524,
Madaripur 1,Kamal Zaman Mollah,Independent Candidate (Independent),36564,3,"ds,dt,tbs",ds=0; dt=36564; tbs=36564,
Madaripur 1,Akram Hossain,Islami Andolan Bangladesh (IAB),6205,3,"ds,dt,tbs",ds=0; dt=6205; tbs=6205,
Madaripur 1,Sazzad Hossain Siddiquee,Independent Candidate (Independent),3059,3,"ds,dt,tbs",ds=0; dt=3059; tbs=3059,
Madaripur 1,Rajib Mollah,Gono Odhikar Parishad (GOP),3026,3,"ds,dt,tbs",ds=0; dt=3026; tbs=3026,
Madaripur 1,Md. Imran Hasan,Independent Candidate (Independent),247,3,"ds,dt,tbs",ds=0; dt=247; tbs=247,
Madaripur 1,Abdul Ali,Communist Party of Bangladesh (CPB),208,3,"ds,dt,tbs",ds=0; dt=208; tbs=208,
Madaripur 1,Mohammad Jahirul Islam Mintu,Jatiya Party (JaPa),180,3,"ds,dt,tbs",ds=0; dt=180; tbs=180,
Madaripur 1,Md. Hafizur Rahman,Bangladesh Labour Party,69,3,"ds,dt,tbs",ds=0; dt=69; tbs=69,
Madaripur 2,Md. Jahandar Ali Mia,Bangladesh Nationalist Party (BNP),61744,4,"bss,ds,dt,tbs",bss=61744; ds=61744; dt=61744; tbs=61744,
Madaripur 2,Milton Baidya,Independent Candidate (Independent),46476,4,"bss,ds,dt,tbs",bss=46476; ds=46476; dt=46476; tbs=46476,
Madaripur 2,Abdus Sobahan,Khelafat Majlis,36169,3,"ds,dt,tbs",ds=0; dt=36169; tbs=36169,
Madaripur 2,Ali Ahmed Chowdhury,Islami Andolan Bangladesh (IAB),16865,3,"ds,dt,tbs",ds=0; dt=16865; tbs=16865,
Madaripur 2,Muha Kamrul Islam Sayed,Independent Candidate (Independent),14519,3,"ds,dt,tbs",ds=0; dt=14519; tbs=14519,
Madaripur 2,Shahidul Islam Khan,Independent Candidate (Independent),6043,3,"ds,dt,tbs",ds=0; dt=6043; tbs=6043,
Madaripur 2,Md. Reyazul Islam,Independent Candidate (Independent),2799,3,"ds,dt,tbs",ds=0; dt=2799; tbs=2779,
Madaripur 2,Md. Mohidul Islam,Jatiya Party (JaPa),646,3,"ds,dt,tbs",ds=0; dt=646; tbs=646,
Madaripur 2,Subal Chandra Majumder,Bangladesh Kallyan Party (BKP),301,3,"ds,dt,tbs",ds=0; dt=301; tbs=301,
Madaripur 2,Mohammad Didar Hossain,Bangladesh Samajtantrik Dal (Basad),128,3,"ds,dt,tbs",ds=0; dt=128; tbs=128,
Madaripur 3,Anishur Rahman,Bangladesh Nationalist Party (BNP),96188,4,"bss,ds,dt,tbs",bss=96188; ds=96188; dt=96188; tbs=96188,
Madaripur 3,Md. Rafiqul Islam,Bangladesh Jamaat-e-Islami (Jamaat),84646,4,"bss,ds,dt,tbs",bss=84646; ds=84646; dt=84646; tbs=84646,
Madaripur 3,Md. Azizul Haque,Islami Andolan Bangladesh (IAB),13058,3,"ds,dt,tbs",ds=0; dt=13058; tbs=13058,
Madaripur 3,Nitai Chakrabarty,Bangladesh Supreme Party (BSP),2507,3,"ds,dt,tbs",ds=0; dt=2507; tbs=2507,
Madaripur 3,Aminul Islam,Bangladesh Samajtantrik Dal (Basad),363,3,"ds,dt,tbs",ds=0; dt=363; tbs=363,
Magura 1,Md. Monowar Hossain,Bangladesh Nationalist Party (BNP),185338,4,"bss,ds,dt,tbs",bss=185338; ds=185338; dt=185338; tbs=185338,
Magura 1,Abdul Mateen,Bangladesh Jamaat-e-Islami (Jamaat),89691,4,"bss,ds,dt,tbs",bss=89691; ds=89691; dt=89691; tbs=89691,
Magura 1,Md. Nazirul Islam,Islami Andolan Bangladesh (IAB),13414,3,"ds,dt,tbs",ds=13414; dt=13414; tbs=13414,
Magura 1,Md. Zakir Hossain Mollah,Jatiya Party (JaPa),1767,3,"ds,dt,tbs",ds=1767; dt=1767; tbs=1767,
Magura 1,Shompa Basu,Bangladesh Samajtantrik Dal (Basad),1237,3,"ds,dt,tbs",ds=1237; dt=1237; tbs=1237,
Magura 1,Kazi Rezaul Hossain,Bangladesh Congress,821,3,"ds,dt,tbs",ds=821; dt=821; tbs=821,
Magura 1,Md. Khalilur Rahman,Gono Odhikar Parishad (GOP),292,3,"ds,dt,tbs",ds=292; dt=292; tbs=292,
Magura 2,Nitai Roy Chowdhury,Bangladesh Nationalist Party (BNP),147896,4,"bss,ds,dt,tbs",bss=147896; ds=147896; dt=147896; tbs=147896,
Magura 2,Md. Mushtarshed Billah,Bangladesh Jamaat-e-Islami (Jamaat),117018,4,"bss,ds,dt,tbs",bss=117018; ds=117018; dt=117018; tbs=117018,
Magura 2,Mostofa Kamal,Islami Andolan Bangladesh (IAB),16223,3,"ds,dt,tbs",ds=16223; dt=16223; tbs=16223,
Magura 2,Moshiyar Rahman,Jatiya Party (JaPa),2947,3,"ds,dt,tbs",ds=2947; dt=2947; tbs=2947,
Manikganj 1,S. A. Jinnah Kabir,Bangladesh Nationalist Party (BNP),137773,4,"bss,ds,dt,tbs",bss=137773; ds=137773; dt=137773; tbs=137773,
Manikganj 1,Md. Tozammel Hoque,Independent Candidate (Independent),77818,4,"bss,ds,dt,tbs",bss=77818; ds=77818; dt=77818; tbs=77818,
Manikganj 1,Abu Bakar Siddiqui,Bangladesh Jamaat-e-Islami (Jamaat),71310,3,"ds,dt,tbs",ds=71310; dt=71310; tbs=71310,
Manikganj 1,Md. Abdul Ali Bepari,Independent Candidate (Independent),6966,2,"dt,tbs",dt=6966; tbs=6966,
Manikganj 1,Md. Khorshed Alam,Islami Andolan Bangladesh (IAB),3247,3,"ds,dt,tbs",ds=3247; dt=3247; tbs=3247,
Manikganj 1,Mohammad Ilias Hossain,Gono Odhikar Parishad (GOP),1066,3,"ds,dt,tbs",ds=1066; dt=1066; tbs=1066,
Manikganj 1,Mohammad Shahjahan Khan,Janotar Dol,283,3,"ds,dt,tbs",ds=283; dt=283; tbs=283,
Manikganj 2,Moinul Islam Khan,Bangladesh Nationalist Party (BNP),175776,4,"bss,ds,dt,tbs",bss=175776; ds=175776; dt=175776; tbs=175776,
Manikganj 2,Md. Salah Uddin,Khelafat Majlis,81531,4,"bss,ds,dt,tbs",bss=81531; ds=81531; dt=81531; tbs=81531,
Manikganj 2,S. M. Abdul Mannan,Jatiya Party (JaPa),7081,3,"ds,dt,tbs",ds=7081; dt=7081; tbs=7081,
Manikganj 2,Mohammad Ali,Islami Andolan Bangladesh (IAB),3847,3,"ds,dt,tbs",ds=3847; dt=3847; tbs=3847,
Manikganj 3,Afroza Khanam,Bangladesh Nationalist Party (BNP),167345,4,"bss,ds,dt,tbs",bss=167345; ds=167345; dt=167345; tbs=167345,
Manikganj 3,Muhammad Saeed Noor,Khelafat Majlis,64242,4,"bss,ds,dt,tbs",bss=64242; ds=64242; dt=64242; tbs=64242,
Manikganj 3,Md. Ataur Rahman Ata,Independent Candidate (Independent),20551,3,"ds,dt,tbs",ds=0; dt=20551; tbs=20551,
Manikganj 3,Rafiqul Islam Khan,Independent Candidate (Independent),3610,3,"ds,dt,tbs",ds=0; dt=3610; tbs=3610,
Manikganj 3,Md. Shahjahan Ali,Jatiya Samajtantrik Dal (JSD),3510,3,"ds,dt,tbs",ds=0; dt=3510; tbs=3510,
Manikganj 3,Shamsuddin,Islami Andolan Bangladesh (IAB),2787,3,"ds,dt,tbs",ds=0; dt=2787; tbs=2787,
Manikganj 3,Abul Bashar Badhsha,Jatiya Party (JaPa),1966,3,"ds,dt,tbs",ds=0; dt=1966; tbs=1966,
Manikganj 3,Moyazzem Hossain Khan Majlish,Jatiya Party (Manju) (JP–Manju),1337,3,"ds,dt,tbs",ds=0; dt=1337; tbs=1327,
Manikganj 3,Mofizul Islam Khan Kamal,Independent Candidate (Independent),684,3,"ds,dt,tbs",ds=0; dt=684; tbs=684,
Meherpur 1,Md. Tajuddin Khan,Bangladesh Jamaat-e-Islami (Jamaat),123271,4,"bss,ds,dt,tbs",bss=123271; ds=123271; dt=123271; tbs=123271,
Meherpur 1,Masood Arun,Bangladesh Nationalist Party (BNP),105441,4,"bss,ds,dt,tbs",bss=105441; ds=105441; dt=105441; tbs=105441,
Meherpur 1,Md. Abdul Hamid,Jatiya Party (JaPa),1429,3,"ds,dt,tbs",ds=0; dt=1429; tbs=1429,
Meherpur 1,Moha Mizanur Rahman,Communist Party of Bangladesh (CPB),792,3,"ds,dt,tbs",ds=0; dt=792; tbs=792,
Meherpur 2,Md. Nazmul Huda,Bangladesh Jamaat-e-Islami (Jamaat),96306,4,"bss,ds,dt,tbs",bss=96306; ds=96306; dt=94658; tbs=96306,
Meherpur 2,Md. Amzad Hossain,Bangladesh Nationalist Party (BNP),85988,4,"bss,ds,dt,tbs",bss=85988; ds=85988; dt=85452; tbs=85988,
Meherpur 2,Md. Abdul Baki,Jatiya Party (JaPa),1791,2,"ds,dt",ds=0; dt=1791,
Moulvibazar 1,Nasir Uddin Ahmed,Bangladesh Nationalist Party (BNP),98282,4,"bss,ds,dt,tbs",bss=98282; ds=98282; dt=98277; tbs=98282,
Moulvibazar 1,Mohammad Aminul Islam,Bangladesh Jamaat-e-Islami (Jamaat),83013,4,"bss,ds,dt,tbs",bss=83013; ds=83013; dt=78214; tbs=83013,
Moulvibazar 1,Ahmed Riaz Uddin,Jatiya Party (JaPa),0,2,"ds,dt",ds=0; dt=0,
Moulvibazar 1,Belal Ahmed,Independent Candidate (Independent),0,2,"ds,dt",ds=0; dt=0,
Moulvibazar 1,Md. Abdun Noor,Gono Odhikar Parishad (GOP),0,2,"ds,dt",ds=0; dt=0,
Moulvibazar 2,Md. Shawkatul Islam,Bangladesh Nationalist Party (BNP),88381,4,"bss,ds,dt,tbs",bss=88381; ds=88381; dt=66707; tbs=88381,vote-mismatch: spread=25%
Moulvibazar 2,Md. Sayeed Ali,Bangladesh Jamaat-e-Islami (Jamaat),53458,4,"bss,ds,dt,tbs",bss=53458; ds=53458; dt=50598; tbs=53458,
Moulvibazar 2,Abdul Quddus,Islami Andolan Bangladesh (IAB),0,2,"ds,dt",ds=0; dt=0,
Moulvibazar 2,M. Jimiur Rahman Chowdhury,Independent Candidate (Independent),0,2,"ds,dt",ds=0; dt=0,
Moulvibazar 2,Md. Abdul Malik,Jatiya Party (JaPa),0,2,"ds,dt",ds=0; dt=0,
Moulvibazar 2,Md. Fazlul Haque Khan,Independent Candidate (Independent),0,2,"ds,dt",ds=0; dt=0,
Moulvibazar 2,Nawab Ali Abbas Khan,Independent Candidate (Independent),0,2,"ds,dt",ds=0; dt=0,
Moulvibazar 2,Sadia Noshin Tasnim Chowdhury,Socialist Party of Bangladesh (Marxist) (SPB-M),0,2,"ds,dt",ds=0; dt=0,
Moulvibazar 3,Nasser Rahman,Bangladesh Nationalist Party (BNP),156757,4,"bss,ds,dt,tbs",bss=156757; ds=156757; dt=154545; tbs=156757,
Moulvibazar 3,Md. Abdul Mannan,Bangladesh Jamaat-e-Islami (Jamaat),77636,4,"bss,ds,dt,tbs",bss=77636; ds=77636; dt=74362; tbs=77636,
Moulvibazar 3,Ahmed Bilal,Khelafat Majlis,1361,2,"ds,dt",ds=0; dt=1361,
Moulvibazar 3,Jahar Lal Dutta,Communist Party of Bangladesh (CPB),0,2,"ds,dt",ds=0; dt=0,
Moulvibazar 4,Md. Mujibur Rahman Chowdhury,Bangladesh Nationalist Party (BNP),169608,4,"bss,ds,dt,tbs",bss=169608; ds=169608; dt=168958; tbs=170877,
Moulvibazar 4,Sheikh Noor E Alam Hamidi,Khelafat Majlis,49189,4,"bss,ds,dt,tbs",bss=49189; ds=49189; dt=49389; tbs=50204,
Moulvibazar 4,Md. Mohsin Mia,Independent Candidate (Independent),33911,2,"ds,dt",ds=0; dt=33911,
Moulvibazar 4,Pritam Das,National Citizen Party (NCP),71,2,"ds,dt",ds=0; dt=71,
Moulvibazar 4,Md. Abul Hasan,Bangladesh Samajtantrik Dal (Basad),0,2,"ds,dt",ds=0; dt=0,
Moulvibazar 4,Mohammad Zarif Hossain,Jatiya Party (JaPa),0,2,"ds,dt",ds=0; dt=0,
Munshiganj 1,Md. Abdullah,Bangladesh Nationalist Party (BNP),167562,4,"bss,ds,dt,tbs",bss=167562; ds=167562; dt=167562; tbs=167562,
Munshiganj 1,A. K. M. Fakhruddin Razi,Bangladesh Jamaat-e-Islami (Jamaat),101568,4,"bss,ds,dt,tbs",bss=101568; ds=101568; dt=101568; tbs=101568,
Munshiganj 1,Mohammad Momin Ali,Independent Candidate (Independent),30678,3,"ds,dt,tbs",ds=0; dt=30678; tbs=30678,
Munshiganj 1,Md. Atiqur Rahman Khan,Islami Andolan Bangladesh (IAB),9039,3,"ds,dt,tbs",ds=0; dt=9039; tbs=9039,
Munshiganj 1,Abdur Rahman,Communist Party of Bangladesh (CPB),443,3,"ds,dt,tbs",ds=0; dt=443; tbs=443,
Munshiganj 1,Rokeya Akhtar,Insaniyat Biplob Bangladesh (IBB),320,3,"ds,dt,tbs",ds=0; dt=320; tbs=320,
Munshiganj 2,Abdus Salam Azad,Bangladesh Nationalist Party (BNP),121154,4,"bss,ds,dt,tbs",bss=121154; ds=121154; dt=121154; tbs=121154,
Munshiganj 2,Majedul Islam,National Citizen Party (NCP),58573,4,"bss,ds,dt,tbs",bss=58573; ds=58573; dt=58573; tbs=58573,
Munshiganj 2,"K. , M. , Billal",Islami Andolan Bangladesh (IAB),13387,3,"ds,dt,tbs",ds=0; dt=13387; tbs=13367,
Munshiganj 2,Md. Noman Mia,Jatiya Party (JaPa),2857,3,"ds,dt,tbs",ds=0; dt=2857; tbs=2857,
Munshiganj 2,Ashiq Mahmud,Bangladesh Islami Front (BIF),651,3,"ds,dt,tbs",ds=0; dt=651; tbs=651,
Munshiganj 3,Md. Kamruzzaman,Bangladesh Nationalist Party (BNP),124691,4,"bss,ds,dt,tbs",bss=124691; ds=124691; dt=124691; tbs=124691,
Munshiganj 3,Md. Mohiuddin,Independent Candidate (Independent),88936,4,"bss,ds,dt,tbs",bss=88936; ds=88936; dt=88936; tbs=88936,
Munshiganj 3,Noor Hossain Noorani,Khelafat Majlis,54456,3,"ds,dt,tbs",ds=0; dt=54456; tbs=54456,
Munshiganj 3,Suman Dewan,Islami Andolan Bangladesh (IAB),6392,3,"ds,dt,tbs",ds=0; dt=6392; tbs=6392,
Munshiganj 3,Md. Arifuzzaman (Didar),Jatiya Party (JaPa),804,3,"ds,dt,tbs",ds=0; dt=804; tbs=804,
Munshiganj 3,Sheikh Md. Kamal Hossain,Communist Party of Bangladesh (CPB),304,3,"ds,dt,tbs",ds=0; dt=304; tbs=304,
Munshiganj 3,Sheikh Md. Shimul,Revolutionary Workers Party of Bangladesh (RWPB),174,3,"ds,dt,tbs",ds=0; dt=174; tbs=174,
Munshiganj 3,Anis Mollah,Bangladesh Labour Party,155,3,"ds,dt,tbs",ds=0; dt=155; tbs=294,vote-mismatch: spread=47%
Mymensingh 1,Mohammed Salman Omar,Independent Candidate (Independent),108265,4,"bss,ds,dt,tbs",bss=108265; ds=108265; dt=108265; tbs=108265,
Mymensingh 1,Syed Imran Saleh,Bangladesh Nationalist Party (BNP),101926,4,"bss,ds,dt,tbs",bss=101926; ds=101926; dt=101926; tbs=101926,
Mymensingh 1,Md. Tajul Islam,Khelafat Majlis,53222,3,"ds,dt,tbs",ds=0; dt=53222; tbs=53222,
Mymensingh 1,: Md. Zillur Rahman,Islami Andolan Bangladesh (IAB),3125,3,"ds,dt,tbs",ds=0; dt=3125; tbs=315,vote-mismatch: spread=90%
Mymensingh 1,Mohammad Rashedul Haque,Bangladesh Labour Party,274,2,"dt,tbs",dt=274; tbs=274,
Mymensingh 1,Md. A. Razzaq,Socialist Party of Bangladesh (Marxist) (SPB-M),224,3,"ds,dt,tbs",ds=0; dt=224; tbs=224,
Mymensingh 1,Azharul Islam,Communist Party of Bangladesh (CPB),174,3,"ds,dt,tbs",ds=0; dt=174; tbs=174,
Mymensingh 10,Mohammad Akhtaruzzaman,Bangladesh Nationalist Party (BNP),75585,4,"bss,ds,dt,tbs",bss=75585; ds=75585; dt=75585; tbs=75585,
Mymensingh 10,Abu Bakar Siddiqur Rahman,Independent Candidate (Independent),67013,4,"bss,ds,dt,tbs",bss=67013; ds=67013; dt=67013; tbs=67013,
Mymensingh 10,Md. Ismail,Bangladesh Jamaat-e-Islami (Jamaat),66063,3,"ds,dt,tbs",ds=0; dt=66063; tbs=66063,
Mymensingh 10,Md. Habibullah Belali,Islami Andolan Bangladesh (IAB),2504,3,"ds,dt,tbs",ds=0; dt=2504; tbs=2504,
Mymensingh 10,Md. Matiur Rahman,Independent Candidate (Independent),386,2,"ds,dt",ds=0; dt=386,
Mymensingh 10,Md. Al Amin (Sohan),Jatiya Party (JaPa),369,3,"ds,dt,tbs",ds=0; dt=369; tbs=945,vote-mismatch: spread=61%
Mymensingh 10,"A. , K. , M. , Shamsul Alam",Ganosanhati Andolan (GSA),364,3,"ds,dt,tbs",ds=0; dt=364; tbs=364,
Mymensingh 10,Syed Mahmud Morshed,Bangladesh Liberal Democratic Party (LDP),322,3,"ds,dt,tbs",ds=0; dt=322; tbs=322,
Mymensingh 10,Md. Saifus Salehin,Communist Party of Bangladesh (CPB),299,3,"ds,dt,tbs",ds=0; dt=299; tbs=299,
Mymensingh 11,Fakhr Uddin Ahmed,Bangladesh Nationalist Party (BNP),111230,4,"bss,ds,dt,tbs",bss=111230; ds=111230; dt=111230; tbs=111230,
Mymensingh 11,Muhammad Morshed Alam,Independent Candidate (Independent),66016,4,"bss,ds,dt,tbs",bss=66016; ds=66016; dt=66016; tbs=66016,
Mymensingh 11,Zahidul Islam,National Citizen Party (NCP),22195,3,"ds,dt,tbs",ds=0; dt=22195; tbs=22195,
Mymensingh 11,Mohammad Anwarul Islam,Gono Odhikar Parishad (GOP),1855,3,"ds,dt,tbs",ds=0; dt=1855; tbs=391,vote-mismatch: spread=79%
Mymensingh 11,Md. Mustafa Kamal,Islami Andolan Bangladesh (IAB),391,3,"ds,dt,tbs",ds=0; dt=391; tbs=1855,vote-mismatch: spread=79%
Mymensingh 2,Muhammadullah,Khelafat Majlis,146202,4,"bss,ds,dt,tbs",bss=146202; ds=146202; dt=146202; tbs=146202,
Mymensingh 2,Motahar Hossain Talukder,Bangladesh Nationalist Party (BNP),118438,4,"bss,ds,dt,tbs",bss=118438; ds=118438; dt=118438; tbs=118438,
Mymensingh 2,Shah Shahid Sarwar,Independent Candidate (Independent),48874,3,"ds,dt,tbs",ds=0; dt=48874; tbs=48874,
Mymensingh 2,Golam Maula Bhuiyan,Islami Andolan Bangladesh (IAB),3857,3,"ds,dt,tbs",ds=0; dt=3857; tbs=3857,
Mymensingh 2,Md. Julhas Uddin Sheikh,Bangladesh Supreme Party (BSP),1071,3,"ds,dt,tbs",ds=0; dt=1071; tbs=1071,
Mymensingh 2,Md. Emdadul Haque Khan,Jatiya Party (JaPa),725,3,"ds,dt,tbs",ds=0; dt=725; tbs=725,
Mymensingh 2,Mohammad Abu Bakar Siddique,Independent Candidate (Independent),494,3,"ds,dt,tbs",ds=0; dt=494; tbs=494,
Mymensingh 2,Md. Abu Bakar Siddiq,Independent Candidate (Independent),494,1,tbs,tbs=494,
Mymensingh 3,M. Iqbal Hossain,Bangladesh Nationalist Party (BNP),75320,4,"bss,ds,dt,tbs",bss=75320; ds=75320; dt=75320; tbs=75320,
Mymensingh 3,Ahmed Tayebur Rahman,Independent Candidate (Independent),65995,4,"bss,ds,dt,tbs",bss=65995; ds=65995; dt=85995; tbs=65995,vote-mismatch: spread=23%
Mymensingh 3,Md. Abu Taher Khan,Bangladesh Nezame Islam Party (BNIP),25706,3,"ds,dt,tbs",ds=0; dt=25706; tbs=25706,
Mymensingh 3,Md. Shariful Islam,Islami Andolan Bangladesh (IAB),2745,3,"ds,dt,tbs",ds=0; dt=2745; tbs=2745,
Mymensingh 3,A. K. M. Ariful Hasan,Socialist Party of Bangladesh (Marxist) (SPB-M),354,3,"ds,dt,tbs",ds=0; dt=354; tbs=354,
Mymensingh 4,Md. Abu Wahab Akand Wahid,Bangladesh Nationalist Party (BNP),179668,4,"bss,ds,dt,tbs",bss=179668; ds=179668; dt=179668; tbs=179688,
Mymensingh 4,Mohammad Kamrul Ahsan,Bangladesh Jamaat-e-Islami (Jamaat),171880,4,"bss,ds,dt,tbs",bss=171880; ds=171880; dt=171880; tbs=171880,
Mymensingh 4,Md. Nasir Uddin,Islami Andolan Bangladesh (IAB),8701,3,"ds,dt,tbs",ds=0; dt=8701; tbs=8701,
Mymensingh 4,Abu Md. Musa Sarkar,Jatiya Party (JaPa),3845,3,"ds,dt,tbs",ds=0; dt=3845; tbs=3845,
Mymensingh 4,Emdadul Haque Millat,Communist Party of Bangladesh (CPB),1397,3,"ds,dt,tbs",ds=0; dt=1397; tbs=1397,
Mymensingh 4,Md. Liaquat Ali,Bangladesh Supreme Party (BSP),892,3,"ds,dt,tbs",ds=0; dt=892; tbs=892,
Mymensingh 4,Shekhar Kumar Roy,Socialist Party of Bangladesh (Marxist) (SPB-M),740,3,"ds,dt,tbs",ds=0; dt=740; tbs=1397,vote-mismatch: spread=47%
Mymensingh 4,Mostafizur Rahman,Ganosanhati Andolan (GSA),456,2,"ds,dt",ds=0; dt=456,
Mymensingh 4,Md. Hamidul Islam,National People's Party (NPP),373,2,"dt,tbs",dt=373; tbs=373,
Mymensingh 5,Mohammad Zakir Hossain,Bangladesh Nationalist Party (BNP),128896,4,"bss,ds,dt,tbs",bss=128896; ds=128896; dt=7926; tbs=128898,vote-mismatch: spread=94%
Mymensingh 5,Md. Matiur Rahman Akand,Bangladesh Jamaat-e-Islami (Jamaat),102228,4,"bss,ds,dt,tbs",bss=102228; ds=102226; dt=102228; tbs=102228,
Mymensingh 5,Mohammad Sirajul Islam,Islami Andolan Bangladesh (IAB),3648,3,"ds,dt,tbs",ds=0; dt=3648; tbs=6646,vote-mismatch: spread=45%
Mymensingh 5,Mohammad Nazrul Islam,Ganosanhati Andolan (GSA),815,1,dt,dt=815,
Mymensingh 5,Md. Rafiqul Islam,Amar Bangladesh Party (AB),348,3,"ds,dt,tbs",ds=0; dt=348; tbs=348,
Mymensingh 6,Md. Kamrul Hasan,Bangladesh Jamaat-e-Islami (Jamaat),77325,4,"bss,ds,dt,tbs",bss=77325; ds=77325; dt=77325; tbs=77325,
Mymensingh 6,Akhtar Sultana,Independent Candidate (Independent),53331,4,"bss,ds,dt,tbs",bss=53331; ds=53331; dt=53331; tbs=53331,
Mymensingh 6,Professor Md. Jasim Uddin,Independent Candidate (Independent),51970,3,"ds,dt,tbs",ds=0; dt=51970; tbs=51970,
Mymensingh 6,Md. Akhtarul Alam,Bangladesh Nationalist Party (BNP),49476,3,"ds,dt,tbs",ds=0; dt=49475; tbs=49476,
Mymensingh 6,Md. Noor Alam Siddiqui,Islami Andolan Bangladesh (IAB),1967,3,"ds,dt,tbs",ds=0; dt=1967; tbs=1967,
Mymensingh 7,Dr. Md. Mahabubur Rahman,Bangladesh Nationalist Party (BNP),99049,4,"bss,ds,dt,tbs",bss=99049; ds=99049; dt=99049; tbs=99049,
Mymensingh 7,Md. Asaduzzaman Sohel,Bangladesh Jamaat-e-Islami (Jamaat),84851,4,"bss,ds,dt,tbs",bss=84851; ds=84851; dt=84851; tbs=84851,
Mymensingh 7,Mohammad Anwar Sadat,Independent Candidate (Independent),33328,3,"ds,dt,tbs",ds=0; dt=33328; tbs=33328,
Mymensingh 7,Md. Ibrahim Khalilullah,Islami Andolan Bangladesh (IAB),4058,3,"ds,dt,tbs",ds=0; dt=4058; tbs=4058,
Mymensingh 7,Md. Zainal Abedin,Independent Candidate (Independent),1044,3,"ds,dt,tbs",ds=0; dt=1044; tbs=1044,
Mymensingh 7,Md. Zahirul Islam,Jatiya Party (JaPa),579,3,"ds,dt,tbs",ds=0; dt=579; tbs=579,
Mymensingh 8,Lutfullah-el-Mazed,Bangladesh Nationalist Party (BNP),108685,4,"bss,ds,dt,tbs",bss=108685; ds=108685; dt=107577; tbs=108685,
Mymensingh 8,Md. Aurangzeb Belal,Bangladesh Liberal Democratic Party (LDP),46515,4,"bss,ds,dt,tbs",bss=46515; ds=46515; dt=45791; tbs=46515,
Mymensingh 8,Shah Nurul Kabir,Islami Andolan Bangladesh (IAB),33029,3,"ds,dt,tbs",ds=0; dt=32734; tbs=33029,
Mymensingh 8,Fakhrul Imam,Jatiya Party (JaPa),1719,3,"ds,dt,tbs",ds=0; dt=1719; tbs=1761,
Mymensingh 9,Yasser Khan Chowdhury,Bangladesh Nationalist Party (BNP),85761,4,"bss,ds,dt,tbs",bss=85761; ds=85761; dt=85761; tbs=85761,
Mymensingh 9,A. K. M. Anwarul Islam,Bangladesh Development Party (BDP),71168,4,"bss,ds,dt,tbs",bss=71168; ds=71168; dt=71168; tbs=71168,
Mymensingh 9,Hasina Khan Chowdhury,Independent Candidate (Independent),30509,3,"ds,dt,tbs",ds=0; dt=30509; tbs=30509,
Mymensingh 9,Md. Saeedur Rahman,Islami Andolan Bangladesh (IAB),5596,3,"ds,dt,tbs",ds=0; dt=5596; tbs=5595,
Mymensingh 9,Hasmat Mahmud,Jatiya Party (JaPa),798,3,"ds,dt,tbs",ds=0; dt=798; tbs=798,
Mymensingh 9,Md. Latiful Bari (Hamim),Gono Forum (GF),252,3,"ds,dt,tbs",ds=0; dt=252; tbs=252,
Naogaon 1,Md. Mostafizur Rahman,Bangladesh Nationalist Party (BNP),173864,4,"bss,ds,dt,tbs",bss=173864; ds=173864; dt=173864; tbs=173864,
Naogaon 1,Moha: Mahbubul Alam,Bangladesh Jamaat-e-Islami (Jamaat),153816,4,"bss,ds,dt,tbs",bss=153816; ds=153816; dt=153816; tbs=153816,
Naogaon 1,Md. Saleque Chowdhury,Independent Candidate (Independent),18088,3,"ds,dt,tbs",ds=0; dt=18088; tbs=18088,
Naogaon 1,Md. A. Haque Shah,Islami Andolan Bangladesh (IAB),9058,2,"dt,tbs",dt=9058; tbs=9058,
Naogaon 1,Md. Akber Ali,Jatiya Party (JaPa),4243,3,"ds,dt,tbs",ds=0; dt=4243; tbs=4243,
Naogaon 2,Md. Enamul Haque,Bangladesh Jamaat-e-Islami (Jamaat),141526,4,"bss,ds,dt,tbs",bss=141526; ds=141526; dt=141526; tbs=141526,
Naogaon 2,Md. Shamsuzzoha Khan,Bangladesh Nationalist Party (BNP),134533,4,"bss,ds,dt,tbs",bss=134533; ds=134533; dt=134533; tbs=134533,
Naogaon 2,Md. Matibul Islam,Amar Bangladesh Party (AB),2580,3,"ds,dt,tbs",ds=0; dt=2580; tbs=2680,
Naogaon 3,Md. Fazle Huda,Bangladesh Nationalist Party (BNP),166889,4,"bss,ds,dt,tbs",bss=166889; ds=166889; dt=166889; tbs=166889,
Naogaon 3,Md. Mahfuzur Rahman,Bangladesh Jamaat-e-Islami (Jamaat),119421,4,"bss,ds,dt,tbs",bss=119421; ds=119421; dt=119421; tbs=119421,
Naogaon 3,Parvez Arefin Siddiqui,Independent Candidate (Independent),17129,3,"ds,dt,tbs",ds=0; dt=17129; tbs=17129,
Naogaon 3,Md. Masud Rana,Jatiya Party (JaPa),4869,3,"ds,dt,tbs",ds=0; dt=4869; tbs=4869,
Naogaon 3,Nasir Bin Asghar,Islami Andolan Bangladesh (IAB),3643,3,"ds,dt,tbs",ds=0; dt=3643; tbs=3643,
Naogaon 3,Kalipada Sarkar,Bangladesh Samajtantrik Dal (Basad),1233,3,"ds,dt,tbs",ds=0; dt=1233; tbs=1233,
Naogaon 3,Md. Saddam Hossain,Independent Candidate (Independent),823,3,"ds,dt,tbs",ds=0; dt=823; tbs=823,
Naogaon 3,Abdullah Al Mamun Soikot,Bangladesh Nationalist Front (BNF),195,3,"ds,dt,tbs",ds=0; dt=195; tbs=195,
Naogaon 4,Ekramul Bari Tipu,Bangladesh Nationalist Party (BNP),133924,4,"bss,ds,dt,tbs",bss=133924; ds=133924; dt=133924; tbs=133928,
Naogaon 4,Md. Abdur Rakib,Bangladesh Jamaat-e-Islami (Jamaat),97585,4,"bss,ds,dt,tbs",bss=97585; ds=97585; dt=97585; tbs=97585,
Naogaon 4,Dr. S. M. Fazlur Rahman,Communist Party of Bangladesh (CPB),2313,3,"ds,dt,tbs",ds=0; dt=2313; tbs=2313,
Naogaon 4,Md. Altaf Hossain,Jatiya Party (JaPa),1327,3,"ds,dt,tbs",ds=0; dt=1327; tbs=1327,
Naogaon 4,Mosammat Arfana Begum,Independent Candidate (Independent),712,3,"ds,dt,tbs",ds=0; dt=712; tbs=712,
Naogaon 4,Sohrab Hossain,Islami Andolan Bangladesh (IAB),609,3,"ds,dt,tbs",ds=0; dt=609; tbs=609,
Naogaon 5,Md. Zahidul Islam Dhalu,Bangladesh Nationalist Party (BNP),129385,4,"bss,ds,dt,tbs",bss=129385; ds=129358; dt=129385; tbs=129385,
Naogaon 5,Abu Sadat Md. Sayem,Bangladesh Jamaat-e-Islami (Jamaat),104747,4,"bss,ds,dt,tbs",bss=104747; ds=104747; dt=43367; tbs=104747,vote-mismatch: spread=59%
Naogaon 5,Md. Abdur Rahman,Islami Andolan Bangladesh (IAB),4101,3,"ds,dt,tbs",ds=0; dt=4101; tbs=4101,
Naogaon 5,Md. Anwar Hossain,Jatiya Party (JaPa),2176,3,"ds,dt,tbs",ds=0; dt=2176; tbs=2176,
Naogaon 5,Shafiqul Islam,Communist Party of Bangladesh (CPB),741,3,"ds,dt,tbs",ds=0; dt=741; tbs=741,
Naogaon 6,Sheikh Md. Rezaul Islam,Bangladesh Nationalist Party (BNP),108866,4,"bss,ds,dt,tbs",bss=108866; ds=108866; dt=108866; tbs=108866,
Naogaon 6,Md. Khobirul Islam,Bangladesh Jamaat-e-Islami (Jamaat),97629,4,"bss,ds,dt,tbs",bss=97629; ds=97629; dt=97629; tbs=97629,
Naogaon 6,Alamgir Kabir,Independent Candidate (Independent),19638,3,"ds,dt,tbs",ds=0; dt=19638; tbs=19638,
Naogaon 6,Md. Rafiqul Islam,Islami Andolan Bangladesh (IAB),1833,3,"ds,dt,tbs",ds=0; dt=1833; tbs=1833,
Naogaon 6,Atikur Rahman Ratan Molla,Bangladesh Republican Party (BRP),555,3,"ds,dt,tbs",ds=0; dt=555; tbs=555,
Narail 1,Bishwas Jahangir Alam,Bangladesh Nationalist Party (BNP),99975,4,"bss,ds,dt,tbs",bss=99975; ds=99975; dt=99975; tbs=99975,
Narail 1,Md. Obaidullah,Bangladesh Jamaat-e-Islami (Jamaat),75225,4,"bss,ds,dt,tbs",bss=75225; ds=75225; dt=75225; tbs=75225,
Narail 1,Abdul Aziz,Islami Andolan Bangladesh (IAB),6352,3,"ds,dt,tbs",ds=0; dt=6352; tbs=6352,
Narail 1,B. M. Nagib Hossain,Independent Candidate (Independent),1113,3,"ds,dt,tbs",ds=0; dt=1113; tbs=1113,
Narail 1,S. M. Sajjad Hossain,Independent Candidate (Independent),898,3,"ds,dt,tbs",ds=0; dt=898; tbs=898,
Narail 1,Sukesh Saha Ananda,Independent Candidate (Independent),864,3,"ds,dt,tbs",ds=0; dt=864; tbs=864,
Narail 1,Md. Milton Molla,Jatiya Party (JaPa),461,3,"ds,dt,tbs",ds=0; dt=461; tbs=461,
Narail 1,Md. Ujjal Molla,Independent Candidate (Independent),230,3,"ds,dt,tbs",ds=0; dt=230; tbs=230,
Narail 2,Md. Ataur Rahman,Bangladesh Jamaat-e-Islami (Jamaat),118142,4,"bss,ds,dt,tbs",bss=118142; ds=118142; dt=118142; tbs=118142,
Narail 2,Md. Monirul Islam,Independent Candidate (Independent),78457,4,"bss,ds,dt,tbs",bss=78457; ds=78457; dt=78457; tbs=78457,
Narail 2,A. Z. M. Fariduzzaman,Bangladesh Nationalist Party (BNP),45463,3,"ds,dt,tbs",ds=0; dt=45463; tbs=45463,
Narail 2,Md. Tajul Islam,Islami Andolan Bangladesh (IAB),4729,3,"ds,dt,tbs",ds=0; dt=4729; tbs=4729,
Narail 2,Khandaker Fayekuzzaman,Jatiya Party (JaPa),688,3,"ds,dt,tbs",ds=0; dt=688; tbs=688,
Narail 2,Md. Noor Islam,Gono Odhikar Parishad (GOP),339,3,"ds,dt,tbs",ds=0; dt=339; tbs=339,
Narail 2,Md. Shoaib Ali,Bangladesh Sangskritik Muktijote (BSM),220,3,"ds,dt,tbs",ds=0; dt=220; tbs=220,
Narail 2,Mosammat Farida Yasmin,Independent Candidate (Independent),219,3,"ds,dt,tbs",ds=0; dt=219; tbs=219,
Narayanganj 1,Mustafizur Rahman Bhuiyan,Bangladesh Nationalist Party (BNP),158358,4,"bss,ds,dt,tbs",bss=158358; ds=158358; dt=156358; tbs=158358,
Narayanganj 1,Md. Anwar Hossain Molla,Bangladesh Jamaat-e-Islami (Jamaat),91690,4,"bss,ds,dt,tbs",bss=91690; ds=91690; dt=91690; tbs=91690,
Narayanganj 1,Md. Imdadullah,Islami Andolan Bangladesh (IAB),7186,3,"ds,dt,tbs",ds=0; dt=7186; tbs=7186,
Narayanganj 1,Mohammad Dulal,Independent Candidate (Independent),463,3,"ds,dt,tbs",ds=0; dt=463; tbs=463,
Narayanganj 1,Md. Moniruzzaman Chandan,Communist Party of Bangladesh (CPB),261,3,"ds,dt,tbs",ds=0; dt=261; tbs=261,
Narayanganj 1,Wasim Uddin,Gono Odhikar Parishad (GOP),219,3,"ds,dt,tbs",ds=0; dt=219; tbs=219,
Narayanganj 1,Md. Rehan Afzal,Insaniyat Biplob Bangladesh (IBB),207,3,"ds,dt,tbs",ds=0; dt=207; tbs=207,
Narayanganj 2,Md. Nazrul Islam Azad,Bangladesh Nationalist Party (BNP),124291,4,"bss,ds,dt,tbs",bss=124291; ds=124291; dt=124291; tbs=124291,
Narayanganj 2,Md. Elias Molla,Bangladesh Jamaat-e-Islami (Jamaat),81054,4,"bss,ds,dt,tbs",bss=81054; ds=81054; dt=81054; tbs=81054,
Narayanganj 2,Md. Ataur Rahman Khan,Independent Candidate (Independent),18744,3,"ds,dt,tbs",ds=0; dt=18744; tbs=18744,
Narayanganj 2,Maulana Md. Habibullah,Islami Andolan Bangladesh (IAB),5265,3,"ds,dt,tbs",ds=0; dt=5265; tbs=5265,
Narayanganj 2,Md. Hafizul Islam,Communist Party of Bangladesh (CPB),350,3,"ds,dt,tbs",ds=0; dt=350; tbs=350,
Narayanganj 2,Md. Abu Hanif Hridoy,Bangladesh Republican Party (BRP),227,3,"ds,dt,tbs",ds=0; dt=227; tbs=227,
Narayanganj 2,Md. Kamrul Mia,Gono Odhikar Parishad (GOP),142,3,"ds,dt,tbs",ds=0; dt=142; tbs=142,
Narayanganj 3,Azharul Islam Mannan,Bangladesh Nationalist Party (BNP),155400,4,"bss,ds,dt,tbs",bss=155400; ds=155400; dt=155400; tbs=155400,
Narayanganj 3,Md. Iqbal Hossain Bhuiyan,Bangladesh Jamaat-e-Islami (Jamaat),134918,4,"bss,ds,dt,tbs",bss=134918; ds=134918; dt=134918; tbs=134918,
Narayanganj 3,Mohammad Gias Uddin,Independent Candidate (Independent),20379,3,"ds,dt,tbs",ds=0; dt=20379; tbs=20379,
Narayanganj 3,Golam Messiah,Islami Andolan Bangladesh (IAB),14223,3,"ds,dt,tbs",ds=0; dt=14223; tbs=14223,
Narayanganj 3,Prof. Md. Rezaul Karim,Independent Candidate (Independent),4596,3,"ds,dt,tbs",ds=0; dt=4596; tbs=4596,
Narayanganj 3,Md. Shahjahan,Khelafat Majlis,1193,3,"ds,dt,tbs",ds=0; dt=1193; tbs=1193,
Narayanganj 3,Md. Atiqur Rahman Nannu Munshi,Bangladesh Khelafat Andolon (BKA),1193,3,"ds,dt,tbs",ds=0; dt=1193; tbs=769,vote-mismatch: spread=36%
Narayanganj 3,Anjan Das,Ganosanhati Andolan (GSA),638,3,"ds,dt,tbs",ds=0; dt=638; tbs=838,vote-mismatch: spread=24%
Narayanganj 3,Md. Wahidur Rahman Milky,Gono Odhikar Parishad (GOP),314,3,"ds,dt,tbs",ds=0; dt=314; tbs=314,
Narayanganj 3,Abdul Karim Munshi,Janotar Dol,285,3,"ds,dt,tbs",ds=0; dt=285; tbs=285,
Narayanganj 3,Ariful Islam,Amar Bangladesh Party (AB),137,3,"ds,dt,tbs",ds=0; dt=137; tbs=137,
Narayanganj 4,Abdullah Al Amin,National Citizen Party (NCP),106171,4,"bss,ds,dt,tbs",bss=106171; ds=106171; dt=106171; tbs=106171,
Narayanganj 4,Monir Hossain,Jamiat Ulema-e-Islam Bangladesh (JUIB),80619,4,"bss,ds,dt,tbs",bss=80619; ds=80619; dt=80619; tbs=80619,
Narayanganj 4,Md. Shah Alam,Independent Candidate (Independent),39589,3,"ds,dt,tbs",ds=0; dt=39589; tbs=31589,vote-mismatch: spread=20%
Narayanganj 4,Md. Ismail Hossain Kausar,Islami Andolan Bangladesh (IAB),16746,3,"ds,dt,tbs",ds=0; dt=16746; tbs=16746,
Narayanganj 4,Mohammad Ali,Bangladesh Republican Party (BRP),11328,3,"ds,dt,tbs",ds=0; dt=11328; tbs=11328,
Narayanganj 4,Mohammad Gias Uddin,Independent Candidate (Independent),8771,3,"ds,dt,tbs",ds=0; dt=8771; tbs=9779,
Narayanganj 4,Md. Salahuddin Khoka,Jatiya Party (JaPa),817,3,"ds,dt,tbs",ds=0; dt=817; tbs=817,
Narayanganj 4,Anwar Hossain,Khelafat Majlis,800,3,"ds,dt,tbs",ds=0; dt=800; tbs=800,
Narayanganj 4,Md. Selim Ahmed,Bangladesh Supreme Party (BSP),643,3,"ds,dt,tbs",ds=0; dt=643; tbs=643,
Narayanganj 4,Iqbal Hossain,Communist Party of Bangladesh (CPB),479,3,"ds,dt,tbs",ds=0; dt=479; tbs=479,
Narayanganj 4,Md. Sulaiman Dewan,Jatiya Samajtantrik Dal (JSD),370,2,"ds,dt",ds=0; dt=370,
Narayanganj 4,Salim Mahmud,Bangladesh Samajtantrik Dal (Basad),282,3,"ds,dt,tbs",ds=0; dt=282; tbs=282,
Narayanganj 4,Md. Arif Bhuiyan,Gono Odhikar Parishad (GOP),106,3,"ds,dt,tbs",ds=0; dt=106; tbs=106,
Narayanganj 5,Abul Kalam,Bangladesh Nationalist Party (BNP),114799,4,"bss,ds,dt,tbs",bss=114799; ds=114799; dt=114799; tbs=114799,
Narayanganj 5,A. B. M. Sirajul Mamun,Khelafat Majlis,101196,4,"bss,ds,dt,tbs",bss=101196; ds=101196; dt=101196; tbs=101196,
Narayanganj 5,Md. Maksud Hossain,Independent Candidate (Independent),34151,3,"ds,dt,tbs",ds=0; dt=34151; tbs=34151,
Narayanganj 5,Mawlana Md. Masum Billah,Islami Andolan Bangladesh (IAB),7708,3,"ds,dt,tbs",ds=0; dt=7708; tbs=7708,
Narayanganj 5,Syed Bahadur Shah Mujaddidi,Bangladesh Islami Front (BIF),4650,3,"ds,dt,tbs",ds=0; dt=4650; tbs=4650,
Narayanganj 5,Montu Chandra Ghosh,Communist Party of Bangladesh (CPB),1575,3,"ds,dt,tbs",ds=0; dt=1575; tbs=1575,
Narayanganj 5,Tariqul Islam,Ganosanhati Andolan (GSA),1023,3,"ds,dt,tbs",ds=0; dt=1023; tbs=1023,
Narayanganj 5,Md. Nahid Hossain,Gono Odhikar Parishad (GOP),643,3,"ds,dt,tbs",ds=0; dt=643; tbs=643,
Narayanganj 5,Abu Naeem Khan Biplob,Bangladesh Samajtantrik Dal (Basad),370,3,"ds,dt,tbs",ds=0; dt=370; tbs=370,
Narayanganj 5,H. M. Amjad Hossain Molla,Bangladesh Sangskritik Muktijote (BSM),242,3,"ds,dt,tbs",ds=0; dt=242; tbs=242,
Narsingdi 1,Khairul Kabir Khokon,Bangladesh Nationalist Party (BNP),161405,4,"bss,ds,dt,tbs",bss=161405; ds=161405; dt=161405; tbs=161405,
Narsingdi 1,Md. Ibrahim Bhuiyan,Bangladesh Jamaat-e-Islami (Jamaat),95349,4,"bss,ds,dt,tbs",bss=95349; ds=95349; dt=92930; tbs=95349,
Narsingdi 1,Md. Ashraf Hossain Bhuiyan,Islami Andolan Bangladesh (IAB),13547,3,"ds,dt,tbs",ds=0; dt=13547; tbs=13547,
Narsingdi 1,Mohammad Mostafa Jamal,Jatiya Party (JaPa),1012,3,"ds,dt,tbs",ds=0; dt=1012; tbs=1012,
Narsingdi 1,Sakhawat Hossain,Bangladesh Islami Front (BIF),955,3,"ds,dt,tbs",ds=0; dt=955; tbs=955,
Narsingdi 1,Shireen Akter,Gono Odhikar Parishad (GOP),485,3,"ds,dt,tbs",ds=0; dt=485; tbs=485,
Narsingdi 1,Hamidul Haque Parvez,Insaniyat Biplob Bangladesh (IBB),207,3,"ds,dt,tbs",ds=0; dt=207; tbs=207,
Narsingdi 1,Shahiduzzaman Chowdhury,Gono Forum (GF),179,3,"ds,dt,tbs",ds=0; dt=179; tbs=179,
Narsingdi 2,Dr. Abdul Moin Khan,Bangladesh Nationalist Party (BNP),92739,4,"bss,ds,dt,tbs",bss=92739; ds=92739; dt=92739; tbs=92739,
Narsingdi 2,Md. Amjad Hossain,Bangladesh Jamaat-e-Islami (Jamaat),55920,4,"bss,ds,dt,tbs",bss=55920; ds=55920; dt=55920; tbs=55920,
Narsingdi 2,Md. Golam Sarwar,National Citizen Party (NCP),19540,3,"ds,dt,tbs",ds=0; dt=19540; tbs=53460,vote-mismatch: spread=63%
Narsingdi 2,A. N. M. Rafiqul Alam Saleem,Jatiya Party (JaPa),1285,3,"ds,dt,tbs",ds=0; dt=1285; tbs=1285,
Narsingdi 2,Asif Iqbal,Bangladesh Islami Front (BIF),708,3,"ds,dt,tbs",ds=0; dt=708; tbs=708,
Narsingdi 2,Mohammad Ibrahim,Insaniyat Biplob Bangladesh (IBB),235,3,"ds,dt,tbs",ds=0; dt=235; tbs=235,
Narsingdi 3,Manzoor Elahi,Bangladesh Nationalist Party (BNP),82061,4,"bss,ds,dt,tbs",bss=82061; ds=82061; dt=82061; tbs=82061,
Narsingdi 3,Md. Arif-ul-Islam Mridha,Independent Candidate (Independent),45682,4,"bss,ds,dt,tbs",bss=45682; ds=45682; dt=45682; tbs=45682,
Narsingdi 3,Md. Rakibul Islam (Rakib),Khelafat Majlis,25493,3,"ds,dt,tbs",ds=0; dt=25493; tbs=25493,
Narsingdi 3,Md. Wayez Hossain Bhuiyan,Islami Andolan Bangladesh (IAB),6843,3,"ds,dt,tbs",ds=0; dt=6843; tbs=6483,
Narsingdi 3,Md. Mostafizur Rahman,Bangladesh Jamaat-e-Islami (Jamaat),5066,3,"ds,dt,tbs",ds=0; dt=5066; tbs=5066,
Narsingdi 3,Abu Sadat Mohammad Sayem Ali Pathan,Zaker Party (ZP),1784,3,"ds,dt,tbs",ds=0; dt=1784; tbs=1748,
Narsingdi 3,Raihan Mia,Insaniyat Biplob Bangladesh (IBB),622,3,"ds,dt,tbs",ds=0; dt=622; tbs=622,
Narsingdi 3,A. K. M. Rezaul Karim,Jatiya Party (JaPa),266,3,"ds,dt,tbs",ds=0; dt=266; tbs=266,
Narsingdi 4,Sardar Md. Sakhawat Hossain,Bangladesh Nationalist Party (BNP),163392,4,"bss,ds,dt,tbs",bss=163392; ds=163392; dt=163392; tbs=163392,
Narsingdi 4,Md. Jahangir Alam,Bangladesh Jamaat-e-Islami (Jamaat),78744,4,"bss,ds,dt,tbs",bss=78744; ds=78744; dt=78744; tbs=78744,
Narsingdi 4,Md. Saifullah,Islami Andolan Bangladesh (IAB),7079,3,"ds,dt,tbs",ds=0; dt=7079; tbs=7079,
Narsingdi 4,Mohammad Milon Mia,Insaniyat Biplob Bangladesh (IBB),1728,3,"ds,dt,tbs",ds=0; dt=1728; tbs=1728,
Narsingdi 4,Md. Kamal Uddin,Jatiya Party (JaPa),1172,3,"ds,dt,tbs",ds=0; dt=1172; tbs=1172,
Narsingdi 4,Kazi Sajjad Zahir,Communist Party of Bangladesh (CPB),839,3,"ds,dt,tbs",ds=0; dt=839; tbs=839,
Narsingdi 4,Mohammad Nasir Uddin,Khelafat Majlis,464,3,"ds,dt,tbs",ds=0; dt=464; tbs=464,
Narsingdi 4,Abu Darda Md. Maaz,Janotar Dol,454,3,"ds,dt,tbs",ds=0; dt=454; tbs=454,
Narsingdi 4,Kazi Shariful Islam,Bangladesh Congress,163,3,"ds,dt,tbs",ds=0; dt=163; tbs=163,
Narsingdi 5,Md. Ashraf Uddin( Won ),Bangladesh Nationalist Party (BNP),137690,4,"bss,ds,dt,tbs",bss=0; ds=137690; dt=137690; tbs=137690,
Narsingdi 5,Tajul Islam,Khelafat Majlis,44981,3,"ds,dt,tbs",ds=44981; dt=44981; tbs=44981,
Narsingdi 5,Badruzzaman Ujjal,Islami Andolan Bangladesh (IAB),33109,3,"ds,dt,tbs",ds=0; dt=33109; tbs=33109,
Narsingdi 5,Mohammad Panir Hossain,Independent Candidate (Independent),20580,2,"ds,dt",ds=0; dt=20580,
Narsingdi 5,Md. Jamal Ahmed Chowdhury,Independent Candidate (Independent),5419,3,"ds,dt,tbs",ds=0; dt=5419; tbs=5419,
Narsingdi 5,Mashiur Rahman,Bangladesh Islami Front (BIF),2424,3,"ds,dt,tbs",ds=0; dt=2424; tbs=2424,
Narsingdi 5,Taufiqur Rahman,Independent Candidate (Independent),1256,3,"ds,dt,tbs",ds=0; dt=1256; tbs=1256,
Narsingdi 5,Tahmina Akhter,Insaniyat Biplob Bangladesh (IBB),1076,3,"ds,dt,tbs",ds=0; dt=1076; tbs=1076,
Narsingdi 5,Meherun Nesha Khan Hena,Jatiya Party (JaPa),500,3,"ds,dt,tbs",ds=0; dt=500; tbs=500,
Narsingdi 5,Md. Solaiman Khandaker,Independent Candidate (Independent),300,3,"ds,dt,tbs",ds=0; dt=300; tbs=300,
Natore 1,Farzana Sharmin,Bangladesh Nationalist Party (BNP),102726,4,"bss,ds,dt,tbs",bss=102726; ds=102726; dt=102726; tbs=102726,
Natore 1,Md. Abul Kalam Azad,Bangladesh Jamaat-e-Islami (Jamaat),90568,4,"bss,ds,dt,tbs",bss=90568; ds=90568; dt=90568; tbs=90568,
Natore 1,Md. Taiful Islam Tipu,Independent Candidate (Independent),73173,3,"ds,dt,tbs",ds=73173; dt=73173; tbs=73173,
Natore 1,Md. Abdullahil Baki,Islami Andolan Bangladesh (IAB),1269,3,"ds,dt,tbs",ds=0; dt=1269; tbs=1269,
Natore 1,Md. . Shahed Ali Jinnah,Jatiya Party (JaPa),552,2,"dt,tbs",dt=552; tbs=552,
Natore 1,Md. Mehedi Hasan,Gono Odhikar Parishad (GOP),298,3,"ds,dt,tbs",ds=0; dt=298; tbs=298,
Natore 1,Md. Sentu Ali,Ganosanhati Andolan (GSA),281,2,"ds,dt",ds=0; dt=281,
Natore 1,Md. Ansar Ali,Revolutionary Workers Party of Bangladesh (RWPB),276,2,"ds,dt",ds=0; dt=276,
Natore 1,Md. Moyazzem Hossain,Independent Candidate (Independent),115,3,"ds,dt,tbs",ds=0; dt=115; tbs=115,
Natore 1,Mohammad Yasir Arshad,Independent Candidate (Independent),80,3,"ds,dt,tbs",ds=0; dt=80; tbs=80,
Natore 2,M. Ruhul Quddus Talukder Dulu,Bangladesh Nationalist Party (BNP),162841,4,"bss,ds,dt,tbs",bss=162841; ds=162841; dt=162841; tbs=162841,
Natore 2,Md. Yunus Ali,Bangladesh Jamaat-e-Islami (Jamaat),130066,4,"bss,ds,dt,tbs",bss=130066; ds=130066; dt=130066; tbs=130066,
Natore 2,Mohammad Ali Siddiqui,Islami Andolan Bangladesh (IAB),2757,3,"ds,dt,tbs",ds=2757; dt=2757; tbs=2757,
Natore 2,Md. Rakib Uddin (Komol),Jatiya Party (JaPa),2587,3,"ds,dt,tbs",ds=2587; dt=2587; tbs=2587,
Natore 2,Dr. Md. Nurnabi Mridha,Independent Candidate (Independent),621,3,"ds,dt,tbs",ds=621; dt=621; tbs=621,
Natore 2,Tahamida Islam Tania,Ganosanhati Andolan (GSA),464,3,"ds,dt,tbs",ds=464; dt=464; tbs=464,
Natore 3,Md. Anwarul Islam,Bangladesh Nationalist Party (BNP),119768,4,"bss,ds,dt,tbs",bss=119768; ds=119768; dt=119768; tbs=119768,
Natore 3,Md. Daudar Mahmud,Independent Candidate (Independent),66492,4,"bss,ds,dt,tbs",bss=66492; ds=66492; dt=66492; tbs=66492,
Natore 3,S. M. Jarjis Kadir,National Citizen Party (NCP),20707,3,"ds,dt,tbs",ds=20707; dt=20707; tbs=20707,
Natore 3,Md. Khalilur Rahman,Islami Andolan Bangladesh (IAB),19105,3,"ds,dt,tbs",ds=19105; dt=19105; tbs=19105,
Natore 3,Md. Ashik Iqbal,Jatiya Party (JaPa),2119,3,"ds,dt,tbs",ds=2119; dt=2119; tbs=2119,
Natore 3,Md. Delowar Hossain,Independent Candidate (Independent),372,2,"dt,tbs",dt=372; tbs=372,
Natore 4,Md. Abdul Aziz,Bangladesh Nationalist Party (BNP),170551,4,"bss,ds,dt,tbs",bss=170551; ds=170551; dt=170551; tbs=170551,
Natore 4,Md. Abdul Hakim,Bangladesh Jamaat-e-Islami (Jamaat),135386,4,"bss,ds,dt,tbs",bss=135386; ds=135386; dt=135386; tbs=135386,
Natore 4,Md. Emdadullah,Islami Andolan Bangladesh (IAB),3845,3,"ds,dt,tbs",ds=3845; dt=3845; tbs=3845,
Natore 4,M. Yusuf Ahmed,Jatiya Party (JaPa),2799,3,"ds,dt,tbs",ds=2799; dt=2799; tbs=2799,
Natore 4,Md. Mokshedul Momin,Amar Bangladesh Party (AB),259,3,"ds,dt,tbs",ds=259; dt=259; tbs=259,
Netrakona 1,Barrister Kaiser Kamal,Bangladesh Nationalist Party (BNP),158343,4,"bss,ds,dt,tbs",bss=158343; ds=158343; dt=158434; tbs=158343,
Netrakona 1,Ghulam Rabbani,Khelafat Majlis,87488,4,"bss,ds,dt,tbs",bss=87488; ds=87488; dt=87388; tbs=87488,
Netrakona 1,Md. Alkas Uddin Mir,Communist Party of Bangladesh (CPB),4429,3,"ds,dt,tbs",ds=0; dt=4429; tbs=4429,
Netrakona 1,Md. Abdul Mannan (Sohag),Islami Andolan Bangladesh (IAB),2220,3,"ds,dt,tbs",ds=0; dt=2220; tbs=2220,
Netrakona 1,Md. Anwar Hossain Khan,Jatiya Party (JaPa),1023,3,"ds,dt,tbs",ds=0; dt=1023; tbs=1023,
Netrakona 1,Md. Belal Hossain,Jatiya Samajtantrik Dal (JSD),335,3,"ds,dt,tbs",ds=0; dt=335; tbs=335,
Netrakona 2,Md. Anwarul Haque,Bangladesh Nationalist Party (BNP),171399,4,"bss,ds,dt,tbs",bss=171399; ds=171399; dt=171399; tbs=171399,
Netrakona 2,Md. Fahim Rahman Khan Pathan,National Citizen Party (NCP),67367,4,"bss,ds,dt,tbs",bss=67367; ds=67367; dt=67367; tbs=67367,
Netrakona 2,"A. , B. , M. Rafiqul Haque Talukder",Jatiya Party (JaPa),4845,3,"ds,dt,tbs",ds=0; dt=4845; tbs=4845,
Netrakona 2,Abdul Qayyum,Islami Andolan Bangladesh (IAB),2020,3,"ds,dt,tbs",ds=0; dt=2020; tbs=15220,vote-mismatch: spread=87%
Netrakona 3,Rafiqul Islam Hilali,Bangladesh Nationalist Party (BNP),118469,4,"bss,ds,dt,tbs",bss=118469; ds=118469; dt=118469; tbs=118469,
Netrakona 3,Md. Delwar Hossain Bhuiyan,Independent Candidate (Independent),68961,4,"bss,ds,dt,tbs",bss=68961; ds=68961; dt=68961; tbs=68961,
Netrakona 3,Md. Khairul Kabir Recruitment,Bangladesh Jamaat-e-Islami (Jamaat),41556,3,"ds,dt,tbs",ds=0; dt=41556; tbs=41556,
Netrakona 3,Md. Zakir Hossain,Islami Andolan Bangladesh (IAB),2760,3,"ds,dt,tbs",ds=0; dt=2760; tbs=2760,
Netrakona 3,Md. Abul Hossain Talukder,Jatiya Party (JaPa),574,3,"ds,dt,tbs",ds=0; dt=574; tbs=574,
Netrakona 3,Md. Shamchuddoha,Bangladesh Islami Front (BIF),358,3,"ds,dt,tbs",ds=0; dt=358; tbs=358,
Netrakona 4,Md. Lutfuzzaman Babar,Bangladesh Nationalist Party (BNP),160801,4,"bss,ds,dt,tbs",bss=160801; ds=160801; dt=160224; tbs=160801,
Netrakona 4,Md. Al Helal,Bangladesh Jamaat-e-Islami (Jamaat),39840,4,"bss,ds,dt,tbs",bss=39840; ds=39840; dt=39840; tbs=39840,
Netrakona 4,Jolly Talukder,Communist Party of Bangladesh (CPB),3359,3,"ds,dt,tbs",ds=0; dt=3359; tbs=3359,
Netrakona 4,Md. Mukhlesur Rahman,Islami Andolan Bangladesh (IAB),2025,3,"ds,dt,tbs",ds=0; dt=2025; tbs=2025,
Netrakona 4,Champa Rani Government,Revolutionary Workers Party of Bangladesh (RWPB),282,3,"ds,dt,tbs",ds=0; dt=282; tbs=282,
Netrakona 5,Machum Mustafa,Bangladesh Jamaat-e-Islami (Jamaat),82177,4,"bss,ds,dt,tbs",bss=82177; ds=82177; dt=82177; tbs=82177,
Netrakona 5,Md. Abu Taher Talukder,Bangladesh Nationalist Party (BNP),79412,3,"bss,dt,tbs",bss=79412; dt=79412; tbs=79412,
Netrakona 5,Md. Nurul Islam,Islami Andolan Bangladesh (IAB),8341,3,"ds,dt,tbs",ds=0; dt=8341; tbs=3341,vote-mismatch: spread=60%
Nilphamari 1,Md. Abdus Sattar,Bangladesh Jamaat-e-Islami (Jamaat),150824,4,"bss,ds,dt,tbs",bss=149224; ds=149224; dt=150824; tbs=150824,
Nilphamari 1,Mawlana Md. Monzurul Islam,Jamiat Ulema-e-Islam Bangladesh (JUIB),119059,4,"bss,ds,dt,tbs",bss=118160; ds=118160; dt=119059; tbs=119059,
Nilphamari 1,Md. Taslim Uddin,Jatiya Party (JaPa),12276,3,"ds,dt,tbs",ds=0; dt=12276; tbs=12276,
Nilphamari 1,Md. Makhdum Azam Mashrafe,Jatiya Party (Manju) (JP–Manju),4501,3,"ds,dt,tbs",ds=0; dt=4501; tbs=4501,
Nilphamari 1,Jebel Rahman Ghaani,Bangladesh National Awami Party–Bangladesh NAP (BNAP),4477,3,"ds,dt,tbs",ds=0; dt=4477; tbs=4477,
Nilphamari 1,Md. Abdul Jalil,Islami Andolan Bangladesh (IAB),1871,3,"ds,dt,tbs",ds=0; dt=1871; tbs=1871,
Nilphamari 1,Md. Rafiqul Islam,Socialist Party of Bangladesh (Marxist) (SPB-M),312,3,"ds,dt,tbs",ds=0; dt=312; tbs=312,
Nilphamari 1,Md. Sirajul Islam,Bangladesh Nationalist Front (BNF),210,3,"ds,dt,tbs",ds=0; dt=210; tbs=210,
Nilphamari 2,Al Faruq Abdul Latif,Bangladesh Jamaat-e-Islami (Jamaat),146430,4,"bss,ds,dt,tbs",bss=145202; ds=145202; dt=146430; tbs=146430,
Nilphamari 2,Shahreen Islam,Bangladesh Nationalist Party (BNP),135418,4,"bss,ds,dt,tbs",bss=134579; ds=134579; dt=135418; tbs=135418,
Nilphamari 2,Hasibul Islam,Islami Andolan Bangladesh (IAB),3260,3,"ds,dt,tbs",ds=0; dt=3260; tbs=3260,
Nilphamari 2,Md. Sarwarul Alam,Khelafat Majlis,351,3,"ds,dt,tbs",ds=0; dt=351; tbs=351,
Nilphamari 2,Md. Minhazul Islam Minhaz,Independent Candidate (Independent),307,3,"ds,dt,tbs",ds=0; dt=307; tbs=307,
Nilphamari 2,Md. Shirajul Islam,Bangladesh Nationalist Front (BNF),193,3,"ds,dt,tbs",ds=0; dt=193; tbs=193,
Nilphamari 3,Obaidullah Salafi,Bangladesh Jamaat-e-Islami (Jamaat),109686,4,"bss,ds,dt,tbs",bss=108560; ds=108560; dt=109686; tbs=109686,
Nilphamari 3,Alhaz Sayed Ali,Bangladesh Nationalist Party (BNP),89807,4,"bss,ds,dt,tbs",bss=89102; ds=89102; dt=89807; tbs=89807,
Nilphamari 3,Md. Rohan Chowdhury,Jatiya Party (JaPa),3391,3,"ds,dt,tbs",ds=0; dt=3391; tbs=3391,
Nilphamari 3,Md. Amzad Hossain (Sarkar),Islami Andolan Bangladesh (IAB),990,3,"ds,dt,tbs",ds=0; dt=990; tbs=990,fuzzy-merged 'Amzad Hossain Sarker' (tbs) -> 'Md. Amzad Hossain (Sarkar)' (score=0.70)
Nilphamari 4,Abdul Muttakim,Bangladesh Jamaat-e-Islami (Jamaat),126222,4,"bss,ds,dt,tbs",bss=124865; ds=124865; dt=126222; tbs=126222,
Nilphamari 4,Md. Abdul Gafur Sarkar,Bangladesh Nationalist Party (BNP),82086,4,"bss,ds,dt,tbs",bss=81526; ds=81526; dt=82086; tbs=82086,
Nilphamari 4,Md. Siddiqul Alam,Jatiya Party (JaPa),67757,3,"ds,dt,tbs",ds=0; dt=67557; tbs=67757,
Nilphamari 4,Md. Shahidul Islam,Islami Andolan Bangladesh (IAB),8335,3,"ds,dt,tbs",ds=0; dt=8335; tbs=8335,
Nilphamari 4,Md. Riyad Arfan Sarkar,Independent Candidate (Independent),3826,3,"ds,dt,tbs",ds=0; dt=3826; tbs=3826,
Nilphamari 4,Zobaidur Rahman (Hira),Independent Candidate (Independent),1008,3,"ds,dt,tbs",ds=0; dt=1008; tbs=1008,
Nilphamari 4,Md. Maidul Islam,Socialist Party of Bangladesh (Marxist) (SPB-M),630,3,"ds,dt,tbs",ds=0; dt=630; tbs=630,
Nilphamari 4,S. M. Mamunur Rashid,Independent Candidate (Independent),436,3,"ds,dt,tbs",ds=0; dt=436; tbs=436,
Nilphamari 4,Mirza Md. Shawkat Akbar (Rowshan),Bangladesh Jatiya Party (BJP),97,3,"ds,dt,tbs",ds=0; dt=97; tbs=97,
Noakhali 1,A. M. Mahbub Uddin,Bangladesh Nationalist Party (BNP),126833,4,"bss,ds,dt,tbs",bss=126833; ds=126833; dt=126833; tbs=126833,
Noakhali 1,Md. Chaif ​​Ulyah,Bangladesh Jamaat-e-Islami (Jamaat),98036,4,"bss,ds,dt,tbs",bss=98036; ds=98036; dt=98036; tbs=98036,
Noakhali 1,Jahirul Islam,Islami Andolan Bangladesh (IAB),19289,3,"ds,dt,tbs",ds=0; dt=19289; tbs=19289,
Noakhali 1,Md. Nurul Amin,Jatiya Party (JaPa),1075,3,"ds,dt,tbs",ds=0; dt=1075; tbs=1075,
Noakhali 1,Rehana Begum,Jatiya Samajtantrik Dal (JSD),482,3,"ds,dt,tbs",ds=0; dt=482; tbs=482,
Noakhali 1,Md. Mominul Islam,Bangladesh Congress,274,3,"ds,dt,tbs",ds=0; dt=274; tbs=274,
Noakhali 1,Md. Mashirur Rahman,Insaniyat Biplob Bangladesh (IBB),188,3,"ds,dt,tbs",ds=0; dt=188; tbs=188,
Noakhali 2,Zainul Abdin Farroque,Bangladesh Nationalist Party (BNP),83982,4,"bss,ds,dt,tbs",bss=83982; ds=83982; dt=83982; tbs=83982,
Noakhali 2,Sultan Muhammad Zakaria Majumdar,National Citizen Party (NCP),67054,4,"bss,ds,dt,tbs",bss=67054; ds=67054; dt=67054; tbs=67054,
Noakhali 2,Kazi Mohammad Mofizur Rahman,Independent Candidate (Independent),44712,3,"ds,dt,tbs",ds=0; dt=44712; tbs=44712,
Noakhali 2,Khalilur Rahman,Islami Andolan Bangladesh (IAB),6217,3,"ds,dt,tbs",ds=0; dt=6217; tbs=19289,vote-mismatch: spread=68%
Noakhali 2,Md. Shahadat Hossain,Jatiya Party (JaPa),557,3,"ds,dt,tbs",ds=0; dt=557; tbs=1075,vote-mismatch: spread=48%
Noakhali 3,Md. Barkat Ullah Bulu,Bangladesh Nationalist Party (BNP),141031,4,"bss,ds,dt,tbs",bss=141031; ds=141031; dt=141031; tbs=141031,
Noakhali 3,Md. Borhan Uddin,Bangladesh Jamaat-e-Islami (Jamaat),123941,4,"bss,ds,dt,tbs",bss=123941; ds=123941; dt=123941; tbs=123941,
Noakhali 3,Mohammad Nur Uddin,Islami Andolan Bangladesh (IAB),9861,3,"ds,dt,tbs",ds=0; dt=9861; tbs=9861,
Noakhali 3,Morshed Alam,Khelafat Majlis,800,3,"ds,dt,tbs",ds=0; dt=800; tbs=800,
Noakhali 3,Md. Siraj Mia,Jatiya Samajtantrik Dal (JSD),747,3,"ds,dt,tbs",ds=0; dt=747; tbs=747,
Noakhali 3,Md. Rajib Uddoula Chowdhury,Independent Candidate (Independent),534,3,"ds,dt,tbs",ds=0; dt=534; tbs=534,
Noakhali 3,Sharif Ahmed,Independent Candidate (Independent),260,3,"ds,dt,tbs",ds=0; dt=260; tbs=260,
Noakhali 4,Md. Shahjahan,Bangladesh Nationalist Party (BNP),219182,4,"bss,ds,dt,tbs",bss=219182; ds=219182; dt=219182; tbs=219182,
Noakhali 4,Md. Ishak Khandaker,Bangladesh Jamaat-e-Islami (Jamaat),148989,4,"bss,ds,dt,tbs",bss=148989; ds=148989; dt=148989; tbs=148989,
Noakhali 4,Md. Firoz Alam Masud,Islami Andolan Bangladesh (IAB),14783,3,"ds,dt,tbs",ds=0; dt=14783; tbs=14783,
Noakhali 4,Md. Shariful Islam,Jatiya Party (JaPa),2344,3,"ds,dt,tbs",ds=0; dt=2344; tbs=2344,
Noakhali 4,Bitul Chandra Talukdar,Socialist Party of Bangladesh (Marxist) (SPB-M),917,3,"ds,dt,tbs",ds=0; dt=917; tbs=917,
Noakhali 4,Abduz Zaher,Gono Odhikar Parishad (GOP),542,3,"ds,dt,tbs",ds=0; dt=542; tbs=542,
Noakhali 4,Md. Yunus Nabi,Insaniyat Biplob Bangladesh (IBB),493,3,"ds,dt,tbs",ds=0; dt=493; tbs=493,
Noakhali 5,Mohammad Fakhrul Islam,Bangladesh Nationalist Party (BNP),147808,4,"bss,ds,dt,tbs",bss=147808; ds=147808; dt=147808; tbs=147808,
Noakhali 5,Mohammad Belayet Hossain,Bangladesh Jamaat-e-Islami (Jamaat),120453,4,"bss,ds,dt,tbs",bss=120453; ds=120453; dt=120453; tbs=120453,
Noakhali 5,Abu Nasser,Islami Andolan Bangladesh (IAB),6224,3,"ds,dt,tbs",ds=0; dt=6224; tbs=6224,
Noakhali 5,Md. Shawkat Hossain,Janotar Dol,4855,3,"ds,dt,tbs",ds=0; dt=4855; tbs=4855,
Noakhali 5,Khawaja Tanvir Ahmed,Jatiya Party (JaPa),1684,3,"ds,dt,tbs",ds=0; dt=1684; tbs=1684,
Noakhali 5,Omar Ali,Independent Candidate (Independent),814,3,"ds,dt,tbs",ds=0; dt=814; tbs=814,
Noakhali 5,Md. Kamal Uddin Patwari,Jatiya Samajtantrik Dal (JSD),298,3,"ds,dt,tbs",ds=0; dt=298; tbs=298,
Noakhali 5,Mohammad Shamchuddoha,Bangladesh Islami Front (BIF),277,3,"ds,dt,tbs",ds=0; dt=277; tbs=277,
Noakhali 5,Moon Tahar Begum,Socialist Party of Bangladesh (Marxist) (SPB-M),173,3,"ds,dt,tbs",ds=0; dt=173; tbs=173,
Noakhali 5,Touhidul Islam,Insaniyat Biplob Bangladesh (IBB),162,3,"ds,dt,tbs",ds=0; dt=162; tbs=162,
Noakhali 5,Mohammad Anisul Haque,Bangladesh Republican Party (BRP),141,3,"ds,dt,tbs",ds=0; dt=141; tbs=141,
Noakhali 5,Muhammad Yunus,Independent Candidate (Independent),133,3,"ds,dt,tbs",ds=0; dt=133; tbs=133,
Noakhali 6,Abdul Hannan Masood,National Citizen Party (NCP),91899,4,"bss,ds,dt,tbs",bss=91899; ds=91899; dt=91899; tbs=91899,
Noakhali 6,Mohammad Mahbuber Rahman,Bangladesh Nationalist Party (BNP),64021,4,"bss,ds,dt,tbs",bss=64021; ds=64021; dt=64021; tbs=64021,
Noakhali 6,Mohammad Fazlul Azim,Independent Candidate (Independent),4783,3,"ds,dt,tbs",ds=0; dt=4783; tbs=4783,
Noakhali 6,Tanvir Uddin Rajib,Independent Candidate (Independent),3764,3,"ds,dt,tbs",ds=0; dt=3764; tbs=3764,
Noakhali 6,Mohammad Nurul Islam Sharif,Islami Andolan Bangladesh (IAB),2197,3,"ds,dt,tbs",ds=0; dt=2197; tbs=2197,
Noakhali 6,Mohammad Abdul Motaleb,Jatiya Samajtantrik Dal (JSD),1239,3,"ds,dt,tbs",ds=0; dt=1239; tbs=1239,
Noakhali 6,Amirul Islam Mohammad Abdul Malek,Bangladesh Supreme Party (BSP),505,3,"ds,dt,tbs",ds=0; dt=505; tbs=505,
Noakhali 6,A. T. M. Nabi Ullah,Jatiya Party (JaPa),280,3,"ds,dt,tbs",ds=0; dt=280; tbs=280,
Noakhali 6,Mohammad Azhar Uddin,Gono Odhikar Parishad (GOP),191,3,"ds,dt,tbs",ds=0; dt=191; tbs=191,
Noakhali 6,Mohammad Abul Hossain,Bangladesh Liberal Democratic Party (LDP),86,3,"ds,dt,tbs",ds=0; dt=86; tbs=86,
Pabna 1,Mohammad Najibur Rahman,Bangladesh Jamaat-e-Islami (Jamaat),129974,4,"bss,ds,dt,tbs",bss=129974; ds=129974; dt=129974; tbs=129974,
Pabna 1,Md. Shamsur Rahman,Bangladesh Nationalist Party (BNP),104245,4,"bss,ds,dt,tbs",bss=104245; ds=104245; dt=104245; tbs=104245,
Pabna 1,Md. Abdul Ghani,Islami Andolan Bangladesh (IAB),1114,3,"ds,dt,tbs",ds=0; dt=1114; tbs=1114,
Pabna 1,Md. Tajul Islam,Independent Candidate (Independent),1033,3,"ds,dt,tbs",ds=0; dt=1033; tbs=1033,
Pabna 2,A. K. M. Selim Reza Habib,Bangladesh Nationalist Party (BNP),215406,4,"bss,ds,dt,tbs",bss=215406; ds=215406; dt=215406; tbs=215406,
Pabna 2,Md. Hesab Uddin,Bangladesh Jamaat-e-Islami (Jamaat),77242,4,"bss,ds,dt,tbs",bss=77242; ds=77242; dt=77242; tbs=77242,
Pabna 2,Md. Afzal Hossain Khan Kashemi,Islami Andolan Bangladesh (IAB),5884,3,"ds,dt,tbs",ds=0; dt=5884; tbs=5884,
Pabna 2,Md. Mehedi Hasan Rubel,Jatiya Party (JaPa),2260,3,"ds,dt,tbs",ds=0; dt=2260; tbs=2260,
Pabna 2,Sheikh Nasir Uddin,Gono Forum (GF),333,3,"ds,dt,tbs",ds=0; dt=333; tbs=333,
Pabna 3,Muhammad Ali Ashgar,Bangladesh Jamaat-e-Islami (Jamaat),147475,4,"bss,ds,dt,tbs",bss=147475; ds=147465; dt=147475; tbs=147475,
Pabna 3,Md. Hasan Zafir Tuhin,Bangladesh Nationalist Party (BNP),144206,4,"bss,ds,dt,tbs",bss=144206; ds=144206; dt=144206; tbs=144206,
Pabna 3,K. M. Anwarul Islam,Independent Candidate (Independent),38027,3,"ds,dt,tbs",ds=0; dt=38027; tbs=38027,
Pabna 3,Md. Abdul Khalek,Islami Andolan Bangladesh (IAB),1769,3,"ds,dt,tbs",ds=0; dt=1769; tbs=1769,
Pabna 3,Md. Mahbubur Rahman Joy Chowdhury,Bangladesh Supreme Party (BSP),1420,3,"ds,dt,tbs",ds=0; dt=1420; tbs=1420,
Pabna 3,Mir Nadim Mohammad Dablu,Jatiya Party (JaPa),1072,3,"ds,dt,tbs",ds=0; dt=1072; tbs=1072,
Pabna 3,Md. Hasanul Islam,Gono Odhikar Parishad (GOP),986,3,"ds,dt,tbs",ds=0; dt=986; tbs=986,
Pabna 3,Sardar Asha Parvez,Gono Forum (GF),173,3,"ds,dt,tbs",ds=0; dt=173; tbs=173,
Pabna 4,Md. Abu Taleb Mondol,Bangladesh Jamaat-e-Islami (Jamaat),137675,4,"bss,ds,dt,tbs",bss=137675; ds=137675; dt=137645; tbs=137675,
Pabna 4,Md. Habibur Rahman (Habib),Bangladesh Nationalist Party (BNP),133874,4,"bss,ds,dt,tbs",bss=133874; ds=133874; dt=133878; tbs=133874,
Pabna 4,Md. Zakaria Pintu,Independent Candidate (Independent),27970,3,"ds,dt,tbs",ds=0; dt=27970; tbs=27970,
Pabna 4,Md. Anwar Shah,Islami Andolan Bangladesh (IAB),2688,3,"ds,dt,tbs",ds=0; dt=2688; tbs=2688,
Pabna 4,Md. Saiful Azad Mallick,Jatiya Party (JaPa),955,3,"ds,dt,tbs",ds=0; dt=955; tbs=955,
Pabna 4,Md. Sohag Hossain,Communist Party of Bangladesh (CPB),459,3,"ds,dt,tbs",ds=0; dt=459; tbs=459,
Pabna 4,Shahnaz Haque,Nagorik Oikya (NO),182,3,"ds,dt,tbs",ds=0; dt=182; tbs=182,
Pabna 5,Md. Shamshur Rahman Shimul Biswas,Bangladesh Nationalist Party (BNP),181925,4,"bss,ds,dt,tbs",bss=181925; ds=181925; dt=181925; tbs=181925,
Pabna 5,Md. Iqbal Hossain,Bangladesh Jamaat-e-Islami (Jamaat),164994,4,"bss,ds,dt,tbs",bss=164994; ds=164994; dt=164994; tbs=164994,
Pabna 5,Md. Najmul Hossain,Islami Andolan Bangladesh (IAB),4268,3,"ds,dt,tbs",ds=0; dt=4268; tbs=4268,
Pabna 5,Md. Abdul Majid Mollah,Amar Bangladesh Party (AB),442,3,"ds,dt,tbs",ds=0; dt=442; tbs=442,
Panchagarh 1,Muhammad Naushad Zamir,Bangladesh Nationalist Party (BNP),176169,4,"bss,ds,dt,tbs",bss=176169; ds=176169; dt=176169; tbs=176169,
Panchagarh 1,Md. Sarjis Alam,National Citizen Party (NCP),168049,4,"bss,ds,dt,tbs",bss=168049; ds=168049; dt=168049; tbs=168049,
Panchagarh 1,Nazmul Haque Pradhan,Jatiya Samajtantrik Dal (JSD),3009,3,"ds,dt,tbs",ds=0; dt=3009; tbs=3009,
Panchagarh 1,Md. Abdul Wadud (Badsha),Bangladesh Supreme Party (BSP),1018,3,"ds,dt,tbs",ds=0; dt=1018; tbs=1018,
Panchagarh 1,Md. Mahafuzar Rahman,Gono Odhikar Parishad (GOP),836,3,"ds,dt,tbs",ds=0; dt=836; tbs=836,
Panchagarh 1,Md. Ferdous Alam,Bangladesh Labour Party,683,3,"ds,dt,tbs",ds=0; dt=683; tbs=683,
Panchagarh 1,Md. Shirajul Islam,Bangladesh Nationalist Front (BNF),261,3,"ds,dt,tbs",ds=0; dt=261; tbs=261,
Panchagarh 2,Farhad Hossain Azad,Bangladesh Nationalist Party (BNP),174650,4,"bss,ds,dt,tbs",bss=174650; ds=174650; dt=174650; tbs=174650,
Panchagarh 2,Md. Shafiul Alam,Bangladesh Jamaat-e-Islami (Jamaat),128862,4,"bss,ds,dt,tbs",bss=128862; ds=128862; dt=128862; tbs=128862,
Panchagarh 2,Md. Kamrul Hasan Pradhan,Islami Andolan Bangladesh (IAB),4391,3,"ds,dt,tbs",ds=0; dt=4391; tbs=4391,
Panchagarh 2,Md. Lutfar Rahman Ripon,Jatiya Party (JaPa),2152,3,"ds,dt,tbs",ds=0; dt=2152; tbs=2152,
Panchagarh 2,Mahmud Hossain Sumon,Independent Candidate (Independent),1854,3,"ds,dt,tbs",ds=0; dt=1854; tbs=1854,
Panchagarh 2,Md. Delowar Hossain,Bangladesh Supreme Party (BSP),1352,3,"ds,dt,tbs",ds=0; dt=1352; tbs=1352,
Panchagarh 2,Mdf.Emran Al Amin,Jatiya Samajtantrik Dal (JSD),953,3,"ds,dt,tbs",ds=0; dt=953; tbs=953,
Panchagarh 2,Md. Ashraful Alam,Communist Party of Bangladesh (CPB),935,3,"ds,dt,tbs",ds=0; dt=935; tbs=935,
Patuakhali 1,Altaf Hossain Chowdhury,Bangladesh Nationalist Party (BNP),152087,4,"bss,ds,dt,tbs",bss=152087; ds=152087; dt=152087; tbs=152087,
Patuakhali 1,Md. Firoz Alam,Islami Andolan Bangladesh (IAB),58161,4,"bss,ds,dt,tbs",bss=58161; ds=58161; dt=58161; tbs=58161,
Patuakhali 1,Mohammad Abdul Wahab,Amar Bangladesh Party (AB),46310,3,"ds,dt,tbs",ds=46310; dt=46310; tbs=46010,
Patuakhali 1,Goutam Chandra Shil,Jatiya Samajtantrik Dal (JSD),1334,3,"ds,dt,tbs",ds=1334; dt=1334; tbs=1334,
Patuakhali 1,Abdul Mannan Hawladar,Jatiya Party (JaPa),1055,3,"ds,dt,tbs",ds=1055; dt=1055; tbs=1055,
Patuakhali 1,Md. Shahidul Islam Fahim,Gono Odhikar Parishad (GOP),347,3,"ds,dt,tbs",ds=347; dt=347; tbs=347,
Patuakhali 2,Md. Shafiqul Islam,Bangladesh Jamaat-e-Islami (Jamaat),100750,4,"bss,ds,dt,tbs",bss=100750; ds=100750; dt=100750; tbs=100750,
Patuakhali 2,Md. Shahidul Alam Talukdar,Bangladesh Nationalist Party (BNP),72676,4,"bss,ds,dt,tbs",bss=72676; ds=72676; dt=72676; tbs=72676,
Patuakhali 2,Malek Hossain,Islami Andolan Bangladesh (IAB),14418,3,"ds,dt,tbs",ds=14418; dt=14418; tbs=14418,
Patuakhali 2,Md. Ruhul Amin,Amar Bangladesh Party (AB),410,3,"ds,dt,tbs",ds=410; dt=410; tbs=410,
Patuakhali 2,Md. Habibur Rahman,Gono Odhikar Parishad (GOP),353,3,"ds,dt,tbs",ds=353; dt=353; tbs=353,
Patuakhali 3,Md. Nurul Haque,Gono Odhikar Parishad (GOP),97323,4,"bss,ds,dt,tbs",bss=97323; ds=97323; dt=97323; tbs=97323,
Patuakhali 3,Md. Hasan Mamun,Independent Candidate (Independent),81361,4,"bss,ds,dt,tbs",bss=81361; ds=81361; dt=81361; tbs=81361,
Patuakhali 3,Md. Abu Bakkar Siddiqui,Islami Andolan Bangladesh (IAB),38188,3,"ds,dt,tbs",ds=38188; dt=38188; tbs=38188,
Patuakhali 3,Mohammad Shah Alam,Bangladesh Jamaat-e-Islami (Jamaat),16255,3,"ds,dt,tbs",ds=16255; dt=16255; tbs=16255,
Patuakhali 3,S. M. Fazlul Haque,Independent Candidate (Independent),978,2,"dt,tbs",dt=978; tbs=978,
Patuakhali 4,A. B. M. Mosharraf Hossain,Bangladesh Nationalist Party (BNP),124013,4,"bss,ds,dt,tbs",bss=124013; ds=124013; dt=124013; tbs=124013,
Patuakhali 4,Mostafizur Rahman,Islami Andolan Bangladesh (IAB),70127,4,"bss,ds,dt,tbs",bss=70127; ds=70127; dt=70124; tbs=70127,
Patuakhali 4,Dr. Jahir Uddin Ahmed,Khelafat Majlis,14985,3,"ds,dt,tbs",ds=14985; dt=14985; tbs=14985,
Patuakhali 4,Md. Rabiul Hossain,Gono Odhikar Parishad (GOP),202,3,"ds,dt,tbs",ds=202; dt=202; tbs=202,
Pirojpur 1,Masud Sayeedi,Bangladesh Jamaat-e-Islami (Jamaat),132659,4,"bss,ds,dt,tbs",bss=132659; ds=132659; dt=132659; tbs=132659,
Pirojpur 1,Alamgir Hossain,Bangladesh Nationalist Party (BNP),107105,4,"bss,ds,dt,tbs",bss=107105; ds=107105; dt=107105; tbs=107105,
Pirojpur 2,Ahmad Sohail Manzoor,Bangladesh Nationalist Party (BNP),105185,4,"bss,ds,dt,tbs",bss=105185; ds=105185; dt=105185; tbs=105185,
Pirojpur 2,Shamim Sayeedi,Bangladesh Jamaat-e-Islami (Jamaat),96897,4,"bss,ds,dt,tbs",bss=96897; ds=96897; dt=96897; tbs=96897,
Pirojpur 2,Mahmud Hossain,Independent Candidate (Independent),16219,3,"ds,dt,tbs",ds=16219; dt=16219; tbs=16219,
Pirojpur 2,Md. Abul Kalam Azad,Islami Andolan Bangladesh (IAB),6697,3,"ds,dt,tbs",ds=6697; dt=6697; tbs=6697,
Pirojpur 2,Md. Mahibul Hossain,Jatiya Party (JaPa),4705,3,"ds,dt,tbs",ds=4705; dt=4705; tbs=4705,
Pirojpur 2,Faisal Khan,Amar Bangladesh Party (AB),390,3,"ds,dt,tbs",ds=390; dt=390; tbs=390,
Pirojpur 2,Md. Anisur Rahman,Gono Odhikar Parishad (GOP),145,2,"dt,tbs",dt=145; tbs=145,
Pirojpur 3,Md. Ruhul Amin Dulal,Bangladesh Nationalist Party (BNP),63791,4,"bss,ds,dt,tbs",bss=63791; ds=63791; dt=63791; tbs=63791,
Pirojpur 3,Md. Shamim Hamidi,National Citizen Party (NCP),36616,4,"bss,ds,dt,tbs",bss=36616; ds=36616; dt=36616; tbs=36616,
Pirojpur 3,Md. Rustam Ali Farazi,Islami Andolan Bangladesh (IAB),35968,3,"ds,dt,tbs",ds=35968; dt=35968; tbs=35968,
Pirojpur 3,Tauhiduzzaman,Independent Candidate (Independent),231,3,"ds,dt,tbs",ds=0; dt=231; tbs=231,
Pirojpur 3,Karim Sikdar,Jatiya Samajtantrik Dal (JSD),212,3,"ds,dt,tbs",ds=0; dt=212; tbs=212,
Pirojpur 3,Md. Mashrekul Azam (Rabi),Jatiya Party (JaPa),169,3,"ds,dt,tbs",ds=0; dt=169; tbs=169,
Rajbari 1,Ali Newaz Mahmud Khaiyam,Bangladesh Nationalist Party (BNP),154541,4,"bss,ds,dt,tbs",bss=154541; ds=154541; dt=154541; tbs=154541,
Rajbari 1,Md. Nurul Islam,Bangladesh Jamaat-e-Islami (Jamaat),101092,4,"bss,ds,dt,tbs",bss=101092; ds=101092; dt=101092; tbs=101092,
Rajbari 1,Mohammad Ali Biswas,Zaker Party (ZP),8087,3,"ds,dt,tbs",ds=0; dt=8087; tbs=8087,
Rajbari 1,Khondokar Habibur Rahman,Jatiya Party (JaPa),2586,3,"ds,dt,tbs",ds=0; dt=2586; tbs=2586,
Rajbari 2,Md. Haroon-or-Rashid,Bangladesh Nationalist Party (BNP),237254,4,"bss,ds,dt,tbs",bss=237254; ds=237254; dt=237254; tbs=237254,
Rajbari 2,Jamil Hijazi,National Citizen Party (NCP),67299,4,"bss,ds,dt,tbs",bss=67299; ds=67299; dt=67299; tbs=67299,
Rajbari 2,Md. Nasirul Haque Sabu,Independent Candidate (Independent),36338,3,"ds,dt,tbs",ds=0; dt=36338; tbs=36338,
Rajbari 2,Mohammad Abdul Malek,Islami Andolan Bangladesh (IAB),8503,3,"ds,dt,tbs",ds=0; dt=8503; tbs=8503,
Rajbari 2,Md. Shafiul Azam Khan,Jatiya Party (JaPa),2052,3,"ds,dt,tbs",ds=0; dt=2052; tbs=2052,
Rajbari 2,Sohel Molla,Independent Candidate (Independent),1219,3,"ds,dt,tbs",ds=0; dt=1219; tbs=1219,
Rajbari 2,Jahid Sheikh,Gono Odhikar Parishad (GOP),633,3,"ds,dt,tbs",ds=0; dt=633; tbs=633,
Rajbari 2,Kazi Minhazul Alam,Khelafat Majlis,321,3,"ds,dt,tbs",ds=0; dt=321; tbs=321,
Rajbari 2,Md. Abdul Malek Mondal,Bangladesh Sangskritik Muktijote (BSM),266,3,"ds,dt,tbs",ds=0; dt=266; tbs=266,
Rajshahi 1,Md. Mujibur Rahman,Bangladesh Jamaat-e-Islami (Jamaat),171786,4,"bss,ds,dt,tbs",bss=171786; ds=171786; dt=171786; tbs=171786,
Rajshahi 1,Md. Sharif Uddin,Bangladesh Nationalist Party (BNP),169902,4,"bss,ds,dt,tbs",bss=169902; ds=169902; dt=169902; tbs=169902,
Rajshahi 1,Md. Abdur Rahman,Amar Bangladesh Party (AB),1100,3,"ds,dt,tbs",ds=0; dt=1100; tbs=1100,
Rajshahi 1,Md. Al Saad,Independent Candidate (Independent),663,3,"ds,dt,tbs",ds=0; dt=663; tbs=663,
Rajshahi 1,Mir Md. Shahjahan,Gono Odhikar Parishad (GOP),407,3,"ds,dt,tbs",ds=0; dt=407; tbs=407,
Rajshahi 2,Md. Mizanur Rahman Minu,Bangladesh Nationalist Party (BNP),128546,4,"bss,ds,dt,tbs",bss=128546; ds=188546; dt=128546; tbs=128546,vote-mismatch: spread=32%
Rajshahi 2,Mohammad Jahangir,Bangladesh Jamaat-e-Islami (Jamaat),100370,4,"bss,ds,dt,tbs",bss=100370; ds=100370; dt=100370; tbs=100370,
Rajshahi 2,Saleh Ahmed,Independent Candidate (Independent),801,3,"ds,dt,tbs",ds=0; dt=801; tbs=801,
Rajshahi 2,Md. Saeed Noman,Amar Bangladesh Party (AB),796,3,"ds,dt,tbs",ds=0; dt=786; tbs=796,
Rajshahi 2,Mohammad Samsul Alam,Nagorik Oikya (NO),552,3,"ds,dt,tbs",ds=0; dt=552; tbs=552,
Rajshahi 2,Md. Mejbaul Islam,Bangladesh Labour Party,387,2,"ds,dt",ds=0; dt=387,
Rajshahi 3,Mohammad Shafiqul Haque Milon,Bangladesh Nationalist Party (BNP),176318,4,"bss,ds,dt,tbs",bss=176318; ds=176318; dt=176318; tbs=176318,
Rajshahi 3,Md. Abul Kalam Azad,Bangladesh Jamaat-e-Islami (Jamaat),137927,4,"bss,ds,dt,tbs",bss=137927; ds=137927; dt=137927; tbs=137927,
Rajshahi 3,Md. Afzal Hossain,Jatiya Party (JaPa),2390,3,"ds,dt,tbs",ds=0; dt=2390; tbs=2390,
Rajshahi 3,Mosammat Habiba Begum,Independent Candidate (Independent),1177,2,"dt,tbs",dt=1177; tbs=1177,
Rajshahi 3,Md. Fazlur Rahman,Islami Andolan Bangladesh (IAB),1154,3,"ds,dt,tbs",ds=0; dt=1154; tbs=1154,
Rajshahi 3,Md. Saeed Parvez,Amjanatar Dol,295,2,"ds,dt",ds=0; dt=295,
Rajshahi 4,Md. Abdul Bari Sardar,Bangladesh Jamaat-e-Islami (Jamaat),115226,4,"bss,ds,dt,tbs",bss=115226; ds=115226; dt=115226; tbs=115226,
Rajshahi 4,D. M. D. Ziaur Rahman,Bangladesh Nationalist Party (BNP),109461,4,"bss,ds,dt,tbs",bss=109461; ds=109461; dt=109461; tbs=109461,
Rajshahi 4,Md. Fazlul Haque,Jatiya Party (JaPa),1759,2,"dt,tbs",dt=1759; tbs=1759,
Rajshahi 4,Md. Tajul Islam Khan,Islami Andolan Bangladesh (IAB),670,3,"ds,dt,tbs",ds=0; dt=670; tbs=670,
Rajshahi 5,Professor Nazrul Islam,Bangladesh Nationalist Party (BNP),153425,4,"bss,ds,dt,tbs",bss=153425; ds=153425; dt=153425; tbs=153425,
Rajshahi 5,Manzoor Rahman,Bangladesh Jamaat-e-Islami (Jamaat),73445,4,"bss,ds,dt,tbs",bss=73445; ds=73445; dt=73445; tbs=73445,
Rajshahi 5,Rezaul Karim,Independent Candidate (Independent),6432,3,"ds,dt,tbs",ds=0; dt=6432; tbs=6432,
Rajshahi 5,Md. Isfa Khairul Haque,Independent Candidate (Independent),2496,3,"ds,dt,tbs",ds=0; dt=2496; tbs=2496,
Rajshahi 5,Md. Altaf Hossain Molla,Bangladesh Supreme Party (BSP),938,3,"ds,dt,tbs",ds=0; dt=938; tbs=938,
Rajshahi 5,Md. Ruhul Amin,Islami Andolan Bangladesh (IAB),620,3,"ds,dt,tbs",ds=0; dt=620; tbs=620,
Rajshahi 5,Md. Raihan Kawsar,Independent Candidate (Independent),442,3,"ds,dt,tbs",ds=0; dt=442; tbs=442,
Rajshahi 6,Md. Abu Sayeed Chand,Bangladesh Nationalist Party (BNP),148672,4,"bss,ds,dt,tbs",bss=148672; ds=147672; dt=148672; tbs=148672,
Rajshahi 6,Md. Nazmul Haque,Bangladesh Jamaat-e-Islami (Jamaat),92965,4,"bss,ds,dt,tbs",bss=92965; ds=92965; dt=92965; tbs=92965,
Rajshahi 6,Md. Iqbal Hossain,Jatiya Party (JaPa),2930,3,"ds,dt,tbs",ds=0; dt=2930; tbs=2930,
Rajshahi 6,Md. Abdus Salam Suraj,Islami Andolan Bangladesh (IAB),1628,3,"ds,dt,tbs",ds=0; dt=1628; tbs=1628,
Rangamati 1,Deepen Dewan,Bangladesh Nationalist Party (BNP),201544,4,"bss,ds,dt,tbs",bss=201544; ds=201544; dt=201544; tbs=201544,
Rangamati 1,Pahel Chakma,Independent Candidate (Independent),31222,4,"bss,ds,dt,tbs",bss=31222; ds=31222; dt=31222; tbs=31222,
Rangamati 1,Muhammad Abu Bakar Siddique,Khelafat Majlis,22715,3,"ds,dt,tbs",ds=22715; dt=22715; tbs=22715,
Rangamati 1,Md. Jasim Uddin,Islami Andolan Bangladesh (IAB),3672,3,"ds,dt,tbs",ds=3672; dt=3672; tbs=3672,
Rangamati 1,Ashok Talukdar,Jatiya Party (JaPa),2974,3,"ds,dt,tbs",ds=2974; dt=2974; tbs=2974,
Rangamati 1,Jui Chakma,Revolutionary Workers Party of Bangladesh (RWPB),1071,3,"ds,dt,tbs",ds=1071; dt=1071; tbs=1071,
Rangamati 1,Md. Abul Bashar (Badsha),Gono Odhikar Parishad (GOP),449,3,"ds,dt,tbs",ds=449; dt=449; tbs=449,
Rangpur 1,Md. Raihan Siraji,Bangladesh Jamaat-e-Islami (Jamaat),145088,4,"bss,ds,dt,tbs",bss=145088; ds=145088; dt=145088; tbs=145088,
Rangpur 1,Md. Mokarram Hossain Sujon,Bangladesh Nationalist Party (BNP),69407,4,"bss,ds,dt,tbs",bss=69407; ds=69407; dt=69407; tbs=69407,
Rangpur 1,A. T. M. Golam Mostafa,Islami Andolan Bangladesh (IAB),0,2,"ds,dt",ds=0; dt=0,
Rangpur 1,Ahsanul Arefin,Socialist Party of Bangladesh (Marxist) (SPB-M),0,2,"ds,dt",ds=0; dt=0,
Rangpur 1,Md. Anas,Bangladesh Islami Front (BIF),0,2,"ds,dt",ds=0; dt=0,
Rangpur 1,Md. Monjum Ali,Jatiya Party (JaPa),0,2,"ds,dt",ds=0; dt=0,
Rangpur 2,A. T. M. Azharul Islam,Bangladesh Jamaat-e-Islami (Jamaat),43076,4,"bss,ds,dt,tbs",bss=43076; ds=43076; dt=139680; tbs=89456,vote-mismatch: spread=69%
Rangpur 2,Muhammad Ali Sarkar,Bangladesh Nationalist Party (BNP),22100,4,"bss,ds,dt,tbs",bss=22100; ds=22100; dt=79910; tbs=53626,vote-mismatch: spread=72%
Rangpur 2,Anisul Islam Mondol,Jatiya Party (JaPa),17487,3,"ds,dt,tbs",ds=0; dt=17487; tbs=19693,
Rangpur 2,Md. Ashraf Ali,Islami Andolan Bangladesh (IAB),0,2,"ds,dt",ds=0; dt=0,
Rangpur 2,Md. Azizur Rahman,Jatiya Samajtantrik Dal (JSD),0,2,"ds,dt",ds=0; dt=0,
Rangpur 3,Md. Mahbubur Rahman (Belal),Bangladesh Jamaat-e-Islami (Jamaat),175827,4,"bss,ds,dt,tbs",bss=175827; ds=175827; dt=157403; tbs=175827,
Rangpur 3,Md. Shamsuzzaman Samu,Bangladesh Nationalist Party (BNP),84578,4,"bss,ds,dt,tbs",bss=84578; ds=84578; dt=74171; tbs=84578,
Rangpur 3,Golam Mohammad Kader,Jatiya Party (JaPa),37933,2,"ds,dt",ds=0; dt=37933,
Rangpur 3,Md. Abdul Quddus,Bangladesh Samajtantrik Dal (Basad),0,2,"ds,dt",ds=0; dt=0,
Rangpur 3,Md. Amiruzzaman,Islami Andolan Bangladesh (IAB),0,2,"ds,dt",ds=0; dt=0,
Rangpur 3,Md. Anowar Hossain Babul,Socialist Party of Bangladesh (Marxist) (SPB-M),0,2,"ds,dt",ds=0; dt=0,
Rangpur 3,Mosammat Anwara Islam Rani,Independent Candidate (Independent),0,2,"ds,dt",ds=0; dt=0,
Rangpur 3,Rita Rahman,Independent Candidate (Independent),0,2,"ds,dt",ds=0; dt=0,
Rangpur 4,Akhter Hossain,National Citizen Party (NCP),147947,4,"bss,ds,dt,tbs",bss=147947; ds=147947; dt=147947; tbs=149966,
Rangpur 4,Mohammad Emdadul Haque Bhorosha,Bangladesh Nationalist Party (BNP),139616,4,"bss,ds,dt,tbs",bss=139616; ds=139616; dt=139616; tbs=140564,
Rangpur 4,Abu Naser Shah Md. Mahbubar Rahman,Jatiya Party (JaPa),499,2,"ds,dt",ds=0; dt=499,
Rangpur 4,Abu Sahma,Khelafat Majlis,0,2,"ds,dt",ds=0; dt=0,
Rangpur 4,Md. Shah Alam Basar,Independent Candidate (Independent),0,2,"ds,dt",ds=0; dt=0,
Rangpur 4,Md. Zahid Hossain,Islami Andolan Bangladesh (IAB),0,2,"ds,dt",ds=0; dt=0,
Rangpur 4,Pragati Barman Tama,Socialist Party of Bangladesh (Marxist) (SPB-M),0,2,"ds,dt",ds=0; dt=0,
Rangpur 4,Ujjal Chandra Roy,Bangladesh Congress,0,1,ds,ds=0,
Rangpur 5,Md. Golam Rabbani,Bangladesh Jamaat-e-Islami (Jamaat),175208,4,"bss,ds,dt,tbs",bss=175208; ds=175208; dt=175208; tbs=176411,
Rangpur 5,Md. Golam Rabbani,Bangladesh Nationalist Party (BNP),114141,4,"bss,ds,dt,tbs",bss=114141; ds=114141; dt=114141; tbs=115116,
Rangpur 5,S. M. Fakhr Uz Zaman,Jatiya Party (JaPa),15115,3,"ds,dt,tbs",ds=0; dt=15115; tbs=14944,
Rangpur 5,Khandaker Mukit Al Mahmud,Independent Candidate (Independent),0,2,"ds,dt",ds=0; dt=0,
Rangpur 5,Md. Abdul Bashet,Amar Bangladesh Party (AB),0,2,"ds,dt",ds=0; dt=0,
Rangpur 5,Md. Abu Helal,Communist Party of Bangladesh (CPB),0,2,"ds,dt",ds=0; dt=0,
Rangpur 5,Md. Babul Akhter,Socialist Party of Bangladesh (Marxist) (SPB-M),0,2,"ds,dt",ds=0; dt=0,
Rangpur 5,Md. Golzar Hossain,Islami Andolan Bangladesh (IAB),0,2,"ds,dt",ds=0; dt=0,
Rangpur 5,Mofakhkharul Islam Nawab,Nagorik Oikya (NO),0,2,"ds,dt",ds=0; dt=0,
Rangpur 5,Md. Mahbubur Rahman,Bangladesh Congress,0,1,dt,dt=0,
Rangpur 6,Md. Nurul Amin,Bangladesh Jamaat-e-Islami (Jamaat),118890,4,"bss,ds,dt,tbs",bss=118890; ds=118890; dt=118160; tbs=120128,
Rangpur 6,Md. Sadequl Islam,Bangladesh Nationalist Party (BNP),116919,4,"bss,ds,dt,tbs",bss=116919; ds=116919; dt=116646; tbs=117703,
Rangpur 6,Abu Jafar Md. Zahid,Independent Candidate (Independent),0,2,"ds,dt",ds=0; dt=0,
Rangpur 6,Khandaker Shahidul Islam,Independent Candidate (Independent),0,1,ds,ds=0,
Rangpur 6,Md. Noor Alam Mia,Jatiya Party (JaPa),0,2,"ds,dt",ds=0; dt=0,
Rangpur 6,Sultan Mahmud,Islami Andolan Bangladesh (IAB),0,2,"ds,dt",ds=0; dt=0,
Rangpur 6,Takia Jahan Chowdhury,Independent Candidate (Independent),0,1,ds,ds=0,
Satkhira 1,Md. Izzat Ullah,Bangladesh Jamaat-e-Islami (Jamaat),193772,4,"bss,ds,dt,tbs",bss=193772; ds=193772; dt=193772; tbs=193772,
Satkhira 1,Md. Habibul Islam Habib,Bangladesh Nationalist Party (BNP),169995,4,"bss,ds,dt,tbs",bss=169995; ds=169995; dt=169995; tbs=169995,
Satkhira 1,Ziaur Rahman,Jatiya Party (JaPa),2544,3,"ds,dt,tbs",ds=0; dt=2544; tbs=2544,
Satkhira 1,Sheikh Md. Rezaul Karim,Islami Andolan Bangladesh (IAB),2071,3,"ds,dt,tbs",ds=0; dt=2071; tbs=2071,
Satkhira 1,Md. Iyarul Islam,Bangladesh Congress,715,3,"ds,dt,tbs",ds=0; dt=715; tbs=715,
Satkhira 2,Muhammad Abdul Khaliq,Bangladesh Jamaat-e-Islami (Jamaat),266959,4,"bss,ds,dt,tbs",bss=266959; ds=266959; dt=266959; tbs=266959,
Satkhira 2,Md. Abdur Rauf,Bangladesh Nationalist Party (BNP),116293,4,"bss,ds,dt,tbs",bss=116293; ds=116293; dt=116293; tbs=116293,
Satkhira 2,Md. Ashrafuzzaman,Jatiya Party (JaPa),4278,3,"ds,dt,tbs",ds=0; dt=4278; tbs=4278,
Satkhira 2,Mufti Rabiul Islam,Islami Andolan Bangladesh (IAB),1976,3,"ds,dt,tbs",ds=0; dt=1976; tbs=1976,
Satkhira 2,Md. Idris Ali,Jatiya Samajtantrik Dal (JSD),317,3,"ds,dt,tbs",ds=0; dt=317; tbs=317,
Satkhira 3,Hafez Muhaj Rabiul Bashar,Bangladesh Jamaat-e-Islami (Jamaat),184233,4,"bss,ds,dt,tbs",bss=184233; ds=184233; dt=184233; tbs=184233,
Satkhira 3,Md. Shahidul Alam,Independent Candidate (Independent),105379,4,"bss,ds,dt,tbs",bss=105379; ds=105379; dt=105379; tbs=105379,
Satkhira 3,Kazi Alauddin,Bangladesh Nationalist Party (BNP),56819,3,"ds,dt,tbs",ds=0; dt=56819; tbs=56819,
Satkhira 3,Md. Waj Qurani,Islami Andolan Bangladesh (IAB),2497,3,"ds,dt,tbs",ds=0; dt=2497; tbs=2497,
Satkhira 3,Md. Alip Hossain,Jatiya Party (JaPa),722,3,"ds,dt,tbs",ds=0; dt=722; tbs=722,
Satkhira 3,Rubel Hossain,Bangladesh Minority Janata Party (BMJP),583,3,"ds,dt,tbs",ds=0; dt=583; tbs=583,
Satkhira 4,G. M. Nazrul Islam,Bangladesh Jamaat-e-Islami (Jamaat),106913,4,"bss,ds,dt,tbs",bss=106913; ds=105805; dt=106913; tbs=106913,
Satkhira 4,Md. Moniruzzaman,Bangladesh Nationalist Party (BNP),85426,4,"bss,ds,dt,tbs",bss=85426; ds=84868; dt=85426; tbs=85426,
Satkhira 4,S. M. Mostafa Al Mamun,Islami Andolan Bangladesh (IAB),4902,3,"ds,dt,tbs",ds=0; dt=4902; tbs=4902,
Satkhira 4,Md. Abdur Rashid,Jatiya Party (JaPa),1142,3,"ds,dt,tbs",ds=0; dt=1142; tbs=1142,
Shariatpur 1,Saeed Ahmed,Bangladesh Nationalist Party (BNP),77398,4,"bss,ds,dt,tbs",bss=77398; ds=77398; dt=77398; tbs=77398,
Shariatpur 1,Jalaluddin Ahmad,Khelafat Majlis,62717,4,"bss,ds,dt,tbs",bss=62717; ds=62717; dt=62717; tbs=62717,
Shariatpur 1,Syed Nazrul Islam,Independent Candidate (Independent),14644,3,"ds,dt,tbs",ds=0; dt=14644; tbs=14644,
Shariatpur 1,Md. Tofayel Ahmed,Islami Andolan Bangladesh (IAB),10817,3,"ds,dt,tbs",ds=0; dt=10817; tbs=10817,
Shariatpur 1,Nur Mohammad Mia,Bangladesh Supreme Party (BSP),616,3,"ds,dt,tbs",ds=0; dt=616; tbs=616,
Shariatpur 1,Firoz Ahmed,Gono Odhikar Parishad (GOP),551,3,"ds,dt,tbs",ds=0; dt=551; tbs=551,
Shariatpur 1,Md. Abdur Rahman,National Citizen Party (NCP),475,3,"ds,dt,tbs",ds=0; dt=475; tbs=475,
Shariatpur 1,Mohammad Golam Mostafa,Independent Candidate (Independent),359,3,"ds,dt,tbs",ds=0; dt=359; tbs=359,
Shariatpur 2,Md. Shafiqul Rahman (Kiron),Bangladesh Nationalist Party (BNP),129814,4,"bss,ds,dt,tbs",bss=129814; ds=129814; dt=129814; tbs=129814,
Shariatpur 2,Mahmud Hossain,Bangladesh Jamaat-e-Islami (Jamaat),70892,4,"bss,ds,dt,tbs",bss=70892; ds=70892; dt=70892; tbs=70892,
Shariatpur 2,Imran Hossain,Islami Andolan Bangladesh (IAB),6505,3,"ds,dt,tbs",ds=0; dt=6505; tbs=6505,
Shariatpur 2,Jasim Uddin,Jatiya Party (JaPa),2547,3,"ds,dt,tbs",ds=0; dt=2547; tbs=2547,
Shariatpur 2,Parvez Musharraf,Janotar Dol,442,3,"ds,dt,tbs",ds=0; dt=442; tbs=442,
Shariatpur 2,Mahmudul Hasan,Bangladesh Khelafat Andolon (BKA),313,3,"ds,dt,tbs",ds=0; dt=313; tbs=313,
Shariatpur 2,Akhtaruzzaman Samrat,Gono Odhikar Parishad (GOP),283,3,"ds,dt,tbs",ds=0; dt=283; tbs=283,
Shariatpur 2,Md. Alamgir Hossain,Independent Candidate (Independent),246,3,"ds,dt,tbs",ds=0; dt=246; tbs=246,
Shariatpur 2,Md. Nasir,Independent Candidate (Independent),206,3,"ds,dt,tbs",ds=0; dt=0; tbs=206,
Shariatpur 3,Mia Nuruddin Ahmed Apu,Bangladesh Nationalist Party (BNP),107516,4,"bss,ds,dt,tbs",bss=107516; ds=107516; dt=75423; tbs=107516,vote-mismatch: spread=30%
Shariatpur 3,Muhammad Azharul Islam,Bangladesh Jamaat-e-Islami (Jamaat),69684,4,"bss,ds,dt,tbs",bss=69684; ds=69684; dt=48213; tbs=69684,vote-mismatch: spread=31%
Shariatpur 3,Hanif Mia,Islami Andolan Bangladesh (IAB),9814,3,"ds,dt,tbs",ds=0; dt=9814; tbs=9814,
Shariatpur 3,Md. Abdul Hannan,Jatiya Party (JaPa),2064,3,"ds,dt,tbs",ds=0; dt=2064; tbs=2064,
Sherpur 1,Md. Rashedul Islam Rashed,Bangladesh Jamaat-e-Islami (Jamaat),127811,4,"bss,ds,dt,tbs",bss=127811; ds=127811; dt=127811; tbs=127811,
Sherpur 1,Sansila Zebrin,Bangladesh Nationalist Party (BNP),78342,4,"bss,ds,dt,tbs",bss=78342; ds=78342; dt=78342; tbs=78342,
Sherpur 1,Md. Shafiqul Islam Masud,Independent Candidate (Independent),62415,2,"ds,dt",ds=62415; dt=62415,
Sherpur 1,Md. Mahmudul Haque Moni,Jatiya Party (JaPa),751,2,"ds,dt",ds=751; dt=751,
Sherpur 1,Md. Likhon Mia,National Citizen Party (NCP),456,2,"ds,dt",ds=456; dt=456,
Sherpur 1,Md. Elias Uddin,Independent Candidate (Independent),205,2,"ds,dt",ds=205; dt=205,
Sherpur 2,Mohammad Fahim Chowdhury,Bangladesh Nationalist Party (BNP),118472,4,"bss,ds,dt,tbs",bss=118472; ds=118472; dt=108335; tbs=118472,
Sherpur 2,Md. Golam Kibria,Bangladesh Jamaat-e-Islami (Jamaat),108335,4,"bss,ds,dt,tbs",bss=108335; ds=108335; dt=118472; tbs=108335,
Sherpur 2,Md. Abdullah Al Kayes,Islami Andolan Bangladesh (IAB),4877,3,"ds,dt,tbs",ds=4877; dt=4877; tbs=4877,
Sherpur 2,Md. Abdullah,Amar Bangladesh Party (AB),1038,2,"dt,tbs",dt=1038; tbs=1038,
Sherpur 3,Abu Taleb Md. Saifuddin,Islami Andolan Bangladesh (IAB),0,2,"ds,dt",ds=0; dt=0,
Sherpur 3,Md. Aminul Islam,Independent Candidate (Independent),0,2,"ds,dt",ds=0; dt=0,
Sherpur 3,Md. Mahmudul Haque Rubel,Bangladesh Nationalist Party (BNP),0,3,"bss,ds,dt",bss=0; ds=0; dt=0,
Sherpur 3,Mohammad Nuruzzaman,Bangladesh Jamaat-e-Islami (Jamaat),0,3,"bss,ds,dt",bss=0; ds=0; dt=0,
Sherpur 3,Md. Mizanur Rahman,Socialist Party of Bangladesh (Marxist) (SPB-M),0,1,dt,dt=0,
Sirajganj 1,Md. Selim Reza,Bangladesh Nationalist Party (BNP),116613,4,"bss,ds,dt,tbs",bss=116613; ds=116613; dt=116613; tbs=115132,
Sirajganj 1,Md. Shahinur Alam,Bangladesh Jamaat-e-Islami (Jamaat),108815,4,"bss,ds,dt,tbs",bss=108815; ds=108815; dt=108815; tbs=106732,
Sirajganj 1,Md. Zahurul Islam,Jatiya Party (JaPa),2234,3,"ds,dt,tbs",ds=0; dt=2234; tbs=2234,
Sirajganj 1,Mosammat Mallika Khatun,Gono Odhikar Parishad (GOP),1170,3,"ds,dt,tbs",ds=0; dt=1170; tbs=1170,
Sirajganj 1,Md. Nazmus Shakib,Nagorik Oikya (NO),321,3,"ds,dt,tbs",ds=0; dt=321; tbs=321,
Sirajganj 1,Md. Abdus Sabur,Independent Candidate (Independent),263,3,"ds,dt,tbs",ds=0; dt=263; tbs=263,
Sirajganj 2,Iqbal Hassan Mahmud,Bangladesh Nationalist Party (BNP),177578,4,"bss,ds,dt,tbs",bss=176638; ds=177578; dt=177578; tbs=177578,
Sirajganj 2,Muhammad Zahidul Islam,Bangladesh Jamaat-e-Islami (Jamaat),138797,4,"bss,ds,dt,tbs",bss=136595; ds=138797; dt=138797; tbs=138797,
Sirajganj 2,Md. Mohibullah,Islami Andolan Bangladesh (IAB),2167,3,"ds,dt,tbs",ds=0; dt=2167; tbs=2167,
Sirajganj 2,S. M. Abdullah Al Mamun,Bangladesh Samajtantrik Dal (Basad),864,3,"ds,dt,tbs",ds=0; dt=864; tbs=864,
Sirajganj 2,Md. Anwar Hossain,Communist Party of Bangladesh (CPB),769,3,"ds,dt,tbs",ds=0; dt=769; tbs=769,
Sirajganj 2,Mohammad Mahfuzur Rahman,Gono Odhikar Parishad (GOP),410,3,"ds,dt,tbs",ds=0; dt=410; tbs=410,
Sirajganj 2,Md. Sohel Rana,Janotar Dol,181,3,"ds,dt,tbs",ds=0; dt=181; tbs=181,
Sirajganj 3,Md. Aynul Haque,Bangladesh Nationalist Party (BNP),174430,4,"bss,ds,dt,tbs",bss=174430; ds=174430; dt=174430; tbs=174430,
Sirajganj 3,Muha. Abdur Rouf Sarkar,Khelafat Majlis,116802,4,"bss,ds,dt,tbs",bss=116802; ds=116802; dt=116802; tbs=116802,
Sirajganj 3,Md. Fazlul Haque,Jatiya Party (JaPa),1658,3,"ds,dt,tbs",ds=1658; dt=1658; tbs=1658,
Sirajganj 3,Md. Elias Reza Robin,Independent Candidate (Independent),1006,3,"ds,dt,tbs",ds=1006; dt=1006; tbs=1006,
Sirajganj 4,Md. Rafiqul Islam Khan,Bangladesh Jamaat-e-Islami (Jamaat),161872,4,"bss,ds,dt,tbs",bss=161872; ds=161872; dt=161872; tbs=161872,
Sirajganj 4,M. Akbar Ali,Bangladesh Nationalist Party (BNP),161278,4,"bss,ds,dt,tbs",bss=161278; ds=161278; dt=161278; tbs=161278,
Sirajganj 4,Abdur Rahman,Islami Andolan Bangladesh (IAB),2216,2,"ds,dt",ds=2216; dt=2216,
Sirajganj 4,Md. Hilton Pramanik,Jatiya Party (JaPa),1213,2,"ds,dt",ds=1213; dt=1213,
Sirajganj 4,Md. Abdul Hakim,Communist Party of Bangladesh (CPB),695,2,"ds,dt",ds=695; dt=695,
Sirajganj 5,Md. Amirul Islam Khan,Bangladesh Nationalist Party (BNP),134989,4,"bss,ds,dt,tbs",bss=134197; ds=134989; dt=588084; tbs=134989,vote-mismatch: spread=77%
Sirajganj 5,Md. Ali Alam,Bangladesh Jamaat-e-Islami (Jamaat),106805,4,"bss,ds,dt,tbs",bss=105188; ds=106805; dt=47876; tbs=106805,vote-mismatch: spread=55%
Sirajganj 5,Nurun Nabi,Islami Andolan Bangladesh (IAB),5759,3,"ds,dt,tbs",ds=0; dt=0; tbs=5759,
Sirajganj 5,Md. Akbar Hossain,Jatiya Party (JaPa),1224,3,"ds,dt,tbs",ds=0; dt=0; tbs=1224,
Sirajganj 5,Md. Motiar Rahman,Communist Party of Bangladesh (CPB),328,3,"ds,dt,tbs",ds=0; dt=0; tbs=328,
Sirajganj 5,Md. Yusuf Ali,Gono Odhikar Parishad (GOP),235,3,"ds,dt,tbs",ds=0; dt=0; tbs=235,
Sirajganj 6,M. A. Muhit,Bangladesh Nationalist Party (BNP),171508,4,"bss,ds,dt,tbs",bss=171508; ds=171508; dt=171508; tbs=171508,
Sirajganj 6,S. M. Saif Mostafiz,National Citizen Party (NCP),103884,4,"bss,ds,dt,tbs",bss=103884; ds=103884; dt=103884; tbs=103884,
Sirajganj 6,Misbah Uddin,Islami Andolan Bangladesh (IAB),2280,2,"ds,dt",ds=0; dt=2280,
Sirajganj 6,Md. Mosharraf Hossain Shahidul,Bangladesh Islami Front (BIF),1133,2,"ds,dt",ds=0; dt=1133,
Sirajganj 6,Md. Moktar Hossain,Jatiya Party (JaPa),1098,2,"ds,dt",ds=0; dt=1098,
Sirajganj 6,Elora Khatun,Jatiya Samajtantrik Dal (JSD),890,2,"ds,dt",ds=0; dt=890,
Sirajganj 6,Md. Asadul Haque,Amjanatar Dol,653,2,"ds,dt",ds=0; dt=653,
Sirajganj 6,Md. Humayun Kabir,Independent Candidate (Independent),441,2,"ds,dt",ds=0; dt=441,
Sirajganj 6,Md. Anwar Hossain,Bangladesh Samajtantrik Dal (Basad),400,2,"ds,dt",ds=0; dt=400,
Sirajganj 6,Abu Jafar Md. Anwarus Sadat,Amar Bangladesh Party (AB),271,2,"ds,dt",ds=0; dt=271,
Sirajganj 6,Md. Waseeq Iqbal Khan Majlis,Independent Candidate (Independent),252,2,"ds,dt",ds=0; dt=252,
Sunamganj 1,Kamruzzaman Kamrul,Bangladesh Nationalist Party (BNP),161774,4,"bss,ds,dt,tbs",bss=161774; ds=161774; dt=161774; tbs=161774,
Sunamganj 1,Tofayel Ahmed,Bangladesh Jamaat-e-Islami (Jamaat),92966,4,"bss,ds,dt,tbs",bss=92966; ds=92966; dt=92966; tbs=92966,
Sunamganj 1,Maulana Mujammil Haque Talukder,Bangladesh Nezame Islam Party (BNIP),1184,3,"ds,dt,tbs",ds=0; dt=1184; tbs=1184,
Sunamganj 2,Md. Nashir Chowdhury,Bangladesh Nationalist Party (BNP),99522,4,"bss,ds,dt,tbs",bss=99522; ds=99522; dt=99522; tbs=99522,
Sunamganj 2,Mohammad Shishir Monir,Bangladesh Jamaat-e-Islami (Jamaat),63220,4,"bss,ds,dt,tbs",bss=63220; ds=63220; dt=63220; tbs=63220,
Sunamganj 2,Niranjan Das,Communist Party of Bangladesh (CPB),1232,3,"ds,dt,tbs",ds=0; dt=1232; tbs=1232,
Sunamganj 3,Mohammad Kaishar Ahmed,Bangladesh Nationalist Party (BNP),97313,4,"bss,ds,dt,tbs",bss=97313; ds=97313; dt=97313; tbs=97313,
Sunamganj 3,Md. Anwar Hossain,Independent Candidate (Independent),42226,3,"ds,dt,tbs",ds=42226; dt=42226; tbs=42226,
Sunamganj 3,Syed Talha Alam,Amar Bangladesh Party (AB),4937,3,"ds,dt,tbs",ds=0; dt=4937; tbs=4937,
Sunamganj 3,Mohammad Shahinur Pasha Chowdhury,Khelafat Majlis,858,3,"ds,dt,tbs",ds=0; dt=858; tbs=237,"same-party-merged (LOW SIMILARITY 0.48): [ds,dt,tbs] 'Mohammad Shahinur Pasha Chowdhury' (ds=0; dt=14203; tbs=14203) -> [ds,dt,tbs] 'Sheikh Mushtaq Ahmed' (ds=0; dt=858; tbs=237), party=Khelafat Majlis; vote-mismatch: spread=72%"
Sunamganj 3,Md. Mahfuzur Rahman Khaled (Tushar),Independent Candidate (Independent),237,3,"ds,dt,tbs",ds=0; dt=237; tbs=237,
Sunamganj 3,Hussain Ahmed,Independent Candidate (Independent),177,4,"bss,ds,dt,tbs",bss=42226; ds=0; dt=177; tbs=177,vote-mismatch: spread=100%
Sunamganj 4,Nurul Islam,Bangladesh Nationalist Party (BNP),98092,4,"bss,ds,dt,tbs",bss=98092; ds=98092; dt=98092; tbs=98092,
Sunamganj 4,Md. Samach Uddin,Bangladesh Jamaat-e-Islami (Jamaat),75735,4,"bss,ds,dt,tbs",bss=75735; ds=75735; dt=75735; tbs=75735,
Sunamganj 4,Dewan Zainul Zakerin,Independent Candidate (Independent),26307,3,"ds,dt,tbs",ds=0; dt=26307; tbs=26307,
Sunamganj 4,Shahidul Islam,Islami Andolan Bangladesh (IAB),1935,3,"ds,dt,tbs",ds=0; dt=1935; tbs=1935,
Sunamganj 4,Md. Nazmul Huda,Jatiya Party (JaPa),1789,3,"ds,dt,tbs",ds=0; dt=1789; tbs=1789,
Sunamganj 5,Kalim Uddin Ahmed,Bangladesh Nationalist Party (BNP),151915,4,"bss,ds,dt,tbs",bss=151915; ds=151915; dt=151915; tbs=151915,
Sunamganj 5,Abu Tahir Muhammad Abdus Salam,Bangladesh Jamaat-e-Islami (Jamaat),102121,4,"bss,ds,dt,tbs",bss=102121; ds=102121; dt=102121; tbs=102121,
Sunamganj 5,Mohammad Abdul Qadir,Khelafat Majlis,2278,3,"ds,dt,tbs",ds=0; dt=2278; tbs=2278,
Sunamganj 5,Mohammad Jahangir Alam,Jatiya Party (JaPa),1524,3,"ds,dt,tbs",ds=0; dt=1524; tbs=1524,
Sunamganj 5,Md. Azizul Haque,National People's Party (NPP),433,3,"ds,dt,tbs",ds=0; dt=433; tbs=433,
Sylhet 1,Khandaker Abdul Muktadir,Bangladesh Nationalist Party (BNP),176936,4,"bss,ds,dt,tbs",bss=173932; ds=173932; dt=176936; tbs=176936,
Sylhet 1,Mahmudul Hasan,Islami Andolan Bangladesh (IAB),134983,3,"ds,dt,tbs",ds=0; dt=134983; tbs=2701,vote-mismatch: spread=98%
Sylhet 1,Maulana Habibur Rahman,Bangladesh Jamaat-e-Islami (Jamaat),134983,4,"bss,ds,dt,tbs",bss=134983; ds=134983; dt=474; tbs=134983,vote-mismatch: spread=100%
Sylhet 1,Pranab Jyoti Pal,Bangladesh Samajtantrik Dal (Basad),1113,3,"ds,dt,tbs",ds=0; dt=0; tbs=1113,
Sylhet 1,Mohammad Anwar Hossain,Communist Party of Bangladesh (CPB),908,3,"ds,dt,tbs",ds=0; dt=0; tbs=908,
Sylhet 1,Sanjay Kanta Das,Socialist Party of Bangladesh (Marxist) (SPB-M),801,3,"ds,dt,tbs",ds=0; dt=0; tbs=801,
Sylhet 1,Akmal Hossain,Gono Odhikar Parishad (GOP),314,3,"ds,dt,tbs",ds=0; dt=0; tbs=314,
Sylhet 1,Md. Shamim Mia,Insaniyat Biplob Bangladesh (IBB),0,2,"ds,dt",ds=0; dt=0,
Sylhet 2,Deleted by Tahsina Rushdie,Bangladesh Nationalist Party (BNP),117956,4,"bss,ds,dt,tbs",bss=117956; ds=117956; dt=116697; tbs=116697,
Sylhet 2,Muhammad Muntashir Ali,Khelafat Majlis,37446,4,"bss,ds,dt,tbs",bss=38635; ds=38635; dt=37446; tbs=37446,
Sylhet 2,Mahbubur Rahman Chowdhury,Jatiya Party (JaPa),0,2,"ds,dt",ds=0; dt=0,
Sylhet 2,Md. Amir Uddin,Islami Andolan Bangladesh (IAB),0,2,"ds,dt",ds=0; dt=0,
Sylhet 2,Md. Mujibul Haque,Gono Forum (GF),0,2,"ds,dt",ds=0; dt=0,
Sylhet 3,Mohammad Abdul Malik,Bangladesh Nationalist Party (BNP),115450,4,"bss,ds,dt,tbs",bss=115450; ds=115450; dt=114255; tbs=114255,
Sylhet 3,Redwanul Haque Chowdhury,Islami Andolan Bangladesh (IAB),76614,2,"ds,dt",ds=0; dt=76614,
Sylhet 3,Musleh Uddin Raju,Khelafat Majlis,73614,4,"bss,ds,dt,tbs",bss=73614; ds=73614; dt=76614; tbs=73614,
Sylhet 3,Mainul Bakar,Independent Candidate (Independent),0,2,"ds,dt",ds=0; dt=0,
Sylhet 3,Mohammad Atikur Rahman,Jatiya Party (JaPa),0,2,"ds,dt",ds=0; dt=0,
Sylhet 3,Mostakim Raja Chowdhury,Independent Candidate (Independent),0,2,"ds,dt",ds=0; dt=0,
Sylhet 4,Ariful Haque Chowdhury,Bangladesh Nationalist Party (BNP),181609,4,"bss,ds,dt,tbs",bss=186846; ds=186846; dt=181609; tbs=181609,
Sylhet 4,Md. Joynal Abedin,Bangladesh Jamaat-e-Islami (Jamaat),65776,4,"bss,ds,dt,tbs",bss=71391; ds=71391; dt=65776; tbs=65776,
Sylhet 4,Zahirul Islam,Gono Odhikar Parishad (GOP),10,2,"ds,dt",ds=0; dt=10,
Sylhet 4,Maulana Said Ahmed,Islami Andolan Bangladesh (IAB),0,2,"ds,dt",ds=0; dt=0,
Sylhet 4,Mohammad Mujibur Rahman,Jatiya Party (JaPa),0,2,"ds,dt",ds=0; dt=0,
Sylhet 5,Mohammad Abul Hasan,Khelafat Majlis,79355,4,"bss,ds,dt,tbs",bss=79355; ds=79355; dt=79355; tbs=79355,
Sylhet 5,Ubaidullah Farooq,Jamiat Ulema-e-Islam Bangladesh (JUIB),69774,4,"bss,ds,dt,tbs",bss=69774; ds=69774; dt=69774; tbs=69774,
Sylhet 5,Mamunur Rashid,Independent Candidate (Independent),54614,3,"ds,dt,tbs",ds=0; dt=0; tbs=54614,
Sylhet 5,Md. Bilal Uddin,Bangladesh Muslim League (BML),0,2,"ds,dt",ds=0; dt=0,
Sylhet 6,Emran Ahmad Chowdhury,Bangladesh Nationalist Party (BNP),109917,4,"bss,ds,dt,tbs",bss=109917; ds=109917; dt=108612; tbs=108612,
Sylhet 6,Mohammad Salim Uddin,Bangladesh Jamaat-e-Islami (Jamaat),101569,4,"bss,ds,dt,tbs",bss=101569; ds=101569; dt=1343; tbs=97748,vote-mismatch: spread=99%
Sylhet 6,Md. Fakhrul Islam,Independent Candidate (Independent),0,2,"ds,dt",ds=0; dt=0,
Sylhet 6,Mohammad Abdun Noor,Jatiya Party (JaPa),0,2,"ds,dt",ds=0; dt=0,
Sylhet 6,Zahidur Rahman,Gono Odhikar Parishad (GOP),0,2,"ds,dt",ds=0; dt=0,
Tangail 1,Fakir Mahbub Anam,Bangladesh Nationalist Party (BNP),153932,4,"bss,ds,dt,tbs",bss=153932; ds=153932; dt=153932; tbs=153932,
Tangail 1,Muhammad Abdullahel Kafi,Bangladesh Jamaat-e-Islami (Jamaat),94462,4,"bss,ds,dt,tbs",bss=94462; ds=94462; dt=94462; tbs=94462,
Tangail 1,Md. Asadul Islam,Independent Candidate (Independent),28259,3,"ds,dt,tbs",ds=0; dt=28259; tbs=28259,
Tangail 1,Muhammad Ilias Hossain,Jatiya Party (JaPa),2194,3,"ds,dt,tbs",ds=0; dt=2194; tbs=2194,
Tangail 1,Md. Harun Or Rashid,Islami Andolan Bangladesh (IAB),1731,3,"ds,dt,tbs",ds=0; dt=1731; tbs=1731,
Tangail 1,Mohammad Ali,Independent Candidate (Independent),723,3,"ds,dt,tbs",ds=0; dt=723; tbs=723,
Tangail 2,Md. Abdus Salam Pintu,Bangladesh Nationalist Party (BNP),198213,4,"bss,ds,dt,tbs",bss=198213; ds=198213; dt=198213; tbs=198213,
Tangail 2,Md. Humayun Kabir,Bangladesh Jamaat-e-Islami (Jamaat),60871,4,"bss,ds,dt,tbs",bss=60871; ds=60871; dt=60871; tbs=60871,
Tangail 2,Md. Monowar Hossain Sagar,Islami Andolan Bangladesh (IAB),4777,3,"ds,dt,tbs",ds=0; dt=4777; tbs=4777,
Tangail 2,Md. Humayun Kabir Talukder,Jatiya Party (JaPa),1854,3,"ds,dt,tbs",ds=0; dt=1854; tbs=1854,
Tangail 3,Md. Lutfar Rahman Khan Azad,Independent Candidate (Independent),107901,4,"bss,ds,dt,tbs",bss=107901; ds=107901; dt=107901; tbs=107901,
Tangail 3,S. M. Obaidul Haque,Bangladesh Nationalist Party (BNP),82769,4,"bss,ds,dt,tbs",bss=82769; ds=82769; dt=82769; tbs=82769,
Tangail 3,Saifullah Haider,National Citizen Party (NCP),34588,3,"ds,dt,tbs",ds=0; dt=34588; tbs=34588,
Tangail 3,Md. Rezaul Karim,Islami Andolan Bangladesh (IAB),4075,3,"ds,dt,tbs",ds=0; dt=4075; tbs=107901,vote-mismatch: spread=96%
Tangail 3,Ainin Nahar,Independent Candidate (Independent),1087,3,"ds,dt,tbs",ds=0; dt=1087; tbs=1087,
Tangail 4,Md. Lutfar Rahman,Bangladesh Nationalist Party (BNP),105342,4,"bss,ds,dt,tbs",bss=105342; ds=105342; dt=105342; tbs=105342,
Tangail 4,Abdul Latif Siddiqui,Independent Candidate (Independent),62509,4,"bss,ds,dt,tbs",bss=62509; ds=62509; dt=62509; tbs=62509,
Tangail 4,Khandaker Abdur Razzaque,Bangladesh Jamaat-e-Islami (Jamaat),50192,3,"ds,dt,tbs",ds=0; dt=50192; tbs=50192,
Tangail 4,Md. Abdul Halim Mia,Independent Candidate (Independent),4152,3,"ds,dt,tbs",ds=0; dt=4152; tbs=4152,
Tangail 4,Ali Amjad Hossain,Islami Andolan Bangladesh (IAB),1822,3,"ds,dt,tbs",ds=0; dt=1822; tbs=1822,
Tangail 4,Md. Liaquat Ali,Jatiya Party (JaPa),758,3,"ds,dt,tbs",ds=0; dt=758; tbs=758,
Tangail 5,Sultan Salahuddin Tuku,Bangladesh Nationalist Party (BNP),131279,4,"bss,ds,dt,tbs",bss=131279; ds=131279; dt=131279; tbs=131279,
Tangail 5,Ahsan Habib,Bangladesh Jamaat-e-Islami (Jamaat),80283,4,"bss,ds,dt,tbs",bss=80283; ds=80283; dt=80283; tbs=80283,
Tangail 5,Md. Farhad Iqbal,Independent Candidate (Independent),69408,3,"ds,dt,tbs",ds=0; dt=69408; tbs=69408,
Tangail 5,Khandaker Zakir Hossain,Islami Andolan Bangladesh (IAB),2600,3,"ds,dt,tbs",ds=0; dt=2600; tbs=2600,
Tangail 5,Md. Mozammel Haque,Jatiya Party (JaPa),1636,3,"ds,dt,tbs",ds=0; dt=1636; tbs=1636,
Tangail 5,Md. Hasrat Khan Bhasani,Bangladesh Supreme Party (BSP),1189,3,"ds,dt,tbs",ds=0; dt=1189; tbs=1189,
Tangail 5,Syed Khalequzzaman Mustafa,Jatiya Samajtantrik Dal (JSD),1092,3,"ds,dt,tbs",ds=0; dt=1092; tbs=1092,
Tangail 5,Md. Shafiqul Islam,Gono Odhikar Parishad (GOP),263,3,"ds,dt,tbs",ds=0; dt=263; tbs=263,
Tangail 5,Fatema Akter,Ganosanhati Andolan (GSA),221,3,"ds,dt,tbs",ds=0; dt=221; tbs=221,
Tangail 5,A. K. M. Shafiqul Islam,Bangladesh Congress,109,2,"dt,tbs",dt=109; tbs=109,
Tangail 6,Md. Rabiul Awal,Bangladesh Nationalist Party (BNP),150952,4,"bss,ds,dt,tbs",bss=150952; ds=150952; dt=150952; tbs=150952,
Tangail 6,A. K. M. Abdul Hamid,Bangladesh Jamaat-e-Islami (Jamaat),91914,4,"bss,ds,dt,tbs",bss=91914; ds=91914; dt=91914; tbs=91914,
Tangail 6,Md. Jewel Sarkar,Independent Candidate (Independent),15161,3,"ds,dt,tbs",ds=0; dt=15161; tbs=15161,
Tangail 6,Md. Akhinur Mia,Islami Andolan Bangladesh (IAB),12068,3,"ds,dt,tbs",ds=0; dt=12068; tbs=12068,
Tangail 6,Tareque Shams Khan,Jatiya Party (Manju) (JP–Manju),3489,3,"ds,dt,tbs",ds=0; dt=3489; tbs=3489,
Tangail 6,Muhammad Ashraful Islam,Independent Candidate (Independent),2996,3,"ds,dt,tbs",ds=0; dt=2996; tbs=2996,
Tangail 6,Mohammad Mamunur Rahim,Jatiya Party (JaPa),1166,3,"ds,dt,tbs",ds=0; dt=1166; tbs=1166,
Tangail 7,Abul Kalam Azad Siddiqui,Bangladesh Nationalist Party (BNP),141253,4,"bss,ds,dt,tbs",bss=141253; ds=141253; dt=141253; tbs=141253,
Tangail 7,Mohammad Abdullah Ebne Abul Hossain,Bangladesh Jamaat-e-Islami (Jamaat),71040,4,"bss,ds,dt,tbs",bss=71040; ds=71040; dt=71040; tbs=71040,
Tangail 7,Md. Tofazzal Hossain,Bangladesh Republican Party (BRP),1492,3,"ds,dt,tbs",ds=1492; dt=1492; tbs=1492,
Tangail 8,Ahmed Azam Khan,Bangladesh Nationalist Party (BNP),114217,4,"bss,ds,dt,tbs",bss=114217; ds=114217; dt=114217; tbs=114217,
Tangail 8,Salahuddin Alamgir,Independent Candidate (Independent),77130,4,"bss,ds,dt,tbs",bss=77130; ds=77130; dt=77130; tbs=77130,
Tangail 8,Md. Shafiqul Islam Khan,Bangladesh Jamaat-e-Islami (Jamaat),55709,3,"ds,dt,tbs",ds=0; dt=55709; tbs=55709,
Tangail 8,Md. Nazmul Hasan,Jatiya Party (JaPa),565,3,"ds,dt,tbs",ds=0; dt=565; tbs=565,
Tangail 8,Awal Mahmud,Revolutionary Workers Party of Bangladesh (RWPB),510,3,"ds,dt,tbs",ds=0; dt=510; tbs=510,
Tangail 8,Md. Alamgir Hossain,Amjanatar Dol,330,3,"ds,dt,tbs",ds=0; dt=330; tbs=330,
Thakurgaon 1,Mirza Fakhrul Islam Alamgir,Bangladesh Nationalist Party (BNP),238836,4,"bss,ds,dt,tbs",bss=238836; ds=238836; dt=238836; tbs=238836,
Thakurgaon 1,Delowar Hossain,Bangladesh Jamaat-e-Islami (Jamaat),141017,4,"bss,ds,dt,tbs",bss=141017; ds=141017; dt=141017; tbs=141017,
Thakurgaon 1,Md. Khademul Islam,Islami Andolan Bangladesh (IAB),3951,3,"ds,dt,tbs",ds=0; dt=3951; tbs=3851,
Thakurgaon 2,Md. Abdus Salam,Bangladesh Nationalist Party (BNP),121017,4,"bss,ds,dt,tbs",bss=121017; ds=121017; dt=121017; tbs=121017,
Thakurgaon 2,Md. Abdul Hakim,Bangladesh Jamaat-e-Islami (Jamaat),115707,4,"bss,ds,dt,tbs",bss=115707; ds=115707; dt=115707; tbs=115707,
Thakurgaon 2,Mst. Nurun Nahar Begum,Jatiya Party (JaPa),2876,3,"ds,dt,tbs",ds=0; dt=2876; tbs=2876,
Thakurgaon 2,Md. Faruk Hossain,Gono Odhikar Parishad (GOP),1843,3,"ds,dt,tbs",ds=0; dt=1843; tbs=1843,
Thakurgaon 2,Md. Nahid Rana,Amar Bangladesh Party (AB),451,3,"ds,dt,tbs",ds=0; dt=451; tbs=451,
Thakurgaon 2,Md. Rezaul Karim,Islami Andolan Bangladesh (IAB),437,3,"ds,dt,tbs",ds=0; dt=437; tbs=437,
Thakurgaon 2,Shahab Uddin Ahmed,Communist Party of Bangladesh (CPB),380,3,"ds,dt,tbs",ds=0; dt=380; tbs=380,
Thakurgaon 3,Md. Zahidur Rahman,Bangladesh Nationalist Party (BNP),132797,4,"bss,ds,dt,tbs",bss=132797; ds=132797; dt=132797; tbs=132797,
Thakurgaon 3,Md. Mizanur Rahman,Bangladesh Jamaat-e-Islami (Jamaat),91934,4,"bss,ds,dt,tbs",bss=91934; ds=91934; dt=91934; tbs=91934,
Thakurgaon 3,Hafiz Uddin Ahmed,Jatiya Party (JaPa),27133,3,"ds,dt,tbs",ds=0; dt=27133; tbs=27133,
Thakurgaon 3,Prabhat Samir Shahjahan Alam,Communist Party of Bangladesh (CPB),1548,3,"ds,dt,tbs",ds=0; dt=1548; tbs=1548,
Thakurgaon 3,Md. Al Amin,Islami Andolan Bangladesh (IAB),1295,3,"ds,dt,tbs",ds=0; dt=1295; tbs=1295,
Thakurgaon 3,Kamala Kanto Roy,Bangladesh Minority Janata Party (BMJP),680,3,"ds,dt,tbs",ds=0; dt=680; tbs=680,
Thakurgaon 3,Md. Mamunur Rashid Mamun,Gono Odhikar Parishad (GOP),552,3,"ds,dt,tbs",ds=0; dt=552; tbs=552,
Thakurgaon 3,Md. Abul Kalam Azad,Bangladesh Supreme Party (BSP),503,3,"ds,dt,tbs",ds=0; dt=503; tbs=503,
Thakurgaon 3,Mosammat Asha Moni,Independent Candidate (Independent),279,3,"ds,dt,tbs",ds=0; dt=279; tbs=279,
Thakurgaon 3,S. M. Khalilur Rahman Sarkar,Bangladesh Muslim League (BML),113,3,"ds,dt,tbs",ds=0; dt=113; tbs=113,
