seat_name,candidate,party,votes
Bagerhat 1,A. Sabur Sheikh,Bangladesh Muslim League (BML),0
Bagerhat 1,Kapil Krishna Mandal,Bangladesh Nationalist Party (BNP),114323
Bagerhat 1,M. A. H. Selim,Independent Candidate (Independent),0
Bagerhat 1,M. D. Shamsul Haque,Bangladesh Muslim League (BML),0
Bagerhat 1,Md. Aminul Islam,Amar Bangladesh Party (AB),0
Bagerhat 1,Md. Mashiur Rahman Khan,Bangladesh Jamaat-e-Islami (Jamaat),117527
Bagerhat 1,Md. Sheikh Masud Rana,Independent Candidate (Independent),0
Bagerhat 1,S. M. Golam Sorrowar,Jatiya Party (JaPa),0
Bagerhat 2,M. A. H. Selim,Independent Candidate (Independent),0
Bagerhat 2,Sheikh Atiyar Rahman,Islami Andolan Bangladesh (IAB),0
Bagerhat 2,Sheikh Manjurul Haque,Bangladesh Jamaat-e-Islami (Jamaat),117709
Bagerhat 2,Sheikh Md. Zakir Hossain,Bangladesh Nationalist Party (BNP),66409
Bagerhat 3,M. A. H. Selim,Independent Candidate (Independent),0
Bagerhat 3,Md. Habibur Rahman Master,Jatiya Samajtantrik Dal (JSD),0
Bagerhat 3,Mohammed Abdul Wadud Sheikh,Bangladesh Jamaat-e-Islami (Jamaat),83705
Bagerhat 3,Sheikh Faridul Islam,Bangladesh Nationalist Party (BNP),103711
Bagerhat 3,Sheikh Zillur Rahman,Islami Andolan Bangladesh (IAB),0
Bagerhat 4,Kazi Khairuzzaman,Independent Candidate (Independent),0
Bagerhat 4,Md. A. Latif Khan,Jatiya Samajtantrik Dal (JSD),0
Bagerhat 4,Md. Abdul Alim,Bangladesh Jamaat-e-Islami (Jamaat),116067
Bagerhat 4,Md. Omar Farooq,Islami Andolan Bangladesh (IAB),0
Bagerhat 4,Sajan Kumar Mistry,Jatiya Party (JaPa),0
Bagerhat 4,Somnath Dey,Bangladesh Nationalist Party (BNP),98326
Bandarban 1,Abu Jafar Md. Wali Ullah,Jatiya Party (JaPa),2435
Bandarban 1,Abu Saeed Md. Sujauddin,National Citizen Party (NCP),26162
Bandarban 1,Md. Abul Kalam Azad,Islami Andolan Bangladesh (IAB),4718
Bandarban 1,Saching Prue,Bangladesh Nationalist Party (BNP),141455
Barguna 1,Md. Ali Ullah,Islami Andolan Bangladesh (IAB),140291
Barguna 1,Md. Jahangir Hossain,Khelafat Majlis,6232
Barguna 1,Md. Jamal Hossain,Jatiya Party (Manju) (JP–Manju),981
Barguna 1,Md. Nazrul Islam Molla,Bangladesh Nationalist Party (BNP),136145
Barguna 2,Abdul Latif Farazi,Jatiya Party (JaPa),0
Barguna 2,Sultan Ahmed,Bangladesh Jamaat-e-Islami (Jamaat),85247
Barguna 2,Md. Kamruzzaman Liton,Bangladesh Jatiya Party (BJP),0
Barguna 2,Md. Mizanur Rahman,Islami Andolan Bangladesh (IAB),16463
Barguna 2,Md. Nurul Islam,Bangladesh Nationalist Party (BNP),90643
Barguna 2,Md. Rashed Ud Zaman,Independent Candidate (Independent),0
Barguna 2,Md. Sabbir Ahmed,Bangladesh Congress,0
Barguna 2,Md. Solaiman,National People's Party (NPP),0
Barguna 2,Syed Md. Nazis Afroz,Nationalist Democratic Movement (NDM),0
Barishal 1,Abdus Sobhan,Independent Candidate (Independent),0
Barishal 1,Md. Kamrul Islam Khan,Bangladesh Jamaat-e-Islami (Jamaat),46263
Barishal 1,Md. Russell Sardar,Islami Andolan Bangladesh (IAB),0
Barishal 1,Sernabiat Sekandar Ali,Jatiya Party (Manju) (JP–Manju),0
Barishal 1,Zahir Uddin Swapan,Bangladesh Nationalist Party (BNP),100552
Barishal 2,A. A. Jalil,Jatiya Party (JaPa),0
Barishal 2,A. Haq,Jatiya Party (Manju) (JP–Manju),0
Barishal 2,Abdul Mannan,Bangladesh Jamaat-e-Islami (Jamaat),74082
Barishal 2,Md. Abul Kamal Azad,Jatiya Samajtantrik Dal (JSD),0
Barishal 2,Md. Nesar Uddin,Islami Andolan Bangladesh (IAB),0
Barishal 2,Mr. Ali,National People's Party (NPP),0
Barishal 2,Ranjit Kumar Baroi,Gono Odhikar Parishad (GOP),0
Barishal 2,Sardar Sarfuddin Ahmed,Bangladesh Nationalist Party (BNP),141622
Barishal 3,Golam Kibria Tipu,Jatiya Party (JaPa),0
Barishal 3,Md. Azmul Hasan Jihad,Bangladesh Samajtantrik Dal (Basad),0
Barishal 3,Md. Asaduzzaman Bhuiyan,Amar Bangladesh Party (AB),61192
Barishal 3,Md. Sirajul Islam,Islami Andolan Bangladesh (IAB),0
Barishal 3,Yamin H. M. Fardin,Gono Odhikar Parishad (GOP),0
Barishal 3,Zainul Abedin,Bangladesh Nationalist Party (BNP),80930
Barishal 4,Abdul Jalil,Bangladesh Sangskritik Muktijote (BSM),0
Barishal 4,Abdus Sattar,Jatiya Samajtantrik Dal (JSD),0
Barishal 4,Md. Rajib Ahsan,Bangladesh Nationalist Party (BNP),128322
Barishal 4,Md. Abdul Jabbar,Bangladesh Jamaat-e-Islami (Jamaat),74684
Barishal 4,Syed Ishaq Md. Abul Khair,Islami Andolan Bangladesh (IAB),0
Barishal 5,Abdul Hannan Sikder,National People's Party (NPP),0
Barishal 5,Akhtar Rahman,Jatiya Party (JaPa),0
Barishal 5,Manisha Chakraborty,Bangladesh Samajtantrik Dal (Basad),0
Barishal 5,Md. Mujibur Rahman Sarwar,Bangladesh Nationalist Party (BNP),135146
Barishal 5,Md. Saidur Rahman,Socialist Party of Bangladesh (Marxist) (SPB-M),0
Barishal 5,Mufti Syed Md. Faizul Karim,Islami Andolan Bangladesh (IAB),95044
Barishal 6,Abdul Quddus,Bangladesh Muslim League (BML),0
Barishal 6,Abul Hossain Khan,Bangladesh Nationalist Party (BNP),82217
Barishal 6,Md. Kamrul Islam Khan,Independent Candidate (Independent),0
Barishal 6,Md. Mahmudunnabi,Bangladesh Jamaat-e-Islami (Jamaat),55988
Barishal 6,Md. Salahuddin Mia,Gono Odhikar Parishad (GOP),0
Barishal 6,Mufti Syed Md. Faizul Karim,Islami Andolan Bangladesh (IAB),0
Bhola 1,Andalib Rahman,Bangladesh Jatiya Party (BJP),105543
Bhola 1,Md. Ainur Rahman Jewel Mia,Gono Odhikar Parishad (GOP),0
Bhola 1,Md. Akbar Hossain,Jatiya Party (JaPa),0
Bhola 1,Md. Mizanur Rahman,National People's Party (NPP),0
Bhola 1,Md. Nazrul Islam,Bangladesh Jamaat-e-Islami (Jamaat),75337
Bhola 1,Md. Obaidul Rahman,Islami Andolan Bangladesh (IAB),0
Bhola 1,Md. Ashraf Ali,Bangladesh Islami Front (BIF),0
Bhola 1,Rafizul Hossain,Independent Candidate (Independent),0
Bhola 2,Md. Jahangir Alam Rintu,Jatiya Party (JaPa),0
Bhola 2,Md. Ala Uddin,Amjanatar Dol,0
Bhola 2,Md. Hafiz Ibrahim,Bangladesh Nationalist Party (BNP),119085
Bhola 2,Md. Zakir Hossain Laskar,Independent Candidate (Independent),0
Bhola 2,Md. Fazlul Karim,Bangladesh Jamaat-e-Islami (Jamaat),93703
Bhola 2,Mohibullah Khokon,Independent Candidate (Independent),0
Bhola 2,Mokfar Uddin Chowdhury,Bangladesh Liberal Democratic Party (LDP),0
Bhola 2,Tashlima Begum,Independent Candidate (Independent),0
Bhola 3,Hafiz Uddin Ahmed,Bangladesh Nationalist Party (BNP),145990
Bhola 3,Md. Abu Tayyab,Gono Odhikar Parishad (GOP),0
Bhola 3,Md. Kamal Uddin,Jatiya Party (JaPa),0
Bhola 3,Md. Mosleh Uddin,Islami Andolan Bangladesh (IAB),0
Bhola 3,Md. Nizamul Haque,Bangladesh Development Party (BDP),57351
Bhola 4,Abul Kalam,Nationalist Democratic Movement (NDM),0
Bhola 4,Abul Mukarram Md. Kamal Uddin,Islami Andolan Bangladesh (IAB),0
Bhola 4,Md. Jalal Uddin Rumi,Amjanatar Dol,0
Bhola 4,Md. Mizanur Rahman,Jatiya Party (JaPa),0
Bhola 4,Md. Mustafa Kamal,Bangladesh Jamaat-e-Islami (Jamaat),81437
Bhola 4,Md. Nurul Islam,Bangladesh Nationalist Party (BNP),189351
Bhola 4,Md. Rafiqul Islam,Independent Candidate (Independent),0
Bogura 1,A. B. M. Mustafa Kemal Pasha,Islami Andolan Bangladesh (IAB),0
Bogura 1,Kazi Rafiqul Islam,Bangladesh Nationalist Party (BNP),171440
Bogura 1,Md. Asadul Haque,Bangladesh Congress,0
Bogura 1,Md. Shahabuddin,Bangladesh Jamaat-e-Islami (Jamaat),57959
Bogura 1,Md. Zulfiqar Ali,Gono Forum (GF),0
Bogura 2,Abul Azad Md. Shahaduzzaman,Bangladesh Jamaat-e-Islami (Jamaat),93548
Bogura 2,Mahmudur Rahman Manna,Nagorik Oikya (NO),0
Bogura 2,Md. Jamal Uddin,Islami Andolan Bangladesh (IAB),0
Bogura 2,Md. Rezaul Karim Talu,Independent Candidate (Independent),0
Bogura 2,Md. Selim Sarkar,Gono Odhikar Parishad (GOP),0
Bogura 2,Mir Shah Alam,Bangladesh Nationalist Party (BNP),145024
Bogura 2,Shariful Islam Jinnah,Jatiya Party (JaPa),0
Bogura 3,Md. Abdul Mohit Talukder,Bangladesh Nationalist Party (BNP),127406
Bogura 3,Md. Noor Md.,Bangladesh Jamaat-e-Islami (Jamaat),111026
Bogura 3,Md. Shahinul Islam,Jatiya Party (JaPa),0
Bogura 3,Md. Shahjahan Ali Talukder,Islami Andolan Bangladesh (IAB),0
Bogura 4,Md. Idris Ali,Islami Andolan Bangladesh (IAB),0
Bogura 4,Md. Mosharraf Hossain,Bangladesh Nationalist Party (BNP),155339
Bogura 4,Md. Mustafa Faisal,Bangladesh Jamaat-e-Islami (Jamaat),108978
Bogura 4,Shahin Mustafa Kamal,Jatiya Party (JaPa),0
Bogura 5,Gulam Md. Siraj,Bangladesh Nationalist Party (BNP),248841
Bogura 5,Khan Qudrat E. Saqlain,Bangladesh Liberal Democratic Party (LDP),0
Bogura 5,Md. Dabibur Rahman,Bangladesh Jamaat-e-Islami (Jamaat),143329
Bogura 5,Mir Md. Mahmudur Rahman,Islami Andolan Bangladesh (IAB),0
Bogura 5,Shipan Kumar Ravidas,Communist Party of Bangladesh (CPB),0
Bogura 6,Abdullah Al Waqi,Jatiya Samajtantrik Dal (JSD),0
Bogura 6,Abu Numan Md. Mamunur Rashid,Islami Andolan Bangladesh (IAB),0
Bogura 6,Dilruba,Bangladesh Samajtantrik Dal (Basad),0
Bogura 6,Md. Abidur Rahman,Bangladesh Jamaat-e-Islami (Jamaat),0
Bogura 6,Tarique Rahman,Bangladesh Nationalist Party (BNP),0
Bogura 7,Md. Ansar Ali,Bangladesh Muslim League (BML),0
Bogura 7,Md. Golam Rabbani,Bangladesh Jamaat-e-Islami (Jamaat),0
Bogura 7,Md. Shafiqul Islam,Islami Andolan Bangladesh (IAB),0
Bogura 7,Morshed Milton,Bangladesh Nationalist Party (BNP),158196
Brahmanbaria 1,A. K. M. Aminul Islam,Bangladesh Jamaat-e-Islami (Jamaat),24430
Brahmanbaria 1,A. K. M. Kamruzzaman,Independent Candidate (Independent),35220
Brahmanbaria 1,Hussain Ahmed,Islami Andolan Bangladesh (IAB),907
Brahmanbaria 1,Iqbal Chowdhury,Independent Candidate (Independent),17666
Brahmanbaria 1,M. A. Hannan,Bangladesh Nationalist Party (BNP),68092
Brahmanbaria 1,Md. Habibur Rahman,Independent Candidate (Independent),106
Brahmanbaria 1,Md. Shah Alam,Jatiya Party (JaPa),265
Brahmanbaria 1,Md. Sharif Mridha,Insaniyat Biplob Bangladesh (IBB),139
Brahmanbaria 2,Ashraf Uddin,National Citizen Party (NCP),0
Brahmanbaria 2,Ed. Md. Ziaul Haque Mridha,Jatiya Party (JaPa),0
Brahmanbaria 2,Md. Main Uddin,Insaniyat Biplob Bangladesh (IBB),0
Brahmanbaria 2,Mohammed Junaid Al Habib,Jamiat Ulema-e-Islam Bangladesh (JUIB),80434
Brahmanbaria 2,Nesar Ahmad,Islami Andolan Bangladesh (IAB),0
Brahmanbaria 2,Rumin Farhana,Independent Candidate (Independent),118547
Brahmanbaria 2,Sn Tarun Dey,Independent Candidate (Independent),0
Brahmanbaria 2,Sharifa Akhter,Amjanatar Dol,0
Brahmanbaria 2,Taimur Reza Md. Shahzad,Jatiya Samajtantrik Dal (JSD),0
Brahmanbaria 3,Ataullah,National Citizen Party (NCP),62547
Brahmanbaria 3,Ayesha Akhter,Bangladesh Islami Front (BIF),0
Brahmanbaria 3,Md. Abu Hanif,Insaniyat Biplob Bangladesh (IBB),0
Brahmanbaria 3,Md. Khaled Hossain Mahbub,Bangladesh Nationalist Party (BNP),209636
Brahmanbaria 3,Md. Omar Yusuf Khan,Independent Candidate (Independent),0
Brahmanbaria 3,Md. Rezaul Islam Bhuiyan,Jatiya Party (JaPa),0
Brahmanbaria 3,Niazul Karim,Islami Andolan Bangladesh (IAB),0
Brahmanbaria 4,Md. Ataur Rahman Sarker,Bangladesh Jamaat-e-Islami (Jamaat),91796
Brahmanbaria 4,Md. Jasim,Islami Andolan Bangladesh (IAB),0
Brahmanbaria 4,Md. Zahirul Haque Chowdhury,Gono Odhikar Parishad (GOP),0
Brahmanbaria 4,Md. Zahirul Haque Khan,Jatiya Party (JaPa),0
Brahmanbaria 4,Mushfiqur Rahman,Bangladesh Nationalist Party (BNP),139842
Brahmanbaria 4,Rafi Uddin,Insaniyat Biplob Bangladesh (IBB),0
Brahmanbaria 4,Shaheen Khan,National People's Party (NPP),0
Brahmanbaria 5,Amjad Hossain,Khelafat Majlis,0
Brahmanbaria 5,Kazi Nazmul Hossain,Independent Candidate (Independent),84708
Brahmanbaria 5,Md. Abdul Mannan,Bangladesh Nationalist Party (BNP),85769
Brahmanbaria 5,Md. Shaheen Khan,Communist Party of Bangladesh (CPB),0
Brahmanbaria 5,Md. Ashraful Haque,Insaniyat Biplob Bangladesh (IBB),0
Brahmanbaria 5,Md. Kamrul Islam,Jatiya Party (JaPa),0
Brahmanbaria 5,Nahida Jahan,Ganosanhati Andolan (GSA),0
Brahmanbaria 5,Nazrul Islam,Islami Andolan Bangladesh (IAB),0
Brahmanbaria 6,Md. Saiduzzaman Kamal,Independent Candidate (Independent),0
Brahmanbaria 6,K. M. Jabir,Jatiya Samajtantrik Dal (JSD),0
Brahmanbaria 6,Md. Abu Naser,Bangladesh Islami Front (BIF),2353
Brahmanbaria 6,Md. Habibur Rahman,Insaniyat Biplob Bangladesh (IBB),0
Brahmanbaria 6,Md. Jonayed Abdur Rahim Saki,Ganosanhati Andolan (GSA),95342
Brahmanbaria 6,Md. Mohsin,Bangladesh Jamaat-e-Islami (Jamaat),39976
Brahmanbaria 6,Md. Shafiqul Islam,National People's Party (NPP),0
Brahmanbaria 6,Md. Abu Kayes Sikder,Independent Candidate (Independent),0
Brahmanbaria 6,Saeed Uddin Khan,Islami Andolan Bangladesh (IAB),0
Brahmanbaria 6,Shafiqul Islam,Gono Odhikar Parishad (GOP),0
Chandpur 1,A. N. M. Ehsanul Hoque Milon,Bangladesh Nationalist Party (BNP),133032
Chandpur 1,Abu Nasar Md. Makbol Ahmad,Bangladesh Jamaat-e-Islami (Jamaat),70368
Chandpur 1,Habib Khan,Jatiya Party (JaPa),0
Chandpur 1,Md. Anayet Hossen,Gono Odhikar Parishad (GOP),0
Chandpur 1,Md. Azad Hossain,Gono Forum (GF),0
Chandpur 1,Mohammed Nasir Uddin,Bangladesh Islami Front (BIF),0
Chandpur 2,Mansur,Islami Andolan Bangladesh (IAB),0
Chandpur 2,Md. Amran Hossain Mia,Jatiya Party (JaPa),0
Chandpur 2,Md. Anamul Hoque,Nagorik Oikya (NO),0
Chandpur 2,Md. Billal Hosion,Bangladesh Liberal Democratic Party (LDP),57473
Chandpur 2,Md. Faijunnur,Bangladesh Republican Party (BRP),0
Chandpur 2,Md. Golaf Hossain,Gono Odhikar Parishad (GOP),0
Chandpur 2,Md. Jalal Uddin,Bangladesh Nationalist Party (BNP),172506
Chandpur 2,Nasima Nazneen Sarker,Bangladesh Labour Party,0
Chandpur 3,A. H. M. Ahsan Ullah,Bangladesh Islami Front (BIF),0
Chandpur 3,Md. Jahangir Hossain,Communist Party of Bangladesh (CPB),0
Chandpur 3,Md. Jaynal Abdin Shakh,Islami Andolan Bangladesh (IAB),0
Chandpur 3,Md. Shahjahan Mia,Bangladesh Jamaat-e-Islami (Jamaat),100865
Chandpur 3,Md. Zakir Hossain,Gono Odhikar Parishad (GOP),0
Chandpur 3,Salim Akbar,Gono Forum (GF),0
Chandpur 3,Sk Farid Ahmed,Bangladesh Nationalist Party (BNP),165404
Chandpur 4,Mahmud Alam,Jatiya Party (JaPa),0
Chandpur 4,Md. Abdul Hannan,Independent Candidate (Independent),74175
Chandpur 4,Md. Abdul Malek,Bangladesh Islami Front (BIF),0
Chandpur 4,Md. Billal Hossain Miaji,Bangladesh Jamaat-e-Islami (Jamaat),0
Chandpur 4,Md. Harunur Rashid,Bangladesh Nationalist Party (BNP),69155
Chandpur 4,Md. Munir Chowdhury,Gono Forum (GF),0
Chandpur 4,Mokbul Hossain,Islami Andolan Bangladesh (IAB),0
Chandpur 4,Zakir Hossain,Independent Candidate (Independent),0
Chandpur 5,Md. Mahmud Hasan Nayan,Insaniyat Biplob Bangladesh (IBB),0
Chandpur 5,Md. Maminul Haque,Bangladesh Nationalist Party (BNP),185404
Chandpur 5,Md. Neamul Bashir,Bangladesh Liberal Democratic Party (LDP),75660
Chandpur 5,Md. Jakir Hossain Prodhania,Independent Candidate (Independent),0
Chandpur 5,Mirza Gious Uddin,Jatiya Party (JaPa),0
Chandpur 5,Md. Ali Patwary,Islami Andolan Bangladesh (IAB),0
Chandpur 5,Sayed Bahadur Shah Mujaddedi,Bangladesh Islami Front (BIF),0
Chapainawabganj 1,Md. Abdul Halim,Bangladesh Sangskritik Muktijote (BSM),0
Chapainawabganj 1,Md. Afzal Hossain,Jatiya Party (JaPa),0
Chapainawabganj 1,Md. Keramat Ali,Bangladesh Jamaat-e-Islami (Jamaat),206893
Chapainawabganj 1,Md. Monirul Islam,Islami Andolan Bangladesh (IAB),0
Chapainawabganj 1,Md. Shahjahan Mia,Bangladesh Nationalist Party (BNP),162515
Chapainawabganj 1,Nawab Md. Shamsul Hoda,Bangladesh Islami Front (BIF),0
Chapainawabganj 2,Md. Aminul Islam,Bangladesh Nationalist Party (BNP),155119
Chapainawabganj 2,Md. Ibrahim Khalil,Islami Andolan Bangladesh (IAB),0
Chapainawabganj 2,Md. Mizanur Rahman,Bangladesh Jamaat-e-Islami (Jamaat),171227
Chapainawabganj 2,Md. Sadequl Islam,Communist Party of Bangladesh (CPB),0
Chapainawabganj 2,Mohamod Khurshid Alam,Jatiya Party (JaPa),0
Chapainawabganj 3,Md. Fazlur Islam Khan,Jatiya Samajtantrik Dal (JSD),0
Chapainawabganj 3,Md. Harunur Rashid,Bangladesh Nationalist Party (BNP),127037
Chapainawabganj 3,Md. Monirul Islam,Islami Andolan Bangladesh (IAB),0
Chapainawabganj 3,Md. Nurul Islam,Bangladesh Jamaat-e-Islami (Jamaat),189640
Chapainawabganj 3,Md. Shofikul Islam,Gono Odhikar Parishad (GOP),0
Chattogram 1,A. K. M. Abu Yusufe,Jatiya Samajtantrik Dal (JSD),0
Chattogram 1,Ferdaus Ahmed Chowdhury,Islami Andolan Bangladesh (IAB),0
Chattogram 1,Md. Saifur Rahman,Bangladesh Jamaat-e-Islami (Jamaat),84538
Chattogram 1,Nurul Amin,Bangladesh Nationalist Party (BNP),128799
Chattogram 1,Rezaul Karim,Insaniyat Biplob Bangladesh (IBB),0
Chattogram 1,Sk. Zulfiqur Bulbul Chowdhury,Bangladesh Muslim League (BML),0
Chattogram 1,Syed Sahadat Hossain,Jatiya Party (JaPa),0
Chattogram 2,Ahamed Kabir,Independent Candidate (Independent),0
Chattogram 2,Jinnat Akter,Independent Candidate (Independent),0
Chattogram 2,Md. Golam Nowsher Ali,Janotar Dol,0
Chattogram 2,Md. Sarowar Alamgir,Bangladesh Nationalist Party (BNP),0
Chattogram 2,Md. Nurul Amin,Bangladesh Jamaat-e-Islami (Jamaat),0
Chattogram 2,Mohammed Julfikar Ali Mannan,Islami Andolan Bangladesh (IAB),0
Chattogram 2,Rabiul Hasan,Gono Odhikar Parishad (GOP),0
Chattogram 2,Shajada Syed Saifuddin Ahmed,Bangladesh Supreme Party (BSP),0
Chattogram 3,Md. Moahedul Mawla,Independent Candidate (Independent),0
Chattogram 3,Md. Amzad Hossain,Islami Andolan Bangladesh (IAB),0
Chattogram 3,Mostafa Kamal Pasha,Bangladesh Nationalist Party (BNP),73037
Chattogram 3,Md. Ala Uddin,Bangladesh Jamaat-e-Islami (Jamaat),39662
Chattogram 4,A. T. M. Parvez,Gono Odhikar Parishad (GOP),0
Chattogram 4,Jahidul Alam,Ganosanhati Andolan (GSA),0
Chattogram 4,Md. Aslam Chowdhury,Bangladesh Nationalist Party (BNP),0
Chattogram 4,Md. Anwar Siddiqui,Bangladesh Jamaat-e-Islami (Jamaat),0
Chattogram 4,Md. Didarul Mowla,Islami Andolan Bangladesh (IAB),0
Chattogram 4,Md. Mosiuddowlah,Communist Party of Bangladesh (CPB),0
Chattogram 4,Md. Shahidul Islam Chowdhury,Bangladesh Supreme Party (BSP),0
Chattogram 4,Md. Sirajudollah,Bangladesh Islami Front (BIF),0
Chattogram 4,Md. Zakaria Khaled,Bangladesh Nezame Islam Party (BNIP),0
Chattogram 5,Mati Ullah Noori,Islami Andolan Bangladesh (IAB),0
Chattogram 5,Md. Alauddin,Bangladesh Labour Party,0
Chattogram 5,Md. Nasir Uddin,Khelafat Majlis,46589
Chattogram 5,Mir Mohammed Helal Uddin,Bangladesh Nationalist Party (BNP),147054
Chattogram 5,Mohammed Imam Uddin Riad,Independent Candidate (Independent),0
Chattogram 5,Md. Rafiqul Islam,Bangladesh Islami Front (BIF),0
Chattogram 6,Gias Uddin Quader Chowdhury,Bangladesh Nationalist Party (BNP),112237
Chattogram 6,Md. Shahajahan Monjo,Bangladesh Jamaat-e-Islami (Jamaat),0
Chattogram 6,Md. Elias Nuri,Bangladesh Islami Front (BIF),27146
Chattogram 6,Nasir Uddin Talukder,Ganosanhati Andolan (GSA),0
Chattogram 7,A. T. M. Rezaul Karim,Bangladesh Jamaat-e-Islami (Jamaat),41719
Chattogram 7,Abdullah Al Harun,Islami Andolan Bangladesh (IAB),0
Chattogram 7,Humam Quader Chowdhury,Bangladesh Nationalist Party (BNP),101445
Chattogram 7,Md. Abdur Rahman,Amar Bangladesh Party (AB),0
Chattogram 7,Md. Belal Uddin,Gono Odhikar Parishad (GOP),0
Chattogram 7,Md. Mahade Rashed,Jatiya Party (JaPa),0
Chattogram 7,Md. Ikbal Hasan,Bangladesh Islami Front (BIF),0
Chattogram 7,Pramode Baran Barua,Communist Party of Bangladesh (CPB),0
Chattogram 8,Ershad Ullah,Bangladesh Nationalist Party (BNP),152969
Chattogram 8,Md. Abu Naser,Bangladesh Jamaat-e-Islami (Jamaat),53564
Chattogram 8,Md. Jubairul Hasan Arif,National Citizen Party (NCP),0
Chattogram 8,Md. Amdadul Huq,Insaniyat Biplob Bangladesh (IBB),0
Chattogram 8,Md. Nurul Alam,Islami Andolan Bangladesh (IAB),0
Chattogram 8,Syed Md. Hassan,Bangladesh Islami Front (BIF),0
Chattogram 9,Abdul Momen Chowdhury,Jatiya Samajtantrik Dal (JSD),0
Chattogram 9,Abdus Sukkur,Islami Andolan Bangladesh (IAB),0
Chattogram 9,A. K. M. Fazlul Hoque,Bangladesh Jamaat-e-Islami (Jamaat),53807
Chattogram 9,Md. Haider Ali Chowdhury,Janotar Dol,0
Chattogram 9,Md. Shafi Uddin Kabir,Socialist Party of Bangladesh (Marxist) (SPB-M),0
Chattogram 9,Md. Naim Uddin,Insaniyat Biplob Bangladesh (IBB),0
Chattogram 9,Md. Abu Sufian,Bangladesh Nationalist Party (BNP),109388
Chattogram 9,Md. Wahed Murad,Bangladesh Islami Front (BIF),0
Chattogram 9,Nurul Afsar Mazumder,Nagorik Oikya (NO),0
Chattogram 9,Sayed Md. Hasan Maruf,Ganosanhati Andolan (GSA),0
Chattogram 10,Asma Akther,Socialist Party of Bangladesh (Marxist) (SPB-M),0
Chattogram 10,Md. Liaket Ali,Bangladesh Islami Front (BIF),0
Chattogram 10,Md. Usman Gani,Bangladesh Labour Party,0
Chattogram 10,Mohammed Arman Ali,Independent Candidate (Independent),0
Chattogram 10,Md. Emdad Hossain,Jatiya Party (JaPa),0
Chattogram 10,Md. Shamsuzzaman Helaly,Bangladesh Jamaat-e-Islami (Jamaat),76919
Chattogram 10,Md. Jannatul Islam,Islami Andolan Bangladesh (IAB),0
Chattogram 10,Sabina Khatun,Insaniyat Biplob Bangladesh (IBB),0
Chattogram 10,Sayed Al Noman,Bangladesh Nationalist Party (BNP),122978
Chattogram 11,Abu Taher,Jatiya Party (JaPa),0
Chattogram 11,Amir Khosru Mahmud Chowdhury,Bangladesh Nationalist Party (BNP),115999
Chattogram 11,Dipa Majumder,Socialist Party of Bangladesh (Marxist) (SPB-M),0
Chattogram 11,Md. Jahangir Bhuiyan,Independent Candidate (Independent),0
Chattogram 11,Md. Aziz Meah,Insaniyat Biplob Bangladesh (IBB),0
Chattogram 11,Md. Nizamul Hoq All Kaderi,Bangladesh Samajtantrik Dal (Basad),0
Chattogram 11,Md. Nur Uddin,Islami Andolan Bangladesh (IAB),0
Chattogram 11,Md. Shafiul Alam,Bangladesh Jamaat-e-Islami (Jamaat),76681
Chattogram 11,Md. Abu Taher,Bangladesh Islami Front (BIF),0
Chattogram 11,Md. Nezam Uddin,Gono Odhikar Parishad (GOP),0
Chattogram 11,Uzzwal Bhowmik,Gono Forum (GF),0
Chattogram 12,Farid Ahammed Chowdhury,Jatiya Party (JaPa),0
Chattogram 12,M. Yakub Ali,Bangladesh Liberal Democratic Party (LDP),0
Chattogram 12,Md. Enamul Hoque,Bangladesh Nationalist Party (BNP),135044
Chattogram 12,Md. Faridul Alam,Bangladesh Jamaat-e-Islami (Jamaat),0
Chattogram 12,Md. Shakawat Hossain,Independent Candidate (Independent),0
Chattogram 12,Md. Abu Talab Halaly,Insaniyat Biplob Bangladesh (IBB),0
Chattogram 12,Sm Belal Nur,Islami Andolan Bangladesh (IAB),0
Chattogram 12,Sayed Ayar Md. Peyaru,Bangladesh Islami Front (BIF),28999
Chattogram 13,Abdur Rob Chowdhury,Jatiya Party (JaPa),0
Chattogram 13,Mahmudul Hassan,Bangladesh Jamaat-e-Islami (Jamaat),0
Chattogram 13,Md. Mujibur Rahman Chy.,Gono Odhikar Parishad (GOP),0
Chattogram 13,Md. Rezaul Mustafa,Insaniyat Biplob Bangladesh (IBB),0
Chattogram 13,Md. Amran,Nationalist Democratic Movement (NDM),0
Chattogram 13,S. M. Shahjahan,Bangladesh Islami Front (BIF),51450
Chattogram 13,Sarwar Jamal Nizam,Bangladesh Nationalist Party (BNP),126192
Chattogram 14,Alhajj Jashim Uddin Ahammed,Bangladesh Nationalist Party (BNP),76493
Chattogram 14,H. M. Elias,Insaniyat Biplob Bangladesh (IBB),0
Chattogram 14,Md. Abdul Hamid,Islami Andolan Bangladesh (IAB),0
Chattogram 14,Md. Badsha Meah,Jatiya Party (JaPa),0
Chattogram 14,Mohammd Mizanul Hoque Chowdhury,Independent Candidate (Independent),0
Chattogram 14,Mow. Md. Solaiman,Bangladesh Islami Front (BIF),0
Chattogram 14,Omar Faruq,Bangladesh Liberal Democratic Party (LDP),75467
Chattogram 14,Shafiqul Islam Rahi,Independent Candidate (Independent),0
Chattogram 15,Najmul Mostafa Amin,Bangladesh Nationalist Party (BNP),130661
Chattogram 15,Shahjahan Chowdhury,Bangladesh Jamaat-e-Islami (Jamaat),181238
Chattogram 15,Shariful Alam Chowdhury,Islami Andolan Bangladesh (IAB),0
Chattogram 16,Abdul Malak,Bangladesh Islami Front (BIF),844
Chattogram 16,Ehsanul Hoque,Bangladesh Muslim League (BML),105
Chattogram 16,Haez Rufiullah,Islami Andolan Bangladesh (IAB),4054
Chattogram 16,Md. Ariful Hoque,Gono Odhikar Parishad (GOP),243
Chattogram 16,Miskatul Islam Chowdhury,Bangladesh Nationalist Party (BNP),83105
Chattogram 16,Md. Zahirul Islam,Bangladesh Jamaat-e-Islami (Jamaat),93167
Chattogram 16,Mohammed Liaquat Ali,Independent Candidate (Independent),55492
Chuadanga 1,Md. Masud Parves,Bangladesh Jamaat-e-Islami (Jamaat),211041
Chuadanga 1,Md. Sharifuzzaman,Bangladesh Nationalist Party (BNP),153193
Chuadanga 1,Md. Zahurul Islam,Islami Andolan Bangladesh (IAB),10122
Chuadanga 2,Mahmud Hasan Khan,Bangladesh Nationalist Party (BNP),163877
Chuadanga 2,Md. Hasanuzzaman,Islami Andolan Bangladesh (IAB),0
Chuadanga 2,Md. Ruhul Amin,Bangladesh Jamaat-e-Islami (Jamaat),208011
Cox's Bazar 1,Abdullah Al Faruk,Bangladesh Jamaat-e-Islami (Jamaat),129728
Cox's Bazar 1,Md. Sarwar Alam Kotobi,Islami Andolan Bangladesh (IAB),4528
Cox's Bazar 1,Salahuddin Ahmed,Bangladesh Nationalist Party (BNP),222019
Cox's Bazar 2,A. H. M. Hamidur Rahman Azad,Bangladesh Jamaat-e-Islami (Jamaat),89817
Cox's Bazar 2,Alamgir Md. Mahfuzullah Farid,Bangladesh Nationalist Party (BNP),124660
Cox's Bazar 2,Md. Mahmudul Karim,Jatiya Party (JaPa),0
Cox's Bazar 2,S. M. Rukunuzzaman Khan,Gono Odhikar Parishad (GOP),0
Cox's Bazar 2,Ziaul Haque,Islami Andolan Bangladesh (IAB),0
Cox's Bazar 3,Amirul Islam,Islami Andolan Bangladesh (IAB),0
Cox's Bazar 3,Jagadish Barua,Bangladesh Labour Party,0
Cox's Bazar 3,Lutfur Rahman,Bangladesh Nationalist Party (BNP),182096
Cox's Bazar 3,Md. Elias Mia,Independent Candidate (Independent),0
Cox's Bazar 3,Nurul Absar,Amjanatar Dol,0
Cox's Bazar 3,Shahidul Alam,Bangladesh Jamaat-e-Islami (Jamaat),161827
Cox's Bazar 4,Nur Ahmed Anwary,Bangladesh Jamaat-e-Islami (Jamaat),122033
Cox's Bazar 4,Nurul Haque,Islami Andolan Bangladesh (IAB),0
Cox's Bazar 4,Shahjahan Chowdhury,Bangladesh Nationalist Party (BNP),123582
Cox's Bazar 4,Sifuddin Khaled,Nationalist Democratic Movement (NDM),0
Cumilla 1,Abu Zayed Al Mahmud,Independent Candidate (Independent),0
Cumilla 1,Barua Monojit Dhimon,Jatiya Samajtantrik Dal (JSD),0
Cumilla 1,Bashir Ahmed,Islami Andolan Bangladesh (IAB),0
Cumilla 1,Khandaker Mosharraf Hossain,Bangladesh Nationalist Party (BNP),141440
Cumilla 1,Md. Moniruzzaman,Bangladesh Jamaat-e-Islami (Jamaat),94845
Cumilla 1,Md. Shafiul Bashar,Amar Bangladesh Party (AB),0
Cumilla 1,Md. Abul Kalam,Bangladesh Republican Party (BRP),0
Cumilla 1,Omar Faruk,Independent Candidate (Independent),0
Cumilla 1,Sayed Md. Iftaker Ahsan,Jatiya Party (JaPa),0
Cumilla 2,Abdus Salam,Bangladesh Islami Front (BIF),0
Cumilla 2,Md. Abdul Matin,Independent Candidate (Independent),63045
Cumilla 2,Md. Amir Hossain,Jatiya Party (JaPa),0
Cumilla 2,Md. Nazim Uddin,Bangladesh Jamaat-e-Islami (Jamaat),0
Cumilla 2,Md. Selim Bhuiyan,Bangladesh Nationalist Party (BNP),77037
Cumilla 2,Md. Ashraful Alam,Islami Andolan Bangladesh (IAB),0
Cumilla 3,Ahmad Abdul Kaiyum,Islami Andolan Bangladesh (IAB),0
Cumilla 3,Chowdhury Rakibul Hoque,Amjanatar Dol,0
Cumilla 3,Kazi Shah Mofazzal Hossain,Bangladesh Nationalist Party (BNP),159291
Cumilla 3,Md. Amdadoll Huque,Bangladesh Republican Party (BRP),0
Cumilla 3,Md. Khurshed Alam,Bangladesh Congress,0
Cumilla 3,Md. Sarifuddin Sarker,Insaniyat Biplob Bangladesh (IBB),0
Cumilla 3,Md. Yousuf Sohel,Bangladesh Jamaat-e-Islami (Jamaat),109599
Cumilla 3,Moniruzaman,Gono Odhikar Parishad (GOP),0
Cumilla 3,Riaz Md. Sharif,Nationalist Democratic Movement (NDM),0
Cumilla 4,Abdul Karim,Islami Andolan Bangladesh (IAB),0
Cumilla 4,Erfanul Hoque Sarker,Insaniyat Biplob Bangladesh (IBB),0
Cumilla 4,Md. Mazibur Rahman Farazi,Khelafat Majlis,0
Cumilla 4,Md. A. Jasim Uddin,Gono Odhikar Parishad (GOP),49885
Cumilla 4,Md. Abul Hasnat,National Citizen Party (NCP),166583
Cumilla 5,Abdullah Al Kafee,Communist Party of Bangladesh (CPB),0
Cumilla 5,Abul Kalam Idrish,Bangladesh Muslim League (BML),0
Cumilla 5,Md. Abul Bashar,National People's Party (NPP),0
Cumilla 5,Md. Emranul Hoque,Jatiya Party (JaPa),0
Cumilla 5,Md. Jashim Uddin,Bangladesh Nationalist Party (BNP),134485
Cumilla 5,Md. Rashedul Islam,Islami Andolan Bangladesh (IAB),0
Cumilla 5,Mobarak Hossen,Bangladesh Jamaat-e-Islami (Jamaat),124547
Cumilla 5,Sherin Akter,Jatiya Samajtantrik Dal (JSD),0
Cumilla 5,Tanzil Ahmed,Insaniyat Biplob Bangladesh (IBB),0
Cumilla 5,Zubair Ahmed Bhuiyan,Amar Bangladesh Party (AB),0
Cumilla 6,Kamrunnaher Sathi,Bangladesh Samajtantrik Dal (Basad),0
Cumilla 6,Kazi Din Mohammed,Bangladesh Jamaat-e-Islami (Jamaat),119851
Cumilla 6,Md. Amir Hossain Farazi,Bangladesh Sangskritik Muktijote (BSM),0
Cumilla 6,Md. Mashum Billah Miazi,Bangladesh Islami Front (BIF),0
Cumilla 6,Md. Monirul Haque Chowdhury,Bangladesh Nationalist Party (BNP),201706
Cumilla 6,Md. Yeasin,Bangladesh Muslim League (BML),0
Cumilla 6,Md. Harunur Rashid,Islami Andolan Bangladesh (IAB),0
Cumilla 6,Mubarak Hossain,Gono Odhikar Parishad (GOP),0
Cumilla 6,Obaidul Kabir Mohan,Jatiya Samajtantrik Dal (JSD),0
Cumilla 7,Atikul Alam,Independent Candidate (Independent),91690
Cumilla 7,Maolana Ehteshamul Hoque,Islami Andolan Bangladesh (IAB),0
Cumilla 7,Redwan Ahmed,Bangladesh Nationalist Party (BNP),48509
Cumilla 7,Sajal Kumar Kar,Bangladesh Sangskritik Muktijote (BSM),0
Cumilla 7,Soliman Khan,Khelafat Majlis,0
Cumilla 8,Abdul Kadir,Islami Oikya Jote (IOJ),0
Cumilla 8,H. M. M. Erfan,Jatiya Party (JaPa),0
Cumilla 8,Md. Ali Asraf,Bangladesh Samajtantrik Dal (Basad),0
Cumilla 8,Md. Mafiz Uddin Ahmed,Bangladesh Republican Party (BRP),0
Cumilla 8,Md. Shafiqul Alam Helal,Bangladesh Jamaat-e-Islami (Jamaat),45091
Cumilla 8,Md. Golam Morshad,Bangladesh Supreme Party (BSP),0
Cumilla 8,Md. Golam Shadek,Islami Andolan Bangladesh (IAB),0
Cumilla 8,Zakaria Taher,Bangladesh Nationalist Party (BNP),169178
Cumilla 9,Md. Abu Bakar Siddeq,Bangladesh Islami Front (BIF),0
Cumilla 9,Md. Abul Kalam,Bangladesh Nationalist Party (BNP),170008
Cumilla 9,Md. Abul Kashem,Independent Candidate (Independent),0
Cumilla 9,Md. Golam Mostafa Kamal,Jatiya Party (JaPa),0
Cumilla 9,Md. Mizanur Rahman Chowdhury,Bangladesh Sangskritik Muktijote (BSM),0
Cumilla 9,Salim Mahmud,Islami Andolan Bangladesh (IAB),0
Cumilla 9,Samira Hossain,Independent Candidate (Independent),0
Cumilla 9,Syed A. K. M. Sarowar Uddin Seddique,Bangladesh Jamaat-e-Islami (Jamaat),118961
Cumilla 10,Hasan Ahmed,Bangladesh Congress,0
Cumilla 10,Kazi Nure Alam Siddik,Bangladesh Sangskritik Muktijote (BSM),0
Cumilla 10,Md. Abdullah Al Noman,Amjanatar Dol,0
Cumilla 10,Md. Mobasher Alam Bhuiyan,Bangladesh Nationalist Party (BNP),163667
Cumilla 10,Md. Shamsuddoha,Islami Andolan Bangladesh (IAB),0
Cumilla 10,Md. Yasin Arafath,Bangladesh Jamaat-e-Islami (Jamaat),123733
Cumilla 10,Romiz Bin Arif,Gono Odhikar Parishad (GOP),0
Cumilla 11,A. F. M. Abdur Rahim,Bangladesh Congress,0
Cumilla 11,Md. Alamgir,Gono Front (GF),0
Cumilla 11,Md. Kamrul Huda,Bangladesh Nationalist Party (BNP),76638
Cumilla 11,Md. Main Uddin,Jatiya Party (JaPa),0
Cumilla 11,Md. Mohiuddin,Islami Andolan Bangladesh (IAB),0
Cumilla 11,Md. Yousuf,Bangladesh Sangskritik Muktijote (BSM),0
Cumilla 11,Syed Abdullah Mohammed Taher,Bangladesh Jamaat-e-Islami (Jamaat),133308
Dhaka 1,Antara Selima Huda,Independent Candidate (Independent),0
Dhaka 1,Khondaker Abu Ashfaque,Bangladesh Nationalist Party (BNP),173781
Dhaka 1,Md. Nasir Uddin Molla,Jatiya Party (JaPa),0
Dhaka 1,Md. Nazrul Islam,Bangladesh Jamaat-e-Islami (Jamaat),112622
Dhaka 1,Nurul Islam,Islami Andolan Bangladesh (IAB),0
Dhaka 1,Shakh Mohammed Ali,Bangladesh Labour Party,0
Dhaka 2,Md. Abdul Haque,Bangladesh Jamaat-e-Islami (Jamaat),80053
Dhaka 2,Md. Amanullah Aman,Bangladesh Nationalist Party (BNP),163793
Dhaka 2,Md. Jahirul Islam,Islami Andolan Bangladesh (IAB),0
Dhaka 3,Goyasawar Chandra Roy,Bangladesh Nationalist Party (BNP),99163
Dhaka 3,Md. Bacchu Buya,Ganosanhati Andolan (GSA),0
Dhaka 3,Md. Faruk,Jatiya Party (JaPa),0
Dhaka 3,Md. Manir Hossin,Independent Candidate (Independent),0
Dhaka 3,Md. Sajjad,Gono Odhikar Parishad (GOP),0
Dhaka 3,Md. Shahinur Islam,Bangladesh Jamaat-e-Islami (Jamaat),83264
Dhaka 3,Md. Sultan Ahamed Khan,Islami Andolan Bangladesh (IAB),0
Dhaka 3,Md. Jafor,Bangladesh Congress,0
Dhaka 3,Mozibor Howlader,Bangladesh Samajtantrik Dal (Basad),0
Dhaka 3,Md. Rowshen Yesdani,Gono Forum (GF),0
Dhaka 4,Md. Abul Kalam Azad,Janotar Dol,0
Dhaka 4,Md. Zakir Hossain,Bangladesh Samajtantrik Dal (Basad),0
Dhaka 4,Md. Firoz Alam,Communist Party of Bangladesh (CPB),0
Dhaka 4,Md. Mizanur Rahman,Independent Candidate (Independent),0
Dhaka 4,Sahel Ahmed Sohel,Bangladesh Sangskritik Muktijote (BSM),0
Dhaka 4,Syed Joynul Abedin,Bangladesh Jamaat-e-Islami (Jamaat),77367
Dhaka 4,Syed Md. Mosaddek Billah,Islami Andolan Bangladesh (IAB),0
Dhaka 4,Tanveer Ahmed,Bangladesh Nationalist Party (BNP),74447
Dhaka 5,Md. Golam Azam,Bangladesh Labour Party,0
Dhaka 5,Md. Humayun Kabir,Bangladesh Liberal Democratic Party (LDP),0
Dhaka 5,Md. Ibrahim,Islami Andolan Bangladesh (IAB),0
Dhaka 5,Md. Nabi Ullah,Bangladesh Nationalist Party (BNP),87491
Dhaka 5,Md. Saiful Alam,Bangladesh Congress,0
Dhaka 5,Md. Taifur Rahman Rahi,Bangladesh Sangskritik Muktijote (BSM),0
Dhaka 5,Mir Abdus Sabur,Jatiya Party (JaPa),0
Dhaka 5,Mohammed Kamal Hossain,Bangladesh Jamaat-e-Islami (Jamaat),96641
Dhaka 5,Sahinur Akter Sumi,Socialist Party of Bangladesh (Marxist) (SPB-M),0
Dhaka 5,Syed Md. Ibrahim,Gono Odhikar Parishad (GOP),0
Dhaka 5,Tofazzal Hossain Mostafa,Communist Party of Bangladesh (CPB),0
Dhaka 6,Ahmed Ali Sheikh,Gono Front (GF),0
Dhaka 6,Amir Uddin Ahmed,Jatiya Party (JaPa),0
Dhaka 6,Ishraque Hossain,Bangladesh Nationalist Party (BNP),78850
Dhaka 6,Md. Abdul Mannan,Bangladesh Jamaat-e-Islami (Jamaat),55697
Dhaka 6,Md. Akter Hossain,Bangladesh Muslim League (BML),0
Dhaka 6,Md. Fakrul Islam,Gono Odhikar Parishad (GOP),0
Dhaka 7,Hamidur Rahman,Bangladesh Nationalist Party (BNP),104666
Dhaka 7,Maksudur Rahman,Bangladesh Sangskritik Muktijote (BSM),0
Dhaka 7,Md. Abdur Rahman,Islami Andolan Bangladesh (IAB),0
Dhaka 7,Md. Enayat Ullah,Bangladesh Jamaat-e-Islami (Jamaat),98483
Dhaka 7,Md. Habibullah,Bangladesh Khelafat Andolon (BKA),0
Dhaka 7,Md. Shahidul Islam,Bangladesh Jatiya Party (BJP),0
Dhaka 7,Md. Ishaque Sarker,Independent Candidate (Independent),0
Dhaka 7,Md. Saifuddin Ahmed Milon,Jatiya Party (JaPa),0
Dhaka 7,Shafiqur Rahman,Bangladesh Republican Party (BRP),0
Dhaka 7,Shana Salim,Jatiya Samajtantrik Dal (JSD),0
Dhaka 7,Shima Dutta,Socialist Party of Bangladesh (Marxist) (SPB-M),0
Dhaka 8,A. F. M. Ismail Chowdhury,Jatiya Samajtantrik Dal (JSD),0
Dhaka 8,Ahm Rafiquzzaman Akhand,Socialist Party of Bangladesh (Marxist) (SPB-M),0
Dhaka 8,Kafait Ullah,Islami Andolan Bangladesh (IAB),0
Dhaka 8,Md. Golam Sarwar,Janotar Dol,0
Dhaka 8,Md. Rasel Kabir,Bangladesh Sangskritik Muktijote (BSM),0
Dhaka 8,Md. Zuber Alam Khan,Jatiya Party (JaPa),0
Dhaka 8,Meghna Alam,Gono Odhikar Parishad (GOP),0
Dhaka 8,Mirza Abbas Uddin Ahmed,Bangladesh Nationalist Party (BNP),59366
Dhaka 8,Md. Nasiruddin Patwary,National Citizen Party (NCP),54127
Dhaka 8,S. M. Sarwar,Bangladesh Islami Front (BIF),0
Dhaka 8,Tridip Kumar Saha,Communist Party of Bangladesh (CPB),0
Dhaka 9,Habibur Rashid,Bangladesh Nationalist Party (BNP),111212
Dhaka 9,Kazi Abul Khair,Jatiya Party (JaPa),0
Dhaka 9,Khandoker Mizanur Rahman,Socialist Party of Bangladesh (Marxist) (SPB-M),0
Dhaka 9,Masud Hossain,Bangladesh Muslim League (BML),0
Dhaka 9,Md. Moniruzzaman,Communist Party of Bangladesh (CPB),0
Dhaka 9,Md. Javed Mia,National Citizen Party (NCP),53460
Dhaka 9,Md. Shafi Ullah Chowdhury,Bangladesh Nationalist Front (BNF),0
Dhaka 9,Nahid Hasan Chowdhury Jonayed,Insaniyat Biplob Bangladesh (IBB),0
Dhaka 9,Nazma Akhter,Gono Forum (GF),0
Dhaka 9,Shah Iftekhar Ahsan,Islami Andolan Bangladesh (IAB),0
Dhaka 9,Shaheen Khan,National People's Party (NPP),0
Dhaka 9,Tasneem Jara,Independent Candidate (Independent),0
Dhaka 10,Abul Kalam Azad,Bangladesh Labour Party,0
Dhaka 10,Banhi Bepari,Jatiya Party (JaPa),0
Dhaka 10,Md. Abdul Awal,Islami Andolan Bangladesh (IAB),0
Dhaka 10,Md. Abu Hanif Redoy,Bangladesh Republican Party (BRP),0
Dhaka 10,Md. Anisur Rahman,Bangladesh Sangskritik Muktijote (BSM),0
Dhaka 10,Md. Jashim Uddin Sarker,Bangladesh Jamaat-e-Islami (Jamaat),77136
Dhaka 10,Md. Zakir Hossain,Janotar Dol,0
Dhaka 10,Nasreen Sultana,Amar Bangladesh Party (AB),0
Dhaka 10,Shaikh Rabiul Alam,Bangladesh Nationalist Party (BNP),80436
Dhaka 11,Kazi Md. Shahidullah,Bangladesh Sangskritik Muktijote (BSM),0
Dhaka 11,Kohinoor Akter Bithi,Independent Candidate (Independent),0
Dhaka 11,M. A. Quayum,Bangladesh Nationalist Party (BNP),91833
Dhaka 11,Md. Abdul Kader,Gono Forum (GF),0
Dhaka 11,Md. Arifur Rahman,Gono Odhikar Parishad (GOP),0
Dhaka 11,Md. Mizanur Rahman,National People's Party (NPP),0
Dhaka 11,Md. Nahid Islam,National Citizen Party (NCP),93872
Dhaka 11,Md. Zakir Hossain,Bangladesh Republican Party (BRP),0
Dhaka 11,Shake Md. Fazlay Bari Masud,Islami Andolan Bangladesh (IAB),0
Dhaka 11,Shameem Ahmed,Jatiya Party (JaPa),0
Dhaka 12,Abul Bashar Chowdhury,Gono Odhikar Parishad (GOP),0
Dhaka 12,Farid Ahmed,Janotar Dol,0
Dhaka 12,Kallol Banik,Communist Party of Bangladesh (CPB),0
Dhaka 12,Mahamudul Hasan,Islami Andolan Bangladesh (IAB),0
Dhaka 12,Md. Nayem Hasan,Bangladesh Jatiya Party (BJP),0
Dhaka 12,Md. Saiful Alam,Bangladesh Jamaat-e-Islami (Jamaat),53773
Dhaka 12,Md. Tarek Rahman,Amjanatar Dol,0
Dhaka 12,Md. Shahjalal,Bangladesh Islami Front (BIF),0
Dhaka 12,Mominul Amin,Nationalist Democratic Movement (NDM),0
Dhaka 12,Mst. Salma Akhter,Insaniyat Biplob Bangladesh (IBB),0
Dhaka 12,Muntasir Mahmud,Bangladesh Sangskritik Muktijote (BSM),0
Dhaka 12,Saiful Alam Nirob,Independent Candidate (Independent),0
Dhaka 12,Saiful Haq,Revolutionary Workers Party of Bangladesh (RWPB),30963
Dhaka 12,Sarker Md. Salahuddin,Jatiya Party (JaPa),0
Dhaka 12,Taslima Akhter,Ganosanhati Andolan (GSA),0
Dhaka 13,Bobby Hajjaj,Bangladesh Nationalist Party (BNP),88387
Dhaka 13,Fatema Akhter Monia,Insaniyat Biplob Bangladesh (IBB),0
Dhaka 13,Md. Mamunul Haque,Khelafat Majlis,86067
Dhaka 13,Md. Khalequzzaman,Bangladesh Samajtantrik Dal (Basad),0
Dhaka 13,Md. Shahabuddin,Bangladesh Minority Janata Party (BMJP),0
Dhaka 13,Mizanur Rahman,Gono Odhikar Parishad (GOP),0
Dhaka 13,Shahriar Iftekhar,Bangladesh Muslim League (BML),0
Dhaka 13,Sheikh Md. Rabiul Islam,Independent Candidate (Independent),0
Dhaka 13,Sohel Rana,Independent Candidate (Independent),0
Dhaka 14,Md. Abu Yousuf,Islami Andolan Bangladesh (IAB),0
Dhaka 14,Md. Helal Uddin,Jatiya Party (JaPa),0
Dhaka 14,Md. Jashim Uddin,Gono Forum (GF),0
Dhaka 14,Md. Liton,Bangladesh Republican Party (BRP),0
Dhaka 14,Md. Osman Ali,Bangladesh Supreme Party (BSP),0
Dhaka 14,Md. Sohel Rana,Bangladesh Liberal Democratic Party (LDP),0
Dhaka 14,Mir Ahmad Binqasem,Bangladesh Jamaat-e-Islami (Jamaat),101113
Dhaka 14,Md. Moniruzzaman,Amar Bangladesh Party (AB),0
Dhaka 14,Nurul Amin,Jatiya Samajtantrik Dal (JSD),0
Dhaka 14,Reaz Uddin,Communist Party of Bangladesh (CPB),0
Dhaka 14,Sanjida Islam,Bangladesh Nationalist Party (BNP),83323
Dhaka 14,Syed Abu Bakar Siddiqui,Independent Candidate (Independent),0
Dhaka 15,Ahmmad Sajedul Haq,Communist Party of Bangladesh (CPB),0
Dhaka 15,Md. Shafiqur Rahman,Bangladesh Jamaat-e-Islami (Jamaat),85131
Dhaka 15,Khan Shoeb Aman Ullah,Janotar Dol,0
Dhaka 15,Md. Asfaqur Rahman,Jatiya Samajtantrik Dal (JSD),0
Dhaka 15,Md. Shafiqul Islam Khan,Bangladesh Nationalist Party (BNP),63517
Dhaka 15,Md. Shamsul Haque,Jatiya Party (JaPa),0
Dhaka 15,Mubarak Hossain,Bangladesh Supreme Party (BSP),0
Dhaka 16,Alhajj A. K. M. Moazzem Hossain,Bangladesh Labour Party,0
Dhaka 16,Md. Abdul Baten,Bangladesh Jamaat-e-Islami (Jamaat),88828
Dhaka 16,Md. Abdul Quader Jilani,Bangladesh Sangskritik Muktijote (BSM),0
Dhaka 16,Md. Aminul Haque,Bangladesh Nationalist Party (BNP),85467
Dhaka 16,Md. Mamun Hossain,Gono Odhikar Parishad (GOP),0
Dhaka 16,Md. Nazmul Haque,Bangladesh Jatiya Party (BJP),0
Dhaka 16,Md. Rashidul Islam,Socialist Party of Bangladesh (Marxist) (SPB-M),0
Dhaka 16,Md. Saiful Islam,Islami Andolan Bangladesh (IAB),0
Dhaka 16,Md. Sultan Ahmed Selim,Jatiya Party (JaPa),0
Dhaka 16,Md. Tariqul Islam,National People's Party (NPP),0
Dhaka 16,Md. Tuhiduzzaman,Bangladesh Khelafat Andolon (BKA),0
Dhaka 17,Atique Ahmed,Jatiya Party (JaPa),0
Dhaka 17,Kamrul Hasan Nasim,Bangladesh Jatiya Party (BJP),0
Dhaka 17,Kazi Enayet Ullah,Independent Candidate (Independent),0
Dhaka 17,Md. Anisuzzaman Khokon,Independent Candidate (Independent),0
Dhaka 17,Md. Shamim Ahmed,Bangladesh Congress,0
Dhaka 17,Md. Ullah,Islami Andolan Bangladesh (IAB),0
Dhaka 17,Monjur Humayun,Insaniyat Biplob Bangladesh (IBB),0
Dhaka 17,Md. Rashedul Haque,Bangladesh Labour Party,0
Dhaka 17,S. M. Khaliduzzaman,Bangladesh Jamaat-e-Islami (Jamaat),68300
Dhaka 17,Sm Abul Kalam Azad,Bangladesh Nationalist Front (BNF),0
Dhaka 17,Tapu Raihan,Jatiya Party (Manju) (JP–Manju),0
Dhaka 17,Tarique Rahman,Bangladesh Nationalist Party (BNP),72699
Dhaka 18,Ariful Islam,National Citizen Party (NCP),111297
Dhaka 18,Mahmudur Rahman Manna,Nagorik Oikya (NO),0
Dhaka 18,Md. Anwar Hossain,Islami Andolan Bangladesh (IAB),0
Dhaka 18,Md. Ismail Hossain,Independent Candidate (Independent),0
Dhaka 18,Md. Jakir Hossain,Jatiya Party (JaPa),0
Dhaka 18,Md. Jasim Uddin,Bangladesh Islami Front (BIF),0
Dhaka 18,Md. Mohiuddin Howlader,Independent Candidate (Independent),0
Dhaka 18,Mrs. Sabina Javed,National People's Party (NPP),0
Dhaka 18,S. M. Jahangir Hossain,Bangladesh Nationalist Party (BNP),144715
Dhaka 18,Syed Harun Or Rashid,Bangladesh Samajtantrik Dal (Basad),0
Dhaka 19,Chowdhury Hasan Sarwardy,Bangladesh Liberal Democratic Party (LDP),0
Dhaka 19,Dewan Md. Salahuddin,Bangladesh Nationalist Party (BNP),190976
Dhaka 19,Dilshana Parul,National Citizen Party (NCP),123283
Dhaka 19,Md. Bahadur Islam,Jatiya Party (JaPa),0
Dhaka 19,Md. Israfil Hossain Shavery,National People's Party (NPP),0
Dhaka 19,Md. Kamrul,Bangladesh Muslim League (BML),0
Dhaka 19,Md. Faruq Khan,Islami Andolan Bangladesh (IAB),0
Dhaka 19,Sheikh Shawkat Hossain,Gono Odhikar Parishad (GOP),0
Dhaka 20,Ahsan Khan,Jatiya Party (JaPa),0
Dhaka 20,Helal Uddin Ahmed,Amar Bangladesh Party (AB),0
Dhaka 20,Md. Arju Mia,Jatiya Samajtantrik Dal (JSD),0
Dhaka 20,Md. Ashraf Ali,Khelafat Majlis,0
Dhaka 20,Md. Tamiz Uddin,Bangladesh Nationalist Party (BNP),162504
Dhaka 20,Nabila Tasnid,National Citizen Party (NCP),57787
Dinajpur 1,Md. Chan Mia,Islami Andolan Bangladesh (IAB),0
Dinajpur 1,Md. Matiur Rahman,Bangladesh Jamaat-e-Islami (Jamaat),117481
Dinajpur 1,Md. Monjurul Islam,Bangladesh Nationalist Party (BNP),179314
Dinajpur 1,Md. Rezuwanul Islam,Gono Odhikar Parishad (GOP),0
Dinajpur 1,Md. Shahinur Islam,Jatiya Party (JaPa),0
Dinajpur 1,Raghunath Chandra Roy,Zaker Party (ZP),0
Dinajpur 2,A. K. M. Afjalul Anam,Bangladesh Jamaat-e-Islami (Jamaat),101831
Dinajpur 2,Anowar Chowdhury Jibon,Independent Candidate (Independent),0
Dinajpur 2,Jobaier Sayed,Khelafat Majlis,0
Dinajpur 2,Md. Anm Bazlur Rashid,Independent Candidate (Independent),0
Dinajpur 2,Md. Mokaram Hossain,Bangladesh Muslim League (BML),0
Dinajpur 2,Md. Sadiq Reaz,Bangladesh Nationalist Party (BNP),144317
Dinajpur 2,Md. Zulfikar Hossain,Jatiya Party (JaPa),0
Dinajpur 2,Muha Redwanul Karim Rabid,Islami Andolan Bangladesh (IAB),0
Dinajpur 3,Ahmed Shafi Rubel,Jatiya Party (JaPa),0
Dinajpur 3,Amrit Kumar Roy,Communist Party of Bangladesh (CPB),0
Dinajpur 3,Kibria Hossain,Bangladesh Samajtantrik Dal (Basad),0
Dinajpur 3,Laila Tul Rima,Bangladesh Muslim League (BML),0
Dinajpur 3,Md. Khairuzzaman,Islami Andolan Bangladesh (IAB),0
Dinajpur 3,Md. Maynul Alam,Bangladesh Jamaat-e-Islami (Jamaat),134618
Dinajpur 3,Md. Rabiul Islam,Janotar Dol,0
Dinajpur 3,Syed Jahangir Alam,Bangladesh Nationalist Party (BNP),139207
Dinajpur 4,Akhtaruzzaman Mia,Bangladesh Nationalist Party (BNP),165577
Dinajpur 4,Md. Aftab Uddin Molla,Bangladesh Jamaat-e-Islami (Jamaat),127666
Dinajpur 4,Md. Anwar Hossain,Islami Andolan Bangladesh (IAB),0
Dinajpur 4,Md. Nurul Amin Shah,Jatiya Party (JaPa),0
Dinajpur 5,A. Z. M. Rezwanul Haque,Independent Candidate (Independent),113650
Dinajpur 5,Akm Qamruzzaman,Bangladesh Nationalist Party (BNP),0
Dinajpur 5,Md. Abdul Ahad,National Citizen Party (NCP),108948
Dinajpur 5,Md. Hazrat Ali Belal,Independent Candidate (Independent),0
Dinajpur 5,Md. Kazi Abdul Gafur,Jatiya Party (JaPa),0
Dinajpur 5,Md. Rustom Ali,Independent Candidate (Independent),0
Dinajpur 5,Sm Zakaria Bacchu,Independent Candidate (Independent),0
Dinajpur 6,Abu Zafar Md. Zahid Hossain,Bangladesh Nationalist Party (BNP),203887
Dinajpur 6,Md. Abdul Hakim,Bangladesh Samajtantrik Dal (Basad),0
Dinajpur 6,Md. Abdullah,Independent Candidate (Independent),0
Dinajpur 6,Md. Anowarul Islam,Bangladesh Jamaat-e-Islami (Jamaat),188719
Dinajpur 6,Md. Nur Alam Siddik,Islami Andolan Bangladesh (IAB),0
Dinajpur 6,Md. Rezaul Haque,Jatiya Party (JaPa),0
Dinajpur 6,Md. Shahnaoj Feroze Shuvo Shah,Independent Candidate (Independent),0
Faridpur 1,Khandaker Nasirul Islam,Bangladesh Nationalist Party (BNP),126475
Faridpur 1,Md. Abul Basar Khan,Independent Candidate (Independent),0
Faridpur 1,Md. Elias Molla,Bangladesh Jamaat-e-Islami (Jamaat),154772
Faridpur 1,Md. Golam Kabir Mia,Independent Candidate (Independent),0
Faridpur 1,Md. Hasibur Rahman,Independent Candidate (Independent),0
Faridpur 1,Md. Arifur Rahman,Independent Candidate (Independent),0
Faridpur 1,Mrinmoy Kanti Das,Bangladesh Minority Janata Party (BMJP),0
Faridpur 1,Sheikh Abdur Rahman Ziko,Independent Candidate (Independent),0
Faridpur 1,Sultan Ahmed Khan,Jatiya Party (JaPa),0
Faridpur 2,Akramuzzaman,Insaniyat Biplob Bangladesh (IBB),0
Faridpur 2,Farooq Fakir,Gono Odhikar Parishad (GOP),0
Faridpur 2,Md. Akram Ali,Khelafat Majlis,89305
Faridpur 2,Md. Nazmul Hasan,Bangladesh Congress,0
Faridpur 2,Shah Md. Jamal Uddin,Islami Andolan Bangladesh (IAB),0
Faridpur 2,Shama Obaid Islam,Bangladesh Nationalist Party (BNP),121694
Faridpur 3,Arifa Akhter Baby,Jatiya Samajtantrik Dal (JSD),0
Faridpur 3,K. M. Sarowar,Islami Andolan Bangladesh (IAB),0
Faridpur 3,Md. Abdut Tawab,Bangladesh Jamaat-e-Islami (Jamaat),124115
Faridpur 3,Md. Rafiquzzaman Mia,Communist Party of Bangladesh (CPB),0
Faridpur 3,Morshedul Islam Asif,Independent Candidate (Independent),0
Faridpur 3,Nayab Yusuf Ahmed,Bangladesh Nationalist Party (BNP),148545
Faridpur 4,A. A. M. Mujahid Beg,Independent Candidate (Independent),0
Faridpur 4,Ataur Rahman,Communist Party of Bangladesh (CPB),0
Faridpur 4,Md. Ishaq Chokder,Islami Andolan Bangladesh (IAB),0
Faridpur 4,Md. Sarwar Hossain,Bangladesh Jamaat-e-Islami (Jamaat),75805
Faridpur 4,Md. Shahidul Islam,Bangladesh Nationalist Party (BNP),127443
Faridpur 4,Mizanur Rahman,Khelafat Majlis,0
Faridpur 4,Md. Mujibur Hossain,Independent Candidate (Independent),0
Faridpur 4,Raihan Jamil,Jatiya Party (JaPa),0
Feni 1,Anwar Ullah Bhuiyan,Bangladesh Khelafat Andolon (BKA),310
Feni 1,Kazi Golam Kibria,Islami Andolan Bangladesh (IAB),5323
Feni 1,Mahbub Morshed Majumder,Bangladesh Muslim League (BML),188
Feni 1,Md. Firoz Uddin Chowdhury,Bangladesh Congress,215
Feni 1,Motaher Hossain Chowdhury,Jatiya Party (JaPa),940
Feni 1,Munshi Rafiqul Alam,Bangladesh Nationalist Party (BNP),119904
Feni 1,S. M. Kamal Uddin,Bangladesh Jamaat-e-Islami (Jamaat),85615
Feni 2,Jasim Uddin,Socialist Party of Bangladesh (Marxist) (SPB-M),0
Feni 2,Joynal Abdin,Bangladesh Nationalist Party (BNP),131210
Feni 2,Md. Harunur Rashid Bhuiyan,Khelafat Majlis,0
Feni 2,Md. Tarequl Islam Bhuiyan,Gono Odhikar Parishad (GOP),0
Feni 2,Md. Abul Hossain,Bangladesh Khelafat Andolon (BKA),0
Feni 2,Md. Ekramul Haque Bhuiyan,Islami Andolan Bangladesh (IAB),0
Feni 2,Md. Mujibur Rahman Bhuiyan,Amar Bangladesh Party (AB),80058
Feni 2,Saiful Karim Majumder,Amjanatar Dol,0
Feni 2,Shamsuddin Majumder,Jatiya Samajtantrik Dal (JSD),0
Feni 2,Taherul Islam,Insaniyat Biplob Bangladesh (IBB),0
Feni 3,Abdul Malek,Bangladesh Samajtantrik Dal (Basad),0
Feni 3,Md. Abu Naser,Bangladesh Islami Front (BIF),0
Feni 3,Md. Abu Sufian,Jatiya Party (JaPa),0
Feni 3,Md. Hasan Ahmed,Insaniyat Biplob Bangladesh (IBB),0
Feni 3,Md. Saif Uddin,Islami Andolan Bangladesh (IAB),0
Feni 3,Md. Fakhruddin,Bangladesh Jamaat-e-Islami (Jamaat),108160
Feni 3,Md. Khalequzzaman Patwari,Bangladesh Khelafat Andolon (BKA),0
Feni 3,Mr. Abdul Awal Mintu,Bangladesh Nationalist Party (BNP),157425
Gaibandha 1,Khandoker Ziaul Islam Md. Ali,Bangladesh Nationalist Party (BNP),37997
Gaibandha 1,Md. Kausor Azam Hannu,Amjanatar Dol,0
Gaibandha 1,Md. Mazedur Rahman,Bangladesh Jamaat-e-Islami (Jamaat),140726
Gaibandha 1,Md. Mostafa Mohsin,Independent Candidate (Independent),0
Gaibandha 1,Md. Ramzan Ali,Islami Andolan Bangladesh (IAB),0
Gaibandha 1,Mst. Salma Akter,Independent Candidate (Independent),0
Gaibandha 1,Parmanando Das,Socialist Party of Bangladesh (Marxist) (SPB-M),0
Gaibandha 1,Shameem Haider Patwary,Jatiya Party (JaPa),0
Gaibandha 2,Ahsanul Habib Sayed,Socialist Party of Bangladesh (Marxist) (SPB-M),0
Gaibandha 2,Md. Abdul Karim,Bangladesh Jamaat-e-Islami (Jamaat),122630
Gaibandha 2,Md. Abdur Rashid Sarker,Jatiya Party (JaPa),0
Gaibandha 2,Md. Anisuzzaman Khan Babu,Bangladesh Nationalist Party (BNP),92890
Gaibandha 2,Md. Shahedur Jahan,Janotar Dol,0
Gaibandha 2,Mihir Kumar Ghosh,Communist Party of Bangladesh (CPB),0
Gaibandha 2,Md. Abdul Majed,Islami Andolan Bangladesh (IAB),0
Gaibandha 3,Atm Aowlad Hossain,Islami Andolan Bangladesh (IAB),0
Gaibandha 3,Abul Kausar Md. Nazrul Islam,Bangladesh Jamaat-e-Islami (Jamaat),163457
Gaibandha 3,Md. Abdullah Adil,Communist Party of Bangladesh (CPB),0
Gaibandha 3,Md. Azizar Rahman,Independent Candidate (Independent),0
Gaibandha 3,Md. Mongorul Hoque,Janotar Dol,0
Gaibandha 3,Md. Mosaddiqual Islam,Insaniyat Biplob Bangladesh (IBB),0
Gaibandha 3,Md. Shoruj Mia,Gono Odhikar Parishad (GOP),0
Gaibandha 3,Moinur Rabbi Chowdhury,Jatiya Party (JaPa),0
Gaibandha 3,Syed Mainul Hassain Sadik,Bangladesh Nationalist Party (BNP),139864
Gaibandha 3,S. M. Khademul Islam Khude,Independent Candidate (Independent),0
Gaibandha 4,Kazi Md. Mashiur Rahman,Jatiya Party (JaPa),0
Gaibandha 4,Md. Abdur Rahim Sarkar,Bangladesh Jamaat-e-Islami (Jamaat),139738
Gaibandha 4,Md. Abdur Rouf Akanda,Independent Candidate (Independent),0
Gaibandha 4,Md. Atoarul Islam,Revolutionary Workers Party of Bangladesh (RWPB),0
Gaibandha 4,Md. Shamim Kaiser,Bangladesh Nationalist Party (BNP),142772
Gaibandha 4,Said Touhidul Islam Tuhin,Islami Andolan Bangladesh (IAB),0
Gaibandha 5,A. H. M. Golam Shahid Ranju,Independent Candidate (Independent),0
Gaibandha 5,Hasan Mehdi Biddut,Independent Candidate (Independent),0
Gaibandha 5,Md. Nahiduzzaman,Independent Candidate (Independent),0
Gaibandha 5,Md. Abdul Wares,Bangladesh Jamaat-e-Islami (Jamaat),89274
Gaibandha 5,Md. Azizul Islam,Islami Andolan Bangladesh (IAB),0
Gaibandha 5,Md. Faruk Alam Sarker,Bangladesh Nationalist Party (BNP),73483
Gaibandha 5,Mst. Rahela Khatun,Socialist Party of Bangladesh (Marxist) (SPB-M),0
Gaibandha 5,Shameem Haider Patwary,Jatiya Party (JaPa),0
Gaibandha 5,Sree Nirmol,Communist Party of Bangladesh (CPB),0
Gazipur 1,Atiqul Islam,Gono Front (GF),0
Gazipur 1,Chowdhury Irad Ahmed Siddiky,Bangladesh Labour Party,0
Gazipur 1,Md. Emarat Hossain Khan,Independent Candidate (Independent),0
Gazipur 1,Md. Muzibur Rahman,Bangladesh Nationalist Party (BNP),208688
Gazipur 1,Md. Shah Alam Bakshi,Bangladesh Jamaat-e-Islami (Jamaat),149553
Gazipur 1,Ruhul Amin,Islami Andolan Bangladesh (IAB),0
Gazipur 1,S. M. Shafiqul Islam,Jatiya Party (JaPa),0
Gazipur 1,Taslima Akter,Socialist Party of Bangladesh (Marxist) (SPB-M),0
Gazipur 2,Ali Naser Khan,National Citizen Party (NCP),140950
Gazipur 2,Atiqul Islam,Gono Front (GF),0
Gazipur 2,Hanif Sorker,Islami Andolan Bangladesh (IAB),0
Gazipur 2,Jithe Barua,Independent Candidate (Independent),0
Gazipur 2,M. Manjurul Karim Roni,Bangladesh Nationalist Party (BNP),188606
Gazipur 2,Masud Reza,Socialist Party of Bangladesh (Marxist) (SPB-M),0
Gazipur 2,Md. Abdul Kayum,Bangladesh Samajtantrik Dal (Basad),0
Gazipur 2,Md. Mahbub Alam,Jatiya Party (JaPa),0
Gazipur 2,Md. Ziaul Kabir,Communist Party of Bangladesh (CPB),0
Gazipur 2,Md. Shariful Islam,Janotar Dol,0
Gazipur 2,Sarker Taslima Afruz,Insaniyat Biplob Bangladesh (IBB),0
Gazipur 3,Alamgir Hossain,Islami Andolan Bangladesh (IAB),0
Gazipur 3,Ashikul Islam Piyal,Bangladesh Samajtantrik Dal (Basad),0
Gazipur 3,Ha. Ma. Mufti Shamim Ahamd,Islami Oikya Jote (IOJ),0
Gazipur 3,Md. Ezadur Rahman Chowdhury,Independent Candidate (Independent),0
Gazipur 3,Md. Nazim Uddin,Jatiya Party (JaPa),0
Gazipur 3,Md. Ehsanul Haque,Khelafat Majlis,100539
Gazipur 3,S. M. Rafiqul Islam,Bangladesh Nationalist Party (BNP),162343
Gazipur 4,Anamul Kabir,Jatiya Party (JaPa),0
Gazipur 4,Manabendra Deb,Communist Party of Bangladesh (CPB),0
Gazipur 4,Md. Kazim Uddn,Islami Andolan Bangladesh (IAB),0
Gazipur 4,Md. Shafiullah,Independent Candidate (Independent),0
Gazipur 4,Md. Zakir Hossain,Amjanatar Dol,0
Gazipur 4,Monir Hossain,National People's Party (NPP),0
Gazipur 4,Salah Uddin,Bangladesh Jamaat-e-Islami (Jamaat),101779
Gazipur 4,Shah Reazul Hannan,Bangladesh Nationalist Party (BNP),90390
Gazipur 5,A. K. M. Fazlul Haque Milan,Bangladesh Nationalist Party (BNP),133869
Gazipur 5,Gazi Ataur Rahman,Islami Andolan Bangladesh (IAB),0
Gazipur 5,Md. Al Amin Dewan,Bangladesh Islami Front (BIF),0
Gazipur 5,Md. Azam Khan,Janotar Dol,0
Gazipur 5,Md. Kajal Bhuyia,Gono Forum (GF),0
Gazipur 5,Md. Khairul Hassan,Bangladesh Jamaat-e-Islami (Jamaat),78123
Gopalganj 1,Asarful Alam,Independent Candidate (Independent),0
Gopalganj 1,M. Anisul Islam,Independent Candidate (Independent),0
Gopalganj 1,Md. Kabir Mia,Gono Odhikar Parishad (GOP),54329
Gopalganj 1,Md. Mizanur Rahman,Islami Andolan Bangladesh (IAB),0
Gopalganj 1,Md. Qayyum Ali Khan,Independent Candidate (Independent),0
Gopalganj 1,Md. Selimuzzaman Molla,Bangladesh Nationalist Party (BNP),69462
Gopalganj 1,Md. Abdul Hamid Molla,Bangladesh Jamaat-e-Islami (Jamaat),0
Gopalganj 1,Nirod Baron Mazumdar,Communist Party of Bangladesh (CPB),0
Gopalganj 1,Sultan Jaman Khan,Jatiya Party (JaPa),0
Gopalganj 2,Din Md.,Gono Odhikar Parishad (GOP),0
Gopalganj 2,K. M. Babar,Bangladesh Nationalist Party (BNP),40048
Gopalganj 2,Kamruzzaman Bhuiyan,Independent Candidate (Independent),0
Gopalganj 2,M. H. Khan Manju,Independent Candidate (Independent),33039
Gopalganj 2,Mahamud Hasan,Zaker Party (ZP),0
Gopalganj 2,Md. Sirajul Islam Siraj,Independent Candidate (Independent),0
Gopalganj 2,Rone Molla,Independent Candidate (Independent),0
Gopalganj 2,Shah Mofiz,Gono Forum (GF),0
Gopalganj 2,Shipon Bhuiyan,Independent Candidate (Independent),0
Gopalganj 2,Shuaib Ibrahim,Khelafat Majlis,0
Gopalganj 2,Taslim Sikder,Islami Andolan Bangladesh (IAB),0
Gopalganj 2,Utpal Biswas,Independent Candidate (Independent),0
Gopalganj 3,Abdul Aziz,Khelafat Majlis,0
Gopalganj 3,Abul Bashar,Gono Odhikar Parishad (GOP),0
Gopalganj 3,Dulal Chandra Biwas,Gono Forum (GF),0
Gopalganj 3,Gobinda Chandra Pramanik,Independent Candidate (Independent),34339
Gopalganj 3,Md. Habibur Rahman,Independent Candidate (Independent),0
Gopalganj 3,Md. Maruf Sheikh,Islami Andolan Bangladesh (IAB),0
Gopalganj 3,S. M. Zilany,Bangladesh Nationalist Party (BNP),60991
Gopalganj 3,Sk. Sala Uddin,National People's Party (NPP),0
Habiganj 1,Kazi Tofael Ahmed,Jatiya Samajtantrik Dal (JSD),0
Habiganj 1,Sirajul Islam,Khelafat Majlis,56132
Habiganj 1,Md. Badrur Reza,Bangladesh Islami Front (BIF),0
Habiganj 1,Reza Kibria,Bangladesh Nationalist Party (BNP),111999
Habiganj 1,Sheikh Shujat Mia,Independent Candidate (Independent),0
Habiganj 2,Abdul Basit Azad,Khelafat Majlis,65762
Habiganj 2,Abdul Muktadir Chowdhury,Jatiya Party (JaPa),0
Habiganj 2,Abu Mansur Sakhawat Hasan,Bangladesh Nationalist Party (BNP),126583
Habiganj 2,Afsar Ahmed,Independent Candidate (Independent),0
Habiganj 2,Lukman Ahmed Talukder,Bangladesh Samajtantrik Dal (Basad),0
Habiganj 3,Abdul Mumin Chowdhury,Jatiya Party (JaPa),1259
Habiganj 3,Alhaj Md. G. K. Gaus,Bangladesh Nationalist Party (BNP),142348
Habiganj 3,Kazi Mohsin Ahmed,Bangladesh Jamaat-e-Islami (Jamaat),45568
Habiganj 3,Md. Shahinur Rahman,Bangladesh Sangskritik Muktijote (BSM),132
Habiganj 3,Mohib Uddin Ahmed Sohel,Islami Andolan Bangladesh (IAB),5443
Habiganj 3,S. M. Sarwar,Bangladesh Islami Front (BIF),14133
Habiganj 4,Ahmed Abdul Quader,Khelafat Majlis,26466
Habiganj 4,Md. Gias Uddin,Bangladesh Islami Front (BIF),84323
Habiganj 4,Md. Mizanur Rahman Chowdhury,Independent Candidate (Independent),652
Habiganj 4,Md. Mujibur Rahman,Bangladesh Samajtantrik Dal (Basad),329
Habiganj 4,Md. Rashedul Islam Khokon,Bangladesh Sangskritik Muktijote (BSM),484
Habiganj 4,Md. Rezaul Mostafa,Insaniyat Biplob Bangladesh (IBB),484
Habiganj 4,S. M. Faisal,Bangladesh Nationalist Party (BNP),188072
Habiganj 4,Saleh Ahmed Sajan,Independent Candidate (Independent),619
Habiganj 4,Shah Md. Al Amin,Bangladesh Muslim League (BML),536
Jamalpur 1,A. K. M. Fazlul Hoque,Jatiya Party (JaPa),0
Jamalpur 1,M. Rashiduzzaman Millat,Bangladesh Nationalist Party (BNP),173656
Jamalpur 1,Md. Abdur Rouf Talukder,Islami Andolan Bangladesh (IAB),0
Jamalpur 1,Md. Nazmul Haque Sayeedi,Bangladesh Jamaat-e-Islami (Jamaat),97820
Jamalpur 2,A. E. Sultan Mahmud Babu,Bangladesh Nationalist Party (BNP),95860
Jamalpur 2,Md. Samiul Haque,Bangladesh Jamaat-e-Islami (Jamaat),62434
Jamalpur 2,Sultan Mahmud,Islami Andolan Bangladesh (IAB),0
Jamalpur 3,Farzana Forid,Independent Candidate (Independent),0
Jamalpur 3,Fidel Naim,Ganosanhati Andolan (GSA),0
Jamalpur 3,Liton Mia,Gono Odhikar Parishad (GOP),0
Jamalpur 3,Md. Mujibur Rahman Azadi,Bangladesh Jamaat-e-Islami (Jamaat),81430
Jamalpur 3,Md. Mustafizur Rahman Babul,Bangladesh Nationalist Party (BNP),207412
Jamalpur 3,Md. Sadikur Rahman,Independent Candidate (Independent),0
Jamalpur 3,Mir Samsul Alam,Jatiya Party (JaPa),0
Jamalpur 3,Md. Daulatuzzaman Ansary,Islami Andolan Bangladesh (IAB),0
Jamalpur 3,Shiblul Bari Raju,Independent Candidate (Independent),0
Jamalpur 4,Kabir Hassan,Nagorik Oikya (NO),0
Jamalpur 4,Md. Ali Akbor,Islami Andolan Bangladesh (IAB),0
Jamalpur 4,Md. Faridul Kabir Talukder,Bangladesh Nationalist Party (BNP),147406
Jamalpur 4,Md. Iqbal Hossain,Gono Odhikar Parishad (GOP),0
Jamalpur 4,Md. Mahbub Jaman Jewel,Communist Party of Bangladesh (CPB),0
Jamalpur 5,Abu Sayem Md. Saadat Ul Karim,Bangladesh Congress,0
Jamalpur 5,Jakir Hossain,Gono Odhikar Parishad (GOP),0
Jamalpur 5,Md. Amir Uddin,Jatiya Samajtantrik Dal (JSD),0
Jamalpur 5,Md. Babar Ali Khan,Jatiya Party (Manju) (JP–Manju),0
Jamalpur 5,Md. Abdus Sattar,Bangladesh Jamaat-e-Islami (Jamaat),113201
Jamalpur 5,Shah Md. Wares Ali Mamun,Bangladesh Nationalist Party (BNP),199344
Jamalpur 5,Shekh Md. Akkas Ali,Communist Party of Bangladesh (CPB),0
Jamalpur 5,Syed Younus Ahmed,Islami Andolan Bangladesh (IAB),0
Jashore 1,Md. Baktiar Rahman,Islami Andolan Bangladesh (IAB),1768
Jashore 1,Md. Jahangir Alam Chanchal,Jatiya Party (JaPa),1398
Jashore 1,Md. Nuruzzaman Liton,Bangladesh Nationalist Party (BNP),93542
Jashore 1,Md. Azizur Rahman,Bangladesh Jamaat-e-Islami (Jamaat),119093
Jashore 2,Md. Idris Ali,Islami Andolan Bangladesh (IAB),5781
Jashore 2,Md. Imran Khan,Bangladesh Samajtantrik Dal (Basad),472
Jashore 2,Md. Mehedi Hasan,Independent Candidate (Independent),389
Jashore 2,Md. Shamsul Haque,Bangladesh Nationalist Front (BNF),233
Jashore 2,Md. Zahurul Islam,Independent Candidate (Independent),188
Jashore 2,Md. Moslehuddin Farid,Bangladesh Jamaat-e-Islami (Jamaat),180965
Jashore 2,Mst. Sabira Sultana,Bangladesh Nationalist Party (BNP),146447
Jashore 2,Ripon Mahmud,Amar Bangladesh Party (AB),416
Jashore 3,Anindya Islam Amit,Bangladesh Nationalist Party (BNP),201339
Jashore 3,Md. Abdul Quader,Bangladesh Jamaat-e-Islami (Jamaat),187463
Jashore 3,Md. Khabir Gazi,Jatiya Party (JaPa),0
Jashore 3,Md. Nizamuddin Amit,Jatiya Ganatantrik Party (JAGPA),0
Jashore 3,Md. Rashed Khan,Communist Party of Bangladesh (CPB),0
Jashore 3,Md. Shoaib Hossain,Islami Andolan Bangladesh (IAB),0
Jashore 4,Bayezid Hossain,Islami Andolan Bangladesh (IAB),0
Jashore 4,M. Nazim Uddin Al Azad,Independent Candidate (Independent),0
Jashore 4,Maolana Ashek Elahi,Khelafat Majlis,0
Jashore 4,Matiar Rahman Faraji,Bangladesh Nationalist Party (BNP),131917
Jashore 4,Md. Golam Rasul,Bangladesh Jamaat-e-Islami (Jamaat),176912
Jashore 4,Md. Zahurul Haque,Jatiya Party (JaPa),0
Jashore 4,Sukriti Kumar Mandal,Bangladesh Minority Janata Party (BMJP),0
Jashore 5,Gazi Enamul Haque,Bangladesh Jamaat-e-Islami (Jamaat),132876
Jashore 5,M. A. Halim,Jatiya Party (JaPa),0
Jashore 5,Md. Joynal Abedin,Islami Andolan Bangladesh (IAB),0
Jashore 5,Md. Kamruzzaman,Independent Candidate (Independent),0
Jashore 5,Rashid Ahmad,Bangladesh Nationalist Party (BNP),54875
Jashore 5,Shaheed Md. Iqbal Hossain,Independent Candidate (Independent),0
Jashore 6,Abul Hossain Azad,Bangladesh Nationalist Party (BNP),80141
Jashore 6,Gm Hassan,Jatiya Party (JaPa),0
Jashore 6,Md. Mahmud Hasan,Amar Bangladesh Party (AB),0
Jashore 6,Md. Moktar Ali,Bangladesh Jamaat-e-Islami (Jamaat),92234
Jashore 6,Md. Shahidul Islam,Islami Andolan Bangladesh (IAB),0
Jhalokathi 1,Fayzul Huq,Bangladesh Jamaat-e-Islami (Jamaat),55120
Jhalokathi 1,Ibrahim,Islami Andolan Bangladesh (IAB),0
Jhalokathi 1,M. Moyeen Alam Firozee,Independent Candidate (Independent),0
Jhalokathi 1,Md. Jashim Uddin Talukder,Janotar Dol,0
Jhalokathi 1,Md. Kamruzzaman Khan,Jatiya Party (JaPa),0
Jhalokathi 1,Md. Rubel Howlader,Jatiya Party (Manju) (JP–Manju),0
Jhalokathi 1,Md. Shabbir Ahmed,Independent Candidate (Independent),0
Jhalokathi 1,Md. Shahadat Hossain,Gono Odhikar Parishad (GOP),0
Jhalokathi 1,Md. Sohrab Hossain,Jatiya Samajtantrik Dal (JSD),0
Jhalokathi 1,Rafiqul Islam Jamal,Bangladesh Nationalist Party (BNP),62010
Jhalokathi 2,Esrat Sultana Elen Bhutto,Bangladesh Nationalist Party (BNP),113419
Jhalokathi 2,Forkan Hossain,National People's Party (NPP),0
Jhalokathi 2,Masud Parvez,Jatiya Samajtantrik Dal (JSD),0
Jhalokathi 2,Md. Mahmudul Islam Sagor,Gono Odhikar Parishad (GOP),0
Jhalokathi 2,Md. Nuruddin Sarder,Independent Candidate (Independent),0
Jhalokathi 2,Md. Sirajul Islam Siraji,Islami Andolan Bangladesh (IAB),0
Jhalokathi 2,Sm Neamul Karim,Bangladesh Jamaat-e-Islami (Jamaat),70556
Jhalokathi 2,Syed Razzaque Ali,Independent Candidate (Independent),0
Jhenaidah 1,Abu Salah Md. Motiur Rahman,Bangladesh Jamaat-e-Islami (Jamaat),57055
Jhenaidah 1,Md. Asaduzzaman,Bangladesh Nationalist Party (BNP),173381
Jhenaidah 1,Md. Motiar Rahman,Amar Bangladesh Party (AB),0
Jhenaidah 1,Md. Shedul Enam Pallob Mia,Socialist Party of Bangladesh (Marxist) (SPB-M),0
Jhenaidah 1,Monika Alam,Jatiya Party (JaPa),0
Jhenaidah 2,Ali Azam Md. Abu Bakr,Bangladesh Jamaat-e-Islami (Jamaat),195702
Jhenaidah 2,H. M. Momtazur Rahman,Islami Andolan Bangladesh (IAB),0
Jhenaidah 2,Md. Abdul Mazid,Bangladesh Nationalist Party (BNP),175984
Jhenaidah 2,Md. Abu Toab,Communist Party of Bangladesh (CPB),0
Jhenaidah 2,Md. Assadul Islam,Bangladesh Samajtantrik Dal (Basad),0
Jhenaidah 2,Shawgatul Islam,Jatiya Party (JaPa),0
Jhenaidah 3,Mao. Sorwar Hossain,Islami Andolan Bangladesh (IAB),0
Jhenaidah 3,Md. Motiar Rahman,Bangladesh Jamaat-e-Islami (Jamaat),175857
Jhenaidah 3,Md. Sumon Kabir,Gono Odhikar Parishad (GOP),0
Jhenaidah 3,Md. Mahadi Hassan,Bangladesh Nationalist Party (BNP),149821
Jhenaidah 4,Abdul Jalil,Islami Andolan Bangladesh (IAB),0
Jhenaidah 4,Amdadul Islam,Jatiya Party (JaPa),0
Jhenaidah 4,Khania Khanam,Gono Forum (GF),0
Jhenaidah 4,Md. Abu Taleb,Bangladesh Jamaat-e-Islami (Jamaat),105999
Jhenaidah 4,Md. Rashed Khan,Bangladesh Nationalist Party (BNP),0
Jhenaidah 4,Md. Saiful Islam Firoz,Independent Candidate (Independent),77140
Joypurhat 1,Md. Fazlur Rahman Sayed,Bangladesh Jamaat-e-Islami (Jamaat),165192
Joypurhat 1,Md. Masud Rana Prodhan,Bangladesh Nationalist Party (BNP),155309
Joypurhat 1,Md. Wazed Pervaz,Bangladesh Samajtantrik Dal (Basad),0
Joypurhat 1,Sabekun Nahar,Independent Candidate (Independent),0
Joypurhat 1,Toufiqua Dewan,Socialist Party of Bangladesh (Marxist) (SPB-M),0
Joypurhat 2,Md. Abdul Bari,Bangladesh Nationalist Party (BNP),158065
Joypurhat 2,S. A. Jahid,Amar Bangladesh Party (AB),1555
Joypurhat 2,Sm Rashedul Alom,Bangladesh Jamaat-e-Islami (Jamaat),92517
Khagrachhari 1,Abdul Wadud Bhuiyan,Bangladesh Nationalist Party (BNP),151040
Khagrachhari 1,Dharma Jyoti Chakma,Independent Candidate (Independent),68315
Khagrachhari 1,Dinmoy Roaza,Gono Odhikar Parishad (GOP),0
Khagrachhari 1,Jiruna Tripura,Independent Candidate (Independent),0
Khagrachhari 1,Md. Eyakub Ali,Bangladesh Jamaat-e-Islami (Jamaat),0
Khagrachhari 1,Md. Kowsar,Islami Andolan Bangladesh (IAB),0
Khagrachhari 1,Md. Mostafa,Bangladesh Muslim League (BML),0
Khagrachhari 1,Md. Nur Islam,Insaniyat Biplob Bangladesh (IBB),0
Khagrachhari 1,Mithila Raoza,Jatiya Party (JaPa),0
Khagrachhari 1,Samiran Dewan,Independent Candidate (Independent),0
Khagrachhari 1,Usheapru Marma,Bangladesh Minority Janata Party (BMJP),0
Khulna 1,Achintya Kumar Mondal,Independent Candidate (Independent),0
Khulna 1,Amir Ezaz Khan,Bangladesh Nationalist Party (BNP),121352
Khulna 1,G. M. Rokonuzzaman,Gono Odhikar Parishad (GOP),0
Khulna 1,Gobindo Haldar,Independent Candidate (Independent),0
Khulna 1,Kishore Kumar Ray,Communist Party of Bangladesh (CPB),0
Khulna 1,Krishno Nandy,Bangladesh Jamaat-e-Islami (Jamaat),70346
Khulna 1,Md. Abu Saeed,Islami Andolan Bangladesh (IAB),0
Khulna 1,Md. Jahangir Hossain,Jatiya Party (JaPa),0
Khulna 1,Probir Gopal Roy,Bangladesh Minority Janata Party (BMJP),0
Khulna 1,Prosenjit Dutta,Jatiya Samajtantrik Dal (JSD),0
Khulna 1,Subrota Mondol,Bangladesh Somo Odhikar Party (BEP),0
Khulna 1,Sunil Shuvo Roy,Bangladesh Islami Front (BIF),0
Khulna 2,Amanullah,Islami Andolan Bangladesh (IAB),0
Khulna 2,Nazrul Islam Manju,Bangladesh Nationalist Party (BNP),88197
Khulna 2,Sk. Zahangir Hossain Helal,Bangladesh Jamaat-e-Islami (Jamaat),93789
Khulna 3,Janardon Datta,Bangladesh Samajtantrik Dal (Basad),0
Khulna 3,Md. Abdul Aual,Islami Andolan Bangladesh (IAB),0
Khulna 3,Md. Abdullah Al Mamun,Jatiya Party (JaPa),0
Khulna 3,Md. Abul Hasnat Siddiqui,Independent Candidate (Independent),0
Khulna 3,Md. Murad Khan Liton,Independent Candidate (Independent),0
Khulna 3,Md. Mahfuzur Rahman,Bangladesh Jamaat-e-Islami (Jamaat),66010
Khulna 3,Moyain Md. Mayaz,Independent Candidate (Independent),0
Khulna 3,Rakibul Islam,Bangladesh Nationalist Party (BNP),74845
Khulna 3,S. M. Arifur Rahman,Independent Candidate (Independent),0
Khulna 3,Sk Arman Hossain,Nationalist Democratic Movement (NDM),0
Khulna 4,Azizul Baree Helal,Bangladesh Nationalist Party (BNP),123162
Khulna 4,S. M. Sakhawat Hossain,Khelafat Majlis,109530
Khulna 4,S. M. Azmal Hossain,Independent Candidate (Independent),0
Khulna 4,Younus Ahammad Sheikh,Islami Andolan Bangladesh (IAB),0
Khulna 5,Chitta Ranjan Golder,Communist Party of Bangladesh (CPB),0
Khulna 5,Mia Golam Porwar,Bangladesh Jamaat-e-Islami (Jamaat),146246
Khulna 5,Md. Ali Asghar,Bangladesh Nationalist Party (BNP),148854
Khulna 5,Shamim Ara Parvin,Jatiya Party (JaPa),0
Khulna 6,Md. Abul Kalam Azad,Bangladesh Jamaat-e-Islami (Jamaat),150724
Khulna 6,Md. Asadullah Fakir,Islami Andolan Bangladesh (IAB),0
Khulna 6,Md. Mostafa Kamal Jahangir,Jatiya Party (JaPa),0
Khulna 6,Prosanto Kumar Mondal,Communist Party of Bangladesh (CPB),0
Khulna 6,S. M. Monirul Hassan,Bangladesh Nationalist Party (BNP),124710
Kishoreganj 1,Ahmad Ali,Khelafat Majlis,0
Kishoreganj 1,Alal Mia,Socialist Party of Bangladesh (Marxist) (SPB-M),0
Kishoreganj 1,Hedayatullah Hadi,Khelafat Majlis,101132
Kishoreganj 1,Md. Enamul Haque,Communist Party of Bangladesh (CPB),0
Kishoreganj 1,Md. Masud Mia,Bangladesh Samajtantrik Dal (Basad),0
Kishoreganj 1,Md. Rezaul Karim Khan,Independent Candidate (Independent),0
Kishoreganj 1,Md. Mazharul Islam,Bangladesh Nationalist Party (BNP),124035
Kishoreganj 1,Tarek Md. Shohidul Islam,National People's Party (NPP),0
Kishoreganj 2,Advocat Md. Jalal Uddin,Bangladesh Nationalist Party (BNP),143669
Kishoreganj 2,Md. Abul Basar Rajoan,Islami Andolan Bangladesh (IAB),0
Kishoreganj 2,Md. Afzal Hussain Bhuyan,Jatiya Party (JaPa),0
Kishoreganj 2,Md. Anisuzzaman Khokon,Independent Candidate (Independent),0
Kishoreganj 2,Md. Billal Hossain,Bangladesh Nationalist Front (BNF),0
Kishoreganj 2,Md. Safiqul Islam,Gono Odhikar Parishad (GOP),0
Kishoreganj 2,Mohammed Shafiqul Islam,Bangladesh Jamaat-e-Islami (Jamaat),120975
Kishoreganj 2,Nuruddin Ahmed,Independent Candidate (Independent),0
Kishoreganj 3,A. K. M. Alamgir,Independent Candidate (Independent),0
Kishoreganj 3,Deluare Hossain Bhuiyan,Ganatantri Party (GP),0
Kishoreganj 3,Md. Osman Farruk,Bangladesh Nationalist Party (BNP),112466
Kishoreganj 3,Md. Abu Bokor Siddiqui,Jatiya Party (JaPa),0
Kishoreganj 3,Md. Alomgir Hossain,Islami Andolan Bangladesh (IAB),0
Kishoreganj 3,Md. Aminul Islam,National People's Party (NPP),0
Kishoreganj 3,Zehad Khan,Bangladesh Jamaat-e-Islami (Jamaat),102476
Kishoreganj 4,Billal Ahmed Majumder,Islami Andolan Bangladesh (IAB),0
Kishoreganj 4,Kazi Reha Kabir,Independent Candidate (Independent),0
Kishoreganj 4,Khairul Islam Thakur,Khelafat Majlis,0
Kishoreganj 4,Md. Fazlur Rahman,Bangladesh Nationalist Party (BNP),132472
Kishoreganj 4,Md. Joynal Abdin,National People's Party (NPP),0
Kishoreganj 4,Md. Rokan Reza Sheikh,Bangladesh Jamaat-e-Islami (Jamaat),57829
Kishoreganj 4,Md. Shaheen Reza Chowdhury,Independent Candidate (Independent),0
Kishoreganj 4,Nurul Islam,Insaniyat Biplob Bangladesh (IBB),0
Kishoreganj 5,A. H. M. Quaiyum,Independent Candidate (Independent),0
Kishoreganj 5,Md. Mahabobul Alam,Jatiya Party (JaPa),0
Kishoreganj 5,Md. Ramjan Ali,Bangladesh Jamaat-e-Islami (Jamaat),0
Kishoreganj 5,Md. Sajjad Hossain,Bangladesh Muslim League (BML),0
Kishoreganj 5,Md. Wali Ullah,Bangladesh Islami Front (BIF),0
Kishoreganj 5,Md. Delawar Hossain,Islami Andolan Bangladesh (IAB),0
Kishoreganj 5,Sayed Ehsanul Huda,Bangladesh Nationalist Party (BNP),66450
Kishoreganj 5,Sk Mozibur Rahman Iqbal,Independent Candidate (Independent),79604
Kishoreganj 6,Ataullah Amin,Khelafat Majlis,44095
Kishoreganj 6,Md. Habil Mia,Communist Party of Bangladesh (CPB),0
Kishoreganj 6,Md. Rubel Hossain,Bangladesh Islami Front (BIF),0
Kishoreganj 6,Md. Shariful Alam,Bangladesh Nationalist Party (BNP),187159
Kishoreganj 6,Mohammed Ayub Hussain,Jatiya Party (JaPa),0
Kishoreganj 6,Md. Musa Khan,Islami Andolan Bangladesh (IAB),0
Kishoreganj 6,Naimul Hasan,Insaniyat Biplob Bangladesh (IBB),0
Kishoreganj 6,Nazrul Islam,National People's Party (NPP),0
Kishoreganj 6,Shafi Uddin Ahmed,Gono Forum (GF),0
Kurigram 1,A. K. M. Mostafizur Rahman,Jatiya Party (JaPa),0
Kurigram 1,Md. Abdul Hye,Zaker Party (ZP),0
Kurigram 1,Md. Anwarul Islam,Bangladesh Jamaat-e-Islami (Jamaat),141090
Kurigram 1,Md. Bin Yamin Molla,Gono Odhikar Parishad (GOP),0
Kurigram 1,Md. Haresul Bari,Islami Andolan Bangladesh (IAB),0
Kurigram 1,Saifur Rahman Rana,Bangladesh Nationalist Party (BNP),123025
Kurigram 2,Atiqur Rahman Mujahid,National Citizen Party (NCP),178869
Kurigram 2,Md. Atiqur Rahman,Bangladesh Jatiya Party (BJP),0
Kurigram 2,Md. Nazrul Islam Khan,Amar Bangladesh Party (AB),0
Kurigram 2,Md. Nur Bakta Mian,Islami Andolan Bangladesh (IAB),0
Kurigram 2,Md. Sohel Hosnain Kaikobad,Bangladesh Nationalist Party (BNP),170335
Kurigram 2,Md. Abdus Salam,Nagorik Oikya (NO),0
Kurigram 2,Noor Md.,Communist Party of Bangladesh (CPB),0
Kurigram 2,Panir Uddin Ahmed,Jatiya Party (JaPa),0
Kurigram 3,Abdus Sobhan,Jatiya Party (JaPa),0
Kurigram 3,Md. Akkas Ali Sarkar,Islami Andolan Bangladesh (IAB),0
Kurigram 3,Md. Mahbubul Alam,Bangladesh Jamaat-e-Islami (Jamaat),107930
Kurigram 3,Sarker Md. Nure Ershad Siddiki,Gono Odhikar Parishad (GOP),0
Kurigram 3,Tasvir Ul Islam,Bangladesh Nationalist Party (BNP),79352
Kurigram 4,K. M. Fazlul Haque Mandul,Jatiya Party (JaPa),0
Kurigram 4,Md. Azizur Rahman,Bangladesh Nationalist Party (BNP),84423
Kurigram 4,Md. Hafizur Rahman,Islami Andolan Bangladesh (IAB),0
Kurigram 4,Md. Mostafizur Rahman,Bangladesh Jamaat-e-Islami (Jamaat),108210
Kurigram 4,Md. Ruknuzzaman,Independent Candidate (Independent),0
Kurigram 4,Raju Ahmed,Socialist Party of Bangladesh (Marxist) (SPB-M),0
Kurigram 4,Sheake Md. Abdul Khaleque,Bangladesh Samajtantrik Dal (Basad),0
Kushtia 1,Md. Aminul Islam,Islami Andolan Bangladesh (IAB),0
Kushtia 1,Md. Badiruzzaman,Bangladesh Islami Front (BIF),0
Kushtia 1,Md. Gias Uddin,Jatiya Samajtantrik Dal (JSD),0
Kushtia 1,Md. Nuruzzaman,Independent Candidate (Independent),0
Kushtia 1,Md. Sahabul Islam,Gono Odhikar Parishad (GOP),0
Kushtia 1,Md. Shahriar Jamil,Jatiya Party (JaPa),0
Kushtia 1,Muhommad Belal Uddin,Bangladesh Jamaat-e-Islami (Jamaat),86682
Kushtia 1,Reza Ahammed,Bangladesh Nationalist Party (BNP),165909
Kushtia 2,Md. Abdul Gafur,Bangladesh Jamaat-e-Islami (Jamaat),192083
Kushtia 2,Md. Babul Aktar,Bangladesh Islami Front (BIF),0
Kushtia 2,Md. Ali,Islami Andolan Bangladesh (IAB),0
Kushtia 2,Noor Uddin Ahmed,Communist Party of Bangladesh (CPB),0
Kushtia 2,Raghib Rauf Chowdhury,Bangladesh Nationalist Party (BNP),143821
Kushtia 3,Md. Abdullah Akhunda,Islami Andolan Bangladesh (IAB),0
Kushtia 3,Md. Amir Hamza,Bangladesh Jamaat-e-Islami (Jamaat),180690
Kushtia 3,Md. Zakir Hossain Sarker,Bangladesh Nationalist Party (BNP),126909
Kushtia 3,Mir Najmul Islam,Bangladesh Samajtantrik Dal (Basad),0
Kushtia 3,Mohd. Shariful Islam,Gono Odhikar Parishad (GOP),0
Kushtia 3,Mst. Rumpa Khatun,Bangladesh Republican Party (BRP),0
Kushtia 4,Anwar Khan,Islami Andolan Bangladesh (IAB),0
Kushtia 4,Md. Abdul Hakim Mia,Gono Forum (GF),0
Kushtia 4,Md. Afjal Hossain,Bangladesh Jamaat-e-Islami (Jamaat),148201
Kushtia 4,Md. Sohidul Islam,Bangladesh Labour Party,0
Kushtia 4,Syed Mehdi Ahmed Roomy,Bangladesh Nationalist Party (BNP),139603
Kushtia 4,Tarun Kumar Ghosh,Bangladesh Minority Janata Party (BMJP),0
Lakshmipur 1,Md. Alamgir Hossain,Nationalist Democratic Movement (NDM),0
Lakshmipur 1,Md. Billal Hossain,Bangladesh Samajtantrik Dal (Basad),0
Lakshmipur 1,Md. Kausar Alam,Gono Odhikar Parishad (GOP),0
Lakshmipur 1,Md. Mahbub Alam,National Citizen Party (NCP),59265
Lakshmipur 1,Md. Shahadat Hossain,Bangladesh Nationalist Party (BNP),86811
Lakshmipur 1,Md. Zakir Hossain Patwary,Islami Andolan Bangladesh (IAB),0
Lakshmipur 1,Md. Mahmudur Rahman Mahmud,Jatiya Party (JaPa),0
Lakshmipur 2,Abul Bashar,Gono Odhikar Parishad (GOP),0
Lakshmipur 2,Helal Uddin,Islami Andolan Bangladesh (IAB),0
Lakshmipur 2,Md. Abul Khair Bhuiyan,Bangladesh Nationalist Party (BNP),146321
Lakshmipur 2,Md. Farhad Mia,Bangladesh Kallyan Party (BKP),0
Lakshmipur 2,Md. Ibrahim Mia,Bangladesh Supreme Party (BSP),0
Lakshmipur 2,Md. Rezaul Karim,Nagorik Oikya (NO),0
Lakshmipur 2,S. U. M. Ruhul Amin Bhuiyan,Bangladesh Jamaat-e-Islami (Jamaat),133698
Lakshmipur 3,A. K. M. Mohi Uddin,Jatiya Party (JaPa),0
Lakshmipur 3,Md. Ibrahim,Islami Andolan Bangladesh (IAB),0
Lakshmipur 3,Md. Rezaul Karim,Bangladesh Jamaat-e-Islami (Jamaat),122802
Lakshmipur 3,Md. Shahiduddin Chowdhury Annie,Bangladesh Nationalist Party (BNP),135612
Lakshmipur 3,Md. Shamsuddin,Bangladesh Liberal Democratic Party (LDP),0
Lakshmipur 3,Salim Mahmud,National People's Party (NPP),0
Lakshmipur 4,A. B. M. Ashraf Uddin,Bangladesh Nationalist Party (BNP),115199
Lakshmipur 4,Anam Manzoor Morshed,Independent Candidate (Independent),0
Lakshmipur 4,Khaled Saifullah,Islami Andolan Bangladesh (IAB),0
Lakshmipur 4,Md. Ashrafur Rahman Hafizullah,Bangladesh Jamaat-e-Islami (Jamaat),73756
Lakshmipur 4,Md. Redwan Ullah,Gono Odhikar Parishad (GOP),0
Lakshmipur 4,Milan Krishna Mandal,Bangladesh Samajtantrik Dal (Basad),0
Lakshmipur 4,Nurul Huda Chowdhury,Independent Candidate (Independent),0
Lakshmipur 4,Sharaf Uddin Azad,Independent Candidate (Independent),0
Lakshmipur 4,Tania Robb,Jatiya Samajtantrik Dal (JSD),0
Lalmonirhat 1,Abu Sama Md. Redwanul Haque,Independent Candidate (Independent),0
Lalmonirhat 1,Habib Md. Farooq,Jatiya Samajtantrik Dal (JSD),0
Lalmonirhat 1,Md. Anwarul Islam Raju,Bangladesh Jamaat-e-Islami (Jamaat),129572
Lalmonirhat 1,Md. Hasan Rajib Prodhan,Bangladesh Nationalist Party (BNP),138686
Lalmonirhat 1,Md. Mashiur Rahman Ranga,Jatiya Party (JaPa),0
Lalmonirhat 1,Md. Rezaul Karim Sarkar,Independent Candidate (Independent),0
Lalmonirhat 1,Md. Shuvo Ahmed,Bangladesh Labour Party,0
Lalmonirhat 1,Md. Fazlul Karim Shaharia,Islami Andolan Bangladesh (IAB),0
Lalmonirhat 1,Shihab Ahmed,Independent Candidate (Independent),0
Lalmonirhat 2,Md. Elahan Uddin,Jatiya Party (JaPa),0
Lalmonirhat 2,Md. Firoz Haider,Bangladesh Jamaat-e-Islami (Jamaat),117252
Lalmonirhat 2,Md. Mahfuzur Rahman,Islami Andolan Bangladesh (IAB),0
Lalmonirhat 2,Md. Momtaz Ali,Independent Candidate (Independent),0
Lalmonirhat 2,Md. Rokon Uddin Babul,Bangladesh Nationalist Party (BNP),123946
Lalmonirhat 2,Md. Shamim Kamal,Janotar Dol,0
Lalmonirhat 2,Nimai Chandra Roy,Communist Party of Bangladesh (CPB),0
Lalmonirhat 3,Asadul Habib Dulu,Bangladesh Nationalist Party (BNP),139651
Lalmonirhat 3,Deepak Kumar Roy,Ganosanhati Andolan (GSA),0
Lalmonirhat 3,Madhu Sudan Roy,Communist Party of Bangladesh (CPB),0
Lalmonirhat 3,Md. Abu Taher,Bangladesh Jamaat-e-Islami (Jamaat),56244
Lalmonirhat 3,Md. Aminul Islam,Islami Andolan Bangladesh (IAB),0
Lalmonirhat 3,Md. Zahid Hasan,Jatiya Party (JaPa),0
Madaripur 1,Abdul Ali,Communist Party of Bangladesh (CPB),0
Madaripur 1,Akram Hossain,Islami Andolan Bangladesh (IAB),0
Madaripur 1,Kamal Zaman Molla,Independent Candidate (Independent),0
Madaripur 1,Md. Hafizur Rahman,Bangladesh Labour Party,0
Madaripur 1,Md. Imran Hasan,Independent Candidate (Independent),0
Madaripur 1,Md. Zahirul Islam Mintu,Jatiya Party (JaPa),0
Madaripur 1,Nadira Akhter,Bangladesh Nationalist Party (BNP),64524
Madaripur 1,Rajib Molla,Gono Odhikar Parishad (GOP),0
Madaripur 1,Sajjad Hossain Siddiqui,Independent Candidate (Independent),0
Madaripur 1,Sayed Uddin Ahmad Hanzala,Khelafat Majlis,64909
Madaripur 2,Abdus Sobahan,Khelafat Majlis,0
Madaripur 2,Ali Ahmad Chowdhury,Islami Andolan Bangladesh (IAB),0
Madaripur 2,Md. Jahandar Ali Mia,Bangladesh Nationalist Party (BNP),61744
Madaripur 2,Md. Mohidul Islam,Jatiya Party (JaPa),0
Madaripur 2,Md. Reazul Islam,Independent Candidate (Independent),0
Madaripur 2,Milton Baidya,Independent Candidate (Independent),46476
Madaripur 2,Md. Didar Hossain,Socialist Party of Bangladesh (Marxist) (SPB-M),0
Madaripur 2,Muha Kamrul Islam Sayed,Independent Candidate (Independent),0
Madaripur 2,Shahidul Islam Khan,Independent Candidate (Independent),0
Madaripur 2,Subal Chandra Majumder,Bangladesh Kallyan Party (BKP),0
Madaripur 3,Aminul Islam,Bangladesh Samajtantrik Dal (Basad),0
Madaripur 3,Anisur Rahman,Bangladesh Nationalist Party (BNP),96188
Madaripur 3,Md. Azizul Haque,Islami Andolan Bangladesh (IAB),0
Madaripur 3,Md. Rafiqul Islam,Bangladesh Jamaat-e-Islami (Jamaat),84646
Madaripur 3,Nitai Chakraborty,Bangladesh Supreme Party (BSP),0
Magura 1,Abdul Matin,Bangladesh Jamaat-e-Islami (Jamaat),89691
Magura 1,Kazi Rezaul Hossain,Bangladesh Congress,821
Magura 1,Md. Khalilur Rahman,Gono Odhikar Parishad (GOP),292
Magura 1,Md. Monowar Hossain,Bangladesh Nationalist Party (BNP),185338
Magura 1,Md. Nazirul Islam,Islami Andolan Bangladesh (IAB),13414
Magura 1,Md. Zakir Hossain Molla,Jatiya Party (JaPa),1767
Magura 1,Shampa Basu,Bangladesh Samajtantrik Dal (Basad),1237
Magura 2,Md. Mushtarshed Billah,Bangladesh Jamaat-e-Islami (Jamaat),117018
Magura 2,Moshiar Rahman,Jatiya Party (JaPa),2947
Magura 2,Mustafa Kamal,Islami Andolan Bangladesh (IAB),16223
Magura 2,Nitai Roy Chowdhury,Bangladesh Nationalist Party (BNP),147896
Manikganj 1,Abu Bakr Siddiqui,Bangladesh Jamaat-e-Islami (Jamaat),71310
Manikganj 1,Md. Khorshed Alam,Islami Andolan Bangladesh (IAB),3247
Manikganj 1,Md. Tozammel Haque,Independent Candidate (Independent),77818
Manikganj 1,Md. Elias Hussain,Gono Odhikar Parishad (GOP),1066
Manikganj 1,Md. Shahjahan Khan,Janotar Dol,283
Manikganj 1,S. A. Jinnah Kabir,Bangladesh Nationalist Party (BNP),137773
Manikganj 2,Md. Salahuddin,Khelafat Majlis,81531
Manikganj 2,Moinul Islam Khan,Bangladesh Nationalist Party (BNP),175776
Manikganj 2,Md. Ali,Islami Andolan Bangladesh (IAB),3847
Manikganj 2,S. M. Abdul Mannan,Jatiya Party (JaPa),7081
Manikganj 3,Abul Bashar Badhsha,Jatiya Party (JaPa),0
Manikganj 3,Afroza Khanam,Bangladesh Nationalist Party (BNP),167345
Manikganj 3,Md. Ataur Rahman Ata,Independent Candidate (Independent),0
Manikganj 3,Md. Shahjahan Ali,Jatiya Samajtantrik Dal (JSD),0
Manikganj 3,Moazzem Hossain Khan Majlish,Jatiya Party (Manju) (JP–Manju),0
Manikganj 3,Mofizul Islam Khan Kamal,Independent Candidate (Independent),0
Manikganj 3,Md. Saeed Noor,Khelafat Majlis,64242
Manikganj 3,Rafiqul Islam Khan,Independent Candidate (Independent),0
Manikganj 3,Shamsuddin,Islami Andolan Bangladesh (IAB),0
Meherpur 1,Masud Arun,Bangladesh Nationalist Party (BNP),105441
Meherpur 1,Md. Abdul Hamid,Jatiya Party (JaPa),0
Meherpur 1,Md. Mijanur Rahman,Communist Party of Bangladesh (CPB),0
Meherpur 1,Md. Tajuddin Khan,Bangladesh Jamaat-e-Islami (Jamaat),123271
Meherpur 2,Md. Abdul Baki,Jatiya Party (JaPa),0
Meherpur 2,Md. Amjad Hossain,Bangladesh Nationalist Party (BNP),85988
Meherpur 2,Md. Nazmul Huda,Bangladesh Jamaat-e-Islami (Jamaat),96306
Moulvibazar 1,Ahmed Riaz Uddin,Jatiya Party (JaPa),0
Moulvibazar 1,Belal Ahmed,Independent Candidate (Independent),0
Moulvibazar 1,Md. Abdun Noor,Gono Odhikar Parishad (GOP),0
Moulvibazar 1,Md. Shariful Islam,Gono Front (GF),0
Moulvibazar 1,Md. Aminul Islam,Bangladesh Jamaat-e-Islami (Jamaat),83013
Moulvibazar 1,Nasir Uddin Ahmed,Bangladesh Nationalist Party (BNP),98282
Moulvibazar 2,Abdul Quddus,Islami Andolan Bangladesh (IAB),0
Moulvibazar 2,M. Jimiur Rahman Chowdhury,Independent Candidate (Independent),0
Moulvibazar 2,Md. Abdul Malik,Jatiya Party (JaPa),0
Moulvibazar 2,Md. Fazlul Haque Khan,Independent Candidate (Independent),0
Moulvibazar 2,Md. Sayed Ali,Bangladesh Jamaat-e-Islami (Jamaat),53458
Moulvibazar 2,Md. Shawkatul Islam,Bangladesh Nationalist Party (BNP),88381
Moulvibazar 2,Nawab Ali Abbas Khan,Independent Candidate (Independent),0
Moulvibazar 2,Sadia Noshin Tasnim Chowdhury,Socialist Party of Bangladesh (Marxist) (SPB-M),0
Moulvibazar 3,Ahmed Bilal,Khelafat Majlis,0
Moulvibazar 3,Jahar Lal Dutt,Communist Party of Bangladesh (CPB),0
Moulvibazar 3,Md. Abdul Mannan,Bangladesh Jamaat-e-Islami (Jamaat),77636
Moulvibazar 3,Nasser Rahman,Bangladesh Nationalist Party (BNP),156757
Moulvibazar 4,Md. Abul Hasan,Bangladesh Samajtantrik Dal (Basad),0
Moulvibazar 4,Md. Mohsin Mia,Independent Candidate (Independent),0
Moulvibazar 4,Md. Mujibur Rahman Chowdhury,Bangladesh Nationalist Party (BNP),169608
Moulvibazar 4,Md. Zarif Hossain,Jatiya Party (JaPa),0
Moulvibazar 4,Pritam Das,National Citizen Party (NCP),0
Moulvibazar 4,Sheikh Noor E Alam Hamidi,Khelafat Majlis,49189
Munshiganj 1,Akm Fakhruddin Raji,Bangladesh Jamaat-e-Islami (Jamaat),101568
Munshiganj 1,Abdur Rahman,Communist Party of Bangladesh (CPB),0
Munshiganj 1,Md. Abdullah,Bangladesh Nationalist Party (BNP),167562
Munshiganj 1,Md. Atiqur Rahman Khan,Islami Andolan Bangladesh (IAB),0
Munshiganj 1,Md. Momin Ali,Independent Candidate (Independent),0
Munshiganj 1,Rokeya Akhtar,Insaniyat Biplob Bangladesh (IBB),0
Munshiganj 2,Abdus Salam Azad,Bangladesh Nationalist Party (BNP),121154
Munshiganj 2,Ashiq Mahmud,Bangladesh Islami Front (BIF),0
Munshiganj 2,K. M. Billal,Islami Andolan Bangladesh (IAB),0
Munshiganj 2,Majedul Islam,National Citizen Party (NCP),58573
Munshiganj 2,Md. Noman Mia,Jatiya Party (JaPa),0
Munshiganj 3,Anis Molla,Bangladesh Labour Party,0
Munshiganj 3,Md. Arifuzzaman,Jatiya Party (JaPa),0
Munshiganj 3,Md. Kamruzzaman,Bangladesh Nationalist Party (BNP),124691
Munshiganj 3,Md. Mohiuddin,Independent Candidate (Independent),88936
Munshiganj 3,Noor Hossain Noorani,Khelafat Majlis,0
Munshiganj 3,Sheikh Md. Kamal Hossain,Communist Party of Bangladesh (CPB),0
Munshiganj 3,Sheikh Md. Shimul,Revolutionary Workers Party of Bangladesh (RWPB),0
Munshiganj 3,Suman Dewan,Islami Andolan Bangladesh (IAB),0
Mymensingh 1,Azharul Islam,Communist Party of Bangladesh (CPB),0
Mymensingh 1,Md. A. Razzaq,Socialist Party of Bangladesh (Marxist) (SPB-M),0
Mymensingh 1,Md. Tajul Islam,Khelafat Majlis,0
Mymensingh 1,Md. Zillur Rahman,Islami Andolan Bangladesh (IAB),0
Mymensingh 1,Md. Salman Omar,Independent Candidate (Independent),108265
Mymensingh 1,Syed Imran Saleh,Bangladesh Nationalist Party (BNP),101926
Mymensingh 2,Golam Maula Bhuiyan,Islami Andolan Bangladesh (IAB),0
Mymensingh 2,Md. Emdadul Haque Khan,Jatiya Party (JaPa),0
Mymensingh 2,Md. Julhas Uddin Sheikh,Bangladesh Supreme Party (BSP),0
Mymensingh 2,Motahar Hossain Talukder,Bangladesh Nationalist Party (BNP),118438
Mymensingh 2,Md. Abu Bakr Siddiqui,Independent Candidate (Independent),0
Mymensingh 2,Muhammadullah,Khelafat Majlis,146202
Mymensingh 2,Shah Shahid Sarwar,Independent Candidate (Independent),0
Mymensingh 3,A. K. M. Ariful Hasan,Socialist Party of Bangladesh (Marxist) (SPB-M),0
Mymensingh 3,Ahmed Tayebur Rahman,Independent Candidate (Independent),65995
Mymensingh 3,M. Iqbal Hossain,Bangladesh Nationalist Party (BNP),75320
Mymensingh 3,Md. Abu Taher Khan,Bangladesh Nezame Islam Party (BNIP),0
Mymensingh 3,Md. Shariful Islam,Islami Andolan Bangladesh (IAB),0
Mymensingh 4,Abu Md. Musa Sarkar,Jatiya Party (JaPa),0
Mymensingh 4,Emdadul Haque Millat,Communist Party of Bangladesh (CPB),0
Mymensingh 4,Md. Abu Wahab Akand Wahid,Bangladesh Nationalist Party (BNP),179668
Mymensingh 4,Md. Liaquat Ali,Bangladesh Supreme Party (BSP),0
Mymensingh 4,Md. Nasir Uddin,Islami Andolan Bangladesh (IAB),0
Mymensingh 4,Md. Kamrul Ahsan,Bangladesh Jamaat-e-Islami (Jamaat),171880
Mymensingh 4,Mostafizur Rahman,Ganosanhati Andolan (GSA),0
Mymensingh 4,Shekhar Kumar Roy,Socialist Party of Bangladesh (Marxist) (SPB-M),0
Mymensingh 5,Md. Matiur Rahman Akand,Bangladesh Jamaat-e-Islami (Jamaat),102226
Mymensingh 5,Md. Rafiqul Islam,Amar Bangladesh Party (AB),0
Mymensingh 5,Md. Nazrul Islam,Ganosanhati Andolan (GSA),0
Mymensingh 5,Md. Zakir Hossain,Bangladesh Nationalist Party (BNP),128896
Mymensingh 5,Md. Sirajul Islam,Islami Andolan Bangladesh (IAB),0
Mymensingh 6,Akhtar Sultana,Independent Candidate (Independent),53331
Mymensingh 6,Md. Akhtarul Alam,Bangladesh Nationalist Party (BNP),0
Mymensingh 6,Md. Kamrul Hasan,Bangladesh Jamaat-e-Islami (Jamaat),77325
Mymensingh 6,Md. Noor Alam Siddiqui,Islami Andolan Bangladesh (IAB),0
Mymensingh 6,Md. Jasim Uddin,Independent Candidate (Independent),0
Mymensingh 7,Md. Mahabubur Rahman,Bangladesh Nationalist Party (BNP),99049
Mymensingh 7,Md. Asaduzzaman,Bangladesh Jamaat-e-Islami (Jamaat),84851
Mymensingh 7,Md. Ibrahim Khalilullah,Islami Andolan Bangladesh (IAB),0
Mymensingh 7,Md. Joynal Abdin,Independent Candidate (Independent),0
Mymensingh 7,Md. Zahirul Islam,Jatiya Party (JaPa),0
Mymensingh 7,Md. Anwar Sadat,Independent Candidate (Independent),0
Mymensingh 8,Fakhrul Imam,Jatiya Party (JaPa),0
Mymensingh 8,Lutfullahel Majed,Bangladesh Nationalist Party (BNP),108685
Mymensingh 8,Md. Aurangzeb Belal,Bangladesh Liberal Democratic Party (LDP),46515
Mymensingh 8,Shah Nurul Kabir,Islami Andolan Bangladesh (IAB),0
Mymensingh 9,Akm Anwarul Islam,Bangladesh Development Party (BDP),71168
Mymensingh 9,Hasina Khan Chowdhury,Independent Candidate (Independent),0
Mymensingh 9,Hasmot Mahmud,Jatiya Party (JaPa),0
Mymensingh 9,Md. Latiful Bari,Gono Forum (GF),0
Mymensingh 9,Md. Saidur Rahman,Islami Andolan Bangladesh (IAB),0
Mymensingh 9,Yaser Khan Chowdhury,Bangladesh Nationalist Party (BNP),85761
Mymensingh 10,A. K. M. Shamsul Alam,Ganosanhati Andolan (GSA),0
Mymensingh 10,Abu Bakr Siddiqur Rahman,Independent Candidate (Independent),67013
Mymensingh 10,Md. Al Amin,Jatiya Party (JaPa),0
Mymensingh 10,Md. Habibullah Belali,Islami Andolan Bangladesh (IAB),0
Mymensingh 10,Md. Ismail,Bangladesh Jamaat-e-Islami (Jamaat),0
Mymensingh 10,Md. Matiur Rahman,Independent Candidate (Independent),0
Mymensingh 10,Md. Saifus Salehin,Communist Party of Bangladesh (CPB),0
Mymensingh 10,Md. Akhtaruzzaman,Bangladesh Nationalist Party (BNP),75585
Mymensingh 10,Syed Mahmud Morshed,Bangladesh Liberal Democratic Party (LDP),0
Mymensingh 11,Fakhr Uddin Ahmed,Bangladesh Nationalist Party (BNP),111230
Mymensingh 11,Md. Mustafa Kamal,Islami Andolan Bangladesh (IAB),0
Mymensingh 11,Md. Anwarul Islam,Gono Odhikar Parishad (GOP),0
Mymensingh 11,Md. Morshed Alam,Independent Candidate (Independent),66016
Mymensingh 11,Zahidul Islam,National Citizen Party (NCP),0
Naogaon 1,Md. Akbar Ali,Jatiya Party (JaPa),0
Naogaon 1,Md. Mahbubul Alam,Bangladesh Jamaat-e-Islami (Jamaat),153816
Naogaon 1,Md. Mostafizur Rahman,Bangladesh Nationalist Party (BNP),173864
Naogaon 1,Md. Saleque Chowdhury,Independent Candidate (Independent),0
Naogaon 2,Md. Enamul Haque,Bangladesh Jamaat-e-Islami (Jamaat),141526
Naogaon 2,Md. Motibul Islam,Amar Bangladesh Party (AB),0
Naogaon 2,Md. Shamsuzzoha Khan,Bangladesh Nationalist Party (BNP),134533
Naogaon 3,Abdullah Al Mamun Sykat,Bangladesh Nationalist Front (BNF),0
Naogaon 3,Kalipada Sarker,Bangladesh Samajtantrik Dal (Basad),0
Naogaon 3,Md. Fazle Huda,Bangladesh Nationalist Party (BNP),166889
Naogaon 3,Md. Mahfuzur Rahman,Bangladesh Jamaat-e-Islami (Jamaat),119421
Naogaon 3,Md. Masud Rana,Jatiya Party (JaPa),0
Naogaon 3,Md. Saddam Hossain,Independent Candidate (Independent),0
Naogaon 3,Nasir Bin Asghar,Islami Andolan Bangladesh (IAB),0
Naogaon 3,Parvez Arefin Siddiqui,Independent Candidate (Independent),0
Naogaon 4,S. M. Fazlur Rahman,Communist Party of Bangladesh (CPB),0
Naogaon 4,Ekramul Bari Tipu,Bangladesh Nationalist Party (BNP),133924
Naogaon 4,Md. Abdur Rakib,Bangladesh Jamaat-e-Islami (Jamaat),97585
Naogaon 4,Md. Altaf Hossain,Jatiya Party (JaPa),0
Naogaon 4,Mst. Arfana Begum,Independent Candidate (Independent),0
Naogaon 4,Sohrab Hossain,Islami Andolan Bangladesh (IAB),0
Naogaon 5,Abu Sadat Md. Sayem,Bangladesh Jamaat-e-Islami (Jamaat),104747
Naogaon 5,Md. Abdur Rahman,Islami Andolan Bangladesh (IAB),0
Naogaon 5,Md. Anwar Hossain,Jatiya Party (JaPa),0
Naogaon 5,Md. Zahidul Islam Dhulu,Bangladesh Nationalist Party (BNP),129358
Naogaon 5,Shafiqul Islam,Communist Party of Bangladesh (CPB),0
Naogaon 6,Alamgir Kabir,Independent Candidate (Independent),0
Naogaon 6,Atiqur Rahman Ratan Molla,Bangladesh Republican Party (BRP),0
Naogaon 6,Md. Khabirul Islam,Bangladesh Jamaat-e-Islami (Jamaat),97629
Naogaon 6,Md. Rafiqul Islam,Islami Andolan Bangladesh (IAB),0
Naogaon 6,Sheikh Md. Rezaul Islam,Bangladesh Nationalist Party (BNP),108866
Narail 1,Abdul Aziz,Islami Andolan Bangladesh (IAB),0
Narail 1,B. M. Nagib Hossain,Independent Candidate (Independent),0
Narail 1,Biswas Jahangir Alam,Bangladesh Nationalist Party (BNP),99975
Narail 1,Md. Milton Molla,Jatiya Party (JaPa),0
Narail 1,Md. Obaidullah,Bangladesh Jamaat-e-Islami (Jamaat),75225
Narail 1,Md. Ujjal Molla,Independent Candidate (Independent),0
Narail 1,Sm Sajjad Hossain,Independent Candidate (Independent),0
Narail 1,Sukesh Saha Anand,Independent Candidate (Independent),0
Narail 2,A. Z. M. Fariduzzaman,Bangladesh Nationalist Party (BNP),0
Narail 2,Ataur Rahman,Bangladesh Jamaat-e-Islami (Jamaat),118142
Narail 2,Khandaker Fayequzzaman,Jatiya Party (JaPa),0
Narail 2,Md. Monirul Islam,Independent Candidate (Independent),78457
Narail 2,Md. Noor Islam,Gono Odhikar Parishad (GOP),0
Narail 2,Md. Shoaib Ali,Bangladesh Sangskritik Muktijote (BSM),0
Narail 2,Md. Tajul Islam,Islami Andolan Bangladesh (IAB),0
Narail 2,Mst. Farida Yasmin,Independent Candidate (Independent),0
Narayanganj 1,Md. Anwar Hossain Molla,Bangladesh Jamaat-e-Islami (Jamaat),91690
Narayanganj 1,Md. Imdadullah,Islami Andolan Bangladesh (IAB),0
Narayanganj 1,Md. Moniruzzaman Chandan,Communist Party of Bangladesh (CPB),0
Narayanganj 1,Md. Rehan Afzal,Insaniyat Biplob Bangladesh (IBB),0
Narayanganj 1,Md. Dulal,Independent Candidate (Independent),0
Narayanganj 1,Mostafizur Rahman Bhuiyan,Bangladesh Nationalist Party (BNP),158358
Narayanganj 1,Wasim Uddin,Gono Odhikar Parishad (GOP),0
Narayanganj 2,Md. Habibullah,Islami Andolan Bangladesh (IAB),0
Narayanganj 2,Md. Abu Hanif Hridoy,Bangladesh Republican Party (BRP),0
Narayanganj 2,Md. Ataur Rahman Khan,Independent Candidate (Independent),0
Narayanganj 2,Md. Hafizul Islam,Communist Party of Bangladesh (CPB),0
Narayanganj 2,Md. Elias Molla,Bangladesh Jamaat-e-Islami (Jamaat),81054
Narayanganj 2,Md. Kamrul Mia,Gono Odhikar Parishad (GOP),0
Narayanganj 2,Nazrul Islam Azad,Bangladesh Nationalist Party (BNP),124291
Narayanganj 3,Abdul Karim Munshi,Janotar Dol,0
Narayanganj 3,Anjan Das,Ganosanhati Andolan (GSA),0
Narayanganj 3,Ariful Islam,Amar Bangladesh Party (AB),0
Narayanganj 3,Azharul Islam Mannan,Bangladesh Nationalist Party (BNP),155400
Narayanganj 3,Golam Moshi,Islami Andolan Bangladesh (IAB),0
Narayanganj 3,Md. Atiqur Rahman Nannu Munshi,Bangladesh Khelafat Andolon (BKA),0
Narayanganj 3,Md. Iqbal Hossain Bhuiyan,Bangladesh Jamaat-e-Islami (Jamaat),134918
Narayanganj 3,Md. Shahjahan,Khelafat Majlis,0
Narayanganj 3,Md. Wahidur Rahman Milky,Gono Odhikar Parishad (GOP),0
Narayanganj 3,Md. Ghiyas Uddin,Independent Candidate (Independent),0
Narayanganj 3,Md. Rezaul Karim,Independent Candidate (Independent),0
Narayanganj 4,Abdullah Al Amin,National Citizen Party (NCP),106171
Narayanganj 4,Anwar Hossain,Khelafat Majlis,0
Narayanganj 4,Iqbal Hossain,Communist Party of Bangladesh (CPB),0
Narayanganj 4,Md. Arif Bhuiyan,Gono Odhikar Parishad (GOP),0
Narayanganj 4,Md. Ismail Hossain Kausar,Islami Andolan Bangladesh (IAB),0
Narayanganj 4,Md. Salahuddin Khoka,Jatiya Party (JaPa),0
Narayanganj 4,Md. Salim Ahmed,Bangladesh Supreme Party (BSP),0
Narayanganj 4,Md. Shah Alam,Independent Candidate (Independent),0
Narayanganj 4,Md. Sulaiman Dewan,Jatiya Samajtantrik Dal (JSD),0
Narayanganj 4,Monir Hossain,Jamiat Ulema-e-Islam Bangladesh (JUIB),80619
Narayanganj 4,Md. Ali,Bangladesh Republican Party (BRP),0
Narayanganj 4,Md. Ghiyas Uddin,Independent Candidate (Independent),0
Narayanganj 4,Salim Mahmud,Bangladesh Samajtantrik Dal (Basad),0
Narayanganj 5,Abm Sirajul Mamun,Khelafat Majlis,101196
Narayanganj 5,Abu Naeem Khan Biplob,Bangladesh Samajtantrik Dal (Basad),0
Narayanganj 5,Abul Kalam,Bangladesh Nationalist Party (BNP),114799
Narayanganj 5,H. M. Amjad Hossain Molla,Bangladesh Sangskritik Muktijote (BSM),0
Narayanganj 5,Mao Md. Masum Billah,Islami Andolan Bangladesh (IAB),0
Narayanganj 5,Md. Maksud Hossain,Independent Candidate (Independent),0
Narayanganj 5,Md. Nahid Hossain,Gono Odhikar Parishad (GOP),0
Narayanganj 5,Montu Chandra Ghosh,Communist Party of Bangladesh (CPB),0
Narayanganj 5,Syed Bahadur Shah Mujaddidi,Bangladesh Islami Front (BIF),0
Narayanganj 5,Tariqul Islam,Ganosanhati Andolan (GSA),0
Narsingdi 1,Hamidul Haque Parvez,Insaniyat Biplob Bangladesh (IBB),0
Narsingdi 1,Khairul Kabir Khokon,Bangladesh Nationalist Party (BNP),161405
Narsingdi 1,Md. Ashraf Hossain Bhuiyan,Islami Andolan Bangladesh (IAB),0
Narsingdi 1,Md. Ibrahim Bhuiyan,Bangladesh Jamaat-e-Islami (Jamaat),95349
Narsingdi 1,Md. Mustafa Zaman,Jatiya Party (JaPa),0
Narsingdi 1,Sakhawat Hossain,Bangladesh Islami Front (BIF),0
Narsingdi 1,Shahiduzzaman Chowdhury,Gono Forum (GF),0
Narsingdi 1,Shirin Akhter,Gono Odhikar Parishad (GOP),0
Narsingdi 2,A. N. M. Rafiqul Alam Selim,Jatiya Party (JaPa),0
Narsingdi 2,Asif Iqbal,Bangladesh Islami Front (BIF),0
Narsingdi 2,Abdul Moin Khan,Bangladesh Nationalist Party (BNP),92739
Narsingdi 2,Md. Amjad Hossain,Bangladesh Jamaat-e-Islami (Jamaat),55920
Narsingdi 2,Md. Golam Sarwar,National Citizen Party (NCP),0
Narsingdi 2,Md. Ibrahim,Insaniyat Biplob Bangladesh (IBB),0
Narsingdi 3,Akm Rezaul Karim,Jatiya Party (JaPa),0
Narsingdi 3,Abu Sadat Md. Sayem Ali Pathan,Zaker Party (ZP),0
Narsingdi 3,Manzoor Elahi,Bangladesh Nationalist Party (BNP),82061
Narsingdi 3,Md. Ariful Islam Mridha,Independent Candidate (Independent),45682
Narsingdi 3,Md. Mostafizur Rahman,Bangladesh Jamaat-e-Islami (Jamaat),0
Narsingdi 3,Md. Rakibul Islam Rakib,Khelafat Majlis,0
Narsingdi 3,Md. Warez Hossain Bhuiyan,Islami Andolan Bangladesh (IAB),0
Narsingdi 3,Raihan Mia,Insaniyat Biplob Bangladesh (IBB),0
Narsingdi 4,Abu Darda Md. Maaz,Janotar Dol,0
Narsingdi 4,Kazi Sajjad Zahir,Communist Party of Bangladesh (CPB),0
Narsingdi 4,Kazi Shariful Islam,Bangladesh Congress,0
Narsingdi 4,Md. Jahangir Alam,Bangladesh Jamaat-e-Islami (Jamaat),78744
Narsingdi 4,Md. Kamal Uddin,Jatiya Party (JaPa),0
Narsingdi 4,Md. Saifullah,Islami Andolan Bangladesh (IAB),0
Narsingdi 4,Md. Nasir Uddin,Khelafat Majlis,0
Narsingdi 4,Md. Milan Mia,Insaniyat Biplob Bangladesh (IBB),0
Narsingdi 4,Sardar Md. Sakhawat Hossain,Bangladesh Nationalist Party (BNP),163392
Narsingdi 5,Badruzzaman Ujjal,Islami Andolan Bangladesh (IAB),0
Narsingdi 5,Mashiur Rahman,Bangladesh Islami Front (BIF),0
Narsingdi 5,Md. Ashraf Uddin,Bangladesh Nationalist Party (BNP),137690
Narsingdi 5,Md. Jamal Ahmed Chowdhury,Independent Candidate (Independent),0
Narsingdi 5,Md. Solaiman Khandaker,Independent Candidate (Independent),0
Narsingdi 5,Mehrun Nesa Khan Hena,Jatiya Party (JaPa),0
Narsingdi 5,Md. Panir Hossain,Independent Candidate (Independent),0
Narsingdi 5,Tahmina Akhter,Insaniyat Biplob Bangladesh (IBB),0
Narsingdi 5,Tajul Islam,Khelafat Majlis,44981
Narsingdi 5,Taufiqur Rahman,Independent Candidate (Independent),0
Natore 1,Farzana Sharmin,Bangladesh Nationalist Party (BNP),102726
Natore 1,Md. Abdullahil Baki,Revolutionary Workers Party of Bangladesh (RWPB),0
Natore 1,Md. Abul Kalam Azad,Bangladesh Jamaat-e-Islami (Jamaat),90568
Natore 1,Md. Ansar Ali,Revolutionary Workers Party of Bangladesh (RWPB),0
Natore 1,Md. Mehedi Hasan,Gono Odhikar Parishad (GOP),0
Natore 1,Md. Moazzem Hossain,Independent Candidate (Independent),0
Natore 1,Md. Sentu Ali,Ganosanhati Andolan (GSA),0
Natore 1,Md. Taiful Islam Tipu,Independent Candidate (Independent),73173
Natore 1,Md. Yasir Arshad,Independent Candidate (Independent),0
Natore 2,Md. Nurunnabi Mridha,Independent Candidate (Independent),621
Natore 2,M. Ruhul Quddus Talukder Dulu,Bangladesh Nationalist Party (BNP),162841
Natore 2,Md. Kabir Uddin,Jatiya Party (JaPa),2587
Natore 2,Md. Yunus Ali,Bangladesh Jamaat-e-Islami (Jamaat),130066
Natore 2,Md. Ali Siddiqui,Islami Andolan Bangladesh (IAB),2757
Natore 2,Tahamida Islam Tania,Ganosanhati Andolan (GSA),464
Natore 3,Md. Anwarul Islam,Bangladesh Nationalist Party (BNP),119768
Natore 3,Md. Ashiq Iqbal,Jatiya Party (JaPa),2119
Natore 3,Md. Daudar Mahmud,Independent Candidate (Independent),66492
Natore 3,Md. Khalilur Rahman,Islami Andolan Bangladesh (IAB),19105
Natore 3,S. M. Zarzis Kadir,National Citizen Party (NCP),20707
Natore 4,M. Yusuf Ahmed,Jatiya Party (JaPa),2799
Natore 4,Md. Moksedul Momin,Amar Bangladesh Party (AB),259
Natore 4,Md. Abdul Aziz,Bangladesh Nationalist Party (BNP),170551
Natore 4,Md. Abdul Hakim,Bangladesh Jamaat-e-Islami (Jamaat),135386
Natore 4,Md. Emdadullah,Islami Andolan Bangladesh (IAB),3845
Netrakona 1,Kaiser Kamal,Bangladesh Nationalist Party (BNP),158343
Netrakona 1,Ghulam Rabbani,Khelafat Majlis,87488
Netrakona 1,Md. A. Mannan,Islami Andolan Bangladesh (IAB),0
Netrakona 1,Md. Alkas Uddin Mir,Communist Party of Bangladesh (CPB),0
Netrakona 1,Md. Anwar Hossain Khan,Jatiya Party (JaPa),0
Netrakona 1,Md. Belal Hossain,Jatiya Samajtantrik Dal (JSD),0
Netrakona 2,A. B. M. Rafiqul Haque Talukder,Jatiya Party (JaPa),0
Netrakona 2,Abdul Qayyum,Islami Andolan Bangladesh (IAB),0
Netrakona 2,Abdur Rahim,Bangladesh Khelafat Andolon (BKA),0
Netrakona 2,Md. Anwarul Haque,Bangladesh Nationalist Party (BNP),171399
Netrakona 2,Md. Fahim Rahman Khan Pathan,National Citizen Party (NCP),67367
Netrakona 3,Abul Hossain Talukder,Jatiya Party (JaPa),0
Netrakona 3,Md. Delwar Hossain Bhuiyan,Independent Candidate (Independent),68961
Netrakona 3,Md. Khairul Kabir Niyogi,Bangladesh Jamaat-e-Islami (Jamaat),0
Netrakona 3,Md. Shamsuddoha,Bangladesh Islami Front (BIF),0
Netrakona 3,Md. Zakir Hossain,Islami Andolan Bangladesh (IAB),0
Netrakona 3,Rafiqul Islam Hilali,Bangladesh Nationalist Party (BNP),118469
Netrakona 4,Champa Rani Sarker,Revolutionary Workers Party of Bangladesh (RWPB),0
Netrakona 4,Jolly Talukder,Communist Party of Bangladesh (CPB),0
Netrakona 4,Md. Al Helal,Bangladesh Jamaat-e-Islami (Jamaat),39840
Netrakona 4,Md. Lutfuzzaman Babar,Bangladesh Nationalist Party (BNP),160801
Netrakona 4,Md. Mukhlesur Rahman,Islami Andolan Bangladesh (IAB),0
Netrakona 5,Masum Mustafa,Bangladesh Jamaat-e-Islami (Jamaat),82177
Netrakona 5,Md. Nurul Islam,Islami Andolan Bangladesh (IAB),0
Nilphamari 1,Jebel Rahman Ghaani,Bangladesh National Awami Party–Bangladesh NAP (BNAP),0
Nilphamari 1,Maolana Md. Monjurul Islam,Jamiat Ulema-e-Islam Bangladesh (JUIB),118160
Nilphamari 1,Md. Abdul Jolil,Islami Andolan Bangladesh (IAB),0
Nilphamari 1,Md. Abdus Sattar,Bangladesh Jamaat-e-Islami (Jamaat),149224
Nilphamari 1,Md. Mokhdum Azam Mushrafe,Jatiya Party (Manju) (JP–Manju),0
Nilphamari 1,Md. Rafiqul Islam,Socialist Party of Bangladesh (Marxist) (SPB-M),0
Nilphamari 1,Md. Sirajul Islam,Bangladesh Nationalist Front (BNF),0
Nilphamari 1,Md. Taslim Uddin,Jatiya Party (JaPa),0
Nilphamari 2,Al Faruq Abdul Latif,Bangladesh Jamaat-e-Islami (Jamaat),145202
Nilphamari 2,Hasibul Islam,Islami Andolan Bangladesh (IAB),0
Nilphamari 2,Md. Minhazul Islam Minhaz,Independent Candidate (Independent),0
Nilphamari 2,Md. Sarwarul Alam,Khelafat Majlis,0
Nilphamari 2,Md. Shirajul Islam,Bangladesh Nationalist Front (BNF),0
Nilphamari 2,Shahrin Islam,Bangladesh Nationalist Party (BNP),134579
Nilphamari 3,Alhaj Syed Ali,Bangladesh Nationalist Party (BNP),89102
Nilphamari 3,Md. Amjad Hossain,Islami Andolan Bangladesh (IAB),0
Nilphamari 3,Md. Rohan Chowdhury,Jatiya Party (JaPa),0
Nilphamari 3,Obaidullah Salafi,Bangladesh Jamaat-e-Islami (Jamaat),108560
Nilphamari 4,Abdul Muntakim,Bangladesh Jamaat-e-Islami (Jamaat),124865
Nilphamari 4,Jobaidur Rahman,Independent Candidate (Independent),0
Nilphamari 4,Md. Abdul Gafur Sarker,Bangladesh Nationalist Party (BNP),81526
Nilphamari 4,Md. Maidul Islam,Socialist Party of Bangladesh (Marxist) (SPB-M),0
Nilphamari 4,Md. Riyad Arfan Sarkar,Independent Candidate (Independent),0
Nilphamari 4,Md. Shahidul Islam,Islami Andolan Bangladesh (IAB),0
Nilphamari 4,Md. Siddiqul Alam,Jatiya Party (JaPa),0
Nilphamari 4,Mirza Md. Shawkat Akhbar Rawshan,Bangladesh Jatiya Party (BJP),0
Nilphamari 4,S. M. Mamunur Rashid,Independent Candidate (Independent),0
Noakhali 1,A. M. Mahbub Uddin,Bangladesh Nationalist Party (BNP),126833
Noakhali 1,Md. Mominul Islam,Bangladesh Congress,0
Noakhali 1,Md. Moshiur Rahman,Insaniyat Biplob Bangladesh (IBB),0
Noakhali 1,Md. Nurul Amin,Jatiya Party (JaPa),0
Noakhali 1,Md. Saif Ullah,Bangladesh Jamaat-e-Islami (Jamaat),98036
Noakhali 1,Rehana Begum,Jatiya Samajtantrik Dal (JSD),0
Noakhali 1,Zahirul Islam,Islami Andolan Bangladesh (IAB),0
Noakhali 2,Kazi Md. Mofizur Rahman,Independent Candidate (Independent),0
Noakhali 2,Khalilur Rahman,Islami Andolan Bangladesh (IAB),0
Noakhali 2,Md. Shahadat Hossain,Jatiya Party (JaPa),0
Noakhali 2,Sultan Md. Zakaria Majumder,National Citizen Party (NCP),67054
Noakhali 2,Zainul Abdin Farooq,Bangladesh Nationalist Party (BNP),83982
Noakhali 3,Md. Barkat Ullah Bulu,Bangladesh Nationalist Party (BNP),141031
Noakhali 3,Md. Borhan Uddin,Bangladesh Jamaat-e-Islami (Jamaat),123941
Noakhali 3,Md. Rajib Uddoula Chowdhury,Independent Candidate (Independent),0
Noakhali 3,Md. Siraj Mia,Jatiya Samajtantrik Dal (JSD),0
Noakhali 3,Md. Nur Uddin,Islami Andolan Bangladesh (IAB),0
Noakhali 3,Morshed Alam,Khelafat Majlis,0
Noakhali 3,Sharif Ahmed,Independent Candidate (Independent),0
Noakhali 4,Abduz Zaher,Gono Odhikar Parishad (GOP),0
Noakhali 4,Bitul Chandra Talukder,Socialist Party of Bangladesh (Marxist) (SPB-M),0
Noakhali 4,Md. Firoz Alam Masud,Islami Andolan Bangladesh (IAB),0
Noakhali 4,Md. Ishaq Khandaker,Bangladesh Jamaat-e-Islami (Jamaat),148989
Noakhali 4,Md. Shahjahan,Bangladesh Nationalist Party (BNP),219182
Noakhali 4,Md. Shariful Islam,Jatiya Party (JaPa),0
Noakhali 4,Md. Yunus Nabi,Insaniyat Biplob Bangladesh (IBB),0
Noakhali 5,Abu Nasser,Islami Andolan Bangladesh (IAB),0
Noakhali 5,Khwaja Tanvir Ahmed,Jatiya Party (JaPa),0
Noakhali 5,Md. Kamal Uddin Patwari,Jatiya Samajtantrik Dal (JSD),0
Noakhali 5,Md. Shawkat Hossain,Janotar Dol,0
Noakhali 5,Md. Anisul Haque,Bangladesh Republican Party (BRP),0
Noakhali 5,Md. Belayet Hossain,Bangladesh Jamaat-e-Islami (Jamaat),120453
Noakhali 5,Md. Fakhrul Islam,Bangladesh Nationalist Party (BNP),147808
Noakhali 5,Md. Shamsuddoha,Bangladesh Islami Front (BIF),0
Noakhali 5,Moon Tahar Begum,Socialist Party of Bangladesh (Marxist) (SPB-M),0
Noakhali 5,Md. Yunus,Independent Candidate (Independent),0
Noakhali 5,Omar Ali,Independent Candidate (Independent),0
Noakhali 5,Touhidul Islam,Insaniyat Biplob Bangladesh (IBB),0
Noakhali 6,A. T. M. Nabi Ullah,Jatiya Party (JaPa),0
Noakhali 6,Abdul Hannan Masood,National Citizen Party (NCP),91899
Noakhali 6,Amirul Islam Md. Abdul Malek,Bangladesh Supreme Party (BSP),0
Noakhali 6,Md. Mahbuber Rahman,Bangladesh Nationalist Party (BNP),64021
Noakhali 6,Md. Abdul Motaleb,Jatiya Samajtantrik Dal (JSD),0
Noakhali 6,Md. Abul Hossain,Bangladesh Liberal Democratic Party (LDP),0
Noakhali 6,Md. Azhar Uddin,Gono Odhikar Parishad (GOP),0
Noakhali 6,Md. Fazlul Azim,Independent Candidate (Independent),0
Noakhali 6,Md. Nurul Islam Sharif,Islami Andolan Bangladesh (IAB),0
Noakhali 6,Tanvir Uddin Rajib,Independent Candidate (Independent),0
Pabna 1,Md. Abdul Ghani,Islami Andolan Bangladesh (IAB),0
Pabna 1,Md. Shamsur Rahman,Bangladesh Nationalist Party (BNP),104245
Pabna 1,Md. Tajul Islam,Independent Candidate (Independent),0
Pabna 1,Md. Nojibur Rahman,Bangladesh Jamaat-e-Islami (Jamaat),129974
Pabna 2,A. K. M. Selim Reza Habib,Bangladesh Nationalist Party (BNP),215406
Pabna 2,Md. Afzal Hossain Khan Qashemi,Islami Andolan Bangladesh (IAB),0
Pabna 2,Md. Hesab Uddin,Bangladesh Jamaat-e-Islami (Jamaat),77242
Pabna 2,Md. Mehedi Hasan Rubel,Jatiya Party (JaPa),0
Pabna 2,Md. Nasir Uddin,Gono Forum (GF),0
Pabna 3,K. M. Anwarul Islam,Independent Candidate (Independent),0
Pabna 3,Md. Abdul Khalek,Islami Andolan Bangladesh (IAB),0
Pabna 3,Md. Hasan Zafir Tuhin,Bangladesh Nationalist Party (BNP),144206
Pabna 3,Md. Hasanul Islam,Gono Odhikar Parishad (GOP),0
Pabna 3,Md. Mahbubur Rahman Joy Chowdhury,Bangladesh Supreme Party (BSP),0
Pabna 3,Mir Nadir Md. Dablu,Jatiya Party (JaPa),0
Pabna 3,Md. Ali Asghar,Bangladesh Jamaat-e-Islami (Jamaat),147465
Pabna 3,Sarkar Asha Parvez,Gono Forum (GF),0
Pabna 4,Md. Abu Taleb Mandal,Bangladesh Jamaat-e-Islami (Jamaat),137675
Pabna 4,Md. Anwar Shah,Islami Andolan Bangladesh (IAB),0
Pabna 4,Md. Habibur Rahman,Bangladesh Nationalist Party (BNP),133874
Pabna 4,Md. Saiful Azad Mallick,Jatiya Party (JaPa),0
Pabna 4,Md. Sohag Hossain,Communist Party of Bangladesh (CPB),0
Pabna 4,Md. Zakaria Pintu,Independent Candidate (Independent),0
Pabna 4,Shahnaz Haque,Nagorik Oikya (NO),0
Pabna 5,Md. Abdul Majid Molla,Amar Bangladesh Party (AB),0
Pabna 5,Md. Iqbal Hossain,Bangladesh Jamaat-e-Islami (Jamaat),164994
Pabna 5,Md. Nazmul Hossain,Islami Andolan Bangladesh (IAB),0
Pabna 5,Md. Shamsur Rahman Shimul Biswas,Bangladesh Nationalist Party (BNP),181925
Panchagarh 1,Md. Nawshad Zamir,Bangladesh Nationalist Party (BNP),176169
Panchagarh 1,Md. Abdul Weadud,Bangladesh Supreme Party (BSP),0
Panchagarh 1,Md. Ferdaus Alam,Bangladesh Labour Party,0
Panchagarh 1,Md. Mahafuzar Rahman,Gono Odhikar Parishad (GOP),0
Panchagarh 1,Md. Sarjis Alam,National Citizen Party (NCP),168049
Panchagarh 1,Md. Shirajul Islam,Bangladesh Nationalist Front (BNF),0
Panchagarh 1,Nazmul Haque Prodhan,Jatiya Samajtantrik Dal (JSD),0
Panchagarh 2,Farhad Hossain Azad,Bangladesh Nationalist Party (BNP),174650
Panchagarh 2,Mahmud Hossain Sumon,Independent Candidate (Independent),0
Panchagarh 2,Md. Ashraful Alam,Communist Party of Bangladesh (CPB),0
Panchagarh 2,Md. Delowar Hossain,Bangladesh Supreme Party (BSP),0
Panchagarh 2,Md. Emran Al Amin,Jatiya Samajtantrik Dal (JSD),0
Panchagarh 2,Md. Kamrul Hasan Prodhan,Islami Andolan Bangladesh (IAB),0
Panchagarh 2,Md. Lutfar Rahman Ripon,Jatiya Party (JaPa),0
Panchagarh 2,Md. Shafiul Alam,Bangladesh Jamaat-e-Islami (Jamaat),128862
Patuakhali 1,A. Mannan Howlader,Jatiya Party (JaPa),1055
Patuakhali 1,Altaf Hossain Chowdhury,Bangladesh Nationalist Party (BNP),152087
Patuakhali 1,Gautam Chandra Shil,Jatiya Samajtantrik Dal (JSD),1334
Patuakhali 1,Md. Firoz Alam,Islami Andolan Bangladesh (IAB),58161
Patuakhali 1,Md. Shahidul Islam Fahim,Gono Odhikar Parishad (GOP),347
Patuakhali 1,Md. Abdul Wahab,Amar Bangladesh Party (AB),46310
Patuakhali 2,Malek Hossain,Islami Andolan Bangladesh (IAB),14418
Patuakhali 2,Md. Habibur Rahman,Gono Odhikar Parishad (GOP),353
Patuakhali 2,Md. Ruhul Amin,Amar Bangladesh Party (AB),410
Patuakhali 2,Md. Shafiqul Islam,Bangladesh Jamaat-e-Islami (Jamaat),100750
Patuakhali 2,Md. Shahidul Alam Talukder,Bangladesh Nationalist Party (BNP),72676
Patuakhali 3,Md. Hasan Mamun,Independent Candidate (Independent),81361
Patuakhali 3,Md. Nurul Haque,Gono Odhikar Parishad (GOP),97323
Patuakhali 3,Md. Abu Bakr Siddiqui,Islami Andolan Bangladesh (IAB),38188
Patuakhali 3,Md. Shah Alam,Bangladesh Jamaat-e-Islami (Jamaat),16255
Patuakhali 4,Abm Mosharraf Hossain,Bangladesh Nationalist Party (BNP),124013
Patuakhali 4,Zahir Uddin Ahmed,Khelafat Majlis,14985
Patuakhali 4,Md. Rabiul Hossain,Gono Odhikar Parishad (GOP),202
Patuakhali 4,Mostafizur Rahman,Islami Andolan Bangladesh (IAB),70127
Pirojpur 1,Alamgir Hossain,Bangladesh Nationalist Party (BNP),107105
Pirojpur 1,Masud Sayeedi,Bangladesh Jamaat-e-Islami (Jamaat),132659
Pirojpur 2,Ahmed Sohel Monjur,Bangladesh Nationalist Party (BNP),105185
Pirojpur 2,Faisal Khan,Amar Bangladesh Party (AB),390
Pirojpur 2,Mahmud Hossain,Independent Candidate (Independent),16219
Pirojpur 2,Md. Abul Kalam Azad,Islami Andolan Bangladesh (IAB),6697
Pirojpur 2,Md. Mahibul Hossain,Jatiya Party (Manju) (JP–Manju),4705
Pirojpur 2,Shamim Sayeedi,Bangladesh Jamaat-e-Islami (Jamaat),96897
Pirojpur 3,Karim Sikder,Jatiya Samajtantrik Dal (JSD),0
Pirojpur 3,Md. Mashrequl Azam,Jatiya Party (JaPa),0
Pirojpur 3,Md. Ruhul Amin Dulal,Bangladesh Nationalist Party (BNP),63791
Pirojpur 3,Md. Rustom Ali Faraji,Islami Andolan Bangladesh (IAB),35968
Pirojpur 3,Md. Shamim Hamidi,National Citizen Party (NCP),36616
Pirojpur 3,Touhiduzzaman,Independent Candidate (Independent),0
Rajbari 1,Ali Nawaz Mahmud Khayum,Bangladesh Nationalist Party (BNP),154541
Rajbari 1,Khondaker Habibur Rahman,Jatiya Party (JaPa),0
Rajbari 1,Md. Nurul Islam,Bangladesh Jamaat-e-Islami (Jamaat),101092
Rajbari 1,Md. Ali Biswas,Zaker Party (ZP),0
Rajbari 2,Jamil Hijazi,National Citizen Party (NCP),67299
Rajbari 2,Kazi Minhazul Alam,Khelafat Majlis,0
Rajbari 2,Md. Abdul Malek Mondal,Bangladesh Sangskritik Muktijote (BSM),0
Rajbari 2,Md. Harun Ur Rashid,Bangladesh Nationalist Party (BNP),237254
Rajbari 2,Md. Nasirul Haque Sabu,Independent Candidate (Independent),0
Rajbari 2,Md. Shafiul Azam Khan,Jatiya Party (JaPa),0
Rajbari 2,Mohd. Abdul Malek,Islami Andolan Bangladesh (IAB),0
Rajbari 2,Sohel Molla,Independent Candidate (Independent),0
Rajbari 2,Zahid Sheikh,Gono Odhikar Parishad (GOP),0
Rajshahi 1,Md. Abdur Rahman,Amar Bangladesh Party (AB),0
Rajshahi 1,Md. Al Saad,Independent Candidate (Independent),0
Rajshahi 1,Md. Mujibur Rahman,Bangladesh Jamaat-e-Islami (Jamaat),171786
Rajshahi 1,Md. Sharif Uddin,Bangladesh Nationalist Party (BNP),169902
Rajshahi 1,Mir Md. Shahjahan,Gono Odhikar Parishad (GOP),0
Rajshahi 2,Md. Mejbaul Islam,Bangladesh Labour Party,0
Rajshahi 2,Md. Mizanur Rahman,Bangladesh Nationalist Party (BNP),188546
Rajshahi 2,Md. Saeed Noman,Amar Bangladesh Party (AB),0
Rajshahi 2,Md. Jahangir,Bangladesh Jamaat-e-Islami (Jamaat),100370
Rajshahi 2,Md. Shamsul Alam,Nagorik Oikya (NO),0
Rajshahi 2,Saleh Ahmed,Independent Candidate (Independent),0
Rajshahi 3,Md. Abul Kalam Azad,Bangladesh Jamaat-e-Islami (Jamaat),137927
Rajshahi 3,Md. Afzal Hossain,Jatiya Party (JaPa),0
Rajshahi 3,Md. Fazlur Rahman,Islami Andolan Bangladesh (IAB),0
Rajshahi 3,Md. Saeed Parvez,Amjanatar Dol,0
Rajshahi 3,Md. Shafiqul Haque Milon,Bangladesh Nationalist Party (BNP),176318
Rajshahi 4,D. M. D. Ziaur Rahman,Bangladesh Nationalist Party (BNP),109461
Rajshahi 4,Md. Abdul Bari Sarkar,Bangladesh Jamaat-e-Islami (Jamaat),115226
Rajshahi 4,Md. Tajul Islam Khan,Islami Andolan Bangladesh (IAB),0
Rajshahi 5,Manjur Rahman,Bangladesh Jamaat-e-Islami (Jamaat),73445
Rajshahi 5,Md. Altaf Hossain Molla,Bangladesh Supreme Party (BSP),0
Rajshahi 5,Md. Isfa Khairul Haque,Independent Candidate (Independent),0
Rajshahi 5,Md. Raihan Kawsar,Independent Candidate (Independent),0
Rajshahi 5,Md. Ruhul Amin,Islami Andolan Bangladesh (IAB),0
Rajshahi 5,Nazrul Islam,Bangladesh Nationalist Party (BNP),153425
Rajshahi 5,Rezaul Karim,Independent Candidate (Independent),0
Rajshahi 6,Md. Abdus Salam Suraj,Islami Andolan Bangladesh (IAB),0
Rajshahi 6,Md. Abu Sayed Chad,Bangladesh Nationalist Party (BNP),147672
Rajshahi 6,Md. Iqbal Hossain,Jatiya Party (JaPa),0
Rajshahi 6,Md. Nazmul Haque,Bangladesh Jamaat-e-Islami (Jamaat),92965
Rangamati 1,Ashok Talukder,Jatiya Party (JaPa),2974
Rangamati 1,Dipen Dewan,Bangladesh Nationalist Party (BNP),201544
Rangamati 1,Jui Chakma,Revolutionary Workers Party of Bangladesh (RWPB),1071
Rangamati 1,Md. Abul Bashar,Gono Odhikar Parishad (GOP),449
Rangamati 1,Md. Jasim Uddin,Islami Andolan Bangladesh (IAB),3672
Rangamati 1,Md. Abu Bakr Siddiqui,Khelafat Majlis,22715
Rangamati 1,Pahel Chakma,Independent Candidate (Independent),31222
Rangpur 1,Atm Golam Mustafa,Islami Andolan Bangladesh (IAB),0
Rangpur 1,Ahsanul Arefin,Socialist Party of Bangladesh (Marxist) (SPB-M),0
Rangpur 1,Md. Anas,Bangladesh Islami Front (BIF),0
Rangpur 1,Md. Mokarram Hossain Sujan,Bangladesh Nationalist Party (BNP),69407
Rangpur 1,Md. Monjum Ali,Jatiya Party (JaPa),0
Rangpur 1,Md. Raihan Siraji,Bangladesh Jamaat-e-Islami (Jamaat),145088
Rangpur 2,Atm Azharul Islam,Bangladesh Jamaat-e-Islami (Jamaat),43076
Rangpur 2,Anisul Islam Mandal,Jatiya Party (JaPa),0
Rangpur 2,Md. Ashraf Ali,Islami Andolan Bangladesh (IAB),0
Rangpur 2,Md. Azizur Rahman,Jatiya Samajtantrik Dal (JSD),0
Rangpur 2,Md. Ali Sarkar,Bangladesh Nationalist Party (BNP),22100
Rangpur 3,Ghulam Md. Quader,Jatiya Party (JaPa),0
Rangpur 3,Md. Abdul Quddus,Bangladesh Samajtantrik Dal (Basad),0
Rangpur 3,Md. Amiruzzaman,Islami Andolan Bangladesh (IAB),0
Rangpur 3,Md. Anwar Hossain Bablu,Socialist Party of Bangladesh (Marxist) (SPB-M),0
Rangpur 3,Md. Mahbubur Rahman,Bangladesh Jamaat-e-Islami (Jamaat),175827
Rangpur 3,Md. Shamsuzzaman Samu,Bangladesh Nationalist Party (BNP),84578
Rangpur 3,Mst. Anwara Islam Rani,Independent Candidate (Independent),0
Rangpur 3,Rita Rahman,Independent Candidate (Independent),0
Rangpur 4,Abu Naser Shah Md. Mahbubar Rahman,Jatiya Party (JaPa),0
Rangpur 4,Abu Sahma,Khelafat Majlis,0
Rangpur 4,Akhtar Hossain,National Citizen Party (NCP),147947
Rangpur 4,Md. Shah Alam Basar,Independent Candidate (Independent),0
Rangpur 4,Md. Zahid Hossain,Islami Andolan Bangladesh (IAB),0
Rangpur 4,Md. Emdadul Haque Bhorsa,Bangladesh Nationalist Party (BNP),139616
Rangpur 4,Pragati Barman Tama,Socialist Party of Bangladesh (Marxist) (SPB-M),0
Rangpur 4,Ujjal Chandra Roy,Bangladesh Congress,0
Rangpur 5,Khandaker Mukit Al Mahmud,Independent Candidate (Independent),0
Rangpur 5,Md. Abdul Bashet,Amar Bangladesh Party (AB),0
Rangpur 5,Md. Abu Helal,Communist Party of Bangladesh (CPB),0
Rangpur 5,Md. Babul Akhter,Socialist Party of Bangladesh (Marxist) (SPB-M),0
Rangpur 5,Md. Golam Rabbani,Bangladesh Jamaat-e-Islami (Jamaat),175208
Rangpur 5,Md. Golam Rabbani,Bangladesh Nationalist Party (BNP),114141
Rangpur 5,Md. Golzar Hossain,Islami Andolan Bangladesh (IAB),0
Rangpur 5,Mofakhkharul Islam Nawab,Nagorik Oikya (NO),0
Rangpur 5,Sm Fakhar Uz Zaman,Jatiya Party (JaPa),0
Rangpur 6,Abu Jafar Md. Zahid,Independent Candidate (Independent),0
Rangpur 6,Khandaker Shahidul Islam,Independent Candidate (Independent),0
Rangpur 6,Md. Noor Alam Mia,Jatiya Party (JaPa),0
Rangpur 6,Md. Nurul Amin,Bangladesh Jamaat-e-Islami (Jamaat),118890
Rangpur 6,Md. Sadequl Islam,Amar Bangladesh Party (AB),0
Rangpur 6,Md. Saiful Islam,Bangladesh Nationalist Party (BNP),116919
Rangpur 6,Sultan Mahmud,Islami Andolan Bangladesh (IAB),0
Rangpur 6,Takia Jahan Chowdhury,Independent Candidate (Independent),0
Satkhira 1,Md. Habibul Islam Habib,Bangladesh Nationalist Party (BNP),169995
Satkhira 1,Md. Izzat Ullah,Bangladesh Jamaat-e-Islami (Jamaat),193772
Satkhira 1,Md. Yarul Islam,Bangladesh Congress,0
Satkhira 1,Sheikh Md. Rezaul Karim,Islami Andolan Bangladesh (IAB),0
Satkhira 1,Ziaur Rahman,Jatiya Party (JaPa),0
Satkhira 2,Md. Abdur Rouf,Bangladesh Nationalist Party (BNP),116293
Satkhira 2,Md. Ashrafuzzaman,Jatiya Party (JaPa),0
Satkhira 2,Md. Idris Ali,Jatiya Samajtantrik Dal (JSD),0
Satkhira 2,Mufti Rabiul Islam,Islami Andolan Bangladesh (IAB),0
Satkhira 2,Md. Abdul Khaliq,Bangladesh Jamaat-e-Islami (Jamaat),266959
Satkhira 3,Hafez Muhaj Rabiul Bashar,Bangladesh Jamaat-e-Islami (Jamaat),184233
Satkhira 3,Kazi Alauddin,Bangladesh Nationalist Party (BNP),0
Satkhira 3,Md. Alif Hossain,Jatiya Party (JaPa),0
Satkhira 3,Md. Shahidul Alam,Independent Candidate (Independent),105379
Satkhira 3,Md. Waze Qurni,Islami Andolan Bangladesh (IAB),0
Satkhira 3,Rubel Hossain,Bangladesh Minority Janata Party (BMJP),0
Satkhira 4,G. M. Nazrul Islam,Bangladesh Jamaat-e-Islami (Jamaat),105805
Satkhira 4,Md. Abdur Rashid,Jatiya Party (JaPa),0
Satkhira 4,Md. Moniruzzaman,Bangladesh Nationalist Party (BNP),84868
Satkhira 4,S. M. Mustafa Al Mamun,Islami Andolan Bangladesh (IAB),0
Shariatpur 1,Firoz Ahmed,Gono Odhikar Parishad (GOP),0
Shariatpur 1,Jalaluddin Ahmed,Khelafat Majlis,62717
Shariatpur 1,Md. Abdur Rahman,National Citizen Party (NCP),0
Shariatpur 1,Md. Tofail Ahmed,Islami Andolan Bangladesh (IAB),0
Shariatpur 1,Md. Gulam Mustafa,Independent Candidate (Independent),0
Shariatpur 1,Noor Md. Mia,Bangladesh Supreme Party (BSP),0
Shariatpur 1,Sayed Ahmed,Bangladesh Nationalist Party (BNP),77398
Shariatpur 1,Syed Nazrul Islam,Independent Candidate (Independent),0
Shariatpur 2,Akhtaruzzaman Samrat,Gono Odhikar Parishad (GOP),0
Shariatpur 2,Imran Hossain,Islami Andolan Bangladesh (IAB),0
Shariatpur 2,Jasim Uddin,Jatiya Party (JaPa),0
Shariatpur 2,Mahmud Hossain,Bangladesh Jamaat-e-Islami (Jamaat),70892
Shariatpur 2,Mahmudul Hasan,Bangladesh Khelafat Andolon (BKA),0
Shariatpur 2,Md. Alamgir Hossain,Independent Candidate (Independent),0
Shariatpur 2,Md. Nasir,Independent Candidate (Independent),0
Shariatpur 2,Md. Shafiqur Rahman,Bangladesh Nationalist Party (BNP),129814
Shariatpur 2,Pervez Mosharraf,Janotar Dol,0
Shariatpur 3,Hanif Mia,Islami Andolan Bangladesh (IAB),0
Shariatpur 3,Md. Abdul Hannan,Jatiya Party (JaPa),0
Shariatpur 3,Mia Nuruddin Ahmed Apu,Bangladesh Nationalist Party (BNP),107516
Shariatpur 3,Md. Azaharul Islam,Bangladesh Jamaat-e-Islami (Jamaat),69684
Sherpur 1,Md. Elias Uddin,Independent Candidate (Independent),205
Sherpur 1,Md. Likhon Mia,National Citizen Party (NCP),456
Sherpur 1,Md. Mahmudul Haque Moni,Jatiya Party (JaPa),751
Sherpur 1,Md. Rashidul Islam Rashed,Bangladesh Jamaat-e-Islami (Jamaat),127811
Sherpur 1,Md. Shafiqul Islam Masud,Independent Candidate (Independent),62415
Sherpur 1,Sansila Zebrin,Bangladesh Nationalist Party (BNP),78342
Sherpur 2,Md. Abdullah Al Kayes,Islami Andolan Bangladesh (IAB),4877
Sherpur 2,Md. Golam Kibria,Bangladesh Jamaat-e-Islami (Jamaat),108335
Sherpur 2,Md. Fahim Chowdhury,Bangladesh Nationalist Party (BNP),118472
Sherpur 3,Abu Taleb Md. Saifuddin,Islami Andolan Bangladesh (IAB),0
Sherpur 3,Md. Aminul Islam,Independent Candidate (Independent),0
Sherpur 3,Md. Mahmudul Haque Rubel,Bangladesh Nationalist Party (BNP),0
Sherpur 3,Md. Nuruzzaman,Bangladesh Jamaat-e-Islami (Jamaat),0
Sirajganj 1,Md. Abdus Sabur,Independent Candidate (Independent),0
Sirajganj 1,Md. Nazmus Shakib,Nagorik Oikya (NO),0
Sirajganj 1,Md. Selim Reza,Bangladesh Nationalist Party (BNP),116613
Sirajganj 1,Md. Shahinur Alam,Bangladesh Jamaat-e-Islami (Jamaat),108815
Sirajganj 1,Md. Zahurul Islam,Jatiya Party (JaPa),0
Sirajganj 1,Mst. Mallika Khatun,Gono Odhikar Parishad (GOP),0
Sirajganj 2,Iqbal Hassan Mahmud,Bangladesh Nationalist Party (BNP),177578
Sirajganj 2,Md. Anwar Hossain,Communist Party of Bangladesh (CPB),0
Sirajganj 2,Md. Mohibullah,Islami Andolan Bangladesh (IAB),0
Sirajganj 2,Md. Sohel Rana,Janotar Dol,0
Sirajganj 2,Md. Mahfuzur Rahman,Gono Odhikar Parishad (GOP),0
Sirajganj 2,Md. Zahidul Islam,Bangladesh Jamaat-e-Islami (Jamaat),138797
Sirajganj 2,S. M. Abdullah Al Mamun,Bangladesh Samajtantrik Dal (Basad),0
Sirajganj 3,Md. Abdur Rauf Sarkar,Khelafat Majlis,116802
Sirajganj 3,Md. Aynul Haque,Bangladesh Nationalist Party (BNP),174430
Sirajganj 3,Md. Elias Reza Robin,Independent Candidate (Independent),1006
Sirajganj 3,Md. Fazlul Haque,Jatiya Party (JaPa),1658
Sirajganj 4,Abdur Rahman,Islami Andolan Bangladesh (IAB),2216
Sirajganj 4,M. Akbar Ali,Bangladesh Nationalist Party (BNP),161278
Sirajganj 4,Md. Abdul Hakim,Communist Party of Bangladesh (CPB),695
Sirajganj 4,Md. Hilton Pramanik,Jatiya Party (JaPa),1213
Sirajganj 4,Md. Rafiqul Islam Khan,Bangladesh Jamaat-e-Islami (Jamaat),161872
Sirajganj 5,Md. Akbar Hossain,Jatiya Party (JaPa),0
Sirajganj 5,Md. Ali Alam,Bangladesh Jamaat-e-Islami (Jamaat),106805
Sirajganj 5,Md. Amirul Islam Khan,Bangladesh Nationalist Party (BNP),134989
Sirajganj 5,Md. Matiar Rahman,Communist Party of Bangladesh (CPB),0
Sirajganj 5,Md. Yusuf Ali,Gono Odhikar Parishad (GOP),0
Sirajganj 5,Nurun Nabi,Islami Andolan Bangladesh (IAB),0
Sirajganj 6,Abu Jafar Md. Anwarus Sadat,Amar Bangladesh Party (AB),0
Sirajganj 6,Elora Khatun,Jatiya Samajtantrik Dal (JSD),0
Sirajganj 6,M. A. Muhit,Bangladesh Nationalist Party (BNP),171508
Sirajganj 6,Md. Anwar Hossain,Bangladesh Samajtantrik Dal (Basad),0
Sirajganj 6,Md. Asadul Haque,Amjanatar Dol,0
Sirajganj 6,Md. Humayun Kabir,Independent Candidate (Independent),0
Sirajganj 6,Md. Moktar Hossain,Jatiya Party (JaPa),0
Sirajganj 6,Md. Mosharraf Hossain Shahidul,Bangladesh Islami Front (BIF),0
Sirajganj 6,Md. Waseeq Iqbal Khan Majlis,Independent Candidate (Independent),0
Sirajganj 6,Misbah Uddin,Islami Andolan Bangladesh (IAB),0
Sirajganj 6,S. M. Saif Mostafiz,National Citizen Party (NCP),103884
Sunamganj 1,Kamruzzaman Kamrul,Bangladesh Nationalist Party (BNP),161774
Sunamganj 1,Muzzammil Haque Talukder,Bangladesh Nezame Islam Party (BNIP),0
Sunamganj 1,Tofael Ahmed,Bangladesh Jamaat-e-Islami (Jamaat),92966
Sunamganj 2,Md. Nasir Chowdhury,Bangladesh Nationalist Party (BNP),99522
Sunamganj 2,Md. Shishir Monir,Bangladesh Jamaat-e-Islami (Jamaat),63220
Sunamganj 2,Niranjan Das,Communist Party of Bangladesh (CPB),0
Sunamganj 3,Hussain Ahmed,Independent Candidate (Independent),0
Sunamganj 3,Md. Anwar Hossain,Independent Candidate (Independent),42226
Sunamganj 3,Md. Mahfuzur Rahman Khaled,Independent Candidate (Independent),0
Sunamganj 3,Md. Kayshar Ahmed,Bangladesh Nationalist Party (BNP),97313
Sunamganj 3,Md. Shahinur Pasha Chowdhury,Khelafat Majlis,0
Sunamganj 3,Sheikh Mushtaq Ahmed,Khelafat Majlis,0
Sunamganj 3,Syed Talha Alam,Amar Bangladesh Party (AB),0
Sunamganj 4,Dewan Zainul Zakerin,Independent Candidate (Independent),0
Sunamganj 4,Md. Nazmul Huda,Jatiya Party (JaPa),0
Sunamganj 4,Md. Shams Uddin,Bangladesh Jamaat-e-Islami (Jamaat),75735
Sunamganj 4,Nurul Islam,Bangladesh Nationalist Party (BNP),98092
Sunamganj 4,Shahidul Islam,Islami Andolan Bangladesh (IAB),0
Sunamganj 5,Abu Tahir Md. Abdus Salam,Bangladesh Jamaat-e-Islami (Jamaat),102121
Sunamganj 5,Kalim Uddin Ahmed,Bangladesh Nationalist Party (BNP),151915
Sunamganj 5,Md. Azizul Haque,National People's Party (NPP),0
Sunamganj 5,Md. Abdul Qadir,Khelafat Majlis,0
Sunamganj 5,Md. Jahangir Alam,Jatiya Party (JaPa),0
Sylhet 1,Akmal Hossain,Gono Odhikar Parishad (GOP),0
Sylhet 1,Khandaker Abdul Muktadir,Bangladesh Nationalist Party (BNP),173932
Sylhet 1,Mahmudul Hasan,Islami Andolan Bangladesh (IAB),0
Sylhet 1,Habibur Rahman,Bangladesh Jamaat-e-Islami (Jamaat),134983
Sylhet 1,Md. Shamim Mia,Insaniyat Biplob Bangladesh (IBB),0
Sylhet 1,Md. Anwar Hossain,Communist Party of Bangladesh (CPB),0
Sylhet 1,Pranab Jyoti Pal,Bangladesh Samajtantrik Dal (Basad),0
Sylhet 1,Sanjay Kanti Das,Socialist Party of Bangladesh (Marxist) (SPB-M),0
Sylhet 2,Mahbubur Rahman Chowdhury,Jatiya Party (JaPa),0
Sylhet 2,Md. Amir Uddin,Islami Andolan Bangladesh (IAB),0
Sylhet 2,Md. Mujibul Haque,Gono Forum (GF),0
Sylhet 2,Mst. Tahsina Rushdeer,Bangladesh Nationalist Party (BNP),117956
Sylhet 2,Md. Muntasir Ali,Khelafat Majlis,38635
Sylhet 3,Mainul Bakar,Independent Candidate (Independent),0
Sylhet 3,Md. Abdul Malik,Bangladesh Nationalist Party (BNP),115450
Sylhet 3,Md. Atiqur Rahman,Jatiya Party (JaPa),0
Sylhet 3,Mostakim Raja Chowdhury,Independent Candidate (Independent),0
Sylhet 3,Musleh Uddin Raju,Khelafat Majlis,73614
Sylhet 3,Redwanul Haque Chowdhury,Islami Andolan Bangladesh (IAB),0
Sylhet 4,Ariful Haque Chowdhury,Bangladesh Nationalist Party (BNP),186846
Sylhet 4,Syed Ahmed,Islami Andolan Bangladesh (IAB),0
Sylhet 4,Md. Joynal Abedin,Bangladesh Jamaat-e-Islami (Jamaat),71391
Sylhet 4,Md. Mujibur Rahman,Jatiya Party (JaPa),0
Sylhet 4,Zahirul Islam,Gono Odhikar Parishad (GOP),0
Sylhet 5,Mamunur Rashid,Independent Candidate (Independent),0
Sylhet 5,Md. Bilal Uddin,Bangladesh Muslim League (BML),0
Sylhet 5,Md. Abul Hasan,Khelafat Majlis,79355
Sylhet 5,Ubaidullah Farooq,Jamiat Ulema-e-Islam Bangladesh (JUIB),69774
Sylhet 6,Emran Ahmed Chowdhury,Bangladesh Nationalist Party (BNP),109917
Sylhet 6,Md. Fakhrul Islam,Independent Candidate (Independent),0
Sylhet 6,Md. Abdun Noor,Jatiya Party (JaPa),0
Sylhet 6,Md. Selim Uddin,Bangladesh Jamaat-e-Islami (Jamaat),101569
Sylhet 6,Zahidur Rahman,Gono Odhikar Parishad (GOP),0
Tangail 1,Faqir Mahbub Anam,Bangladesh Nationalist Party (BNP),153932
Tangail 1,Md. Asadul Islam,Independent Candidate (Independent),0
Tangail 1,Md. Harun Or Rashid,Islami Andolan Bangladesh (IAB),0
Tangail 1,Md. Abdullahel Kafi,Bangladesh Jamaat-e-Islami (Jamaat),94462
Tangail 1,Md. Ali,Independent Candidate (Independent),0
Tangail 1,Md. Elias Hossain,Jatiya Party (JaPa),0
Tangail 2,Md. Abdus Salam Pintu,Bangladesh Nationalist Party (BNP),198213
Tangail 2,Md. Humayon Kabir,Bangladesh Jamaat-e-Islami (Jamaat),60871
Tangail 2,Md. Humayun Kabir Talukder,Jatiya Party (JaPa),0
Tangail 2,Md. Moniar Hossen Sagor,Islami Andolan Bangladesh (IAB),0
Tangail 3,Ainin Nahar,Independent Candidate (Independent),0
Tangail 3,Md. Lutfar Rahman Khan Azad,Independent Candidate (Independent),107901
Tangail 3,Md. Rajaul Karim,Islami Andolan Bangladesh (IAB),0
Tangail 3,Sm Obaidul Haque,Bangladesh Nationalist Party (BNP),82769
Tangail 3,Saifullah Hyder,National Citizen Party (NCP),0
Tangail 4,Abdul Latif Siddiqui,Independent Candidate (Independent),62509
Tangail 4,Ali Amzad Hossain,Islami Andolan Bangladesh (IAB),0
Tangail 4,Khandaker Abdur Razzaque,Bangladesh Jamaat-e-Islami (Jamaat),0
Tangail 4,Md. Abdul Halim Mia,Independent Candidate (Independent),0
Tangail 4,Md. Liakot Ali,Jatiya Party (JaPa),0
Tangail 4,Md. Lutfar Rahman,Bangladesh Nationalist Party (BNP),105342
Tangail 5,Ahsan Habib,Bangladesh Jamaat-e-Islami (Jamaat),80283
Tangail 5,Fatema Akter,Ganosanhati Andolan (GSA),0
Tangail 5,Khandaker Jakir Hossain,Islami Andolan Bangladesh (IAB),0
Tangail 5,Md. Farhad Iqbal,Independent Candidate (Independent),0
Tangail 5,Md. Hasrat Khan Bhasani,Bangladesh Supreme Party (BSP),0
Tangail 5,Md. Mozammel Hoque,Jatiya Party (JaPa),0
Tangail 5,Md. Shafiqul Islam,Gono Odhikar Parishad (GOP),0
Tangail 5,Sultan Salahuddin Tuku,Bangladesh Nationalist Party (BNP),131279
Tangail 5,Syed Khalakuzzaman Mostafa,Jatiya Samajtantrik Dal (JSD),0
Tangail 6,A. K. M. Abdul Hamid,Bangladesh Jamaat-e-Islami (Jamaat),91914
Tangail 6,Md. Ashraful Islam,Independent Candidate (Independent),0
Tangail 6,Md. Akhinur Mia,Islami Andolan Bangladesh (IAB),0
Tangail 6,Md. Jewel Sarkar,Independent Candidate (Independent),0
Tangail 6,Md. Robiul Awal,Bangladesh Nationalist Party (BNP),150952
Tangail 6,Md. Mamunur Rahim,Jatiya Party (JaPa),0
Tangail 6,Tareque Shams Khan,Jatiya Party (Manju) (JP–Manju),0
Tangail 7,Abul Kalam Azad Siddiqui,Bangladesh Nationalist Party (BNP),141253
Tangail 7,Md. Tofazzal Hossain,Bangladesh Republican Party (BRP),1492
Tangail 7,Md. Abdullah Ibne Abul Hosain,Bangladesh Jamaat-e-Islami (Jamaat),71040
Tangail 8,Ahmed Azam Khan,Bangladesh Nationalist Party (BNP),114217
Tangail 8,Awal Mahmud,Revolutionary Workers Party of Bangladesh (RWPB),0
Tangail 8,Md. Alamgir Hossin,Amjanatar Dol,0
Tangail 8,Md. Nazmul Hasan,Jatiya Party (JaPa),0
Tangail 8,Md. Shafiqul Islam Khan,Bangladesh Jamaat-e-Islami (Jamaat),0
Tangail 8,Salahuddin Alamgir,Independent Candidate (Independent),77130
Thakurgaon 1,Delwar Hossain,Bangladesh Jamaat-e-Islami (Jamaat),141017
Thakurgaon 1,Md. Khademul Islam,Islami Andolan Bangladesh (IAB),0
Thakurgaon 1,Mirza Fakhrul Islam Alamgir,Bangladesh Nationalist Party (BNP),238836
Thakurgaon 2,Md. Abdus Salam,Bangladesh Nationalist Party (BNP),121017
Thakurgaon 2,Md. Rejaul Karim,Islami Andolan Bangladesh (IAB),0
Thakurgaon 2,Md. Abdul Hakim,Bangladesh Jamaat-e-Islami (Jamaat),115707
Thakurgaon 2,Md. Faruk Hosen,Gono Odhikar Parishad (GOP),0
Thakurgaon 2,Md. Nahid Rana,Amar Bangladesh Party (AB),0
Thakurgaon 2,Mst. Nurun Nahar Begum,Jatiya Party (JaPa),0
Thakurgaon 2,Shahab Uddin Ahmed,Communist Party of Bangladesh (CPB),0
Thakurgaon 3,Hafiz Uddin Ahmed,Jatiya Party (JaPa),0
Thakurgaon 3,Kamala Kanta Roy,Bangladesh Minority Janata Party (BMJP),0
Thakurgaon 3,Md. Abul Kalam Azad,Bangladesh Supreme Party (BSP),0
Thakurgaon 3,Md. Al Amin,Islami Andolan Bangladesh (IAB),0
Thakurgaon 3,Md. Jahidur Rahman,Bangladesh Nationalist Party (BNP),132797
Thakurgaon 3,Md. Mamunur Rashid Mamun,Gono Odhikar Parishad (GOP),0
Thakurgaon 3,Md. Mizanur Rahman,Bangladesh Jamaat-e-Islami (Jamaat),91934
Thakurgaon 3,Mst. Asha Moni,Independent Candidate (Independent),0
Thakurgaon 3,Probhat Somir Sahjahan Alom,Communist Party of Bangladesh (CPB),0
Thakurgaon 3,Sm Khalilur Rahman Sarkar,Bangladesh Muslim League (BML),0
