seat,rule,merged_name,merged_source,merged_party,merged_votes,into_name,into_sources,into_party,into_votes,similarity,note
Bagerhat 1,1,S. M. Golam Sorrowar,ds,Jatiya Party (JaPa),ds=0,S. M. Golam Sarwar,tbs,Jatiya Party (JaPa),tbs=571,0.95,name+party match (sim=0.95)
Bagerhat 1,1,S. M. Golam Sarwar,dt,Jatiya Party (JaPa),dt=571,S. M. Golam Sorrowar,"ds,tbs",Jatiya Party (JaPa),ds=0; tbs=571,0.95,name+party match (sim=0.95) [vote-boosted]
Bagerhat 1,1,M. D. Shamsul Haque,ds,Bangladesh Muslim League (BML),ds=0,M. D. Shamsul Haque,tbs,Bangladesh Muslim League (BML),tbs=242,1.00,name+party match (sim=1.00)
Bagerhat 1,1,M. D. Shamsul Haque,dt,Bangladesh Muslim League (BML),dt=242,M. D. Shamsul Haque,"ds,tbs",Bangladesh Muslim League (BML),ds=0; tbs=242,1.00,name+party match (sim=1.00) [vote-boosted]
Bagerhat 1,1,Kapil Krishna Mandal,ds,Bangladesh Nationalist Party (BNP),ds=114323,Kapil Krishna Mondal,tbs,Bangladesh Nationalist Party (BNP),tbs=114323,1.00,name+party match (sim=1.00) [vote-boosted]
Bagerhat 1,1,Kapil Krishna Mandal,bss,Bangladesh Nationalist Party (BNP),bss=114323,Kapil Krishna Mondal,"ds,tbs",Bangladesh Nationalist Party (BNP),ds=114323; tbs=114323,1.00,name+party match (sim=1.00) [vote-boosted]
Bagerhat 1,1,Kapil Krishna Mondol,dt,Bangladesh Nationalist Party (BNP),dt=114323,Kapil Krishna Mondal,"bss,ds,tbs",Bangladesh Nationalist Party (BNP),bss=114323; ds=114323; tbs=114323,1.00,name+party match (sim=1.00) [vote-boosted]
Bagerhat 1,1,A. Sabur Sheikh,ds,Bangladesh Muslim League (BML),ds=0,A. Sabur Sheikh,tbs,Bangladesh Muslim League (BML),tbs=167,1.00,name+party match (sim=1.00)
Bagerhat 1,1,A. Sabur Sheikh,dt,Bangladesh Muslim League (BML),dt=167,A. Sabur Sheikh,"ds,tbs",Bangladesh Muslim League (BML),ds=0; tbs=167,1.00,name+party match (sim=1.00) [vote-boosted]
Bagerhat 1,1,Md. Aminul Islam,ds,Amar Bangladesh Party (AB),ds=0,Md. Aminul Islam,tbs,Amar Bangladesh Party (AB),tbs=291,1.00,name+party match (sim=1.00)
Bagerhat 1,1,Md. Aminul Islam,dt,Amar Bangladesh Party (AB),dt=291,Md. Aminul Islam,"ds,tbs",Amar Bangladesh Party (AB),ds=0; tbs=291,1.00,name+party match (sim=1.00) [vote-boosted]
Bagerhat 1,1,Md. Sheikh Masud Rana,ds,Independent Candidate (Independent),ds=0,Md. Sheikh Masud Rana,tbs,Independent Candidate (Independent),tbs=6467,1.00,name+party match (sim=1.00)
Bagerhat 1,1,Md. Sheikh Masud Rana,dt,Independent Candidate (Independent),dt=6467,Md. Sheikh Masud Rana,"ds,tbs",Independent Candidate (Independent),ds=0; tbs=6467,1.00,name+party match (sim=1.00) [vote-boosted]
Bagerhat 1,1,Md. Mashiur Rahman Khan,ds,Bangladesh Jamaat-e-Islami (Jamaat),ds=117527,Md. Mashiur Rahman Khan,tbs,Bangladesh Jamaat-e-Islami (Jamaat),tbs=117527,1.00,name+party match (sim=1.00) [vote-boosted]
Bagerhat 1,1,Md. Moshiur Rahman Khan,bss,Bangladesh Jamaat-e-Islami (Jamaat),bss=117527,Md. Mashiur Rahman Khan,"ds,tbs",Bangladesh Jamaat-e-Islami (Jamaat),ds=117527; tbs=117527,1.00,name+party match (sim=1.00) [vote-boosted]
Bagerhat 1,1,Md. Mashirur Rahman Khan,dt,Bangladesh Jamaat-e-Islami (Jamaat),dt=117527,Md. Mashiur Rahman Khan,"bss,ds,tbs",Bangladesh Jamaat-e-Islami (Jamaat),bss=117527; ds=117527; tbs=117527,0.98,name+party match (sim=0.98) [vote-boosted]
Bagerhat 1,1,M. A. H. Selim,ds,Independent Candidate (Independent),ds=0,M. A. H. Selim,tbs,Independent Candidate (Independent),tbs=5283,1.00,name+party match (sim=1.00)
Bagerhat 1,1,M. A. H. Selim,dt,Independent Candidate (Independent),dt=5283,M. A. H. Selim,"ds,tbs",Independent Candidate (Independent),ds=0; tbs=5283,1.00,name+party match (sim=1.00) [vote-boosted]
Bagerhat 2,1,M. A. H. Selim,ds,Independent Candidate (Independent),ds=0,M. A. H. Selim,tbs,Independent Candidate (Independent),tbs=48965,1.00,name+party match (sim=1.00)
Bagerhat 2,1,M. A. H. Selim,dt,Independent Candidate (Independent),dt=48965,M. A. H. Selim,"ds,tbs",Independent Candidate (Independent),ds=0; tbs=48965,1.00,name+party match (sim=1.00) [vote-boosted]
Bagerhat 2,1,Sheikh Md. Zakir Hossain,ds,Bangladesh Nationalist Party (BNP),ds=66409,Sheikh Md. Zakir Hossain,tbs,Bangladesh Nationalist Party (BNP),tbs=66409,1.00,name+party match (sim=1.00) [vote-boosted]
Bagerhat 2,1,Sheikh Mohammad Zakir Hossain,bss,Bangladesh Nationalist Party (BNP),bss=66409,Sheikh Md. Zakir Hossain,"ds,tbs",Bangladesh Nationalist Party (BNP),ds=66409; tbs=66409,1.00,name+party match (sim=1.00) [vote-boosted]
Bagerhat 2,1,Sheikh Mohammad Zakir Hossain,dt,Bangladesh Nationalist Party (BNP),dt=66409,Sheikh Mohammad Zakir Hossain,"bss,ds,tbs",Bangladesh Nationalist Party (BNP),bss=66409; ds=66409; tbs=66409,1.00,name+party match (sim=1.00) [vote-boosted]
Bagerhat 2,1,Sheikh Atiyar Rahman,ds,Islami Andolan Bangladesh (IAB),ds=0,Sheikh Atiar Rahman,tbs,Islami Andolan Bangladesh (IAB),tbs=4313,0.97,name+party match (sim=0.97)
Bagerhat 2,1,Sheikh Atiar Rahman,dt,Islami Andolan Bangladesh (IAB),dt=4313,Sheikh Atiyar Rahman,"ds,tbs",Islami Andolan Bangladesh (IAB),ds=0; tbs=4313,0.97,name+party match (sim=0.97) [vote-boosted]
Bagerhat 2,1,Sheikh Manjurul Haque,ds,Bangladesh Jamaat-e-Islami (Jamaat),ds=117709,Sheikh Manjurul Haque,tbs,Bangladesh Jamaat-e-Islami (Jamaat),tbs=117709,1.00,name+party match (sim=1.00) [vote-boosted]
Bagerhat 2,1,Sheikh Manjurul Haque (Rahad),bss,Bangladesh Jamaat-e-Islami (Jamaat),bss=117709,Sheikh Manjurul Haque,"ds,tbs",Bangladesh Jamaat-e-Islami (Jamaat),ds=117709; tbs=117709,1.00,name+party match (sim=1.00) [vote-boosted]
Bagerhat 2,1,Sheikh Manjurul Haque (Rahad),dt,Bangladesh Jamaat-e-Islami (Jamaat),dt=117709,Sheikh Manjurul Haque (Rahad),"bss,ds,tbs",Bangladesh Jamaat-e-Islami (Jamaat),bss=117709; ds=117709; tbs=117709,1.00,name+party match (sim=1.00) [vote-boosted]
Bagerhat 3,1,M. A. H. Selim,ds,Independent Candidate (Independent),ds=0,M. A. H. Selim,tbs,Independent Candidate (Independent),tbs=425,1.00,name+party match (sim=1.00)
Bagerhat 3,1,M. A. H. Selim,dt,Independent Candidate (Independent),dt=425,M. A. H. Selim,"ds,tbs",Independent Candidate (Independent),ds=0; tbs=425,1.00,name+party match (sim=1.00) [vote-boosted]
Bagerhat 3,1,Mohammed Abdul Wadud Sheikh,ds,Bangladesh Jamaat-e-Islami (Jamaat),ds=83705,Md. Abdul Wadud Sheikh,tbs,Bangladesh Jamaat-e-Islami (Jamaat),tbs=83550,0.89,name+party match (sim=0.89)
Bagerhat 3,1,Mohammad Abdul Wadud Sheikh,bss,Bangladesh Jamaat-e-Islami (Jamaat),bss=83550,Mohammed Abdul Wadud Sheikh,"ds,tbs",Bangladesh Jamaat-e-Islami (Jamaat),ds=83705; tbs=83550,0.89,name+party match (sim=0.89) [vote-boosted]
Bagerhat 3,1,Mohammad Abdul Wadud Sheikh,dt,Bangladesh Jamaat-e-Islami (Jamaat),dt=83550,Mohammed Abdul Wadud Sheikh,"bss,ds,tbs",Bangladesh Jamaat-e-Islami (Jamaat),bss=83550; ds=83705; tbs=83550,0.89,name+party match (sim=0.89) [vote-boosted]
Bagerhat 3,1,Md. Habibur Rahman Master,ds,Jatiya Samajtantrik Dal (JSD),ds=0,Md. Habibur Rahman Master,tbs,Jatiya Samajtantrik Dal (JSD),tbs=349,1.00,name+party match (sim=1.00)
Bagerhat 3,1,Md. Habibur Rahman Master,dt,Jatiya Samajtantrik Dal (JSD),dt=349,Md. Habibur Rahman Master,"ds,tbs",Jatiya Samajtantrik Dal (JSD),ds=0; tbs=349,1.00,name+party match (sim=1.00) [vote-boosted]
Bagerhat 3,1,Sheikh Faridul Islam,ds,Bangladesh Nationalist Party (BNP),ds=103711,Sheikh Faridul Islam,tbs,Bangladesh Nationalist Party (BNP),tbs=102661,1.00,name+party match (sim=1.00)
Bagerhat 3,1,Sheikh Faridul Islam,bss,Bangladesh Nationalist Party (BNP),bss=102661,Sheikh Faridul Islam,"ds,tbs",Bangladesh Nationalist Party (BNP),ds=103711; tbs=102661,1.00,name+party match (sim=1.00) [vote-boosted]
Bagerhat 3,1,Sheikh Faridul Islam,dt,Bangladesh Nationalist Party (BNP),dt=102661,Sheikh Faridul Islam,"bss,ds,tbs",Bangladesh Nationalist Party (BNP),bss=102661; ds=103711; tbs=102661,1.00,name+party match (sim=1.00) [vote-boosted]
Bagerhat 3,1,Sheikh Zillur Rahman,ds,Islami Andolan Bangladesh (IAB),ds=0,Sheikh Zillur Rahman,tbs,Islami Andolan Bangladesh (IAB),tbs=3640,1.00,name+party match (sim=1.00)
Bagerhat 3,1,Sheikh Jillur Rahman,dt,Islami Andolan Bangladesh (IAB),dt=3460,Sheikh Zillur Rahman,"ds,tbs",Islami Andolan Bangladesh (IAB),ds=0; tbs=3640,0.95,name+party match (sim=0.95)
Bagerhat 4,1,Md. Omar Farooq,ds,Islami Andolan Bangladesh (IAB),ds=0,Md. Omar Faruk,tbs,Islami Andolan Bangladesh (IAB),tbs=8501,0.86,name+party match (sim=0.86)
Bagerhat 4,1,Md. Omar Faruk,dt,Islami Andolan Bangladesh (IAB),dt=8501,Md. Omar Farooq,"ds,tbs",Islami Andolan Bangladesh (IAB),ds=0; tbs=8501,0.86,name+party match (sim=0.86) [vote-boosted]
Bagerhat 4,1,Md. Abdul Alim,ds,Bangladesh Jamaat-e-Islami (Jamaat),ds=116067,Md. Abdul Alim,tbs,Bangladesh Jamaat-e-Islami (Jamaat),tbs=116067,1.00,name+party match (sim=1.00) [vote-boosted]
Bagerhat 4,1,Md. Abdul Alim,bss,Bangladesh Jamaat-e-Islami (Jamaat),bss=116067,Md. Abdul Alim,"ds,tbs",Bangladesh Jamaat-e-Islami (Jamaat),ds=116067; tbs=116067,1.00,name+party match (sim=1.00) [vote-boosted]
Bagerhat 4,1,Md. Abdul Alim,dt,Bangladesh Jamaat-e-Islami (Jamaat),dt=116067,Md. Abdul Alim,"bss,ds,tbs",Bangladesh Jamaat-e-Islami (Jamaat),bss=116067; ds=116067; tbs=116067,1.00,name+party match (sim=1.00) [vote-boosted]
Bagerhat 4,1,Md. A. Latif Khan,ds,Jatiya Samajtantrik Dal (JSD),ds=0,Md. A. Latif Khan,tbs,Jatiya Samajtantrik Dal (JSD),tbs=315,1.00,name+party match (sim=1.00)
Bagerhat 4,1,Md. A. Latif Khan,dt,Jatiya Samajtantrik Dal (JSD),dt=315,Md. A. Latif Khan,"ds,tbs",Jatiya Samajtantrik Dal (JSD),ds=0; tbs=315,1.00,name+party match (sim=1.00) [vote-boosted]
Bagerhat 4,1,Kazi Khairuzzaman,ds,Independent Candidate (Independent),ds=0,Kazi Khairuzzaman,tbs,Independent Candidate (Independent),tbs=229,1.00,name+party match (sim=1.00)
Bagerhat 4,1,Kazi Khairuzzaman (Shipon),dt,Independent Candidate (Independent),dt=229,Kazi Khairuzzaman,"ds,tbs",Independent Candidate (Independent),ds=0; tbs=229,1.00,name+party match (sim=1.00) [vote-boosted]
Bagerhat 4,1,Sajan Kumar Mistry,ds,Jatiya Party (JaPa),ds=0,Sajon Kumar Mistri,tbs,Jatiya Party (JaPa),tbs=1147,0.95,name+party match (sim=0.95)
Bagerhat 4,1,Sajan Kumar Mistry,dt,Jatiya Party (JaPa),dt=1147,Sajon Kumar Mistri,"ds,tbs",Jatiya Party (JaPa),ds=0; tbs=1147,0.95,name+party match (sim=0.95) [vote-boosted]
Bagerhat 4,1,Somnath Dey,ds,Bangladesh Nationalist Party (BNP),ds=98326,Som Nath De,tbs,Bangladesh Nationalist Party (BNP),tbs=98326,0.92,name+party match (sim=0.92) [vote-boosted]
Bagerhat 4,1,Som Nath De,bss,Bangladesh Nationalist Party (BNP),bss=98326,Som Nath De,"ds,tbs",Bangladesh Nationalist Party (BNP),ds=98326; tbs=98326,1.00,name+party match (sim=1.00) [vote-boosted]
Bagerhat 4,1,Somnath Dey,dt,Bangladesh Nationalist Party (BNP),dt=98326,Som Nath De,"bss,ds,tbs",Bangladesh Nationalist Party (BNP),bss=98326; ds=98326; tbs=98326,0.92,name+party match (sim=0.92) [vote-boosted]
Bandarban 1,1,Saching Prue,ds,Bangladesh Nationalist Party (BNP),ds=141455,Saching Prue,tbs,Bangladesh Nationalist Party (BNP),tbs=141455,1.00,name+party match (sim=1.00) [vote-boosted]
Bandarban 1,1,Sachin Ms,bss,Bangladesh Nationalist Party (BNP),bss=141455,Saching Prue,"ds,tbs",Bangladesh Nationalist Party (BNP),ds=141455; tbs=141455,0.61,name+party match (sim=0.61) [vote-boosted]
Bandarban 1,1,Saching Pru,dt,Bangladesh Nationalist Party (BNP),dt=141455,Saching Prue,"bss,ds,tbs",Bangladesh Nationalist Party (BNP),bss=141455; ds=141455; tbs=141455,1.00,name+party match (sim=1.00) [vote-boosted]
Bandarban 1,1,Abu Saeed Md. Sujauddin,ds,National Citizen Party (NCP),ds=26162,Abu Sayed Md. Suja Uddin,tbs,National Citizen Party (NCP),tbs=26162,0.95,name+party match (sim=0.95) [vote-boosted]
Bandarban 1,1,Abu Saeed Md Suja Uddin,bss,National Citizen Party (NCP),bss=26162,Abu Sayed Md. Suja Uddin,"ds,tbs",National Citizen Party (NCP),ds=26162; tbs=26162,0.96,name+party match (sim=0.96) [vote-boosted]
Bandarban 1,1,Abu Sayeed Md. Suja Uddin,dt,National Citizen Party (NCP),dt=26162,Abu Sayed Md. Suja Uddin,"bss,ds,tbs",National Citizen Party (NCP),bss=26162; ds=26162; tbs=26162,1.00,name+party match (sim=1.00) [vote-boosted]
Bandarban 1,1,Md. Abul Kalam Azad,ds,Islami Andolan Bangladesh (IAB),ds=4718,Md. Abul Kalam Azad,tbs,Islami Andolan Bangladesh (IAB),tbs=4718,1.00,name+party match (sim=1.00) [vote-boosted]
Bandarban 1,1,Md. Abul Kalam Azad,dt,Islami Andolan Bangladesh (IAB),dt=4718,Md. Abul Kalam Azad,"ds,tbs",Islami Andolan Bangladesh (IAB),ds=4718; tbs=4718,1.00,name+party match (sim=1.00) [vote-boosted]
Bandarban 1,1,Abu Jafar Md. Wali Ullah,ds,Jatiya Party (JaPa),ds=2435,Abu Zafar Md. Wali Ullah,tbs,Jatiya Party (JaPa),tbs=2435,0.96,name+party match (sim=0.96) [vote-boosted]
Bandarban 1,1,Abu Zafar Mohammad Waliullah,dt,Jatiya Party (JaPa),dt=2435,Abu Zafar Md. Wali Ullah,"ds,tbs",Jatiya Party (JaPa),ds=2435; tbs=2435,1.00,name+party match (sim=1.00) [vote-boosted]
Barguna 1,1,Md. Nazrul Islam Molla,ds,Bangladesh Nationalist Party (BNP),ds=136145,Md. Nazrul Islam Molla,tbs,Bangladesh Nationalist Party (BNP),tbs=136145,1.00,name+party match (sim=1.00) [vote-boosted]
Barguna 1,1,Md. Nazrul Islam Mollah,bss,Bangladesh Nationalist Party (BNP),bss=136145,Md. Nazrul Islam Molla,"ds,tbs",Bangladesh Nationalist Party (BNP),ds=136145; tbs=136145,1.00,name+party match (sim=1.00) [vote-boosted]
Barguna 1,1,Md. Nazrul Islam Mollah,dt,Bangladesh Nationalist Party (BNP),dt=136145,Md. Nazrul Islam Mollah,"bss,ds,tbs",Bangladesh Nationalist Party (BNP),bss=136145; ds=136145; tbs=136145,1.00,name+party match (sim=1.00) [vote-boosted]
Barguna 1,1,Md. Jahangir Hossain,ds,Khelafat Majlis,ds=6232,Md. Jahangir Hossain,tbs,Khelafat Majlis,tbs=6232,1.00,name+party match (sim=1.00) [vote-boosted]
Barguna 1,1,Md. Jahangir Hossain,dt,Khelafat Majlis,dt=6232,Md. Jahangir Hossain,"ds,tbs",Khelafat Majlis,ds=6232; tbs=6232,1.00,name+party match (sim=1.00) [vote-boosted]
Barguna 1,1,Md. Ali Ullah,ds,Islami Andolan Bangladesh (IAB),ds=140291,Md. Ali Ullah,tbs,Islami Andolan Bangladesh (IAB),tbs=140291,1.00,name+party match (sim=1.00) [vote-boosted]
Barguna 1,1,Md. Ali Ullah,bss,Islami Andolan Bangladesh (IAB),bss=140291,Md. Ali Ullah,"ds,tbs",Islami Andolan Bangladesh (IAB),ds=140291; tbs=140291,1.00,name+party match (sim=1.00) [vote-boosted]
Barguna 1,1,Md. Oli Ullah,dt,Islami Andolan Bangladesh (IAB),dt=140291,Md. Ali Ullah,"bss,ds,tbs",Islami Andolan Bangladesh (IAB),bss=140291; ds=140291; tbs=140291,1.00,name+party match (sim=1.00) [vote-boosted]
Barguna 1,1,Md. Jamal Hossain,ds,Jatiya Party (Manju) (JP–Manju),ds=981,Md. Jamal Hossain,tbs,Jatiya Party (Manju) (JP–Manju),tbs=981,1.00,name+party match (sim=1.00) [vote-boosted]
Barguna 1,2,Md. Jamal Hossain,dt,Jatiya Party (JaPa),dt=981,Md. Jamal Hossain,"ds,tbs",Jatiya Party (Manju) (JP–Manju),ds=981; tbs=981,1.00,"name+votes match, party differs: Jatiya Party (JaPa) → Jatiya Party (Manju) (JP–Manju)"
Barguna 2,1,Md. Nurul Islam,ds,Bangladesh Nationalist Party (BNP),ds=90643,Md. Nurul Islam,tbs,Bangladesh Nationalist Party (BNP),tbs=90643,1.00,name+party match (sim=1.00) [vote-boosted]
Barguna 2,1,Md. Nurul Islam,bss,Bangladesh Nationalist Party (BNP),bss=90643,Md. Nurul Islam,"ds,tbs",Bangladesh Nationalist Party (BNP),ds=90643; tbs=90643,1.00,name+party match (sim=1.00) [vote-boosted]
Barguna 2,1,Md. Nurul Islam,dt,Bangladesh Nationalist Party (BNP),dt=90643,Md. Nurul Islam,"bss,ds,tbs",Bangladesh Nationalist Party (BNP),bss=90643; ds=90643; tbs=90643,1.00,name+party match (sim=1.00) [vote-boosted]
Barguna 2,1,Md. Mizanur Rahman,ds,Islami Andolan Bangladesh (IAB),ds=16463,Md. Mizanur Rahman,tbs,Islami Andolan Bangladesh (IAB),tbs=16463,1.00,name+party match (sim=1.00) [vote-boosted]
Barguna 2,1,Md. Mizanur Rahman,dt,Islami Andolan Bangladesh (IAB),dt=16463,Md. Mizanur Rahman,"ds,tbs",Islami Andolan Bangladesh (IAB),ds=16463; tbs=16463,1.00,name+party match (sim=1.00) [vote-boosted]
Barguna 2,1,Md. Sabbir Ahmed,ds,Bangladesh Congress,ds=0,Md. Sabbir Ahmed,tbs,Bangladesh Congress,tbs=219,1.00,name+party match (sim=1.00)
Barguna 2,1,Md. Sabbir Ahmed,dt,Bangladesh Congress,dt=219,Md. Sabbir Ahmed,"ds,tbs",Bangladesh Congress,ds=0; tbs=219,1.00,name+party match (sim=1.00) [vote-boosted]
Barguna 2,1,Md. Kamruzzaman Liton,ds,Bangladesh Jatiya Party (BJP),ds=0,Md. Kamruzzaman Liton,tbs,Bangladesh Jatiya Party (BJP),tbs=115,1.00,name+party match (sim=1.00)
Barguna 2,1,Md. Kamruzzaman Liton,dt,Bangladesh Jatiya Party (BJP),dt=115,Md. Kamruzzaman Liton,"ds,tbs",Bangladesh Jatiya Party (BJP),ds=0; tbs=115,1.00,name+party match (sim=1.00) [vote-boosted]
Barguna 2,1,Abdul Latif Farazi,ds,Jatiya Party (JaPa),ds=0,Abdul Latif Faraji,tbs,Jatiya Party (JaPa),tbs=1248,0.94,name+party match (sim=0.94)
Barguna 2,1,Abdul Latif Farazi,dt,Jatiya Party (JaPa),dt=1248,Abdul Latif Faraji,"ds,tbs",Jatiya Party (JaPa),ds=0; tbs=1248,0.94,name+party match (sim=0.94) [vote-boosted]
Barguna 2,1,Syed Md. Nazis Afroz,ds,Nationalist Democratic Movement (NDM),ds=0,Md. Najes Afroze,tbs,Nationalist Democratic Movement (NDM),tbs=294,0.74,name+party match (sim=0.74)
Barguna 2,1,Syed Md. Najesh Afroz,dt,Nationalist Democratic Movement (NDM),dt=294,Syed Md. Nazis Afroz,"ds,tbs",Nationalist Democratic Movement (NDM),ds=0; tbs=294,0.88,name+party match (sim=0.88) [vote-boosted]
Barguna 2,1,Sultan Ahmed,ds,Bangladesh Jamaat-e-Islami (Jamaat),ds=85247,Sultan Ahmed,tbs,Bangladesh Jamaat-e-Islami (Jamaat),tbs=85247,1.00,name+party match (sim=1.00) [vote-boosted]
Barguna 2,1,Dr. Sultan Ahmad,bss,Bangladesh Jamaat-e-Islami (Jamaat),bss=85247,Sultan Ahmed,"ds,tbs",Bangladesh Jamaat-e-Islami (Jamaat),ds=85247; tbs=85247,1.00,name+party match (sim=1.00) [vote-boosted]
Barguna 2,1,Dr. Sultan Ahmed,dt,Bangladesh Jamaat-e-Islami (Jamaat),dt=85247,Dr. Sultan Ahmad,"bss,ds,tbs",Bangladesh Jamaat-e-Islami (Jamaat),bss=85247; ds=85247; tbs=85247,1.00,name+party match (sim=1.00) [vote-boosted]
Barguna 2,1,Md. Solaiman,ds,National People's Party (NPP),ds=0,Md. Solaiman,tbs,National People's Party (NPP),tbs=95,1.00,name+party match (sim=1.00)
Barguna 2,1,Md. Solaiman,dt,National People's Party (NPP),dt=95,Md. Solaiman,"ds,tbs",National People's Party (NPP),ds=0; tbs=95,1.00,name+party match (sim=1.00) [vote-boosted]
Barguna 2,1,Md. Rashed Ud Zaman,ds,Independent Candidate (Independent),ds=0,Md. Rashed Ud Zaman,tbs,Independent Candidate (Independent),tbs=298,1.00,name+party match (sim=1.00)
Barguna 2,1,Md. Rashed Ud Zaman,dt,Independent Candidate (Independent),dt=298,Md. Rashed Ud Zaman,"ds,tbs",Independent Candidate (Independent),ds=0; tbs=298,1.00,name+party match (sim=1.00) [vote-boosted]
Barishal 1,1,Md. Kamrul Islam Khan,ds,Bangladesh Jamaat-e-Islami (Jamaat),ds=46263,Md. Kamrul Islam Khan,tbs,Bangladesh Jamaat-e-Islami (Jamaat),tbs=46263,1.00,name+party match (sim=1.00) [vote-boosted]
Barishal 1,1,Md. Kamrul Islam Khan,bss,Bangladesh Jamaat-e-Islami (Jamaat),bss=46263,Md. Kamrul Islam Khan,"ds,tbs",Bangladesh Jamaat-e-Islami (Jamaat),ds=46263; tbs=46263,1.00,name+party match (sim=1.00) [vote-boosted]
Barishal 1,1,Md. Kamrul Islam Khan,dt,Bangladesh Jamaat-e-Islami (Jamaat),dt=46263,Md. Kamrul Islam Khan,"bss,ds,tbs",Bangladesh Jamaat-e-Islami (Jamaat),bss=46263; ds=46263; tbs=46263,1.00,name+party match (sim=1.00) [vote-boosted]
Barishal 1,1,Zahir Uddin Swapan,ds,Bangladesh Nationalist Party (BNP),ds=100552,Zahir Uddin Swapon,tbs,Bangladesh Nationalist Party (BNP),tbs=100552,1.00,name+party match (sim=1.00) [vote-boosted]
Barishal 1,1,Zahir Uddin Swapan,bss,Bangladesh Nationalist Party (BNP),bss=100522,Zahir Uddin Swapon,"ds,tbs",Bangladesh Nationalist Party (BNP),ds=100552; tbs=100552,1.00,name+party match (sim=1.00)
Barishal 1,1,Zahir Uddin Swapan,dt,Bangladesh Nationalist Party (BNP),dt=100552,Zahir Uddin Swapon,"bss,ds,tbs",Bangladesh Nationalist Party (BNP),bss=100522; ds=100552; tbs=100552,1.00,name+party match (sim=1.00) [vote-boosted]
Barishal 1,1,Abdus Sobhan,ds,Independent Candidate (Independent),ds=0,Abdus Sobhan,tbs,Independent Candidate (Independent),tbs=44188,1.00,name+party match (sim=1.00)
Barishal 1,1,Abdus Sobhan,dt,Independent Candidate (Independent),dt=44188,Abdus Sobhan,"ds,tbs",Independent Candidate (Independent),ds=0; tbs=44188,1.00,name+party match (sim=1.00) [vote-boosted]
Barishal 1,1,Md. Russell Sardar,ds,Islami Andolan Bangladesh (IAB),ds=0,Md. Rasel Sardar,tbs,Islami Andolan Bangladesh (IAB),tbs=6846,0.90,name+party match (sim=0.90)
Barishal 1,1,Md. Rasel Sardar,dt,Islami Andolan Bangladesh (IAB),dt=6846,Md. Russell Sardar,"ds,tbs",Islami Andolan Bangladesh (IAB),ds=0; tbs=6846,0.90,name+party match (sim=0.90) [vote-boosted]
Barishal 1,1,Sernabiat Sekandar Ali,ds,Jatiya Party (Manju) (JP–Manju),ds=0,Cherniabat Sekandar Ali,tbs,Jatiya Party (Manju) (JP–Manju),tbs=1736,0.89,name+party match (sim=0.89)
Barishal 1,2,Sher-e-Niabath Sekendar Ali,dt,Jatiya Party (JaPa),dt=1736,Cherniabat Sekandar Ali,"ds,tbs",Jatiya Party (Manju) (JP–Manju),ds=0; tbs=1736,0.88,"name+votes match, party differs: Jatiya Party (JaPa) → Jatiya Party (Manju) (JP–Manju)"
Barishal 2,1,Sardar Sarfuddin Ahmed,ds,Bangladesh Nationalist Party (BNP),ds=141622,Sardar Sarfuddin Ahmed,tbs,Bangladesh Nationalist Party (BNP),tbs=141622,1.00,name+party match (sim=1.00) [vote-boosted]
Barishal 2,1,Sardar Sarfuddin Ahmed,bss,Bangladesh Nationalist Party (BNP),bss=141622,Sardar Sarfuddin Ahmed,"ds,tbs",Bangladesh Nationalist Party (BNP),ds=141622; tbs=141622,1.00,name+party match (sim=1.00) [vote-boosted]
Barishal 2,1,Sardar Sarfuddin Ahmed,dt,Bangladesh Nationalist Party (BNP),dt=141622,Sardar Sarfuddin Ahmed,"bss,ds,tbs",Bangladesh Nationalist Party (BNP),bss=141622; ds=141622; tbs=141622,1.00,name+party match (sim=1.00) [vote-boosted]
Barishal 2,1,Md. Nesar Uddin,ds,Islami Andolan Bangladesh (IAB),ds=0,Md. Nesar Uddin,tbs,Islami Andolan Bangladesh (IAB),tbs=6021,1.00,name+party match (sim=1.00)
Barishal 2,1,Mohammad Nesar Uddin,dt,Islami Andolan Bangladesh (IAB),dt=6021,Md. Nesar Uddin,"ds,tbs",Islami Andolan Bangladesh (IAB),ds=0; tbs=6021,1.00,name+party match (sim=1.00) [vote-boosted]
Barishal 2,1,Abdul Mannan,ds,Bangladesh Jamaat-e-Islami (Jamaat),ds=74082,Abdul Mannan,tbs,Bangladesh Jamaat-e-Islami (Jamaat),tbs=78082,1.00,name+party match (sim=1.00)
Barishal 2,1,Abdul Mannan,bss,Bangladesh Jamaat-e-Islami (Jamaat),bss=74082,Abdul Mannan,"ds,tbs",Bangladesh Jamaat-e-Islami (Jamaat),ds=74082; tbs=78082,1.00,name+party match (sim=1.00) [vote-boosted]
Barishal 2,1,Abdul Mannan,dt,Bangladesh Jamaat-e-Islami (Jamaat),dt=74082,Abdul Mannan,"bss,ds,tbs",Bangladesh Jamaat-e-Islami (Jamaat),bss=74082; ds=74082; tbs=78082,1.00,name+party match (sim=1.00) [vote-boosted]
Barishal 2,1,A. A. Jalil,ds,Jatiya Party (JaPa),ds=0,M. A. Jalil,tbs,Jatiya Party (JaPa),tbs=1199,0.91,name+party match (sim=0.91)
Barishal 2,1,M. A. Jalil,dt,Jatiya Party (JaPa),dt=1199,M. A. Jalil,"ds,tbs",Jatiya Party (JaPa),ds=0; tbs=1199,1.00,name+party match (sim=1.00) [vote-boosted]
Barishal 2,1,Mr. Ali,ds,National People's Party (NPP),ds=0,Saheb Ali,tbs,National People's Party (NPP),tbs=185,0.72,name+party match (sim=0.72)
Barishal 2,1,Saheb Ali,dt,National People's Party (NPP),dt=185,Saheb Ali,"ds,tbs",National People's Party (NPP),ds=0; tbs=185,1.00,name+party match (sim=1.00) [vote-boosted]
Barishal 2,1,Ranjit Kumar Baroi,ds,Gono Odhikar Parishad (GOP),ds=0,Ranjit Kumar Baroi,tbs,Gono Odhikar Parishad (GOP),tbs=700,1.00,name+party match (sim=1.00)
Barishal 2,1,Ranjit Kumar Barai,dt,Gono Odhikar Parishad (GOP),dt=700,Ranjit Kumar Baroi,"ds,tbs",Gono Odhikar Parishad (GOP),ds=0; tbs=700,1.00,name+party match (sim=1.00) [vote-boosted]
Barishal 2,1,Md. Abul Kamal Azad,ds,Jatiya Samajtantrik Dal (JSD),ds=0,Md. Abul Kalam Azad,tbs,Jatiya Samajtantrik Dal (JSD),tbs=135,0.89,name+party match (sim=0.89)
Barishal 2,1,Md. Abul Kalam Azad,dt,Jatiya Samajtantrik Dal (JSD),dt=135,Md. Abul Kalam Azad,"ds,tbs",Jatiya Samajtantrik Dal (JSD),ds=0; tbs=135,1.00,name+party match (sim=1.00) [vote-boosted]
Barishal 2,1,A. Haq,ds,Jatiya Party (Manju) (JP–Manju),ds=0,A. Haque,tbs,Jatiya Party (Manju) (JP–Manju),tbs=2329,1.00,name+party match (sim=1.00)
Barishal 2,2,A. Haque,dt,Jatiya Party (JaPa),dt=2329,A. Haque,"ds,tbs",Jatiya Party (Manju) (JP–Manju),ds=0; tbs=2329,1.00,"name+votes match, party differs: Jatiya Party (JaPa) → Jatiya Party (Manju) (JP–Manju)"
Barishal 3,1,Md. Sirajul Islam,ds,Islami Andolan Bangladesh (IAB),ds=0,Md. Sirajul Islam,tbs,Islami Andolan Bangladesh (IAB),tbs=16325,1.00,name+party match (sim=1.00)
Barishal 3,1,Muhammad Sirajul Islam,dt,Islami Andolan Bangladesh (IAB),dt=16325,Md. Sirajul Islam,"ds,tbs",Islami Andolan Bangladesh (IAB),ds=0; tbs=16325,1.00,name+party match (sim=1.00) [vote-boosted]
Barishal 3,1,Zainul Abedin,ds,Bangladesh Nationalist Party (BNP),ds=80930,Zainul Abedin,tbs,Bangladesh Nationalist Party (BNP),tbs=80930,1.00,name+party match (sim=1.00) [vote-boosted]
Barishal 3,1,Zainul Abedin,bss,Bangladesh Nationalist Party (BNP),bss=80930,Zainul Abedin,"ds,tbs",Bangladesh Nationalist Party (BNP),ds=80930; tbs=80930,1.00,name+party match (sim=1.00) [vote-boosted]
Barishal 3,1,Zainul Abedin,dt,Bangladesh Nationalist Party (BNP),dt=80930,Zainul Abedin,"bss,ds,tbs",Bangladesh Nationalist Party (BNP),bss=80930; ds=80930; tbs=80930,1.00,name+party match (sim=1.00) [vote-boosted]
Barishal 3,1,Yamin H. M. Fardin,ds,Gono Odhikar Parishad (GOP),ds=0,Yamin Hm Fardin,tbs,Gono Odhikar Parishad (GOP),tbs=860,1.00,name+party match (sim=1.00)
Barishal 3,1,Yamin H. M. Fardin,dt,Gono Odhikar Parishad (GOP),dt=860,Yamin H. M. Fardin,"ds,tbs",Gono Odhikar Parishad (GOP),ds=0; tbs=860,1.00,name+party match (sim=1.00) [vote-boosted]
Barishal 3,1,Md. Asaduzzaman Bhuiyan,ds,Amar Bangladesh Party (AB),ds=61192,Md. Asaduzzaman Bhuiya,tbs,Amar Bangladesh Party (AB),tbs=61192,0.98,name+party match (sim=0.98) [vote-boosted]
Barishal 3,1,Mohammad Asaduzzaman Bhuiyan,bss,Amar Bangladesh Party (AB),bss=61192,Md. Asaduzzaman Bhuiyan,"ds,tbs",Amar Bangladesh Party (AB),ds=61192; tbs=61192,1.00,name+party match (sim=1.00) [vote-boosted]
Barishal 3,1,Mohammad Asaduzzaman Bhuiyan,dt,Amar Bangladesh Party (AB),dt=61192,Mohammad Asaduzzaman Bhuiyan,"bss,ds,tbs",Amar Bangladesh Party (AB),bss=61192; ds=61192; tbs=61192,1.00,name+party match (sim=1.00) [vote-boosted]
Barishal 3,1,Golam Kibria Tipu,ds,Jatiya Party (JaPa),ds=0,Golam Kibria Tipu,tbs,Jatiya Party (JaPa),tbs=14184,1.00,name+party match (sim=1.00)
Barishal 3,1,Golam Kibria Tipu,dt,Jatiya Party (JaPa),dt=14184,Golam Kibria Tipu,"ds,tbs",Jatiya Party (JaPa),ds=0; tbs=14184,1.00,name+party match (sim=1.00) [vote-boosted]
Barishal 3,1,Md. Azmul Hasan Jihad,ds,Bangladesh Samajtantrik Dal (Basad),ds=0,Md. Azmul Hasan Jihad,tbs,Bangladesh Samajtantrik Dal (Basad),tbs=214,1.00,name+party match (sim=1.00)
Barishal 3,1,Md. Azmul Hasan Jihad,dt,Bangladesh Samajtantrik Dal (Basad),dt=214,Md. Azmul Hasan Jihad,"ds,tbs",Bangladesh Samajtantrik Dal (Basad),ds=0; tbs=214,1.00,name+party match (sim=1.00) [vote-boosted]
Barishal 4,1,Abdul Jalil,ds,Bangladesh Sangskritik Muktijote (BSM),ds=0,Abdul Jalil,tbs,Bangladesh Sangskritik Muktijote (BSM),tbs=413,1.00,name+party match (sim=1.00)
Barishal 4,1,Abdul Jalil,dt,Bangladesh Sangskritik Muktijote (BSM),dt=413,Abdul Jalil,"ds,tbs",Bangladesh Sangskritik Muktijote (BSM),ds=0; tbs=413,1.00,name+party match (sim=1.00) [vote-boosted]
Barishal 4,1,Abdus Salam (Khokon),dt,Jatiya Samajtantrik Dal (JSD),dt=334,Abdus Salam Khokon,tbs,Jatiya Samajtantrik Dal (JSD),tbs=334,1.00,name+party match (sim=1.00) [vote-boosted]
Barishal 4,1,Abdus Sattar,ds,Jatiya Samajtantrik Dal (JSD),ds=0,Abdus Salam (Khokon),"dt,tbs",Jatiya Samajtantrik Dal (JSD),dt=334; tbs=334,0.78,name+party match (sim=0.78)
Barishal 4,1,Syed Ishaq Md. Abul Khair,ds,Islami Andolan Bangladesh (IAB),ds=0,Syed Eshak Md. Abul Khayer,tbs,Islami Andolan Bangladesh (IAB),tbs=36753,0.89,name+party match (sim=0.89)
Barishal 4,1,Syed Eshaq Md. Abul Khayer,dt,Islami Andolan Bangladesh (IAB),dt=36753,Syed Eshak Md. Abul Khayer,"ds,tbs",Islami Andolan Bangladesh (IAB),ds=0; tbs=36753,0.96,name+party match (sim=0.96) [vote-boosted]
Barishal 4,1,Md. Rajib Ahsan,ds,Bangladesh Nationalist Party (BNP),ds=128322,Md. Rajib Ahsan,tbs,Bangladesh Nationalist Party (BNP),tbs=128322,1.00,name+party match (sim=1.00) [vote-boosted]
Barishal 4,1,Md. Rajib Ahsan,bss,Bangladesh Nationalist Party (BNP),bss=128322,Md. Rajib Ahsan,"ds,tbs",Bangladesh Nationalist Party (BNP),ds=128322; tbs=128322,1.00,name+party match (sim=1.00) [vote-boosted]
Barishal 4,1,Md. Rajib Ahsan,dt,Bangladesh Nationalist Party (BNP),dt=128322,Md. Rajib Ahsan,"bss,ds,tbs",Bangladesh Nationalist Party (BNP),bss=128322; ds=128322; tbs=128322,1.00,name+party match (sim=1.00) [vote-boosted]
Barishal 4,1,Md. Abdul Jabbar,ds,Bangladesh Jamaat-e-Islami (Jamaat),ds=74684,Md. Abdul Jabbar,tbs,Bangladesh Jamaat-e-Islami (Jamaat),tbs=74684,1.00,name+party match (sim=1.00) [vote-boosted]
Barishal 4,1,Mohammad Abdul Jabbar,bss,Bangladesh Jamaat-e-Islami (Jamaat),bss=74684,Md. Abdul Jabbar,"ds,tbs",Bangladesh Jamaat-e-Islami (Jamaat),ds=74684; tbs=74684,1.00,name+party match (sim=1.00) [vote-boosted]
Barishal 4,1,Mohammad Abdul Jabbar,dt,Bangladesh Jamaat-e-Islami (Jamaat),dt=74684,Mohammad Abdul Jabbar,"bss,ds,tbs",Bangladesh Jamaat-e-Islami (Jamaat),bss=74684; ds=74684; tbs=74684,1.00,name+party match (sim=1.00) [vote-boosted]
Barishal 5,1,Abdul Hannan Sikder,ds,National People's Party (NPP),ds=0,Abdul Hannan Sikdar,tbs,National People's Party (NPP),tbs=494,1.00,name+party match (sim=1.00)
Barishal 5,1,Abdul Hannan Sikder,dt,National People's Party (NPP),dt=494,Abdul Hannan Sikdar,"ds,tbs",National People's Party (NPP),ds=0; tbs=494,1.00,name+party match (sim=1.00) [vote-boosted]
Barishal 5,1,Manisha Chakraborty,ds,Bangladesh Samajtantrik Dal (Basad),ds=0,Monisha Chakraborty,tbs,Bangladesh Samajtantrik Dal (Basad),tbs=22486,1.00,name+party match (sim=1.00)
Barishal 5,1,Monisha Chakraborty,dt,Bangladesh Samajtantrik Dal (Basad),dt=22486,Monisha Chakraborty,"ds,tbs",Bangladesh Samajtantrik Dal (Basad),ds=0; tbs=22486,1.00,name+party match (sim=1.00) [vote-boosted]
Barishal 5,1,Md. Mujibur Rahman Sarwar,ds,Bangladesh Nationalist Party (BNP),ds=135146,Md. Mojibur Rahman Sarwar,tbs,Bangladesh Nationalist Party (BNP),tbs=135146,1.00,name+party match (sim=1.00) [vote-boosted]
Barishal 5,1,Md. Mujibur Rahman Sarwar,bss,Bangladesh Nationalist Party (BNP),bss=135146,Md. Mojibur Rahman Sarwar,"ds,tbs",Bangladesh Nationalist Party (BNP),ds=135146; tbs=135146,1.00,name+party match (sim=1.00) [vote-boosted]
Barishal 5,1,Md. Mojibur Rahman Sarwar,dt,Bangladesh Nationalist Party (BNP),dt=135146,Md. Mojibur Rahman Sarwar,"bss,ds,tbs",Bangladesh Nationalist Party (BNP),bss=135146; ds=135146; tbs=135146,1.00,name+party match (sim=1.00) [vote-boosted]
Barishal 5,1,Akhtar Rahman,ds,Jatiya Party (JaPa),ds=0,Akhtar Rahman,tbs,Jatiya Party (JaPa),tbs=909,1.00,name+party match (sim=1.00)
Barishal 5,1,Akhtar Rahman,dt,Jatiya Party (JaPa),dt=909,Akhtar Rahman,"ds,tbs",Jatiya Party (JaPa),ds=0; tbs=909,1.00,name+party match (sim=1.00) [vote-boosted]
Barishal 5,1,Mufti Syed Md. Faizul Karim,ds,Islami Andolan Bangladesh (IAB),ds=95044,Mufti Syed Md. Faizul Karim,tbs,Islami Andolan Bangladesh (IAB),tbs=95044,1.00,name+party match (sim=1.00) [vote-boosted]
Barishal 5,1,Mufti Syed Md. Faizul Karim,bss,Islami Andolan Bangladesh (IAB),bss=95044,Mufti Syed Md. Faizul Karim,"ds,tbs",Islami Andolan Bangladesh (IAB),ds=95044; tbs=95044,1.00,name+party match (sim=1.00) [vote-boosted]
Barishal 5,1,Mufti Syed Md. Fayzul Karim,dt,Islami Andolan Bangladesh (IAB),dt=95044,Mufti Syed Md. Faizul Karim,"bss,ds,tbs",Islami Andolan Bangladesh (IAB),bss=95044; ds=95044; tbs=95044,0.97,name+party match (sim=0.97) [vote-boosted]
Barishal 5,1,Md. Saidur Rahman,ds,Socialist Party of Bangladesh (Marxist) (SPB-M),ds=0,Md. Saidur Rahman,tbs,Socialist Party of Bangladesh (Marxist) (SPB-M),tbs=300,1.00,name+party match (sim=1.00)
Barishal 5,1,Md. Saidur Rahman,dt,Socialist Party of Bangladesh (Marxist) (SPB-M),dt=300,Md. Saidur Rahman,"ds,tbs",Socialist Party of Bangladesh (Marxist) (SPB-M),ds=0; tbs=300,1.00,name+party match (sim=1.00) [vote-boosted]
Barishal 6,1,Mufti Syed Md. Faizul Karim,ds,Islami Andolan Bangladesh (IAB),ds=0,Mufti Syed Md. Faizul Karim,tbs,Islami Andolan Bangladesh (IAB),tbs=29146,1.00,name+party match (sim=1.00)
Barishal 6,1,Mufti Syed Md. Fayzul Karim,dt,Islami Andolan Bangladesh (IAB),dt=29146,Mufti Syed Md. Faizul Karim,"ds,tbs",Islami Andolan Bangladesh (IAB),ds=0; tbs=29146,0.97,name+party match (sim=0.97) [vote-boosted]
Barishal 6,1,Abdul Quddus,ds,Bangladesh Muslim League (BML),ds=0,Abdul Quddus,tbs,Bangladesh Muslim League (BML),tbs=244,1.00,name+party match (sim=1.00)
Barishal 6,1,Abdul Quddus,dt,Bangladesh Muslim League (BML),dt=244,Abdul Quddus,"ds,tbs",Bangladesh Muslim League (BML),ds=0; tbs=244,1.00,name+party match (sim=1.00) [vote-boosted]
Barishal 6,1,Md. Salahuddin Mia,ds,Gono Odhikar Parishad (GOP),ds=0,Md. Salahuddin Mia,tbs,Gono Odhikar Parishad (GOP),tbs=139,1.00,name+party match (sim=1.00)
Barishal 6,1,Md. Salauddin Mia,dt,Gono Odhikar Parishad (GOP),dt=139,Md. Salahuddin Mia,"ds,tbs",Gono Odhikar Parishad (GOP),ds=0; tbs=139,1.00,name+party match (sim=1.00) [vote-boosted]
Barishal 6,1,Md. Mahmudunnabi,ds,Bangladesh Jamaat-e-Islami (Jamaat),ds=55988,Md. Mahmudun Nabi,tbs,Bangladesh Jamaat-e-Islami (Jamaat),tbs=55988,1.00,name+party match (sim=1.00) [vote-boosted]
Barishal 6,1,Md. Mahmudunnabi,bss,Bangladesh Jamaat-e-Islami (Jamaat),bss=55988,Md. Mahmudun Nabi,"ds,tbs",Bangladesh Jamaat-e-Islami (Jamaat),ds=55988; tbs=55988,1.00,name+party match (sim=1.00) [vote-boosted]
Barishal 6,1,Md. Mahmudunnabi,dt,Bangladesh Jamaat-e-Islami (Jamaat),dt=55988,Md. Mahmudun Nabi,"bss,ds,tbs",Bangladesh Jamaat-e-Islami (Jamaat),bss=55988; ds=55988; tbs=55988,1.00,name+party match (sim=1.00) [vote-boosted]
Barishal 6,1,Abul Hossain Khan,ds,Bangladesh Nationalist Party (BNP),ds=82217,Abul Hossain Khan,tbs,Bangladesh Nationalist Party (BNP),tbs=82217,1.00,name+party match (sim=1.00) [vote-boosted]
Barishal 6,1,Abul Hossain Khan,bss,Bangladesh Nationalist Party (BNP),bss=82217,Abul Hossain Khan,"ds,tbs",Bangladesh Nationalist Party (BNP),ds=82217; tbs=82217,1.00,name+party match (sim=1.00) [vote-boosted]
Barishal 6,1,Abul Hossain Khan,dt,Bangladesh Nationalist Party (BNP),dt=82217,Abul Hossain Khan,"bss,ds,tbs",Bangladesh Nationalist Party (BNP),bss=82217; ds=82217; tbs=82217,1.00,name+party match (sim=1.00) [vote-boosted]
Barishal 6,1,Md. Kamrul Islam Khan,ds,Independent Candidate (Independent),ds=0,Md. Kamrul Islam Khan,tbs,Independent Candidate (Independent),tbs=366,1.00,name+party match (sim=1.00)
Barishal 6,1,Md. Kamrul Islam Khan,dt,Independent Candidate (Independent),dt=366,Md. Kamrul Islam Khan,"ds,tbs",Independent Candidate (Independent),ds=0; tbs=366,1.00,name+party match (sim=1.00) [vote-boosted]
Bhola 1,1,Andalib Rahman,ds,Bangladesh Jatiya Party (BJP),ds=105543,Andaleeve Rahman,tbs,Bangladesh Jatiya Party (BJP),tbs=105543,0.88,name+party match (sim=0.88) [vote-boosted]
Bhola 1,1,Andaliv Rahman,bss,Bangladesh Jatiya Party (BJP),bss=105543,Andaleeve Rahman,"ds,tbs",Bangladesh Jatiya Party (BJP),ds=105543; tbs=105543,1.00,name+party match (sim=1.00) [vote-boosted]
Bhola 1,1,Andaleeb Rahman,dt,Bangladesh Jatiya Party (BJP),dt=105543,Andaleeve Rahman,"bss,ds,tbs",Bangladesh Jatiya Party (BJP),bss=105543; ds=105543; tbs=105543,0.90,name+party match (sim=0.90) [vote-boosted]
Bhola 1,1,Md. Nazrul Islam,ds,Bangladesh Jamaat-e-Islami (Jamaat),ds=75337,Md. Nazrul Islam,tbs,Bangladesh Jamaat-e-Islami (Jamaat),tbs=75337,1.00,name+party match (sim=1.00) [vote-boosted]
Bhola 1,1,Md. Nazrul Islam,bss,Bangladesh Jamaat-e-Islami (Jamaat),bss=75337,Md. Nazrul Islam,"ds,tbs",Bangladesh Jamaat-e-Islami (Jamaat),ds=75337; tbs=75337,1.00,name+party match (sim=1.00) [vote-boosted]
Bhola 1,1,Md. Nazrul Islam,dt,Bangladesh Jamaat-e-Islami (Jamaat),dt=63352,Md. Nazrul Islam,"bss,ds,tbs",Bangladesh Jamaat-e-Islami (Jamaat),bss=75337; ds=75337; tbs=75337,1.00,name+party match (sim=1.00)
Bhola 1,1,Md. Ashraf Ali,ds,Bangladesh Islami Front (BIF),ds=0,Md. Ashraf Ali,tbs,Bangladesh Islami Front (BIF),tbs=303,1.00,name+party match (sim=1.00)
Bhola 1,1,Mohammad Ashraf Ali,dt,Bangladesh Islami Front (BIF),dt=303,Md. Ashraf Ali,"ds,tbs",Bangladesh Islami Front (BIF),ds=0; tbs=303,1.00,name+party match (sim=1.00) [vote-boosted]
Bhola 1,1,Md. Obaidul Rahman,ds,Islami Andolan Bangladesh (IAB),ds=0,Md. Obaidur Rahman,tbs,Islami Andolan Bangladesh (IAB),tbs=25245,0.94,name+party match (sim=0.94)
Bhola 1,1,Md. Obaidur Rahman,dt,Islami Andolan Bangladesh (IAB),dt=25245,Md. Obaidur Rahman,"ds,tbs",Islami Andolan Bangladesh (IAB),ds=0; tbs=25245,1.00,name+party match (sim=1.00) [vote-boosted]
Bhola 1,1,Md. Akbar Hossain,ds,Jatiya Party (JaPa),ds=0,Md. Akbar Hossain,tbs,Jatiya Party (JaPa),tbs=599,1.00,name+party match (sim=1.00)
Bhola 1,1,Md. Akbar Hossain,dt,Jatiya Party (JaPa),dt=599,Md. Akbar Hossain,"ds,tbs",Jatiya Party (JaPa),ds=0; tbs=599,1.00,name+party match (sim=1.00) [vote-boosted]
Bhola 1,1,Md. Ainur Rahman Jewel Mia,ds,Gono Odhikar Parishad (GOP),ds=0,Md. Ainur Rahman Jewel Mia,tbs,Gono Odhikar Parishad (GOP),tbs=1103,1.00,name+party match (sim=1.00)
Bhola 1,1,Md. Ainur Rahman (Jewel) Mia,dt,Gono Odhikar Parishad (GOP),dt=1103,Md. Ainur Rahman Jewel Mia,"ds,tbs",Gono Odhikar Parishad (GOP),ds=0; tbs=1103,0.87,name+party match (sim=0.87) [vote-boosted]
Bhola 1,1,Rafizul Hossain,ds,Independent Candidate (Independent),ds=0,Rafizul Hossain,tbs,Independent Candidate (Independent),tbs=134,1.00,name+party match (sim=1.00)
Bhola 1,1,Rafizul Hossain,dt,Independent Candidate (Independent),dt=134,Rafizul Hossain,"ds,tbs",Independent Candidate (Independent),ds=0; tbs=134,1.00,name+party match (sim=1.00) [vote-boosted]
Bhola 1,1,Md. Mizanur Rahman,ds,National People's Party (NPP),ds=0,Md. Mizanur Rahman,tbs,National People's Party (NPP),tbs=217,1.00,name+party match (sim=1.00)
Bhola 1,1,Md. Mizanur Rahman,dt,National People's Party (NPP),dt=217,Md. Mizanur Rahman,"ds,tbs",National People's Party (NPP),ds=0; tbs=217,1.00,name+party match (sim=1.00) [vote-boosted]
Bhola 2,1,Md. Hafiz Ibrahim,ds,Bangladesh Nationalist Party (BNP),ds=119085,Md. Hafiz Ibrahim,tbs,Bangladesh Nationalist Party (BNP),tbs=119085,1.00,name+party match (sim=1.00) [vote-boosted]
Bhola 2,1,Md. Hafiz Ibrahim,bss,Bangladesh Nationalist Party (BNP),bss=119085,Md. Hafiz Ibrahim,"ds,tbs",Bangladesh Nationalist Party (BNP),ds=119085; tbs=119085,1.00,name+party match (sim=1.00) [vote-boosted]
Bhola 2,1,Md. Hafiz Ibrahim,dt,Bangladesh Nationalist Party (BNP),dt=119085,Md. Hafiz Ibrahim,"bss,ds,tbs",Bangladesh Nationalist Party (BNP),bss=119085; ds=119085; tbs=119085,1.00,name+party match (sim=1.00) [vote-boosted]
Bhola 2,1,Mokfar Uddin Chowdhury,ds,Bangladesh Liberal Democratic Party (LDP),ds=0,Mokfar Uddin Chowdhury,tbs,Bangladesh Liberal Democratic Party (LDP),tbs=381,1.00,name+party match (sim=1.00)
Bhola 2,1,Mokfar Uddin Chowdhury,dt,Bangladesh Liberal Democratic Party (LDP),dt=381,Mokfar Uddin Chowdhury,"ds,tbs",Bangladesh Liberal Democratic Party (LDP),ds=0; tbs=381,1.00,name+party match (sim=1.00) [vote-boosted]
Bhola 2,1,Tashlima Begum,ds,Independent Candidate (Independent),ds=0,Taslima Begum,tbs,Independent Candidate (Independent),tbs=291,0.96,name+party match (sim=0.96)
Bhola 2,1,Taslima Begum,dt,Independent Candidate (Independent),dt=291,Tashlima Begum,"ds,tbs",Independent Candidate (Independent),ds=0; tbs=291,0.96,name+party match (sim=0.96) [vote-boosted]
Bhola 2,1,Md. Ala Uddin,ds,Amjanatar Dol,ds=0,Md. Ala Uddin,tbs,Amjanatar Dol,tbs=370,1.00,name+party match (sim=1.00)
Bhola 2,1,Md. Ala Uddin,dt,Amjanatar Dol,dt=370,Md. Ala Uddin,"ds,tbs",Amjanatar Dol,ds=0; tbs=370,1.00,name+party match (sim=1.00) [vote-boosted]
Bhola 2,1,Md. Jahangir Alam Rintu,ds,Jatiya Party (JaPa),ds=0,Md. Jahangir Alam Ritu,tbs,Jatiya Party (JaPa),tbs=450,0.98,name+party match (sim=0.98)
Bhola 2,1,Advocate Md. Jahangir Alam Ritu,dt,Jatiya Party (JaPa),dt=450,Md. Jahangir Alam Rintu,"ds,tbs",Jatiya Party (JaPa),ds=0; tbs=450,0.98,name+party match (sim=0.98) [vote-boosted]
Bhola 2,1,Md. Fazlul Karim,ds,Bangladesh Jamaat-e-Islami (Jamaat),ds=93703,Md. Fazlul Karim,tbs,Bangladesh Jamaat-e-Islami (Jamaat),tbs=93703,1.00,name+party match (sim=1.00) [vote-boosted]
Bhola 2,1,Mohammad Fazlul Karim,bss,Bangladesh Jamaat-e-Islami (Jamaat),bss=93703,Md. Fazlul Karim,"ds,tbs",Bangladesh Jamaat-e-Islami (Jamaat),ds=93703; tbs=93703,1.00,name+party match (sim=1.00) [vote-boosted]
Bhola 2,1,Mohammad Fazlul Karim,dt,Bangladesh Jamaat-e-Islami (Jamaat),dt=93703,Mohammad Fazlul Karim,"bss,ds,tbs",Bangladesh Jamaat-e-Islami (Jamaat),bss=93703; ds=93703; tbs=93703,1.00,name+party match (sim=1.00) [vote-boosted]
Bhola 2,1,Md. Zakir Hossain Laskar,ds,Independent Candidate (Independent),ds=0,Md. Zakir Hossain Khandaker,tbs,Independent Candidate (Independent),tbs=596,0.82,name+party match (sim=0.82)
Bhola 2,1,Md. Zakir Hossain Khandakar,dt,Independent Candidate (Independent),dt=596,Md. Zakir Hossain Khandaker,"ds,tbs",Independent Candidate (Independent),ds=0; tbs=596,1.00,name+party match (sim=1.00) [vote-boosted]
Bhola 2,1,Mohibullah Khokon,ds,Independent Candidate (Independent),ds=0,Mohibullah Khokon,tbs,Independent Candidate (Independent),tbs=546,1.00,name+party match (sim=1.00)
Bhola 2,1,Mahibullah Khokon,dt,Independent Candidate (Independent),dt=546,Mohibullah Khokon,"ds,tbs",Independent Candidate (Independent),ds=0; tbs=546,1.00,name+party match (sim=1.00) [vote-boosted]
Bhola 3,1,Hafiz Uddin Ahmed,ds,Bangladesh Nationalist Party (BNP),ds=145990,Hafiz Uddin Ahmed Bir Bikram,tbs,Bangladesh Nationalist Party (BNP),tbs=145990,1.00,name+party match (sim=1.00) [vote-boosted]
Bhola 3,1,Hafiz Uddin Ahmad Bir Bikram,bss,Bangladesh Nationalist Party (BNP),bss=145990,Hafiz Uddin Ahmed Bir Bikram,"ds,tbs",Bangladesh Nationalist Party (BNP),ds=145990; tbs=145990,1.00,name+party match (sim=1.00) [vote-boosted]
Bhola 3,1,"Hafiz Uddin Ahmed, Bir Bikram",dt,Bangladesh Nationalist Party (BNP),dt=145990,Hafiz Uddin Ahmed Bir Bikram,"bss,ds,tbs",Bangladesh Nationalist Party (BNP),bss=145990; ds=145990; tbs=145990,1.00,name+party match (sim=1.00) [vote-boosted]
Bhola 3,1,Md. Mosleh Uddin,ds,Islami Andolan Bangladesh (IAB),ds=0,Md. Mosleh Uddin,tbs,Islami Andolan Bangladesh (IAB),tbs=7255,1.00,name+party match (sim=1.00)
Bhola 3,1,Md. Mosleh Uddin,dt,Islami Andolan Bangladesh (IAB),dt=7255,Md. Mosleh Uddin,"ds,tbs",Islami Andolan Bangladesh (IAB),ds=0; tbs=7255,1.00,name+party match (sim=1.00) [vote-boosted]
Bhola 3,1,Md. Kamal Uddin,ds,Jatiya Party (JaPa),ds=0,Md. Kamal Uddin,tbs,Jatiya Party (JaPa),tbs=789,1.00,name+party match (sim=1.00)
Bhola 3,1,Md. Kamal Uddin,dt,Jatiya Party (JaPa),dt=789,Md. Kamal Uddin,"ds,tbs",Jatiya Party (JaPa),ds=0; tbs=789,1.00,name+party match (sim=1.00) [vote-boosted]
Bhola 3,1,Md. Abu Tayyab,ds,Gono Odhikar Parishad (GOP),ds=0,Md. Abu Taiyeb,tbs,Gono Odhikar Parishad (GOP),tbs=260,0.92,name+party match (sim=0.92)
Bhola 3,1,Md. Abu Taiyab,dt,Gono Odhikar Parishad (GOP),dt=260,Md. Abu Taiyeb,"ds,tbs",Gono Odhikar Parishad (GOP),ds=0; tbs=260,1.00,name+party match (sim=1.00) [vote-boosted]
Bhola 3,1,Md. Nizamul Haque,ds,Bangladesh Development Party (BDP),ds=57351,Md. Nizamul Haque,tbs,Bangladesh Development Party (BDP),tbs=57351,1.00,name+party match (sim=1.00) [vote-boosted]
Bhola 3,1,Muha: Nizamul Haque,bss,Bangladesh Development Party (BDP),bss=57351,Md. Nizamul Haque,"ds,tbs",Bangladesh Development Party (BDP),ds=57351; tbs=57351,0.83,name+party match (sim=0.83) [vote-boosted]
Bhola 3,1,Md. Nizamul Haque,dt,Bangladesh Development Party (BDP),dt=57351,Muha: Nizamul Haque,"bss,ds,tbs",Bangladesh Development Party (BDP),bss=57351; ds=57351; tbs=57351,0.83,name+party match (sim=0.83) [vote-boosted]
Bhola 3,1,Md. Rahmatullah,dt,Independent Candidate (Independent),dt=508,Md. Rahmat Ullah,tbs,Independent Candidate (Independent),tbs=508,1.00,name+party match (sim=1.00) [vote-boosted]
Bhola 4,1,Md. Mustafa Kamal,ds,Bangladesh Jamaat-e-Islami (Jamaat),ds=81437,Md. Mostofa Kamal,tbs,Bangladesh Jamaat-e-Islami (Jamaat),tbs=81937,1.00,name+party match (sim=1.00)
Bhola 4,1,Mohammad Mustafa Kamal,bss,Bangladesh Jamaat-e-Islami (Jamaat),bss=81437,Md. Mostofa Kamal,"ds,tbs",Bangladesh Jamaat-e-Islami (Jamaat),ds=81437; tbs=81937,1.00,name+party match (sim=1.00) [vote-boosted]
Bhola 4,1,Mohammad Mostafa Kamal,dt,Bangladesh Jamaat-e-Islami (Jamaat),dt=81437,Mohammad Mustafa Kamal,"bss,ds,tbs",Bangladesh Jamaat-e-Islami (Jamaat),bss=81437; ds=81437; tbs=81937,1.00,name+party match (sim=1.00) [vote-boosted]
Bhola 4,1,Md. Jalal Uddin Rumi,ds,Amjanatar Dol,ds=0,Md. Jalal Uddin Rumi,tbs,Amjanatar Dol,tbs=176,1.00,name+party match (sim=1.00)
Bhola 4,1,Md. Jalal Uddin Rumi,dt,Amjanatar Dol,dt=176,Md. Jalal Uddin Rumi,"ds,tbs",Amjanatar Dol,ds=0; tbs=176,1.00,name+party match (sim=1.00) [vote-boosted]
Bhola 4,1,Abul Mukarram Md. Kamal Uddin,ds,Islami Andolan Bangladesh (IAB),ds=0,Abul Mokarram Md. Kamal Uddin,tbs,Islami Andolan Bangladesh (IAB),tbs=24935,1.00,name+party match (sim=1.00)
Bhola 4,1,Abul Mokarram Md. Kamal Uddin,dt,Islami Andolan Bangladesh (IAB),dt=24935,Abul Mokarram Md. Kamal Uddin,"ds,tbs",Islami Andolan Bangladesh (IAB),ds=0; tbs=24935,1.00,name+party match (sim=1.00) [vote-boosted]
Bhola 4,1,Md. Nurul Islam,ds,Bangladesh Nationalist Party (BNP),ds=189351,Md. Nurul Islam,tbs,Bangladesh Nationalist Party (BNP),tbs=189351,1.00,name+party match (sim=1.00) [vote-boosted]
Bhola 4,1,Mohammad Nurul Islam,bss,Bangladesh Nationalist Party (BNP),bss=189351,Md. Nurul Islam,"ds,tbs",Bangladesh Nationalist Party (BNP),ds=189351; tbs=189351,1.00,name+party match (sim=1.00) [vote-boosted]
Bhola 4,1,Mohammad Nurul Islam,dt,Bangladesh Nationalist Party (BNP),dt=189351,Mohammad Nurul Islam,"bss,ds,tbs",Bangladesh Nationalist Party (BNP),bss=189351; ds=189351; tbs=189351,1.00,name+party match (sim=1.00) [vote-boosted]
Bhola 4,1,Md. Mizanur Rahman,ds,Jatiya Party (JaPa),ds=0,Md. Mizanur Rahman,tbs,Jatiya Party (JaPa),tbs=545,1.00,name+party match (sim=1.00)
Bhola 4,1,Md. Mizanur Rahman,dt,Jatiya Party (JaPa),dt=585,Md. Mizanur Rahman,"ds,tbs",Jatiya Party (JaPa),ds=0; tbs=545,1.00,name+party match (sim=1.00)
Bhola 4,1,Abul Kalam,ds,Nationalist Democratic Movement (NDM),ds=0,Md. Abul Kalam,tbs,Nationalist Democratic Movement (NDM),tbs=208,1.00,name+party match (sim=1.00)
Bhola 4,1,Abul Kalam,dt,Nationalist Democratic Movement (NDM),dt=208,Md. Abul Kalam,"ds,tbs",Nationalist Democratic Movement (NDM),ds=0; tbs=208,1.00,name+party match (sim=1.00) [vote-boosted]
Bhola 4,1,Md. Rafiqul Islam,ds,Independent Candidate (Independent),ds=0,Md. Rafiqul Islam,tbs,Independent Candidate (Independent),tbs=235,1.00,name+party match (sim=1.00)
Bhola 4,1,Mohammad Rafiqul Islam,dt,Independent Candidate (Independent),dt=235,Md. Rafiqul Islam,"ds,tbs",Independent Candidate (Independent),ds=0; tbs=235,1.00,name+party match (sim=1.00) [vote-boosted]
Bogura 1,1,A. B. M. Mustafa Kemal Pasha,ds,Islami Andolan Bangladesh (IAB),ds=0,Abm Mostofa Kamal Pasha,tbs,Islami Andolan Bangladesh (IAB),tbs=1026,1.00,name+party match (sim=1.00)
Bogura 1,1,A. B. M. Mostafa Kamal Pasha,dt,Islami Andolan Bangladesh (IAB),dt=1026,A. B. M. Mustafa Kemal Pasha,"ds,tbs",Islami Andolan Bangladesh (IAB),ds=0; tbs=1026,1.00,name+party match (sim=1.00) [vote-boosted]
Bogura 1,1,Kazi Rafiqul Islam,ds,Bangladesh Nationalist Party (BNP),ds=171440,Kazi Rafiqul Islam,tbs,Bangladesh Nationalist Party (BNP),tbs=171440,1.00,name+party match (sim=1.00) [vote-boosted]
Bogura 1,1,Kazi Rafiqul Islam,bss,Bangladesh Nationalist Party (BNP),bss=171440,Kazi Rafiqul Islam,"ds,tbs",Bangladesh Nationalist Party (BNP),ds=171440; tbs=171440,1.00,name+party match (sim=1.00) [vote-boosted]
Bogura 1,1,Kazi Rafiqul Islam,dt,Bangladesh Nationalist Party (BNP),dt=171440,Kazi Rafiqul Islam,"bss,ds,tbs",Bangladesh Nationalist Party (BNP),bss=171440; ds=171440; tbs=171440,1.00,name+party match (sim=1.00) [vote-boosted]
Bogura 1,1,Md. Zulfiqar Ali,ds,Gono Forum (GF),ds=0,Md. Zulfiqar Ali,tbs,Gono Forum (GF),tbs=298,1.00,name+party match (sim=1.00)
Bogura 1,1,Md. Zulfikar Ali,dt,Gono Forum (GF),dt=298,Md. Zulfiqar Ali,"ds,tbs",Gono Forum (GF),ds=0; tbs=298,0.94,name+party match (sim=0.94) [vote-boosted]
Bogura 1,1,Md. Shahabuddin,ds,Bangladesh Jamaat-e-Islami (Jamaat),ds=57959,Md. Shahabuddin,tbs,Bangladesh Jamaat-e-Islami (Jamaat),tbs=57959,1.00,name+party match (sim=1.00) [vote-boosted]
Bogura 1,1,Md. Shahabuddin,bss,Bangladesh Jamaat-e-Islami (Jamaat),bss=57959,Md. Shahabuddin,"ds,tbs",Bangladesh Jamaat-e-Islami (Jamaat),ds=57959; tbs=57959,1.00,name+party match (sim=1.00) [vote-boosted]
Bogura 1,1,Md. Shahabuddin,dt,Bangladesh Jamaat-e-Islami (Jamaat),dt=57959,Md. Shahabuddin,"bss,ds,tbs",Bangladesh Jamaat-e-Islami (Jamaat),bss=57959; ds=57959; tbs=57959,1.00,name+party match (sim=1.00) [vote-boosted]
Bogura 1,1,Md. Asadul Haque,ds,Bangladesh Congress,ds=0,Md. Asadul Haque,tbs,Bangladesh Congress,tbs=597,1.00,name+party match (sim=1.00)
Bogura 1,1,Md. Asadul Haque,dt,Bangladesh Congress,dt=597,Md. Asadul Haque,"ds,tbs",Bangladesh Congress,ds=0; tbs=597,1.00,name+party match (sim=1.00) [vote-boosted]
Bogura 2,1,Abul Azad Md. Shahaduzzaman,ds,Bangladesh Jamaat-e-Islami (Jamaat),ds=93548,Abul Azad Md. Shaduzzam,tbs,Bangladesh Jamaat-e-Islami (Jamaat),tbs=93548,0.92,name+party match (sim=0.92) [vote-boosted]
Bogura 2,1,Abul Azad Mohammad Shahaduzzaman,bss,Bangladesh Jamaat-e-Islami (Jamaat),bss=93548,Abul Azad Md. Shahaduzzaman,"ds,tbs",Bangladesh Jamaat-e-Islami (Jamaat),ds=93548; tbs=93548,1.00,name+party match (sim=1.00) [vote-boosted]
Bogura 2,1,Abul Azad Mohammad Shahaduzzaman,dt,Bangladesh Jamaat-e-Islami (Jamaat),dt=93548,Abul Azad Mohammad Shahaduzzaman,"bss,ds,tbs",Bangladesh Jamaat-e-Islami (Jamaat),bss=93548; ds=93548; tbs=93548,1.00,name+party match (sim=1.00) [vote-boosted]
Bogura 2,1,Mir Shah Alam,ds,Bangladesh Nationalist Party (BNP),ds=145024,Mir Shahe Alam,tbs,Bangladesh Nationalist Party (BNP),tbs=145137,1.00,name+party match (sim=1.00)
Bogura 2,1,Mir Shahe Alam,bss,Bangladesh Nationalist Party (BNP),bss=145024,Mir Shahe Alam,"ds,tbs",Bangladesh Nationalist Party (BNP),ds=145024; tbs=145137,1.00,name+party match (sim=1.00) [vote-boosted]
Bogura 2,1,Mir Shahe Alam,dt,Bangladesh Nationalist Party (BNP),dt=145024,Mir Shahe Alam,"bss,ds,tbs",Bangladesh Nationalist Party (BNP),bss=145024; ds=145024; tbs=145137,1.00,name+party match (sim=1.00) [vote-boosted]
Bogura 2,1,Md. Jamal Uddin,ds,Islami Andolan Bangladesh (IAB),ds=0,Md. Jamal Uddin,tbs,Islami Andolan Bangladesh (IAB),tbs=913,1.00,name+party match (sim=1.00)
Bogura 2,1,Md. Jamal Uddin,dt,Islami Andolan Bangladesh (IAB),dt=913,Md. Jamal Uddin,"ds,tbs",Islami Andolan Bangladesh (IAB),ds=0; tbs=913,1.00,name+party match (sim=1.00) [vote-boosted]
Bogura 2,1,Md. Rezaul Karim Talu,ds,Independent Candidate (Independent),ds=0,Md. Rezaul Karim Talu,tbs,Independent Candidate (Independent),tbs=183,1.00,name+party match (sim=1.00)
Bogura 2,1,Md. Rezaul Karim Talu,dt,Independent Candidate (Independent),dt=183,Md. Rezaul Karim Talu,"ds,tbs",Independent Candidate (Independent),ds=0; tbs=183,1.00,name+party match (sim=1.00) [vote-boosted]
Bogura 2,1,Md. Selim Sarkar,ds,Gono Odhikar Parishad (GOP),ds=0,Md. Selim Sarkar,tbs,Gono Odhikar Parishad (GOP),tbs=274,1.00,name+party match (sim=1.00)
Bogura 2,1,Md. Selim Sarkar,dt,Gono Odhikar Parishad (GOP),dt=274,Md. Selim Sarkar,"ds,tbs",Gono Odhikar Parishad (GOP),ds=0; tbs=274,1.00,name+party match (sim=1.00) [vote-boosted]
Bogura 2,1,Shariful Islam Jinnah,ds,Jatiya Party (JaPa),ds=0,Shariful Islam Jinnah,tbs,Jatiya Party (JaPa),tbs=434,1.00,name+party match (sim=1.00)
Bogura 2,1,Shariful Islam Jinnah,dt,Jatiya Party (JaPa),dt=434,Shariful Islam Jinnah,"ds,tbs",Jatiya Party (JaPa),ds=0; tbs=434,1.00,name+party match (sim=1.00) [vote-boosted]
Bogura 2,1,Mahmudur Rahman Manna,ds,Nagorik Oikya (NO),ds=0,Mahmudur Rahman Manna,tbs,Nagorik Oikya (NO),tbs=3426,1.00,name+party match (sim=1.00)
Bogura 2,1,Mahmudur Rahman Manna,dt,Nagorik Oikya (NO),dt=3426,Mahmudur Rahman Manna,"ds,tbs",Nagorik Oikya (NO),ds=0; tbs=3426,1.00,name+party match (sim=1.00) [vote-boosted]
Bogura 3,1,Md. Noor Md.,ds,Bangladesh Jamaat-e-Islami (Jamaat),ds=111026,Nur Mohhammad,tbs,Bangladesh Jamaat-e-Islami (Jamaat),tbs=111026,0.72,name+party match (sim=0.72) [vote-boosted]
Bogura 3,1,Noor Mohammad,bss,Bangladesh Jamaat-e-Islami (Jamaat),bss=111026,Nur Mohhammad,"ds,tbs",Bangladesh Jamaat-e-Islami (Jamaat),ds=111026; tbs=111026,0.73,name+party match (sim=0.73) [vote-boosted]
Bogura 3,1,Nur Mohammad,dt,Bangladesh Jamaat-e-Islami (Jamaat),dt=111026,Nur Mohhammad,"bss,ds,tbs",Bangladesh Jamaat-e-Islami (Jamaat),bss=111026; ds=111026; tbs=111026,0.73,name+party match (sim=0.73) [vote-boosted]
Bogura 3,1,Md. Abdul Mohit Talukder,ds,Bangladesh Nationalist Party (BNP),ds=127406,Md. Abdul Muhit Talukdar,tbs,Bangladesh Nationalist Party (BNP),tbs=127406,1.00,name+party match (sim=1.00) [vote-boosted]
Bogura 3,1,Md. Abdul Mohit Talukder,bss,Bangladesh Nationalist Party (BNP),bss=127406,Md. Abdul Muhit Talukdar,"ds,tbs",Bangladesh Nationalist Party (BNP),ds=127406; tbs=127406,1.00,name+party match (sim=1.00) [vote-boosted]
Bogura 3,1,Md. Abdul Mohit Talukdar,dt,Bangladesh Nationalist Party (BNP),dt=127406,Md. Abdul Muhit Talukdar,"bss,ds,tbs",Bangladesh Nationalist Party (BNP),bss=127406; ds=127406; tbs=127406,1.00,name+party match (sim=1.00) [vote-boosted]
Bogura 3,1,Md. Shahjahan Ali Talukder,ds,Islami Andolan Bangladesh (IAB),ds=0,Md. Shahjahan Ali Talukdar,tbs,Islami Andolan Bangladesh (IAB),tbs=1789,1.00,name+party match (sim=1.00)
Bogura 3,1,Md. Shahjahan Ali Talukdar,dt,Islami Andolan Bangladesh (IAB),dt=1789,Md. Shahjahan Ali Talukdar,"ds,tbs",Islami Andolan Bangladesh (IAB),ds=0; tbs=1789,1.00,name+party match (sim=1.00) [vote-boosted]
Bogura 3,1,Md. Shahinul Islam,ds,Jatiya Party (JaPa),ds=0,Md. Shahinul Islam,tbs,Jatiya Party (JaPa),tbs=1495,1.00,name+party match (sim=1.00)
Bogura 3,1,Md. Shahinul Islam,dt,Jatiya Party (JaPa),dt=1495,Md. Shahinul Islam,"ds,tbs",Jatiya Party (JaPa),ds=0; tbs=1495,1.00,name+party match (sim=1.00) [vote-boosted]
Bogura 4,1,Md. Idris Ali,ds,Islami Andolan Bangladesh (IAB),ds=0,Muha. Idris Ali,tbs,Islami Andolan Bangladesh (IAB),tbs=2954,0.86,name+party match (sim=0.86)
Bogura 4,1,Muhammad Idris Ali,dt,Islami Andolan Bangladesh (IAB),dt=2954,Muha. Idris Ali,"ds,tbs",Islami Andolan Bangladesh (IAB),ds=0; tbs=2954,0.86,name+party match (sim=0.86) [vote-boosted]
Bogura 4,1,Md. Mosharraf Hossain,ds,Bangladesh Nationalist Party (BNP),ds=155339,Md. Mosharraf Hossain,tbs,Bangladesh Nationalist Party (BNP),tbs=155339,1.00,name+party match (sim=1.00) [vote-boosted]
Bogura 4,1,Md. Mosharraf Hossain,bss,Bangladesh Nationalist Party (BNP),bss=155339,Md. Mosharraf Hossain,"ds,tbs",Bangladesh Nationalist Party (BNP),ds=155339; tbs=155339,1.00,name+party match (sim=1.00) [vote-boosted]
Bogura 4,1,Md. Mosharraf Hossain,dt,Bangladesh Nationalist Party (BNP),dt=155339,Md. Mosharraf Hossain,"bss,ds,tbs",Bangladesh Nationalist Party (BNP),bss=155339; ds=155339; tbs=155339,1.00,name+party match (sim=1.00) [vote-boosted]
Bogura 4,1,Md. Mustafa Faisal,ds,Bangladesh Jamaat-e-Islami (Jamaat),ds=108978,Md. Mostafa Faisal,tbs,Bangladesh Jamaat-e-Islami (Jamaat),tbs=108978,1.00,name+party match (sim=1.00) [vote-boosted]
Bogura 4,1,Md. Mustafa Faisal,bss,Bangladesh Jamaat-e-Islami (Jamaat),bss=108978,Md. Mostafa Faisal,"ds,tbs",Bangladesh Jamaat-e-Islami (Jamaat),ds=108978; tbs=108978,1.00,name+party match (sim=1.00) [vote-boosted]
Bogura 4,1,Md. Mostafa Faisal,dt,Bangladesh Jamaat-e-Islami (Jamaat),dt=108975,Md. Mostafa Faisal,"bss,ds,tbs",Bangladesh Jamaat-e-Islami (Jamaat),bss=108978; ds=108978; tbs=108978,1.00,name+party match (sim=1.00)
Bogura 4,1,Shahin Mustafa Kamal,ds,Jatiya Party (JaPa),ds=0,Shaheen Mostafa Kamal,tbs,Jatiya Party (JaPa),tbs=1107,1.00,name+party match (sim=1.00)
Bogura 4,1,Shaheen Mostafa Kamal,dt,Jatiya Party (JaPa),dt=1107,Shaheen Mostafa Kamal,"ds,tbs",Jatiya Party (JaPa),ds=0; tbs=1107,1.00,name+party match (sim=1.00) [vote-boosted]
Bogura 5,1,Khan Qudrat E. Saqlain,ds,Bangladesh Liberal Democratic Party (LDP),ds=0,Khan Qudrat E Sakrain,tbs,Bangladesh Liberal Democratic Party (LDP),tbs=1134,0.91,name+party match (sim=0.91)
Bogura 5,1,Khan Qudrat-e-Saklayen,dt,Bangladesh Liberal Democratic Party (LDP),dt=1134,Khan Qudrat E. Saqlain,"ds,tbs",Bangladesh Liberal Democratic Party (LDP),ds=0; tbs=1134,0.87,name+party match (sim=0.87) [vote-boosted]
Bogura 5,1,Gulam Md. Siraj,ds,Bangladesh Nationalist Party (BNP),ds=248841,Golam Md. Siraj,tbs,Bangladesh Nationalist Party (BNP),tbs=248841,1.00,name+party match (sim=1.00) [vote-boosted]
Bogura 5,1,Ghulam Mohammad Siraj,bss,Bangladesh Nationalist Party (BNP),bss=248841,Golam Md. Siraj,"ds,tbs",Bangladesh Nationalist Party (BNP),ds=248841; tbs=248841,0.94,name+party match (sim=0.94) [vote-boosted]
Bogura 5,1,Golam Mohammad Siraj,dt,Bangladesh Nationalist Party (BNP),dt=248841,Ghulam Mohammad Siraj,"bss,ds,tbs",Bangladesh Nationalist Party (BNP),bss=248841; ds=248841; tbs=248841,0.94,name+party match (sim=0.94) [vote-boosted]
Bogura 5,1,Mir Md. Mahmudur Rahman,ds,Islami Andolan Bangladesh (IAB),ds=0,Mir Md. Mahmudur Rahman,tbs,Islami Andolan Bangladesh (IAB),tbs=5558,1.00,name+party match (sim=1.00)
Bogura 5,1,Mir Md. Mahmudur Rahman,dt,Islami Andolan Bangladesh (IAB),dt=5558,Mir Md. Mahmudur Rahman,"ds,tbs",Islami Andolan Bangladesh (IAB),ds=0; tbs=5558,1.00,name+party match (sim=1.00) [vote-boosted]
Bogura 5,1,Md. Dabibur Rahman,ds,Bangladesh Jamaat-e-Islami (Jamaat),ds=143329,Md. Dabibur Rahman,tbs,Bangladesh Jamaat-e-Islami (Jamaat),tbs=143329,1.00,name+party match (sim=1.00) [vote-boosted]
Bogura 5,1,Md Dabibur Rahman,bss,Bangladesh Jamaat-e-Islami (Jamaat),bss=143329,Md. Dabibur Rahman,"ds,tbs",Bangladesh Jamaat-e-Islami (Jamaat),ds=143329; tbs=143329,1.00,name+party match (sim=1.00) [vote-boosted]
Bogura 5,1,Md. Dabibur Rahman,dt,Bangladesh Jamaat-e-Islami (Jamaat),dt=143329,Md. Dabibur Rahman,"bss,ds,tbs",Bangladesh Jamaat-e-Islami (Jamaat),bss=143329; ds=143329; tbs=143329,1.00,name+party match (sim=1.00) [vote-boosted]
Bogura 5,1,Shipan Kumar Ravidas,ds,Communist Party of Bangladesh (CPB),ds=0,Shipon Kumar Rabidas,tbs,Communist Party of Bangladesh (CPB),tbs=1782,0.91,name+party match (sim=0.91)
Bogura 5,1,Shipon Kumar Rabidas,dt,Communist Party of Bangladesh (CPB),dt=1782,Shipon Kumar Rabidas,"ds,tbs",Communist Party of Bangladesh (CPB),ds=0; tbs=1782,1.00,name+party match (sim=1.00) [vote-boosted]
Bogura 6,1,Abdullah Al Waqi,ds,Jatiya Samajtantrik Dal (JSD),ds=0,Abdullah Al Waki,tbs,Jatiya Samajtantrik Dal (JSD),tbs=276,0.94,name+party match (sim=0.94)
Bogura 6,1,Abdullah-al-Waki,dt,Jatiya Samajtantrik Dal (JSD),dt=276,Abdullah Al Waki,"ds,tbs",Jatiya Samajtantrik Dal (JSD),ds=0; tbs=276,1.00,name+party match (sim=1.00) [vote-boosted]
Bogura 6,1,Abu Numan Md. Mamunur Rashid,ds,Islami Andolan Bangladesh (IAB),ds=0,Abu Numan Md. Mamunur Rashid,tbs,Islami Andolan Bangladesh (IAB),tbs=2508,1.00,name+party match (sim=1.00)
Bogura 6,1,Abu Numan Md. Mamunur Rashid,dt,Islami Andolan Bangladesh (IAB),dt=2508,Abu Numan Md. Mamunur Rashid,"ds,tbs",Islami Andolan Bangladesh (IAB),ds=0; tbs=2508,1.00,name+party match (sim=1.00) [vote-boosted]
Bogura 6,1,Dilruba,ds,Bangladesh Samajtantrik Dal (Basad),ds=0,Dilruba,tbs,Bangladesh Samajtantrik Dal (Basad),tbs=795,1.00,name+party match (sim=1.00)
Bogura 6,1,Dilruba,dt,Bangladesh Samajtantrik Dal (Basad),dt=795,Dilruba,"ds,tbs",Bangladesh Samajtantrik Dal (Basad),ds=0; tbs=795,1.00,name+party match (sim=1.00) [vote-boosted]
Bogura 6,1,Md. Abidur Rahman,ds,Bangladesh Jamaat-e-Islami (Jamaat),ds=0,Md. Abidur Rahman,tbs,Bangladesh Jamaat-e-Islami (Jamaat),tbs=97626,1.00,name+party match (sim=1.00)
Bogura 6,1,Md. Abidur Rahman,bss,Bangladesh Jamaat-e-Islami (Jamaat),bss=97626,Md. Abidur Rahman,"ds,tbs",Bangladesh Jamaat-e-Islami (Jamaat),ds=0; tbs=97626,1.00,name+party match (sim=1.00) [vote-boosted]
Bogura 6,1,Md. Abidur Rahman,dt,Bangladesh Jamaat-e-Islami (Jamaat),dt=97626,Md. Abidur Rahman,"bss,ds,tbs",Bangladesh Jamaat-e-Islami (Jamaat),bss=97626; ds=0; tbs=97626,1.00,name+party match (sim=1.00) [vote-boosted]
Bogura 6,1,Tarique Rahman,ds,Bangladesh Nationalist Party (BNP),ds=0,Tarique Rahman,tbs,Bangladesh Nationalist Party (BNP),tbs=216284,1.00,name+party match (sim=1.00)
Bogura 6,1,Tariq Rahman,bss,Bangladesh Nationalist Party (BNP),bss=216284,Tarique Rahman,"ds,tbs",Bangladesh Nationalist Party (BNP),ds=0; tbs=216284,1.00,name+party match (sim=1.00) [vote-boosted]
Bogura 6,1,Tarek Rahman,dt,Bangladesh Nationalist Party (BNP),dt=216284,Tarique Rahman,"bss,ds,tbs",Bangladesh Nationalist Party (BNP),bss=216284; ds=0; tbs=216284,0.86,name+party match (sim=0.86) [vote-boosted]
Bogura 7,1,Morshed Milton,ds,Bangladesh Nationalist Party (BNP),ds=158196,Morshed Milton,tbs,Bangladesh Nationalist Party (BNP),tbs=264212,1.00,name+party match (sim=1.00)
Bogura 7,1,Morshed Milton,bss,Bangladesh Nationalist Party (BNP),bss=264212,Morshed Milton,"ds,tbs",Bangladesh Nationalist Party (BNP),ds=158196; tbs=264212,1.00,name+party match (sim=1.00) [vote-boosted]
Bogura 7,1,Morshed Milton,dt,Bangladesh Nationalist Party (BNP),dt=264212,Morshed Milton,"bss,ds,tbs",Bangladesh Nationalist Party (BNP),bss=264212; ds=158196; tbs=264212,1.00,name+party match (sim=1.00) [vote-boosted]
Bogura 7,1,Md. Ansar Ali,ds,Bangladesh Muslim League (BML),ds=0,Md. Ansar Ali,tbs,Bangladesh Muslim League (BML),tbs=536,1.00,name+party match (sim=1.00)
Bogura 7,1,Md. Ansar Ali,dt,Bangladesh Muslim League (BML),dt=536,Md. Ansar Ali,"ds,tbs",Bangladesh Muslim League (BML),ds=0; tbs=536,1.00,name+party match (sim=1.00) [vote-boosted]
Bogura 7,1,Md. Golam Rabbani,ds,Bangladesh Jamaat-e-Islami (Jamaat),ds=0,Md. Golam Rabbani,tbs,Bangladesh Jamaat-e-Islami (Jamaat),tbs=116665,1.00,name+party match (sim=1.00)
Bogura 7,1,Md. Golam Rabbani,bss,Bangladesh Jamaat-e-Islami (Jamaat),bss=116665,Md. Golam Rabbani,"ds,tbs",Bangladesh Jamaat-e-Islami (Jamaat),ds=0; tbs=116665,1.00,name+party match (sim=1.00) [vote-boosted]
Bogura 7,1,Md. Golam Rabbani,dt,Bangladesh Jamaat-e-Islami (Jamaat),dt=116665,Md. Golam Rabbani,"bss,ds,tbs",Bangladesh Jamaat-e-Islami (Jamaat),bss=116665; ds=0; tbs=116665,1.00,name+party match (sim=1.00) [vote-boosted]
Bogura 7,1,Md. Shafiqul Islam,ds,Islami Andolan Bangladesh (IAB),ds=0,Md. Shafiqul Islam,tbs,Islami Andolan Bangladesh (IAB),tbs=2061,1.00,name+party match (sim=1.00)
Bogura 7,1,Md. Shafiqul Islam,dt,Islami Andolan Bangladesh (IAB),dt=2061,Md. Shafiqul Islam,"ds,tbs",Islami Andolan Bangladesh (IAB),ds=0; tbs=2061,1.00,name+party match (sim=1.00) [vote-boosted]
Brahmanbaria 1,1,Iqbal Chowdhury,ds,Independent Candidate (Independent),ds=17666,Iqbal Chowdhury,tbs,Independent Candidate (Independent),tbs=17666,1.00,name+party match (sim=1.00) [vote-boosted]
Brahmanbaria 1,1,Iqbal Chowdhury,dt,Independent Candidate (Independent),dt=17666,Iqbal Chowdhury,"ds,tbs",Independent Candidate (Independent),ds=17666; tbs=17666,1.00,name+party match (sim=1.00) [vote-boosted]
Brahmanbaria 1,1,A. K. M. Kamruzzaman,ds,Independent Candidate (Independent),ds=35220,Akm Kamruzzaman,tbs,Independent Candidate (Independent),tbs=35220,1.00,name+party match (sim=1.00) [vote-boosted]
Brahmanbaria 1,1,A. K. M. Kamruzzaman,dt,Independent Candidate (Independent),dt=35220,A. K. M. Kamruzzaman,"ds,tbs",Independent Candidate (Independent),ds=35220; tbs=35220,1.00,name+party match (sim=1.00) [vote-boosted]
Brahmanbaria 1,1,Md. Sharif Mridha,ds,Insaniyat Biplob Bangladesh (IBB),ds=139,Md. Sharif Mridha,tbs,Insaniyat Biplob Bangladesh (IBB),tbs=139,1.00,name+party match (sim=1.00) [vote-boosted]
Brahmanbaria 1,1,Md. Sharif Mridha,dt,Insaniyat Biplob Bangladesh (IBB),dt=139,Md. Sharif Mridha,"ds,tbs",Insaniyat Biplob Bangladesh (IBB),ds=139; tbs=139,1.00,name+party match (sim=1.00) [vote-boosted]
Brahmanbaria 1,1,Hussain Ahmed,ds,Islami Andolan Bangladesh (IAB),ds=907,Hussain Ahmed,tbs,Islami Andolan Bangladesh (IAB),tbs=907,1.00,name+party match (sim=1.00) [vote-boosted]
Brahmanbaria 1,1,Hussain Ahmed,dt,Islami Andolan Bangladesh (IAB),dt=907,Hussain Ahmed,"ds,tbs",Islami Andolan Bangladesh (IAB),ds=907; tbs=907,1.00,name+party match (sim=1.00) [vote-boosted]
Brahmanbaria 1,1,A. K. M. Aminul Islam,ds,Bangladesh Jamaat-e-Islami (Jamaat),ds=24430,Akm Aminul Islam,tbs,Bangladesh Jamaat-e-Islami (Jamaat),tbs=24430,1.00,name+party match (sim=1.00) [vote-boosted]
Brahmanbaria 1,1,"A, K, M, Aminul Islam",bss,Bangladesh Jamaat-e-Islami (Jamaat),bss=35220,A. K. M. Aminul Islam,"ds,tbs",Bangladesh Jamaat-e-Islami (Jamaat),ds=24430; tbs=24430,1.00,name+party match (sim=1.00)
Brahmanbaria 1,1,A. K. M. Aminul Islam,dt,Bangladesh Jamaat-e-Islami (Jamaat),dt=24430,A. K. M. Aminul Islam,"bss,ds,tbs",Bangladesh Jamaat-e-Islami (Jamaat),bss=35220; ds=24430; tbs=24430,1.00,name+party match (sim=1.00) [vote-boosted]
Brahmanbaria 1,1,Md. Shah Alam,ds,Jatiya Party (JaPa),ds=265,Md. Shah Alam,tbs,Jatiya Party (JaPa),tbs=265,1.00,name+party match (sim=1.00) [vote-boosted]
Brahmanbaria 1,1,Md. Shah Alam,dt,Jatiya Party (JaPa),dt=265,Md. Shah Alam,"ds,tbs",Jatiya Party (JaPa),ds=265; tbs=265,1.00,name+party match (sim=1.00) [vote-boosted]
Brahmanbaria 1,1,Md. Habibur Rahman,ds,Independent Candidate (Independent),ds=106,Md. Habibur Rahman,tbs,Independent Candidate (Independent),tbs=106,1.00,name+party match (sim=1.00) [vote-boosted]
Brahmanbaria 1,1,Md. Habibur Rahman,dt,Independent Candidate (Independent),dt=106,Md. Habibur Rahman,"ds,tbs",Independent Candidate (Independent),ds=106; tbs=106,1.00,name+party match (sim=1.00) [vote-boosted]
Brahmanbaria 1,1,M. A. Hannan,ds,Bangladesh Nationalist Party (BNP),ds=68092,M. A. Hannan,tbs,Bangladesh Nationalist Party (BNP),tbs=68092,1.00,name+party match (sim=1.00) [vote-boosted]
Brahmanbaria 1,1,"M, A, Hannan",bss,Bangladesh Nationalist Party (BNP),bss=68092,M. A. Hannan,"ds,tbs",Bangladesh Nationalist Party (BNP),ds=68092; tbs=68092,1.00,name+party match (sim=1.00) [vote-boosted]
Brahmanbaria 1,1,M. A. Hannan,dt,Bangladesh Nationalist Party (BNP),dt=68092,M. A. Hannan,"bss,ds,tbs",Bangladesh Nationalist Party (BNP),bss=68092; ds=68092; tbs=68092,1.00,name+party match (sim=1.00) [vote-boosted]
Brahmanbaria 2,1,Ed. Md. Ziaul Haque Mridha,ds,Jatiya Party (JaPa),ds=0,Ad. Md. Ziaul Haque Mridha,tbs,Jatiya Party (JaPa),tbs=199,1.00,name+party match (sim=1.00)
Brahmanbaria 2,1,Adv. Md. Ziaul Haque Mridha,dt,Jatiya Party (JaPa),dt=199,Ad. Md. Ziaul Haque Mridha,"ds,tbs",Jatiya Party (JaPa),ds=0; tbs=199,0.98,name+party match (sim=0.98) [vote-boosted]
Brahmanbaria 2,1,Sn Tarun Dey,ds,Independent Candidate (Independent),ds=0,S. N. Tarun Dey,tbs,Independent Candidate (Independent),tbs=12560,1.00,name+party match (sim=1.00)
Brahmanbaria 2,1,S. N. Tarun Dey,dt,Independent Candidate (Independent),dt=12560,S. N. Tarun Dey,"ds,tbs",Independent Candidate (Independent),ds=0; tbs=12560,1.00,name+party match (sim=1.00) [vote-boosted]
Brahmanbaria 2,1,Taimur Reza Md. Shahzad,ds,Jatiya Samajtantrik Dal (JSD),ds=0,Taimur Reza Md. Shahjad,tbs,Jatiya Samajtantrik Dal (JSD),tbs=384,0.96,name+party match (sim=0.96)
Brahmanbaria 2,1,Taimur Reza Md. Shahzad,dt,Jatiya Samajtantrik Dal (JSD),dt=0,Taimur Reza Md. Shahjad,"ds,tbs",Jatiya Samajtantrik Dal (JSD),ds=0; tbs=384,0.96,name+party match (sim=0.96)
Brahmanbaria 2,1,Nesar Ahmad,ds,Islami Andolan Bangladesh (IAB),ds=0,Nesar Ahmed,tbs,Islami Andolan Bangladesh (IAB),tbs=3851,1.00,name+party match (sim=1.00)
Brahmanbaria 2,1,Nesar Ahmad,dt,Islami Andolan Bangladesh (IAB),dt=3851,Nesar Ahmed,"ds,tbs",Islami Andolan Bangladesh (IAB),ds=0; tbs=3851,1.00,name+party match (sim=1.00) [vote-boosted]
Brahmanbaria 2,1,Sharifa Akhter,ds,Amjanatar Dol,ds=0,Sharifa Akter,tbs,Amjanatar Dol,tbs=181,1.00,name+party match (sim=1.00)
Brahmanbaria 2,1,Sharifa Akter,dt,Amjanatar Dol,dt=181,Sharifa Akhter,"ds,tbs",Amjanatar Dol,ds=0; tbs=181,1.00,name+party match (sim=1.00) [vote-boosted]
Brahmanbaria 2,1,Ashraf Uddin,ds,National Citizen Party (NCP),ds=0,Ashraf Uddin,tbs,National Citizen Party (NCP),tbs=20401,1.00,name+party match (sim=1.00)
Brahmanbaria 2,1,Ashraf Uddin,dt,National Citizen Party (NCP),dt=20401,Ashraf Uddin,"ds,tbs",National Citizen Party (NCP),ds=0; tbs=20401,1.00,name+party match (sim=1.00) [vote-boosted]
Brahmanbaria 2,1,Md. Main Uddin,ds,Insaniyat Biplob Bangladesh (IBB),ds=0,Md. Main Uddin,tbs,Insaniyat Biplob Bangladesh (IBB),tbs=1419,1.00,name+party match (sim=1.00)
Brahmanbaria 2,1,Md. Main Uddin,dt,Insaniyat Biplob Bangladesh (IBB),dt=1419,Md. Main Uddin,"ds,tbs",Insaniyat Biplob Bangladesh (IBB),ds=0; tbs=1419,1.00,name+party match (sim=1.00) [vote-boosted]
Brahmanbaria 2,1,Mohammed Junaid Al Habib,ds,Jamiat Ulema-e-Islam Bangladesh (JUIB),ds=80434,Md. Junayed Al Habib,tbs,Jamiat Ulema-e-Islam Bangladesh (JUIB),tbs=80434,0.82,name+party match (sim=0.82) [vote-boosted]
Brahmanbaria 2,1,Mohammad Junaid Al Habib,bss,Jamiat Ulema-e-Islam Bangladesh (JUIB),bss=80434,Mohammed Junaid Al Habib,"ds,tbs",Jamiat Ulema-e-Islam Bangladesh (JUIB),ds=80434; tbs=80434,0.86,name+party match (sim=0.86) [vote-boosted]
Brahmanbaria 2,1,Mohammad Junayed Al Habib,dt,Jamiat Ulema-e-Islam Bangladesh (JUIB),dt=80434,Mohammed Junaid Al Habib,"bss,ds,tbs",Jamiat Ulema-e-Islam Bangladesh (JUIB),bss=80434; ds=80434; tbs=80434,0.82,name+party match (sim=0.82) [vote-boosted]
Brahmanbaria 2,1,Rumin Farhana,ds,Independent Candidate (Independent),ds=118547,Rumin Farhana,tbs,Independent Candidate (Independent),tbs=118547,1.00,name+party match (sim=1.00) [vote-boosted]
Brahmanbaria 2,1,Rumin Farhana,bss,Independent Candidate (Independent),bss=118547,Rumin Farhana,"ds,tbs",Independent Candidate (Independent),ds=118547; tbs=118547,1.00,name+party match (sim=1.00) [vote-boosted]
Brahmanbaria 2,1,Rumin Farhana,dt,Independent Candidate (Independent),dt=118547,Rumin Farhana,"bss,ds,tbs",Independent Candidate (Independent),bss=118547; ds=118547; tbs=118547,1.00,name+party match (sim=1.00) [vote-boosted]
Brahmanbaria 3,1,Ataullah,ds,National Citizen Party (NCP),ds=62547,Ataullah,tbs,National Citizen Party (NCP),tbs=62547,1.00,name+party match (sim=1.00) [vote-boosted]
Brahmanbaria 3,1,Ataullah,bss,National Citizen Party (NCP),bss=62547,Ataullah,"ds,tbs",National Citizen Party (NCP),ds=62547; tbs=62547,1.00,name+party match (sim=1.00) [vote-boosted]
Brahmanbaria 3,1,Ataullah,dt,National Citizen Party (NCP),dt=62547,Ataullah,"bss,ds,tbs",National Citizen Party (NCP),bss=62547; ds=62547; tbs=62547,1.00,name+party match (sim=1.00) [vote-boosted]
Brahmanbaria 3,1,Md. Abu Hanif,ds,Insaniyat Biplob Bangladesh (IBB),ds=0,Md. Abu Hanif,tbs,Insaniyat Biplob Bangladesh (IBB),tbs=3345,1.00,name+party match (sim=1.00)
Brahmanbaria 3,1,Md. Abu Hanif,dt,Insaniyat Biplob Bangladesh (IBB),dt=3345,Md. Abu Hanif,"ds,tbs",Insaniyat Biplob Bangladesh (IBB),ds=0; tbs=3345,1.00,name+party match (sim=1.00) [vote-boosted]
Brahmanbaria 3,1,Niazul Karim,ds,Islami Andolan Bangladesh (IAB),ds=0,Niazul Karim,tbs,Islami Andolan Bangladesh (IAB),tbs=6231,1.00,name+party match (sim=1.00)
Brahmanbaria 3,1,Niazul Karim,dt,Islami Andolan Bangladesh (IAB),dt=6321,Niazul Karim,"ds,tbs",Islami Andolan Bangladesh (IAB),ds=0; tbs=6231,1.00,name+party match (sim=1.00)
Brahmanbaria 3,1,Md. Omar Yusuf Khan,ds,Independent Candidate (Independent),ds=0,Md. Omar Yousuf Khan,tbs,Independent Candidate (Independent),tbs=278,1.00,name+party match (sim=1.00)
Brahmanbaria 3,1,Md. Omar Yusuf Khan,dt,Independent Candidate (Independent),dt=278,Md. Omar Yousuf Khan,"ds,tbs",Independent Candidate (Independent),ds=0; tbs=278,1.00,name+party match (sim=1.00) [vote-boosted]
Brahmanbaria 3,1,Md. Rezaul Islam Bhuiyan,ds,Jatiya Party (JaPa),ds=0,Md. Rezaul Islam Bhuiyan,tbs,Jatiya Party (JaPa),tbs=3891,1.00,name+party match (sim=1.00)
Brahmanbaria 3,1,Md. Rezaul Islam Bhuiyan,dt,Jatiya Party (JaPa),dt=3891,Md. Rezaul Islam Bhuiyan,"ds,tbs",Jatiya Party (JaPa),ds=0; tbs=3891,1.00,name+party match (sim=1.00) [vote-boosted]
Brahmanbaria 3,1,Md. Khaled Hossain Mahbub,ds,Bangladesh Nationalist Party (BNP),ds=209636,Md. Khaled Hossain Mahbub,tbs,Bangladesh Nationalist Party (BNP),tbs=209636,1.00,name+party match (sim=1.00) [vote-boosted]
Brahmanbaria 3,1,Md. Khaled Hossain Mahbub,bss,Bangladesh Nationalist Party (BNP),bss=209636,Md. Khaled Hossain Mahbub,"ds,tbs",Bangladesh Nationalist Party (BNP),ds=209636; tbs=209636,1.00,name+party match (sim=1.00) [vote-boosted]
Brahmanbaria 3,1,Md. Khaled Hossain Mahbub,dt,Bangladesh Nationalist Party (BNP),dt=209636,Md. Khaled Hossain Mahbub,"bss,ds,tbs",Bangladesh Nationalist Party (BNP),bss=209636; ds=209636; tbs=209636,1.00,name+party match (sim=1.00) [vote-boosted]
Brahmanbaria 3,1,Ayesha Akhter,ds,Bangladesh Islami Front (BIF),ds=0,Ayesha Akter,tbs,Bangladesh Islami Front (BIF),tbs=1344,1.00,name+party match (sim=1.00)
Brahmanbaria 3,1,Ayesha Akter,dt,Bangladesh Islami Front (BIF),dt=1344,Ayesha Akhter,"ds,tbs",Bangladesh Islami Front (BIF),ds=0; tbs=1344,1.00,name+party match (sim=1.00) [vote-boosted]
Brahmanbaria 4,1,Md. Jasim,ds,Islami Andolan Bangladesh (IAB),ds=0,Md. Jasim,tbs,Islami Andolan Bangladesh (IAB),tbs=2277,1.00,name+party match (sim=1.00)
Brahmanbaria 4,1,Md. Jasim,dt,Islami Andolan Bangladesh (IAB),dt=2277,Md. Jasim,"ds,tbs",Islami Andolan Bangladesh (IAB),ds=0; tbs=2277,1.00,name+party match (sim=1.00) [vote-boosted]
Brahmanbaria 4,1,Md. Zahirul Haque Chowdhury,ds,Gono Odhikar Parishad (GOP),ds=0,Md. Zahirul Haque Chowdhury,tbs,Gono Odhikar Parishad (GOP),tbs=117,1.00,name+party match (sim=1.00)
Brahmanbaria 4,1,Md. Jahirul Haque Chowdhury,dt,Gono Odhikar Parishad (GOP),dt=117,Md. Zahirul Haque Chowdhury,"ds,tbs",Gono Odhikar Parishad (GOP),ds=0; tbs=117,0.96,name+party match (sim=0.96) [vote-boosted]
Brahmanbaria 4,1,Rafi Uddin,ds,Insaniyat Biplob Bangladesh (IBB),ds=0,Rafi Uddin,tbs,Insaniyat Biplob Bangladesh (IBB),tbs=773,1.00,name+party match (sim=1.00)
Brahmanbaria 4,1,Rafi Uddin,dt,Insaniyat Biplob Bangladesh (IBB),dt=773,Rafi Uddin,"ds,tbs",Insaniyat Biplob Bangladesh (IBB),ds=0; tbs=773,1.00,name+party match (sim=1.00) [vote-boosted]
Brahmanbaria 4,1,Mushfiqur Rahman,ds,Bangladesh Nationalist Party (BNP),ds=139842,Mushfiqur Rahman,tbs,Bangladesh Nationalist Party (BNP),tbs=139842,1.00,name+party match (sim=1.00) [vote-boosted]
Brahmanbaria 4,1,Mushfiqur Rahman,bss,Bangladesh Nationalist Party (BNP),bss=139842,Mushfiqur Rahman,"ds,tbs",Bangladesh Nationalist Party (BNP),ds=139842; tbs=139842,1.00,name+party match (sim=1.00) [vote-boosted]
Brahmanbaria 4,1,Mushfiqur Rahman,dt,Bangladesh Nationalist Party (BNP),dt=139842,Mushfiqur Rahman,"bss,ds,tbs",Bangladesh Nationalist Party (BNP),bss=139842; ds=139842; tbs=139842,1.00,name+party match (sim=1.00) [vote-boosted]
Brahmanbaria 4,1,Shaheen Khan,ds,National People's Party (NPP),ds=0,Shahin Khan,tbs,National People's Party (NPP),tbs=109,1.00,name+party match (sim=1.00)
Brahmanbaria 4,1,Shaheen Khan,dt,National People's Party (NPP),dt=109,Shaheen Khan,"ds,tbs",National People's Party (NPP),ds=0; tbs=109,1.00,name+party match (sim=1.00) [vote-boosted]
Brahmanbaria 4,1,Md. Ataur Rahman Sarker,ds,Bangladesh Jamaat-e-Islami (Jamaat),ds=91796,Md. Ataur Rahman Sarkar,tbs,Bangladesh Jamaat-e-Islami (Jamaat),tbs=91796,1.00,name+party match (sim=1.00) [vote-boosted]
Brahmanbaria 4,1,Md. Ataur Rahman Sarkar,bss,Bangladesh Jamaat-e-Islami (Jamaat),bss=91796,Md. Ataur Rahman Sarkar,"ds,tbs",Bangladesh Jamaat-e-Islami (Jamaat),ds=91796; tbs=91796,1.00,name+party match (sim=1.00) [vote-boosted]
Brahmanbaria 4,1,Md. Ataur Rahman Sarkar,dt,Bangladesh Jamaat-e-Islami (Jamaat),dt=91796,Md. Ataur Rahman Sarkar,"bss,ds,tbs",Bangladesh Jamaat-e-Islami (Jamaat),bss=91796; ds=91796; tbs=91796,1.00,name+party match (sim=1.00) [vote-boosted]
Brahmanbaria 4,1,Md. Zahirul Haque Khan,ds,Jatiya Party (JaPa),ds=0,Md. Zahirul Haque Khan,tbs,Jatiya Party (JaPa),tbs=2453,1.00,name+party match (sim=1.00)
Brahmanbaria 4,1,Md. Jahirul Haque Khan,dt,Jatiya Party (JaPa),dt=2453,Md. Zahirul Haque Khan,"ds,tbs",Jatiya Party (JaPa),ds=0; tbs=2453,0.95,name+party match (sim=0.95) [vote-boosted]
Brahmanbaria 5,1,Nazrul Islam,ds,Islami Andolan Bangladesh (IAB),ds=0,Nazrul Isam,tbs,Islami Andolan Bangladesh (IAB),tbs=20696,0.96,name+party match (sim=0.96)
Brahmanbaria 5,1,Nazrul Islam,dt,Islami Andolan Bangladesh (IAB),dt=20696,Nazrul Islam,"ds,tbs",Islami Andolan Bangladesh (IAB),ds=0; tbs=20696,1.00,name+party match (sim=1.00) [vote-boosted]
Brahmanbaria 5,1,Md. Ashraful Haque,ds,Insaniyat Biplob Bangladesh (IBB),ds=0,Md. Ashraful Haque,tbs,Insaniyat Biplob Bangladesh (IBB),tbs=257,1.00,name+party match (sim=1.00)
Brahmanbaria 5,1,Mohammad Ashraful Haque,dt,Insaniyat Biplob Bangladesh (IBB),dt=257,Md. Ashraful Haque,"ds,tbs",Insaniyat Biplob Bangladesh (IBB),ds=0; tbs=257,1.00,name+party match (sim=1.00) [vote-boosted]
Brahmanbaria 5,1,Amjad Hossain,ds,Khelafat Majlis,ds=0,Amzad Hossain,tbs,Khelafat Majlis,tbs=60857,0.92,name+party match (sim=0.92)
Brahmanbaria 5,1,Amzad Hossain,dt,Khelafat Majlis,dt=60857,Amzad Hossain,"ds,tbs",Khelafat Majlis,ds=0; tbs=60857,1.00,name+party match (sim=1.00) [vote-boosted]
Brahmanbaria 5,1,Kazi Nazmul Hossain,ds,Independent Candidate (Independent),ds=84708,Kazi Nazmul Hossain,tbs,Independent Candidate (Independent),tbs=84708,1.00,name+party match (sim=1.00) [vote-boosted]
Brahmanbaria 5,1,Kazi Nazmul Hossain,bss,Independent Candidate (Independent),bss=84708,Kazi Nazmul Hossain,"ds,tbs",Independent Candidate (Independent),ds=84708; tbs=84708,1.00,name+party match (sim=1.00) [vote-boosted]
Brahmanbaria 5,1,Kazi Nazmul Hossain,dt,Independent Candidate (Independent),dt=84708,Kazi Nazmul Hossain,"bss,ds,tbs",Independent Candidate (Independent),bss=84708; ds=84708; tbs=84708,1.00,name+party match (sim=1.00) [vote-boosted]
Brahmanbaria 5,1,Md. Shaheen Khan,ds,Communist Party of Bangladesh (CPB),ds=0,Md. Shahin Khan,tbs,Communist Party of Bangladesh (CPB),tbs=359,1.00,name+party match (sim=1.00)
Brahmanbaria 5,1,Md. Shaheen Khan,dt,Communist Party of Bangladesh (CPB),dt=359,Md. Shaheen Khan,"ds,tbs",Communist Party of Bangladesh (CPB),ds=0; tbs=359,1.00,name+party match (sim=1.00) [vote-boosted]
Brahmanbaria 5,1,Md. Kamrul Islam,ds,Jatiya Party (JaPa),ds=0,Md. Kamrul Islam,tbs,Jatiya Party (JaPa),tbs=372,1.00,name+party match (sim=1.00)
Brahmanbaria 5,1,Mohammad Kamrul Islam,dt,Jatiya Party (JaPa),dt=372,Md. Kamrul Islam,"ds,tbs",Jatiya Party (JaPa),ds=0; tbs=372,1.00,name+party match (sim=1.00) [vote-boosted]
Brahmanbaria 5,1,Md. Abdul Mannan,ds,Bangladesh Nationalist Party (BNP),ds=85769,Md. Abdul Mannan,tbs,Bangladesh Nationalist Party (BNP),tbs=85769,1.00,name+party match (sim=1.00) [vote-boosted]
Brahmanbaria 5,1,Md. Abdul Mannan,bss,Bangladesh Nationalist Party (BNP),bss=85769,Md. Abdul Mannan,"ds,tbs",Bangladesh Nationalist Party (BNP),ds=85769; tbs=85769,1.00,name+party match (sim=1.00) [vote-boosted]
Brahmanbaria 5,1,Md. Abdul Mannan,dt,Bangladesh Nationalist Party (BNP),dt=85769,Md. Abdul Mannan,"bss,ds,tbs",Bangladesh Nationalist Party (BNP),bss=85769; ds=85769; tbs=85769,1.00,name+party match (sim=1.00) [vote-boosted]
Brahmanbaria 5,1,Nahida Jahan,ds,Ganosanhati Andolan (GSA),ds=0,Nahida Jahan,tbs,Ganosanhati Andolan (GSA),tbs=266,1.00,name+party match (sim=1.00)
Brahmanbaria 5,1,Nahida Jahan,dt,Ganosanhati Andolan (GSA),dt=266,Nahida Jahan,"ds,tbs",Ganosanhati Andolan (GSA),ds=0; tbs=266,1.00,name+party match (sim=1.00) [vote-boosted]
Brahmanbaria 6,1,Md. Mohsin,ds,Bangladesh Jamaat-e-Islami (Jamaat),ds=39976,Md. Mohsin,tbs,Bangladesh Jamaat-e-Islami (Jamaat),tbs=39976,1.00,name+party match (sim=1.00) [vote-boosted]
Brahmanbaria 6,1,Md. Mohsin,bss,Bangladesh Jamaat-e-Islami (Jamaat),bss=39976,Md. Mohsin,"ds,tbs",Bangladesh Jamaat-e-Islami (Jamaat),ds=39976; tbs=39976,1.00,name+party match (sim=1.00) [vote-boosted]
Brahmanbaria 6,1,Md. Mohsin,dt,Bangladesh Jamaat-e-Islami (Jamaat),dt=29976,Md. Mohsin,"bss,ds,tbs",Bangladesh Jamaat-e-Islami (Jamaat),bss=39976; ds=39976; tbs=39976,1.00,name+party match (sim=1.00)
Brahmanbaria 6,1,Md. Shafiqul Islam,ds,National People's Party (NPP),ds=0,Md. Shafiqul Islam,tbs,National People's Party (NPP),tbs=106,1.00,name+party match (sim=1.00)
Brahmanbaria 6,1,Md. Safiqul Islam,dt,National People's Party (NPP),dt=106,Md. Shafiqul Islam,"ds,tbs",National People's Party (NPP),ds=0; tbs=106,0.97,name+party match (sim=0.97) [vote-boosted]
Brahmanbaria 6,1,Saeed Uddin Khan,ds,Islami Andolan Bangladesh (IAB),ds=0,Sayed Uddin Khan,tbs,Islami Andolan Bangladesh (IAB),tbs=8572,0.94,name+party match (sim=0.94)
Brahmanbaria 6,1,Saiduddin Khan,dt,Islami Andolan Bangladesh (IAB),dt=8572,Sayed Uddin Khan,"ds,tbs",Islami Andolan Bangladesh (IAB),ds=0; tbs=8572,0.94,name+party match (sim=0.94) [vote-boosted]
Brahmanbaria 6,1,Md. Habibur Rahman,ds,Insaniyat Biplob Bangladesh (IBB),ds=0,Md. Habibur Rahman,tbs,Insaniyat Biplob Bangladesh (IBB),tbs=139,1.00,name+party match (sim=1.00)
Brahmanbaria 6,1,Md. Habibur Rahman,dt,Insaniyat Biplob Bangladesh (IBB),dt=139,Md. Habibur Rahman,"ds,tbs",Insaniyat Biplob Bangladesh (IBB),ds=0; tbs=139,1.00,name+party match (sim=1.00) [vote-boosted]
Brahmanbaria 6,1,Shafiqul Islam,ds,Gono Odhikar Parishad (GOP),ds=0,Shafiqul Islam,tbs,Gono Odhikar Parishad (GOP),tbs=289,1.00,name+party match (sim=1.00)
Brahmanbaria 6,1,Safiqul Islam,dt,Gono Odhikar Parishad (GOP),dt=289,Shafiqul Islam,"ds,tbs",Gono Odhikar Parishad (GOP),ds=0; tbs=289,0.96,name+party match (sim=0.96) [vote-boosted]
Brahmanbaria 6,1,Md. Jonayed Abdur Rahim Saki,ds,Ganosanhati Andolan (GSA),ds=95342,Md. Jonayed Abdur Rahim Shaki,tbs,Ganosanhati Andolan (GSA),tbs=95342,0.98,name+party match (sim=0.98) [vote-boosted]
Brahmanbaria 6,1,Md. Jonaid Abdur Rahim Saki,bss,Ganosanhati Andolan (GSA),bss=95342,Md. Jonayed Abdur Rahim Shaki,"ds,tbs",Ganosanhati Andolan (GSA),ds=95342; tbs=95342,0.93,name+party match (sim=0.93) [vote-boosted]
Brahmanbaria 6,1,Md. Jonaed Abdur Rahim Saki,dt,Ganosanhati Andolan (GSA),dt=95342,Md. Jonayed Abdur Rahim Shaki,"bss,ds,tbs",Ganosanhati Andolan (GSA),bss=95342; ds=95342; tbs=95342,0.96,name+party match (sim=0.96) [vote-boosted]
Brahmanbaria 6,1,K. M. Jabir,ds,Jatiya Samajtantrik Dal (JSD),ds=0,K. M. Jabir,tbs,Jatiya Samajtantrik Dal (JSD),tbs=167,1.00,name+party match (sim=1.00)
Brahmanbaria 6,1,K. M. Jabir,dt,Jatiya Samajtantrik Dal (JSD),dt=167,K. M. Jabir,"ds,tbs",Jatiya Samajtantrik Dal (JSD),ds=0; tbs=167,1.00,name+party match (sim=1.00) [vote-boosted]
Brahmanbaria 6,1,Md. Abu Kayes Sikder,ds,Independent Candidate (Independent),ds=0,Md. Abu Kayes Shikdar,tbs,Independent Candidate (Independent),tbs=666,0.95,name+party match (sim=0.95)
Brahmanbaria 6,1,Mohammad Abu Kayes Sikder,dt,Independent Candidate (Independent),dt=666,Md. Abu Kayes Shikdar,"ds,tbs",Independent Candidate (Independent),ds=0; tbs=666,0.95,name+party match (sim=0.95) [vote-boosted]
Brahmanbaria 6,1,Md. Abu Naser,ds,Bangladesh Islami Front (BIF),ds=2353,Md. Abu Naser,tbs,Bangladesh Islami Front (BIF),tbs=2353,1.00,name+party match (sim=1.00) [vote-boosted]
Brahmanbaria 6,1,Md. Abu Naser,dt,Bangladesh Islami Front (BIF),dt=2353,Md. Abu Naser,"ds,tbs",Bangladesh Islami Front (BIF),ds=2353; tbs=2353,1.00,name+party match (sim=1.00) [vote-boosted]
Brahmanbaria 6,1,Md. Saiduzzaman Kamal,ds,Independent Candidate (Independent),ds=0,Md. Sayeduzzaman Kamal,tbs,Independent Candidate (Independent),tbs=1926,0.96,name+party match (sim=0.96)
Brahmanbaria 6,1,Dr. Md. Saiduzzaman Kamal,dt,Independent Candidate (Independent),dt=1926,Md. Sayeduzzaman Kamal,"ds,tbs",Independent Candidate (Independent),ds=0; tbs=1926,0.96,name+party match (sim=0.96) [vote-boosted]
Chandpur 1,1,Habib Khan,ds,Jatiya Party (JaPa),ds=0,Habib Khan,tbs,Jatiya Party (JaPa),tbs=652,1.00,name+party match (sim=1.00)
Chandpur 1,1,Habib Khan,dt,Jatiya Party (JaPa),dt=652,Habib Khan,"ds,tbs",Jatiya Party (JaPa),ds=0; tbs=652,1.00,name+party match (sim=1.00) [vote-boosted]
Chandpur 1,1,Abu Nasar Md. Makbol Ahmad,ds,Bangladesh Jamaat-e-Islami (Jamaat),ds=70368,Abu Nasr Md. Maqbul Ahmed,tbs,Bangladesh Jamaat-e-Islami (Jamaat),tbs=70368,0.92,name+party match (sim=0.92) [vote-boosted]
Chandpur 1,1,Abu Nashar Mohammad Maqbool Ahmad,bss,Bangladesh Jamaat-e-Islami (Jamaat),bss=70368,Abu Nasar Md. Makbol Ahmad,"ds,tbs",Bangladesh Jamaat-e-Islami (Jamaat),ds=70368; tbs=70368,0.93,name+party match (sim=0.93) [vote-boosted]
Chandpur 1,1,Abu Nasr Mohammad Mokbul Ahmed,dt,Bangladesh Jamaat-e-Islami (Jamaat),dt=70368,Abu Nashar Mohammad Maqbool Ahmad,"bss,ds,tbs",Bangladesh Jamaat-e-Islami (Jamaat),bss=70368; ds=70368; tbs=70368,0.89,name+party match (sim=0.89) [vote-boosted]
Chandpur 1,1,Md. Anayet Hossen,ds,Gono Odhikar Parishad (GOP),ds=0,Md. Enayet Hossain,tbs,Gono Odhikar Parishad (GOP),tbs=217,1.00,name+party match (sim=1.00)
Chandpur 1,1,Md. Enayet Hossain,dt,Gono Odhikar Parishad (GOP),dt=217,Md. Enayet Hossain,"ds,tbs",Gono Odhikar Parishad (GOP),ds=0; tbs=217,1.00,name+party match (sim=1.00) [vote-boosted]
Chandpur 1,1,Md. Azad Hossain,ds,Gono Forum (GF),ds=0,Md. Azad Hossain,tbs,Gono Forum (GF),tbs=329,1.00,name+party match (sim=1.00)
Chandpur 1,1,Mohammad Azad Hossain,dt,Gono Forum (GF),dt=329,Md. Azad Hossain,"ds,tbs",Gono Forum (GF),ds=0; tbs=329,1.00,name+party match (sim=1.00) [vote-boosted]
Chandpur 1,1,Mohammed Nasir Uddin,ds,Bangladesh Islami Front (BIF),ds=0,Md. Nasir Uddin,tbs,Bangladesh Islami Front (BIF),tbs=4371,0.84,name+party match (sim=0.84)
Chandpur 1,1,Mohammad Nasir Uddin,dt,Bangladesh Islami Front (BIF),dt=4371,Mohammed Nasir Uddin,"ds,tbs",Bangladesh Islami Front (BIF),ds=0; tbs=4371,0.84,name+party match (sim=0.84) [vote-boosted]
Chandpur 1,1,A. N. M. Ehsanul Hoque Milon,ds,Bangladesh Nationalist Party (BNP),ds=133032,Anm Ehsanul Haque Milon,tbs,Bangladesh Nationalist Party (BNP),tbs=133032,1.00,name+party match (sim=1.00) [vote-boosted]
Chandpur 1,1,A n m Ehsanul Haque Milon,bss,Bangladesh Nationalist Party (BNP),bss=133032,A. N. M. Ehsanul Hoque Milon,"ds,tbs",Bangladesh Nationalist Party (BNP),ds=133032; tbs=133032,1.00,name+party match (sim=1.00) [vote-boosted]
Chandpur 1,1,A. N. M. Ehsanul Haque Milon,dt,Bangladesh Nationalist Party (BNP),dt=133032,A. N. M. Ehsanul Hoque Milon,"bss,ds,tbs",Bangladesh Nationalist Party (BNP),bss=133032; ds=133032; tbs=133032,1.00,name+party match (sim=1.00) [vote-boosted]
Chandpur 2,1,Md. Faijunnur,ds,Bangladesh Republican Party (BRP),ds=0,Md. Faizunnur,tbs,Bangladesh Republican Party (BRP),tbs=509,0.92,name+party match (sim=0.92)
Chandpur 2,1,Md. Fayzunnur,dt,Bangladesh Republican Party (BRP),dt=509,Md. Faizunnur,"ds,tbs",Bangladesh Republican Party (BRP),ds=0; tbs=509,0.93,name+party match (sim=0.93) [vote-boosted]
Chandpur 2,1,Mansur,ds,Islami Andolan Bangladesh (IAB),ds=0,Mansur,tbs,Islami Andolan Bangladesh (IAB),tbs=12307,1.00,name+party match (sim=1.00)
Chandpur 2,1,Mansur,dt,Islami Andolan Bangladesh (IAB),dt=12307,Mansur,"ds,tbs",Islami Andolan Bangladesh (IAB),ds=0; tbs=12307,1.00,name+party match (sim=1.00) [vote-boosted]
Chandpur 2,1,Md. Amran Hossain Mia,ds,Jatiya Party (JaPa),ds=0,Md. Emran Hossain Mia,tbs,Jatiya Party (JaPa),tbs=1328,1.00,name+party match (sim=1.00)
Chandpur 2,1,Md. Emran Hossain Mia,dt,Jatiya Party (JaPa),dt=1328,Md. Emran Hossain Mia,"ds,tbs",Jatiya Party (JaPa),ds=0; tbs=1328,1.00,name+party match (sim=1.00) [vote-boosted]
Chandpur 2,1,Nasima Nazneen Sarker,ds,Bangladesh Labour Party,ds=0,Nasima Naznin Sarkar,tbs,Bangladesh Labour Party,tbs=283,1.00,name+party match (sim=1.00)
Chandpur 2,1,Md. Jalal Uddin,ds,Bangladesh Nationalist Party (BNP),ds=172506,Md. Jalal Uddin,tbs,Bangladesh Nationalist Party (BNP),tbs=172506,1.00,name+party match (sim=1.00) [vote-boosted]
Chandpur 2,1,Md. Jalal Uddin,bss,Bangladesh Nationalist Party (BNP),bss=172506,Md. Jalal Uddin,"ds,tbs",Bangladesh Nationalist Party (BNP),ds=172506; tbs=172506,1.00,name+party match (sim=1.00) [vote-boosted]
Chandpur 2,1,Md. Jalal Uddin,dt,Bangladesh Nationalist Party (BNP),dt=172506,Md. Jalal Uddin,"bss,ds,tbs",Bangladesh Nationalist Party (BNP),bss=172506; ds=172506; tbs=172506,1.00,name+party match (sim=1.00) [vote-boosted]
Chandpur 2,1,Md. Billal Hosion,ds,Bangladesh Liberal Democratic Party (LDP),ds=57473,Md. Billal Hossain,tbs,Bangladesh Liberal Democratic Party (LDP),tbs=57473,0.95,name+party match (sim=0.95) [vote-boosted]
Chandpur 2,1,Md. Billal Hossain,bss,Bangladesh Liberal Democratic Party (LDP),bss=57473,Md. Billal Hossain,"ds,tbs",Bangladesh Liberal Democratic Party (LDP),ds=57473; tbs=57473,1.00,name+party match (sim=1.00) [vote-boosted]
Chandpur 2,1,Md. Billal Hossain,dt,Bangladesh Liberal Democratic Party (LDP),dt=57473,Md. Billal Hossain,"bss,ds,tbs",Bangladesh Liberal Democratic Party (LDP),bss=57473; ds=57473; tbs=57473,1.00,name+party match (sim=1.00) [vote-boosted]
Chandpur 2,1,Md. Anamul Hoque,ds,Nagorik Oikya (NO),ds=0,Md. Enamul Haque,tbs,Nagorik Oikya (NO),tbs=143,1.00,name+party match (sim=1.00)
Chandpur 2,1,Md. Enamul Haque,dt,Nagorik Oikya (NO),dt=143,Md. Enamul Haque,"ds,tbs",Nagorik Oikya (NO),ds=0; tbs=143,1.00,name+party match (sim=1.00) [vote-boosted]
Chandpur 2,1,Md. Golaf Hossain,ds,Gono Odhikar Parishad (GOP),ds=0,Md. Golap Hossain,tbs,Gono Odhikar Parishad (GOP),tbs=315,0.94,name+party match (sim=0.94)
Chandpur 2,1,Md. Golaf Hossain,dt,Gono Odhikar Parishad (GOP),dt=315,Md. Golap Hossain,"ds,tbs",Gono Odhikar Parishad (GOP),ds=0; tbs=315,0.94,name+party match (sim=0.94) [vote-boosted]
Chandpur 2,2,Nasima Nazneen Sarkar,dt,Jatiya Party (JaPa),dt=283,Nasima Nazneen Sarker,"ds,tbs",Bangladesh Labour Party,ds=0; tbs=283,1.00,"name+votes match, party differs: Jatiya Party (JaPa) → Bangladesh Labour Party"
Chandpur 3,1,Md. Zakir Hossain,ds,Gono Odhikar Parishad (GOP),ds=0,Md. Zakir Hossain,tbs,Gono Odhikar Parishad (GOP),tbs=132,1.00,name+party match (sim=1.00)
Chandpur 3,1,Md. Zakir Hossain,dt,Gono Odhikar Parishad (GOP),dt=132,Md. Zakir Hossain,"ds,tbs",Gono Odhikar Parishad (GOP),ds=0; tbs=132,1.00,name+party match (sim=1.00) [vote-boosted]
Chandpur 3,1,Md. Jaynal Abdin Shakh,ds,Islami Andolan Bangladesh (IAB),ds=0,Md. Joynal Abedin Sheikh,tbs,Islami Andolan Bangladesh (IAB),tbs=14181,1.00,name+party match (sim=1.00)
Chandpur 3,1,Md. Zainal Abedin Sheikh,dt,Islami Andolan Bangladesh (IAB),dt=14181,Md. Joynal Abedin Sheikh,"ds,tbs",Islami Andolan Bangladesh (IAB),ds=0; tbs=14181,0.88,name+party match (sim=0.88) [vote-boosted]
Chandpur 3,1,A. H. M. Ahsan Ullah,ds,Bangladesh Islami Front (BIF),ds=0,A. H. M. Ahsan Ullah,tbs,Bangladesh Islami Front (BIF),tbs=2274,1.00,name+party match (sim=1.00)
Chandpur 3,1,A. H. M. Ahsan Ullah,dt,Bangladesh Islami Front (BIF),dt=2274,A. H. M. Ahsan Ullah,"ds,tbs",Bangladesh Islami Front (BIF),ds=0; tbs=2274,1.00,name+party match (sim=1.00) [vote-boosted]
Chandpur 3,1,Sk Farid Ahmed,ds,Bangladesh Nationalist Party (BNP),ds=165404,Sheikh Farid Ahmed,tbs,Bangladesh Nationalist Party (BNP),tbs=165404,0.89,name+party match (sim=0.89) [vote-boosted]
Chandpur 3,1,Sheikh Farid Ahmed,bss,Bangladesh Nationalist Party (BNP),bss=165404,Sheikh Farid Ahmed,"ds,tbs",Bangladesh Nationalist Party (BNP),ds=165404; tbs=165404,1.00,name+party match (sim=1.00) [vote-boosted]
Chandpur 3,1,Sheikh Farid Ahmed,dt,Bangladesh Nationalist Party (BNP),dt=165404,Sheikh Farid Ahmed,"bss,ds,tbs",Bangladesh Nationalist Party (BNP),bss=165404; ds=165404; tbs=165404,1.00,name+party match (sim=1.00) [vote-boosted]
Chandpur 3,1,Md. Jahangir Hossain,ds,Communist Party of Bangladesh (CPB),ds=0,Md. Jahangir Hossain,tbs,Communist Party of Bangladesh (CPB),tbs=676,1.00,name+party match (sim=1.00)
Chandpur 3,1,Md. Jahangir Hossain,dt,Communist Party of Bangladesh (CPB),dt=676,Md. Jahangir Hossain,"ds,tbs",Communist Party of Bangladesh (CPB),ds=0; tbs=676,1.00,name+party match (sim=1.00) [vote-boosted]
Chandpur 3,1,Md. Shahjahan Mia,ds,Bangladesh Jamaat-e-Islami (Jamaat),ds=100865,Md. Shahjahan Mia,tbs,Bangladesh Jamaat-e-Islami (Jamaat),tbs=100865,1.00,name+party match (sim=1.00) [vote-boosted]
Chandpur 3,1,Md. Shahjahan Mia,bss,Bangladesh Jamaat-e-Islami (Jamaat),bss=100865,Md. Shahjahan Mia,"ds,tbs",Bangladesh Jamaat-e-Islami (Jamaat),ds=100865; tbs=100865,1.00,name+party match (sim=1.00) [vote-boosted]
Chandpur 3,1,Md. Shahjahan Mia,dt,Bangladesh Jamaat-e-Islami (Jamaat),dt=100865,Md. Shahjahan Mia,"bss,ds,tbs",Bangladesh Jamaat-e-Islami (Jamaat),bss=100865; ds=100865; tbs=100865,1.00,name+party match (sim=1.00) [vote-boosted]
Chandpur 3,1,Salim Akbar,ds,Gono Forum (GF),ds=0,Selim Akbar,tbs,Gono Forum (GF),tbs=307,1.00,name+party match (sim=1.00)
Chandpur 3,1,Selim Akbar,dt,Gono Forum (GF),dt=307,Selim Akbar,"ds,tbs",Gono Forum (GF),ds=0; tbs=307,1.00,name+party match (sim=1.00) [vote-boosted]
Chandpur 4,1,Md. Billal Hossain Miaji,ds,Bangladesh Jamaat-e-Islami (Jamaat),ds=0,Md. Billal Hossain Miyaji,tbs,Bangladesh Jamaat-e-Islami (Jamaat),tbs=66692,0.98,name+party match (sim=0.98)
Chandpur 4,1,Md. Billal Hossain Miazhi,dt,Bangladesh Jamaat-e-Islami (Jamaat),dt=66692,Md. Billal Hossain Miyaji,"ds,tbs",Bangladesh Jamaat-e-Islami (Jamaat),ds=0; tbs=66692,0.92,name+party match (sim=0.92) [vote-boosted]
Chandpur 4,1,Md. Munir Chowdhury,ds,Gono Forum (GF),ds=0,Md. Munir Chowdhury,tbs,Gono Forum (GF),tbs=240,1.00,name+party match (sim=1.00)
Chandpur 4,1,Md. Munir Chowdhury,dt,Gono Forum (GF),dt=240,Md. Munir Chowdhury,"ds,tbs",Gono Forum (GF),ds=0; tbs=240,1.00,name+party match (sim=1.00) [vote-boosted]
Chandpur 4,1,Mokbul Hossain,ds,Islami Andolan Bangladesh (IAB),ds=0,Maqbul Hossain,tbs,Islami Andolan Bangladesh (IAB),tbs=5261,0.88,name+party match (sim=0.88)
Chandpur 4,1,Mokbul Hossain,dt,Islami Andolan Bangladesh (IAB),dt=5261,Maqbul Hossain,"ds,tbs",Islami Andolan Bangladesh (IAB),ds=0; tbs=5261,0.88,name+party match (sim=0.88) [vote-boosted]
Chandpur 4,1,Md. Abdul Malek,ds,Bangladesh Islami Front (BIF),ds=0,Md. Abdul Malek,tbs,Bangladesh Islami Front (BIF),tbs=509,1.00,name+party match (sim=1.00)
Chandpur 4,1,Md. Abdul Malek,dt,Bangladesh Islami Front (BIF),dt=509,Md. Abdul Malek,"ds,tbs",Bangladesh Islami Front (BIF),ds=0; tbs=509,1.00,name+party match (sim=1.00) [vote-boosted]
Chandpur 4,1,Zakir Hossain,ds,Independent Candidate (Independent),ds=0,Zakir Hossain,tbs,Independent Candidate (Independent),tbs=184,1.00,name+party match (sim=1.00)
Chandpur 4,1,Zakir Hossain,dt,Independent Candidate (Independent),dt=184,Zakir Hossain,"ds,tbs",Independent Candidate (Independent),ds=0; tbs=184,1.00,name+party match (sim=1.00) [vote-boosted]
Chandpur 4,1,Md. Harunur Rashid,ds,Bangladesh Nationalist Party (BNP),ds=69155,Md. Harunur Rashid,tbs,Bangladesh Nationalist Party (BNP),tbs=69155,1.00,name+party match (sim=1.00) [vote-boosted]
Chandpur 4,1,Md. Harunur Rashid,bss,Bangladesh Nationalist Party (BNP),bss=69155,Md. Harunur Rashid,"ds,tbs",Bangladesh Nationalist Party (BNP),ds=69155; tbs=69155,1.00,name+party match (sim=1.00) [vote-boosted]
Chandpur 4,1,Md. Harunur Rashid,dt,Bangladesh Nationalist Party (BNP),dt=69155,Md. Harunur Rashid,"bss,ds,tbs",Bangladesh Nationalist Party (BNP),bss=69155; ds=69155; tbs=69155,1.00,name+party match (sim=1.00) [vote-boosted]
Chandpur 4,1,Mahmud Alam,ds,Jatiya Party (JaPa),ds=0,Mahmud Alam,tbs,Jatiya Party (JaPa),tbs=277,1.00,name+party match (sim=1.00)
Chandpur 4,1,Mahmud Alam,dt,Jatiya Party (JaPa),dt=277,Mahmud Alam,"ds,tbs",Jatiya Party (JaPa),ds=0; tbs=277,1.00,name+party match (sim=1.00) [vote-boosted]
Chandpur 4,1,Md. Abdul Hannan,ds,Independent Candidate (Independent),ds=74175,Md. Abdul Hannan,tbs,Independent Candidate (Independent),tbs=74175,1.00,name+party match (sim=1.00) [vote-boosted]
Chandpur 4,1,Md. Abdul Hannan,bss,Independent Candidate (Independent),bss=74175,Md. Abdul Hannan,"ds,tbs",Independent Candidate (Independent),ds=74175; tbs=74175,1.00,name+party match (sim=1.00) [vote-boosted]
Chandpur 4,1,Md. Abdul Hannan,dt,Independent Candidate (Independent),dt=74175,Md. Abdul Hannan,"bss,ds,tbs",Independent Candidate (Independent),bss=74175; ds=74175; tbs=74175,1.00,name+party match (sim=1.00) [vote-boosted]
Chandpur 5,1,Md. Maminul Haque,ds,Bangladesh Nationalist Party (BNP),ds=185404,Md. Mominul Haque,tbs,Bangladesh Nationalist Party (BNP),tbs=185404,1.00,name+party match (sim=1.00) [vote-boosted]
Chandpur 5,1,Md. Mominul Haque,bss,Bangladesh Nationalist Party (BNP),bss=185404,Md. Mominul Haque,"ds,tbs",Bangladesh Nationalist Party (BNP),ds=185404; tbs=185404,1.00,name+party match (sim=1.00) [vote-boosted]
Chandpur 5,1,Md. Mominul Haque,dt,Bangladesh Nationalist Party (BNP),dt=185404,Md. Mominul Haque,"bss,ds,tbs",Bangladesh Nationalist Party (BNP),bss=185404; ds=185404; tbs=185404,1.00,name+party match (sim=1.00) [vote-boosted]
Chandpur 5,1,Md. Mahmud Hasan Nayan,ds,Insaniyat Biplob Bangladesh (IBB),ds=0,Md. Mahmud Hasan Nayon,tbs,Insaniyat Biplob Bangladesh (IBB),tbs=256,1.00,name+party match (sim=1.00)
Chandpur 5,1,Md. Mahmud Hasan Nayan,dt,Insaniyat Biplob Bangladesh (IBB),dt=256,Md. Mahmud Hasan Nayon,"ds,tbs",Insaniyat Biplob Bangladesh (IBB),ds=0; tbs=256,1.00,name+party match (sim=1.00) [vote-boosted]
Chandpur 5,1,Md. Ali Patwary,ds,Islami Andolan Bangladesh (IAB),ds=0,Md. Ali Patwari,tbs,Islami Andolan Bangladesh (IAB),tbs=6671,0.93,name+party match (sim=0.93)
Chandpur 5,1,Mohammad Ali Patowary,dt,Islami Andolan Bangladesh (IAB),dt=6681,Md. Ali Patwari,"ds,tbs",Islami Andolan Bangladesh (IAB),ds=0; tbs=6671,0.93,name+party match (sim=0.93)
Chandpur 5,1,Md. Neamul Bashir,ds,Bangladesh Liberal Democratic Party (LDP),ds=75660,Md. Neyamul Bashir,tbs,Bangladesh Liberal Democratic Party (LDP),tbs=75660,0.97,name+party match (sim=0.97) [vote-boosted]
Chandpur 5,1,Md. Neyamul Bashir,bss,Bangladesh Liberal Democratic Party (LDP),bss=75660,Md. Neyamul Bashir,"ds,tbs",Bangladesh Liberal Democratic Party (LDP),ds=75660; tbs=75660,1.00,name+party match (sim=1.00) [vote-boosted]
Chandpur 5,1,Md. Niamul Bashir,dt,Bangladesh Liberal Democratic Party (LDP),dt=75660,Md. Neyamul Bashir,"bss,ds,tbs",Bangladesh Liberal Democratic Party (LDP),bss=75660; ds=75660; tbs=75660,0.95,name+party match (sim=0.95) [vote-boosted]
Chandpur 5,1,Mirza Gious Uddin,ds,Jatiya Party (JaPa),ds=0,Mirza Gias Uddin,tbs,Jatiya Party (JaPa),tbs=1516,1.00,name+party match (sim=1.00)
Chandpur 5,1,Mirza Gias Uddin,dt,Jatiya Party (JaPa),dt=1516,Mirza Gious Uddin,"ds,tbs",Jatiya Party (JaPa),ds=0; tbs=1516,1.00,name+party match (sim=1.00) [vote-boosted]
Chandpur 5,1,Md. Jakir Hossain Prodhania,ds,Independent Candidate (Independent),ds=0,Md. Zakir Hossain Pradhani,tbs,Independent Candidate (Independent),tbs=268,0.93,name+party match (sim=0.93)
Chandpur 5,1,Md. Zakir Hossain Pradhania,dt,Independent Candidate (Independent),dt=268,Md. Jakir Hossain Prodhania,"ds,tbs",Independent Candidate (Independent),ds=0; tbs=268,0.93,name+party match (sim=0.93) [vote-boosted]
Chandpur 5,1,Syed Bahadur Shah Mujaddedi,dt,Bangladesh Islami Front (BIF),dt=13178,Sayed Bahadur Shah Mujaddedi,ds,Bangladesh Islami Front (BIF),ds=0,1.00,name+party match (sim=1.00)
Chapainawabganj 1,1,Nawab Md. Shamsul Hoda,ds,Bangladesh Islami Front (BIF),ds=0,Nabab Md. Shamsul Hoda,tbs,Bangladesh Islami Front (BIF),tbs=446,0.95,name+party match (sim=0.95)
Chapainawabganj 1,1,Nawab Md. Shamsul Hoda,dt,Bangladesh Islami Front (BIF),dt=446,Nabab Md. Shamsul Hoda,"ds,tbs",Bangladesh Islami Front (BIF),ds=0; tbs=446,0.95,name+party match (sim=0.95) [vote-boosted]
Chapainawabganj 1,1,Md. Afzal Hossain,ds,Jatiya Party (JaPa),ds=0,Moha. Afzal Hossain,tbs,Jatiya Party (JaPa),tbs=2263,0.89,name+party match (sim=0.89)
Chapainawabganj 1,1,Md. Afzal Hossain,dt,Jatiya Party (JaPa),dt=2263,Moha. Afzal Hossain,"ds,tbs",Jatiya Party (JaPa),ds=0; tbs=2263,0.89,name+party match (sim=0.89) [vote-boosted]
Chapainawabganj 1,1,Md. Abdul Halim,ds,Bangladesh Sangskritik Muktijote (BSM),ds=0,Md. Abdul Halim,tbs,Bangladesh Sangskritik Muktijote (BSM),tbs=557,1.00,name+party match (sim=1.00)
Chapainawabganj 1,1,Md. Abdul Halim,dt,Bangladesh Sangskritik Muktijote (BSM),dt=557,Md. Abdul Halim,"ds,tbs",Bangladesh Sangskritik Muktijote (BSM),ds=0; tbs=557,1.00,name+party match (sim=1.00) [vote-boosted]
Chapainawabganj 1,1,Md. Keramat Ali,ds,Bangladesh Jamaat-e-Islami (Jamaat),ds=206893,Md. Keramat Ali,tbs,Bangladesh Jamaat-e-Islami (Jamaat),tbs=206893,1.00,name+party match (sim=1.00) [vote-boosted]
Chapainawabganj 1,1,Md. Keramat Ali,bss,Bangladesh Jamaat-e-Islami (Jamaat),bss=206893,Md. Keramat Ali,"ds,tbs",Bangladesh Jamaat-e-Islami (Jamaat),ds=206893; tbs=206893,1.00,name+party match (sim=1.00) [vote-boosted]
Chapainawabganj 1,1,Md. Keramat Ali,dt,Bangladesh Jamaat-e-Islami (Jamaat),dt=206893,Md. Keramat Ali,"bss,ds,tbs",Bangladesh Jamaat-e-Islami (Jamaat),bss=206893; ds=206893; tbs=206893,1.00,name+party match (sim=1.00) [vote-boosted]
Chapainawabganj 1,1,Md. Monirul Islam,ds,Islami Andolan Bangladesh (IAB),ds=0,Md. Monirul Islam,tbs,Islami Andolan Bangladesh (IAB),tbs=1083,1.00,name+party match (sim=1.00)
Chapainawabganj 1,1,Md. Monirul Islam,dt,Islami Andolan Bangladesh (IAB),dt=1083,Md. Monirul Islam,"ds,tbs",Islami Andolan Bangladesh (IAB),ds=0; tbs=1083,1.00,name+party match (sim=1.00) [vote-boosted]
Chapainawabganj 1,1,Md. Shahjahan Mia,ds,Bangladesh Nationalist Party (BNP),ds=162515,Md. Shahjahan Mia,tbs,Bangladesh Nationalist Party (BNP),tbs=162515,1.00,name+party match (sim=1.00) [vote-boosted]
Chapainawabganj 1,1,Md. Shahjahan Mia,bss,Bangladesh Nationalist Party (BNP),bss=162515,Md. Shahjahan Mia,"ds,tbs",Bangladesh Nationalist Party (BNP),ds=162515; tbs=162515,1.00,name+party match (sim=1.00) [vote-boosted]
Chapainawabganj 1,1,Md. Shahjahan Mia,dt,Bangladesh Nationalist Party (BNP),dt=162515,Md. Shahjahan Mia,"bss,ds,tbs",Bangladesh Nationalist Party (BNP),bss=162515; ds=162515; tbs=162515,1.00,name+party match (sim=1.00) [vote-boosted]
Chapainawabganj 2,1,Mohamod Khurshid Alam,ds,Jatiya Party (JaPa),ds=0,Mu. Khurshid Alam,tbs,Jatiya Party (JaPa),tbs=8175,0.86,name+party match (sim=0.86)
Chapainawabganj 2,1,Md. Khurshid Alam,dt,Jatiya Party (JaPa),dt=8175,Mohamod Khurshid Alam,"ds,tbs",Jatiya Party (JaPa),ds=0; tbs=8175,0.91,name+party match (sim=0.91) [vote-boosted]
Chapainawabganj 2,1,Md. Mizanur Rahman,ds,Bangladesh Jamaat-e-Islami (Jamaat),ds=171227,Mu.Mizanur Rahman,tbs,Bangladesh Jamaat-e-Islami (Jamaat),tbs=171227,0.95,name+party match (sim=0.95) [vote-boosted]
Chapainawabganj 2,1,Md. Mizanur Rahman,bss,Bangladesh Jamaat-e-Islami (Jamaat),bss=171227,Md. Mizanur Rahman,"ds,tbs",Bangladesh Jamaat-e-Islami (Jamaat),ds=171227; tbs=171227,1.00,name+party match (sim=1.00) [vote-boosted]
Chapainawabganj 2,1,Md. Mizanur Rahman,dt,Bangladesh Jamaat-e-Islami (Jamaat),dt=171227,Md. Mizanur Rahman,"bss,ds,tbs",Bangladesh Jamaat-e-Islami (Jamaat),bss=171227; ds=171227; tbs=171227,1.00,name+party match (sim=1.00) [vote-boosted]
Chapainawabganj 2,1,Md. Aminul Islam,ds,Bangladesh Nationalist Party (BNP),ds=155119,Md. Aminul Islam,tbs,Bangladesh Nationalist Party (BNP),tbs=155119,1.00,name+party match (sim=1.00) [vote-boosted]
Chapainawabganj 2,1,Md. Aminul Islam,bss,Bangladesh Nationalist Party (BNP),bss=155119,Md. Aminul Islam,"ds,tbs",Bangladesh Nationalist Party (BNP),ds=155119; tbs=155119,1.00,name+party match (sim=1.00) [vote-boosted]
Chapainawabganj 2,1,Md. Aminul Islam,dt,Bangladesh Nationalist Party (BNP),dt=155119,Md. Aminul Islam,"bss,ds,tbs",Bangladesh Nationalist Party (BNP),bss=155119; ds=155119; tbs=155119,1.00,name+party match (sim=1.00) [vote-boosted]
Chapainawabganj 2,1,Md. Ibrahim Khalil,ds,Islami Andolan Bangladesh (IAB),ds=0,Md. Ibrahim Khalil,tbs,Islami Andolan Bangladesh (IAB),tbs=1069,1.00,name+party match (sim=1.00)
Chapainawabganj 2,1,Md. Ibrahim Khalil,dt,Islami Andolan Bangladesh (IAB),dt=1069,Md. Ibrahim Khalil,"ds,tbs",Islami Andolan Bangladesh (IAB),ds=0; tbs=1069,1.00,name+party match (sim=1.00) [vote-boosted]
Chapainawabganj 2,1,Md. Sadequl Islam,ds,Communist Party of Bangladesh (CPB),ds=0,Md. Sadekul Isalm,tbs,Communist Party of Bangladesh (CPB),tbs=626,0.89,name+party match (sim=0.89)
Chapainawabganj 2,1,Md. Sadekul Islam,dt,Communist Party of Bangladesh (CPB),dt=626,Md. Sadekul Isalm,"ds,tbs",Communist Party of Bangladesh (CPB),ds=0; tbs=626,1.00,name+party match (sim=1.00) [vote-boosted]
Chapainawabganj 3,1,Md. Nurul Islam,ds,Bangladesh Jamaat-e-Islami (Jamaat),ds=189640,Md. Nurul Islam,tbs,Bangladesh Jamaat-e-Islami (Jamaat),tbs=189640,1.00,name+party match (sim=1.00) [vote-boosted]
Chapainawabganj 3,1,Md. Nurul Islam,bss,Bangladesh Jamaat-e-Islami (Jamaat),bss=189640,Md. Nurul Islam,"ds,tbs",Bangladesh Jamaat-e-Islami (Jamaat),ds=189640; tbs=189640,1.00,name+party match (sim=1.00) [vote-boosted]
Chapainawabganj 3,1,Md. Nurul Islam,dt,Bangladesh Jamaat-e-Islami (Jamaat),dt=189640,Md. Nurul Islam,"bss,ds,tbs",Bangladesh Jamaat-e-Islami (Jamaat),bss=189640; ds=189640; tbs=189640,1.00,name+party match (sim=1.00) [vote-boosted]
Chapainawabganj 3,1,Md. Fazlur Islam Khan,ds,Jatiya Samajtantrik Dal (JSD),ds=0,Md. Fazlul Islam Khan,tbs,Jatiya Samajtantrik Dal (JSD),tbs=637,0.95,name+party match (sim=0.95)
Chapainawabganj 3,1,Md. Fazlur Islam Khan,dt,Jatiya Samajtantrik Dal (JSD),dt=637,Md. Fazlul Islam Khan,"ds,tbs",Jatiya Samajtantrik Dal (JSD),ds=0; tbs=637,0.95,name+party match (sim=0.95) [vote-boosted]
Chapainawabganj 3,1,Md. Monirul Islam,ds,Islami Andolan Bangladesh (IAB),ds=0,Md. Monirul Islam,tbs,Islami Andolan Bangladesh (IAB),tbs=820,1.00,name+party match (sim=1.00)
Chapainawabganj 3,1,Md. Monirul Islam,dt,Islami Andolan Bangladesh (IAB),dt=820,Md. Monirul Islam,"ds,tbs",Islami Andolan Bangladesh (IAB),ds=0; tbs=820,1.00,name+party match (sim=1.00) [vote-boosted]
Chapainawabganj 3,1,Md. Shofikul Islam,ds,Gono Odhikar Parishad (GOP),ds=0,Md. Shofiqul Islam,tbs,Gono Odhikar Parishad (GOP),tbs=361,0.94,name+party match (sim=0.94)
Chapainawabganj 3,1,Md. Shafiqul Islam,dt,Gono Odhikar Parishad (GOP),dt=361,Md. Shofiqul Islam,"ds,tbs",Gono Odhikar Parishad (GOP),ds=0; tbs=361,1.00,name+party match (sim=1.00) [vote-boosted]
Chapainawabganj 3,1,Md. Harunur Rashid,ds,Bangladesh Nationalist Party (BNP),ds=127037,Md. Harunur Rashid,tbs,Bangladesh Nationalist Party (BNP),tbs=127037,1.00,name+party match (sim=1.00) [vote-boosted]
Chapainawabganj 3,1,Md. Harunur Rashid,bss,Bangladesh Nationalist Party (BNP),bss=127037,Md. Harunur Rashid,"ds,tbs",Bangladesh Nationalist Party (BNP),ds=127037; tbs=127037,1.00,name+party match (sim=1.00) [vote-boosted]
Chapainawabganj 3,1,Md. Harunur Rashid,dt,Bangladesh Nationalist Party (BNP),dt=127037,Md. Harunur Rashid,"bss,ds,tbs",Bangladesh Nationalist Party (BNP),bss=127037; ds=127037; tbs=127037,1.00,name+party match (sim=1.00) [vote-boosted]
Chattogram 1,1,Md. Saifur Rahman,ds,Bangladesh Jamaat-e-Islami (Jamaat),ds=84538,Saifur Rahman,tbs,Bangladesh Jamaat-e-Islami (Jamaat),tbs=84538,1.00,name+party match (sim=1.00) [vote-boosted]
Chattogram 1,1,Mohammad Chaifur Rahman,bss,Bangladesh Jamaat-e-Islami (Jamaat),bss=84538,Md. Saifur Rahman,"ds,tbs",Bangladesh Jamaat-e-Islami (Jamaat),ds=84538; tbs=84538,0.91,name+party match (sim=0.91) [vote-boosted]
Chattogram 1,1,Mohammad Saifur Rahman,dt,Bangladesh Jamaat-e-Islami (Jamaat),dt=84538,Mohammad Chaifur Rahman,"bss,ds,tbs",Bangladesh Jamaat-e-Islami (Jamaat),bss=84538; ds=84538; tbs=84538,0.91,name+party match (sim=0.91) [vote-boosted]
Chattogram 1,1,Nurul Amin,ds,Bangladesh Nationalist Party (BNP),ds=128799,Nurul Amin,tbs,Bangladesh Nationalist Party (BNP),tbs=128799,1.00,name+party match (sim=1.00) [vote-boosted]
Chattogram 1,1,Nurul Amin,bss,Bangladesh Nationalist Party (BNP),bss=128799,Nurul Amin,"ds,tbs",Bangladesh Nationalist Party (BNP),ds=128799; tbs=128799,1.00,name+party match (sim=1.00) [vote-boosted]
Chattogram 1,1,Nurul Amin,dt,Bangladesh Nationalist Party (BNP),dt=128799,Nurul Amin,"bss,ds,tbs",Bangladesh Nationalist Party (BNP),bss=128799; ds=128799; tbs=128799,1.00,name+party match (sim=1.00) [vote-boosted]
Chattogram 1,1,Syed Sahadat Hossain,ds,Jatiya Party (JaPa),ds=0,Syed Shahadat Hossain,tbs,Jatiya Party (JaPa),tbs=1659,0.98,name+party match (sim=0.98)
Chattogram 1,1,Syed Shahadat Hossain,dt,Jatiya Party (JaPa),dt=1659,Syed Shahadat Hossain,"ds,tbs",Jatiya Party (JaPa),ds=0; tbs=1659,1.00,name+party match (sim=1.00) [vote-boosted]
Chattogram 1,1,Ferdaus Ahmed Chowdhury,ds,Islami Andolan Bangladesh (IAB),ds=0,Ferdous Ahmed Chowdhury,tbs,Islami Andolan Bangladesh (IAB),tbs=2108,1.00,name+party match (sim=1.00)
Chattogram 1,1,Ferdous Ahmed Chowdhury,dt,Islami Andolan Bangladesh (IAB),dt=2108,Ferdous Ahmed Chowdhury,"ds,tbs",Islami Andolan Bangladesh (IAB),ds=0; tbs=2108,1.00,name+party match (sim=1.00) [vote-boosted]
Chattogram 1,1,A. K. M. Abu Yusufe,ds,Jatiya Samajtantrik Dal (JSD),ds=0,A. K. M. Abu Yusuf,tbs,Jatiya Samajtantrik Dal (JSD),tbs=258,1.00,name+party match (sim=1.00)
Chattogram 1,1,A. K. M. Abu Yusuf,dt,Jatiya Samajtantrik Dal (JSD),dt=258,A. K. M. Abu Yusufe,"ds,tbs",Jatiya Samajtantrik Dal (JSD),ds=0; tbs=258,1.00,name+party match (sim=1.00) [vote-boosted]
Chattogram 1,1,Rezaul Karim,ds,Insaniyat Biplob Bangladesh (IBB),ds=0,Rezaul Karim,tbs,Insaniyat Biplob Bangladesh (IBB),tbs=780,1.00,name+party match (sim=1.00)
Chattogram 1,1,Rezaul Karim,dt,Insaniyat Biplob Bangladesh (IBB),dt=780,Rezaul Karim,"ds,tbs",Insaniyat Biplob Bangladesh (IBB),ds=0; tbs=780,1.00,name+party match (sim=1.00) [vote-boosted]
Chattogram 1,1,Sk. Zulfiqur Bulbul Chowdhury,ds,Bangladesh Muslim League (BML),ds=0,Sheikh Zulfikar Bulbul Chowdhury,tbs,Bangladesh Muslim League (BML),tbs=269,0.89,name+party match (sim=0.89)
Chattogram 1,1,Sheikh Zulfikar Bulbul Chowdhury,dt,Bangladesh Muslim League (BML),dt=269,Sheikh Zulfikar Bulbul Chowdhury,"ds,tbs",Bangladesh Muslim League (BML),ds=0; tbs=269,1.00,name+party match (sim=1.00) [vote-boosted]
Chattogram 10,1,Mohammed Arman Ali,ds,Independent Candidate (Independent),ds=0,Md. Arman Ali,tbs,Independent Candidate (Independent),tbs=357,0.80,name+party match (sim=0.80)
Chattogram 10,1,Asma Akther,ds,Socialist Party of Bangladesh (Marxist) (SPB-M),ds=0,Asma Akhtar,tbs,Socialist Party of Bangladesh (Marxist) (SPB-M),tbs=305,0.95,name+party match (sim=0.95)
Chattogram 10,1,Asma Akter,dt,Socialist Party of Bangladesh (Marxist) (SPB-M),dt=305,Asma Akhtar,"ds,tbs",Socialist Party of Bangladesh (Marxist) (SPB-M),ds=0; tbs=305,1.00,name+party match (sim=1.00) [vote-boosted]
Chattogram 10,1,Md. Liaket Ali,ds,Bangladesh Islami Front (BIF),ds=0,Md. Liaquat Ali,tbs,Bangladesh Islami Front (BIF),tbs=2441,0.83,name+party match (sim=0.83)
Chattogram 10,1,Md. Liaqat Ali,dt,Bangladesh Islami Front (BIF),dt=2441,Md. Liaquat Ali,"ds,tbs",Bangladesh Islami Front (BIF),ds=0; tbs=2441,1.00,name+party match (sim=1.00) [vote-boosted]
Chattogram 10,1,Sayed Al Noman,ds,Bangladesh Nationalist Party (BNP),ds=122978,Saeed Al Noman,tbs,Bangladesh Nationalist Party (BNP),tbs=122978,0.93,name+party match (sim=0.93) [vote-boosted]
Chattogram 10,1,Saeed Al Noman,bss,Bangladesh Nationalist Party (BNP),bss=122978,Saeed Al Noman,"ds,tbs",Bangladesh Nationalist Party (BNP),ds=122978; tbs=122978,1.00,name+party match (sim=1.00) [vote-boosted]
Chattogram 10,1,Saeed Al Noman,dt,Bangladesh Nationalist Party (BNP),dt=122978,Saeed Al Noman,"bss,ds,tbs",Bangladesh Nationalist Party (BNP),bss=122978; ds=122978; tbs=122978,1.00,name+party match (sim=1.00) [vote-boosted]
Chattogram 10,1,Md. Emdad Hossain,ds,Jatiya Party (JaPa),ds=0,Md. Emdad Hossain Chowdhury,tbs,Jatiya Party (JaPa),tbs=1079,0.77,name+party match (sim=0.77)
Chattogram 10,1,Mohammad Emdad Hossain Chowdhury,dt,Jatiya Party (JaPa),dt=1079,Md. Emdad Hossain Chowdhury,"ds,tbs",Jatiya Party (JaPa),ds=0; tbs=1079,1.00,name+party match (sim=1.00) [vote-boosted]
Chattogram 10,1,Sabina Khatun,ds,Insaniyat Biplob Bangladesh (IBB),ds=0,Sabina Khatun,tbs,Insaniyat Biplob Bangladesh (IBB),tbs=960,1.00,name+party match (sim=1.00)
Chattogram 10,1,Sabina Khatun,dt,Insaniyat Biplob Bangladesh (IBB),dt=960,Sabina Khatun,"ds,tbs",Insaniyat Biplob Bangladesh (IBB),ds=0; tbs=960,1.00,name+party match (sim=1.00) [vote-boosted]
Chattogram 10,1,Md. Usman Gani,ds,Bangladesh Labour Party,ds=0,Md. Osman Ghani,tbs,Bangladesh Labour Party,tbs=161,0.93,name+party match (sim=0.93)
Chattogram 10,1,Md. Osman Gani,dt,Bangladesh Labour Party,dt=161,Md. Osman Ghani,"ds,tbs",Bangladesh Labour Party,ds=0; tbs=161,0.97,name+party match (sim=0.97) [vote-boosted]
Chattogram 10,1,Md. Shamsuzzaman Helaly,ds,Bangladesh Jamaat-e-Islami (Jamaat),ds=76919,Md. Shamsuzzaman Helali,tbs,Bangladesh Jamaat-e-Islami (Jamaat),tbs=76919,0.96,name+party match (sim=0.96) [vote-boosted]
Chattogram 10,1,Muhammad Shamsuzzaman Helali,bss,Bangladesh Jamaat-e-Islami (Jamaat),bss=76919,Md. Shamsuzzaman Helali,"ds,tbs",Bangladesh Jamaat-e-Islami (Jamaat),ds=76919; tbs=76919,1.00,name+party match (sim=1.00) [vote-boosted]
Chattogram 10,1,Muhammad Shamsuzzaman Helali,dt,Bangladesh Jamaat-e-Islami (Jamaat),dt=76919,Muhammad Shamsuzzaman Helali,"bss,ds,tbs",Bangladesh Jamaat-e-Islami (Jamaat),bss=76919; ds=76919; tbs=76919,1.00,name+party match (sim=1.00) [vote-boosted]
Chattogram 10,1,Md. Jannatul Islam,ds,Islami Andolan Bangladesh (IAB),ds=0,Md. Jannatul Islam,tbs,Islami Andolan Bangladesh (IAB),tbs=3880,1.00,name+party match (sim=1.00)
Chattogram 10,1,Muhammad Jannatul Islam,dt,Islami Andolan Bangladesh (IAB),dt=3880,Md. Jannatul Islam,"ds,tbs",Islami Andolan Bangladesh (IAB),ds=0; tbs=3880,1.00,name+party match (sim=1.00) [vote-boosted]
Chattogram 10,2,Mohammad Arman Ali,dt,Jatiya Party (JaPa),dt=357,Mohammed Arman Ali,"ds,tbs",Independent Candidate (Independent),ds=0; tbs=357,0.80,"name+votes match, party differs: Jatiya Party (JaPa) → Independent Candidate (Independent)"
Chattogram 11,1,Md. Nur Uddin,ds,Islami Andolan Bangladesh (IAB),ds=0,Md. Noor Uddin,tbs,Islami Andolan Bangladesh (IAB),tbs=2557,1.00,name+party match (sim=1.00)
Chattogram 11,1,Md. Nur Uddin,dt,Islami Andolan Bangladesh (IAB),dt=2557,Md. Noor Uddin,"ds,tbs",Islami Andolan Bangladesh (IAB),ds=0; tbs=2557,1.00,name+party match (sim=1.00) [vote-boosted]
Chattogram 11,1,Md. Nezam Uddin,ds,Gono Odhikar Parishad (GOP),ds=0,Md. Nezam Uddin,tbs,Gono Odhikar Parishad (GOP),tbs=104,1.00,name+party match (sim=1.00)
Chattogram 11,1,Muhammad Nezam Uddin,dt,Gono Odhikar Parishad (GOP),dt=104,Md. Nezam Uddin,"ds,tbs",Gono Odhikar Parishad (GOP),ds=0; tbs=104,1.00,name+party match (sim=1.00) [vote-boosted]
Chattogram 11,1,Md. Jahangir Bhuiyan,ds,Independent Candidate (Independent),ds=0,Md. Jahangir Bhuiyan,tbs,Independent Candidate (Independent),tbs=178,1.00,name+party match (sim=1.00)
Chattogram 11,1,Mohammad Jahangir Bhuiyan,dt,Independent Candidate (Independent),dt=178,Md. Jahangir Bhuiyan,"ds,tbs",Independent Candidate (Independent),ds=0; tbs=178,1.00,name+party match (sim=1.00) [vote-boosted]
Chattogram 11,1,Md. Shafiul Alam,ds,Bangladesh Jamaat-e-Islami (Jamaat),ds=76681,Md. Shafiul Alam,tbs,Bangladesh Jamaat-e-Islami (Jamaat),tbs=76681,1.00,name+party match (sim=1.00) [vote-boosted]
Chattogram 11,1,Mohammad Shafiul Alam,bss,Bangladesh Jamaat-e-Islami (Jamaat),bss=76681,Md. Shafiul Alam,"ds,tbs",Bangladesh Jamaat-e-Islami (Jamaat),ds=76681; tbs=76681,1.00,name+party match (sim=1.00) [vote-boosted]
Chattogram 11,1,Mohammad Shafiul Alam,dt,Bangladesh Jamaat-e-Islami (Jamaat),dt=76681,Mohammad Shafiul Alam,"bss,ds,tbs",Bangladesh Jamaat-e-Islami (Jamaat),bss=76681; ds=76681; tbs=76681,1.00,name+party match (sim=1.00) [vote-boosted]
Chattogram 11,1,Dipa Majumder,ds,Socialist Party of Bangladesh (Marxist) (SPB-M),ds=0,Deepa Majumder,tbs,Socialist Party of Bangladesh (Marxist) (SPB-M),tbs=231,1.00,name+party match (sim=1.00)
Chattogram 11,1,Deepa Majumdar,dt,Socialist Party of Bangladesh (Marxist) (SPB-M),dt=231,Deepa Majumder,"ds,tbs",Socialist Party of Bangladesh (Marxist) (SPB-M),ds=0; tbs=231,1.00,name+party match (sim=1.00) [vote-boosted]
Chattogram 11,1,Uzzwal Bhowmik,ds,Gono Forum (GF),ds=0,Ujjal Bhowmik,tbs,Gono Forum (GF),tbs=307,0.81,name+party match (sim=0.81)
Chattogram 11,1,Ujjal Bhowmik,dt,Gono Forum (GF),dt=307,Uzzwal Bhowmik,"ds,tbs",Gono Forum (GF),ds=0; tbs=307,0.81,name+party match (sim=0.81) [vote-boosted]
Chattogram 11,1,Abu Taher,ds,Jatiya Party (JaPa),ds=0,Abu Taher,tbs,Jatiya Party (JaPa),tbs=1004,1.00,name+party match (sim=1.00)
Chattogram 11,1,Abu Taher,dt,Jatiya Party (JaPa),dt=1004,Abu Taher,"ds,tbs",Jatiya Party (JaPa),ds=0; tbs=1004,1.00,name+party match (sim=1.00) [vote-boosted]
Chattogram 11,1,Md. Abu Taher,ds,Bangladesh Islami Front (BIF),ds=0,Md. Abu Taher,tbs,Bangladesh Islami Front (BIF),tbs=5127,1.00,name+party match (sim=1.00)
Chattogram 11,1,Muhammad Abu Taher,dt,Bangladesh Islami Front (BIF),dt=5127,Md. Abu Taher,"ds,tbs",Bangladesh Islami Front (BIF),ds=0; tbs=5127,1.00,name+party match (sim=1.00) [vote-boosted]
Chattogram 11,1,Md. Nizamul Hoq All Kaderi,ds,Bangladesh Samajtantrik Dal (Basad),ds=0,Md. Nizamul Haque Al Qaderi,tbs,Bangladesh Samajtantrik Dal (Basad),tbs=120,0.88,name+party match (sim=0.88)
Chattogram 11,1,Md. Nizamul Haque Al Qaderi,dt,Bangladesh Samajtantrik Dal (Basad),dt=120,Md. Nizamul Haque Al Qaderi,"ds,tbs",Bangladesh Samajtantrik Dal (Basad),ds=0; tbs=120,1.00,name+party match (sim=1.00) [vote-boosted]
Chattogram 11,1,Md. Aziz Meah,ds,Insaniyat Biplob Bangladesh (IBB),ds=0,Md. Aziz Mia,tbs,Insaniyat Biplob Bangladesh (IBB),tbs=210,0.91,name+party match (sim=0.91)
Chattogram 11,1,Md. Aziz Mia,dt,Insaniyat Biplob Bangladesh (IBB),dt=210,Md. Aziz Meah,"ds,tbs",Insaniyat Biplob Bangladesh (IBB),ds=0; tbs=210,0.91,name+party match (sim=0.91) [vote-boosted]
Chattogram 11,1,Amir Khosru Mahmud Chowdhury,ds,Bangladesh Nationalist Party (BNP),ds=115999,Amir Khasru Mahmud Chowdhury,tbs,Bangladesh Nationalist Party (BNP),tbs=115999,1.00,name+party match (sim=1.00) [vote-boosted]
Chattogram 11,1,Amir Khosru Mahmud Chowdhury,bss,Bangladesh Nationalist Party (BNP),bss=115999,Amir Khasru Mahmud Chowdhury,"ds,tbs",Bangladesh Nationalist Party (BNP),ds=115999; tbs=115999,1.00,name+party match (sim=1.00) [vote-boosted]
Chattogram 11,1,Amir Khasru Mahmud Chowdhury,dt,Bangladesh Nationalist Party (BNP),dt=115999,Amir Khasru Mahmud Chowdhury,"bss,ds,tbs",Bangladesh Nationalist Party (BNP),bss=115999; ds=115999; tbs=115999,1.00,name+party match (sim=1.00) [vote-boosted]
Chattogram 12,1,Md. Enamul Hoque,ds,Bangladesh Nationalist Party (BNP),ds=135044,Md. Enamul Haque,tbs,Bangladesh Nationalist Party (BNP),tbs=135044,1.00,name+party match (sim=1.00) [vote-boosted]
Chattogram 12,1,Mohammad Enamul Haque,bss,Bangladesh Nationalist Party (BNP),bss=135044,Md. Enamul Haque,"ds,tbs",Bangladesh Nationalist Party (BNP),ds=135044; tbs=135044,1.00,name+party match (sim=1.00) [vote-boosted]
Chattogram 12,1,Mohammad Enamul Haque,dt,Bangladesh Nationalist Party (BNP),dt=135044,Mohammad Enamul Haque,"bss,ds,tbs",Bangladesh Nationalist Party (BNP),bss=135044; ds=135044; tbs=135044,1.00,name+party match (sim=1.00) [vote-boosted]
Chattogram 12,1,Md. Faridul Alam,ds,Bangladesh Jamaat-e-Islami (Jamaat),ds=0,Md. Faridul Alam,tbs,Bangladesh Jamaat-e-Islami (Jamaat),tbs=21706,1.00,name+party match (sim=1.00)
Chattogram 12,1,Mohammad Faridul Alam,dt,Bangladesh Jamaat-e-Islami (Jamaat),dt=21706,Md. Faridul Alam,"ds,tbs",Bangladesh Jamaat-e-Islami (Jamaat),ds=0; tbs=21706,1.00,name+party match (sim=1.00) [vote-boosted]
Chattogram 12,1,Md. Shakawat Hossain,ds,Independent Candidate (Independent),ds=0,Md. Shakhawat Hossain,tbs,Independent Candidate (Independent),tbs=243,0.98,name+party match (sim=0.98)
Chattogram 12,1,Muhammad Shakhawat Hossain,dt,Independent Candidate (Independent),dt=243,Md. Shakhawat Hossain,"ds,tbs",Independent Candidate (Independent),ds=0; tbs=243,1.00,name+party match (sim=1.00) [vote-boosted]
Chattogram 12,1,Md. Abu Talab Halaly,ds,Insaniyat Biplob Bangladesh (IBB),ds=0,Md. Abu Taleb Helali,tbs,Insaniyat Biplob Bangladesh (IBB),tbs=929,0.95,name+party match (sim=0.95)
Chattogram 12,1,Mohammad Abu Taleb Helali,dt,Insaniyat Biplob Bangladesh (IBB),dt=929,Md. Abu Taleb Helali,"ds,tbs",Insaniyat Biplob Bangladesh (IBB),ds=0; tbs=929,1.00,name+party match (sim=1.00) [vote-boosted]
Chattogram 12,1,Farid Ahammed Chowdhury,ds,Jatiya Party (JaPa),ds=0,Farid Ahmed Chowdhury,tbs,Jatiya Party (JaPa),tbs=732,0.96,name+party match (sim=0.96)
Chattogram 12,1,Farid Ahmed Chowdhury,dt,Jatiya Party (JaPa),dt=732,Farid Ahammed Chowdhury,"ds,tbs",Jatiya Party (JaPa),ds=0; tbs=732,0.96,name+party match (sim=0.96) [vote-boosted]
Chattogram 12,1,M. Yakub Ali,ds,Bangladesh Liberal Democratic Party (LDP),ds=0,M. Eyakub Ali,tbs,Bangladesh Liberal Democratic Party (LDP),tbs=118,1.00,name+party match (sim=1.00)
Chattogram 12,1,M. Yakub Ali,dt,Bangladesh Liberal Democratic Party (LDP),dt=118,M. Eyakub Ali,"ds,tbs",Bangladesh Liberal Democratic Party (LDP),ds=0; tbs=118,1.00,name+party match (sim=1.00) [vote-boosted]
Chattogram 12,1,Sayed Ayar Md. Peyaru,ds,Bangladesh Islami Front (BIF),ds=28999,Syed Air Md. Payaru,tbs,Bangladesh Islami Front (BIF),tbs=28999,0.95,name+party match (sim=0.95) [vote-boosted]
Chattogram 12,1,Syed Air Mohammad Payaru,bss,Bangladesh Islami Front (BIF),bss=28999,Sayed Ayar Md. Peyaru,"ds,tbs",Bangladesh Islami Front (BIF),ds=28999; tbs=28999,0.95,name+party match (sim=0.95) [vote-boosted]
Chattogram 12,1,Syed Air Mohammad Peyaru,dt,Bangladesh Islami Front (BIF),dt=28999,Syed Air Mohammad Payaru,"bss,ds,tbs",Bangladesh Islami Front (BIF),bss=28999; ds=28999; tbs=28999,1.00,name+party match (sim=1.00) [vote-boosted]
Chattogram 12,1,Sm Belal Nur,ds,Islami Andolan Bangladesh (IAB),ds=0,S. M. Belal Noor,tbs,Islami Andolan Bangladesh (IAB),tbs=901,1.00,name+party match (sim=1.00)
Chattogram 12,1,S. M. Belal Nur,dt,Islami Andolan Bangladesh (IAB),dt=901,S. M. Belal Noor,"ds,tbs",Islami Andolan Bangladesh (IAB),ds=0; tbs=901,1.00,name+party match (sim=1.00) [vote-boosted]
Chattogram 13,1,Md. Mujibur Rahman Chy.,ds,Gono Odhikar Parishad (GOP),ds=0,Md. Mujibur Rahman Chong,tbs,Gono Odhikar Parishad (GOP),tbs=168,0.89,name+party match (sim=0.89)
Chattogram 13,1,Md. Mujibur Rahman Chowdhury,dt,Gono Odhikar Parishad (GOP),dt=168,Md. Mujibur Rahman Chong,"ds,tbs",Gono Odhikar Parishad (GOP),ds=0; tbs=168,0.85,name+party match (sim=0.85) [vote-boosted]
Chattogram 13,1,Md. Rezaul Mustafa,ds,Insaniyat Biplob Bangladesh (IBB),ds=0,Md. Rezaul Mustafa,tbs,Insaniyat Biplob Bangladesh (IBB),tbs=191,1.00,name+party match (sim=1.00)
Chattogram 13,1,Md. Rezaul Mostafa,dt,Insaniyat Biplob Bangladesh (IBB),dt=191,Md. Rezaul Mustafa,"ds,tbs",Insaniyat Biplob Bangladesh (IBB),ds=0; tbs=191,1.00,name+party match (sim=1.00) [vote-boosted]
Chattogram 13,1,Sarwar Jamal Nizam,ds,Bangladesh Nationalist Party (BNP),ds=126192,Sarwar Jamal Nizam,tbs,Bangladesh Nationalist Party (BNP),tbs=126192,1.00,name+party match (sim=1.00) [vote-boosted]
Chattogram 13,1,Sarwar Jamal Nizam,bss,Bangladesh Nationalist Party (BNP),bss=126192,Sarwar Jamal Nizam,"ds,tbs",Bangladesh Nationalist Party (BNP),ds=126192; tbs=126192,1.00,name+party match (sim=1.00) [vote-boosted]
Chattogram 13,1,Sarwar Jamal Nizam,dt,Bangladesh Nationalist Party (BNP),dt=126192,Sarwar Jamal Nizam,"bss,ds,tbs",Bangladesh Nationalist Party (BNP),bss=126192; ds=126192; tbs=126192,1.00,name+party match (sim=1.00) [vote-boosted]
Chattogram 13,1,Abdur Rob Chowdhury,ds,Jatiya Party (JaPa),ds=0,Abdur Rob Chowdhury,tbs,Jatiya Party (JaPa),tbs=440,1.00,name+party match (sim=1.00)
Chattogram 13,1,Abdur Rab Chowdhury,dt,Jatiya Party (JaPa),dt=440,Abdur Rob Chowdhury,"ds,tbs",Jatiya Party (JaPa),ds=0; tbs=440,1.00,name+party match (sim=1.00) [vote-boosted]
Chattogram 13,1,Mahmudul Hassan,ds,Bangladesh Jamaat-e-Islami (Jamaat),ds=0,Mahmudul Hasan,tbs,Bangladesh Jamaat-e-Islami (Jamaat),tbs=35030,0.97,name+party match (sim=0.97)
Chattogram 13,1,Mahmudul Hasan,dt,Bangladesh Jamaat-e-Islami (Jamaat),dt=35030,Mahmudul Hassan,"ds,tbs",Bangladesh Jamaat-e-Islami (Jamaat),ds=0; tbs=35030,0.97,name+party match (sim=0.97) [vote-boosted]
Chattogram 13,1,S. M. Shahjahan,ds,Bangladesh Islami Front (BIF),ds=51450,S. M. Shahjahan,tbs,Bangladesh Islami Front (BIF),tbs=51450,1.00,name+party match (sim=1.00) [vote-boosted]
Chattogram 13,1,"S, M, Shah Jahan",bss,Bangladesh Islami Front (BIF),bss=51450,S. M. Shahjahan,"ds,tbs",Bangladesh Islami Front (BIF),ds=51450; tbs=51450,1.00,name+party match (sim=1.00) [vote-boosted]
Chattogram 13,1,S. M. Shahjahan,dt,Bangladesh Islami Front (BIF),dt=51450,"S, M, Shah Jahan","bss,ds,tbs",Bangladesh Islami Front (BIF),bss=51450; ds=51450; tbs=51450,1.00,name+party match (sim=1.00) [vote-boosted]
Chattogram 13,1,Md. Amran,ds,Nationalist Democratic Movement (NDM),ds=0,Md. Emran,tbs,Nationalist Democratic Movement (NDM),tbs=204,1.00,name+party match (sim=1.00)
Chattogram 13,1,Mohammad Emran,dt,Nationalist Democratic Movement (NDM),dt=204,Md. Emran,"ds,tbs",Nationalist Democratic Movement (NDM),ds=0; tbs=204,1.00,name+party match (sim=1.00) [vote-boosted]
Chattogram 14,1,Omar Faruq,ds,Bangladesh Liberal Democratic Party (LDP),ds=75467,Omar Farooq,tbs,Bangladesh Liberal Democratic Party (LDP),tbs=75467,1.00,name+party match (sim=1.00) [vote-boosted]
Chattogram 14,1,Omar Farooq,bss,Bangladesh Liberal Democratic Party (LDP),bss=75467,Omar Farooq,"ds,tbs",Bangladesh Liberal Democratic Party (LDP),ds=75467; tbs=75467,1.00,name+party match (sim=1.00) [vote-boosted]
Chattogram 14,1,Omar Faruk,dt,Bangladesh Liberal Democratic Party (LDP),dt=75467,Omar Farooq,"bss,ds,tbs",Bangladesh Liberal Democratic Party (LDP),bss=75467; ds=75467; tbs=75467,0.80,name+party match (sim=0.80) [vote-boosted]
Chattogram 14,1,Alhajj Jashim Uddin Ahammed,ds,Bangladesh Nationalist Party (BNP),ds=76493,Alhaj Jasim Uddin Ahmed,tbs,Bangladesh Nationalist Party (BNP),tbs=76493,0.77,name+party match (sim=0.77) [vote-boosted]
Chattogram 14,1,Alhaj Jasim Uddin Ahmed,bss,Bangladesh Nationalist Party (BNP),bss=76493,Alhajj Jashim Uddin Ahammed,"ds,tbs",Bangladesh Nationalist Party (BNP),ds=76493; tbs=76493,0.77,name+party match (sim=0.77) [vote-boosted]
Chattogram 14,1,Alhaj Jasim Uddin Ahmed,dt,Bangladesh Nationalist Party (BNP),dt=76493,Alhajj Jashim Uddin Ahammed,"bss,ds,tbs",Bangladesh Nationalist Party (BNP),bss=76493; ds=76493; tbs=76493,0.77,name+party match (sim=0.77) [vote-boosted]
Chattogram 14,1,Shafiqul Islam Rahi,ds,Independent Candidate (Independent),ds=0,Shafiqul Islam Rahi,tbs,Independent Candidate (Independent),tbs=1165,1.00,name+party match (sim=1.00)
Chattogram 14,1,Md. Abdul Hamid,ds,Islami Andolan Bangladesh (IAB),ds=0,Md. Abdul Hamid,tbs,Islami Andolan Bangladesh (IAB),tbs=1539,1.00,name+party match (sim=1.00)
Chattogram 14,1,Mohammad Abdul Hamid,dt,Islami Andolan Bangladesh (IAB),dt=1539,Md. Abdul Hamid,"ds,tbs",Islami Andolan Bangladesh (IAB),ds=0; tbs=1539,1.00,name+party match (sim=1.00) [vote-boosted]
Chattogram 14,1,Mohammd Mizanul Hoque Chowdhury,ds,Independent Candidate (Independent),ds=0,Md. Mizanul Haque Chowdhury,tbs,Independent Candidate (Independent),tbs=3630,0.91,name+party match (sim=0.91)
Chattogram 14,1,Mohammad Mizanul Haque Chowdhury,dt,Independent Candidate (Independent),dt=3630,Mohammd Mizanul Hoque Chowdhury,"ds,tbs",Independent Candidate (Independent),ds=0; tbs=3630,0.91,name+party match (sim=0.91) [vote-boosted]
Chattogram 14,1,Mow. Md. Solaiman,ds,Bangladesh Islami Front (BIF),ds=0,Md. Solaiman,tbs,Bangladesh Islami Front (BIF),tbs=22992,0.86,name+party match (sim=0.86)
Chattogram 14,1,Mawlana Md. Solaiman,dt,Bangladesh Islami Front (BIF),dt=22992,Mow. Md. Solaiman,"ds,tbs",Bangladesh Islami Front (BIF),ds=0; tbs=22992,0.89,name+party match (sim=0.89) [vote-boosted]
Chattogram 14,1,H. M. Elias,ds,Insaniyat Biplob Bangladesh (IBB),ds=0,H. M. Elias,tbs,Insaniyat Biplob Bangladesh (IBB),tbs=149,1.00,name+party match (sim=1.00)
Chattogram 14,1,H. M. Iliyas,dt,Insaniyat Biplob Bangladesh (IBB),dt=149,H. M. Elias,"ds,tbs",Insaniyat Biplob Bangladesh (IBB),ds=0; tbs=149,0.89,name+party match (sim=0.89) [vote-boosted]
Chattogram 14,1,Md. Badsha Meah,ds,Jatiya Party (JaPa),ds=0,Md. Badshah Mia,tbs,Jatiya Party (JaPa),tbs=293,0.88,name+party match (sim=0.88)
Chattogram 14,1,Mohammad Badsha Mia,dt,Jatiya Party (JaPa),dt=293,Md. Badshah Mia,"ds,tbs",Jatiya Party (JaPa),ds=0; tbs=293,0.97,name+party match (sim=0.97) [vote-boosted]
Chattogram 14,2,Shafiqul Islam Rahi,dt,Jatiya Party (JaPa),dt=1165,Shafiqul Islam Rahi,"ds,tbs",Independent Candidate (Independent),ds=0; tbs=1165,1.00,"name+votes match, party differs: Jatiya Party (JaPa) → Independent Candidate (Independent)"
Chattogram 15,1,Najmul Mostafa Amin,ds,Bangladesh Nationalist Party (BNP),ds=130661,Nazmul Mustafa Amin,tbs,Bangladesh Nationalist Party (BNP),tbs=130661,0.90,name+party match (sim=0.90) [vote-boosted]
Chattogram 15,1,Nazmul Mustafa Amin,bss,Bangladesh Nationalist Party (BNP),bss=130661,Nazmul Mustafa Amin,"ds,tbs",Bangladesh Nationalist Party (BNP),ds=130661; tbs=130661,1.00,name+party match (sim=1.00) [vote-boosted]
Chattogram 15,1,Nazmul Mostafa Amin,dt,Bangladesh Nationalist Party (BNP),dt=130661,Nazmul Mustafa Amin,"bss,ds,tbs",Bangladesh Nationalist Party (BNP),bss=130661; ds=130661; tbs=130661,1.00,name+party match (sim=1.00) [vote-boosted]
Chattogram 15,1,Shariful Alam Chowdhury,ds,Islami Andolan Bangladesh (IAB),ds=0,Shariful Alam Chowdhury,tbs,Islami Andolan Bangladesh (IAB),tbs=2909,1.00,name+party match (sim=1.00)
Chattogram 15,1,Shariful Alam Chowdhury,dt,Islami Andolan Bangladesh (IAB),dt=2909,Shariful Alam Chowdhury,"ds,tbs",Islami Andolan Bangladesh (IAB),ds=0; tbs=2909,1.00,name+party match (sim=1.00) [vote-boosted]
Chattogram 15,1,Shahjahan Chowdhury,ds,Bangladesh Jamaat-e-Islami (Jamaat),ds=181238,Shahjahan Chowdhury,tbs,Bangladesh Jamaat-e-Islami (Jamaat),tbs=181238,1.00,name+party match (sim=1.00) [vote-boosted]
Chattogram 15,1,Shahjahan Chowdhury,bss,Bangladesh Jamaat-e-Islami (Jamaat),bss=181238,Shahjahan Chowdhury,"ds,tbs",Bangladesh Jamaat-e-Islami (Jamaat),ds=181238; tbs=181238,1.00,name+party match (sim=1.00) [vote-boosted]
Chattogram 15,1,Shahjahan Chowdhury,dt,Bangladesh Jamaat-e-Islami (Jamaat),dt=181238,Shahjahan Chowdhury,"bss,ds,tbs",Bangladesh Jamaat-e-Islami (Jamaat),bss=181238; ds=181238; tbs=181238,1.00,name+party match (sim=1.00) [vote-boosted]
Chattogram 16,1,Abdul Malak,ds,Bangladesh Islami Front (BIF),ds=844,Abdul Malek,tbs,Bangladesh Islami Front (BIF),tbs=844,1.00,name+party match (sim=1.00) [vote-boosted]
Chattogram 16,1,Abdul Malek,dt,Bangladesh Islami Front (BIF),dt=844,Abdul Malek,"ds,tbs",Bangladesh Islami Front (BIF),ds=844; tbs=844,1.00,name+party match (sim=1.00) [vote-boosted]
Chattogram 16,1,Mohammed Liaquat Ali,ds,Independent Candidate (Independent),ds=55492,Md. Leaquat Ali,tbs,Independent Candidate (Independent),tbs=55492,0.80,name+party match (sim=0.80) [vote-boosted]
Chattogram 16,1,Ehsanul Hoque,ds,Bangladesh Muslim League (BML),ds=105,Ehsanul Haq,tbs,Bangladesh Muslim League (BML),tbs=105,1.00,name+party match (sim=1.00) [vote-boosted]
Chattogram 16,1,Ehsanul Haque,dt,Bangladesh Muslim League (BML),dt=105,Ehsanul Hoque,"ds,tbs",Bangladesh Muslim League (BML),ds=105; tbs=105,1.00,name+party match (sim=1.00) [vote-boosted]
Chattogram 16,1,Md. Ariful Hoque,ds,Gono Odhikar Parishad (GOP),ds=243,Md. Ariful Haque,tbs,Gono Odhikar Parishad (GOP),tbs=243,1.00,name+party match (sim=1.00) [vote-boosted]
Chattogram 16,1,Md. Ariful Haque,dt,Gono Odhikar Parishad (GOP),dt=243,Md. Ariful Haque,"ds,tbs",Gono Odhikar Parishad (GOP),ds=243; tbs=243,1.00,name+party match (sim=1.00) [vote-boosted]
Chattogram 16,1,Miskatul Islam Chowdhury,ds,Bangladesh Nationalist Party (BNP),ds=83105,Mishkatul Islam Chowdhury,tbs,Bangladesh Nationalist Party (BNP),tbs=83105,0.98,name+party match (sim=0.98) [vote-boosted]
Chattogram 16,1,Mishkatul Islam Chowdhury,bss,Bangladesh Nationalist Party (BNP),bss=83105,Mishkatul Islam Chowdhury,"ds,tbs",Bangladesh Nationalist Party (BNP),ds=83105; tbs=83105,1.00,name+party match (sim=1.00) [vote-boosted]
Chattogram 16,1,Mishkatul Islam Chowdhury,dt,Bangladesh Nationalist Party (BNP),dt=83105,Mishkatul Islam Chowdhury,"bss,ds,tbs",Bangladesh Nationalist Party (BNP),bss=83105; ds=83105; tbs=83105,1.00,name+party match (sim=1.00) [vote-boosted]
Chattogram 16,1,Haez Rufiullah,ds,Islami Andolan Bangladesh (IAB),ds=4054,Hafez Ruhullah,tbs,Islami Andolan Bangladesh (IAB),tbs=4054,0.86,name+party match (sim=0.86) [vote-boosted]
Chattogram 16,1,Hafez Ruhullah,dt,Islami Andolan Bangladesh (IAB),dt=4054,Hafez Ruhullah,"ds,tbs",Islami Andolan Bangladesh (IAB),ds=4054; tbs=4054,1.00,name+party match (sim=1.00) [vote-boosted]
Chattogram 16,1,Md. Zahirul Islam,ds,Bangladesh Jamaat-e-Islami (Jamaat),ds=93167,Md. Zahirul Islam,tbs,Bangladesh Jamaat-e-Islami (Jamaat),tbs=93167,1.00,name+party match (sim=1.00) [vote-boosted]
Chattogram 16,1,Mohammad Zahirul Islam,bss,Bangladesh Jamaat-e-Islami (Jamaat),bss=93167,Md. Zahirul Islam,"ds,tbs",Bangladesh Jamaat-e-Islami (Jamaat),ds=93167; tbs=93167,1.00,name+party match (sim=1.00) [vote-boosted]
Chattogram 16,1,Mohammad Jahirul Islam,dt,Bangladesh Jamaat-e-Islami (Jamaat),dt=93167,Mohammad Zahirul Islam,"bss,ds,tbs",Bangladesh Jamaat-e-Islami (Jamaat),bss=93167; ds=93167; tbs=93167,0.94,name+party match (sim=0.94) [vote-boosted]
Chattogram 16,2,Mohammad Liaqat Ali,dt,Islami Andolan Bangladesh (IAB),dt=55492,Mohammed Liaquat Ali,"ds,tbs",Independent Candidate (Independent),ds=55492; tbs=55492,0.80,"name+votes match, party differs: Islami Andolan Bangladesh (IAB) → Independent Candidate (Independent)"
Chattogram 2,1,Jinnat Akter,dt,Independent Candidate (Independent),dt=276,Jinnat Akter,ds,Independent Candidate (Independent),ds=0,1.00,name+party match (sim=1.00)
Chattogram 2,1,Mohammad Golam Nawsher Ali,dt,Janotar Dol,dt=397,Md. Golam Nowsher Ali,ds,Janotar Dol,ds=0,1.00,name+party match (sim=1.00)
Chattogram 2,1,Sarwar Alamgir,dt,Bangladesh Nationalist Party (BNP),dt=139831,Md. Sarowar Alamgir,ds,Bangladesh Nationalist Party (BNP),ds=0,0.89,name+party match (sim=0.89)
Chattogram 2,1,Mohammad Nurul Amin,bss,Bangladesh Jamaat-e-Islami (Jamaat),bss=0,Md. Nurul Amin,ds,Bangladesh Jamaat-e-Islami (Jamaat),ds=0,1.00,name+party match (sim=1.00)
Chattogram 2,1,Mohammad Nurul Amin,dt,Bangladesh Jamaat-e-Islami (Jamaat),dt=65550,Mohammad Nurul Amin,"bss,ds",Bangladesh Jamaat-e-Islami (Jamaat),bss=0; ds=0,1.00,name+party match (sim=1.00)
Chattogram 2,1,Mohammad Zulfikar Ali Mannan,bss,Islami Andolan Bangladesh (IAB),bss=0,Mohammed Julfikar Ali Mannan,ds,Islami Andolan Bangladesh (IAB),ds=0,0.82,name+party match (sim=0.82)
Chattogram 2,1,Mohammad Zulfikar Ali Mannan,dt,Islami Andolan Bangladesh (IAB),dt=2248,Mohammed Julfikar Ali Mannan,"bss,ds",Islami Andolan Bangladesh (IAB),bss=0; ds=0,0.82,name+party match (sim=0.82)
Chattogram 2,1,Rabiul Hasan,dt,Gono Odhikar Parishad (GOP),dt=266,Rabiul Hasan,ds,Gono Odhikar Parishad (GOP),ds=0,1.00,name+party match (sim=1.00)
Chattogram 2,1,Shahzada Syed Saifuddin Ahmed,dt,Bangladesh Supreme Party (BSP),dt=12737,Shajada Syed Saifuddin Ahmed,ds,Bangladesh Supreme Party (BSP),ds=0,0.95,name+party match (sim=0.95)
Chattogram 2,3,Ahmed Kabir,dt,Jatiya Party (JaPa),dt=270,Ahamed Kabir,ds,Independent Candidate (Independent),ds=0,1.00,DT-only JaPa merged: Jatiya Party (JaPa) → Independent Candidate (Independent)
Chattogram 3,1,Md. Ala Uddin,ds,Bangladesh Jamaat-e-Islami (Jamaat),ds=39662,Md. Alauddin,tbs,Bangladesh Jamaat-e-Islami (Jamaat),tbs=39662,1.00,name+party match (sim=1.00) [vote-boosted]
Chattogram 3,1,Muhammad Ala Uddin,bss,Bangladesh Jamaat-e-Islami (Jamaat),bss=39662,Md. Ala Uddin,"ds,tbs",Bangladesh Jamaat-e-Islami (Jamaat),ds=39662; tbs=39662,1.00,name+party match (sim=1.00) [vote-boosted]
Chattogram 3,1,Muhammad Alauddin,dt,Bangladesh Jamaat-e-Islami (Jamaat),dt=39662,Muhammad Ala Uddin,"bss,ds,tbs",Bangladesh Jamaat-e-Islami (Jamaat),bss=39662; ds=39662; tbs=39662,1.00,name+party match (sim=1.00) [vote-boosted]
Chattogram 3,1,Mostafa Kamal Pasha,ds,Bangladesh Nationalist Party (BNP),ds=73037,Mostafa Kamal Pasha,tbs,Bangladesh Nationalist Party (BNP),tbs=73037,1.00,name+party match (sim=1.00) [vote-boosted]
Chattogram 3,1,Mustafa Kamal Pasha,bss,Bangladesh Nationalist Party (BNP),bss=73037,Mostafa Kamal Pasha,"ds,tbs",Bangladesh Nationalist Party (BNP),ds=73037; tbs=73037,1.00,name+party match (sim=1.00) [vote-boosted]
Chattogram 3,1,Mostafa Kamal Pasha,dt,Bangladesh Nationalist Party (BNP),dt=73037,Mostafa Kamal Pasha,"bss,ds,tbs",Bangladesh Nationalist Party (BNP),bss=73037; ds=73037; tbs=73037,1.00,name+party match (sim=1.00) [vote-boosted]
Chattogram 3,1,Md. Moyahidul Mawla,dt,Independent Candidate (Independent),dt=308,Md. Moahedul Mawla,ds,Independent Candidate (Independent),ds=0,0.95,name+party match (sim=0.95)
Chattogram 3,1,Mohammad Amzad Hossain,dt,Islami Andolan Bangladesh (IAB),dt=5145,Md. Amzad Hossain,ds,Islami Andolan Bangladesh (IAB),ds=0,1.00,name+party match (sim=1.00)
Chattogram 4,1,A. T. M. Parvez,dt,Gono Odhikar Parishad (GOP),dt=166,A. T. M. Parvez,ds,Gono Odhikar Parishad (GOP),ds=0,1.00,name+party match (sim=1.00)
Chattogram 4,1,Zahidul Alam,dt,Ganosanhati Andolan (GSA),dt=301,Jahidul Alam,ds,Ganosanhati Andolan (GSA),ds=0,0.92,name+party match (sim=0.92)
Chattogram 4,1,Mohammad Aslam Chowdhury,bss,Bangladesh Nationalist Party (BNP),bss=0,Md. Aslam Chowdhury,ds,Bangladesh Nationalist Party (BNP),ds=0,1.00,name+party match (sim=1.00)
Chattogram 4,1,Mohammad Aslam Chowdhury,dt,Bangladesh Nationalist Party (BNP),dt=143552,Mohammad Aslam Chowdhury,"bss,ds",Bangladesh Nationalist Party (BNP),bss=0; ds=0,1.00,name+party match (sim=1.00)
Chattogram 4,1,Md. Anwar Siddique,bss,Bangladesh Jamaat-e-Islami (Jamaat),bss=0,Md. Anwar Siddiqui,ds,Bangladesh Jamaat-e-Islami (Jamaat),ds=0,1.00,name+party match (sim=1.00)
Chattogram 4,1,Md. Anwar Siddique,dt,Bangladesh Jamaat-e-Islami (Jamaat),dt=91404,Md. Anwar Siddiqui,"bss,ds",Bangladesh Jamaat-e-Islami (Jamaat),bss=0; ds=0,1.00,name+party match (sim=1.00)
Chattogram 4,1,Md. Didarul Mawla,dt,Islami Andolan Bangladesh (IAB),dt=1337,Md. Didarul Mowla,ds,Islami Andolan Bangladesh (IAB),ds=0,1.00,name+party match (sim=1.00)
Chattogram 4,1,Md. Masuddaula,dt,Communist Party of Bangladesh (CPB),dt=738,Md. Mosiuddowlah,ds,Communist Party of Bangladesh (CPB),ds=0,0.88,name+party match (sim=0.88)
Chattogram 4,1,Md. Shahidul Islam Chowdhury,dt,Bangladesh Supreme Party (BSP),dt=923,Md. Shahidul Islam Chowdhury,ds,Bangladesh Supreme Party (BSP),ds=0,1.00,name+party match (sim=1.00)
Chattogram 4,1,Md. Sirajuddaula,dt,Bangladesh Islami Front (BIF),dt=7267,Md. Sirajudollah,ds,Bangladesh Islami Front (BIF),ds=0,0.82,name+party match (sim=0.82)
Chattogram 4,1,Md. Zakaria Khaled,dt,Bangladesh Nezame Islam Party (BNIP),dt=193,Md. Zakaria Khaled,ds,Bangladesh Nezame Islam Party (BNIP),ds=0,1.00,name+party match (sim=1.00)
Chattogram 5,1,Mir Mohammed Helal Uddin,ds,Bangladesh Nationalist Party (BNP),ds=147054,Mir Md. Helal Uddin,tbs,Bangladesh Nationalist Party (BNP),tbs=147054,0.87,name+party match (sim=0.87) [vote-boosted]
Chattogram 5,1,Mir Mohammad Helal Uddin,bss,Bangladesh Nationalist Party (BNP),bss=147054,Mir Mohammed Helal Uddin,"ds,tbs",Bangladesh Nationalist Party (BNP),ds=147054; tbs=147054,0.87,name+party match (sim=0.87) [vote-boosted]
Chattogram 5,1,Mir Mohammad Helal Uddin,dt,Bangladesh Nationalist Party (BNP),dt=147054,Mir Mohammed Helal Uddin,"bss,ds,tbs",Bangladesh Nationalist Party (BNP),bss=147054; ds=147054; tbs=147054,0.87,name+party match (sim=0.87) [vote-boosted]
Chattogram 5,1,Md. Nasir Uddin,ds,Khelafat Majlis,ds=46589,Md. Nasir Uddin,tbs,Khelafat Majlis,tbs=46589,1.00,name+party match (sim=1.00) [vote-boosted]
Chattogram 5,1,Md. Nasir Uddin,bss,Khelafat Majlis,bss=46589,Md. Nasir Uddin,"ds,tbs",Khelafat Majlis,ds=46589; tbs=46589,1.00,name+party match (sim=1.00) [vote-boosted]
Chattogram 5,1,Md. Nasir Uddin,dt,Khelafat Majlis,dt=46589,Md. Nasir Uddin,"bss,ds,tbs",Khelafat Majlis,bss=46589; ds=46589; tbs=46589,1.00,name+party match (sim=1.00) [vote-boosted]
Chattogram 5,1,Mati Ullah Nuri,dt,Islami Andolan Bangladesh (IAB),dt=2422,Mati Ullah Noori,ds,Islami Andolan Bangladesh (IAB),ds=0,1.00,name+party match (sim=1.00)
Chattogram 5,1,Md. Alauddin,dt,Bangladesh Labour Party,dt=396,Md. Alauddin,ds,Bangladesh Labour Party,ds=0,1.00,name+party match (sim=1.00)
Chattogram 5,1,Muhammad Rafiqul Islam,dt,Bangladesh Islami Front (BIF),dt=15420,Md. Rafiqul Islam,ds,Bangladesh Islami Front (BIF),ds=0,1.00,name+party match (sim=1.00)
Chattogram 5,3,Mohammad Imam Uddin Riyad,dt,Jatiya Party (JaPa),dt=1129,Mohammed Imam Uddin Riad,ds,Independent Candidate (Independent),ds=0,0.86,DT-only JaPa merged: Jatiya Party (JaPa) → Independent Candidate (Independent)
Chattogram 6,1,Nasir Uddin Talukder,ds,Ganosanhati Andolan (GSA),ds=0,Nasir Uddin Talukder,tbs,Ganosanhati Andolan (GSA),tbs=829,1.00,name+party match (sim=1.00)
Chattogram 6,1,Nasir Uddin Talukdar,dt,Ganosanhati Andolan (GSA),dt=829,Nasir Uddin Talukder,"ds,tbs",Ganosanhati Andolan (GSA),ds=0; tbs=829,1.00,name+party match (sim=1.00) [vote-boosted]
Chattogram 6,1,Md. Shahajahan Monjo,ds,Bangladesh Jamaat-e-Islami (Jamaat),ds=0,Md. Shahjahan Manju,tbs,Bangladesh Jamaat-e-Islami (Jamaat),tbs=22118,1.00,name+party match (sim=1.00)
Chattogram 6,1,Md. Shahjahan Manju,dt,Bangladesh Jamaat-e-Islami (Jamaat),dt=22118,Md. Shahajahan Monjo,"ds,tbs",Bangladesh Jamaat-e-Islami (Jamaat),ds=0; tbs=22118,1.00,name+party match (sim=1.00) [vote-boosted]
Chattogram 6,1,Gias Uddin Quader Chowdhury,ds,Bangladesh Nationalist Party (BNP),ds=112237,Gias Uddin Quader Chowdhury,tbs,Bangladesh Nationalist Party (BNP),tbs=112237,1.00,name+party match (sim=1.00) [vote-boosted]
Chattogram 6,1,Gias Uddin Quader Chowdhury,bss,Bangladesh Nationalist Party (BNP),bss=112237,Gias Uddin Quader Chowdhury,"ds,tbs",Bangladesh Nationalist Party (BNP),ds=112237; tbs=112237,1.00,name+party match (sim=1.00) [vote-boosted]
Chattogram 6,1,Giasuddin Qader Chowdhury,dt,Bangladesh Nationalist Party (BNP),dt=112237,Gias Uddin Quader Chowdhury,"bss,ds,tbs",Bangladesh Nationalist Party (BNP),bss=112237; ds=112237; tbs=112237,1.00,name+party match (sim=1.00) [vote-boosted]
Chattogram 6,1,Md. Elias Nuri,ds,Bangladesh Islami Front (BIF),ds=27146,Md. Ilyas Noori,tbs,Bangladesh Islami Front (BIF),tbs=27146,0.92,name+party match (sim=0.92) [vote-boosted]
Chattogram 6,1,Mohammad Ilyach Noori,bss,Bangladesh Islami Front (BIF),bss=27146,Md. Ilyas Noori,"ds,tbs",Bangladesh Islami Front (BIF),ds=27146; tbs=27146,0.90,name+party match (sim=0.90) [vote-boosted]
Chattogram 6,1,Mohammad Ilias Nuri,dt,Bangladesh Islami Front (BIF),dt=27146,Mohammad Ilyach Noori,"bss,ds,tbs",Bangladesh Islami Front (BIF),bss=27146; ds=27146; tbs=27146,0.71,name+party match (sim=0.71) [vote-boosted]
Chattogram 7,1,Md. Mahade Rashed,ds,Jatiya Party (JaPa),ds=0,Md. Mehdi Rashed,tbs,Jatiya Party (JaPa),tbs=411,1.00,name+party match (sim=1.00)
Chattogram 7,1,Md. Mehdi Rased,dt,Jatiya Party (JaPa),dt=411,Md. Mahade Rashed,"ds,tbs",Jatiya Party (JaPa),ds=0; tbs=411,0.94,name+party match (sim=0.94) [vote-boosted]
Chattogram 7,1,Md. Belal Uddin,ds,Gono Odhikar Parishad (GOP),ds=0,Md. Belal Uddin,tbs,Gono Odhikar Parishad (GOP),tbs=129,1.00,name+party match (sim=1.00)
Chattogram 7,1,Md. Belal Uddin,dt,Gono Odhikar Parishad (GOP),dt=129,Md. Belal Uddin,"ds,tbs",Gono Odhikar Parishad (GOP),ds=0; tbs=129,1.00,name+party match (sim=1.00) [vote-boosted]
Chattogram 7,1,Abdullah Al Harun,ds,Islami Andolan Bangladesh (IAB),ds=0,Abdullah Al Haroon,tbs,Islami Andolan Bangladesh (IAB),tbs=1307,1.00,name+party match (sim=1.00)
Chattogram 7,1,Abdullah Al Harun,dt,Islami Andolan Bangladesh (IAB),dt=1307,Abdullah Al Haroon,"ds,tbs",Islami Andolan Bangladesh (IAB),ds=0; tbs=1307,1.00,name+party match (sim=1.00) [vote-boosted]
Chattogram 7,1,Humam Quader Chowdhury,ds,Bangladesh Nationalist Party (BNP),ds=101445,Humam Quader Chowdhury,tbs,Bangladesh Nationalist Party (BNP),tbs=101445,1.00,name+party match (sim=1.00) [vote-boosted]
Chattogram 7,1,Humam Quader Chowdhury,bss,Bangladesh Nationalist Party (BNP),bss=101445,Humam Quader Chowdhury,"ds,tbs",Bangladesh Nationalist Party (BNP),ds=101445; tbs=101445,1.00,name+party match (sim=1.00) [vote-boosted]
Chattogram 7,1,Humam Qader Chowdhury,dt,Bangladesh Nationalist Party (BNP),dt=101445,Humam Quader Chowdhury,"bss,ds,tbs",Bangladesh Nationalist Party (BNP),bss=101445; ds=101445; tbs=101445,1.00,name+party match (sim=1.00) [vote-boosted]
Chattogram 7,1,Md. Ikbal Hasan,ds,Bangladesh Islami Front (BIF),ds=0,Md. Iqbal Hasan,tbs,Bangladesh Islami Front (BIF),tbs=30239,0.93,name+party match (sim=0.93)
Chattogram 7,1,Muhammad Iqbal Hasan,dt,Bangladesh Islami Front (BIF),dt=30239,Md. Iqbal Hasan,"ds,tbs",Bangladesh Islami Front (BIF),ds=0; tbs=30239,1.00,name+party match (sim=1.00) [vote-boosted]
Chattogram 7,1,Md. Abdur Rahman,ds,Amar Bangladesh Party (AB),ds=0,Md. Abdur Rahman,tbs,Amar Bangladesh Party (AB),tbs=158,1.00,name+party match (sim=1.00)
Chattogram 7,1,Md. Abdur Rahman,dt,Amar Bangladesh Party (AB),dt=158,Md. Abdur Rahman,"ds,tbs",Amar Bangladesh Party (AB),ds=0; tbs=158,1.00,name+party match (sim=1.00) [vote-boosted]
Chattogram 7,1,Pramode Baran Barua,ds,Communist Party of Bangladesh (CPB),ds=0,Pramod Baran Barua,tbs,Communist Party of Bangladesh (CPB),tbs=441,1.00,name+party match (sim=1.00)
Chattogram 7,1,Promod Baran Barua,dt,Communist Party of Bangladesh (CPB),dt=441,Pramode Baran Barua,"ds,tbs",Communist Party of Bangladesh (CPB),ds=0; tbs=441,1.00,name+party match (sim=1.00) [vote-boosted]
Chattogram 7,1,A. T. M. Rezaul Karim,ds,Bangladesh Jamaat-e-Islami (Jamaat),ds=41719,Atm Rezaul Karim,tbs,Bangladesh Jamaat-e-Islami (Jamaat),tbs=41719,1.00,name+party match (sim=1.00) [vote-boosted]
Chattogram 7,1,ATM Rezaul Karim,bss,Bangladesh Jamaat-e-Islami (Jamaat),bss=41719,A. T. M. Rezaul Karim,"ds,tbs",Bangladesh Jamaat-e-Islami (Jamaat),ds=41719; tbs=41719,1.00,name+party match (sim=1.00) [vote-boosted]
Chattogram 7,1,A. T. M. Rezaul Karim,dt,Bangladesh Jamaat-e-Islami (Jamaat),dt=41719,A. T. M. Rezaul Karim,"bss,ds,tbs",Bangladesh Jamaat-e-Islami (Jamaat),bss=41719; ds=41719; tbs=41719,1.00,name+party match (sim=1.00) [vote-boosted]
Chattogram 8,1,Ershad Ullah,ds,Bangladesh Nationalist Party (BNP),ds=152969,Ershad Ullah,tbs,Bangladesh Nationalist Party (BNP),tbs=152969,1.00,name+party match (sim=1.00) [vote-boosted]
Chattogram 8,1,Ershad Ullah,bss,Bangladesh Nationalist Party (BNP),bss=152969,Ershad Ullah,"ds,tbs",Bangladesh Nationalist Party (BNP),ds=152969; tbs=152969,1.00,name+party match (sim=1.00) [vote-boosted]
Chattogram 8,1,Ershad Ullah,dt,Bangladesh Nationalist Party (BNP),dt=152969,Ershad Ullah,"bss,ds,tbs",Bangladesh Nationalist Party (BNP),bss=152969; ds=152969; tbs=152969,1.00,name+party match (sim=1.00) [vote-boosted]
Chattogram 8,1,Md. Amdadul Huq,ds,Insaniyat Biplob Bangladesh (IBB),ds=0,Md. Emdadul Haque,tbs,Insaniyat Biplob Bangladesh (IBB),tbs=884,1.00,name+party match (sim=1.00)
Chattogram 8,1,Md. Nurul Alam,ds,Islami Andolan Bangladesh (IAB),ds=0,Md. Nurul Alam,tbs,Islami Andolan Bangladesh (IAB),tbs=1208,1.00,name+party match (sim=1.00)
Chattogram 8,1,Mohammad Nurul Alam,dt,Islami Andolan Bangladesh (IAB),dt=1208,Md. Nurul Alam,"ds,tbs",Islami Andolan Bangladesh (IAB),ds=0; tbs=1208,1.00,name+party match (sim=1.00) [vote-boosted]
Chattogram 8,1,Md. Abu Naser,ds,Bangladesh Jamaat-e-Islami (Jamaat),ds=53564,Md. Abu Naser,tbs,Bangladesh Jamaat-e-Islami (Jamaat),tbs=53564,1.00,name+party match (sim=1.00) [vote-boosted]
Chattogram 8,1,Md. Abu Nasser,bss,Bangladesh Jamaat-e-Islami (Jamaat),bss=53564,Md. Abu Naser,"ds,tbs",Bangladesh Jamaat-e-Islami (Jamaat),ds=53564; tbs=53564,0.96,name+party match (sim=0.96) [vote-boosted]
Chattogram 8,1,Md. Abu Naser,dt,Bangladesh Jamaat-e-Islami (Jamaat),dt=53564,Md. Abu Nasser,"bss,ds,tbs",Bangladesh Jamaat-e-Islami (Jamaat),bss=53564; ds=53564; tbs=53564,0.96,name+party match (sim=0.96) [vote-boosted]
Chattogram 8,1,Md. Jubairul Hasan Arif,ds,National Citizen Party (NCP),ds=0,Md. Jobairul Hasan Arif,tbs,National Citizen Party (NCP),tbs=3349,1.00,name+party match (sim=1.00)
Chattogram 8,1,Md. Jobairul Hasan Arif,dt,National Citizen Party (NCP),dt=3349,Md. Jobairul Hasan Arif,"ds,tbs",National Citizen Party (NCP),ds=0; tbs=3349,1.00,name+party match (sim=1.00) [vote-boosted]
Chattogram 8,1,Syed Md. Hassan,ds,Bangladesh Islami Front (BIF),ds=0,Syed Md. Hassan,tbs,Bangladesh Islami Front (BIF),tbs=42585,1.00,name+party match (sim=1.00)
Chattogram 8,1,Syed Muhammad Hasan,dt,Bangladesh Islami Front (BIF),dt=42585,Syed Md. Hassan,"ds,tbs",Bangladesh Islami Front (BIF),ds=0; tbs=42585,0.97,name+party match (sim=0.97) [vote-boosted]
Chattogram 8,2,Mohammad Emdadul Haque,dt,Jatiya Party (JaPa),dt=884,Md. Emdadul Haque,"ds,tbs",Insaniyat Biplob Bangladesh (IBB),ds=0; tbs=884,1.00,"name+votes match, party differs: Jatiya Party (JaPa) → Insaniyat Biplob Bangladesh (IBB)"
Chattogram 9,1,Nurul Afsar Mazumder,ds,Nagorik Oikya (NO),ds=0,Md. Nurul Abshar Majumder,tbs,Nagorik Oikya (NO),tbs=107,0.80,name+party match (sim=0.80)
Chattogram 9,1,Md. Nurul Absar Majumdar,dt,Nagorik Oikya (NO),dt=107,Md. Nurul Abshar Majumder,"ds,tbs",Nagorik Oikya (NO),ds=0; tbs=107,0.96,name+party match (sim=0.96) [vote-boosted]
Chattogram 9,1,Sayed Md. Hasan Maruf,ds,Ganosanhati Andolan (GSA),ds=0,Syed Md. Hassan Maruf,tbs,Ganosanhati Andolan (GSA),tbs=1040,0.96,name+party match (sim=0.96)
Chattogram 9,1,Syed Mohammad Hasan Maruf,dt,Ganosanhati Andolan (GSA),dt=1040,Syed Md. Hassan Maruf,"ds,tbs",Ganosanhati Andolan (GSA),ds=0; tbs=1040,0.98,name+party match (sim=0.98) [vote-boosted]
Chattogram 9,1,Md. Haider Ali Chowdhury,ds,Janotar Dol,ds=0,Md. Haider Ali Chowdhury,tbs,Janotar Dol,tbs=561,1.00,name+party match (sim=1.00)
Chattogram 9,1,Md. Haidar Ali Chowdhury,dt,Janotar Dol,dt=561,Md. Haider Ali Chowdhury,"ds,tbs",Janotar Dol,ds=0; tbs=561,1.00,name+party match (sim=1.00) [vote-boosted]
Chattogram 9,1,Abdus Sukkur,ds,Islami Andolan Bangladesh (IAB),ds=0,Abdus Shukkur,tbs,Islami Andolan Bangladesh (IAB),tbs=941,0.96,name+party match (sim=0.96)
Chattogram 9,1,Abdus Shukkur,dt,Islami Andolan Bangladesh (IAB),dt=941,Abdus Shukkur,"ds,tbs",Islami Andolan Bangladesh (IAB),ds=0; tbs=941,1.00,name+party match (sim=1.00) [vote-boosted]
Chattogram 9,1,Abdul Momen Chowdhury,ds,Jatiya Samajtantrik Dal (JSD),ds=0,Abdul Momen Chowdhury,tbs,Jatiya Samajtantrik Dal (JSD),tbs=128,1.00,name+party match (sim=1.00)
Chattogram 9,1,Abdul Momen Chowdhury,dt,Jatiya Samajtantrik Dal (JSD),dt=128,Abdul Momen Chowdhury,"ds,tbs",Jatiya Samajtantrik Dal (JSD),ds=0; tbs=128,1.00,name+party match (sim=1.00) [vote-boosted]
Chattogram 9,1,Md. Wahed Murad,ds,Bangladesh Islami Front (BIF),ds=0,Md. Waheed Murad,tbs,Bangladesh Islami Front (BIF),tbs=4204,1.00,name+party match (sim=1.00)
Chattogram 9,1,Muhammad Wahed Murad,dt,Bangladesh Islami Front (BIF),dt=4204,Md. Waheed Murad,"ds,tbs",Bangladesh Islami Front (BIF),ds=0; tbs=4204,1.00,name+party match (sim=1.00) [vote-boosted]
Chattogram 9,1,A. K. M. Fazlul Hoque,ds,Bangladesh Jamaat-e-Islami (Jamaat),ds=53807,Akm Fazlul Haque,tbs,Bangladesh Jamaat-e-Islami (Jamaat),tbs=53807,1.00,name+party match (sim=1.00) [vote-boosted]
Chattogram 9,1,Dr. AKM Fazlul Haque,bss,Bangladesh Jamaat-e-Islami (Jamaat),bss=53807,A. K. M. Fazlul Hoque,"ds,tbs",Bangladesh Jamaat-e-Islami (Jamaat),ds=53807; tbs=53807,1.00,name+party match (sim=1.00) [vote-boosted]
Chattogram 9,1,Dr. A. K. M. Fazlul Haque,dt,Bangladesh Jamaat-e-Islami (Jamaat),dt=53807,A. K. M. Fazlul Hoque,"bss,ds,tbs",Bangladesh Jamaat-e-Islami (Jamaat),bss=53807; ds=53807; tbs=53807,1.00,name+party match (sim=1.00) [vote-boosted]
Chattogram 9,1,Md. Abu Sufian,ds,Bangladesh Nationalist Party (BNP),ds=109388,Md. Abu Sufyan,tbs,Bangladesh Nationalist Party (BNP),tbs=109388,0.93,name+party match (sim=0.93) [vote-boosted]
Chattogram 9,1,Mohammad Abu Sufyan,bss,Bangladesh Nationalist Party (BNP),bss=109388,Md. Abu Sufyan,"ds,tbs",Bangladesh Nationalist Party (BNP),ds=109388; tbs=109388,1.00,name+party match (sim=1.00) [vote-boosted]
Chattogram 9,1,Mohammad Abu Sufian,dt,Bangladesh Nationalist Party (BNP),dt=109388,Mohammad Abu Sufyan,"bss,ds,tbs",Bangladesh Nationalist Party (BNP),bss=109388; ds=109388; tbs=109388,0.93,name+party match (sim=0.93) [vote-boosted]
Chattogram 9,1,Md. Shafi Uddin Kabir,ds,Socialist Party of Bangladesh (Marxist) (SPB-M),ds=0,Md. Shafi Uddin Kabir,tbs,Socialist Party of Bangladesh (Marxist) (SPB-M),tbs=494,1.00,name+party match (sim=1.00)
Chattogram 9,1,Md. Shafi Uddin Kabir,dt,Socialist Party of Bangladesh (Marxist) (SPB-M),dt=494,Md. Shafi Uddin Kabir,"ds,tbs",Socialist Party of Bangladesh (Marxist) (SPB-M),ds=0; tbs=494,1.00,name+party match (sim=1.00) [vote-boosted]
Chattogram 9,1,Md. Naim Uddin,ds,Insaniyat Biplob Bangladesh (IBB),ds=0,Md. Naeem Uddin,tbs,Insaniyat Biplob Bangladesh (IBB),tbs=112,1.00,name+party match (sim=1.00)
Chattogram 9,2,Mohammad Naim Uddin,dt,Jatiya Party (JaPa),dt=112,Md. Naeem Uddin,"ds,tbs",Insaniyat Biplob Bangladesh (IBB),ds=0; tbs=112,1.00,"name+votes match, party differs: Jatiya Party (JaPa) → Insaniyat Biplob Bangladesh (IBB)"
Chuadanga 1,1,Md. Masud Parves,ds,Bangladesh Jamaat-e-Islami (Jamaat),ds=211041,Md. Masud Parvez,tbs,Bangladesh Jamaat-e-Islami (Jamaat),tbs=211041,0.94,name+party match (sim=0.94) [vote-boosted]
Chuadanga 1,1,Md. Masood Parvez,bss,Bangladesh Jamaat-e-Islami (Jamaat),bss=211041,Md. Masud Parvez,"ds,tbs",Bangladesh Jamaat-e-Islami (Jamaat),ds=211041; tbs=211041,1.00,name+party match (sim=1.00) [vote-boosted]
Chuadanga 1,1,Md. Masud Parvez,dt,Bangladesh Jamaat-e-Islami (Jamaat),dt=211041,Md. Masood Parvez,"bss,ds,tbs",Bangladesh Jamaat-e-Islami (Jamaat),bss=211041; ds=211041; tbs=211041,1.00,name+party match (sim=1.00) [vote-boosted]
Chuadanga 1,1,Md. Sharifuzzaman,ds,Bangladesh Nationalist Party (BNP),ds=153193,Md. Sharifuzzaman,tbs,Bangladesh Nationalist Party (BNP),tbs=153193,1.00,name+party match (sim=1.00) [vote-boosted]
Chuadanga 1,1,Md. Sharifuzzaman,bss,Bangladesh Nationalist Party (BNP),bss=153193,Md. Sharifuzzaman,"ds,tbs",Bangladesh Nationalist Party (BNP),ds=153193; tbs=153193,1.00,name+party match (sim=1.00) [vote-boosted]
Chuadanga 1,1,Md. Sharifuzzaman,dt,Bangladesh Nationalist Party (BNP),dt=153193,Md. Sharifuzzaman,"bss,ds,tbs",Bangladesh Nationalist Party (BNP),bss=153193; ds=153193; tbs=153193,1.00,name+party match (sim=1.00) [vote-boosted]
Chuadanga 1,1,Md. Zahurul Islam,ds,Islami Andolan Bangladesh (IAB),ds=10122,Md. Zahurul Islam,tbs,Islami Andolan Bangladesh (IAB),tbs=10122,1.00,name+party match (sim=1.00) [vote-boosted]
Chuadanga 1,1,Mohammad Zahurul Islam,dt,Islami Andolan Bangladesh (IAB),dt=10122,Md. Zahurul Islam,"ds,tbs",Islami Andolan Bangladesh (IAB),ds=10122; tbs=10122,1.00,name+party match (sim=1.00) [vote-boosted]
Chuadanga 2,1,Md. Ruhul Amin,ds,Bangladesh Jamaat-e-Islami (Jamaat),ds=208011,Md. Ruhul Amin,tbs,Bangladesh Jamaat-e-Islami (Jamaat),tbs=208011,1.00,name+party match (sim=1.00) [vote-boosted]
Chuadanga 2,1,Md. Ruhul Amin,bss,Bangladesh Jamaat-e-Islami (Jamaat),bss=208011,Md. Ruhul Amin,"ds,tbs",Bangladesh Jamaat-e-Islami (Jamaat),ds=208011; tbs=208011,1.00,name+party match (sim=1.00) [vote-boosted]
Chuadanga 2,1,Md. Ruhul Amin,dt,Bangladesh Jamaat-e-Islami (Jamaat),dt=208011,Md. Ruhul Amin,"bss,ds,tbs",Bangladesh Jamaat-e-Islami (Jamaat),bss=208011; ds=208011; tbs=208011,1.00,name+party match (sim=1.00) [vote-boosted]
Chuadanga 2,1,Md. Hasanuzzaman,ds,Islami Andolan Bangladesh (IAB),ds=0,Md. Hasanuzzaman,tbs,Islami Andolan Bangladesh (IAB),tbs=6374,1.00,name+party match (sim=1.00)
Chuadanga 2,1,Md. Hasanuzzaman,dt,Islami Andolan Bangladesh (IAB),dt=6374,Md. Hasanuzzaman,"ds,tbs",Islami Andolan Bangladesh (IAB),ds=0; tbs=6374,1.00,name+party match (sim=1.00) [vote-boosted]
Chuadanga 2,1,Mahmud Hasan Khan,ds,Bangladesh Nationalist Party (BNP),ds=163877,Mahmud Hasan Khan,tbs,Bangladesh Nationalist Party (BNP),tbs=163877,1.00,name+party match (sim=1.00) [vote-boosted]
Chuadanga 2,1,Mahmud Hasan Khan,bss,Bangladesh Nationalist Party (BNP),bss=163877,Mahmud Hasan Khan,"ds,tbs",Bangladesh Nationalist Party (BNP),ds=163877; tbs=163877,1.00,name+party match (sim=1.00) [vote-boosted]
Chuadanga 2,1,Mahmud Hasan Khan,dt,Bangladesh Nationalist Party (BNP),dt=163877,Mahmud Hasan Khan,"bss,ds,tbs",Bangladesh Nationalist Party (BNP),bss=163877; ds=163877; tbs=163877,1.00,name+party match (sim=1.00) [vote-boosted]
Cox's Bazar 1,1,Salahuddin Ahmed,ds,Bangladesh Nationalist Party (BNP),ds=222019,Salahuddin Ahmed,tbs,Bangladesh Nationalist Party (BNP),tbs=222019,1.00,name+party match (sim=1.00) [vote-boosted]
Cox's Bazar 1,1,Salahuddin Ahmed,bss,Bangladesh Nationalist Party (BNP),bss=222019,Salahuddin Ahmed,"ds,tbs",Bangladesh Nationalist Party (BNP),ds=222019; tbs=222019,1.00,name+party match (sim=1.00) [vote-boosted]
Cox's Bazar 1,1,Salahuddin Ahmed,dt,Bangladesh Nationalist Party (BNP),dt=222019,Salahuddin Ahmed,"bss,ds,tbs",Bangladesh Nationalist Party (BNP),bss=222019; ds=222019; tbs=222019,1.00,name+party match (sim=1.00) [vote-boosted]
Cox's Bazar 1,1,Abdullah Al Faruk,ds,Bangladesh Jamaat-e-Islami (Jamaat),ds=129728,Abdullah Al Farukh,tbs,Bangladesh Jamaat-e-Islami (Jamaat),tbs=129728,0.97,name+party match (sim=0.97) [vote-boosted]
Cox's Bazar 1,1,Abdullah Al Farooq,bss,Bangladesh Jamaat-e-Islami (Jamaat),bss=129728,Abdullah Al Farukh,"ds,tbs",Bangladesh Jamaat-e-Islami (Jamaat),ds=129728; tbs=129728,0.84,name+party match (sim=0.84) [vote-boosted]
Cox's Bazar 1,1,Abdullah Al Faruq,dt,Bangladesh Jamaat-e-Islami (Jamaat),dt=129728,Abdullah Al Farukh,"bss,ds,tbs",Bangladesh Jamaat-e-Islami (Jamaat),bss=129728; ds=129728; tbs=129728,0.91,name+party match (sim=0.91) [vote-boosted]
Cox's Bazar 1,1,Md. Sarwar Alam Kotobi,ds,Islami Andolan Bangladesh (IAB),ds=4528,Sarwar Alam Kutubi,tbs,Islami Andolan Bangladesh (IAB),tbs=4528,0.90,name+party match (sim=0.90) [vote-boosted]
Cox's Bazar 1,1,Md. Sarwar Alam Kutubi,dt,Islami Andolan Bangladesh (IAB),dt=4528,Md. Sarwar Alam Kotobi,"ds,tbs",Islami Andolan Bangladesh (IAB),ds=4528; tbs=4528,1.00,name+party match (sim=1.00) [vote-boosted]
Cox's Bazar 2,1,Alamgir Md. Mahfuzullah Farid,ds,Bangladesh Nationalist Party (BNP),ds=124660,Alamgir Md. Mahfuz Ullah Farid,tbs,Bangladesh Nationalist Party (BNP),tbs=125543,1.00,name+party match (sim=1.00)
Cox's Bazar 2,1,Alamgir Muhammad Mahfuz Ullah Farid,bss,Bangladesh Nationalist Party (BNP),bss=125543,Alamgir Md. Mahfuz Ullah Farid,"ds,tbs",Bangladesh Nationalist Party (BNP),ds=124660; tbs=125543,1.00,name+party match (sim=1.00) [vote-boosted]
Cox's Bazar 2,1,Alamgir Muhammad Mahfuz Ullah Farid,dt,Bangladesh Nationalist Party (BNP),dt=125543,Alamgir Muhammad Mahfuz Ullah Farid,"bss,ds,tbs",Bangladesh Nationalist Party (BNP),bss=125543; ds=124660; tbs=125543,1.00,name+party match (sim=1.00) [vote-boosted]
Cox's Bazar 2,1,A. H. M. Hamidur Rahman Azad,ds,Bangladesh Jamaat-e-Islami (Jamaat),ds=89817,Ahm Hamidur Rahman Azad,tbs,Bangladesh Jamaat-e-Islami (Jamaat),tbs=91889,1.00,name+party match (sim=1.00)
Cox's Bazar 2,1,"A, H, M Hamidur Rahman Azad",bss,Bangladesh Jamaat-e-Islami (Jamaat),bss=91889,A. H. M. Hamidur Rahman Azad,"ds,tbs",Bangladesh Jamaat-e-Islami (Jamaat),ds=89817; tbs=91889,1.00,name+party match (sim=1.00) [vote-boosted]
Cox's Bazar 2,1,A. H. M. Hamidur Rahman Azad,dt,Bangladesh Jamaat-e-Islami (Jamaat),dt=91889,A. H. M. Hamidur Rahman Azad,"bss,ds,tbs",Bangladesh Jamaat-e-Islami (Jamaat),bss=91889; ds=89817; tbs=91889,1.00,name+party match (sim=1.00) [vote-boosted]
Cox's Bazar 2,1,Md. Mahmudul Karim,ds,Jatiya Party (JaPa),ds=0,Mahmudul Karim,tbs,Jatiya Party (JaPa),tbs=757,1.00,name+party match (sim=1.00)
Cox's Bazar 2,1,Md. Mahmudul Karim,dt,Jatiya Party (JaPa),dt=757,Md. Mahmudul Karim,"ds,tbs",Jatiya Party (JaPa),ds=0; tbs=757,1.00,name+party match (sim=1.00) [vote-boosted]
Cox's Bazar 2,1,Ziaul Haque,ds,Islami Andolan Bangladesh (IAB),ds=0,Ziaul Haque,tbs,Islami Andolan Bangladesh (IAB),tbs=8799,1.00,name+party match (sim=1.00)
Cox's Bazar 2,1,Ziaul Haque,dt,Islami Andolan Bangladesh (IAB),dt=8799,Ziaul Haque,"ds,tbs",Islami Andolan Bangladesh (IAB),ds=0; tbs=8799,1.00,name+party match (sim=1.00) [vote-boosted]
Cox's Bazar 2,1,S. M. Rukunuzzaman Khan,ds,Gono Odhikar Parishad (GOP),ds=0,S. M. Roknuzzaman Khan,tbs,Gono Odhikar Parishad (GOP),tbs=197,1.00,name+party match (sim=1.00)
Cox's Bazar 2,1,S. M. Rokonuzzaman Khan,dt,Gono Odhikar Parishad (GOP),dt=197,S. M. Rukunuzzaman Khan,"ds,tbs",Gono Odhikar Parishad (GOP),ds=0; tbs=197,1.00,name+party match (sim=1.00) [vote-boosted]
Cox's Bazar 3,1,Lutfur Rahman,ds,Bangladesh Nationalist Party (BNP),ds=182096,Lutfur Rahman,tbs,Bangladesh Nationalist Party (BNP),tbs=182096,1.00,name+party match (sim=1.00) [vote-boosted]
Cox's Bazar 3,1,Lutfur Rahman,bss,Bangladesh Nationalist Party (BNP),bss=182096,Lutfur Rahman,"ds,tbs",Bangladesh Nationalist Party (BNP),ds=182096; tbs=182096,1.00,name+party match (sim=1.00) [vote-boosted]
Cox's Bazar 3,1,Lutfur Rahman,dt,Bangladesh Nationalist Party (BNP),dt=182096,Lutfur Rahman,"bss,ds,tbs",Bangladesh Nationalist Party (BNP),bss=182096; ds=182096; tbs=182096,1.00,name+party match (sim=1.00) [vote-boosted]
Cox's Bazar 3,1,Shahidul Alam,ds,Bangladesh Jamaat-e-Islami (Jamaat),ds=161827,Shahidul Alam,tbs,Bangladesh Jamaat-e-Islami (Jamaat),tbs=161827,1.00,name+party match (sim=1.00) [vote-boosted]
Cox's Bazar 3,1,Shahidul Alam (Bahadur),bss,Bangladesh Jamaat-e-Islami (Jamaat),bss=161827,Shahidul Alam,"ds,tbs",Bangladesh Jamaat-e-Islami (Jamaat),ds=161827; tbs=161827,1.00,name+party match (sim=1.00) [vote-boosted]
Cox's Bazar 3,1,Shahidul Alam (Bahadur),dt,Bangladesh Jamaat-e-Islami (Jamaat),dt=161827,Shahidul Alam (Bahadur),"bss,ds,tbs",Bangladesh Jamaat-e-Islami (Jamaat),bss=161827; ds=161827; tbs=161827,1.00,name+party match (sim=1.00) [vote-boosted]
Cox's Bazar 3,1,Amirul Islam,ds,Islami Andolan Bangladesh (IAB),ds=0,Amirul Islam,tbs,Islami Andolan Bangladesh (IAB),tbs=5149,1.00,name+party match (sim=1.00)
Cox's Bazar 3,1,Amirul Islam,dt,Islami Andolan Bangladesh (IAB),dt=5149,Amirul Islam,"ds,tbs",Islami Andolan Bangladesh (IAB),ds=0; tbs=5149,1.00,name+party match (sim=1.00) [vote-boosted]
Cox's Bazar 3,1,Jagadish Barua,ds,Bangladesh Labour Party,ds=0,Jagadish Barua,tbs,Bangladesh Labour Party,tbs=602,1.00,name+party match (sim=1.00)
Cox's Bazar 3,1,Jagadish Barua,dt,Bangladesh Labour Party,dt=602,Jagadish Barua,"ds,tbs",Bangladesh Labour Party,ds=0; tbs=602,1.00,name+party match (sim=1.00) [vote-boosted]
Cox's Bazar 3,1,Nurul Absar,ds,Amjanatar Dol,ds=0,Nurul Abshar,tbs,Amjanatar Dol,tbs=367,0.96,name+party match (sim=0.96)
Cox's Bazar 3,1,Nurul Absar,dt,Amjanatar Dol,dt=367,Nurul Abshar,"ds,tbs",Amjanatar Dol,ds=0; tbs=367,0.96,name+party match (sim=0.96) [vote-boosted]
Cox's Bazar 3,1,Md. Elias Mia,ds,Independent Candidate (Independent),ds=0,Md. Elias Mia,tbs,Independent Candidate (Independent),tbs=947,1.00,name+party match (sim=1.00)
Cox's Bazar 3,1,Md. Ilias Mia,dt,Independent Candidate (Independent),dt=947,Md. Elias Mia,"ds,tbs",Independent Candidate (Independent),ds=0; tbs=947,1.00,name+party match (sim=1.00) [vote-boosted]
Cox's Bazar 4,1,Shahjahan Chowdhury,ds,Bangladesh Nationalist Party (BNP),ds=123582,Shahjahan Chowdhury,tbs,Bangladesh Nationalist Party (BNP),tbs=123582,1.00,name+party match (sim=1.00) [vote-boosted]
Cox's Bazar 4,1,Shahjahan Chowdhury,bss,Bangladesh Nationalist Party (BNP),bss=123582,Shahjahan Chowdhury,"ds,tbs",Bangladesh Nationalist Party (BNP),ds=123582; tbs=123582,1.00,name+party match (sim=1.00) [vote-boosted]
Cox's Bazar 4,1,Shahjahan Chowdhury,dt,Bangladesh Nationalist Party (BNP),dt=123582,Shahjahan Chowdhury,"bss,ds,tbs",Bangladesh Nationalist Party (BNP),bss=123582; ds=123582; tbs=123582,1.00,name+party match (sim=1.00) [vote-boosted]
Cox's Bazar 4,1,Nur Ahmed Anwary,ds,Bangladesh Jamaat-e-Islami (Jamaat),ds=122033,Nur Ahmed Anwari,tbs,Bangladesh Jamaat-e-Islami (Jamaat),tbs=122033,0.94,name+party match (sim=0.94) [vote-boosted]
Cox's Bazar 4,1,Noor Ahmad Anwari,bss,Bangladesh Jamaat-e-Islami (Jamaat),bss=122033,Nur Ahmed Anwari,"ds,tbs",Bangladesh Jamaat-e-Islami (Jamaat),ds=122033; tbs=122033,1.00,name+party match (sim=1.00) [vote-boosted]
Cox's Bazar 4,1,Nur Ahmed Anwari,dt,Bangladesh Jamaat-e-Islami (Jamaat),dt=122033,Noor Ahmad Anwari,"bss,ds,tbs",Bangladesh Jamaat-e-Islami (Jamaat),bss=122033; ds=122033; tbs=122033,1.00,name+party match (sim=1.00) [vote-boosted]
Cox's Bazar 4,1,Nurul Haque,ds,Islami Andolan Bangladesh (IAB),ds=0,Nurul Haque,tbs,Islami Andolan Bangladesh (IAB),tbs=4338,1.00,name+party match (sim=1.00)
Cox's Bazar 4,1,Nurul Haque,dt,Islami Andolan Bangladesh (IAB),dt=4338,Nurul Haque,"ds,tbs",Islami Andolan Bangladesh (IAB),ds=0; tbs=4338,1.00,name+party match (sim=1.00) [vote-boosted]
Cox's Bazar 4,1,Sifuddin Khaled,ds,Nationalist Democratic Movement (NDM),ds=0,Saifuddin Khaled,tbs,Nationalist Democratic Movement (NDM),tbs=379,1.00,name+party match (sim=1.00)
Cox's Bazar 4,1,Saifuddin Khaled,dt,Nationalist Democratic Movement (NDM),dt=379,Saifuddin Khaled,"ds,tbs",Nationalist Democratic Movement (NDM),ds=0; tbs=379,1.00,name+party match (sim=1.00) [vote-boosted]
Cumilla 1,1,Sayed Md. Iftaker Ahsan,ds,Jatiya Party (JaPa),ds=0,Sayed Md. Ifthekhar Ahsan,tbs,Jatiya Party (JaPa),tbs=631,0.92,name+party match (sim=0.92)
Cumilla 1,1,Syed Md. Iftekhar Ahsan,dt,Jatiya Party (JaPa),dt=631,Sayed Md. Ifthekhar Ahsan,"ds,tbs",Jatiya Party (JaPa),ds=0; tbs=631,0.96,name+party match (sim=0.96) [vote-boosted]
Cumilla 1,1,Khandaker Mosharraf Hossain,ds,Bangladesh Nationalist Party (BNP),ds=141440,Khandaker Mosharrof Hossain,tbs,Bangladesh Nationalist Party (BNP),tbs=141440,1.00,name+party match (sim=1.00) [vote-boosted]
Cumilla 1,1,Dr. Khandkar Mosharraf Hossain,bss,Bangladesh Nationalist Party (BNP),bss=141440,Khandaker Mosharrof Hossain,"ds,tbs",Bangladesh Nationalist Party (BNP),ds=141440; tbs=141440,1.00,name+party match (sim=1.00) [vote-boosted]
Cumilla 1,1,Dr. Khandaker Mosharraf Hossain,dt,Bangladesh Nationalist Party (BNP),dt=141440,Dr. Khandkar Mosharraf Hossain,"bss,ds,tbs",Bangladesh Nationalist Party (BNP),bss=141440; ds=141440; tbs=141440,1.00,name+party match (sim=1.00) [vote-boosted]
Cumilla 1,1,Md. Abul Kalam,ds,Bangladesh Republican Party (BRP),ds=0,Md. Abul Kalam Azad,tbs,Bangladesh Republican Party (BRP),tbs=411,0.88,name+party match (sim=0.88)
Cumilla 1,1,Mohammad Abul Kalam,dt,Bangladesh Republican Party (BRP),dt=411,Md. Abul Kalam Azad,"ds,tbs",Bangladesh Republican Party (BRP),ds=0; tbs=411,0.88,name+party match (sim=0.88) [vote-boosted]
Cumilla 1,1,Abu Zayed Al Mahmud,ds,Independent Candidate (Independent),ds=0,Abu Zayed Al Mahnud,tbs,Independent Candidate (Independent),tbs=201,0.95,name+party match (sim=0.95)
Cumilla 1,1,Abu Zayed Al Mahmud,dt,Independent Candidate (Independent),dt=201,Abu Zayed Al Mahnud,"ds,tbs",Independent Candidate (Independent),ds=0; tbs=201,0.95,name+party match (sim=0.95) [vote-boosted]
Cumilla 1,1,Bashir Ahmed,ds,Islami Andolan Bangladesh (IAB),ds=0,Bashir Ahmed,tbs,Islami Andolan Bangladesh (IAB),tbs=6502,1.00,name+party match (sim=1.00)
Cumilla 1,1,Bashir Ahmed,dt,Islami Andolan Bangladesh (IAB),dt=6502,Bashir Ahmed,"ds,tbs",Islami Andolan Bangladesh (IAB),ds=0; tbs=6502,1.00,name+party match (sim=1.00) [vote-boosted]
Cumilla 1,1,Omar Faruk,ds,Independent Candidate (Independent),ds=0,Omar Farooq,tbs,Independent Candidate (Independent),tbs=205,0.80,name+party match (sim=0.80)
Cumilla 1,1,Omar Faruk,dt,Independent Candidate (Independent),dt=205,Omar Farooq,"ds,tbs",Independent Candidate (Independent),ds=0; tbs=205,0.80,name+party match (sim=0.80) [vote-boosted]
Cumilla 1,1,Md. Moniruzzaman,ds,Bangladesh Jamaat-e-Islami (Jamaat),ds=94845,Md. Moniruzzaman,tbs,Bangladesh Jamaat-e-Islami (Jamaat),tbs=94845,1.00,name+party match (sim=1.00) [vote-boosted]
Cumilla 1,1,Md. Moniruzzaman,bss,Bangladesh Jamaat-e-Islami (Jamaat),bss=94845,Md. Moniruzzaman,"ds,tbs",Bangladesh Jamaat-e-Islami (Jamaat),ds=94845; tbs=94845,1.00,name+party match (sim=1.00) [vote-boosted]
Cumilla 1,1,Md. Moniruzzaman,dt,Bangladesh Jamaat-e-Islami (Jamaat),dt=94845,Md. Moniruzzaman,"bss,ds,tbs",Bangladesh Jamaat-e-Islami (Jamaat),bss=94845; ds=94845; tbs=94845,1.00,name+party match (sim=1.00) [vote-boosted]
Cumilla 1,1,Md. Shafiul Bashar,ds,Amar Bangladesh Party (AB),ds=0,Md. Shafiul Basar,tbs,Amar Bangladesh Party (AB),tbs=511,0.97,name+party match (sim=0.97)
Cumilla 1,1,Md. Safiul Basar,dt,Amar Bangladesh Party (AB),dt=511,Md. Shafiul Bashar,"ds,tbs",Amar Bangladesh Party (AB),ds=0; tbs=511,0.94,name+party match (sim=0.94) [vote-boosted]
Cumilla 1,1,Barua Manojit Dhiman,dt,Jatiya Samajtantrik Dal (JSD),dt=144,Barua Monojit Dhimon,ds,Jatiya Samajtantrik Dal (JSD),ds=0,1.00,name+party match (sim=1.00)
Cumilla 1,2,Barua Monojit Dhiman,tbs,Bangladesh Samajtantrik Dal (Basad),tbs=144,Barua Monojit Dhimon,"ds,dt",Jatiya Samajtantrik Dal (JSD),ds=0; dt=144,1.00,"name+votes match, party differs: Bangladesh Samajtantrik Dal (Basad) → Jatiya Samajtantrik Dal (JSD)"
Cumilla 10,1,Hasan Ahmed,ds,Bangladesh Congress,ds=0,Hasan Mahmud,tbs,Bangladesh Congress,tbs=400,0.92,name+party match (sim=0.92)
Cumilla 10,1,Hasan Ahmed,dt,Bangladesh Congress,dt=400,Hasan Mahmud,"ds,tbs",Bangladesh Congress,ds=0; tbs=400,0.92,name+party match (sim=0.92) [vote-boosted]
Cumilla 10,1,Romiz Bin Arif,ds,Gono Odhikar Parishad (GOP),ds=0,Ramiz Bin Arif,tbs,Gono Odhikar Parishad (GOP),tbs=293,1.00,name+party match (sim=1.00)
Cumilla 10,1,Ramiz Bin Arif,dt,Gono Odhikar Parishad (GOP),dt=293,Ramiz Bin Arif,"ds,tbs",Gono Odhikar Parishad (GOP),ds=0; tbs=293,1.00,name+party match (sim=1.00) [vote-boosted]
Cumilla 10,1,Md. Abdullah Al Noman,ds,Amjanatar Dol,ds=0,Md. Abdullah Al Noman,tbs,Amjanatar Dol,tbs=373,1.00,name+party match (sim=1.00)
Cumilla 10,1,Md. Abdullah Al Noman,dt,Amjanatar Dol,dt=373,Md. Abdullah Al Noman,"ds,tbs",Amjanatar Dol,ds=0; tbs=373,1.00,name+party match (sim=1.00) [vote-boosted]
Cumilla 10,1,Md. Mobasher Alam Bhuiyan,ds,Bangladesh Nationalist Party (BNP),ds=163667,Md. Mobasher Alam Bhuiyan,tbs,Bangladesh Nationalist Party (BNP),tbs=163667,1.00,name+party match (sim=1.00) [vote-boosted]
Cumilla 10,1,Md. Mobashwer Alam Bhuiya,bss,Bangladesh Nationalist Party (BNP),bss=163667,Md. Mobasher Alam Bhuiyan,"ds,tbs",Bangladesh Nationalist Party (BNP),ds=163667; tbs=163667,0.96,name+party match (sim=0.96) [vote-boosted]
Cumilla 10,1,Md. Mobasher Alam Bhuiyan,dt,Bangladesh Nationalist Party (BNP),dt=163667,Md. Mobasher Alam Bhuiyan,"bss,ds,tbs",Bangladesh Nationalist Party (BNP),bss=163667; ds=163667; tbs=163667,1.00,name+party match (sim=1.00) [vote-boosted]
Cumilla 10,1,Kazi Nure Alam Siddik,ds,Bangladesh Sangskritik Muktijote (BSM),ds=0,Kazi Nur E Alam Siddiqui,tbs,Bangladesh Sangskritik Muktijote (BSM),tbs=422,0.90,name+party match (sim=0.90)
Cumilla 10,1,Kazi Nure Alam Siddiqui,dt,Bangladesh Sangskritik Muktijote (BSM),dt=322,Kazi Nur E Alam Siddiqui,"ds,tbs",Bangladesh Sangskritik Muktijote (BSM),ds=0; tbs=422,1.00,name+party match (sim=1.00)
Cumilla 10,1,Md. Yasin Arafath,ds,Bangladesh Jamaat-e-Islami (Jamaat),ds=123733,Md. Yasin Arafat,tbs,Bangladesh Jamaat-e-Islami (Jamaat),tbs=123733,0.97,name+party match (sim=0.97) [vote-boosted]
Cumilla 10,1,মুহাম্মদ ইয়াছিন আরাফাত,bss,Bangladesh Jamaat-e-Islami (Jamaat),bss=123733,Md. Yasin Arafath,"ds,tbs",Bangladesh Jamaat-e-Islami (Jamaat),ds=123733; tbs=123733,0.63,name+party match (sim=0.63) [vote-boosted]
Cumilla 10,1,Muhammad Yasin Arafat,dt,Bangladesh Jamaat-e-Islami (Jamaat),dt=123733,মুহাম্মদ ইয়াছিন আরাফাত,"bss,ds,tbs",Bangladesh Jamaat-e-Islami (Jamaat),bss=123733; ds=123733; tbs=123733,0.57,name+party match (sim=0.57) [vote-boosted]
Cumilla 10,1,Md. Shamsuddoha,ds,Islami Andolan Bangladesh (IAB),ds=0,Md. Shamsuddoha,tbs,Islami Andolan Bangladesh (IAB),tbs=7959,1.00,name+party match (sim=1.00)
Cumilla 10,1,Md. Shamsuddoha,dt,Islami Andolan Bangladesh (IAB),dt=7959,Md. Shamsuddoha,"ds,tbs",Islami Andolan Bangladesh (IAB),ds=0; tbs=7959,1.00,name+party match (sim=1.00) [vote-boosted]
Cumilla 11,1,Md. Mohiuddin,ds,Islami Andolan Bangladesh (IAB),ds=0,Md. Mohiuddin,tbs,Islami Andolan Bangladesh (IAB),tbs=2766,1.00,name+party match (sim=1.00)
Cumilla 11,1,Md. Mahiuddin (Shaheed),dt,Islami Andolan Bangladesh (IAB),dt=2766,Md. Mohiuddin,"ds,tbs",Islami Andolan Bangladesh (IAB),ds=0; tbs=2766,1.00,name+party match (sim=1.00) [vote-boosted]
Cumilla 11,1,A. F. M. Abdur Rahim,ds,Bangladesh Congress,ds=0,A. F. M. Abdur Rahim,tbs,Bangladesh Congress,tbs=194,1.00,name+party match (sim=1.00)
Cumilla 11,1,A. F. M. Abdur Rahim,dt,Bangladesh Congress,dt=194,A. F. M. Abdur Rahim,"ds,tbs",Bangladesh Congress,ds=0; tbs=194,1.00,name+party match (sim=1.00) [vote-boosted]
Cumilla 11,1,Md. Alamgir,ds,Gono Front (GF),ds=0,Md. Alamgir,tbs,Gono Front (GF),tbs=98,1.00,name+party match (sim=1.00)
Cumilla 11,1,Md. Alamgir,dt,Gono Front (GF),dt=98,Md. Alamgir,"ds,tbs",Gono Front (GF),ds=0; tbs=98,1.00,name+party match (sim=1.00) [vote-boosted]
Cumilla 11,1,Md. Yousuf,ds,Bangladesh Sangskritik Muktijote (BSM),ds=0,Md. Yusuf,tbs,Bangladesh Sangskritik Muktijote (BSM),tbs=186,1.00,name+party match (sim=1.00)
Cumilla 11,1,Mohammad Yusuf,dt,Bangladesh Sangskritik Muktijote (BSM),dt=186,Md. Yousuf,"ds,tbs",Bangladesh Sangskritik Muktijote (BSM),ds=0; tbs=186,1.00,name+party match (sim=1.00) [vote-boosted]
Cumilla 11,1,Syed Abdullah Mohammed Taher,ds,Bangladesh Jamaat-e-Islami (Jamaat),ds=133308,Syed Abdullah Md. Taher,tbs,Bangladesh Jamaat-e-Islami (Jamaat),tbs=133308,0.90,name+party match (sim=0.90) [vote-boosted]
Cumilla 11,1,Syed Abdullah Mohammad Taher,bss,Bangladesh Jamaat-e-Islami (Jamaat),bss=133308,Syed Abdullah Mohammed Taher,"ds,tbs",Bangladesh Jamaat-e-Islami (Jamaat),ds=133308; tbs=133308,0.90,name+party match (sim=0.90) [vote-boosted]
Cumilla 11,1,Syed Abdullah Mohammad Taher,dt,Bangladesh Jamaat-e-Islami (Jamaat),dt=133308,Syed Abdullah Mohammed Taher,"bss,ds,tbs",Bangladesh Jamaat-e-Islami (Jamaat),bss=133308; ds=133308; tbs=133308,0.90,name+party match (sim=0.90) [vote-boosted]
Cumilla 11,1,Md. Main Uddin,ds,Jatiya Party (JaPa),ds=0,Md. Main Uddin,tbs,Jatiya Party (JaPa),tbs=704,1.00,name+party match (sim=1.00)
Cumilla 11,1,Md. Main Uddin,dt,Jatiya Party (JaPa),dt=704,Md. Main Uddin,"ds,tbs",Jatiya Party (JaPa),ds=0; tbs=704,1.00,name+party match (sim=1.00) [vote-boosted]
Cumilla 11,1,Md. Kamrul Huda,ds,Bangladesh Nationalist Party (BNP),ds=76638,Md. Kamrul Huda,tbs,Bangladesh Nationalist Party (BNP),tbs=76638,1.00,name+party match (sim=1.00) [vote-boosted]
Cumilla 11,1,Md. Kamrul Huda,bss,Bangladesh Nationalist Party (BNP),bss=76638,Md. Kamrul Huda,"ds,tbs",Bangladesh Nationalist Party (BNP),ds=76638; tbs=76638,1.00,name+party match (sim=1.00) [vote-boosted]
Cumilla 11,1,Md. Kamrul Huda,dt,Bangladesh Nationalist Party (BNP),dt=76638,Md. Kamrul Huda,"bss,ds,tbs",Bangladesh Nationalist Party (BNP),bss=76638; ds=76638; tbs=76638,1.00,name+party match (sim=1.00) [vote-boosted]
Cumilla 2,1,Abdus Salam,ds,Bangladesh Islami Front (BIF),ds=0,Md. Abdus Salam,tbs,Bangladesh Islami Front (BIF),tbs=767,1.00,name+party match (sim=1.00)
Cumilla 2,1,Md. Abdus Salam,dt,Bangladesh Islami Front (BIF),dt=767,Md. Abdus Salam,"ds,tbs",Bangladesh Islami Front (BIF),ds=0; tbs=767,1.00,name+party match (sim=1.00) [vote-boosted]
Cumilla 2,1,Md. Nazim Uddin,ds,Bangladesh Jamaat-e-Islami (Jamaat),ds=0,Md. Nazim Uddin,tbs,Bangladesh Jamaat-e-Islami (Jamaat),tbs=53384,1.00,name+party match (sim=1.00)
Cumilla 2,1,Md. Nazim Uddin,dt,Bangladesh Jamaat-e-Islami (Jamaat),dt=53384,Md. Nazim Uddin,"ds,tbs",Bangladesh Jamaat-e-Islami (Jamaat),ds=0; tbs=53384,1.00,name+party match (sim=1.00) [vote-boosted]
Cumilla 2,1,Md. Ashraful Alam,ds,Islami Andolan Bangladesh (IAB),ds=0,Md. Ashraful Alam,tbs,Islami Andolan Bangladesh (IAB),tbs=6611,1.00,name+party match (sim=1.00)
Cumilla 2,1,Mohammad Ashraful Alam,dt,Islami Andolan Bangladesh (IAB),dt=6611,Md. Ashraful Alam,"ds,tbs",Islami Andolan Bangladesh (IAB),ds=0; tbs=6611,1.00,name+party match (sim=1.00) [vote-boosted]
Cumilla 2,1,Md. Selim Bhuiyan,ds,Bangladesh Nationalist Party (BNP),ds=77037,Md. Selim Bhuiyan,tbs,Bangladesh Nationalist Party (BNP),tbs=77037,1.00,name+party match (sim=1.00) [vote-boosted]
Cumilla 2,1,Md. Salim Bhuiyan,bss,Bangladesh Nationalist Party (BNP),bss=77037,Md. Selim Bhuiyan,"ds,tbs",Bangladesh Nationalist Party (BNP),ds=77037; tbs=77037,1.00,name+party match (sim=1.00) [vote-boosted]
Cumilla 2,1,Md. Selim Bhuiyan,dt,Bangladesh Nationalist Party (BNP),dt=77037,Md. Selim Bhuiyan,"bss,ds,tbs",Bangladesh Nationalist Party (BNP),bss=77037; ds=77037; tbs=77037,1.00,name+party match (sim=1.00) [vote-boosted]
Cumilla 2,1,Md. Abdul Matin,ds,Independent Candidate (Independent),ds=63045,Md. Abdul Matin,tbs,Independent Candidate (Independent),tbs=63045,1.00,name+party match (sim=1.00) [vote-boosted]
Cumilla 2,1,Md. Abdul Matin,bss,Independent Candidate (Independent),bss=63045,Md. Abdul Matin,"ds,tbs",Independent Candidate (Independent),ds=63045; tbs=63045,1.00,name+party match (sim=1.00) [vote-boosted]
Cumilla 2,1,Md. Abdul Matin,dt,Independent Candidate (Independent),dt=63045,Md. Abdul Matin,"bss,ds,tbs",Independent Candidate (Independent),bss=63045; ds=63045; tbs=63045,1.00,name+party match (sim=1.00) [vote-boosted]
Cumilla 2,1,Md. Amir Hossain,ds,Jatiya Party (JaPa),ds=0,Md. Amir Hossain,tbs,Jatiya Party (JaPa),tbs=570,1.00,name+party match (sim=1.00)
Cumilla 2,1,Md. Amir Hossain,dt,Jatiya Party (JaPa),dt=570,Md. Amir Hossain,"ds,tbs",Jatiya Party (JaPa),ds=0; tbs=570,1.00,name+party match (sim=1.00) [vote-boosted]
Cumilla 3,1,Md. Yousuf Sohel,ds,Bangladesh Jamaat-e-Islami (Jamaat),ds=109599,Md. Yousuf Sohel,tbs,Bangladesh Jamaat-e-Islami (Jamaat),tbs=109599,1.00,name+party match (sim=1.00) [vote-boosted]
Cumilla 3,1,Md Yusuf Sohail,bss,Bangladesh Jamaat-e-Islami (Jamaat),bss=109599,Md. Yousuf Sohel,"ds,tbs",Bangladesh Jamaat-e-Islami (Jamaat),ds=109599; tbs=109599,1.00,name+party match (sim=1.00) [vote-boosted]
Cumilla 3,1,Md. Yusuf Sohel,dt,Bangladesh Jamaat-e-Islami (Jamaat),dt=109599,Md. Yousuf Sohel,"bss,ds,tbs",Bangladesh Jamaat-e-Islami (Jamaat),bss=109599; ds=109599; tbs=109599,1.00,name+party match (sim=1.00) [vote-boosted]
Cumilla 3,1,Md. Sarifuddin Sarker,ds,Insaniyat Biplob Bangladesh (IBB),ds=0,Md. Sharif Uddin Sarkar,tbs,Insaniyat Biplob Bangladesh (IBB),tbs=167,0.96,name+party match (sim=0.96)
Cumilla 3,1,Md. Sharif Uddin Sarkar,dt,Insaniyat Biplob Bangladesh (IBB),dt=167,Md. Sharif Uddin Sarkar,"ds,tbs",Insaniyat Biplob Bangladesh (IBB),ds=0; tbs=167,1.00,name+party match (sim=1.00) [vote-boosted]
Cumilla 3,1,Md. Khurshed Alam,ds,Bangladesh Congress,ds=0,Md. Khorshed Alam,tbs,Bangladesh Congress,tbs=717,1.00,name+party match (sim=1.00)
Cumilla 3,1,Md. Khorshed Alam,dt,Bangladesh Congress,dt=717,Md. Khorshed Alam,"ds,tbs",Bangladesh Congress,ds=0; tbs=717,1.00,name+party match (sim=1.00) [vote-boosted]
Cumilla 3,1,Md. Amdadoll Huque,ds,Bangladesh Republican Party (BRP),ds=0,Md. Emdadul Haque,tbs,Bangladesh Republican Party (BRP),tbs=111,0.94,name+party match (sim=0.94)
Cumilla 3,1,Md. Emdadul Haque,dt,Bangladesh Republican Party (BRP),dt=111,Md. Amdadoll Huque,"ds,tbs",Bangladesh Republican Party (BRP),ds=0; tbs=111,0.94,name+party match (sim=0.94) [vote-boosted]
Cumilla 3,1,Moniruzaman,ds,Gono Odhikar Parishad (GOP),ds=0,Moniruzzaman,tbs,Gono Odhikar Parishad (GOP),tbs=633,0.96,name+party match (sim=0.96)
Cumilla 3,1,Moniruzzaman,dt,Gono Odhikar Parishad (GOP),dt=633,Moniruzzaman,"ds,tbs",Gono Odhikar Parishad (GOP),ds=0; tbs=633,1.00,name+party match (sim=1.00) [vote-boosted]
Cumilla 3,1,Ahmad Abdul Kaiyum,ds,Islami Andolan Bangladesh (IAB),ds=0,Ahmed Abdul Kaiyum,tbs,Islami Andolan Bangladesh (IAB),tbs=3593,1.00,name+party match (sim=1.00)
Cumilla 3,1,Ahmed Abdul Qayyum,dt,Islami Andolan Bangladesh (IAB),dt=3593,Ahmed Abdul Kaiyum,"ds,tbs",Islami Andolan Bangladesh (IAB),ds=0; tbs=3593,0.89,name+party match (sim=0.89) [vote-boosted]
Cumilla 3,1,Riaz Md. Sharif,ds,Nationalist Democratic Movement (NDM),ds=0,Riaz Md. Sharif,tbs,Nationalist Democratic Movement (NDM),tbs=152,1.00,name+party match (sim=1.00)
Cumilla 3,1,Riyaz Md. Sharif,dt,Nationalist Democratic Movement (NDM),dt=152,Riaz Md. Sharif,"ds,tbs",Nationalist Democratic Movement (NDM),ds=0; tbs=152,0.97,name+party match (sim=0.97) [vote-boosted]
Cumilla 3,1,Kazi Shah Mofazzal Hossain,ds,Bangladesh Nationalist Party (BNP),ds=159291,Kazi Shah Mofazzal Hossain Kaikobad,tbs,Bangladesh Nationalist Party (BNP),tbs=159291,1.00,name+party match (sim=1.00) [vote-boosted]
Cumilla 3,1,Qazi Shah Mofazzal Hossain (Kaikobad),bss,Bangladesh Nationalist Party (BNP),bss=159291,Kazi Shah Mofazzal Hossain Kaikobad,"ds,tbs",Bangladesh Nationalist Party (BNP),ds=159291; tbs=159291,0.82,name+party match (sim=0.82) [vote-boosted]
Cumilla 3,1,Kazi Shah Mofazzal Hossain (Kaikobad),dt,Bangladesh Nationalist Party (BNP),dt=159291,Qazi Shah Mofazzal Hossain (Kaikobad),"bss,ds,tbs",Bangladesh Nationalist Party (BNP),bss=159291; ds=159291; tbs=159291,0.96,name+party match (sim=0.96) [vote-boosted]
Cumilla 3,1,Chowdhury Rakibul Hoque,ds,Amjanatar Dol,ds=0,Chowdhury Rakibul Haque,tbs,Amjanatar Dol,tbs=244,1.00,name+party match (sim=1.00)
Cumilla 3,1,Chowdhury Rakibul Haque,dt,Amjanatar Dol,dt=244,Chowdhury Rakibul Haque,"ds,tbs",Amjanatar Dol,ds=0; tbs=244,1.00,name+party match (sim=1.00) [vote-boosted]
Cumilla 4,1,Erfanul Hoque Sarker,ds,Insaniyat Biplob Bangladesh (IBB),ds=0,Irfanul Haque Sarkar,tbs,Insaniyat Biplob Bangladesh (IBB),tbs=427,1.00,name+party match (sim=1.00)
Cumilla 4,1,Abdul Karim,ds,Islami Andolan Bangladesh (IAB),ds=0,Md. Abdul Karim,tbs,Islami Andolan Bangladesh (IAB),tbs=2232,1.00,name+party match (sim=1.00)
Cumilla 4,1,Md. Abdul Karim,dt,Islami Andolan Bangladesh (IAB),dt=2232,Md. Abdul Karim,"ds,tbs",Islami Andolan Bangladesh (IAB),ds=0; tbs=2232,1.00,name+party match (sim=1.00) [vote-boosted]
Cumilla 4,1,Md. Mazibur Rahman Farazi,ds,Khelafat Majlis,ds=0,Md. Mujibur Rahman,tbs,Khelafat Majlis,tbs=248,0.78,name+party match (sim=0.78)
Cumilla 4,1,Mohammad Mojibur Rahman,dt,Khelafat Majlis,dt=248,Md. Mazibur Rahman Farazi,"ds,tbs",Khelafat Majlis,ds=0; tbs=248,0.78,name+party match (sim=0.78) [vote-boosted]
Cumilla 4,1,Md. A. Jasim Uddin,ds,Gono Odhikar Parishad (GOP),ds=49885,Md. A. Jasim Uddin,tbs,Gono Odhikar Parishad (GOP),tbs=49885,1.00,name+party match (sim=1.00) [vote-boosted]
Cumilla 4,1,Md. Jasim Uddin,bss,Gono Odhikar Parishad (GOP),bss=49885,Md. A. Jasim Uddin,"ds,tbs",Gono Odhikar Parishad (GOP),ds=49885; tbs=49885,1.00,name+party match (sim=1.00) [vote-boosted]
Cumilla 4,1,Md. A. Jasim Uddin,dt,Gono Odhikar Parishad (GOP),dt=49885,Md. A. Jasim Uddin,"bss,ds,tbs",Gono Odhikar Parishad (GOP),bss=49885; ds=49885; tbs=49885,1.00,name+party match (sim=1.00) [vote-boosted]
Cumilla 4,1,Md. Abul Hasnat,ds,National Citizen Party (NCP),ds=166583,Md. Abul Hasnat,tbs,National Citizen Party (NCP),tbs=166583,1.00,name+party match (sim=1.00) [vote-boosted]
Cumilla 4,1,Md. Abul Hasnat,bss,National Citizen Party (NCP),bss=166583,Md. Abul Hasnat,"ds,tbs",National Citizen Party (NCP),ds=166583; tbs=166583,1.00,name+party match (sim=1.00) [vote-boosted]
Cumilla 4,1,Md. Abul Hasnat,dt,National Citizen Party (NCP),dt=166583,Md. Abul Hasnat,"bss,ds,tbs",National Citizen Party (NCP),bss=166583; ds=166583; tbs=166583,1.00,name+party match (sim=1.00) [vote-boosted]
Cumilla 4,2,Irfanul Haque Sarkar,dt,Jatiya Party (JaPa),dt=427,Irfanul Haque Sarkar,"ds,tbs",Insaniyat Biplob Bangladesh (IBB),ds=0; tbs=427,1.00,"name+votes match, party differs: Jatiya Party (JaPa) → Insaniyat Biplob Bangladesh (IBB)"
Cumilla 5,1,Abdullah Al Kafee,ds,Communist Party of Bangladesh (CPB),ds=0,Abdullah Al Kafi,tbs,Communist Party of Bangladesh (CPB),tbs=342,1.00,name+party match (sim=1.00)
Cumilla 5,1,Abdullah Al Qafi,dt,Communist Party of Bangladesh (CPB),dt=342,Abdullah Al Kafee,"ds,tbs",Communist Party of Bangladesh (CPB),ds=0; tbs=342,0.88,name+party match (sim=0.88) [vote-boosted]
Cumilla 5,1,Md. Emranul Hoque,ds,Jatiya Party (JaPa),ds=0,Md. Emranul Haque,tbs,Jatiya Party (JaPa),tbs=124547,1.00,name+party match (sim=1.00)
Cumilla 5,1,Md. Emranul Haque,dt,Jatiya Party (JaPa),dt=705,Md. Emranul Haque,"ds,tbs",Jatiya Party (JaPa),ds=0; tbs=124547,1.00,name+party match (sim=1.00)
Cumilla 5,1,Md. Jashim Uddin,ds,Bangladesh Nationalist Party (BNP),ds=134485,Md. Jashim Uddin,tbs,Bangladesh Nationalist Party (BNP),tbs=134485,1.00,name+party match (sim=1.00) [vote-boosted]
Cumilla 5,1,Md. Jasim Uddin,bss,Bangladesh Nationalist Party (BNP),bss=134485,Md. Jashim Uddin,"ds,tbs",Bangladesh Nationalist Party (BNP),ds=134485; tbs=134485,0.97,name+party match (sim=0.97) [vote-boosted]
Cumilla 5,1,Md. Jasim Uddin,dt,Bangladesh Nationalist Party (BNP),dt=134485,Md. Jashim Uddin,"bss,ds,tbs",Bangladesh Nationalist Party (BNP),bss=134485; ds=134485; tbs=134485,0.97,name+party match (sim=0.97) [vote-boosted]
Cumilla 5,1,Md. Rashedul Islam,ds,Islami Andolan Bangladesh (IAB),ds=0,Md. Rashedul Islam,tbs,Islami Andolan Bangladesh (IAB),tbs=1505,1.00,name+party match (sim=1.00)
Cumilla 5,1,Md. Rashedul Islam,dt,Islami Andolan Bangladesh (IAB),dt=1505,Md. Rashedul Islam,"ds,tbs",Islami Andolan Bangladesh (IAB),ds=0; tbs=1505,1.00,name+party match (sim=1.00) [vote-boosted]
Cumilla 5,1,Sherin Akter,ds,Jatiya Samajtantrik Dal (JSD),ds=0,Shirin Akhter,tbs,Jatiya Samajtantrik Dal (JSD),tbs=153,1.00,name+party match (sim=1.00)
Cumilla 5,1,Shirin Akter,dt,Jatiya Samajtantrik Dal (JSD),dt=153,Shirin Akhter,"ds,tbs",Jatiya Samajtantrik Dal (JSD),ds=0; tbs=153,1.00,name+party match (sim=1.00) [vote-boosted]
Cumilla 5,1,Abul Kalam Idrish,ds,Bangladesh Muslim League (BML),ds=0,Abul Kalam Idris,tbs,Bangladesh Muslim League (BML),tbs=147,0.97,name+party match (sim=0.97)
Cumilla 5,1,Abul Kalam Idris,dt,Bangladesh Muslim League (BML),dt=147,Abul Kalam Idrish,"ds,tbs",Bangladesh Muslim League (BML),ds=0; tbs=147,0.97,name+party match (sim=0.97) [vote-boosted]
Cumilla 5,1,Md. Abul Bashar,ds,National People's Party (NPP),ds=0,Md. Abul Basar,tbs,National People's Party (NPP),tbs=104,0.97,name+party match (sim=0.97)
Cumilla 5,1,Md. Abul Basar,dt,National People's Party (NPP),dt=104,Md. Abul Bashar,"ds,tbs",National People's Party (NPP),ds=0; tbs=104,0.97,name+party match (sim=0.97) [vote-boosted]
Cumilla 5,1,Mobarak Hossen,ds,Bangladesh Jamaat-e-Islami (Jamaat),ds=124547,Mobarak Hussain,tbs,Bangladesh Jamaat-e-Islami (Jamaat),tbs=124547,1.00,name+party match (sim=1.00) [vote-boosted]
Cumilla 5,1,Mubarak Hossain,bss,Bangladesh Jamaat-e-Islami (Jamaat),bss=124587,Mobarak Hussain,"ds,tbs",Bangladesh Jamaat-e-Islami (Jamaat),ds=124547; tbs=124547,1.00,name+party match (sim=1.00)
Cumilla 5,1,Mobarak Hossain,dt,Bangladesh Jamaat-e-Islami (Jamaat),dt=124547,Mobarak Hussain,"bss,ds,tbs",Bangladesh Jamaat-e-Islami (Jamaat),bss=124587; ds=124547; tbs=124547,1.00,name+party match (sim=1.00) [vote-boosted]
Cumilla 5,1,Tanzil Ahmed,ds,Insaniyat Biplob Bangladesh (IBB),ds=0,Tanzil Ahmed,tbs,Insaniyat Biplob Bangladesh (IBB),tbs=167,1.00,name+party match (sim=1.00)
Cumilla 5,1,Tanzil Ahmed,dt,Insaniyat Biplob Bangladesh (IBB),dt=167,Tanzil Ahmed,"ds,tbs",Insaniyat Biplob Bangladesh (IBB),ds=0; tbs=167,1.00,name+party match (sim=1.00) [vote-boosted]
Cumilla 5,1,Zubair Ahmed Bhuiyan,ds,Amar Bangladesh Party (AB),ds=0,Jobair Ahmed Bhuiyan,tbs,Amar Bangladesh Party (AB),tbs=2029,0.90,name+party match (sim=0.90)
Cumilla 5,1,Zobaer Ahmed Bhuiyan,dt,Amar Bangladesh Party (AB),dt=2029,Jobair Ahmed Bhuiyan,"ds,tbs",Amar Bangladesh Party (AB),ds=0; tbs=2029,0.90,name+party match (sim=0.90) [vote-boosted]
Cumilla 6,1,Obaidul Kabir Mohan,ds,Jatiya Samajtantrik Dal (JSD),ds=0,Obaidul Kabir Mohan,tbs,Jatiya Samajtantrik Dal (JSD),tbs=453,1.00,name+party match (sim=1.00)
Cumilla 6,1,Obaidul Kabir Mohon,dt,Jatiya Samajtantrik Dal (JSD),dt=453,Obaidul Kabir Mohan,"ds,tbs",Jatiya Samajtantrik Dal (JSD),ds=0; tbs=453,1.00,name+party match (sim=1.00) [vote-boosted]
Cumilla 6,1,Md. Harunur Rashid,ds,Islami Andolan Bangladesh (IAB),ds=0,Md. Harunur Rashid,tbs,Islami Andolan Bangladesh (IAB),tbs=2476,1.00,name+party match (sim=1.00)
Cumilla 6,1,Mohammad Harunur Rashid,dt,Islami Andolan Bangladesh (IAB),dt=2476,Md. Harunur Rashid,"ds,tbs",Islami Andolan Bangladesh (IAB),ds=0; tbs=2476,1.00,name+party match (sim=1.00) [vote-boosted]
Cumilla 6,1,Kazi Din Mohammed,ds,Bangladesh Jamaat-e-Islami (Jamaat),ds=119851,Kazi Deen Md.,tbs,Bangladesh Jamaat-e-Islami (Jamaat),tbs=119851,0.80,name+party match (sim=0.80) [vote-boosted]
Cumilla 6,1,Qazi Deen Mohammad,bss,Bangladesh Jamaat-e-Islami (Jamaat),bss=119851,Kazi Din Mohammed,"ds,tbs",Bangladesh Jamaat-e-Islami (Jamaat),ds=119851; tbs=119851,0.67,name+party match (sim=0.67) [vote-boosted]
Cumilla 6,1,Kazi Din Mohammad,dt,Bangladesh Jamaat-e-Islami (Jamaat),dt=119851,Qazi Deen Mohammad,"bss,ds,tbs",Bangladesh Jamaat-e-Islami (Jamaat),bss=119851; ds=119851; tbs=119851,0.83,name+party match (sim=0.83) [vote-boosted]
Cumilla 6,1,Md. Monirul Haque Chowdhury,ds,Bangladesh Nationalist Party (BNP),ds=201706,Md. Monirul Haque Chowdhury,tbs,Bangladesh Nationalist Party (BNP),tbs=201706,1.00,name+party match (sim=1.00) [vote-boosted]
Cumilla 6,1,Md. Monirul Haque Chowdhury,bss,Bangladesh Nationalist Party (BNP),bss=201706,Md. Monirul Haque Chowdhury,"ds,tbs",Bangladesh Nationalist Party (BNP),ds=201706; tbs=201706,1.00,name+party match (sim=1.00) [vote-boosted]
Cumilla 6,1,Md. Monirul Haque Chowdhury,dt,Bangladesh Nationalist Party (BNP),dt=201706,Md. Monirul Haque Chowdhury,"bss,ds,tbs",Bangladesh Nationalist Party (BNP),bss=201706; ds=201706; tbs=201706,1.00,name+party match (sim=1.00) [vote-boosted]
Cumilla 6,1,Md. Amir Hossain Farazi,ds,Bangladesh Sangskritik Muktijote (BSM),ds=0,Md. Amir Hossain Farayezi,tbs,Bangladesh Sangskritik Muktijote (BSM),tbs=153,0.96,name+party match (sim=0.96)
Cumilla 6,1,Md. Amir Hossain Forayezi,dt,Bangladesh Sangskritik Muktijote (BSM),dt=153,Md. Amir Hossain Farayezi,"ds,tbs",Bangladesh Sangskritik Muktijote (BSM),ds=0; tbs=153,1.00,name+party match (sim=1.00) [vote-boosted]
Cumilla 6,1,Kamrunnaher Sathi,ds,Bangladesh Samajtantrik Dal (Basad),ds=0,Kamrunnahar Shathi,tbs,Bangladesh Samajtantrik Dal (Basad),tbs=515,0.95,name+party match (sim=0.95)
Cumilla 6,1,Kamrun Nahar Sathi,dt,Bangladesh Samajtantrik Dal (Basad),dt=515,Kamrunnahar Shathi,"ds,tbs",Bangladesh Samajtantrik Dal (Basad),ds=0; tbs=515,0.95,name+party match (sim=0.95) [vote-boosted]
Cumilla 6,1,Md. Mashum Billah Miazi,ds,Bangladesh Islami Front (BIF),ds=0,Md. Masum Bilya Miaji,tbs,Bangladesh Islami Front (BIF),tbs=4648,0.86,name+party match (sim=0.86)
Cumilla 6,1,Md. Masum Billah Miazhi,dt,Bangladesh Islami Front (BIF),dt=4648,Md. Mashum Billah Miazi,"ds,tbs",Bangladesh Islami Front (BIF),ds=0; tbs=4648,0.96,name+party match (sim=0.96) [vote-boosted]
Cumilla 6,1,Mubarak Hossain,ds,Gono Odhikar Parishad (GOP),ds=0,Mubarak Hossain,tbs,Gono Odhikar Parishad (GOP),tbs=215,1.00,name+party match (sim=1.00)
Cumilla 6,1,Mobarak Hossain,dt,Gono Odhikar Parishad (GOP),dt=215,Mubarak Hossain,"ds,tbs",Gono Odhikar Parishad (GOP),ds=0; tbs=215,1.00,name+party match (sim=1.00) [vote-boosted]
Cumilla 6,1,Md. Yeasin,ds,Bangladesh Muslim League (BML),ds=0,Md. Yeasin,tbs,Bangladesh Muslim League (BML),tbs=1597,1.00,name+party match (sim=1.00)
Cumilla 7,1,Soliman Khan,ds,Khelafat Majlis,ds=0,Sulaiman Khan,tbs,Khelafat Majlis,tbs=26319,1.00,name+party match (sim=1.00)
Cumilla 7,1,Solaiman Khan,dt,Khelafat Majlis,dt=26319,Sulaiman Khan,"ds,tbs",Khelafat Majlis,ds=0; tbs=26319,1.00,name+party match (sim=1.00) [vote-boosted]
Cumilla 7,1,Maolana Ehteshamul Hoque,ds,Islami Andolan Bangladesh (IAB),ds=0,Ehteshamul Haque,tbs,Islami Andolan Bangladesh (IAB),tbs=14277,0.84,name+party match (sim=0.84)
Cumilla 7,1,Mawlana Ehteshamul Haque,dt,Islami Andolan Bangladesh (IAB),dt=14277,Maolana Ehteshamul Hoque,"ds,tbs",Islami Andolan Bangladesh (IAB),ds=0; tbs=14277,0.96,name+party match (sim=0.96) [vote-boosted]
Cumilla 7,1,Sajal Kumar Kar,ds,Bangladesh Sangskritik Muktijote (BSM),ds=0,Sajal Kumar Kar,tbs,Bangladesh Sangskritik Muktijote (BSM),tbs=261,1.00,name+party match (sim=1.00)
Cumilla 7,1,Sajal Kumar Kar,dt,Bangladesh Sangskritik Muktijote (BSM),dt=261,Sajal Kumar Kar,"ds,tbs",Bangladesh Sangskritik Muktijote (BSM),ds=0; tbs=261,1.00,name+party match (sim=1.00) [vote-boosted]
Cumilla 7,1,Atikul Alam,ds,Independent Candidate (Independent),ds=91690,Atiqul Alam,tbs,Independent Candidate (Independent),tbs=91690,0.91,name+party match (sim=0.91) [vote-boosted]
Cumilla 7,1,Atiqul Alam,bss,Independent Candidate (Independent),bss=91690,Atiqul Alam,"ds,tbs",Independent Candidate (Independent),ds=91690; tbs=91690,1.00,name+party match (sim=1.00) [vote-boosted]
Cumilla 7,1,Atikul Alam,dt,Independent Candidate (Independent),dt=91690,Atiqul Alam,"bss,ds,tbs",Independent Candidate (Independent),bss=91690; ds=91690; tbs=91690,0.91,name+party match (sim=0.91) [vote-boosted]
Cumilla 7,1,Redwan Ahmed,ds,Bangladesh Nationalist Party (BNP),ds=48509,Redwan Ahmed,tbs,Bangladesh Nationalist Party (BNP),tbs=48509,1.00,name+party match (sim=1.00) [vote-boosted]
Cumilla 7,1,Redwan Ahmed,bss,Bangladesh Nationalist Party (BNP),bss=48509,Redwan Ahmed,"ds,tbs",Bangladesh Nationalist Party (BNP),ds=48509; tbs=48509,1.00,name+party match (sim=1.00) [vote-boosted]
Cumilla 7,1,Redowan Ahmed,dt,Bangladesh Nationalist Party (BNP),dt=48509,Redwan Ahmed,"bss,ds,tbs",Bangladesh Nationalist Party (BNP),bss=48509; ds=48509; tbs=48509,1.00,name+party match (sim=1.00) [vote-boosted]
Cumilla 8,1,Md. Mafiz Uddin Ahmed,ds,Bangladesh Republican Party (BRP),ds=0,Md. Mofiz Uddin Ahmed,tbs,Bangladesh Republican Party (BRP),tbs=161,1.00,name+party match (sim=1.00)
Cumilla 8,1,Md. Mofiz Uddin Ahmed,dt,Bangladesh Republican Party (BRP),dt=161,Md. Mofiz Uddin Ahmed,"ds,tbs",Bangladesh Republican Party (BRP),ds=0; tbs=161,1.00,name+party match (sim=1.00) [vote-boosted]
Cumilla 8,1,Md. Golam Morshad,ds,Bangladesh Supreme Party (BSP),ds=0,Md. Golam Morshed,tbs,Bangladesh Supreme Party (BSP),tbs=3224,1.00,name+party match (sim=1.00)
Cumilla 8,1,Mohammad Golam Morshed,dt,Bangladesh Supreme Party (BSP),dt=3224,Md. Golam Morshed,"ds,tbs",Bangladesh Supreme Party (BSP),ds=0; tbs=3224,1.00,name+party match (sim=1.00) [vote-boosted]
Cumilla 8,1,Md. Shafiqul Alam Helal,ds,Bangladesh Jamaat-e-Islami (Jamaat),ds=45091,Md. Shafiqul Alam Helal,tbs,Bangladesh Jamaat-e-Islami (Jamaat),tbs=45091,1.00,name+party match (sim=1.00) [vote-boosted]
Cumilla 8,1,Md. Shafiqul Alam Helal,bss,Bangladesh Jamaat-e-Islami (Jamaat),bss=45091,Md. Shafiqul Alam Helal,"ds,tbs",Bangladesh Jamaat-e-Islami (Jamaat),ds=45091; tbs=45091,1.00,name+party match (sim=1.00) [vote-boosted]
Cumilla 8,1,Md. Shafiqul Alam Helal,dt,Bangladesh Jamaat-e-Islami (Jamaat),dt=45091,Md. Shafiqul Alam Helal,"bss,ds,tbs",Bangladesh Jamaat-e-Islami (Jamaat),bss=45091; ds=45091; tbs=45091,1.00,name+party match (sim=1.00) [vote-boosted]
Cumilla 8,1,Md. Ali Asraf,ds,Bangladesh Samajtantrik Dal (Basad),ds=0,Md. Ali Ashraf,tbs,Bangladesh Samajtantrik Dal (Basad),tbs=160,0.96,name+party match (sim=0.96)
Cumilla 8,1,Md. Ali Ashraf,dt,Bangladesh Samajtantrik Dal (Basad),dt=160,Md. Ali Ashraf,"ds,tbs",Bangladesh Samajtantrik Dal (Basad),ds=0; tbs=160,1.00,name+party match (sim=1.00) [vote-boosted]
Cumilla 8,1,Zakaria Taher,ds,Bangladesh Nationalist Party (BNP),ds=169178,Zakaria Taher,tbs,Bangladesh Nationalist Party (BNP),tbs=169178,1.00,name+party match (sim=1.00) [vote-boosted]
Cumilla 8,1,Zakaria Taher,bss,Bangladesh Nationalist Party (BNP),bss=169178,Zakaria Taher,"ds,tbs",Bangladesh Nationalist Party (BNP),ds=169178; tbs=169178,1.00,name+party match (sim=1.00) [vote-boosted]
Cumilla 8,1,Zakaria Taher,dt,Bangladesh Nationalist Party (BNP),dt=169178,Zakaria Taher,"bss,ds,tbs",Bangladesh Nationalist Party (BNP),bss=169178; ds=169178; tbs=169178,1.00,name+party match (sim=1.00) [vote-boosted]
Cumilla 8,1,Md. Golam Shadek,ds,Islami Andolan Bangladesh (IAB),ds=0,Md. Golam Sadek,tbs,Islami Andolan Bangladesh (IAB),tbs=2276,0.97,name+party match (sim=0.97)
Cumilla 8,1,Md. Golam Sadek,dt,Islami Andolan Bangladesh (IAB),dt=2273,Md. Golam Shadek,"ds,tbs",Islami Andolan Bangladesh (IAB),ds=0; tbs=2276,0.97,name+party match (sim=0.97)
Cumilla 8,1,Abdul Kadir,ds,Islami Oikya Jote (IOJ),ds=0,Abdul Kader,tbs,Islami Oikya Jote (IOJ),tbs=279,1.00,name+party match (sim=1.00)
Cumilla 8,1,H. M. M. Irfan,dt,Jatiya Party (JaPa),dt=727,H. M. M. Erfan,ds,Jatiya Party (JaPa),ds=0,1.00,name+party match (sim=1.00)
Cumilla 8,2,Abdul Qader,dt,Bangladesh Islami Front (BIF),dt=279,Abdul Kader,"ds,tbs",Islami Oikya Jote (IOJ),ds=0; tbs=279,0.91,"name+votes match, party differs: Bangladesh Islami Front (BIF) → Islami Oikya Jote (IOJ)"
Cumilla 9,1,Md. Abul Kashem,ds,Independent Candidate (Independent),ds=0,Md. Abul Kashem,tbs,Independent Candidate (Independent),tbs=335,1.00,name+party match (sim=1.00)
Cumilla 9,1,Md. Abul Kashem,dt,Independent Candidate (Independent),dt=335,Md. Abul Kashem,"ds,tbs",Independent Candidate (Independent),ds=0; tbs=335,1.00,name+party match (sim=1.00) [vote-boosted]
Cumilla 9,1,Samira Hossain,ds,Independent Candidate (Independent),ds=0,Samira Azim,tbs,Independent Candidate (Independent),tbs=476,0.72,name+party match (sim=0.72)
Cumilla 9,1,Samira Azim,dt,Independent Candidate (Independent),dt=476,Samira Hossain,"ds,tbs",Independent Candidate (Independent),ds=0; tbs=476,0.72,name+party match (sim=0.72) [vote-boosted]
Cumilla 9,1,Md. Abu Bakar Siddeq,ds,Bangladesh Islami Front (BIF),ds=0,Md. Abu Bakr Siddiqui,tbs,Bangladesh Islami Front (BIF),tbs=3919,1.00,name+party match (sim=1.00)
Cumilla 9,1,Md. Abu Bakar Siddique,dt,Bangladesh Islami Front (BIF),dt=3919,Md. Abu Bakr Siddiqui,"ds,tbs",Bangladesh Islami Front (BIF),ds=0; tbs=3919,1.00,name+party match (sim=1.00) [vote-boosted]
Cumilla 9,1,Syed A. K. M. Sarowar Uddin Seddique,ds,Bangladesh Jamaat-e-Islami (Jamaat),ds=118961,Syed Akm Sarwar Uddin Siddiqui,tbs,Bangladesh Jamaat-e-Islami (Jamaat),tbs=118961,1.00,name+party match (sim=1.00) [vote-boosted]
Cumilla 9,1,Chayed AKM Sarwar Uddin Siddiqui,bss,Bangladesh Jamaat-e-Islami (Jamaat),bss=118961,Syed A. K. M. Sarowar Uddin Seddique,"ds,tbs",Bangladesh Jamaat-e-Islami (Jamaat),ds=118961; tbs=118961,0.91,name+party match (sim=0.91) [vote-boosted]
Cumilla 9,1,Syed A. K. M. Sarwar Uddin Siddiqui,dt,Bangladesh Jamaat-e-Islami (Jamaat),dt=118961,Syed A. K. M. Sarowar Uddin Seddique,"bss,ds,tbs",Bangladesh Jamaat-e-Islami (Jamaat),bss=118961; ds=118961; tbs=118961,1.00,name+party match (sim=1.00) [vote-boosted]
Cumilla 9,1,Salim Mahmud,ds,Islami Andolan Bangladesh (IAB),ds=0,Selim Mahmud,tbs,Islami Andolan Bangladesh (IAB),tbs=7626,1.00,name+party match (sim=1.00)
Cumilla 9,1,Selim Mahmud,dt,Islami Andolan Bangladesh (IAB),dt=7626,Selim Mahmud,"ds,tbs",Islami Andolan Bangladesh (IAB),ds=0; tbs=7626,1.00,name+party match (sim=1.00) [vote-boosted]
Cumilla 9,1,Md. Abul Kalam,ds,Bangladesh Nationalist Party (BNP),ds=170008,Md. Abul Kalam,tbs,Bangladesh Nationalist Party (BNP),tbs=170008,1.00,name+party match (sim=1.00) [vote-boosted]
Cumilla 9,1,Md. Abul Kalam,bss,Bangladesh Nationalist Party (BNP),bss=170008,Md. Abul Kalam,"ds,tbs",Bangladesh Nationalist Party (BNP),ds=170008; tbs=170008,1.00,name+party match (sim=1.00) [vote-boosted]
Cumilla 9,1,Md. Abul Kalam,dt,Bangladesh Nationalist Party (BNP),dt=170008,Md. Abul Kalam,"bss,ds,tbs",Bangladesh Nationalist Party (BNP),bss=170008; ds=170008; tbs=170008,1.00,name+party match (sim=1.00) [vote-boosted]
Cumilla 9,1,Md. Golam Mostafa Kamal,ds,Jatiya Party (JaPa),ds=0,Md. Golam Mustafa Kamal,tbs,Jatiya Party (JaPa),tbs=1216,1.00,name+party match (sim=1.00)
Cumilla 9,1,Md. Golam Mostafa Kamal,dt,Jatiya Party (JaPa),dt=1216,Md. Golam Mustafa Kamal,"ds,tbs",Jatiya Party (JaPa),ds=0; tbs=1216,1.00,name+party match (sim=1.00) [vote-boosted]
Cumilla 9,1,Md. Mizanur Rahman Chowdhury,ds,Bangladesh Sangskritik Muktijote (BSM),ds=0,Md. Mizanur Rahman Chowdhury,tbs,Bangladesh Sangskritik Muktijote (BSM),tbs=124,1.00,name+party match (sim=1.00)
Cumilla 9,1,Md. Mizanur Rahman Chowdhury,dt,Bangladesh Sangskritik Muktijote (BSM),dt=124,Md. Mizanur Rahman Chowdhury,"ds,tbs",Bangladesh Sangskritik Muktijote (BSM),ds=0; tbs=124,1.00,name+party match (sim=1.00) [vote-boosted]
Dhaka 1,1,Md. Nasir Uddin Molla,ds,Jatiya Party (JaPa),ds=0,Md. Nasir Uddin Molla,tbs,Jatiya Party (JaPa),tbs=1362,1.00,name+party match (sim=1.00)
Dhaka 1,1,Md. Nasir Uddin Molla,dt,Jatiya Party (JaPa),dt=1362,Md. Nasir Uddin Molla,"ds,tbs",Jatiya Party (JaPa),ds=0; tbs=1362,1.00,name+party match (sim=1.00) [vote-boosted]
Dhaka 1,1,Md. Nazrul Islam,ds,Bangladesh Jamaat-e-Islami (Jamaat),ds=112622,Md. Nazrul Islam,tbs,Bangladesh Jamaat-e-Islami (Jamaat),tbs=112622,1.00,name+party match (sim=1.00) [vote-boosted]
Dhaka 1,1,Mohammad Nazrul Islam,bss,Bangladesh Jamaat-e-Islami (Jamaat),bss=112622,Md. Nazrul Islam,"ds,tbs",Bangladesh Jamaat-e-Islami (Jamaat),ds=112622; tbs=112622,1.00,name+party match (sim=1.00) [vote-boosted]
Dhaka 1,1,Mohammad Nazrul Islam,dt,Bangladesh Jamaat-e-Islami (Jamaat),dt=112622,Mohammad Nazrul Islam,"bss,ds,tbs",Bangladesh Jamaat-e-Islami (Jamaat),bss=112622; ds=112622; tbs=112622,1.00,name+party match (sim=1.00) [vote-boosted]
Dhaka 1,1,Khondaker Abu Ashfaque,ds,Bangladesh Nationalist Party (BNP),ds=173781,Khondoker Abu Ashfaq,tbs,Bangladesh Nationalist Party (BNP),tbs=173781,1.00,name+party match (sim=1.00) [vote-boosted]
Dhaka 1,1,Khondkar Abu Ashfaq,bss,Bangladesh Nationalist Party (BNP),bss=173781,Khondaker Abu Ashfaque,"ds,tbs",Bangladesh Nationalist Party (BNP),ds=173781; tbs=173781,1.00,name+party match (sim=1.00) [vote-boosted]
Dhaka 1,1,Khandaker Abu Ashfaq,dt,Bangladesh Nationalist Party (BNP),dt=173781,Khondaker Abu Ashfaque,"bss,ds,tbs",Bangladesh Nationalist Party (BNP),bss=173781; ds=173781; tbs=173781,1.00,name+party match (sim=1.00) [vote-boosted]
Dhaka 1,1,Nurul Islam,ds,Islami Andolan Bangladesh (IAB),ds=0,Nurul Islam,tbs,Islami Andolan Bangladesh (IAB),tbs=6607,1.00,name+party match (sim=1.00)
Dhaka 1,1,Nurul Islam,dt,Islami Andolan Bangladesh (IAB),dt=6607,Nurul Islam,"ds,tbs",Islami Andolan Bangladesh (IAB),ds=0; tbs=6607,1.00,name+party match (sim=1.00) [vote-boosted]
Dhaka 1,1,Antara Selima Huda,ds,Independent Candidate (Independent),ds=0,Antara Selima Huda,tbs,Independent Candidate (Independent),tbs=4880,1.00,name+party match (sim=1.00)
Dhaka 1,1,Antara Selima Huda,dt,Independent Candidate (Independent),dt=4880,Antara Selima Huda,"ds,tbs",Independent Candidate (Independent),ds=0; tbs=4880,1.00,name+party match (sim=1.00) [vote-boosted]
Dhaka 1,1,Shakh Mohammed Ali,ds,Bangladesh Labour Party,ds=0,Sheikh Md. Ali,tbs,Bangladesh Labour Party,tbs=271,0.82,name+party match (sim=0.82)
Dhaka 1,1,Sheikh Md. Ali,dt,Bangladesh Labour Party,dt=271,Shakh Mohammed Ali,"ds,tbs",Bangladesh Labour Party,ds=0; tbs=271,0.82,name+party match (sim=0.82) [vote-boosted]
Dhaka 10,1,Md. Jashim Uddin Sarker,ds,Bangladesh Jamaat-e-Islami (Jamaat),ds=77136,Md. Jasim Uddin Sarkar,tbs,Bangladesh Jamaat-e-Islami (Jamaat),tbs=77136,0.96,name+party match (sim=0.96) [vote-boosted]
Dhaka 10,1,Md. Jasim Uddin Sarkar,bss,Bangladesh Jamaat-e-Islami (Jamaat),bss=77136,Md. Jashim Uddin Sarker,"ds,tbs",Bangladesh Jamaat-e-Islami (Jamaat),ds=77136; tbs=77136,0.96,name+party match (sim=0.96) [vote-boosted]
Dhaka 10,1,Md. Jasim Uddin Sarkar,dt,Bangladesh Jamaat-e-Islami (Jamaat),dt=74773,Md. Jashim Uddin Sarker,"bss,ds,tbs",Bangladesh Jamaat-e-Islami (Jamaat),bss=77136; ds=77136; tbs=77136,0.96,name+party match (sim=0.96)
Dhaka 10,1,Shaikh Rabiul Alam,ds,Bangladesh Nationalist Party (BNP),ds=80436,Sheikh Rabiul Alam,tbs,Bangladesh Nationalist Party (BNP),tbs=80436,1.00,name+party match (sim=1.00) [vote-boosted]
Dhaka 10,1,Sheikh Rabiul Alam,bss,Bangladesh Nationalist Party (BNP),bss=80436,Sheikh Rabiul Alam,"ds,tbs",Bangladesh Nationalist Party (BNP),ds=80436; tbs=80436,1.00,name+party match (sim=1.00) [vote-boosted]
Dhaka 10,1,Sheikh Rabiul Alam,dt,Bangladesh Nationalist Party (BNP),dt=79035,Sheikh Rabiul Alam,"bss,ds,tbs",Bangladesh Nationalist Party (BNP),bss=80436; ds=80436; tbs=80436,1.00,name+party match (sim=1.00)
Dhaka 10,1,Abul Kalam Azad,dt,Bangladesh Labour Party,dt=0,Abul Kalam Azad,ds,Bangladesh Labour Party,ds=0,1.00,name+party match (sim=1.00)
Dhaka 10,1,Bahni Bepari,dt,Jatiya Party (JaPa),dt=0,Banhi Bepari,ds,Jatiya Party (JaPa),ds=0,0.92,name+party match (sim=0.92)
Dhaka 10,1,Md. A. Awal,dt,Islami Andolan Bangladesh (IAB),dt=0,Md. Abdul Awal,ds,Islami Andolan Bangladesh (IAB),ds=0,0.80,name+party match (sim=0.80)
Dhaka 10,1,Md. Abu Hanif Hridoy,dt,Bangladesh Republican Party (BRP),dt=0,Md. Abu Hanif Redoy,ds,Bangladesh Republican Party (BRP),ds=0,0.95,name+party match (sim=0.95)
Dhaka 10,1,Md. Anichur Rahman,dt,Bangladesh Sangskritik Muktijote (BSM),dt=0,Md. Anisur Rahman,ds,Bangladesh Sangskritik Muktijote (BSM),ds=0,0.91,name+party match (sim=0.91)
Dhaka 10,1,Nasreen Sultana,dt,Amar Bangladesh Party (AB),dt=0,Nasreen Sultana,ds,Amar Bangladesh Party (AB),ds=0,1.00,name+party match (sim=1.00)
Dhaka 11,1,M. A. Quayum,ds,Bangladesh Nationalist Party (BNP),ds=91833,M. A. Quayum,tbs,Bangladesh Nationalist Party (BNP),tbs=91833,1.00,name+party match (sim=1.00) [vote-boosted]
Dhaka 11,1,"M, A, Qayyum",bss,Bangladesh Nationalist Party (BNP),bss=91833,M. A. Quayum,"ds,tbs",Bangladesh Nationalist Party (BNP),ds=91833; tbs=91833,0.89,name+party match (sim=0.89) [vote-boosted]
Dhaka 11,1,M. A. Qayyum,dt,Bangladesh Nationalist Party (BNP),dt=91833,M. A. Quayum,"bss,ds,tbs",Bangladesh Nationalist Party (BNP),bss=91833; ds=91833; tbs=91833,0.92,name+party match (sim=0.92) [vote-boosted]
Dhaka 11,1,Kazi Md. Shahidullah,ds,Bangladesh Sangskritik Muktijote (BSM),ds=0,Kazi Md. Shahidullah,tbs,Bangladesh Sangskritik Muktijote (BSM),tbs=196,1.00,name+party match (sim=1.00)
Dhaka 11,1,Kazi Md. Shahidullah,dt,Bangladesh Sangskritik Muktijote (BSM),dt=196,Kazi Md. Shahidullah,"ds,tbs",Bangladesh Sangskritik Muktijote (BSM),ds=0; tbs=196,1.00,name+party match (sim=1.00) [vote-boosted]
Dhaka 11,1,Md. Abdul Kader,ds,Gono Forum (GF),ds=0,Md. Abdul Kader,tbs,Gono Forum (GF),tbs=130,1.00,name+party match (sim=1.00)
Dhaka 11,1,Md. Abdul Qader,dt,Gono Forum (GF),dt=130,Md. Abdul Kader,"ds,tbs",Gono Forum (GF),ds=0; tbs=130,0.93,name+party match (sim=0.93) [vote-boosted]
Dhaka 11,1,Md. Arifur Rahman,ds,Gono Odhikar Parishad (GOP),ds=0,Md. Arifur Rahman,tbs,Gono Odhikar Parishad (GOP),tbs=81,1.00,name+party match (sim=1.00)
Dhaka 11,1,Md. Arifur Rahman,dt,Gono Odhikar Parishad (GOP),dt=81,Md. Arifur Rahman,"ds,tbs",Gono Odhikar Parishad (GOP),ds=0; tbs=81,1.00,name+party match (sim=1.00) [vote-boosted]
Dhaka 11,1,Md. Zakir Hossain,ds,Bangladesh Republican Party (BRP),ds=0,Md. Zakir Hossain,tbs,Bangladesh Republican Party (BRP),tbs=283,1.00,name+party match (sim=1.00)
Dhaka 11,1,Md. Zakir Hossain,dt,Bangladesh Republican Party (BRP),dt=283,Md. Zakir Hossain,"ds,tbs",Bangladesh Republican Party (BRP),ds=0; tbs=283,1.00,name+party match (sim=1.00) [vote-boosted]
Dhaka 11,1,Md. Nahid Islam,ds,National Citizen Party (NCP),ds=93872,Md. Nahid Islam,tbs,National Citizen Party (NCP),tbs=93872,1.00,name+party match (sim=1.00) [vote-boosted]
Dhaka 11,1,Md. Nahid Islam,bss,National Citizen Party (NCP),bss=93872,Md. Nahid Islam,"ds,tbs",National Citizen Party (NCP),ds=93872; tbs=93872,1.00,name+party match (sim=1.00) [vote-boosted]
Dhaka 11,1,Md. Nahid Islam,dt,National Citizen Party (NCP),dt=93872,Md. Nahid Islam,"bss,ds,tbs",National Citizen Party (NCP),bss=93872; ds=93872; tbs=93872,1.00,name+party match (sim=1.00) [vote-boosted]
Dhaka 11,1,Md. Mizanur Rahman,ds,National People's Party (NPP),ds=0,Md. Mizanur Rahman,tbs,National People's Party (NPP),tbs=241,1.00,name+party match (sim=1.00)
Dhaka 11,1,Md. Mizanur Rahman,dt,National People's Party (NPP),dt=241,Md. Mizanur Rahman,"ds,tbs",National People's Party (NPP),ds=0; tbs=241,1.00,name+party match (sim=1.00) [vote-boosted]
Dhaka 11,1,Shameem Ahmed,ds,Jatiya Party (JaPa),ds=0,Shamim Ahmed,tbs,Jatiya Party (JaPa),tbs=1048,1.00,name+party match (sim=1.00)
Dhaka 11,1,Shamim Ahmed,dt,Jatiya Party (JaPa),dt=1048,Shameem Ahmed,"ds,tbs",Jatiya Party (JaPa),ds=0; tbs=1048,1.00,name+party match (sim=1.00) [vote-boosted]
Dhaka 11,1,Shake Md. Fazlay Bari Masud,ds,Islami Andolan Bangladesh (IAB),ds=0,Sheikh Md. Fazle Bari Masud,tbs,Islami Andolan Bangladesh (IAB),tbs=4375,0.93,name+party match (sim=0.93)
Dhaka 11,1,Sheikh Md. Fazle Bari Masud,dt,Islami Andolan Bangladesh (IAB),dt=4375,Sheikh Md. Fazle Bari Masud,"ds,tbs",Islami Andolan Bangladesh (IAB),ds=0; tbs=4375,1.00,name+party match (sim=1.00) [vote-boosted]
Dhaka 11,1,Kohinoor Akter Bithi,ds,Independent Candidate (Independent),ds=0,Kohinoor Akhter Bithi,tbs,Independent Candidate (Independent),tbs=794,1.00,name+party match (sim=1.00)
Dhaka 11,1,Kohinur Akter Bithi,dt,Independent Candidate (Independent),dt=794,Kohinoor Akhter Bithi,"ds,tbs",Independent Candidate (Independent),ds=0; tbs=794,1.00,name+party match (sim=1.00) [vote-boosted]
Dhaka 12,1,Abul Bashar Chowdhury,ds,Gono Odhikar Parishad (GOP),ds=0,Abul Bashar Chowdhury,tbs,Gono Odhikar Parishad (GOP),tbs=115,1.00,name+party match (sim=1.00)
Dhaka 12,1,Abul Bashar Chowdhury,dt,Gono Odhikar Parishad (GOP),dt=115,Abul Bashar Chowdhury,"ds,tbs",Gono Odhikar Parishad (GOP),ds=0; tbs=115,1.00,name+party match (sim=1.00) [vote-boosted]
Dhaka 12,1,Kallol Banik,ds,Communist Party of Bangladesh (CPB),ds=0,Kallol Banik,tbs,Communist Party of Bangladesh (CPB),tbs=453,1.00,name+party match (sim=1.00)
Dhaka 12,1,Kallol Banik,dt,Communist Party of Bangladesh (CPB),dt=453,Kallol Banik,"ds,tbs",Communist Party of Bangladesh (CPB),ds=0; tbs=453,1.00,name+party match (sim=1.00) [vote-boosted]
Dhaka 12,1,Taslima Akhter,ds,Ganosanhati Andolan (GSA),ds=0,Taslima Akhter,tbs,Ganosanhati Andolan (GSA),tbs=1511,1.00,name+party match (sim=1.00)
Dhaka 12,1,Taslima Akhter,dt,Ganosanhati Andolan (GSA),dt=1511,Taslima Akhter,"ds,tbs",Ganosanhati Andolan (GSA),ds=0; tbs=1511,1.00,name+party match (sim=1.00) [vote-boosted]
Dhaka 12,1,Farid Ahmed,ds,Janotar Dol,ds=0,Farid Ahmed,tbs,Janotar Dol,tbs=175,1.00,name+party match (sim=1.00)
Dhaka 12,1,Farid Ahmed,dt,Janotar Dol,dt=175,Farid Ahmed,"ds,tbs",Janotar Dol,ds=0; tbs=175,1.00,name+party match (sim=1.00) [vote-boosted]
Dhaka 12,1,Mahamudul Hasan,ds,Islami Andolan Bangladesh (IAB),ds=0,Mahmudul Hasan,tbs,Islami Andolan Bangladesh (IAB),tbs=2058,1.00,name+party match (sim=1.00)
Dhaka 12,1,Mahmudul Hasan,dt,Islami Andolan Bangladesh (IAB),dt=2058,Mahamudul Hasan,"ds,tbs",Islami Andolan Bangladesh (IAB),ds=0; tbs=2058,1.00,name+party match (sim=1.00) [vote-boosted]
Dhaka 12,1,Muntasir Mahmud,ds,Bangladesh Sangskritik Muktijote (BSM),ds=0,Muntasir Mahmud,tbs,Bangladesh Sangskritik Muktijote (BSM),tbs=115,1.00,name+party match (sim=1.00)
Dhaka 12,1,Muntasir Mahmud,dt,Bangladesh Sangskritik Muktijote (BSM),dt=115,Muntasir Mahmud,"ds,tbs",Bangladesh Sangskritik Muktijote (BSM),ds=0; tbs=115,1.00,name+party match (sim=1.00) [vote-boosted]
Dhaka 12,1,Md. Shahjalal,ds,Bangladesh Islami Front (BIF),ds=0,Md. Shahjalal,tbs,Bangladesh Islami Front (BIF),tbs=184,1.00,name+party match (sim=1.00)
Dhaka 12,1,Mohammad Shahjalal,dt,Bangladesh Islami Front (BIF),dt=184,Md. Shahjalal,"ds,tbs",Bangladesh Islami Front (BIF),ds=0; tbs=184,1.00,name+party match (sim=1.00) [vote-boosted]
Dhaka 12,1,Md. Tarek Rahman,ds,Amjanatar Dol,ds=0,Md. Tarek Rahman,tbs,Amjanatar Dol,tbs=1044,1.00,name+party match (sim=1.00)
Dhaka 12,1,Md. Tarek Rahman,dt,Amjanatar Dol,dt=1044,Md. Tarek Rahman,"ds,tbs",Amjanatar Dol,ds=0; tbs=1044,1.00,name+party match (sim=1.00) [vote-boosted]
Dhaka 12,1,Md. Saiful Alam,ds,Bangladesh Jamaat-e-Islami (Jamaat),ds=53773,Md. Saiful Alam,tbs,Bangladesh Jamaat-e-Islami (Jamaat),tbs=53773,1.00,name+party match (sim=1.00) [vote-boosted]
Dhaka 12,1,Md. Saiful Alam,bss,Bangladesh Jamaat-e-Islami (Jamaat),bss=53773,Md. Saiful Alam,"ds,tbs",Bangladesh Jamaat-e-Islami (Jamaat),ds=53773; tbs=53773,1.00,name+party match (sim=1.00) [vote-boosted]
Dhaka 12,1,Md. Saiful Alam,dt,Bangladesh Jamaat-e-Islami (Jamaat),dt=9741,Md. Saiful Alam,"bss,ds,tbs",Bangladesh Jamaat-e-Islami (Jamaat),bss=53773; ds=53773; tbs=53773,1.00,name+party match (sim=1.00)
Dhaka 12,1,Saiful Haq,ds,Revolutionary Workers Party of Bangladesh (RWPB),ds=30963,Saiful Huq,tbs,Revolutionary Workers Party of Bangladesh (RWPB),tbs=30963,1.00,name+party match (sim=1.00) [vote-boosted]
Dhaka 12,1,Saiful Haque,bss,Revolutionary Workers Party of Bangladesh (RWPB),bss=30963,Saiful Huq,"ds,tbs",Revolutionary Workers Party of Bangladesh (RWPB),ds=30963; tbs=30963,1.00,name+party match (sim=1.00) [vote-boosted]
Dhaka 12,1,Saiful Haque,dt,Revolutionary Workers Party of Bangladesh (RWPB),dt=30963,Saiful Haque,"bss,ds,tbs",Revolutionary Workers Party of Bangladesh (RWPB),bss=30963; ds=30963; tbs=30963,1.00,name+party match (sim=1.00) [vote-boosted]
Dhaka 12,1,Saiful Alam Nirob,ds,Independent Candidate (Independent),ds=0,Saiful Alam Nirob,tbs,Independent Candidate (Independent),tbs=29869,1.00,name+party match (sim=1.00)
Dhaka 12,1,Saiful Alam Nirab,dt,Independent Candidate (Independent),dt=29869,Saiful Alam Nirob,"ds,tbs",Independent Candidate (Independent),ds=0; tbs=29869,1.00,name+party match (sim=1.00) [vote-boosted]
Dhaka 12,1,Mominul Amin,ds,Nationalist Democratic Movement (NDM),ds=0,Mominul Amin,tbs,Nationalist Democratic Movement (NDM),tbs=58,1.00,name+party match (sim=1.00)
Dhaka 12,1,Mominul Amin,dt,Nationalist Democratic Movement (NDM),dt=58,Mominul Amin,"ds,tbs",Nationalist Democratic Movement (NDM),ds=0; tbs=58,1.00,name+party match (sim=1.00) [vote-boosted]
Dhaka 12,1,Sarker Md. Salahuddin,ds,Jatiya Party (JaPa),ds=0,Sarkar Md. Salahuddin,tbs,Jatiya Party (JaPa),tbs=1770,1.00,name+party match (sim=1.00)
Dhaka 12,1,Sarkar Mohammad Salauddin,dt,Jatiya Party (JaPa),dt=1770,Sarkar Md. Salahuddin,"ds,tbs",Jatiya Party (JaPa),ds=0; tbs=1770,1.00,name+party match (sim=1.00) [vote-boosted]
Dhaka 12,1,Mst. Salma Akhter,ds,Insaniyat Biplob Bangladesh (IBB),ds=0,Mst. Salma Akter,tbs,Insaniyat Biplob Bangladesh (IBB),tbs=133,1.00,name+party match (sim=1.00)
Dhaka 12,1,Mosammat Salma Akter,dt,Insaniyat Biplob Bangladesh (IBB),dt=133,Mst. Salma Akhter,"ds,tbs",Insaniyat Biplob Bangladesh (IBB),ds=0; tbs=133,1.00,name+party match (sim=1.00) [vote-boosted]
Dhaka 12,1,Md. Nayem Hasan,ds,Bangladesh Jatiya Party (BJP),ds=0,Md. Naeem Hasan,tbs,Bangladesh Jatiya Party (BJP),tbs=47,0.93,name+party match (sim=0.93)
Dhaka 12,1,Mohammad Naim Hasan,dt,Bangladesh Jatiya Party (BJP),dt=47,Md. Naeem Hasan,"ds,tbs",Bangladesh Jatiya Party (BJP),ds=0; tbs=47,1.00,name+party match (sim=1.00) [vote-boosted]
Dhaka 13,1,Mizanur Rahman,ds,Gono Odhikar Parishad (GOP),ds=0,Mizanur Rahman,tbs,Gono Odhikar Parishad (GOP),tbs=336,1.00,name+party match (sim=1.00)
Dhaka 13,1,Mizanur Rahman,dt,Gono Odhikar Parishad (GOP),dt=336,Mizanur Rahman,"ds,tbs",Gono Odhikar Parishad (GOP),ds=0; tbs=336,1.00,name+party match (sim=1.00) [vote-boosted]
Dhaka 13,1,Sohel Rana,ds,Independent Candidate (Independent),ds=0,Sohel Rana,tbs,Independent Candidate (Independent),tbs=711,1.00,name+party match (sim=1.00)
Dhaka 13,1,Sohel Rana,dt,Independent Candidate (Independent),dt=711,Sohel Rana,"ds,tbs",Independent Candidate (Independent),ds=0; tbs=711,1.00,name+party match (sim=1.00) [vote-boosted]
Dhaka 13,1,Md. Shahabuddin,ds,Bangladesh Minority Janata Party (BMJP),ds=0,Md. Shahabuddin,tbs,Bangladesh Minority Janata Party (BMJP),tbs=331,1.00,name+party match (sim=1.00)
Dhaka 13,1,Md. Shahabuddin,dt,Bangladesh Minority Janata Party (BMJP),dt=331,Md. Shahabuddin,"ds,tbs",Bangladesh Minority Janata Party (BMJP),ds=0; tbs=331,1.00,name+party match (sim=1.00) [vote-boosted]
Dhaka 13,1,Md. Khalequzzaman,ds,Bangladesh Samajtantrik Dal (Basad),ds=0,Md. Khalekuzzaman,tbs,Bangladesh Samajtantrik Dal (Basad),tbs=486,0.94,name+party match (sim=0.94)
Dhaka 13,1,Md. Khalekuzzaman,dt,Bangladesh Samajtantrik Dal (Basad),dt=486,Md. Khalekuzzaman,"ds,tbs",Bangladesh Samajtantrik Dal (Basad),ds=0; tbs=486,1.00,name+party match (sim=1.00) [vote-boosted]
Dhaka 13,1,Md. Mamunul Haque,ds,Khelafat Majlis,ds=86067,Md. Mamunul Haque,tbs,Khelafat Majlis,tbs=86067,1.00,name+party match (sim=1.00) [vote-boosted]
Dhaka 13,1,Md. Mamunul Haque,bss,Khelafat Majlis,bss=86067,Md. Mamunul Haque,"ds,tbs",Khelafat Majlis,ds=86067; tbs=86067,1.00,name+party match (sim=1.00) [vote-boosted]
Dhaka 13,1,Md. Mamunul Haque,dt,Khelafat Majlis,dt=86067,Md. Mamunul Haque,"bss,ds,tbs",Khelafat Majlis,bss=86067; ds=86067; tbs=86067,1.00,name+party match (sim=1.00) [vote-boosted]
Dhaka 13,1,Bobby Hajjaj,ds,Bangladesh Nationalist Party (BNP),ds=88387,Bobby Hajjaj,tbs,Bangladesh Nationalist Party (BNP),tbs=88387,1.00,name+party match (sim=1.00) [vote-boosted]
Dhaka 13,1,Bobby Hajjaz,bss,Bangladesh Nationalist Party (BNP),bss=88387,Bobby Hajjaj,"ds,tbs",Bangladesh Nationalist Party (BNP),ds=88387; tbs=88387,0.92,name+party match (sim=0.92) [vote-boosted]
Dhaka 13,1,Bobby Hajjaj,dt,Bangladesh Nationalist Party (BNP),dt=88387,Bobby Hajjaj,"bss,ds,tbs",Bangladesh Nationalist Party (BNP),bss=88387; ds=88387; tbs=88387,1.00,name+party match (sim=1.00) [vote-boosted]
Dhaka 13,1,Shahriar Iftekhar,ds,Bangladesh Muslim League (BML),ds=0,Shahriar Iftekhar,tbs,Bangladesh Muslim League (BML),tbs=464,1.00,name+party match (sim=1.00)
Dhaka 13,1,Shahriar Iftekhar,dt,Bangladesh Muslim League (BML),dt=464,Shahriar Iftekhar,"ds,tbs",Bangladesh Muslim League (BML),ds=0; tbs=464,1.00,name+party match (sim=1.00) [vote-boosted]
Dhaka 13,1,Fatema Akhter Monia,ds,Insaniyat Biplob Bangladesh (IBB),ds=0,Fatema Akter Munia,tbs,Insaniyat Biplob Bangladesh (IBB),tbs=513,1.00,name+party match (sim=1.00)
Dhaka 13,1,Fatema Akter Munia,dt,Insaniyat Biplob Bangladesh (IBB),dt=513,Fatema Akhter Monia,"ds,tbs",Insaniyat Biplob Bangladesh (IBB),ds=0; tbs=513,1.00,name+party match (sim=1.00) [vote-boosted]
Dhaka 13,1,Sheikh Md. Rabiul Islam,ds,Independent Candidate (Independent),ds=0,Sheikh Md. Robiul Islam,tbs,Independent Candidate (Independent),tbs=972,1.00,name+party match (sim=1.00)
Dhaka 13,1,Sheikh Md. Rabiul Islam,dt,Independent Candidate (Independent),dt=972,Sheikh Md. Robiul Islam,"ds,tbs",Independent Candidate (Independent),ds=0; tbs=972,1.00,name+party match (sim=1.00) [vote-boosted]
Dhaka 14,1,Nurul Amin,ds,Jatiya Samajtantrik Dal (JSD),ds=0,Nurul Amin,tbs,Jatiya Samajtantrik Dal (JSD),tbs=219,1.00,name+party match (sim=1.00)
Dhaka 14,1,Nurul Amin,dt,Jatiya Samajtantrik Dal (JSD),dt=219,Nurul Amin,"ds,tbs",Jatiya Samajtantrik Dal (JSD),ds=0; tbs=219,1.00,name+party match (sim=1.00) [vote-boosted]
Dhaka 14,1,Mir Ahmad Binqasem,ds,Bangladesh Jamaat-e-Islami (Jamaat),ds=101113,Mir Ahmad Bin Quasem,tbs,Bangladesh Jamaat-e-Islami (Jamaat),tbs=101113,1.00,name+party match (sim=1.00) [vote-boosted]
Dhaka 14,1,Mir Ahmad Binkasem,bss,Bangladesh Jamaat-e-Islami (Jamaat),bss=101113,Mir Ahmad Bin Quasem,"ds,tbs",Bangladesh Jamaat-e-Islami (Jamaat),ds=101113; tbs=101113,0.90,name+party match (sim=0.90) [vote-boosted]
Dhaka 14,1,Mir Ahmad Bin Qasem,dt,Bangladesh Jamaat-e-Islami (Jamaat),dt=101113,Mir Ahmad Bin Quasem,"bss,ds,tbs",Bangladesh Jamaat-e-Islami (Jamaat),bss=101113; ds=101113; tbs=101113,1.00,name+party match (sim=1.00) [vote-boosted]
Dhaka 14,1,Md. Moniruzzaman,ds,Amar Bangladesh Party (AB),ds=0,Md. Moniruzzaman,tbs,Amar Bangladesh Party (AB),tbs=138,1.00,name+party match (sim=1.00)
Dhaka 14,1,Mohammad Moniruzzaman,dt,Amar Bangladesh Party (AB),dt=138,Md. Moniruzzaman,"ds,tbs",Amar Bangladesh Party (AB),ds=0; tbs=138,1.00,name+party match (sim=1.00) [vote-boosted]
Dhaka 14,1,Md. Abu Yousuf,ds,Islami Andolan Bangladesh (IAB),ds=0,Md. Abu Yusuf,tbs,Islami Andolan Bangladesh (IAB),tbs=3760,1.00,name+party match (sim=1.00)
Dhaka 14,1,Md. Abu Yusuf,dt,Islami Andolan Bangladesh (IAB),dt=3760,Md. Abu Yousuf,"ds,tbs",Islami Andolan Bangladesh (IAB),ds=0; tbs=3760,1.00,name+party match (sim=1.00) [vote-boosted]
Dhaka 14,1,Md. Osman Ali,ds,Bangladesh Supreme Party (BSP),ds=0,Md. Osman Ali,tbs,Bangladesh Supreme Party (BSP),tbs=302,1.00,name+party match (sim=1.00)
Dhaka 14,1,Md. Osman Ali,dt,Bangladesh Supreme Party (BSP),dt=302,Md. Osman Ali,"ds,tbs",Bangladesh Supreme Party (BSP),ds=0; tbs=302,1.00,name+party match (sim=1.00) [vote-boosted]
Dhaka 14,1,Md. Jashim Uddin,ds,Gono Forum (GF),ds=0,Md. Jasim Uddin,tbs,Gono Forum (GF),tbs=79,0.97,name+party match (sim=0.97)
Dhaka 14,1,Md. Jasim Uddin,dt,Gono Forum (GF),dt=79,Md. Jashim Uddin,"ds,tbs",Gono Forum (GF),ds=0; tbs=79,0.97,name+party match (sim=0.97) [vote-boosted]
Dhaka 14,1,Md. Liton,ds,Bangladesh Republican Party (BRP),ds=0,Md. Liton,tbs,Bangladesh Republican Party (BRP),tbs=83,1.00,name+party match (sim=1.00)
Dhaka 14,1,Md. Liton,dt,Bangladesh Republican Party (BRP),dt=83,Md. Liton,"ds,tbs",Bangladesh Republican Party (BRP),ds=0; tbs=83,1.00,name+party match (sim=1.00) [vote-boosted]
Dhaka 14,1,Md. Helal Uddin,ds,Jatiya Party (JaPa),ds=0,Md. Helal Uddin,tbs,Jatiya Party (JaPa),tbs=857,1.00,name+party match (sim=1.00)
Dhaka 14,1,Md. Helal Uddin,dt,Jatiya Party (JaPa),dt=857,Md. Helal Uddin,"ds,tbs",Jatiya Party (JaPa),ds=0; tbs=857,1.00,name+party match (sim=1.00) [vote-boosted]
Dhaka 14,1,Sanjida Islam,ds,Bangladesh Nationalist Party (BNP),ds=83323,Sanjida Islam,tbs,Bangladesh Nationalist Party (BNP),tbs=83323,1.00,name+party match (sim=1.00) [vote-boosted]
Dhaka 14,1,Sanjida Islam,bss,Bangladesh Nationalist Party (BNP),bss=83323,Sanjida Islam,"ds,tbs",Bangladesh Nationalist Party (BNP),ds=83323; tbs=83323,1.00,name+party match (sim=1.00) [vote-boosted]
Dhaka 14,1,Sanzida Islam,dt,Bangladesh Nationalist Party (BNP),dt=83323,Sanjida Islam,"bss,ds,tbs",Bangladesh Nationalist Party (BNP),bss=83323; ds=83323; tbs=83323,0.92,name+party match (sim=0.92) [vote-boosted]
Dhaka 14,1,Syed Abu Bakar Siddiqui,ds,Independent Candidate (Independent),ds=0,Syed Abu Bakar Siddiqui,tbs,Independent Candidate (Independent),tbs=16328,1.00,name+party match (sim=1.00)
Dhaka 14,1,Syed Abu Bakar Siddique,dt,Independent Candidate (Independent),dt=16328,Syed Abu Bakar Siddiqui,"ds,tbs",Independent Candidate (Independent),ds=0; tbs=16328,1.00,name+party match (sim=1.00) [vote-boosted]
Dhaka 14,1,Reaz Uddin,ds,Communist Party of Bangladesh (CPB),ds=0,Riaz Uddin,tbs,Communist Party of Bangladesh (CPB),tbs=369,1.00,name+party match (sim=1.00)
Dhaka 14,1,Riyaz Uddin,dt,Communist Party of Bangladesh (CPB),dt=369,Riaz Uddin,"ds,tbs",Communist Party of Bangladesh (CPB),ds=0; tbs=369,0.95,name+party match (sim=0.95) [vote-boosted]
Dhaka 14,1,Md. Sohel Rana,ds,Bangladesh Liberal Democratic Party (LDP),ds=0,Md. Sohel Rana,tbs,Bangladesh Liberal Democratic Party (LDP),tbs=385,1.00,name+party match (sim=1.00)
Dhaka 14,1,Md. Sohel Rana,dt,Bangladesh Liberal Democratic Party (LDP),dt=385,Md. Sohel Rana,"ds,tbs",Bangladesh Liberal Democratic Party (LDP),ds=0; tbs=385,1.00,name+party match (sim=1.00) [vote-boosted]
Dhaka 15,1,Md. Shafiqur Rahman,ds,Bangladesh Jamaat-e-Islami (Jamaat),ds=85131,Md. Shafiqur Rahman,tbs,Bangladesh Jamaat-e-Islami (Jamaat),tbs=85131,1.00,name+party match (sim=1.00) [vote-boosted]
Dhaka 15,1,Md. Shafiqur Rahman,bss,Bangladesh Jamaat-e-Islami (Jamaat),bss=85131,Md. Shafiqur Rahman,"ds,tbs",Bangladesh Jamaat-e-Islami (Jamaat),ds=85131; tbs=85131,1.00,name+party match (sim=1.00) [vote-boosted]
Dhaka 15,1,Md. Shafiqul Rahman,dt,Bangladesh Jamaat-e-Islami (Jamaat),dt=85131,Md. Shafiqur Rahman,"bss,ds,tbs",Bangladesh Jamaat-e-Islami (Jamaat),bss=85131; ds=85131; tbs=85131,0.95,name+party match (sim=0.95) [vote-boosted]
Dhaka 15,1,Md. Shafiqul Islam Khan,ds,Bangladesh Nationalist Party (BNP),ds=63517,Md. Safiqul Islam Khan,tbs,Bangladesh Nationalist Party (BNP),tbs=63517,0.98,name+party match (sim=0.98) [vote-boosted]
Dhaka 15,1,Md. Shafiqul Islam Khan,bss,Bangladesh Nationalist Party (BNP),bss=63513,Md. Shafiqul Islam Khan,"ds,tbs",Bangladesh Nationalist Party (BNP),ds=63517; tbs=63517,1.00,name+party match (sim=1.00)
Dhaka 15,1,Md. Shafiqul Islam Khan,dt,Bangladesh Nationalist Party (BNP),dt=63517,Md. Shafiqul Islam Khan,"bss,ds,tbs",Bangladesh Nationalist Party (BNP),bss=63513; ds=63517; tbs=63517,1.00,name+party match (sim=1.00) [vote-boosted]
Dhaka 15,1,Md. Shamsul Haque,ds,Jatiya Party (JaPa),ds=0,Md. Shamsul Haque,tbs,Jatiya Party (JaPa),tbs=1421,1.00,name+party match (sim=1.00)
Dhaka 15,1,Md. Shamsul Haque,dt,Jatiya Party (JaPa),dt=1421,Md. Shamsul Haque,"ds,tbs",Jatiya Party (JaPa),ds=0; tbs=1421,1.00,name+party match (sim=1.00) [vote-boosted]
Dhaka 15,1,Mubarak Hossain,ds,Bangladesh Supreme Party (BSP),ds=0,Mubarak Hossain,tbs,Bangladesh Supreme Party (BSP),tbs=326,1.00,name+party match (sim=1.00)
Dhaka 15,1,Mobarak Hossain,dt,Bangladesh Supreme Party (BSP),dt=326,Mubarak Hossain,"ds,tbs",Bangladesh Supreme Party (BSP),ds=0; tbs=326,1.00,name+party match (sim=1.00) [vote-boosted]
Dhaka 15,1,Khan Shoeb Aman Ullah,ds,Janotar Dol,ds=0,Khan Shoaib Amanullah,tbs,Janotar Dol,tbs=378,1.00,name+party match (sim=1.00)
Dhaka 15,1,Khan Shoaib Aman Ullah,dt,Janotar Dol,dt=378,Khan Shoaib Amanullah,"ds,tbs",Janotar Dol,ds=0; tbs=378,1.00,name+party match (sim=1.00) [vote-boosted]
Dhaka 15,1,Md. Asfaqur Rahman,ds,Jatiya Samajtantrik Dal (JSD),ds=0,Md. Ashfaqur Rahman,tbs,Jatiya Samajtantrik Dal (JSD),tbs=210,0.97,name+party match (sim=0.97)
Dhaka 15,1,Md. Ashfaqur Rahman,dt,Jatiya Samajtantrik Dal (JSD),dt=210,Md. Ashfaqur Rahman,"ds,tbs",Jatiya Samajtantrik Dal (JSD),ds=0; tbs=210,1.00,name+party match (sim=1.00) [vote-boosted]
Dhaka 15,1,Ahmmad Sajedul Haq,ds,Communist Party of Bangladesh (CPB),ds=0,Ahmed Sajedul Haque,tbs,Communist Party of Bangladesh (CPB),tbs=796,0.95,name+party match (sim=0.95)
Dhaka 15,1,Ahmad Sajedul Haque,dt,Communist Party of Bangladesh (CPB),dt=796,Ahmed Sajedul Haque,"ds,tbs",Communist Party of Bangladesh (CPB),ds=0; tbs=796,1.00,name+party match (sim=1.00) [vote-boosted]
Dhaka 15,2,Md. Nilav Parvez,dt,Amjanatar Dol,dt=705,Md. Nilav Parvez,tbs,Communist Party of Bangladesh (CPB),tbs=705,1.00,"name+votes match, party differs: Amjanatar Dol → Communist Party of Bangladesh (CPB)"
Dhaka 16,1,Md. Sultan Ahmed Selim,ds,Jatiya Party (JaPa),ds=0,Md. Sultan Ahmed Selim,tbs,Jatiya Party (JaPa),tbs=1464,1.00,name+party match (sim=1.00)
Dhaka 16,1,Md. Sultan Ahmed Selim,dt,Jatiya Party (JaPa),dt=1464,Md. Sultan Ahmed Selim,"ds,tbs",Jatiya Party (JaPa),ds=0; tbs=1464,1.00,name+party match (sim=1.00) [vote-boosted]
Dhaka 16,1,Md. Aminul Haque,ds,Bangladesh Nationalist Party (BNP),ds=85467,Md. Aminul Huq,tbs,Bangladesh Nationalist Party (BNP),tbs=85467,1.00,name+party match (sim=1.00) [vote-boosted]
Dhaka 16,1,Md. Aminul Haque,bss,Bangladesh Nationalist Party (BNP),bss=85467,Md. Aminul Haque,"ds,tbs",Bangladesh Nationalist Party (BNP),ds=85467; tbs=85467,1.00,name+party match (sim=1.00) [vote-boosted]
Dhaka 16,1,Md. Aminul Haque,dt,Bangladesh Nationalist Party (BNP),dt=85467,Md. Aminul Haque,"bss,ds,tbs",Bangladesh Nationalist Party (BNP),bss=85467; ds=85467; tbs=85467,1.00,name+party match (sim=1.00) [vote-boosted]
Dhaka 16,1,Md. Abdul Baten,ds,Bangladesh Jamaat-e-Islami (Jamaat),ds=88828,Md. Abdul Baten,tbs,Bangladesh Jamaat-e-Islami (Jamaat),tbs=88828,1.00,name+party match (sim=1.00) [vote-boosted]
Dhaka 16,1,Md. Abdul Baten,bss,Bangladesh Jamaat-e-Islami (Jamaat),bss=88828,Md. Abdul Baten,"ds,tbs",Bangladesh Jamaat-e-Islami (Jamaat),ds=88828; tbs=88828,1.00,name+party match (sim=1.00) [vote-boosted]
Dhaka 16,1,Md. Abdul Baten,dt,Bangladesh Jamaat-e-Islami (Jamaat),dt=88828,Md. Abdul Baten,"bss,ds,tbs",Bangladesh Jamaat-e-Islami (Jamaat),bss=88828; ds=88828; tbs=88828,1.00,name+party match (sim=1.00) [vote-boosted]
Dhaka 16,1,Md. Saiful Islam,ds,Islami Andolan Bangladesh (IAB),ds=0,Md. Saiful Islam,tbs,Islami Andolan Bangladesh (IAB),tbs=3679,1.00,name+party match (sim=1.00)
Dhaka 16,1,Md. Saiful Islam,dt,Islami Andolan Bangladesh (IAB),dt=3679,Md. Saiful Islam,"ds,tbs",Islami Andolan Bangladesh (IAB),ds=0; tbs=3679,1.00,name+party match (sim=1.00) [vote-boosted]
Dhaka 16,1,Md. Tuhiduzzaman,ds,Bangladesh Khelafat Andolon (BKA),ds=0,Md. Touhiduzzaman,tbs,Bangladesh Khelafat Andolon (BKA),tbs=102,1.00,name+party match (sim=1.00)
Dhaka 16,1,Mohammad Touhiduzzaman,dt,Bangladesh Khelafat Andolon (BKA),dt=102,Md. Touhiduzzaman,"ds,tbs",Bangladesh Khelafat Andolon (BKA),ds=0; tbs=102,1.00,name+party match (sim=1.00) [vote-boosted]
Dhaka 16,1,Md. Abdul Quader Jilani,ds,Bangladesh Sangskritik Muktijote (BSM),ds=0,Md. Abdul Quader Jilani,tbs,Bangladesh Sangskritik Muktijote (BSM),tbs=142,1.00,name+party match (sim=1.00)
Dhaka 16,1,Md. Abdul Qader Jilani,dt,Bangladesh Sangskritik Muktijote (BSM),dt=142,Md. Abdul Quader Jilani,"ds,tbs",Bangladesh Sangskritik Muktijote (BSM),ds=0; tbs=142,1.00,name+party match (sim=1.00) [vote-boosted]
Dhaka 16,1,Md. Mamun Hossain,ds,Gono Odhikar Parishad (GOP),ds=0,Md. Mamun Hossain,tbs,Gono Odhikar Parishad (GOP),tbs=109,1.00,name+party match (sim=1.00)
Dhaka 16,1,Md. Mamun Hossain,dt,Gono Odhikar Parishad (GOP),dt=109,Md. Mamun Hossain,"ds,tbs",Gono Odhikar Parishad (GOP),ds=0; tbs=109,1.00,name+party match (sim=1.00) [vote-boosted]
Dhaka 16,1,Alhajj A. K. M. Moazzem Hossain,ds,Bangladesh Labour Party,ds=0,Alhajj A. K. M. Moazzem Hossain,tbs,Bangladesh Labour Party,tbs=494,1.00,name+party match (sim=1.00)
Dhaka 16,1,Alhajj A. K. M. Moyazzem Hossain,dt,Bangladesh Labour Party,dt=494,Alhajj A. K. M. Moazzem Hossain,"ds,tbs",Bangladesh Labour Party,ds=0; tbs=494,0.98,name+party match (sim=0.98) [vote-boosted]
Dhaka 16,1,Md. Tariqul Islam,ds,National People's Party (NPP),ds=0,Md. Tariqul Islam,tbs,National People's Party (NPP),tbs=167,1.00,name+party match (sim=1.00)
Dhaka 16,1,Md. Tarikul Islam,dt,National People's Party (NPP),dt=167,Md. Tariqul Islam,"ds,tbs",National People's Party (NPP),ds=0; tbs=167,0.94,name+party match (sim=0.94) [vote-boosted]
Dhaka 16,1,Md. Nazmul Haque,ds,Bangladesh Jatiya Party (BJP),ds=0,Md. Nazmul Haque,tbs,Bangladesh Jatiya Party (BJP),tbs=138,1.00,name+party match (sim=1.00)
Dhaka 16,1,Md. Nazmul Haque,dt,Bangladesh Jatiya Party (BJP),dt=138,Md. Nazmul Haque,"ds,tbs",Bangladesh Jatiya Party (BJP),ds=0; tbs=138,1.00,name+party match (sim=1.00) [vote-boosted]
Dhaka 16,1,Md. Rashidul Islam,ds,Socialist Party of Bangladesh (Marxist) (SPB-M),ds=0,Md. Rashidul Islam,tbs,Socialist Party of Bangladesh (Marxist) (SPB-M),tbs=209,1.00,name+party match (sim=1.00)
Dhaka 16,1,Md. Rashidul Islam,dt,Socialist Party of Bangladesh (Marxist) (SPB-M),dt=209,Md. Rashidul Islam,"ds,tbs",Socialist Party of Bangladesh (Marxist) (SPB-M),ds=0; tbs=209,1.00,name+party match (sim=1.00) [vote-boosted]
Dhaka 17,1,Tarique Rahman,ds,Bangladesh Nationalist Party (BNP),ds=72699,Tarique Rahman,tbs,Bangladesh Nationalist Party (BNP),tbs=72699,1.00,name+party match (sim=1.00) [vote-boosted]
Dhaka 17,1,Tariq Rahman,bss,Bangladesh Nationalist Party (BNP),bss=72699,Tarique Rahman,"ds,tbs",Bangladesh Nationalist Party (BNP),ds=72699; tbs=72699,1.00,name+party match (sim=1.00) [vote-boosted]
Dhaka 17,1,Tareq Rahman,dt,Bangladesh Nationalist Party (BNP),dt=72699,Tarique Rahman,"bss,ds,tbs",Bangladesh Nationalist Party (BNP),bss=72699; ds=72699; tbs=72699,1.00,name+party match (sim=1.00) [vote-boosted]
Dhaka 17,1,S. M. Khaliduzzaman,ds,Bangladesh Jamaat-e-Islami (Jamaat),ds=68300,S. M. Khalekuzzaman,tbs,Bangladesh Jamaat-e-Islami (Jamaat),tbs=68300,0.90,name+party match (sim=0.90) [vote-boosted]
Dhaka 17,1,S. M. Khaliduzzaman,bss,Bangladesh Jamaat-e-Islami (Jamaat),bss=68300,S. M. Khalekuzzaman,"ds,tbs",Bangladesh Jamaat-e-Islami (Jamaat),ds=68300; tbs=68300,0.90,name+party match (sim=0.90) [vote-boosted]
Dhaka 17,1,S. M. Khaliduzzaman,dt,Bangladesh Jamaat-e-Islami (Jamaat),dt=68300,S. M. Khalekuzzaman,"bss,ds,tbs",Bangladesh Jamaat-e-Islami (Jamaat),bss=68300; ds=68300; tbs=68300,0.90,name+party match (sim=0.90) [vote-boosted]
Dhaka 17,1,Atique Ahmed,ds,Jatiya Party (JaPa),ds=0,Atiq Ahmed,tbs,Jatiya Party (JaPa),tbs=1168,1.00,name+party match (sim=1.00)
Dhaka 17,1,Atik Ahmed,dt,Jatiya Party (JaPa),dt=1168,Atique Ahmed,"ds,tbs",Jatiya Party (JaPa),ds=0; tbs=1168,0.82,name+party match (sim=0.82) [vote-boosted]
Dhaka 17,1,Md. Ullah,ds,Islami Andolan Bangladesh (IAB),ds=0,Md. Ullah,tbs,Islami Andolan Bangladesh (IAB),tbs=1768,1.00,name+party match (sim=1.00)
Dhaka 17,1,Mohammad Ullah,dt,Islami Andolan Bangladesh (IAB),dt=1768,Md. Ullah,"ds,tbs",Islami Andolan Bangladesh (IAB),ds=0; tbs=1768,1.00,name+party match (sim=1.00) [vote-boosted]
Dhaka 17,1,Kamrul Hasan Nasim,ds,Bangladesh Jatiya Party (BJP),ds=0,Kamrul Hasan Nasim,tbs,Bangladesh Jatiya Party (BJP),tbs=92,1.00,name+party match (sim=1.00)
Dhaka 17,1,Kamrul Hasan Nasim,dt,Bangladesh Jatiya Party (BJP),dt=92,Kamrul Hasan Nasim,"ds,tbs",Bangladesh Jatiya Party (BJP),ds=0; tbs=92,1.00,name+party match (sim=1.00) [vote-boosted]
Dhaka 17,1,Monjur Humayun,ds,Insaniyat Biplob Bangladesh (IBB),ds=0,Manzoor Humayun,tbs,Insaniyat Biplob Bangladesh (IBB),tbs=80,0.88,name+party match (sim=0.88)
Dhaka 17,1,Manjur Humayun,dt,Insaniyat Biplob Bangladesh (IBB),dt=80,Manzoor Humayun,"ds,tbs",Insaniyat Biplob Bangladesh (IBB),ds=0; tbs=80,0.88,name+party match (sim=0.88) [vote-boosted]
Dhaka 17,1,Md. Anisuzzaman Khokon,ds,Independent Candidate (Independent),ds=0,Md. Anisuzzaman Khokon,tbs,Independent Candidate (Independent),tbs=111,1.00,name+party match (sim=1.00)
Dhaka 17,1,Md. Anisuzzaman Khokon,dt,Independent Candidate (Independent),dt=111,Md. Anisuzzaman Khokon,"ds,tbs",Independent Candidate (Independent),ds=0; tbs=111,1.00,name+party match (sim=1.00) [vote-boosted]
Dhaka 17,1,Tapu Raihan,ds,Jatiya Party (Manju) (JP–Manju),ds=0,Tapu Raihan,tbs,Jatiya Party (Manju) (JP–Manju),tbs=1041,1.00,name+party match (sim=1.00)
Dhaka 17,1,Kazi Enayet Ullah,ds,Independent Candidate (Independent),ds=0,Kazi Enayet Ullah,tbs,Independent Candidate (Independent),tbs=167,1.00,name+party match (sim=1.00)
Dhaka 17,1,Kazi Enayet Ullah,dt,Independent Candidate (Independent),dt=167,Kazi Enayet Ullah,"ds,tbs",Independent Candidate (Independent),ds=0; tbs=167,1.00,name+party match (sim=1.00) [vote-boosted]
Dhaka 17,1,Md. Shamim Ahmed,ds,Bangladesh Congress,ds=0,Md. Shamim Ahmed,tbs,Bangladesh Congress,tbs=130,1.00,name+party match (sim=1.00)
Dhaka 17,1,Md. Shamim Ahmed,dt,Bangladesh Congress,dt=130,Md. Shamim Ahmed,"ds,tbs",Bangladesh Congress,ds=0; tbs=130,1.00,name+party match (sim=1.00) [vote-boosted]
Dhaka 17,1,Md. Rashedul Haque,ds,Bangladesh Labour Party,ds=0,Md. Rashedul Haque,tbs,Bangladesh Labour Party,tbs=60,1.00,name+party match (sim=1.00)
Dhaka 17,1,Muhammad Rashidul Haque,dt,Bangladesh Labour Party,dt=60,Md. Rashedul Haque,"ds,tbs",Bangladesh Labour Party,ds=0; tbs=60,1.00,name+party match (sim=1.00) [vote-boosted]
Dhaka 17,1,Sm Abul Kalam Azad,ds,Bangladesh Nationalist Front (BNF),ds=0,S. M. Abul Kalam Azad,tbs,Bangladesh Nationalist Front (BNF),tbs=61,1.00,name+party match (sim=1.00)
Dhaka 17,1,S. M. Abul Kalam Azad,dt,Bangladesh Nationalist Front (BNF),dt=61,S. M. Abul Kalam Azad,"ds,tbs",Bangladesh Nationalist Front (BNF),ds=0; tbs=61,1.00,name+party match (sim=1.00) [vote-boosted]
Dhaka 17,2,Tapu Raihan,dt,Jatiya Party (JaPa),dt=1041,Tapu Raihan,"ds,tbs",Jatiya Party (Manju) (JP–Manju),ds=0; tbs=1041,1.00,"name+votes match, party differs: Jatiya Party (JaPa) → Jatiya Party (Manju) (JP–Manju)"
Dhaka 18,1,Ariful Islam,ds,National Citizen Party (NCP),ds=111297,Ariful Islam,tbs,National Citizen Party (NCP),tbs=111297,1.00,name+party match (sim=1.00) [vote-boosted]
Dhaka 18,1,Ariful Islam,bss,National Citizen Party (NCP),bss=111297,Ariful Islam,"ds,tbs",National Citizen Party (NCP),ds=111297; tbs=111297,1.00,name+party match (sim=1.00) [vote-boosted]
Dhaka 18,1,Ariful Islam,dt,National Citizen Party (NCP),dt=111297,Ariful Islam,"bss,ds,tbs",National Citizen Party (NCP),bss=111297; ds=111297; tbs=111297,1.00,name+party match (sim=1.00) [vote-boosted]
Dhaka 18,1,S. M. Jahangir Hossain,ds,Bangladesh Nationalist Party (BNP),ds=144715,S. M. Jahangir Hossain,tbs,Bangladesh Nationalist Party (BNP),tbs=144715,1.00,name+party match (sim=1.00) [vote-boosted]
Dhaka 18,1,"S, M, Jahangir Hossain",bss,Bangladesh Nationalist Party (BNP),bss=144715,S. M. Jahangir Hossain,"ds,tbs",Bangladesh Nationalist Party (BNP),ds=144715; tbs=144715,1.00,name+party match (sim=1.00) [vote-boosted]
Dhaka 18,1,S. M. Jahangir Hossain,dt,Bangladesh Nationalist Party (BNP),dt=144715,S. M. Jahangir Hossain,"bss,ds,tbs",Bangladesh Nationalist Party (BNP),bss=144715; ds=144715; tbs=144715,1.00,name+party match (sim=1.00) [vote-boosted]
Dhaka 18,1,Md. Anwar Hossain,ds,Islami Andolan Bangladesh (IAB),ds=0,Md. Anwar Hossain,tbs,Islami Andolan Bangladesh (IAB),tbs=4727,1.00,name+party match (sim=1.00)
Dhaka 18,1,Md. Anwar Hossain,dt,Islami Andolan Bangladesh (IAB),dt=4727,Md. Anwar Hossain,"ds,tbs",Islami Andolan Bangladesh (IAB),ds=0; tbs=4727,1.00,name+party match (sim=1.00) [vote-boosted]
Dhaka 18,1,Md. Jakir Hossain,ds,Jatiya Party (JaPa),ds=0,Md. Zakir Hossain,tbs,Jatiya Party (JaPa),tbs=2557,0.94,name+party match (sim=0.94)
Dhaka 18,1,Md. Zakir Hossain,dt,Jatiya Party (JaPa),dt=2557,Md. Zakir Hossain,"ds,tbs",Jatiya Party (JaPa),ds=0; tbs=2557,1.00,name+party match (sim=1.00) [vote-boosted]
Dhaka 18,1,Md. Mohiuddin Howlader,ds,Independent Candidate (Independent),ds=0,Md. Mohiuddin Howlader,tbs,Independent Candidate (Independent),tbs=3205,1.00,name+party match (sim=1.00)
Dhaka 18,1,Md. Mohiuddin Howladar,dt,Independent Candidate (Independent),dt=3205,Md. Mohiuddin Howlader,"ds,tbs",Independent Candidate (Independent),ds=0; tbs=3205,1.00,name+party match (sim=1.00) [vote-boosted]
Dhaka 18,1,Syed Harun Or Rashid,ds,Bangladesh Samajtantrik Dal (Basad),ds=0,Syed Harun Ur Rashid,tbs,Bangladesh Samajtantrik Dal (Basad),tbs=260,1.00,name+party match (sim=1.00)
Dhaka 18,1,Syed Harun-or-Rashid,dt,Bangladesh Samajtantrik Dal (Basad),dt=260,Syed Harun Ur Rashid,"ds,tbs",Bangladesh Samajtantrik Dal (Basad),ds=0; tbs=260,1.00,name+party match (sim=1.00) [vote-boosted]
Dhaka 18,1,Mrs. Sabina Javed,ds,National People's Party (NPP),ds=0,Mrs. Sabina Javed,tbs,National People's Party (NPP),tbs=301,1.00,name+party match (sim=1.00)
Dhaka 18,1,Mrs. Sabina Jabed,dt,National People's Party (NPP),dt=301,Mrs. Sabina Javed,"ds,tbs",National People's Party (NPP),ds=0; tbs=301,0.94,name+party match (sim=0.94) [vote-boosted]
Dhaka 18,1,Md. Jasim Uddin,ds,Bangladesh Islami Front (BIF),ds=0,Md. Jasim Uddin,tbs,Bangladesh Islami Front (BIF),tbs=1647,1.00,name+party match (sim=1.00)
Dhaka 18,1,Md. Jasim Uddin,dt,Bangladesh Islami Front (BIF),dt=1647,Md. Jasim Uddin,"ds,tbs",Bangladesh Islami Front (BIF),ds=0; tbs=1647,1.00,name+party match (sim=1.00) [vote-boosted]
Dhaka 18,1,Md. Ismail Hossain,ds,Independent Candidate (Independent),ds=0,Md. Ismail Hossain,tbs,Independent Candidate (Independent),tbs=930,1.00,name+party match (sim=1.00)
Dhaka 18,1,Md. Ismail Hossain,dt,Independent Candidate (Independent),dt=930,Md. Ismail Hossain,"ds,tbs",Independent Candidate (Independent),ds=0; tbs=930,1.00,name+party match (sim=1.00) [vote-boosted]
Dhaka 18,1,Mahmudur Rahman Manna,ds,Nagorik Oikya (NO),ds=0,Mahmudur Rahman Manna,tbs,Nagorik Oikya (NO),tbs=350,1.00,name+party match (sim=1.00)
Dhaka 18,1,Mahmudur Rahman Manna,dt,Nagorik Oikya (NO),dt=350,Mahmudur Rahman Manna,"ds,tbs",Nagorik Oikya (NO),ds=0; tbs=350,1.00,name+party match (sim=1.00) [vote-boosted]
Dhaka 19,1,Dilshana Parul,ds,National Citizen Party (NCP),ds=123283,Dilshana Parul,tbs,National Citizen Party (NCP),tbs=125283,1.00,name+party match (sim=1.00)
Dhaka 19,1,Dilshana Parul,bss,National Citizen Party (NCP),bss=123283,Dilshana Parul,"ds,tbs",National Citizen Party (NCP),ds=123283; tbs=125283,1.00,name+party match (sim=1.00) [vote-boosted]
Dhaka 19,1,Dilshana Parul,dt,National Citizen Party (NCP),dt=61269,Dilshana Parul,"bss,ds,tbs",National Citizen Party (NCP),bss=123283; ds=123283; tbs=125283,1.00,name+party match (sim=1.00)
Dhaka 19,1,Dewan Md. Salahuddin,ds,Bangladesh Nationalist Party (BNP),ds=190976,Dewan Md. Salahuddin,tbs,Bangladesh Nationalist Party (BNP),tbs=190976,1.00,name+party match (sim=1.00) [vote-boosted]
Dhaka 19,1,Dewan Mohammad Salauddin,bss,Bangladesh Nationalist Party (BNP),bss=190976,Dewan Md. Salahuddin,"ds,tbs",Bangladesh Nationalist Party (BNP),ds=190976; tbs=190976,1.00,name+party match (sim=1.00) [vote-boosted]
Dhaka 19,1,Dewan Mohammad Salauddin,dt,Bangladesh Nationalist Party (BNP),dt=101956,Dewan Mohammad Salauddin,"bss,ds,tbs",Bangladesh Nationalist Party (BNP),bss=190976; ds=190976; tbs=190976,1.00,name+party match (sim=1.00)
Dhaka 19,1,Chowdhury Hasan Sarwardi,dt,Bangladesh Liberal Democratic Party (LDP),dt=0,Chowdhury Hasan Sarwardy,ds,Bangladesh Liberal Democratic Party (LDP),ds=0,0.97,name+party match (sim=0.97)
Dhaka 19,1,Md. Bahadur Islam,dt,Jatiya Party (JaPa),dt=0,Md. Bahadur Islam,ds,Jatiya Party (JaPa),ds=0,1.00,name+party match (sim=1.00)
Dhaka 19,1,Md. Israfil Hossain Savari,dt,National People's Party (NPP),dt=0,Md. Israfil Hossain Shavery,ds,National People's Party (NPP),ds=0,0.93,name+party match (sim=0.93)
Dhaka 19,1,Md. Kamrul,dt,Bangladesh Muslim League (BML),dt=0,Md. Kamrul,ds,Bangladesh Muslim League (BML),ds=0,1.00,name+party match (sim=1.00)
Dhaka 19,1,Mohammad Faruk Khan,dt,Islami Andolan Bangladesh (IAB),dt=0,Md. Faruq Khan,ds,Islami Andolan Bangladesh (IAB),ds=0,0.93,name+party match (sim=0.93)
Dhaka 19,1,Sheikh Shawkat Hossain,dt,Gono Odhikar Parishad (GOP),dt=0,Sheikh Shawkat Hossain,ds,Gono Odhikar Parishad (GOP),ds=0,1.00,name+party match (sim=1.00)
Dhaka 2,1,Md. Jahirul Islam,ds,Islami Andolan Bangladesh (IAB),ds=0,Md. Jahirul Islam,tbs,Islami Andolan Bangladesh (IAB),tbs=6352,1.00,name+party match (sim=1.00)
Dhaka 2,1,Md. Jahirul Islam,dt,Islami Andolan Bangladesh (IAB),dt=6352,Md. Jahirul Islam,"ds,tbs",Islami Andolan Bangladesh (IAB),ds=0; tbs=6352,1.00,name+party match (sim=1.00) [vote-boosted]
Dhaka 2,1,Md. Amanullah Aman,ds,Bangladesh Nationalist Party (BNP),ds=163793,Md. Amanullah Aman,tbs,Bangladesh Nationalist Party (BNP),tbs=163793,1.00,name+party match (sim=1.00) [vote-boosted]
Dhaka 2,1,Md. Amanullah Aman,bss,Bangladesh Nationalist Party (BNP),bss=163793,Md. Amanullah Aman,"ds,tbs",Bangladesh Nationalist Party (BNP),ds=163793; tbs=163793,1.00,name+party match (sim=1.00) [vote-boosted]
Dhaka 2,1,Md. Amanullah Aman,dt,Bangladesh Nationalist Party (BNP),dt=163793,Md. Amanullah Aman,"bss,ds,tbs",Bangladesh Nationalist Party (BNP),bss=163793; ds=163793; tbs=163793,1.00,name+party match (sim=1.00) [vote-boosted]
Dhaka 2,1,Md. Abdul Haque,ds,Bangladesh Jamaat-e-Islami (Jamaat),ds=80053,Md. Abdul Huq,tbs,Bangladesh Jamaat-e-Islami (Jamaat),tbs=80053,1.00,name+party match (sim=1.00) [vote-boosted]
Dhaka 2,1,Md. Abdul Haque,bss,Bangladesh Jamaat-e-Islami (Jamaat),bss=80053,Md. Abdul Haque,"ds,tbs",Bangladesh Jamaat-e-Islami (Jamaat),ds=80053; tbs=80053,1.00,name+party match (sim=1.00) [vote-boosted]
Dhaka 2,1,Md. Abdul Haque,dt,Bangladesh Jamaat-e-Islami (Jamaat),dt=80053,Md. Abdul Haque,"bss,ds,tbs",Bangladesh Jamaat-e-Islami (Jamaat),bss=80053; ds=80053; tbs=80053,1.00,name+party match (sim=1.00) [vote-boosted]
Dhaka 20,1,Md. Tamiz Uddin,ds,Bangladesh Nationalist Party (BNP),ds=162504,Md. Tamiz Uddin,tbs,Bangladesh Nationalist Party (BNP),tbs=162504,1.00,name+party match (sim=1.00) [vote-boosted]
Dhaka 20,1,Md. Tamiz Uddin,bss,Bangladesh Nationalist Party (BNP),bss=162504,Md. Tamiz Uddin,"ds,tbs",Bangladesh Nationalist Party (BNP),ds=162504; tbs=162504,1.00,name+party match (sim=1.00) [vote-boosted]
Dhaka 20,1,Md. Tamij Uddin,dt,Bangladesh Nationalist Party (BNP),dt=162504,Md. Tamiz Uddin,"bss,ds,tbs",Bangladesh Nationalist Party (BNP),bss=162504; ds=162504; tbs=162504,0.93,name+party match (sim=0.93) [vote-boosted]
Dhaka 20,1,Ahsan Khan,ds,Jatiya Party (JaPa),ds=0,Ahsan Khan,tbs,Jatiya Party (JaPa),tbs=3135,1.00,name+party match (sim=1.00)
Dhaka 20,1,Ahsan Khan,dt,Jatiya Party (JaPa),dt=3135,Ahsan Khan,"ds,tbs",Jatiya Party (JaPa),ds=0; tbs=3135,1.00,name+party match (sim=1.00) [vote-boosted]
Dhaka 20,1,Md. Ashraf Ali,ds,Khelafat Majlis,ds=0,Md. Ashraf Ali,tbs,Khelafat Majlis,tbs=9255,1.00,name+party match (sim=1.00)
Dhaka 20,1,Md. Ashraf Ali,dt,Khelafat Majlis,dt=9255,Md. Ashraf Ali,"ds,tbs",Khelafat Majlis,ds=0; tbs=9255,1.00,name+party match (sim=1.00) [vote-boosted]
Dhaka 20,1,Helal Uddin Ahmed,ds,Amar Bangladesh Party (AB),ds=0,Helal Uddin Ahmed,tbs,Amar Bangladesh Party (AB),tbs=492,1.00,name+party match (sim=1.00)
Dhaka 20,1,Helal Uddin Ahmed,dt,Amar Bangladesh Party (AB),dt=492,Helal Uddin Ahmed,"ds,tbs",Amar Bangladesh Party (AB),ds=0; tbs=492,1.00,name+party match (sim=1.00) [vote-boosted]
Dhaka 20,1,Nabila Tasnid,ds,National Citizen Party (NCP),ds=57787,Nabila Tasnid,tbs,National Citizen Party (NCP),tbs=57787,1.00,name+party match (sim=1.00) [vote-boosted]
Dhaka 20,1,Nabila Tasnid,bss,National Citizen Party (NCP),bss=57787,Nabila Tasnid,"ds,tbs",National Citizen Party (NCP),ds=57787; tbs=57787,1.00,name+party match (sim=1.00) [vote-boosted]
Dhaka 20,1,Nabila Tasnid,dt,National Citizen Party (NCP),dt=57787,Nabila Tasnid,"bss,ds,tbs",National Citizen Party (NCP),bss=57787; ds=57787; tbs=57787,1.00,name+party match (sim=1.00) [vote-boosted]
Dhaka 20,1,Md. Arju Mia,ds,Jatiya Samajtantrik Dal (JSD),ds=0,Md. Arzu Mia,tbs,Jatiya Samajtantrik Dal (JSD),tbs=207,0.92,name+party match (sim=0.92)
Dhaka 20,1,Md. Arju Mia,dt,Jatiya Samajtantrik Dal (JSD),dt=207,Md. Arzu Mia,"ds,tbs",Jatiya Samajtantrik Dal (JSD),ds=0; tbs=207,0.92,name+party match (sim=0.92) [vote-boosted]
Dhaka 3,1,Goyasawar Chandra Roy,ds,Bangladesh Nationalist Party (BNP),ds=99163,Goyeswar Chandra Roy,tbs,Bangladesh Nationalist Party (BNP),tbs=99163,1.00,name+party match (sim=1.00) [vote-boosted]
Dhaka 3,1,Gayeshwar Chandra Roy,bss,Bangladesh Nationalist Party (BNP),bss=99163,Goyasawar Chandra Roy,"ds,tbs",Bangladesh Nationalist Party (BNP),ds=99163; tbs=99163,0.96,name+party match (sim=0.96) [vote-boosted]
Dhaka 3,1,Gayeshwar Chandra Roy,dt,Bangladesh Nationalist Party (BNP),dt=99163,Goyasawar Chandra Roy,"bss,ds,tbs",Bangladesh Nationalist Party (BNP),bss=99163; ds=99163; tbs=99163,0.96,name+party match (sim=0.96) [vote-boosted]
Dhaka 3,1,Md. Faruk,ds,Jatiya Party (JaPa),ds=0,Md. Faruk,tbs,Jatiya Party (JaPa),tbs=1075,1.00,name+party match (sim=1.00)
Dhaka 3,1,Md. Faruk,dt,Jatiya Party (JaPa),dt=1075,Md. Faruk,"ds,tbs",Jatiya Party (JaPa),ds=0; tbs=1075,1.00,name+party match (sim=1.00) [vote-boosted]
Dhaka 3,1,Md. Sultan Ahamed Khan,ds,Islami Andolan Bangladesh (IAB),ds=0,Md. Sultan Ahmed Khan,tbs,Islami Andolan Bangladesh (IAB),tbs=6286,1.00,name+party match (sim=1.00)
Dhaka 3,1,Md. Sultan Ahmad Khan,dt,Islami Andolan Bangladesh (IAB),dt=6286,Md. Sultan Ahamed Khan,"ds,tbs",Islami Andolan Bangladesh (IAB),ds=0; tbs=6286,1.00,name+party match (sim=1.00) [vote-boosted]
Dhaka 3,1,Md. Shahinur Islam,ds,Bangladesh Jamaat-e-Islami (Jamaat),ds=83264,Md. Shahinur Islam,tbs,Bangladesh Jamaat-e-Islami (Jamaat),tbs=83264,1.00,name+party match (sim=1.00) [vote-boosted]
Dhaka 3,1,Md. Shahinur Islam,bss,Bangladesh Jamaat-e-Islami (Jamaat),bss=83264,Md. Shahinur Islam,"ds,tbs",Bangladesh Jamaat-e-Islami (Jamaat),ds=83264; tbs=83264,1.00,name+party match (sim=1.00) [vote-boosted]
Dhaka 3,1,Md. Shahinur Islam,dt,Bangladesh Jamaat-e-Islami (Jamaat),dt=83264,Md. Shahinur Islam,"bss,ds,tbs",Bangladesh Jamaat-e-Islami (Jamaat),bss=83264; ds=83264; tbs=83264,1.00,name+party match (sim=1.00) [vote-boosted]
Dhaka 3,1,Md. Manir Hossin,ds,Independent Candidate (Independent),ds=0,Md. Monir Hossain,tbs,Independent Candidate (Independent),tbs=313,1.00,name+party match (sim=1.00)
Dhaka 3,1,Md. Monir Hossain,dt,Independent Candidate (Independent),dt=313,Md. Monir Hossain,"ds,tbs",Independent Candidate (Independent),ds=0; tbs=313,1.00,name+party match (sim=1.00) [vote-boosted]
Dhaka 3,1,Mozibor Howlader,ds,Bangladesh Samajtantrik Dal (Basad),ds=0,Mojibur Howladar,tbs,Bangladesh Samajtantrik Dal (Basad),tbs=196,0.89,name+party match (sim=0.89)
Dhaka 3,1,Mojibur Howlader,dt,Bangladesh Samajtantrik Dal (Basad),dt=196,Mojibur Howladar,"ds,tbs",Bangladesh Samajtantrik Dal (Basad),ds=0; tbs=196,1.00,name+party match (sim=1.00) [vote-boosted]
Dhaka 3,1,Md. Bacchu Buya,ds,Ganosanhati Andolan (GSA),ds=0,Md. Bachchu Bhuiyan,tbs,Ganosanhati Andolan (GSA),tbs=387,0.88,name+party match (sim=0.88)
Dhaka 3,1,Md. Bacchu Bhuiyan,dt,Ganosanhati Andolan (GSA),dt=378,Md. Bachchu Bhuiyan,"ds,tbs",Ganosanhati Andolan (GSA),ds=0; tbs=387,0.97,name+party match (sim=0.97)
Dhaka 3,1,Md. Jafor,ds,Bangladesh Congress,ds=0,Md. Zafar,tbs,Bangladesh Congress,tbs=155,0.80,name+party match (sim=0.80)
Dhaka 3,1,Mohammad Jafar,dt,Bangladesh Congress,dt=155,Md. Zafar,"ds,tbs",Bangladesh Congress,ds=0; tbs=155,0.89,name+party match (sim=0.89) [vote-boosted]
Dhaka 3,1,Md. Sajjad,ds,Gono Odhikar Parishad (GOP),ds=0,Md. Sajjad,tbs,Gono Odhikar Parishad (GOP),tbs=97,1.00,name+party match (sim=1.00)
Dhaka 3,1,Md. Sazzad,dt,Gono Odhikar Parishad (GOP),dt=97,Md. Sajjad,"ds,tbs",Gono Odhikar Parishad (GOP),ds=0; tbs=97,0.80,name+party match (sim=0.80) [vote-boosted]
Dhaka 3,1,Md. Rowshen Yesdani,ds,Gono Forum (GF),ds=0,Md. Roshan Yazdani,tbs,Gono Forum (GF),tbs=182,0.86,name+party match (sim=0.86)
Dhaka 3,1,Muhammad Rawshan Yazdani,dt,Gono Forum (GF),dt=182,Md. Rowshen Yesdani,"ds,tbs",Gono Forum (GF),ds=0; tbs=182,0.91,name+party match (sim=0.91) [vote-boosted]
Dhaka 4,1,Tanveer Ahmed,ds,Bangladesh Nationalist Party (BNP),ds=74447,Tanvir Ahmed,tbs,Bangladesh Nationalist Party (BNP),tbs=74447,1.00,name+party match (sim=1.00) [vote-boosted]
Dhaka 4,1,Tanveer Ahmed,bss,Bangladesh Nationalist Party (BNP),bss=74447,Tanveer Ahmed,"ds,tbs",Bangladesh Nationalist Party (BNP),ds=74447; tbs=74447,1.00,name+party match (sim=1.00) [vote-boosted]
Dhaka 4,1,Tanvir Ahmed,dt,Bangladesh Nationalist Party (BNP),dt=74447,Tanveer Ahmed,"bss,ds,tbs",Bangladesh Nationalist Party (BNP),bss=74447; ds=74447; tbs=74447,1.00,name+party match (sim=1.00) [vote-boosted]
Dhaka 4,1,Md. Firoz Alam,ds,Communist Party of Bangladesh (CPB),ds=0,Md. Firoz Alam,tbs,Communist Party of Bangladesh (CPB),tbs=367,1.00,name+party match (sim=1.00)
Dhaka 4,1,Mohammad Firoz Alam,dt,Communist Party of Bangladesh (CPB),dt=367,Md. Firoz Alam,"ds,tbs",Communist Party of Bangladesh (CPB),ds=0; tbs=367,1.00,name+party match (sim=1.00) [vote-boosted]
Dhaka 4,1,Md. Mizanur Rahman,ds,Independent Candidate (Independent),ds=0,Md. Mizanur Rahman,tbs,Independent Candidate (Independent),tbs=2867,1.00,name+party match (sim=1.00)
Dhaka 4,1,Mohammad Mizanur Rahman,dt,Independent Candidate (Independent),dt=2867,Md. Mizanur Rahman,"ds,tbs",Independent Candidate (Independent),ds=0; tbs=2867,1.00,name+party match (sim=1.00) [vote-boosted]
Dhaka 4,1,Md. Abul Kalam Azad,ds,Janotar Dol,ds=0,Md. Abul Kalam Azad,tbs,Janotar Dol,tbs=191,1.00,name+party match (sim=1.00)
Dhaka 4,1,Md. Abul Kalam Azad,dt,Janotar Dol,dt=191,Md. Abul Kalam Azad,"ds,tbs",Janotar Dol,ds=0; tbs=191,1.00,name+party match (sim=1.00) [vote-boosted]
Dhaka 4,1,Md. Zakir Hossain,ds,Bangladesh Samajtantrik Dal (Basad),ds=0,Md. Zakir Hosen,tbs,Bangladesh Samajtantrik Dal (Basad),tbs=184,0.94,name+party match (sim=0.94)
Dhaka 4,1,Md. Zakir Hossain,dt,Bangladesh Samajtantrik Dal (Basad),dt=184,Md. Zakir Hossain,"ds,tbs",Bangladesh Samajtantrik Dal (Basad),ds=0; tbs=184,1.00,name+party match (sim=1.00) [vote-boosted]
Dhaka 4,1,Sahel Ahmed Sohel,ds,Bangladesh Sangskritik Muktijote (BSM),ds=0,Sahel Ahmed Shohel,tbs,Bangladesh Sangskritik Muktijote (BSM),tbs=128,0.97,name+party match (sim=0.97)
Dhaka 4,1,Sahel Ahmed Sohel,dt,Bangladesh Sangskritik Muktijote (BSM),dt=128,Sahel Ahmed Shohel,"ds,tbs",Bangladesh Sangskritik Muktijote (BSM),ds=0; tbs=128,0.97,name+party match (sim=0.97) [vote-boosted]
Dhaka 4,1,Syed Joynul Abedin,ds,Bangladesh Jamaat-e-Islami (Jamaat),ds=77367,Sayed Joynul Abedin,tbs,Bangladesh Jamaat-e-Islami (Jamaat),tbs=77367,1.00,name+party match (sim=1.00) [vote-boosted]
Dhaka 4,1,Syed Zainul Abedin,bss,Bangladesh Jamaat-e-Islami (Jamaat),bss=77367,Sayed Joynul Abedin,"ds,tbs",Bangladesh Jamaat-e-Islami (Jamaat),ds=77367; tbs=77367,0.84,name+party match (sim=0.84) [vote-boosted]
Dhaka 4,1,Syed Zainul Abedin,dt,Bangladesh Jamaat-e-Islami (Jamaat),dt=77367,Sayed Joynul Abedin,"bss,ds,tbs",Bangladesh Jamaat-e-Islami (Jamaat),bss=77367; ds=77367; tbs=77367,0.84,name+party match (sim=0.84) [vote-boosted]
Dhaka 4,1,Syed Md. Mosaddek Billah,ds,Islami Andolan Bangladesh (IAB),ds=0,Sayed Md. Mosaddek Billah,tbs,Islami Andolan Bangladesh (IAB),tbs=6518,1.00,name+party match (sim=1.00)
Dhaka 4,1,Syed Md. Mosaddeq Billah,dt,Islami Andolan Bangladesh (IAB),dt=6518,Sayed Md. Mosaddek Billah,"ds,tbs",Islami Andolan Bangladesh (IAB),ds=0; tbs=6518,0.94,name+party match (sim=0.94) [vote-boosted]
Dhaka 5,1,Tofazzal Hossain Mostafa,ds,Communist Party of Bangladesh (CPB),ds=0,Tofazzal Hossain Mostofa,tbs,Communist Party of Bangladesh (CPB),tbs=206,1.00,name+party match (sim=1.00)
Dhaka 5,1,Tofazzal Hossain Mostafa,dt,Communist Party of Bangladesh (CPB),dt=206,Tofazzal Hossain Mostofa,"ds,tbs",Communist Party of Bangladesh (CPB),ds=0; tbs=206,1.00,name+party match (sim=1.00) [vote-boosted]
Dhaka 5,1,Mir Abdus Sabur,ds,Jatiya Party (JaPa),ds=0,Mir Abdus Sabur,tbs,Jatiya Party (JaPa),tbs=1346,1.00,name+party match (sim=1.00)
Dhaka 5,1,Mir Abdus Sabur,dt,Jatiya Party (JaPa),dt=1346,Mir Abdus Sabur,"ds,tbs",Jatiya Party (JaPa),ds=0; tbs=1346,1.00,name+party match (sim=1.00) [vote-boosted]
Dhaka 5,1,Mohammed Kamal Hossain,ds,Bangladesh Jamaat-e-Islami (Jamaat),ds=96641,Md. Kamal Hossain,tbs,Bangladesh Jamaat-e-Islami (Jamaat),tbs=96641,0.86,name+party match (sim=0.86) [vote-boosted]
Dhaka 5,1,Mohammad Kamal Hossain,bss,Bangladesh Jamaat-e-Islami (Jamaat),bss=96641,Mohammed Kamal Hossain,"ds,tbs",Bangladesh Jamaat-e-Islami (Jamaat),ds=96641; tbs=96641,0.86,name+party match (sim=0.86) [vote-boosted]
Dhaka 5,1,Mohammad Kamal Hossain,dt,Bangladesh Jamaat-e-Islami (Jamaat),dt=96641,Mohammed Kamal Hossain,"bss,ds,tbs",Bangladesh Jamaat-e-Islami (Jamaat),bss=96641; ds=96641; tbs=96641,0.86,name+party match (sim=0.86) [vote-boosted]
Dhaka 5,1,Md. Ibrahim,ds,Islami Andolan Bangladesh (IAB),ds=0,Md. Ibrahim,tbs,Islami Andolan Bangladesh (IAB),tbs=14204,1.00,name+party match (sim=1.00)
Dhaka 5,1,Md. Ibrahim,dt,Islami Andolan Bangladesh (IAB),dt=14206,Md. Ibrahim,"ds,tbs",Islami Andolan Bangladesh (IAB),ds=0; tbs=14204,1.00,name+party match (sim=1.00)
Dhaka 5,1,Md. Golam Azam,ds,Bangladesh Labour Party,ds=0,Md. Golam Azom,tbs,Bangladesh Labour Party,tbs=81,1.00,name+party match (sim=1.00)
Dhaka 5,1,Md. Golam Azam,dt,Bangladesh Labour Party,dt=81,Md. Golam Azom,"ds,tbs",Bangladesh Labour Party,ds=0; tbs=81,1.00,name+party match (sim=1.00) [vote-boosted]
Dhaka 5,1,Md. Taifur Rahman Rahi,ds,Bangladesh Sangskritik Muktijote (BSM),ds=0,Md. Taifur Rahman Rahi,tbs,Bangladesh Sangskritik Muktijote (BSM),tbs=35,1.00,name+party match (sim=1.00)
Dhaka 5,1,Md. Taifur Rahman Rahi,dt,Bangladesh Sangskritik Muktijote (BSM),dt=35,Md. Taifur Rahman Rahi,"ds,tbs",Bangladesh Sangskritik Muktijote (BSM),ds=0; tbs=35,1.00,name+party match (sim=1.00) [vote-boosted]
Dhaka 5,1,Md. Nabi Ullah,ds,Bangladesh Nationalist Party (BNP),ds=87491,Md. Nabi Ullah,tbs,Bangladesh Nationalist Party (BNP),tbs=87491,1.00,name+party match (sim=1.00) [vote-boosted]
Dhaka 5,1,Md Nabi Ulla,bss,Bangladesh Nationalist Party (BNP),bss=87491,Md. Nabi Ullah,"ds,tbs",Bangladesh Nationalist Party (BNP),ds=87491; tbs=87491,0.96,name+party match (sim=0.96) [vote-boosted]
Dhaka 5,1,Md. Nabi Ullah,dt,Bangladesh Nationalist Party (BNP),dt=87491,Md. Nabi Ullah,"bss,ds,tbs",Bangladesh Nationalist Party (BNP),bss=87491; ds=87491; tbs=87491,1.00,name+party match (sim=1.00) [vote-boosted]
Dhaka 5,1,Md. Saiful Alam,ds,Bangladesh Congress,ds=0,Md. Saiful Alam,tbs,Bangladesh Congress,tbs=262,1.00,name+party match (sim=1.00)
Dhaka 5,1,Md. Saiful Alam,dt,Bangladesh Congress,dt=262,Md. Saiful Alam,"ds,tbs",Bangladesh Congress,ds=0; tbs=262,1.00,name+party match (sim=1.00) [vote-boosted]
Dhaka 5,1,Md. Humayun Kabir,ds,Bangladesh Liberal Democratic Party (LDP),ds=0,Md. Humayun Kabir,tbs,Bangladesh Liberal Democratic Party (LDP),tbs=788,1.00,name+party match (sim=1.00)
Dhaka 5,1,Md. Humayun Kabir,dt,Bangladesh Liberal Democratic Party (LDP),dt=788,Md. Humayun Kabir,"ds,tbs",Bangladesh Liberal Democratic Party (LDP),ds=0; tbs=788,1.00,name+party match (sim=1.00) [vote-boosted]
Dhaka 5,1,Sahinur Akter Sumi,ds,Socialist Party of Bangladesh (Marxist) (SPB-M),ds=0,Sahinur Akter Sumi,tbs,Socialist Party of Bangladesh (Marxist) (SPB-M),tbs=221,1.00,name+party match (sim=1.00)
Dhaka 5,1,Shahinur Akter Sumi,dt,Socialist Party of Bangladesh (Marxist) (SPB-M),dt=221,Sahinur Akter Sumi,"ds,tbs",Socialist Party of Bangladesh (Marxist) (SPB-M),ds=0; tbs=221,0.97,name+party match (sim=0.97) [vote-boosted]
Dhaka 5,1,Syed Md. Ibrahim,ds,Gono Odhikar Parishad (GOP),ds=0,Sayed Md. Ibrahim,tbs,Gono Odhikar Parishad (GOP),tbs=93,1.00,name+party match (sim=1.00)
Dhaka 5,1,Syed Mohammad Ibrahim,dt,Gono Odhikar Parishad (GOP),dt=93,Sayed Md. Ibrahim,"ds,tbs",Gono Odhikar Parishad (GOP),ds=0; tbs=93,1.00,name+party match (sim=1.00) [vote-boosted]
Dhaka 6,1,Amir Uddin Ahmed,ds,Jatiya Party (JaPa),ds=0,Amir Uddin Ahmed,tbs,Jatiya Party (JaPa),tbs=1778,1.00,name+party match (sim=1.00)
Dhaka 6,1,Amir Uddin Ahmed (Dalu),dt,Jatiya Party (JaPa),dt=1778,Amir Uddin Ahmed,"ds,tbs",Jatiya Party (JaPa),ds=0; tbs=1778,1.00,name+party match (sim=1.00) [vote-boosted]
Dhaka 6,1,Ahmed Ali Sheikh,ds,Gono Front (GF),ds=0,Ahmed Ali Sheikh,tbs,Gono Front (GF),tbs=152,1.00,name+party match (sim=1.00)
Dhaka 6,1,Ahmed Ali Sheikh,dt,Gono Front (GF),dt=152,Ahmed Ali Sheikh,"ds,tbs",Gono Front (GF),ds=0; tbs=152,1.00,name+party match (sim=1.00) [vote-boosted]
Dhaka 6,1,Ishraque Hossain,ds,Bangladesh Nationalist Party (BNP),ds=78850,Ishraque Hossain,tbs,Bangladesh Nationalist Party (BNP),tbs=78850,1.00,name+party match (sim=1.00) [vote-boosted]
Dhaka 6,1,Ishraq Hossain,bss,Bangladesh Nationalist Party (BNP),bss=78850,Ishraque Hossain,"ds,tbs",Bangladesh Nationalist Party (BNP),ds=78850; tbs=78850,1.00,name+party match (sim=1.00) [vote-boosted]
Dhaka 6,1,Ishraq Hossain,dt,Bangladesh Nationalist Party (BNP),dt=78850,Ishraque Hossain,"bss,ds,tbs",Bangladesh Nationalist Party (BNP),bss=78850; ds=78850; tbs=78850,1.00,name+party match (sim=1.00) [vote-boosted]
Dhaka 6,1,Md. Akter Hossain,ds,Bangladesh Muslim League (BML),ds=0,Md. Aktar Hossain,tbs,Bangladesh Muslim League (BML),tbs=245,1.00,name+party match (sim=1.00)
Dhaka 6,1,Md. Aktar Hossain,dt,Bangladesh Muslim League (BML),dt=245,Md. Aktar Hossain,"ds,tbs",Bangladesh Muslim League (BML),ds=0; tbs=245,1.00,name+party match (sim=1.00) [vote-boosted]
Dhaka 6,1,Md. Abdul Mannan,ds,Bangladesh Jamaat-e-Islami (Jamaat),ds=55697,Md. Abdul Mannan,tbs,Bangladesh Jamaat-e-Islami (Jamaat),tbs=55697,1.00,name+party match (sim=1.00) [vote-boosted]
Dhaka 6,1,Md. Abdul Mannan,bss,Bangladesh Jamaat-e-Islami (Jamaat),bss=55697,Md. Abdul Mannan,"ds,tbs",Bangladesh Jamaat-e-Islami (Jamaat),ds=55697; tbs=55697,1.00,name+party match (sim=1.00) [vote-boosted]
Dhaka 6,1,Md. Abdul Mannan,dt,Bangladesh Jamaat-e-Islami (Jamaat),dt=55697,Md. Abdul Mannan,"bss,ds,tbs",Bangladesh Jamaat-e-Islami (Jamaat),bss=55697; ds=55697; tbs=55697,1.00,name+party match (sim=1.00) [vote-boosted]
Dhaka 6,1,Md. Yunus Ali Akand,dt,Bangladesh Congress,dt=319,Md. Yunus Ali Akand,tbs,Bangladesh Congress,tbs=319,1.00,name+party match (sim=1.00) [vote-boosted]
Dhaka 6,1,Md. Fakrul Islam,ds,Gono Odhikar Parishad (GOP),ds=0,Md. Fakhrul Islam,tbs,Gono Odhikar Parishad (GOP),tbs=138,0.97,name+party match (sim=0.97)
Dhaka 6,1,Md. Fakhrul Islam,dt,Gono Odhikar Parishad (GOP),dt=138,Md. Fakhrul Islam,"ds,tbs",Gono Odhikar Parishad (GOP),ds=0; tbs=138,1.00,name+party match (sim=1.00) [vote-boosted]
Dhaka 7,1,Maksudur Rahman,ds,Bangladesh Sangskritik Muktijote (BSM),ds=0,Maksudur Rahman,tbs,Bangladesh Sangskritik Muktijote (BSM),tbs=150,1.00,name+party match (sim=1.00)
Dhaka 7,1,Maksudur Rahman,dt,Bangladesh Sangskritik Muktijote (BSM),dt=150,Maksudur Rahman,"ds,tbs",Bangladesh Sangskritik Muktijote (BSM),ds=0; tbs=150,1.00,name+party match (sim=1.00) [vote-boosted]
Dhaka 7,1,Md. Ishaque Sarker,ds,Independent Candidate (Independent),ds=0,Md. Ishak Sarkar,tbs,Independent Candidate (Independent),tbs=11517,0.89,name+party match (sim=0.89)
Dhaka 7,1,Mohammad Ishaq Sarkar,dt,Independent Candidate (Independent),dt=11517,Md. Ishaque Sarker,"ds,tbs",Independent Candidate (Independent),ds=0; tbs=11517,1.00,name+party match (sim=1.00) [vote-boosted]
Dhaka 7,1,Md. Saifuddin Ahmed Milon,ds,Jatiya Party (JaPa),ds=0,Md. Saifuddin Ahmed Milon,tbs,Jatiya Party (JaPa),tbs=2294,1.00,name+party match (sim=1.00)
Dhaka 7,1,Mohammad Saifuddin Ahmed Milon,dt,Jatiya Party (JaPa),dt=2294,Md. Saifuddin Ahmed Milon,"ds,tbs",Jatiya Party (JaPa),ds=0; tbs=2294,1.00,name+party match (sim=1.00) [vote-boosted]
Dhaka 7,1,Md. Abdur Rahman,ds,Islami Andolan Bangladesh (IAB),ds=0,Md. Abdur Rahman,tbs,Islami Andolan Bangladesh (IAB),tbs=5081,1.00,name+party match (sim=1.00)
Dhaka 7,1,Md. Abdur Rahman,dt,Islami Andolan Bangladesh (IAB),dt=5081,Md. Abdur Rahman,"ds,tbs",Islami Andolan Bangladesh (IAB),ds=0; tbs=5081,1.00,name+party match (sim=1.00) [vote-boosted]
Dhaka 7,1,Md. Enayat Ullah,ds,Bangladesh Jamaat-e-Islami (Jamaat),ds=98483,Md. Enayet Ullah,tbs,Bangladesh Jamaat-e-Islami (Jamaat),tbs=98483,1.00,name+party match (sim=1.00) [vote-boosted]
Dhaka 7,1,Md. Enayat Ulla,bss,Bangladesh Jamaat-e-Islami (Jamaat),bss=98483,Md. Enayet Ullah,"ds,tbs",Bangladesh Jamaat-e-Islami (Jamaat),ds=98483; tbs=98483,0.93,name+party match (sim=0.93) [vote-boosted]
Dhaka 7,1,Md. Enayet Ullah,dt,Bangladesh Jamaat-e-Islami (Jamaat),dt=98483,Md. Enayet Ullah,"bss,ds,tbs",Bangladesh Jamaat-e-Islami (Jamaat),bss=98483; ds=98483; tbs=98483,1.00,name+party match (sim=1.00) [vote-boosted]
Dhaka 7,1,Md. Shahidul Islam,ds,Bangladesh Jatiya Party (BJP),ds=0,Md. Shahidul Islam,tbs,Bangladesh Jatiya Party (BJP),tbs=98,1.00,name+party match (sim=1.00)
Dhaka 7,1,Md. Shahidul Islam,dt,Bangladesh Jatiya Party (BJP),dt=98,Md. Shahidul Islam,"ds,tbs",Bangladesh Jatiya Party (BJP),ds=0; tbs=98,1.00,name+party match (sim=1.00) [vote-boosted]
Dhaka 7,1,Md. Habibullah,ds,Bangladesh Khelafat Andolon (BKA),ds=0,Md. Habibullah,tbs,Bangladesh Khelafat Andolon (BKA),tbs=2783,1.00,name+party match (sim=1.00)
Dhaka 7,1,Md. Habibullah,dt,Bangladesh Khelafat Andolon (BKA),dt=2783,Md. Habibullah,"ds,tbs",Bangladesh Khelafat Andolon (BKA),ds=0; tbs=2783,1.00,name+party match (sim=1.00) [vote-boosted]
Dhaka 7,1,Shafiqur Rahman,ds,Bangladesh Republican Party (BRP),ds=0,Shafiqur Rahman,tbs,Bangladesh Republican Party (BRP),tbs=218,1.00,name+party match (sim=1.00)
Dhaka 7,1,Shafiqul Rahman,dt,Bangladesh Republican Party (BRP),dt=218,Shafiqur Rahman,"ds,tbs",Bangladesh Republican Party (BRP),ds=0; tbs=218,0.93,name+party match (sim=0.93) [vote-boosted]
Dhaka 7,1,Shana Salim,ds,Jatiya Samajtantrik Dal (JSD),ds=0,Shahana Selim,tbs,Jatiya Samajtantrik Dal (JSD),tbs=208,0.92,name+party match (sim=0.92)
Dhaka 7,1,Shahana Selim,dt,Jatiya Samajtantrik Dal (JSD),dt=208,Shahana Selim,"ds,tbs",Jatiya Samajtantrik Dal (JSD),ds=0; tbs=208,1.00,name+party match (sim=1.00) [vote-boosted]
Dhaka 7,1,Shima Dutta,ds,Socialist Party of Bangladesh (Marxist) (SPB-M),ds=0,Sima Dutta,tbs,Socialist Party of Bangladesh (Marxist) (SPB-M),tbs=677,0.95,name+party match (sim=0.95)
Dhaka 7,1,Seema Dutta,dt,Socialist Party of Bangladesh (Marxist) (SPB-M),dt=677,Shima Dutta,"ds,tbs",Socialist Party of Bangladesh (Marxist) (SPB-M),ds=0; tbs=677,0.91,name+party match (sim=0.91) [vote-boosted]
Dhaka 7,1,Hamidur Rahman,ds,Bangladesh Nationalist Party (BNP),ds=104666,Hamidur Rahman,tbs,Bangladesh Nationalist Party (BNP),tbs=104666,1.00,name+party match (sim=1.00) [vote-boosted]
Dhaka 7,1,Hamidur Rahman,bss,Bangladesh Nationalist Party (BNP),bss=104666,Hamidur Rahman,"ds,tbs",Bangladesh Nationalist Party (BNP),ds=104666; tbs=104666,1.00,name+party match (sim=1.00) [vote-boosted]
Dhaka 7,1,Hamidur Rahman,dt,Bangladesh Nationalist Party (BNP),dt=104666,Hamidur Rahman,"bss,ds,tbs",Bangladesh Nationalist Party (BNP),bss=104666; ds=104666; tbs=104666,1.00,name+party match (sim=1.00) [vote-boosted]
Dhaka 8,1,Ahm Rafiquzzaman Akhand,ds,Socialist Party of Bangladesh (Marxist) (SPB-M),ds=0,A. H. M. Rafiquzzaman Akanda,tbs,Socialist Party of Bangladesh (Marxist) (SPB-M),tbs=96,0.96,name+party match (sim=0.96)
Dhaka 8,1,AHM Rafiquzzaman Akand,dt,Socialist Party of Bangladesh (Marxist) (SPB-M),dt=96,A. H. M. Rafiquzzaman Akanda,"ds,tbs",Socialist Party of Bangladesh (Marxist) (SPB-M),ds=0; tbs=96,1.00,name+party match (sim=1.00) [vote-boosted]
Dhaka 8,1,A. F. M. Ismail Chowdhury,ds,Jatiya Samajtantrik Dal (JSD),ds=0,A. F. M. Ismail Chowdhury,tbs,Jatiya Samajtantrik Dal (JSD),tbs=56,1.00,name+party match (sim=1.00)
Dhaka 8,1,AFM Ismail Chowdhury,dt,Jatiya Samajtantrik Dal (JSD),dt=56,A. F. M. Ismail Chowdhury,"ds,tbs",Jatiya Samajtantrik Dal (JSD),ds=0; tbs=56,1.00,name+party match (sim=1.00) [vote-boosted]
Dhaka 8,1,S. M. Sarwar,ds,Bangladesh Islami Front (BIF),ds=0,S. M. Sarowar,tbs,Bangladesh Islami Front (BIF),tbs=326,1.00,name+party match (sim=1.00)
Dhaka 8,1,S. M. Sarwar,dt,Bangladesh Islami Front (BIF),dt=326,S. M. Sarowar,"ds,tbs",Bangladesh Islami Front (BIF),ds=0; tbs=326,1.00,name+party match (sim=1.00) [vote-boosted]
Dhaka 8,1,Kafait Ullah,ds,Islami Andolan Bangladesh (IAB),ds=0,Kefayet Ullah,tbs,Islami Andolan Bangladesh (IAB),tbs=1436,0.92,name+party match (sim=0.92)
Dhaka 8,1,Kefayet Ullah,dt,Islami Andolan Bangladesh (IAB),dt=1436,Kefayet Ullah,"ds,tbs",Islami Andolan Bangladesh (IAB),ds=0; tbs=1436,1.00,name+party match (sim=1.00) [vote-boosted]
Dhaka 8,1,Tridip Kumar Saha,ds,Communist Party of Bangladesh (CPB),ds=0,Tridip Kumar Saha,tbs,Communist Party of Bangladesh (CPB),tbs=714,1.00,name+party match (sim=1.00)
Dhaka 8,1,Tridip Kumar Saha,dt,Communist Party of Bangladesh (CPB),dt=714,Tridip Kumar Saha,"ds,tbs",Communist Party of Bangladesh (CPB),ds=0; tbs=714,1.00,name+party match (sim=1.00) [vote-boosted]
Dhaka 8,1,Mirza Abbas Uddin Ahmed,ds,Bangladesh Nationalist Party (BNP),ds=59366,Mirza Abbas Uddin Ahmed,tbs,Bangladesh Nationalist Party (BNP),tbs=59366,1.00,name+party match (sim=1.00) [vote-boosted]
Dhaka 8,1,Mirza Abbas Uddin Ahmed,bss,Bangladesh Nationalist Party (BNP),bss=59366,Mirza Abbas Uddin Ahmed,"ds,tbs",Bangladesh Nationalist Party (BNP),ds=59366; tbs=59366,1.00,name+party match (sim=1.00) [vote-boosted]
Dhaka 8,1,Mirza Abbas Uddin Ahmed,dt,Bangladesh Nationalist Party (BNP),dt=59366,Mirza Abbas Uddin Ahmed,"bss,ds,tbs",Bangladesh Nationalist Party (BNP),bss=59366; ds=59366; tbs=59366,1.00,name+party match (sim=1.00) [vote-boosted]
Dhaka 8,1,Md. Nasiruddin Patwary,ds,National Citizen Party (NCP),ds=54127,Md. Nasiruddin Patwary,tbs,National Citizen Party (NCP),tbs=54127,1.00,name+party match (sim=1.00) [vote-boosted]
Dhaka 8,1,Muhammad Nasiruddin Patwari,bss,National Citizen Party (NCP),bss=54127,Md. Nasiruddin Patwary,"ds,tbs",National Citizen Party (NCP),ds=54127; tbs=54127,0.96,name+party match (sim=0.96) [vote-boosted]
Dhaka 8,1,Muhammad Nasiruddin Patwari,dt,National Citizen Party (NCP),dt=54127,Muhammad Nasiruddin Patwari,"bss,ds,tbs",National Citizen Party (NCP),bss=54127; ds=54127; tbs=54127,1.00,name+party match (sim=1.00) [vote-boosted]
Dhaka 8,1,Meghna Alam,ds,Gono Odhikar Parishad (GOP),ds=0,Meghna Alam,tbs,Gono Odhikar Parishad (GOP),tbs=608,1.00,name+party match (sim=1.00)
Dhaka 8,1,Meghna Alam,dt,Gono Odhikar Parishad (GOP),dt=608,Meghna Alam,"ds,tbs",Gono Odhikar Parishad (GOP),ds=0; tbs=608,1.00,name+party match (sim=1.00) [vote-boosted]
Dhaka 8,1,Md. Golam Sarwar,ds,Janotar Dol,ds=0,Md. Golam Sarowar,tbs,Janotar Dol,tbs=129,1.00,name+party match (sim=1.00)
Dhaka 8,1,Md. Golam Sarwar,dt,Janotar Dol,dt=129,Md. Golam Sarowar,"ds,tbs",Janotar Dol,ds=0; tbs=129,1.00,name+party match (sim=1.00) [vote-boosted]
Dhaka 8,1,Md. Zuber Alam Khan,ds,Jatiya Party (JaPa),ds=0,Md. Juber Alam Khan,tbs,Jatiya Party (JaPa),tbs=731,0.95,name+party match (sim=0.95)
Dhaka 8,1,Md. Zuber Alam Khan,dt,Jatiya Party (JaPa),dt=731,Md. Juber Alam Khan,"ds,tbs",Jatiya Party (JaPa),ds=0; tbs=731,0.95,name+party match (sim=0.95) [vote-boosted]
Dhaka 8,1,Md. Rasel Kabir,ds,Bangladesh Sangskritik Muktijote (BSM),ds=0,Md. Russel Kabir,tbs,Bangladesh Sangskritik Muktijote (BSM),tbs=78,0.94,name+party match (sim=0.94)
Dhaka 8,1,Md. Russell Kabir,dt,Bangladesh Sangskritik Muktijote (BSM),dt=78,Md. Russel Kabir,"ds,tbs",Bangladesh Sangskritik Muktijote (BSM),ds=0; tbs=78,0.97,name+party match (sim=0.97) [vote-boosted]
Dhaka 9,1,Kazi Abul Khair,ds,Jatiya Party (JaPa),ds=0,Kazi Abul Khair,tbs,Jatiya Party (JaPa),tbs=1202,1.00,name+party match (sim=1.00)
Dhaka 9,1,Kazi Abul Khair,dt,Jatiya Party (JaPa),dt=1202,Kazi Abul Khair,"ds,tbs",Jatiya Party (JaPa),ds=0; tbs=1202,1.00,name+party match (sim=1.00) [vote-boosted]
Dhaka 9,1,Tasneem Jara,ds,Independent Candidate (Independent),ds=0,Tasnim Jara,tbs,Independent Candidate (Independent),tbs=44684,1.00,name+party match (sim=1.00)
Dhaka 9,1,Tasnim Jara,dt,Independent Candidate (Independent),dt=44684,Tasneem Jara,"ds,tbs",Independent Candidate (Independent),ds=0; tbs=44684,1.00,name+party match (sim=1.00) [vote-boosted]
Dhaka 9,1,Khandoker Mizanur Rahman,ds,Socialist Party of Bangladesh (Marxist) (SPB-M),ds=0,Khandaker Mizanur Rahman,tbs,Socialist Party of Bangladesh (Marxist) (SPB-M),tbs=93,1.00,name+party match (sim=1.00)
Dhaka 9,1,Khandaker Mizanur Rahman,dt,Socialist Party of Bangladesh (Marxist) (SPB-M),dt=93,Khandaker Mizanur Rahman,"ds,tbs",Socialist Party of Bangladesh (Marxist) (SPB-M),ds=0; tbs=93,1.00,name+party match (sim=1.00) [vote-boosted]
Dhaka 9,1,Md. Shafi Ullah Chowdhury,ds,Bangladesh Nationalist Front (BNF),ds=0,Md. Shafi Ullah Chowdhury,tbs,Bangladesh Nationalist Front (BNF),tbs=124,1.00,name+party match (sim=1.00)
Dhaka 9,1,Mohammad Shafi Ullah Chowdhury,dt,Bangladesh Nationalist Front (BNF),dt=124,Md. Shafi Ullah Chowdhury,"ds,tbs",Bangladesh Nationalist Front (BNF),ds=0; tbs=124,1.00,name+party match (sim=1.00) [vote-boosted]
Dhaka 9,1,Nazma Akhter,ds,Gono Forum (GF),ds=0,Nazma Akhtar,tbs,Gono Forum (GF),tbs=171,1.00,name+party match (sim=1.00)
Dhaka 9,1,Najma Akter,dt,Gono Forum (GF),dt=171,Nazma Akhtar,"ds,tbs",Gono Forum (GF),ds=0; tbs=171,0.91,name+party match (sim=0.91) [vote-boosted]
Dhaka 9,1,Nahid Hasan Chowdhury Jonayed,ds,Insaniyat Biplob Bangladesh (IBB),ds=0,Nahid Hasan Chowdhury Junaid,tbs,Insaniyat Biplob Bangladesh (IBB),tbs=131,0.97,name+party match (sim=0.97)
Dhaka 9,1,Nahid Hasan Chowdhury Junaid,dt,Insaniyat Biplob Bangladesh (IBB),dt=131,Nahid Hasan Chowdhury Jonayed,"ds,tbs",Insaniyat Biplob Bangladesh (IBB),ds=0; tbs=131,0.97,name+party match (sim=0.97) [vote-boosted]
Dhaka 9,1,Masud Hossain,ds,Bangladesh Muslim League (BML),ds=0,Masud Hossain,tbs,Bangladesh Muslim League (BML),tbs=118,1.00,name+party match (sim=1.00)
Dhaka 9,1,Masud Hossain,dt,Bangladesh Muslim League (BML),dt=118,Masud Hossain,"ds,tbs",Bangladesh Muslim League (BML),ds=0; tbs=118,1.00,name+party match (sim=1.00) [vote-boosted]
Dhaka 9,1,Md. Javed Mia,ds,National Citizen Party (NCP),ds=53460,Javed Rasin,tbs,National Citizen Party (NCP),tbs=53460,0.58,name+party match (sim=0.58) [vote-boosted]
Dhaka 9,1,Mohammad Javed Mia,bss,National Citizen Party (NCP),bss=53460,Md. Javed Mia,"ds,tbs",National Citizen Party (NCP),ds=53460; tbs=53460,1.00,name+party match (sim=1.00) [vote-boosted]
Dhaka 9,1,Mohammad Jabed Mia,dt,National Citizen Party (NCP),dt=53460,Mohammad Javed Mia,"bss,ds,tbs",National Citizen Party (NCP),bss=53460; ds=53460; tbs=53460,0.92,name+party match (sim=0.92) [vote-boosted]
Dhaka 9,1,Md. Moniruzzaman,ds,Communist Party of Bangladesh (CPB),ds=0,Md. Moniruzzaman,tbs,Communist Party of Bangladesh (CPB),tbs=462,1.00,name+party match (sim=1.00)
Dhaka 9,1,Md. Moniruzzaman,dt,Communist Party of Bangladesh (CPB),dt=462,Md. Moniruzzaman,"ds,tbs",Communist Party of Bangladesh (CPB),ds=0; tbs=462,1.00,name+party match (sim=1.00) [vote-boosted]
Dhaka 9,1,Shah Iftekhar Ahsan,ds,Islami Andolan Bangladesh (IAB),ds=0,Shah Iftekhar Ahsan,tbs,Islami Andolan Bangladesh (IAB),tbs=5827,1.00,name+party match (sim=1.00)
Dhaka 9,1,Shah Iftekhar Ahsan,dt,Islami Andolan Bangladesh (IAB),dt=5827,Shah Iftekhar Ahsan,"ds,tbs",Islami Andolan Bangladesh (IAB),ds=0; tbs=5827,1.00,name+party match (sim=1.00) [vote-boosted]
Dhaka 9,1,Shaheen Khan,ds,National People's Party (NPP),ds=0,Shaheen Khan,tbs,National People's Party (NPP),tbs=204,1.00,name+party match (sim=1.00)
Dhaka 9,1,Shahin Khan,dt,National People's Party (NPP),dt=204,Shaheen Khan,"ds,tbs",National People's Party (NPP),ds=0; tbs=204,1.00,name+party match (sim=1.00) [vote-boosted]
Dhaka 9,1,Habibur Rashid,ds,Bangladesh Nationalist Party (BNP),ds=111212,Habibur Rashid,tbs,Bangladesh Nationalist Party (BNP),tbs=111212,1.00,name+party match (sim=1.00) [vote-boosted]
Dhaka 9,1,Habibur Rashid,bss,Bangladesh Nationalist Party (BNP),bss=111212,Habibur Rashid,"ds,tbs",Bangladesh Nationalist Party (BNP),ds=111212; tbs=111212,1.00,name+party match (sim=1.00) [vote-boosted]
Dhaka 9,1,Habibur Rashid,dt,Bangladesh Nationalist Party (BNP),dt=111212,Habibur Rashid,"bss,ds,tbs",Bangladesh Nationalist Party (BNP),bss=111212; ds=111212; tbs=111212,1.00,name+party match (sim=1.00) [vote-boosted]
Dinajpur 1,1,Md. Chan Mia,ds,Islami Andolan Bangladesh (IAB),ds=0,Md. Chan Mia,tbs,Islami Andolan Bangladesh (IAB),tbs=3095,1.00,name+party match (sim=1.00)
Dinajpur 1,1,Md. Chan Mia,dt,Islami Andolan Bangladesh (IAB),dt=3095,Md. Chan Mia,"ds,tbs",Islami Andolan Bangladesh (IAB),ds=0; tbs=3095,1.00,name+party match (sim=1.00) [vote-boosted]
Dinajpur 1,1,Md. Matiur Rahman,ds,Bangladesh Jamaat-e-Islami (Jamaat),ds=117481,Md. Matiur Rahman,tbs,Bangladesh Jamaat-e-Islami (Jamaat),tbs=117481,1.00,name+party match (sim=1.00) [vote-boosted]
Dinajpur 1,1,Md. Matiur Rahman,bss,Bangladesh Jamaat-e-Islami (Jamaat),bss=117481,Md. Matiur Rahman,"ds,tbs",Bangladesh Jamaat-e-Islami (Jamaat),ds=117481; tbs=117481,1.00,name+party match (sim=1.00) [vote-boosted]
Dinajpur 1,1,Md. Matiur Rahman,dt,Bangladesh Jamaat-e-Islami (Jamaat),dt=117481,Md. Matiur Rahman,"bss,ds,tbs",Bangladesh Jamaat-e-Islami (Jamaat),bss=117481; ds=117481; tbs=117481,1.00,name+party match (sim=1.00) [vote-boosted]
Dinajpur 1,1,Md. Monjurul Islam,ds,Bangladesh Nationalist Party (BNP),ds=179314,Md. Manzurul Islam,tbs,Bangladesh Nationalist Party (BNP),tbs=179314,0.90,name+party match (sim=0.90) [vote-boosted]
Dinajpur 1,1,Md. Manjurul Islam,bss,Bangladesh Nationalist Party (BNP),bss=179314,Md. Manzurul Islam,"ds,tbs",Bangladesh Nationalist Party (BNP),ds=179314; tbs=179314,0.94,name+party match (sim=0.94) [vote-boosted]
Dinajpur 1,1,Md. Manjurul Islam,dt,Bangladesh Nationalist Party (BNP),dt=179314,Md. Manzurul Islam,"bss,ds,tbs",Bangladesh Nationalist Party (BNP),bss=179314; ds=179314; tbs=179314,0.94,name+party match (sim=0.94) [vote-boosted]
Dinajpur 1,1,Md. Rezuwanul Islam,ds,Gono Odhikar Parishad (GOP),ds=0,Md. Rizwanul Islam,tbs,Gono Odhikar Parishad (GOP),tbs=395,1.00,name+party match (sim=1.00)
Dinajpur 1,1,Md. Rizwanul Islam,dt,Gono Odhikar Parishad (GOP),dt=395,Md. Rezuwanul Islam,"ds,tbs",Gono Odhikar Parishad (GOP),ds=0; tbs=395,1.00,name+party match (sim=1.00) [vote-boosted]
Dinajpur 1,1,Md. Shahinur Islam,ds,Jatiya Party (JaPa),ds=0,Md. Shahinur Islam,tbs,Jatiya Party (JaPa),tbs=1530,1.00,name+party match (sim=1.00)
Dinajpur 1,1,Md. Shahinur Islam,dt,Jatiya Party (JaPa),dt=1530,Md. Shahinur Islam,"ds,tbs",Jatiya Party (JaPa),ds=0; tbs=1530,1.00,name+party match (sim=1.00) [vote-boosted]
Dinajpur 1,1,Raghunath Chandra Roy,ds,Zaker Party (ZP),ds=0,Raghunath Chandra Roy,tbs,Zaker Party (ZP),tbs=2280,1.00,name+party match (sim=1.00)
Dinajpur 1,1,Raghunath Chandra Roy,dt,Zaker Party (ZP),dt=2280,Raghunath Chandra Roy,"ds,tbs",Zaker Party (ZP),ds=0; tbs=2280,1.00,name+party match (sim=1.00) [vote-boosted]
Dinajpur 2,1,Anowar Chowdhury Jibon,ds,Independent Candidate (Independent),ds=0,Anwar Chowdhury Jibon,tbs,Independent Candidate (Independent),tbs=3857,1.00,name+party match (sim=1.00)
Dinajpur 2,1,Anwar Chowdhury Jibon,dt,Independent Candidate (Independent),dt=3857,Anowar Chowdhury Jibon,"ds,tbs",Independent Candidate (Independent),ds=0; tbs=3857,1.00,name+party match (sim=1.00) [vote-boosted]
Dinajpur 2,1,A. K. M. Afjalul Anam,ds,Bangladesh Jamaat-e-Islami (Jamaat),ds=101831,Akm Afzalul Anam,tbs,Bangladesh Jamaat-e-Islami (Jamaat),tbs=104887,0.88,name+party match (sim=0.88)
Dinajpur 2,1,"A, K, M Afzalul Anam",bss,Bangladesh Jamaat-e-Islami (Jamaat),bss=101831,A. K. M. Afjalul Anam,"ds,tbs",Bangladesh Jamaat-e-Islami (Jamaat),ds=101831; tbs=104887,0.88,name+party match (sim=0.88) [vote-boosted]
Dinajpur 2,1,AKM Afzalul Anam,dt,Bangladesh Jamaat-e-Islami (Jamaat),dt=104887,A. K. M. Afjalul Anam,"bss,ds,tbs",Bangladesh Jamaat-e-Islami (Jamaat),bss=101831; ds=101831; tbs=104887,0.88,name+party match (sim=0.88) [vote-boosted]
Dinajpur 2,1,Jobaier Sayed,ds,Khelafat Majlis,ds=0,Jobayer Sayed,tbs,Khelafat Majlis,tbs=1046,0.92,name+party match (sim=0.92)
Dinajpur 2,1,Zobayer Sayeed,dt,Khelafat Majlis,dt=1046,Jobayer Sayed,"ds,tbs",Khelafat Majlis,ds=0; tbs=1046,0.92,name+party match (sim=0.92) [vote-boosted]
Dinajpur 2,1,Muha Redwanul Karim Rabid,ds,Islami Andolan Bangladesh (IAB),ds=0,Md. Redwanul Karim Rabid,tbs,Islami Andolan Bangladesh (IAB),tbs=1061,0.92,name+party match (sim=0.92)
Dinajpur 2,1,Md. Redwanul Karim Rabid,dt,Islami Andolan Bangladesh (IAB),dt=1067,Muha Redwanul Karim Rabid,"ds,tbs",Islami Andolan Bangladesh (IAB),ds=0; tbs=1061,0.92,name+party match (sim=0.92)
Dinajpur 2,1,Md. Anm Bazlur Rashid,ds,Independent Candidate (Independent),ds=0,Anm Bazlur Rashid,tbs,Independent Candidate (Independent),tbs=15618,1.00,name+party match (sim=1.00)
Dinajpur 2,1,Md. ANM Bazlur Rashid,dt,Independent Candidate (Independent),dt=15618,Md. Anm Bazlur Rashid,"ds,tbs",Independent Candidate (Independent),ds=0; tbs=15618,1.00,name+party match (sim=1.00) [vote-boosted]
Dinajpur 2,1,Md. Zulfikar Hossain,ds,Jatiya Party (JaPa),ds=0,Md. Zulfikar Hossain,tbs,Jatiya Party (JaPa),tbs=4647,1.00,name+party match (sim=1.00)
Dinajpur 2,1,Md. Zulfikar Hossain,dt,Jatiya Party (JaPa),dt=4647,Md. Zulfikar Hossain,"ds,tbs",Jatiya Party (JaPa),ds=0; tbs=4647,1.00,name+party match (sim=1.00) [vote-boosted]
Dinajpur 2,1,Md. Mokaram Hossain,ds,Bangladesh Muslim League (BML),ds=0,Md. Mokaram Hossain,tbs,Bangladesh Muslim League (BML),tbs=4610,1.00,name+party match (sim=1.00)
Dinajpur 2,1,Md. Mokarram Hossain,dt,Bangladesh Muslim League (BML),dt=461,Md. Mokaram Hossain,"ds,tbs",Bangladesh Muslim League (BML),ds=0; tbs=4610,0.97,name+party match (sim=0.97)
Dinajpur 2,1,Md. Sadiq Reaz,ds,Bangladesh Nationalist Party (BNP),ds=144317,Md. Sadiq Riaz,tbs,Bangladesh Nationalist Party (BNP),tbs=139622,1.00,name+party match (sim=1.00)
Dinajpur 2,1,Md. Sadiq Riaz,bss,Bangladesh Nationalist Party (BNP),bss=144317,Md. Sadiq Riaz,"ds,tbs",Bangladesh Nationalist Party (BNP),ds=144317; tbs=139622,1.00,name+party match (sim=1.00) [vote-boosted]
Dinajpur 2,1,Md. Sadik Riyaz,dt,Bangladesh Nationalist Party (BNP),dt=139622,Md. Sadiq Riaz,"bss,ds,tbs",Bangladesh Nationalist Party (BNP),bss=144317; ds=144317; tbs=139622,0.90,name+party match (sim=0.90) [vote-boosted]
Dinajpur 3,1,Amrit Kumar Roy,ds,Communist Party of Bangladesh (CPB),ds=0,Amrit Kumar Roy,tbs,Communist Party of Bangladesh (CPB),tbs=701,1.00,name+party match (sim=1.00)
Dinajpur 3,1,Amrit Kumar Roy,dt,Communist Party of Bangladesh (CPB),dt=701,Amrit Kumar Roy,"ds,tbs",Communist Party of Bangladesh (CPB),ds=0; tbs=701,1.00,name+party match (sim=1.00) [vote-boosted]
Dinajpur 3,1,Ahmed Shafi Rubel,ds,Jatiya Party (JaPa),ds=0,Ahmed Shafi Rubel,tbs,Jatiya Party (JaPa),tbs=3838,1.00,name+party match (sim=1.00)
Dinajpur 3,1,Ahmed Shafi Rubel,dt,Jatiya Party (JaPa),dt=3838,Ahmed Shafi Rubel,"ds,tbs",Jatiya Party (JaPa),ds=0; tbs=3838,1.00,name+party match (sim=1.00) [vote-boosted]
Dinajpur 3,1,Md. Khairuzzaman,ds,Islami Andolan Bangladesh (IAB),ds=0,Md. Khairuzzaman,tbs,Islami Andolan Bangladesh (IAB),tbs=1408,1.00,name+party match (sim=1.00)
Dinajpur 3,1,Md. Khairuzzaman,dt,Islami Andolan Bangladesh (IAB),dt=1408,Md. Khairuzzaman,"ds,tbs",Islami Andolan Bangladesh (IAB),ds=0; tbs=1408,1.00,name+party match (sim=1.00) [vote-boosted]
Dinajpur 3,1,Md. Maynul Alam,ds,Bangladesh Jamaat-e-Islami (Jamaat),ds=134618,Md. Mainul Alam,tbs,Bangladesh Jamaat-e-Islami (Jamaat),tbs=136239,0.93,name+party match (sim=0.93)
Dinajpur 3,1,Md. Mainul Alam,bss,Bangladesh Jamaat-e-Islami (Jamaat),bss=134618,Md. Mainul Alam,"ds,tbs",Bangladesh Jamaat-e-Islami (Jamaat),ds=134618; tbs=136239,1.00,name+party match (sim=1.00) [vote-boosted]
Dinajpur 3,1,Md. Mainul Alam,dt,Bangladesh Jamaat-e-Islami (Jamaat),dt=136239,Md. Mainul Alam,"bss,ds,tbs",Bangladesh Jamaat-e-Islami (Jamaat),bss=134618; ds=134618; tbs=136239,1.00,name+party match (sim=1.00) [vote-boosted]
Dinajpur 3,1,Syed Jahangir Alam,ds,Bangladesh Nationalist Party (BNP),ds=139207,Syed Jahangir Alam,tbs,Bangladesh Nationalist Party (BNP),tbs=140608,1.00,name+party match (sim=1.00)
Dinajpur 3,1,Syed Jahangir Alam,bss,Bangladesh Nationalist Party (BNP),bss=139207,Syed Jahangir Alam,"ds,tbs",Bangladesh Nationalist Party (BNP),ds=139207; tbs=140608,1.00,name+party match (sim=1.00) [vote-boosted]
Dinajpur 3,1,Syed Jahangir Alam,dt,Bangladesh Nationalist Party (BNP),dt=140608,Syed Jahangir Alam,"bss,ds,tbs",Bangladesh Nationalist Party (BNP),bss=139207; ds=139207; tbs=140608,1.00,name+party match (sim=1.00) [vote-boosted]
Dinajpur 3,1,Md. Rabiul Islam,ds,Janotar Dol,ds=0,Md. Rabiul Islam,tbs,Janotar Dol,tbs=337,1.00,name+party match (sim=1.00)
Dinajpur 3,1,Md. Rabiul Islam,dt,Janotar Dol,dt=337,Md. Rabiul Islam,"ds,tbs",Janotar Dol,ds=0; tbs=337,1.00,name+party match (sim=1.00) [vote-boosted]
Dinajpur 3,1,Kibria Hossain,ds,Bangladesh Samajtantrik Dal (Basad),ds=0,Kibria Hossain,tbs,Bangladesh Samajtantrik Dal (Basad),tbs=283,1.00,name+party match (sim=1.00)
Dinajpur 3,1,Kibria Hossain,dt,Bangladesh Samajtantrik Dal (Basad),dt=283,Kibria Hossain,"ds,tbs",Bangladesh Samajtantrik Dal (Basad),ds=0; tbs=283,1.00,name+party match (sim=1.00) [vote-boosted]
Dinajpur 3,1,Laila Tul Rima,dt,Bangladesh Muslim League (BML),dt=214,Laila Tul Rima,ds,Bangladesh Muslim League (BML),ds=0,1.00,name+party match (sim=1.00)
Dinajpur 4,1,Akhtaruzzaman Mia,ds,Bangladesh Nationalist Party (BNP),ds=165577,Md. Akhtaruzzaman Mia,tbs,Bangladesh Nationalist Party (BNP),tbs=166717,1.00,name+party match (sim=1.00)
Dinajpur 4,1,Md. Akhtaruzzaman Mia,bss,Bangladesh Nationalist Party (BNP),bss=165577,Md. Akhtaruzzaman Mia,"ds,tbs",Bangladesh Nationalist Party (BNP),ds=165577; tbs=166717,1.00,name+party match (sim=1.00) [vote-boosted]
Dinajpur 4,1,Md. Akhtaruzzaman Mia,dt,Bangladesh Nationalist Party (BNP),dt=166717,Md. Akhtaruzzaman Mia,"bss,ds,tbs",Bangladesh Nationalist Party (BNP),bss=165577; ds=165577; tbs=166717,1.00,name+party match (sim=1.00) [vote-boosted]
Dinajpur 4,1,Md. Anwar Hossain,ds,Islami Andolan Bangladesh (IAB),ds=0,Md. Anwar Hossain,tbs,Islami Andolan Bangladesh (IAB),tbs=1699,1.00,name+party match (sim=1.00)
Dinajpur 4,1,Md. Anwar Hossain,dt,Islami Andolan Bangladesh (IAB),dt=1699,Md. Anwar Hossain,"ds,tbs",Islami Andolan Bangladesh (IAB),ds=0; tbs=1699,1.00,name+party match (sim=1.00) [vote-boosted]
Dinajpur 4,1,Md. Aftab Uddin Molla,ds,Bangladesh Jamaat-e-Islami (Jamaat),ds=127666,Md. Aftabuddin Molla,tbs,Bangladesh Jamaat-e-Islami (Jamaat),tbs=129056,1.00,name+party match (sim=1.00)
Dinajpur 4,1,Md. Aftab Uddin Mollah,bss,Bangladesh Jamaat-e-Islami (Jamaat),bss=127666,Md. Aftab Uddin Molla,"ds,tbs",Bangladesh Jamaat-e-Islami (Jamaat),ds=127666; tbs=129056,1.00,name+party match (sim=1.00) [vote-boosted]
Dinajpur 4,1,Md. Aftab Uddin Molla,dt,Bangladesh Jamaat-e-Islami (Jamaat),dt=129056,Md. Aftab Uddin Mollah,"bss,ds,tbs",Bangladesh Jamaat-e-Islami (Jamaat),bss=127666; ds=127666; tbs=129056,1.00,name+party match (sim=1.00) [vote-boosted]
Dinajpur 4,1,Md. Nurul Amin Shah,ds,Jatiya Party (JaPa),ds=0,Md. Nurul Amin Shah,tbs,Jatiya Party (JaPa),tbs=3152,1.00,name+party match (sim=1.00)
Dinajpur 4,1,Md. Nurul Amin Shah,dt,Jatiya Party (JaPa),dt=3152,Md. Nurul Amin Shah,"ds,tbs",Jatiya Party (JaPa),ds=0; tbs=3152,1.00,name+party match (sim=1.00) [vote-boosted]
Dinajpur 5,1,Akm Qamruzzaman,ds,Bangladesh Nationalist Party (BNP),ds=0,Akm Kamruzzaman,tbs,Bangladesh Nationalist Party (BNP),tbs=98544,0.93,name+party match (sim=0.93)
Dinajpur 5,1,AKM Kamruzzaman,dt,Bangladesh Nationalist Party (BNP),dt=98544,Akm Kamruzzaman,"ds,tbs",Bangladesh Nationalist Party (BNP),ds=0; tbs=98544,1.00,name+party match (sim=1.00) [vote-boosted]
Dinajpur 5,1,A. Z. M. Rezwanul Haque,ds,Independent Candidate (Independent),ds=113650,Azm Rezwanul Haque,tbs,Independent Candidate (Independent),tbs=114484,1.00,name+party match (sim=1.00)
Dinajpur 5,1,"A, Z, M, Rezwanul Haque",bss,Independent Candidate (Independent),bss=113650,A. Z. M. Rezwanul Haque,"ds,tbs",Independent Candidate (Independent),ds=113650; tbs=114484,1.00,name+party match (sim=1.00) [vote-boosted]
Dinajpur 5,1,AZM Rezwanul Haque,dt,Independent Candidate (Independent),dt=114484,A. Z. M. Rezwanul Haque,"bss,ds,tbs",Independent Candidate (Independent),bss=113650; ds=113650; tbs=114484,1.00,name+party match (sim=1.00) [vote-boosted]
Dinajpur 5,1,Sm Zakaria Bacchu,ds,Independent Candidate (Independent),ds=0,S. M. Zakaria Bacchu,tbs,Independent Candidate (Independent),tbs=4725,1.00,name+party match (sim=1.00)
Dinajpur 5,1,SM Zakaria Bacchu,dt,Independent Candidate (Independent),dt=4725,S. M. Zakaria Bacchu,"ds,tbs",Independent Candidate (Independent),ds=0; tbs=4725,1.00,name+party match (sim=1.00) [vote-boosted]
Dinajpur 5,1,Md. Kazi Abdul Gafur,ds,Jatiya Party (JaPa),ds=0,Md. Kazi Abdul Gafur,tbs,Jatiya Party (JaPa),tbs=1503,1.00,name+party match (sim=1.00)
Dinajpur 5,1,Md. Kazi Abdul Gafur,dt,Jatiya Party (JaPa),dt=1503,Md. Kazi Abdul Gafur,"ds,tbs",Jatiya Party (JaPa),ds=0; tbs=1503,1.00,name+party match (sim=1.00) [vote-boosted]
Dinajpur 5,1,Md. Rustom Ali,ds,Independent Candidate (Independent),ds=0,Md. Rustam Ali,tbs,Independent Candidate (Independent),tbs=567,1.00,name+party match (sim=1.00)
Dinajpur 5,1,Md. Rustam Ali,dt,Independent Candidate (Independent),dt=567,Md. Rustam Ali,"ds,tbs",Independent Candidate (Independent),ds=0; tbs=567,1.00,name+party match (sim=1.00) [vote-boosted]
Dinajpur 5,1,Md. Hazrat Ali Belal,ds,Independent Candidate (Independent),ds=0,Md. Hazrat Ali Belal,tbs,Independent Candidate (Independent),tbs=3027,1.00,name+party match (sim=1.00)
Dinajpur 5,1,Md. Hazrat Ali Belal,dt,Independent Candidate (Independent),dt=3027,Md. Hazrat Ali Belal,"ds,tbs",Independent Candidate (Independent),ds=0; tbs=3027,1.00,name+party match (sim=1.00) [vote-boosted]
Dinajpur 5,1,Md. Abdul Ahad,ds,National Citizen Party (NCP),ds=108948,Md. Abdul Ahad,tbs,National Citizen Party (NCP),tbs=110195,1.00,name+party match (sim=1.00)
Dinajpur 5,1,Md. Abdul Ahad,bss,National Citizen Party (NCP),bss=108948,Md. Abdul Ahad,"ds,tbs",National Citizen Party (NCP),ds=108948; tbs=110195,1.00,name+party match (sim=1.00) [vote-boosted]
Dinajpur 5,1,Md. Abdul Ahad,dt,National Citizen Party (NCP),dt=110195,Md. Abdul Ahad,"bss,ds,tbs",National Citizen Party (NCP),bss=108948; ds=108948; tbs=110195,1.00,name+party match (sim=1.00) [vote-boosted]
Dinajpur 6,1,Abu Zafar Md. Zahid Hossain,ds,Bangladesh Nationalist Party (BNP),ds=203887,Abu Jafar Md. Zahid Hossain,tbs,Bangladesh Nationalist Party (BNP),tbs=205118,0.96,name+party match (sim=0.96)
Dinajpur 6,1,Abu Zafar Md. Zahid Hossain,bss,Bangladesh Nationalist Party (BNP),bss=203887,Abu Jafar Md. Zahid Hossain,"ds,tbs",Bangladesh Nationalist Party (BNP),ds=203887; tbs=205118,0.96,name+party match (sim=0.96) [vote-boosted]
Dinajpur 6,1,Abu Zafar Md. Zahid Hossain,dt,Bangladesh Nationalist Party (BNP),dt=205118,Abu Jafar Md. Zahid Hossain,"bss,ds,tbs",Bangladesh Nationalist Party (BNP),bss=203887; ds=203887; tbs=205118,0.96,name+party match (sim=0.96) [vote-boosted]
Dinajpur 6,1,Md. Abdullah,ds,Independent Candidate (Independent),ds=0,Md. Abdullah,tbs,Independent Candidate (Independent),tbs=418,1.00,name+party match (sim=1.00)
Dinajpur 6,1,Md. Abdullah,dt,Independent Candidate (Independent),dt=418,Md. Abdullah,"ds,tbs",Independent Candidate (Independent),ds=0; tbs=418,1.00,name+party match (sim=1.00) [vote-boosted]
Dinajpur 6,1,Md. Nur Alam Siddik,ds,Islami Andolan Bangladesh (IAB),ds=0,Md. Nur Alam Siddiqui,tbs,Islami Andolan Bangladesh (IAB),tbs=1659,0.90,name+party match (sim=0.90)
Dinajpur 6,1,Md. Nur Alam Siddique,dt,Islami Andolan Bangladesh (IAB),dt=1659,Md. Nur Alam Siddiqui,"ds,tbs",Islami Andolan Bangladesh (IAB),ds=0; tbs=1659,1.00,name+party match (sim=1.00) [vote-boosted]
Dinajpur 6,1,Md. Rezaul Haque,ds,Jatiya Party (JaPa),ds=0,Md. Rezaul Haque,tbs,Jatiya Party (JaPa),tbs=2689,1.00,name+party match (sim=1.00)
Dinajpur 6,1,Md. Rezaul Haque,dt,Jatiya Party (JaPa),dt=2689,Md. Rezaul Haque,"ds,tbs",Jatiya Party (JaPa),ds=0; tbs=2689,1.00,name+party match (sim=1.00) [vote-boosted]
Dinajpur 6,1,Md. Shahnaoj Feroze Shuvo Shah,ds,Independent Candidate (Independent),ds=0,Md. Shahnewaz Firoz Shuvo Shah,tbs,Independent Candidate (Independent),tbs=152,0.91,name+party match (sim=0.91)
Dinajpur 6,1,Md. Shahnewaz Firoz Shuvo Shah,dt,Independent Candidate (Independent),dt=152,Md. Shahnewaz Firoz Shuvo Shah,"ds,tbs",Independent Candidate (Independent),ds=0; tbs=152,1.00,name+party match (sim=1.00) [vote-boosted]
Dinajpur 6,1,Md. Anowarul Islam,ds,Bangladesh Jamaat-e-Islami (Jamaat),ds=188719,Md. Anwarul Islam,tbs,Bangladesh Jamaat-e-Islami (Jamaat),tbs=190703,1.00,name+party match (sim=1.00)
Dinajpur 6,1,Md. Anwarul Islam,bss,Bangladesh Jamaat-e-Islami (Jamaat),bss=188719,Md. Anowarul Islam,"ds,tbs",Bangladesh Jamaat-e-Islami (Jamaat),ds=188719; tbs=190703,1.00,name+party match (sim=1.00) [vote-boosted]
Dinajpur 6,1,Md. Anwarul Islam,dt,Bangladesh Jamaat-e-Islami (Jamaat),dt=190703,Md. Anowarul Islam,"bss,ds,tbs",Bangladesh Jamaat-e-Islami (Jamaat),bss=188719; ds=188719; tbs=190703,1.00,name+party match (sim=1.00) [vote-boosted]
Dinajpur 6,1,Md. Abdul Hakim,ds,Bangladesh Samajtantrik Dal (Basad),ds=0,Md. Abdul Hakim,tbs,Bangladesh Samajtantrik Dal (Basad),tbs=449,1.00,name+party match (sim=1.00)
Dinajpur 6,1,Md. Abdul Hakim,dt,Bangladesh Samajtantrik Dal (Basad),dt=449,Md. Abdul Hakim,"ds,tbs",Bangladesh Samajtantrik Dal (Basad),ds=0; tbs=449,1.00,name+party match (sim=1.00) [vote-boosted]
Faridpur 1,1,Khandaker Nasirul Islam,ds,Bangladesh Nationalist Party (BNP),ds=126475,Khandaker Nasirul Islam,tbs,Bangladesh Nationalist Party (BNP),tbs=126476,1.00,name+party match (sim=1.00)
Faridpur 1,1,Khandokar Nasirul Islam,bss,Bangladesh Nationalist Party (BNP),bss=126476,Khandaker Nasirul Islam,"ds,tbs",Bangladesh Nationalist Party (BNP),ds=126475; tbs=126476,1.00,name+party match (sim=1.00) [vote-boosted]
Faridpur 1,1,Khandaker Nasirul Islam,dt,Bangladesh Nationalist Party (BNP),dt=126476,Khandaker Nasirul Islam,"bss,ds,tbs",Bangladesh Nationalist Party (BNP),bss=126476; ds=126475; tbs=126476,1.00,name+party match (sim=1.00) [vote-boosted]
Faridpur 1,1,Md. Hasibur Rahman,ds,Independent Candidate (Independent),ds=0,Md. Hasibur Rahman,tbs,Independent Candidate (Independent),tbs=455,1.00,name+party match (sim=1.00)
Faridpur 1,1,Md. Hasibur Rahman,dt,Independent Candidate (Independent),dt=455,Md. Hasibur Rahman,"ds,tbs",Independent Candidate (Independent),ds=0; tbs=455,1.00,name+party match (sim=1.00) [vote-boosted]
Faridpur 1,1,Sheikh Abdur Rahman Ziko,ds,Independent Candidate (Independent),ds=0,Sheikh Abdur Rahman Jiko,tbs,Independent Candidate (Independent),tbs=84,0.96,name+party match (sim=0.96)
Faridpur 1,1,Sheikh Abdur Rahman Ziko,dt,Independent Candidate (Independent),dt=84,Sheikh Abdur Rahman Jiko,"ds,tbs",Independent Candidate (Independent),ds=0; tbs=84,0.96,name+party match (sim=0.96) [vote-boosted]
Faridpur 1,1,Sultan Ahmed Khan,ds,Jatiya Party (JaPa),ds=0,Sultan Ahmed Khan,tbs,Jatiya Party (JaPa),tbs=506,1.00,name+party match (sim=1.00)
Faridpur 1,1,Sultan Ahmed Khan,dt,Jatiya Party (JaPa),dt=506,Sultan Ahmed Khan,"ds,tbs",Jatiya Party (JaPa),ds=0; tbs=506,1.00,name+party match (sim=1.00) [vote-boosted]
Faridpur 1,1,Md. Golam Kabir Mia,ds,Independent Candidate (Independent),ds=0,Md. Golam Kabir Mia,tbs,Independent Candidate (Independent),tbs=2159,1.00,name+party match (sim=1.00)
Faridpur 1,1,Md. Golam Kabir Mia,dt,Independent Candidate (Independent),dt=2059,Md. Golam Kabir Mia,"ds,tbs",Independent Candidate (Independent),ds=0; tbs=2159,1.00,name+party match (sim=1.00)
Faridpur 1,1,Md. Abul Basar Khan,ds,Independent Candidate (Independent),ds=0,Md. Abul Bashar Khan,tbs,Independent Candidate (Independent),tbs=34387,0.97,name+party match (sim=0.97)
Faridpur 1,1,Md. Abul Basar Khan,dt,Independent Candidate (Independent),dt=34387,Md. Abul Bashar Khan,"ds,tbs",Independent Candidate (Independent),ds=0; tbs=34387,0.97,name+party match (sim=0.97) [vote-boosted]
Faridpur 1,1,Md. Elias Molla,ds,Bangladesh Jamaat-e-Islami (Jamaat),ds=154772,Md. Elias Molla,tbs,Bangladesh Jamaat-e-Islami (Jamaat),tbs=154145,1.00,name+party match (sim=1.00)
Faridpur 1,1,Md. Elias Molla,bss,Bangladesh Jamaat-e-Islami (Jamaat),bss=154145,Md. Elias Molla,"ds,tbs",Bangladesh Jamaat-e-Islami (Jamaat),ds=154772; tbs=154145,1.00,name+party match (sim=1.00) [vote-boosted]
Faridpur 1,1,Md. Ilias Mollah,dt,Bangladesh Jamaat-e-Islami (Jamaat),dt=154145,Md. Elias Molla,"bss,ds,tbs",Bangladesh Jamaat-e-Islami (Jamaat),bss=154145; ds=154772; tbs=154145,1.00,name+party match (sim=1.00) [vote-boosted]
Faridpur 1,1,Mrinmoy Kanti Das,ds,Bangladesh Minority Janata Party (BMJP),ds=0,Mrinmoy Kanti Das,tbs,Bangladesh Minority Janata Party (BMJP),tbs=786,1.00,name+party match (sim=1.00)
Faridpur 1,1,Mrinmoy Kanti Das,dt,Bangladesh Minority Janata Party (BMJP),dt=786,Mrinmoy Kanti Das,"ds,tbs",Bangladesh Minority Janata Party (BMJP),ds=0; tbs=786,1.00,name+party match (sim=1.00) [vote-boosted]
Faridpur 1,1,Mohammad Arifur Rahman,dt,Independent Candidate (Independent),dt=0,Md. Arifur Rahman,ds,Independent Candidate (Independent),ds=0,1.00,name+party match (sim=1.00)
Faridpur 2,1,Shah Md. Jamal Uddin,ds,Islami Andolan Bangladesh (IAB),ds=0,Shah Md. Jamal Uddin,tbs,Islami Andolan Bangladesh (IAB),tbs=2368,1.00,name+party match (sim=1.00)
Faridpur 2,1,Shah Md. Jamal Uddin,dt,Islami Andolan Bangladesh (IAB),dt=2368,Shah Md. Jamal Uddin,"ds,tbs",Islami Andolan Bangladesh (IAB),ds=0; tbs=2368,1.00,name+party match (sim=1.00) [vote-boosted]
Faridpur 2,1,Akramuzzaman,ds,Insaniyat Biplob Bangladesh (IBB),ds=0,Akramuzzaman,tbs,Insaniyat Biplob Bangladesh (IBB),tbs=617,1.00,name+party match (sim=1.00)
Faridpur 2,1,Akramuzzaman,dt,Insaniyat Biplob Bangladesh (IBB),dt=0,Akramuzzaman,"ds,tbs",Insaniyat Biplob Bangladesh (IBB),ds=0; tbs=617,1.00,name+party match (sim=1.00)
Faridpur 2,1,Shama Obaid Islam,ds,Bangladesh Nationalist Party (BNP),ds=121694,Shama Obaid Islam,tbs,Bangladesh Nationalist Party (BNP),tbs=121694,1.00,name+party match (sim=1.00) [vote-boosted]
Faridpur 2,1,Shama Obaid Islam,bss,Bangladesh Nationalist Party (BNP),bss=121694,Shama Obaid Islam,"ds,tbs",Bangladesh Nationalist Party (BNP),ds=121694; tbs=121694,1.00,name+party match (sim=1.00) [vote-boosted]
Faridpur 2,1,Shama Obayed Islam,dt,Bangladesh Nationalist Party (BNP),dt=121694,Shama Obaid Islam,"bss,ds,tbs",Bangladesh Nationalist Party (BNP),bss=121694; ds=121694; tbs=121694,0.94,name+party match (sim=0.94) [vote-boosted]
Faridpur 2,1,Md. Akram Ali,ds,Khelafat Majlis,ds=89305,Md. Akram Ali,tbs,Khelafat Majlis,tbs=89305,1.00,name+party match (sim=1.00) [vote-boosted]
Faridpur 2,1,Md. Akram Ali,bss,Khelafat Majlis,bss=89305,Md. Akram Ali,"ds,tbs",Khelafat Majlis,ds=89305; tbs=89305,1.00,name+party match (sim=1.00) [vote-boosted]
Faridpur 2,1,Md. Akram Ali,dt,Khelafat Majlis,dt=89305,Md. Akram Ali,"bss,ds,tbs",Khelafat Majlis,bss=89305; ds=89305; tbs=89305,1.00,name+party match (sim=1.00) [vote-boosted]
Faridpur 2,1,Farooq Fakir,ds,Gono Odhikar Parishad (GOP),ds=0,Faruk Fakir,tbs,Gono Odhikar Parishad (GOP),tbs=675,0.83,name+party match (sim=0.83)
Faridpur 2,1,Faruk Fakir,dt,Gono Odhikar Parishad (GOP),dt=675,Farooq Fakir,"ds,tbs",Gono Odhikar Parishad (GOP),ds=0; tbs=675,0.83,name+party match (sim=0.83) [vote-boosted]
Faridpur 2,1,Md. Nazmul Hasan,ds,Bangladesh Congress,ds=0,Md. Nazmul Hasan,tbs,Bangladesh Congress,tbs=257,1.00,name+party match (sim=1.00)
Faridpur 2,1,Md. Nazmul Hasan,dt,Bangladesh Congress,dt=257,Md. Nazmul Hasan,"ds,tbs",Bangladesh Congress,ds=0; tbs=257,1.00,name+party match (sim=1.00) [vote-boosted]
Faridpur 3,1,Arifa Akhter Baby,ds,Jatiya Samajtantrik Dal (JSD),ds=0,Arifa Akter Baby,tbs,Jatiya Samajtantrik Dal (JSD),tbs=251,1.00,name+party match (sim=1.00)
Faridpur 3,1,Arifa Akter Baby,dt,Jatiya Samajtantrik Dal (JSD),dt=251,Arifa Akhter Baby,"ds,tbs",Jatiya Samajtantrik Dal (JSD),ds=0; tbs=251,1.00,name+party match (sim=1.00) [vote-boosted]
Faridpur 3,1,Nayab Yusuf Ahmed,ds,Bangladesh Nationalist Party (BNP),ds=148545,Nayab Yusuf Ahmed,tbs,Bangladesh Nationalist Party (BNP),tbs=148545,1.00,name+party match (sim=1.00) [vote-boosted]
Faridpur 3,1,Nayab Yusuf Ahmed,bss,Bangladesh Nationalist Party (BNP),bss=148545,Nayab Yusuf Ahmed,"ds,tbs",Bangladesh Nationalist Party (BNP),ds=148545; tbs=148545,1.00,name+party match (sim=1.00) [vote-boosted]
Faridpur 3,1,Nayab Yusuf Ahmed,dt,Bangladesh Nationalist Party (BNP),dt=148545,Nayab Yusuf Ahmed,"bss,ds,tbs",Bangladesh Nationalist Party (BNP),bss=148545; ds=148545; tbs=148545,1.00,name+party match (sim=1.00) [vote-boosted]
Faridpur 3,1,Morshedul Islam Asif,ds,Independent Candidate (Independent),ds=0,Morshedul Islam Asif,tbs,Independent Candidate (Independent),tbs=1253,1.00,name+party match (sim=1.00)
Faridpur 3,1,Morshedul Islam Asif,dt,Independent Candidate (Independent),dt=1253,Morshedul Islam Asif,"ds,tbs",Independent Candidate (Independent),ds=0; tbs=1253,1.00,name+party match (sim=1.00) [vote-boosted]
Faridpur 3,1,Md. Abdut Tawab,ds,Bangladesh Jamaat-e-Islami (Jamaat),ds=124115,Md. Abdut Tawab,tbs,Bangladesh Jamaat-e-Islami (Jamaat),tbs=124115,1.00,name+party match (sim=1.00) [vote-boosted]
Faridpur 3,1,Md. Abdut Tawab,bss,Bangladesh Jamaat-e-Islami (Jamaat),bss=124115,Md. Abdut Tawab,"ds,tbs",Bangladesh Jamaat-e-Islami (Jamaat),ds=124115; tbs=124115,1.00,name+party match (sim=1.00) [vote-boosted]
Faridpur 3,1,Md. Abdut Tawab,dt,Bangladesh Jamaat-e-Islami (Jamaat),dt=124115,Md. Abdut Tawab,"bss,ds,tbs",Bangladesh Jamaat-e-Islami (Jamaat),bss=124115; ds=124115; tbs=124115,1.00,name+party match (sim=1.00) [vote-boosted]
Faridpur 3,1,K. M. Sarowar,ds,Islami Andolan Bangladesh (IAB),ds=0,Km Sarwar,tbs,Islami Andolan Bangladesh (IAB),tbs=4022,1.00,name+party match (sim=1.00)
Faridpur 3,1,K. M. Sarwar,dt,Islami Andolan Bangladesh (IAB),dt=4022,K. M. Sarowar,"ds,tbs",Islami Andolan Bangladesh (IAB),ds=0; tbs=4022,1.00,name+party match (sim=1.00) [vote-boosted]
Faridpur 3,1,Md. Rafiquzzaman Mia,ds,Communist Party of Bangladesh (CPB),ds=0,Md. Rafiquzzaman Mia,tbs,Communist Party of Bangladesh (CPB),tbs=957,1.00,name+party match (sim=1.00)
Faridpur 3,1,Md. Rafiquzzaman Mia,dt,Communist Party of Bangladesh (CPB),dt=967,Md. Rafiquzzaman Mia,"ds,tbs",Communist Party of Bangladesh (CPB),ds=0; tbs=957,1.00,name+party match (sim=1.00)
Faridpur 4,1,Mizanur Rahman,ds,Khelafat Majlis,ds=0,Mizanur Rahman,tbs,Khelafat Majlis,tbs=1118,1.00,name+party match (sim=1.00)
Faridpur 4,1,Mizanur Rahman,dt,Khelafat Majlis,dt=1118,Mizanur Rahman,"ds,tbs",Khelafat Majlis,ds=0; tbs=1118,1.00,name+party match (sim=1.00) [vote-boosted]
Faridpur 4,1,Md. Sarwar Hossain,ds,Bangladesh Jamaat-e-Islami (Jamaat),ds=75805,Md. Sarwar Hossain,tbs,Bangladesh Jamaat-e-Islami (Jamaat),tbs=75805,1.00,name+party match (sim=1.00) [vote-boosted]
Faridpur 4,1,Md. Sarwar Hossain,bss,Bangladesh Jamaat-e-Islami (Jamaat),bss=75805,Md. Sarwar Hossain,"ds,tbs",Bangladesh Jamaat-e-Islami (Jamaat),ds=75805; tbs=75805,1.00,name+party match (sim=1.00) [vote-boosted]
Faridpur 4,1,Md. Sarwar Hossain,dt,Bangladesh Jamaat-e-Islami (Jamaat),dt=75805,Md. Sarwar Hossain,"bss,ds,tbs",Bangladesh Jamaat-e-Islami (Jamaat),bss=75805; ds=75805; tbs=75805,1.00,name+party match (sim=1.00) [vote-boosted]
Faridpur 4,1,Raihan Jamil,ds,Jatiya Party (JaPa),ds=0,Rayhan Jamil,tbs,Jatiya Party (JaPa),tbs=550,0.92,name+party match (sim=0.92)
Faridpur 4,1,Raihan Jamil,dt,Jatiya Party (JaPa),dt=550,Rayhan Jamil,"ds,tbs",Jatiya Party (JaPa),ds=0; tbs=550,0.92,name+party match (sim=0.92) [vote-boosted]
Faridpur 4,1,A. A. M. Mujahid Beg,ds,Independent Candidate (Independent),ds=0,Aam Mujahid Beg,tbs,Independent Candidate (Independent),tbs=56160,1.00,name+party match (sim=1.00)
Faridpur 4,1,A. A. M. Mujahid Beg,dt,Independent Candidate (Independent),dt=56160,A. A. M. Mujahid Beg,"ds,tbs",Independent Candidate (Independent),ds=0; tbs=56160,1.00,name+party match (sim=1.00) [vote-boosted]
Faridpur 4,1,Md. Mujibur Hossain,ds,Independent Candidate (Independent),ds=0,Md. Mujibur Hossain,tbs,Independent Candidate (Independent),tbs=1708,1.00,name+party match (sim=1.00)
Faridpur 4,1,Muhammad Mujibur Hossain,dt,Independent Candidate (Independent),dt=1704,Md. Mujibur Hossain,"ds,tbs",Independent Candidate (Independent),ds=0; tbs=1708,1.00,name+party match (sim=1.00)
Faridpur 4,1,Md. Shahidul Islam,ds,Bangladesh Nationalist Party (BNP),ds=127443,Md. Shahidul Islam,tbs,Bangladesh Nationalist Party (BNP),tbs=127443,1.00,name+party match (sim=1.00) [vote-boosted]
Faridpur 4,1,Md. Shahidul Islam,bss,Bangladesh Nationalist Party (BNP),bss=127443,Md. Shahidul Islam,"ds,tbs",Bangladesh Nationalist Party (BNP),ds=127443; tbs=127443,1.00,name+party match (sim=1.00) [vote-boosted]
Faridpur 4,1,Md. Shahidul Islam,dt,Bangladesh Nationalist Party (BNP),dt=127443,Md. Shahidul Islam,"bss,ds,tbs",Bangladesh Nationalist Party (BNP),bss=127443; ds=127443; tbs=127443,1.00,name+party match (sim=1.00) [vote-boosted]
Faridpur 4,1,Md. Ishaq Chokder,ds,Islami Andolan Bangladesh (IAB),ds=0,Md. Ishak Chokdar,tbs,Islami Andolan Bangladesh (IAB),tbs=11498,0.90,name+party match (sim=0.90)
Faridpur 4,1,Md. Ishaq Chowdhury,dt,Islami Andolan Bangladesh (IAB),dt=11498,Md. Ishak Chokdar,"ds,tbs",Islami Andolan Bangladesh (IAB),ds=0; tbs=11498,0.78,name+party match (sim=0.78) [vote-boosted]
Faridpur 4,1,Ataur Rahman,ds,Communist Party of Bangladesh (CPB),ds=0,Ataur Rahman,tbs,Communist Party of Bangladesh (CPB),tbs=714,1.00,name+party match (sim=1.00)
Faridpur 4,1,Ataur Rahman,dt,Communist Party of Bangladesh (CPB),dt=714,Ataur Rahman,"ds,tbs",Communist Party of Bangladesh (CPB),ds=0; tbs=714,1.00,name+party match (sim=1.00) [vote-boosted]
Feni 1,1,Motaher Hossain Chowdhury,ds,Jatiya Party (JaPa),ds=940,Motaher Hossain Chowdhury,tbs,Jatiya Party (JaPa),tbs=940,1.00,name+party match (sim=1.00) [vote-boosted]
Feni 1,1,Motaher Hossain Chowdhury,dt,Jatiya Party (JaPa),dt=940,Motaher Hossain Chowdhury,"ds,tbs",Jatiya Party (JaPa),ds=940; tbs=940,1.00,name+party match (sim=1.00) [vote-boosted]
Feni 1,1,Kazi Golam Kibria,ds,Islami Andolan Bangladesh (IAB),ds=5323,Kazi Golam Kibria,tbs,Islami Andolan Bangladesh (IAB),tbs=5323,1.00,name+party match (sim=1.00) [vote-boosted]
Feni 1,1,Kazi Golam Kibria,dt,Islami Andolan Bangladesh (IAB),dt=5323,Kazi Golam Kibria,"ds,tbs",Islami Andolan Bangladesh (IAB),ds=5323; tbs=5323,1.00,name+party match (sim=1.00) [vote-boosted]
Feni 1,1,Md. Firoz Uddin Chowdhury,ds,Bangladesh Congress,ds=215,Md. Firoz Uddin Chowdhury,tbs,Bangladesh Congress,tbs=215,1.00,name+party match (sim=1.00) [vote-boosted]
Feni 1,1,Md. Firoz Uddin Chowdhury,dt,Bangladesh Congress,dt=215,Md. Firoz Uddin Chowdhury,"ds,tbs",Bangladesh Congress,ds=215; tbs=215,1.00,name+party match (sim=1.00) [vote-boosted]
Feni 1,1,Anwar Ullah Bhuiyan,ds,Bangladesh Khelafat Andolon (BKA),ds=310,Anwar Ullah Bhuiya,tbs,Bangladesh Khelafat Andolon (BKA),tbs=310,0.97,name+party match (sim=0.97) [vote-boosted]
Feni 1,1,Anwar Ullah Bhuiyan,dt,Bangladesh Khelafat Andolon (BKA),dt=310,Anwar Ullah Bhuiyan,"ds,tbs",Bangladesh Khelafat Andolon (BKA),ds=310; tbs=310,1.00,name+party match (sim=1.00) [vote-boosted]
Feni 1,1,Mahbub Morshed Majumder,ds,Bangladesh Muslim League (BML),ds=188,Mahbub Morshed Majumdar,tbs,Bangladesh Muslim League (BML),tbs=188,1.00,name+party match (sim=1.00) [vote-boosted]
Feni 1,1,Mahbub Morshed Majumder,dt,Bangladesh Muslim League (BML),dt=188,Mahbub Morshed Majumdar,"ds,tbs",Bangladesh Muslim League (BML),ds=188; tbs=188,1.00,name+party match (sim=1.00) [vote-boosted]
Feni 1,1,Munshi Rafiqul Alam,ds,Bangladesh Nationalist Party (BNP),ds=119904,Munshi Rafiqul Alam,tbs,Bangladesh Nationalist Party (BNP),tbs=119904,1.00,name+party match (sim=1.00) [vote-boosted]
Feni 1,1,Munshi Rafiqul Alam,bss,Bangladesh Nationalist Party (BNP),bss=119904,Munshi Rafiqul Alam,"ds,tbs",Bangladesh Nationalist Party (BNP),ds=119904; tbs=119904,1.00,name+party match (sim=1.00) [vote-boosted]
Feni 1,1,Munshi Rafiqul Alam,dt,Bangladesh Nationalist Party (BNP),dt=119904,Munshi Rafiqul Alam,"bss,ds,tbs",Bangladesh Nationalist Party (BNP),bss=119904; ds=119904; tbs=119904,1.00,name+party match (sim=1.00) [vote-boosted]
Feni 1,1,S. M. Kamal Uddin,ds,Bangladesh Jamaat-e-Islami (Jamaat),ds=85615,Sm Kamal Uddin,tbs,Bangladesh Jamaat-e-Islami (Jamaat),tbs=85615,1.00,name+party match (sim=1.00) [vote-boosted]
Feni 1,1,SM Kamaluddin,bss,Bangladesh Jamaat-e-Islami (Jamaat),bss=85615,S. M. Kamal Uddin,"ds,tbs",Bangladesh Jamaat-e-Islami (Jamaat),ds=85615; tbs=85615,1.00,name+party match (sim=1.00) [vote-boosted]
Feni 1,1,S. M. Kamal Uddin,dt,Bangladesh Jamaat-e-Islami (Jamaat),dt=85615,S. M. Kamal Uddin,"bss,ds,tbs",Bangladesh Jamaat-e-Islami (Jamaat),bss=85615; ds=85615; tbs=85615,1.00,name+party match (sim=1.00) [vote-boosted]
Feni 2,1,Md. Harunur Rashid Bhuiyan,ds,Khelafat Majlis,ds=0,Md. Harunur Rashid Bhuiya,tbs,Khelafat Majlis,tbs=820,0.98,name+party match (sim=0.98)
Feni 2,1,Md. Harunur Rashid Bhuiyan,dt,Khelafat Majlis,dt=820,Md. Harunur Rashid Bhuiyan,"ds,tbs",Khelafat Majlis,ds=0; tbs=820,1.00,name+party match (sim=1.00) [vote-boosted]
Feni 2,1,Md. Tarequl Islam Bhuiyan,ds,Gono Odhikar Parishad (GOP),ds=0,Md. Tarekul Islam Bhuiya,tbs,Gono Odhikar Parishad (GOP),tbs=409,0.94,name+party match (sim=0.94)
Feni 2,1,Md. Tarek-ul Islam Bhuiyan,dt,Gono Odhikar Parishad (GOP),dt=409,Md. Tarequl Islam Bhuiyan,"ds,tbs",Gono Odhikar Parishad (GOP),ds=0; tbs=409,0.94,name+party match (sim=0.94) [vote-boosted]
Feni 2,1,Saiful Karim Majumder,ds,Amjanatar Dol,ds=0,Saiful Karim Majumdar,tbs,Amjanatar Dol,tbs=801,1.00,name+party match (sim=1.00)
Feni 2,1,Saiful Karim Majumder,dt,Amjanatar Dol,dt=801,Saiful Karim Majumdar,"ds,tbs",Amjanatar Dol,ds=0; tbs=801,1.00,name+party match (sim=1.00) [vote-boosted]
Feni 2,1,Joynal Abdin,ds,Bangladesh Nationalist Party (BNP),ds=131210,Zainal Abedin,tbs,Bangladesh Nationalist Party (BNP),tbs=131210,0.77,name+party match (sim=0.77) [vote-boosted]
Feni 2,1,Zainal Abdin,bss,Bangladesh Nationalist Party (BNP),bss=131210,Zainal Abedin,"ds,tbs",Bangladesh Nationalist Party (BNP),ds=131210; tbs=131210,1.00,name+party match (sim=1.00) [vote-boosted]
Feni 2,1,Zainal Abedin,dt,Bangladesh Nationalist Party (BNP),dt=131210,Zainal Abedin,"bss,ds,tbs",Bangladesh Nationalist Party (BNP),bss=131210; ds=131210; tbs=131210,1.00,name+party match (sim=1.00) [vote-boosted]
Feni 2,1,Jasim Uddin,ds,Socialist Party of Bangladesh (Marxist) (SPB-M),ds=0,Jasim Uddin,tbs,Socialist Party of Bangladesh (Marxist) (SPB-M),tbs=322,1.00,name+party match (sim=1.00)
Feni 2,1,Jasim Uddin,dt,Socialist Party of Bangladesh (Marxist) (SPB-M),dt=322,Jasim Uddin,"ds,tbs",Socialist Party of Bangladesh (Marxist) (SPB-M),ds=0; tbs=322,1.00,name+party match (sim=1.00) [vote-boosted]
Feni 2,1,Md. Mujibur Rahman Bhuiyan,ds,Amar Bangladesh Party (AB),ds=80058,Md. Mujibur Rahman Bhuiya,tbs,Amar Bangladesh Party (AB),tbs=80058,0.98,name+party match (sim=0.98) [vote-boosted]
Feni 2,1,Mohammad Mojibur Rahman Bhunya,bss,Amar Bangladesh Party (AB),bss=80058,Md. Mujibur Rahman Bhuiyan,"ds,tbs",Amar Bangladesh Party (AB),ds=80058; tbs=80058,0.93,name+party match (sim=0.93) [vote-boosted]
Feni 2,1,Mohammad Mojibur Rahman Bhuiyan,dt,Amar Bangladesh Party (AB),dt=78447,Mohammad Mojibur Rahman Bhunya,"bss,ds,tbs",Amar Bangladesh Party (AB),bss=80058; ds=80058; tbs=80058,0.94,name+party match (sim=0.94)
Feni 2,1,Md. Ekramul Haque Bhuiyan,ds,Islami Andolan Bangladesh (IAB),ds=0,Md. Ekramul Haq Bhuiyan,tbs,Islami Andolan Bangladesh (IAB),tbs=6849,1.00,name+party match (sim=1.00)
Feni 2,1,Mohammad Ekramul Haque Bhuiyan,dt,Islami Andolan Bangladesh (IAB),dt=1927,Md. Ekramul Haque Bhuiyan,"ds,tbs",Islami Andolan Bangladesh (IAB),ds=0; tbs=6849,1.00,name+party match (sim=1.00)
Feni 2,1,Md. Abul Hossain,ds,Bangladesh Khelafat Andolon (BKA),ds=0,Md. Abul Hossain,tbs,Bangladesh Khelafat Andolon (BKA),tbs=304,1.00,name+party match (sim=1.00)
Feni 2,1,Mohammad Abul Hossain,dt,Bangladesh Khelafat Andolon (BKA),dt=304,Md. Abul Hossain,"ds,tbs",Bangladesh Khelafat Andolon (BKA),ds=0; tbs=304,1.00,name+party match (sim=1.00) [vote-boosted]
Feni 2,1,Taherul Islam,ds,Insaniyat Biplob Bangladesh (IBB),ds=0,Taherul Islam,tbs,Insaniyat Biplob Bangladesh (IBB),tbs=239,1.00,name+party match (sim=1.00)
Feni 2,1,Taherul Islam,dt,Insaniyat Biplob Bangladesh (IBB),dt=239,Taherul Islam,"ds,tbs",Insaniyat Biplob Bangladesh (IBB),ds=0; tbs=239,1.00,name+party match (sim=1.00) [vote-boosted]
Feni 2,1,Shamsuddin Majumder,ds,Jatiya Samajtantrik Dal (JSD),ds=0,Samsuddin Majumdar,tbs,Jatiya Samajtantrik Dal (JSD),tbs=240,0.96,name+party match (sim=0.96)
Feni 2,1,Samsuddin Majumder,dt,Jatiya Samajtantrik Dal (JSD),dt=240,Shamsuddin Majumder,"ds,tbs",Jatiya Samajtantrik Dal (JSD),ds=0; tbs=240,0.97,name+party match (sim=0.97) [vote-boosted]
Feni 3,1,Md. Hasan Ahmed,ds,Insaniyat Biplob Bangladesh (IBB),ds=0,Md. Hasan Ahmad,tbs,Insaniyat Biplob Bangladesh (IBB),tbs=327,1.00,name+party match (sim=1.00)
Feni 3,1,Md. Hasan Ahmed,dt,Insaniyat Biplob Bangladesh (IBB),dt=327,Md. Hasan Ahmad,"ds,tbs",Insaniyat Biplob Bangladesh (IBB),ds=0; tbs=327,1.00,name+party match (sim=1.00) [vote-boosted]
Feni 3,1,Md. Abu Sufian,ds,Jatiya Party (JaPa),ds=0,Md. Abu Sufian,tbs,Jatiya Party (JaPa),tbs=1427,1.00,name+party match (sim=1.00)
Feni 3,1,Md. Abu Sufian,dt,Jatiya Party (JaPa),dt=1427,Md. Abu Sufian,"ds,tbs",Jatiya Party (JaPa),ds=0; tbs=1427,1.00,name+party match (sim=1.00) [vote-boosted]
Feni 3,1,Mr. Abdul Awal Mintu,ds,Bangladesh Nationalist Party (BNP),ds=157425,Abdul Awal Mintu,tbs,Bangladesh Nationalist Party (BNP),tbs=157825,1.00,name+party match (sim=1.00)
Feni 3,1,Abdul Awal Mintu,bss,Bangladesh Nationalist Party (BNP),bss=157425,Mr. Abdul Awal Mintu,"ds,tbs",Bangladesh Nationalist Party (BNP),ds=157425; tbs=157825,1.00,name+party match (sim=1.00) [vote-boosted]
Feni 3,1,Abdul Awwal Mintoo,dt,Bangladesh Nationalist Party (BNP),dt=157425,Mr. Abdul Awal Mintu,"bss,ds,tbs",Bangladesh Nationalist Party (BNP),bss=157425; ds=157425; tbs=157825,0.94,name+party match (sim=0.94) [vote-boosted]
Feni 3,1,Md. Saif Uddin,ds,Islami Andolan Bangladesh (IAB),ds=0,Md. Saif Uddin,tbs,Islami Andolan Bangladesh (IAB),tbs=6701,1.00,name+party match (sim=1.00)
Feni 3,1,Md. Saif Uddin,dt,Islami Andolan Bangladesh (IAB),dt=6701,Md. Saif Uddin,"ds,tbs",Islami Andolan Bangladesh (IAB),ds=0; tbs=6701,1.00,name+party match (sim=1.00) [vote-boosted]
Feni 3,1,Md. Abu Naser,ds,Bangladesh Islami Front (BIF),ds=0,Md. Abu Nasir,tbs,Bangladesh Islami Front (BIF),tbs=531,1.00,name+party match (sim=1.00)
Feni 3,1,Md. Abu Nasir,dt,Bangladesh Islami Front (BIF),dt=531,Md. Abu Nasir,"ds,tbs",Bangladesh Islami Front (BIF),ds=0; tbs=531,1.00,name+party match (sim=1.00) [vote-boosted]
Feni 3,1,Md. Fakhruddin,ds,Bangladesh Jamaat-e-Islami (Jamaat),ds=108160,Md. Fakhruddin,tbs,Bangladesh Jamaat-e-Islami (Jamaat),tbs=108160,1.00,name+party match (sim=1.00) [vote-boosted]
Feni 3,1,Mohammad Fakhruddin,bss,Bangladesh Jamaat-e-Islami (Jamaat),bss=108160,Md. Fakhruddin,"ds,tbs",Bangladesh Jamaat-e-Islami (Jamaat),ds=108160; tbs=108160,1.00,name+party match (sim=1.00) [vote-boosted]
Feni 3,1,Mohammad Fakhruddin,dt,Bangladesh Jamaat-e-Islami (Jamaat),dt=108160,Mohammad Fakhruddin,"bss,ds,tbs",Bangladesh Jamaat-e-Islami (Jamaat),bss=108160; ds=108160; tbs=108160,1.00,name+party match (sim=1.00) [vote-boosted]
Feni 3,1,Abdul Malek,ds,Bangladesh Samajtantrik Dal (Basad),ds=0,Abdul Malek,tbs,Bangladesh Samajtantrik Dal (Basad),tbs=731,1.00,name+party match (sim=1.00)
Feni 3,1,Abdul Malek,dt,Bangladesh Samajtantrik Dal (Basad),dt=731,Abdul Malek,"ds,tbs",Bangladesh Samajtantrik Dal (Basad),ds=0; tbs=731,1.00,name+party match (sim=1.00) [vote-boosted]
Feni 3,1,Md. Khalequzzaman Patwari,ds,Bangladesh Khelafat Andolon (BKA),ds=0,Md. Khalekuzzaman Patwary,tbs,Bangladesh Khelafat Andolon (BKA),tbs=320,0.92,name+party match (sim=0.92)
Feni 3,1,Mohammad Khaleduzzaman Patwari,dt,Bangladesh Khelafat Andolon (BKA),dt=320,Md. Khalekuzzaman Patwary,"ds,tbs",Bangladesh Khelafat Andolon (BKA),ds=0; tbs=320,0.92,name+party match (sim=0.92) [vote-boosted]
Gaibandha 1,1,Khandoker Ziaul Islam Md. Ali,ds,Bangladesh Nationalist Party (BNP),ds=37997,Khondokar Ziaul Islam Md. Ali,tbs,Bangladesh Nationalist Party (BNP),tbs=37997,1.00,name+party match (sim=1.00) [vote-boosted]
Gaibandha 1,1,Khandkar Ziaul Islam Mohammad Ali,bss,Bangladesh Nationalist Party (BNP),bss=37997,Khondokar Ziaul Islam Md. Ali,"ds,tbs",Bangladesh Nationalist Party (BNP),ds=37997; tbs=37997,1.00,name+party match (sim=1.00) [vote-boosted]
Gaibandha 1,1,Khandaker Ziaul Islam Mohammad Ali,dt,Bangladesh Nationalist Party (BNP),dt=28771,Khandkar Ziaul Islam Mohammad Ali,"bss,ds,tbs",Bangladesh Nationalist Party (BNP),bss=37997; ds=37997; tbs=37997,1.00,name+party match (sim=1.00)
Gaibandha 1,1,Md. Mazedur Rahman,ds,Bangladesh Jamaat-e-Islami (Jamaat),ds=140726,Md. Mazedur Rahman,tbs,Bangladesh Jamaat-e-Islami (Jamaat),tbs=140726,1.00,name+party match (sim=1.00) [vote-boosted]
Gaibandha 1,1,Md Majedur Rahman,bss,Bangladesh Jamaat-e-Islami (Jamaat),bss=140726,Md. Mazedur Rahman,"ds,tbs",Bangladesh Jamaat-e-Islami (Jamaat),ds=140726; tbs=140726,0.94,name+party match (sim=0.94) [vote-boosted]
Gaibandha 1,1,Md. Majedur Rahman,dt,Bangladesh Jamaat-e-Islami (Jamaat),dt=114595,Md. Mazedur Rahman,"bss,ds,tbs",Bangladesh Jamaat-e-Islami (Jamaat),bss=140726; ds=140726; tbs=140726,0.94,name+party match (sim=0.94)
Gaibandha 1,1,Md. Kawsar Azam Hannu,dt,Amjanatar Dol,dt=141,Md. Kausor Azam Hannu,ds,Amjanatar Dol,ds=0,0.95,name+party match (sim=0.95)
Gaibandha 1,1,Md. Ramzan Ali,dt,Islami Andolan Bangladesh (IAB),dt=1557,Md. Ramzan Ali,ds,Islami Andolan Bangladesh (IAB),ds=0,1.00,name+party match (sim=1.00)
Gaibandha 1,1,Paramananda Das,dt,Socialist Party of Bangladesh (Marxist) (SPB-M),dt=305,Parmanando Das,ds,Socialist Party of Bangladesh (Marxist) (SPB-M),ds=0,1.00,name+party match (sim=1.00)
Gaibandha 1,1,Shamim Haider Patowary,dt,Jatiya Party (JaPa),dt=25523,Shameem Haider Patwary,ds,Jatiya Party (JaPa),ds=0,1.00,name+party match (sim=1.00)
Gaibandha 1,3,Md. Mostafa Mohsin,dt,Jatiya Party (JaPa),dt=20495,Md. Mostafa Mohsin,ds,Independent Candidate (Independent),ds=0,1.00,DT-only JaPa merged: Jatiya Party (JaPa) → Independent Candidate (Independent)
Gaibandha 1,3,Mosammat Salma Akter,dt,Jatiya Party (JaPa),dt=282,Mst. Salma Akter,ds,Independent Candidate (Independent),ds=0,1.00,DT-only JaPa merged: Jatiya Party (JaPa) → Independent Candidate (Independent)
Gaibandha 2,1,Md. Anisuzzaman Khan Babu,ds,Bangladesh Nationalist Party (BNP),ds=92890,Md. Anisuzzam Khan Babu,tbs,Bangladesh Nationalist Party (BNP),tbs=92890,0.96,name+party match (sim=0.96) [vote-boosted]
Gaibandha 2,1,Md. Anisuzzaman Khan Babu,bss,Bangladesh Nationalist Party (BNP),bss=92890,Md. Anisuzzaman Khan Babu,"ds,tbs",Bangladesh Nationalist Party (BNP),ds=92890; tbs=92890,1.00,name+party match (sim=1.00) [vote-boosted]
Gaibandha 2,1,Md. Anisuzzaman Khan Babu,dt,Bangladesh Nationalist Party (BNP),dt=92180,Md. Anisuzzaman Khan Babu,"bss,ds,tbs",Bangladesh Nationalist Party (BNP),bss=92890; ds=92890; tbs=92890,1.00,name+party match (sim=1.00)
Gaibandha 2,1,Md. Abdul Karim,ds,Bangladesh Jamaat-e-Islami (Jamaat),ds=122630,Md. Abdul Karim,tbs,Bangladesh Jamaat-e-Islami (Jamaat),tbs=122630,1.00,name+party match (sim=1.00) [vote-boosted]
Gaibandha 2,1,Md. Abdul Karim,bss,Bangladesh Jamaat-e-Islami (Jamaat),bss=122630,Md. Abdul Karim,"ds,tbs",Bangladesh Jamaat-e-Islami (Jamaat),ds=122630; tbs=122630,1.00,name+party match (sim=1.00) [vote-boosted]
Gaibandha 2,1,Md. Abdul Karim,dt,Bangladesh Jamaat-e-Islami (Jamaat),dt=121073,Md. Abdul Karim,"bss,ds,tbs",Bangladesh Jamaat-e-Islami (Jamaat),bss=122630; ds=122630; tbs=122630,1.00,name+party match (sim=1.00)
Gaibandha 2,1,Ahsanul Habib Sayeed,dt,Socialist Party of Bangladesh (Marxist) (SPB-M),dt=620,Ahsanul Habib Sayed,ds,Socialist Party of Bangladesh (Marxist) (SPB-M),ds=0,1.00,name+party match (sim=1.00)
Gaibandha 2,1,Md. Abdur Rashid Sarkar,dt,Jatiya Party (JaPa),dt=21143,Md. Abdur Rashid Sarker,ds,Jatiya Party (JaPa),ds=0,1.00,name+party match (sim=1.00)
Gaibandha 2,1,Md. Shahedur Jahan,dt,Janotar Dol,dt=196,Md. Shahedur Jahan,ds,Janotar Dol,ds=0,1.00,name+party match (sim=1.00)
Gaibandha 2,1,Mihir Kumar Ghosh,dt,Communist Party of Bangladesh (CPB),dt=2318,Mihir Kumar Ghosh,ds,Communist Party of Bangladesh (CPB),ds=0,1.00,name+party match (sim=1.00)
Gaibandha 2,1,Mohammad Abdul Majed,dt,Islami Andolan Bangladesh (IAB),dt=2351,Md. Abdul Majed,ds,Islami Andolan Bangladesh (IAB),ds=0,1.00,name+party match (sim=1.00)
Gaibandha 3,1,Syed Mainul Hassain Sadik,ds,Bangladesh Nationalist Party (BNP),ds=139864,Prof Mainul Hasan Sadik,tbs,Bangladesh Nationalist Party (BNP),tbs=139864,0.79,name+party match (sim=0.79) [vote-boosted]
Gaibandha 3,1,Professor Dr. Syed Mainul Hasan Sadiq,bss,Bangladesh Nationalist Party (BNP),bss=139864,Syed Mainul Hassain Sadik,"ds,tbs",Bangladesh Nationalist Party (BNP),ds=139864; tbs=139864,0.92,name+party match (sim=0.92) [vote-boosted]
Gaibandha 3,1,Professor Dr. Syed Moinul Hasan Sadiq,dt,Bangladesh Nationalist Party (BNP),dt=55500,Professor Dr. Syed Mainul Hasan Sadiq,"bss,ds,tbs",Bangladesh Nationalist Party (BNP),bss=139864; ds=139864; tbs=139864,1.00,name+party match (sim=1.00)
Gaibandha 3,1,Abul Kausar Md. Nazrul Islam,ds,Bangladesh Jamaat-e-Islami (Jamaat),ds=163457,Abul Kaowsar Md. Nazrul Islam,tbs,Bangladesh Jamaat-e-Islami (Jamaat),tbs=162457,0.97,name+party match (sim=0.97)
Gaibandha 3,1,Abul Kauchar Mohammad Nazrul Islam,bss,Bangladesh Jamaat-e-Islami (Jamaat),bss=162457,Abul Kaowsar Md. Nazrul Islam,"ds,tbs",Bangladesh Jamaat-e-Islami (Jamaat),ds=163457; tbs=162457,0.90,name+party match (sim=0.90) [vote-boosted]
Gaibandha 3,1,Abul Kawsar Mohammad Nazrul Islam,dt,Bangladesh Jamaat-e-Islami (Jamaat),dt=85816,Abul Kauchar Mohammad Nazrul Islam,"bss,ds,tbs",Bangladesh Jamaat-e-Islami (Jamaat),bss=162457; ds=163457; tbs=162457,0.91,name+party match (sim=0.91)
Gaibandha 3,1,Md. A. T. M. Awlad Hossain,dt,Islami Andolan Bangladesh (IAB),dt=1246,Atm Aowlad Hossain,ds,Islami Andolan Bangladesh (IAB),ds=0,0.90,name+party match (sim=0.90)
Gaibandha 3,1,Md. Abdullah Adil,dt,Communist Party of Bangladesh (CPB),dt=298,Md. Abdullah Adil,ds,Communist Party of Bangladesh (CPB),ds=0,1.00,name+party match (sim=1.00)
Gaibandha 3,1,Md. Manjurul Haque,dt,Janotar Dol,dt=71,Md. Mongorul Hoque,ds,Janotar Dol,ds=0,0.89,name+party match (sim=0.89)
Gaibandha 3,1,Md. Suruj Mia,dt,Gono Odhikar Parishad (GOP),dt=995,Md. Shoruj Mia,ds,Gono Odhikar Parishad (GOP),ds=0,0.92,name+party match (sim=0.92)
Gaibandha 3,1,Moinur Rabbi Chowdhury,dt,Jatiya Party (JaPa),dt=904,Moinur Rabbi Chowdhury,ds,Jatiya Party (JaPa),ds=0,1.00,name+party match (sim=1.00)
Gaibandha 3,3,Md. Azizur Rahman,dt,Jatiya Party (JaPa),dt=588,Md. Azizar Rahman,ds,Independent Candidate (Independent),ds=0,1.00,DT-only JaPa merged: Jatiya Party (JaPa) → Independent Candidate (Independent)
Gaibandha 3,3,S. M. Khademul Islam Khudi,dt,Jatiya Party (JaPa),dt=265,S. M. Khademul Islam Khude,ds,Independent Candidate (Independent),ds=0,1.00,DT-only JaPa merged: Jatiya Party (JaPa) → Independent Candidate (Independent)
Gaibandha 3,3,Md. Mosaddiqul Islam,dt,Jatiya Party (JaPa),dt=49,Md. Mosaddiqual Islam,ds,Insaniyat Biplob Bangladesh (IBB),ds=0,1.00,DT-only JaPa merged: Jatiya Party (JaPa) → Insaniyat Biplob Bangladesh (IBB)
Gaibandha 4,1,Md. Shamim Kaiser,ds,Bangladesh Nationalist Party (BNP),ds=142772,Md. Shamim Kaisar,tbs,Bangladesh Nationalist Party (BNP),tbs=142772,1.00,name+party match (sim=1.00) [vote-boosted]
Gaibandha 4,1,Mohammad Shamim Qaiser,bss,Bangladesh Nationalist Party (BNP),bss=142772,Md. Shamim Kaisar,"ds,tbs",Bangladesh Nationalist Party (BNP),ds=142772; tbs=142772,0.89,name+party match (sim=0.89) [vote-boosted]
Gaibandha 4,1,Mohammad Shamim Kaisar,dt,Bangladesh Nationalist Party (BNP),dt=72727,Mohammad Shamim Qaiser,"bss,ds,tbs",Bangladesh Nationalist Party (BNP),bss=142772; ds=142772; tbs=142772,0.89,name+party match (sim=0.89)
Gaibandha 4,1,Md. Abdur Rahim Sarkar,ds,Bangladesh Jamaat-e-Islami (Jamaat),ds=139738,Md. Abdur Rahim Sarkar,tbs,Bangladesh Jamaat-e-Islami (Jamaat),tbs=139738,1.00,name+party match (sim=1.00) [vote-boosted]
Gaibandha 4,1,Md Abdur Rahim Sarkar,bss,Bangladesh Jamaat-e-Islami (Jamaat),bss=139738,Md. Abdur Rahim Sarkar,"ds,tbs",Bangladesh Jamaat-e-Islami (Jamaat),ds=139738; tbs=139738,1.00,name+party match (sim=1.00) [vote-boosted]
Gaibandha 4,1,Md. Abdur Rahim Sarkar,dt,Bangladesh Jamaat-e-Islami (Jamaat),dt=63379,Md. Abdur Rahim Sarkar,"bss,ds,tbs",Bangladesh Jamaat-e-Islami (Jamaat),bss=139738; ds=139738; tbs=139738,1.00,name+party match (sim=1.00)
Gaibandha 4,1,Kazi Md. Mashiur Rahman,dt,Jatiya Party (JaPa),dt=1174,Kazi Md. Mashiur Rahman,ds,Jatiya Party (JaPa),ds=0,1.00,name+party match (sim=1.00)
Gaibandha 4,1,Md. Atowarul Islam,dt,Revolutionary Workers Party of Bangladesh (RWPB),dt=98,Md. Atoarul Islam,ds,Revolutionary Workers Party of Bangladesh (RWPB),ds=0,0.97,name+party match (sim=0.97)
Gaibandha 4,1,Syed Touhidul Islam Tuhin,dt,Islami Andolan Bangladesh (IAB),dt=710,Said Touhidul Islam Tuhin,ds,Islami Andolan Bangladesh (IAB),ds=0,0.96,name+party match (sim=0.96)
Gaibandha 4,3,Md. Abdur Rauf Akand,dt,Jatiya Party (JaPa),dt=777,Md. Abdur Rouf Akanda,ds,Independent Candidate (Independent),ds=0,1.00,DT-only JaPa merged: Jatiya Party (JaPa) → Independent Candidate (Independent)
Gaibandha 5,1,Md. Abdul Wares,ds,Bangladesh Jamaat-e-Islami (Jamaat),ds=89274,Md. Abdul Wareth,tbs,Bangladesh Jamaat-e-Islami (Jamaat),tbs=89274,0.90,name+party match (sim=0.90) [vote-boosted]
Gaibandha 5,1,Md. Abdul Waresh,bss,Bangladesh Jamaat-e-Islami (Jamaat),bss=89274,Md. Abdul Wareth,"ds,tbs",Bangladesh Jamaat-e-Islami (Jamaat),ds=89274; tbs=89274,0.94,name+party match (sim=0.94) [vote-boosted]
Gaibandha 5,1,Md. Abdul Waresh,dt,Bangladesh Jamaat-e-Islami (Jamaat),dt=99378,Md. Abdul Wareth,"bss,ds,tbs",Bangladesh Jamaat-e-Islami (Jamaat),bss=89274; ds=89274; tbs=89274,0.94,name+party match (sim=0.94)
Gaibandha 5,1,Md. Faruk Alam Sarker,ds,Bangladesh Nationalist Party (BNP),ds=73483,Md. Faruk Alam Sarkar,tbs,Bangladesh Nationalist Party (BNP),tbs=73483,1.00,name+party match (sim=1.00) [vote-boosted]
Gaibandha 5,1,Md Farooq Alam Sarkar,bss,Bangladesh Nationalist Party (BNP),bss=73483,Md. Faruk Alam Sarkar,"ds,tbs",Bangladesh Nationalist Party (BNP),ds=73483; tbs=73483,0.91,name+party match (sim=0.91) [vote-boosted]
Gaibandha 5,1,Md. Faruk Alam Sarkar,dt,Bangladesh Nationalist Party (BNP),dt=61525,Md. Faruk Alam Sarkar,"bss,ds,tbs",Bangladesh Nationalist Party (BNP),bss=73483; ds=73483; tbs=73483,1.00,name+party match (sim=1.00)
Gaibandha 5,1,A. H. M. Golam Shahid Ranjhu,dt,Independent Candidate (Independent),dt=8266,A. H. M. Golam Shahid Ranju,ds,Independent Candidate (Independent),ds=0,0.98,name+party match (sim=0.98)
Gaibandha 5,1,Md. Azizul Islam,dt,Islami Andolan Bangladesh (IAB),dt=1839,Md. Azizul Islam,ds,Islami Andolan Bangladesh (IAB),ds=0,1.00,name+party match (sim=1.00)
Gaibandha 5,1,Mosammat Rahela Khatun,dt,Socialist Party of Bangladesh (Marxist) (SPB-M),dt=217,Mst. Rahela Khatun,ds,Socialist Party of Bangladesh (Marxist) (SPB-M),ds=0,1.00,name+party match (sim=1.00)
Gaibandha 5,1,Shamim Haider Patowary,dt,Jatiya Party (JaPa),dt=3102,Shameem Haider Patwary,ds,Jatiya Party (JaPa),ds=0,1.00,name+party match (sim=1.00)
Gaibandha 5,1,Sri Nirmal,dt,Communist Party of Bangladesh (CPB),dt=434,Sree Nirmol,ds,Communist Party of Bangladesh (CPB),ds=0,1.00,name+party match (sim=1.00)
Gaibandha 5,3,Nahiduzzaman Nishad,dt,Jatiya Party (JaPa),dt=33036,Md. Nahiduzzaman,ds,Independent Candidate (Independent),ds=0,0.72,DT-only JaPa merged: Jatiya Party (JaPa) → Independent Candidate (Independent)
Gaibandha 5,3,Hasan Mehdi Bidyut,dt,Jatiya Party (JaPa),dt=464,Hasan Mehdi Biddut,ds,Independent Candidate (Independent),ds=0,1.00,DT-only JaPa merged: Jatiya Party (JaPa) → Independent Candidate (Independent)
Gazipur 1,1,Md. Muzibur Rahman,ds,Bangladesh Nationalist Party (BNP),ds=208688,Md. Mojibur Rahman,tbs,Bangladesh Nationalist Party (BNP),tbs=208688,0.90,name+party match (sim=0.90) [vote-boosted]
Gazipur 1,1,Md. Mojibur Rahman,bss,Bangladesh Nationalist Party (BNP),bss=208688,Md. Mojibur Rahman,"ds,tbs",Bangladesh Nationalist Party (BNP),ds=208688; tbs=208688,1.00,name+party match (sim=1.00) [vote-boosted]
Gazipur 1,1,Md. Mujibur Rahman,dt,Bangladesh Nationalist Party (BNP),dt=208688,Md. Mojibur Rahman,"bss,ds,tbs",Bangladesh Nationalist Party (BNP),bss=208688; ds=208688; tbs=208688,1.00,name+party match (sim=1.00) [vote-boosted]
Gazipur 1,1,Md. Emarat Hossain Khan,ds,Independent Candidate (Independent),ds=0,Md. Imarat Hossain Khan,tbs,Independent Candidate (Independent),tbs=6703,1.00,name+party match (sim=1.00)
Gazipur 1,1,Md. Imarat Hossain Khan,dt,Independent Candidate (Independent),dt=6703,Md. Imarat Hossain Khan,"ds,tbs",Independent Candidate (Independent),ds=0; tbs=6703,1.00,name+party match (sim=1.00) [vote-boosted]
Gazipur 1,1,S. M. Shafiqul Islam,ds,Jatiya Party (JaPa),ds=0,S. M. Shafiqul Islam,tbs,Jatiya Party (JaPa),tbs=3325,1.00,name+party match (sim=1.00)
Gazipur 1,1,S. M. Shafiqul Islam,dt,Jatiya Party (JaPa),dt=3325,S. M. Shafiqul Islam,"ds,tbs",Jatiya Party (JaPa),ds=0; tbs=3325,1.00,name+party match (sim=1.00) [vote-boosted]
Gazipur 1,1,Chowdhury Irad Ahmed Siddiky,ds,Bangladesh Labour Party,ds=0,Chowdhury Irad Ahmed Siddiqui,tbs,Bangladesh Labour Party,tbs=168,0.91,name+party match (sim=0.91)
Gazipur 1,1,Chowdhury Erad Ahmed Siddiqui,dt,Bangladesh Labour Party,dt=168,Chowdhury Irad Ahmed Siddiqui,"ds,tbs",Bangladesh Labour Party,ds=0; tbs=168,1.00,name+party match (sim=1.00) [vote-boosted]
Gazipur 1,1,Atiqul Islam,ds,Gono Front (GF),ds=0,Atiqul Islam,tbs,Gono Front (GF),tbs=129,1.00,name+party match (sim=1.00)
Gazipur 1,1,Atikul Islam,dt,Gono Front (GF),dt=129,Atiqul Islam,"ds,tbs",Gono Front (GF),ds=0; tbs=129,0.92,name+party match (sim=0.92) [vote-boosted]
Gazipur 1,1,Taslima Akter,ds,Socialist Party of Bangladesh (Marxist) (SPB-M),ds=0,Taslima Akhter,tbs,Socialist Party of Bangladesh (Marxist) (SPB-M),tbs=232,1.00,name+party match (sim=1.00)
Gazipur 1,1,Taslima Akter,dt,Socialist Party of Bangladesh (Marxist) (SPB-M),dt=232,Taslima Akhter,"ds,tbs",Socialist Party of Bangladesh (Marxist) (SPB-M),ds=0; tbs=232,1.00,name+party match (sim=1.00) [vote-boosted]
Gazipur 1,1,Md. Shah Alam Bakshi,ds,Bangladesh Jamaat-e-Islami (Jamaat),ds=149553,Md. Shah Alam Bakshi,tbs,Bangladesh Jamaat-e-Islami (Jamaat),tbs=149553,1.00,name+party match (sim=1.00) [vote-boosted]
Gazipur 1,1,Md. Shah Alam Bakshi,bss,Bangladesh Jamaat-e-Islami (Jamaat),bss=149553,Md. Shah Alam Bakshi,"ds,tbs",Bangladesh Jamaat-e-Islami (Jamaat),ds=149553; tbs=149553,1.00,name+party match (sim=1.00) [vote-boosted]
Gazipur 1,1,Md. Shah Alam Bokshi,dt,Bangladesh Jamaat-e-Islami (Jamaat),dt=149553,Md. Shah Alam Bakshi,"bss,ds,tbs",Bangladesh Jamaat-e-Islami (Jamaat),bss=149553; ds=149553; tbs=149553,1.00,name+party match (sim=1.00) [vote-boosted]
Gazipur 1,1,Ruhul Amin,ds,Islami Andolan Bangladesh (IAB),ds=0,Ruhul Amin,tbs,Islami Andolan Bangladesh (IAB),tbs=5696,1.00,name+party match (sim=1.00)
Gazipur 1,1,Ruhul Amin,dt,Islami Andolan Bangladesh (IAB),dt=5696,Ruhul Amin,"ds,tbs",Islami Andolan Bangladesh (IAB),ds=0; tbs=5696,1.00,name+party match (sim=1.00) [vote-boosted]
Gazipur 2,1,Atiqul Islam,ds,Gono Front (GF),ds=0,Atiqul Islam,tbs,Gono Front (GF),tbs=200,1.00,name+party match (sim=1.00)
Gazipur 2,1,Atikul Islam,dt,Gono Front (GF),dt=200,Atiqul Islam,"ds,tbs",Gono Front (GF),ds=0; tbs=200,0.92,name+party match (sim=0.92) [vote-boosted]
Gazipur 2,1,Hanif Sorker,ds,Islami Andolan Bangladesh (IAB),ds=0,Hanif Sarkar,tbs,Islami Andolan Bangladesh (IAB),tbs=12657,1.00,name+party match (sim=1.00)
Gazipur 2,1,Hanif Sarkar,dt,Islami Andolan Bangladesh (IAB),dt=12657,Hanif Sarkar,"ds,tbs",Islami Andolan Bangladesh (IAB),ds=0; tbs=12657,1.00,name+party match (sim=1.00) [vote-boosted]
Gazipur 2,1,Md. Ziaul Kabir,ds,Communist Party of Bangladesh (CPB),ds=0,Md. Ziaul Kabir,tbs,Communist Party of Bangladesh (CPB),tbs=1397,1.00,name+party match (sim=1.00)
Gazipur 2,1,Md. Ziaul Kabir,dt,Communist Party of Bangladesh (CPB),dt=1397,Md. Ziaul Kabir,"ds,tbs",Communist Party of Bangladesh (CPB),ds=0; tbs=1397,1.00,name+party match (sim=1.00) [vote-boosted]
Gazipur 2,1,Sarker Taslima Afruz,ds,Insaniyat Biplob Bangladesh (IBB),ds=0,Sarkar Taslima Afroz,tbs,Insaniyat Biplob Bangladesh (IBB),tbs=417,1.00,name+party match (sim=1.00)
Gazipur 2,1,Masud Reza,ds,Socialist Party of Bangladesh (Marxist) (SPB-M),ds=0,Masud Reza,tbs,Socialist Party of Bangladesh (Marxist) (SPB-M),tbs=250,1.00,name+party match (sim=1.00)
Gazipur 2,1,Masud Reza,dt,Socialist Party of Bangladesh (Marxist) (SPB-M),dt=250,Masud Reza,"ds,tbs",Socialist Party of Bangladesh (Marxist) (SPB-M),ds=0; tbs=250,1.00,name+party match (sim=1.00) [vote-boosted]
Gazipur 2,1,M. Manjurul Karim Roni,ds,Bangladesh Nationalist Party (BNP),ds=188606,M. Manjurul Karim Roni,tbs,Bangladesh Nationalist Party (BNP),tbs=188606,1.00,name+party match (sim=1.00) [vote-boosted]
Gazipur 2,1,M. Manjurul Karim Roni,bss,Bangladesh Nationalist Party (BNP),bss=188606,M. Manjurul Karim Roni,"ds,tbs",Bangladesh Nationalist Party (BNP),ds=188606; tbs=188606,1.00,name+party match (sim=1.00) [vote-boosted]
Gazipur 2,1,M. Manjurul Karim Rony,dt,Bangladesh Nationalist Party (BNP),dt=188606,M. Manjurul Karim Roni,"bss,ds,tbs",Bangladesh Nationalist Party (BNP),bss=188606; ds=188606; tbs=188606,0.96,name+party match (sim=0.96) [vote-boosted]
Gazipur 2,1,Md. Mahbub Alam,ds,Jatiya Party (JaPa),ds=0,Md. Mahbub Alam,tbs,Jatiya Party (JaPa),tbs=4125,1.00,name+party match (sim=1.00)
Gazipur 2,1,Md. Mahbub Alam,dt,Jatiya Party (JaPa),dt=4125,Md. Mahbub Alam,"ds,tbs",Jatiya Party (JaPa),ds=0; tbs=4125,1.00,name+party match (sim=1.00) [vote-boosted]
Gazipur 2,1,Ali Naser Khan,ds,National Citizen Party (NCP),ds=140950,Ali Nasser Khan,tbs,National Citizen Party (NCP),tbs=140950,0.97,name+party match (sim=0.97) [vote-boosted]
Gazipur 2,1,Ali Nacher Khan,bss,National Citizen Party (NCP),bss=140950,Ali Nasser Khan,"ds,tbs",National Citizen Party (NCP),ds=140950; tbs=140950,0.87,name+party match (sim=0.87) [vote-boosted]
Gazipur 2,1,Ali Naser Khan,dt,National Citizen Party (NCP),dt=140950,Ali Nasser Khan,"bss,ds,tbs",National Citizen Party (NCP),bss=140950; ds=140950; tbs=140950,0.97,name+party match (sim=0.97) [vote-boosted]
Gazipur 2,1,Jithe Barua,ds,Independent Candidate (Independent),ds=0,Jeet Barua,tbs,Independent Candidate (Independent),tbs=444,0.89,name+party match (sim=0.89)
Gazipur 2,1,Jit Barua,dt,Independent Candidate (Independent),dt=444,Jithe Barua,"ds,tbs",Independent Candidate (Independent),ds=0; tbs=444,0.90,name+party match (sim=0.90) [vote-boosted]
Gazipur 2,1,Md. Abdul Kayum,ds,Bangladesh Samajtantrik Dal (Basad),ds=0,Md. Abdul Qayyum,tbs,Bangladesh Samajtantrik Dal (Basad),tbs=1155,0.90,name+party match (sim=0.90)
Gazipur 2,1,Md. Abdul Qayyum,dt,Bangladesh Samajtantrik Dal (Basad),dt=1155,Md. Abdul Qayyum,"ds,tbs",Bangladesh Samajtantrik Dal (Basad),ds=0; tbs=1155,1.00,name+party match (sim=1.00) [vote-boosted]
Gazipur 2,1,Md. Shariful Islam,ds,Janotar Dol,ds=0,Md. Shariful Islam,tbs,Janotar Dol,tbs=537,1.00,name+party match (sim=1.00)
Gazipur 2,1,Mohammad Shariful Islam,dt,Janotar Dol,dt=537,Md. Shariful Islam,"ds,tbs",Janotar Dol,ds=0; tbs=537,1.00,name+party match (sim=1.00) [vote-boosted]
Gazipur 2,1,Mahfuzur Rahman Khan,dt,Gono Odhikar Parishad (GOP),dt=245,Mahfuzur Rahman Khan,tbs,Gono Odhikar Parishad (GOP),tbs=245,1.00,name+party match (sim=1.00) [vote-boosted]
Gazipur 2,2,Sarkar Taslima Afroze,dt,Jatiya Party (JaPa),dt=417,Sarkar Taslima Afroz,"ds,tbs",Insaniyat Biplob Bangladesh (IBB),ds=0; tbs=417,1.00,"name+votes match, party differs: Jatiya Party (JaPa) → Insaniyat Biplob Bangladesh (IBB)"
Gazipur 3,1,S. M. Rafiqul Islam,ds,Bangladesh Nationalist Party (BNP),ds=162343,S. M. Rafiqul Islam,tbs,Bangladesh Nationalist Party (BNP),tbs=162343,1.00,name+party match (sim=1.00) [vote-boosted]
Gazipur 3,1,"SM, Rafiqul Islam",bss,Bangladesh Nationalist Party (BNP),bss=162343,S. M. Rafiqul Islam,"ds,tbs",Bangladesh Nationalist Party (BNP),ds=162343; tbs=162343,1.00,name+party match (sim=1.00) [vote-boosted]
Gazipur 3,1,S. M. Rafiqul Islam,dt,Bangladesh Nationalist Party (BNP),dt=162343,S. M. Rafiqul Islam,"bss,ds,tbs",Bangladesh Nationalist Party (BNP),bss=162343; ds=162343; tbs=162343,1.00,name+party match (sim=1.00) [vote-boosted]
Gazipur 3,1,Md. Nazim Uddin,ds,Jatiya Party (JaPa),ds=0,Md. Nazim Uddin,tbs,Jatiya Party (JaPa),tbs=1995,1.00,name+party match (sim=1.00)
Gazipur 3,1,Md. Nazim Uddin,dt,Jatiya Party (JaPa),dt=1995,Md. Nazim Uddin,"ds,tbs",Jatiya Party (JaPa),ds=0; tbs=1995,1.00,name+party match (sim=1.00) [vote-boosted]
Gazipur 3,1,Ha. Ma. Mufti Shamim Ahamd,ds,Islami Oikya Jote (IOJ),ds=0,Ha. Mao. Mufti Shamim Ahmed,tbs,Islami Oikya Jote (IOJ),tbs=2332,1.00,name+party match (sim=1.00)
Gazipur 3,1,Md. Ehsanul Haque,ds,Khelafat Majlis,ds=100539,Md. Ehsanul Haque,tbs,Khelafat Majlis,tbs=100539,1.00,name+party match (sim=1.00) [vote-boosted]
Gazipur 3,1,Muhammad Ehsanul Haque,bss,Khelafat Majlis,bss=100539,Md. Ehsanul Haque,"ds,tbs",Khelafat Majlis,ds=100539; tbs=100539,1.00,name+party match (sim=1.00) [vote-boosted]
Gazipur 3,1,Muhammad Ehsanul Haque,dt,Khelafat Majlis,dt=100539,Muhammad Ehsanul Haque,"bss,ds,tbs",Khelafat Majlis,bss=100539; ds=100539; tbs=100539,1.00,name+party match (sim=1.00) [vote-boosted]
Gazipur 3,1,Md. Ezadur Rahman Chowdhury,ds,Independent Candidate (Independent),ds=0,Md. Izadur Rahman Chowdhury,tbs,Independent Candidate (Independent),tbs=21963,1.00,name+party match (sim=1.00)
Gazipur 3,1,Md. Ejadur Rahman Chowdhury,dt,Independent Candidate (Independent),dt=21963,Md. Izadur Rahman Chowdhury,"ds,tbs",Independent Candidate (Independent),ds=0; tbs=21963,0.94,name+party match (sim=0.94) [vote-boosted]
Gazipur 3,1,Ashikul Islam Piyal,ds,Bangladesh Samajtantrik Dal (Basad),ds=0,Ashiqul Islam Piyal,tbs,Bangladesh Samajtantrik Dal (Basad),tbs=484,0.95,name+party match (sim=0.95)
Gazipur 3,1,Ashikul Islam Piyal,dt,Bangladesh Samajtantrik Dal (Basad),dt=484,Ashiqul Islam Piyal,"ds,tbs",Bangladesh Samajtantrik Dal (Basad),ds=0; tbs=484,0.95,name+party match (sim=0.95) [vote-boosted]
Gazipur 3,1,Alamgir Hossain,ds,Islami Andolan Bangladesh (IAB),ds=0,Alamgir Hossain,tbs,Islami Andolan Bangladesh (IAB),tbs=6036,1.00,name+party match (sim=1.00)
Gazipur 3,1,Alamgir Hossain,dt,Islami Andolan Bangladesh (IAB),dt=6036,Alamgir Hossain,"ds,tbs",Islami Andolan Bangladesh (IAB),ds=0; tbs=6036,1.00,name+party match (sim=1.00) [vote-boosted]
Gazipur 3,2,Hafiz Mawlana Mufti Shamim Ahmed,dt,Bangladesh Islami Front (BIF),dt=2332,Ha. Mao. Mufti Shamim Ahmed,"ds,tbs",Islami Oikya Jote (IOJ),ds=0; tbs=2332,0.83,"name+votes match, party differs: Bangladesh Islami Front (BIF) → Islami Oikya Jote (IOJ)"
Gazipur 4,1,Shah Reazul Hannan,ds,Bangladesh Nationalist Party (BNP),ds=90390,Shah Riazul Hannan,tbs,Bangladesh Nationalist Party (BNP),tbs=90390,1.00,name+party match (sim=1.00) [vote-boosted]
Gazipur 4,1,Shah Riazul Hannan,bss,Bangladesh Nationalist Party (BNP),bss=90390,Shah Riazul Hannan,"ds,tbs",Bangladesh Nationalist Party (BNP),ds=90390; tbs=90390,1.00,name+party match (sim=1.00) [vote-boosted]
Gazipur 4,1,Shah Riazul Hannan,dt,Bangladesh Nationalist Party (BNP),dt=90390,Shah Riazul Hannan,"bss,ds,tbs",Bangladesh Nationalist Party (BNP),bss=90390; ds=90390; tbs=90390,1.00,name+party match (sim=1.00) [vote-boosted]
Gazipur 4,1,Md. Zakir Hossain,ds,Amjanatar Dol,ds=0,Md. Zakir Hossain,tbs,Amjanatar Dol,tbs=278,1.00,name+party match (sim=1.00)
Gazipur 4,1,Md. Zakir Hossain,dt,Amjanatar Dol,dt=278,Md. Zakir Hossain,"ds,tbs",Amjanatar Dol,ds=0; tbs=278,1.00,name+party match (sim=1.00) [vote-boosted]
Gazipur 4,1,Md. Kazim Uddn,ds,Islami Andolan Bangladesh (IAB),ds=0,Md. Kazim Uddin,tbs,Islami Andolan Bangladesh (IAB),tbs=2348,1.00,name+party match (sim=1.00)
Gazipur 4,1,Md. Kazim Uddin,dt,Islami Andolan Bangladesh (IAB),dt=2348,Md. Kazim Uddin,"ds,tbs",Islami Andolan Bangladesh (IAB),ds=0; tbs=2348,1.00,name+party match (sim=1.00) [vote-boosted]
Gazipur 4,1,Md. Shafiullah,ds,Independent Candidate (Independent),ds=0,Md. Shafiullah,tbs,Independent Candidate (Independent),tbs=1521,1.00,name+party match (sim=1.00)
Gazipur 4,1,Md. Shafiullah,dt,Independent Candidate (Independent),dt=1521,Md. Shafiullah,"ds,tbs",Independent Candidate (Independent),ds=0; tbs=1521,1.00,name+party match (sim=1.00) [vote-boosted]
Gazipur 4,1,Monir Hossain,ds,National People's Party (NPP),ds=0,Monir Hossain,tbs,National People's Party (NPP),tbs=135,1.00,name+party match (sim=1.00)
Gazipur 4,1,Monir Hossain,dt,National People's Party (NPP),dt=0,Monir Hossain,"ds,tbs",National People's Party (NPP),ds=0; tbs=135,1.00,name+party match (sim=1.00)
Gazipur 4,1,Salah Uddin,ds,Bangladesh Jamaat-e-Islami (Jamaat),ds=101779,Salah Uddin,tbs,Bangladesh Jamaat-e-Islami (Jamaat),tbs=101779,1.00,name+party match (sim=1.00) [vote-boosted]
Gazipur 4,1,Salah Uddin,bss,Bangladesh Jamaat-e-Islami (Jamaat),bss=101779,Salah Uddin,"ds,tbs",Bangladesh Jamaat-e-Islami (Jamaat),ds=101779; tbs=101779,1.00,name+party match (sim=1.00) [vote-boosted]
Gazipur 4,1,Salah Uddin,dt,Bangladesh Jamaat-e-Islami (Jamaat),dt=101779,Salah Uddin,"bss,ds,tbs",Bangladesh Jamaat-e-Islami (Jamaat),bss=101779; ds=101779; tbs=101779,1.00,name+party match (sim=1.00) [vote-boosted]
Gazipur 4,1,Anamul Kabir,ds,Jatiya Party (JaPa),ds=0,Enamul Kabir,tbs,Jatiya Party (JaPa),tbs=2147,1.00,name+party match (sim=1.00)
Gazipur 4,1,Enamul Kabir,dt,Jatiya Party (JaPa),dt=2147,Enamul Kabir,"ds,tbs",Jatiya Party (JaPa),ds=0; tbs=2147,1.00,name+party match (sim=1.00) [vote-boosted]
Gazipur 4,1,Manabendra Deb,ds,Communist Party of Bangladesh (CPB),ds=0,Manabendra Dev,tbs,Communist Party of Bangladesh (CPB),tbs=1091,0.93,name+party match (sim=0.93)
Gazipur 4,1,Manabendra Deb,dt,Communist Party of Bangladesh (CPB),dt=1091,Manabendra Dev,"ds,tbs",Communist Party of Bangladesh (CPB),ds=0; tbs=1091,0.93,name+party match (sim=0.93) [vote-boosted]
Gazipur 5,1,Md. Khairul Hassan,ds,Bangladesh Jamaat-e-Islami (Jamaat),ds=78123,Md. Khairul Hasan,tbs,Bangladesh Jamaat-e-Islami (Jamaat),tbs=78123,0.97,name+party match (sim=0.97) [vote-boosted]
Gazipur 5,1,Md. Khairul Hasan,bss,Bangladesh Jamaat-e-Islami (Jamaat),bss=78123,Md. Khairul Hassan,"ds,tbs",Bangladesh Jamaat-e-Islami (Jamaat),ds=78123; tbs=78123,0.97,name+party match (sim=0.97) [vote-boosted]
Gazipur 5,1,Md. Khairul Hasan,dt,Bangladesh Jamaat-e-Islami (Jamaat),dt=78123,Md. Khairul Hassan,"bss,ds,tbs",Bangladesh Jamaat-e-Islami (Jamaat),bss=78123; ds=78123; tbs=78123,0.97,name+party match (sim=0.97) [vote-boosted]
Gazipur 5,1,Gazi Ataur Rahman,ds,Islami Andolan Bangladesh (IAB),ds=0,Gazi Ataur Rahman,tbs,Islami Andolan Bangladesh (IAB),tbs=4411,1.00,name+party match (sim=1.00)
Gazipur 5,1,Gazi Ataur Rahman,dt,Islami Andolan Bangladesh (IAB),dt=4411,Gazi Ataur Rahman,"ds,tbs",Islami Andolan Bangladesh (IAB),ds=0; tbs=4411,1.00,name+party match (sim=1.00) [vote-boosted]
Gazipur 5,1,A. K. M. Fazlul Haque Milan,ds,Bangladesh Nationalist Party (BNP),ds=133869,A. K. M. Fazlul Haque Milon,tbs,Bangladesh Nationalist Party (BNP),tbs=133869,1.00,name+party match (sim=1.00) [vote-boosted]
Gazipur 5,1,"A, K, M, Fazlul Haque Milon",bss,Bangladesh Nationalist Party (BNP),bss=133869,A. K. M. Fazlul Haque Milon,"ds,tbs",Bangladesh Nationalist Party (BNP),ds=133869; tbs=133869,1.00,name+party match (sim=1.00) [vote-boosted]
Gazipur 5,1,A. K. M. Fazlul Haque Milon,dt,Bangladesh Nationalist Party (BNP),dt=133869,A. K. M. Fazlul Haque Milon,"bss,ds,tbs",Bangladesh Nationalist Party (BNP),bss=133869; ds=133869; tbs=133869,1.00,name+party match (sim=1.00) [vote-boosted]
Gazipur 5,1,Md. Azam Khan,ds,Janotar Dol,ds=0,Md. Azam Khan,tbs,Janotar Dol,tbs=6592,1.00,name+party match (sim=1.00)
Gazipur 5,1,Md. Azam Khan,dt,Janotar Dol,dt=6592,Md. Azam Khan,"ds,tbs",Janotar Dol,ds=0; tbs=6592,1.00,name+party match (sim=1.00) [vote-boosted]
Gazipur 5,1,Md. Kajal Bhuyia,ds,Gono Forum (GF),ds=0,Md. Kajal Bhuya,tbs,Gono Forum (GF),tbs=223,1.00,name+party match (sim=1.00)
Gazipur 5,1,Md. Kajol Bhuiyan,dt,Gono Forum (GF),dt=223,Md. Kajal Bhuyia,"ds,tbs",Gono Forum (GF),ds=0; tbs=223,0.94,name+party match (sim=0.94) [vote-boosted]
Gazipur 5,1,Md. Al Amin Dewan,ds,Bangladesh Islami Front (BIF),ds=0,Md. Al Amin Dewan,tbs,Bangladesh Islami Front (BIF),tbs=837,1.00,name+party match (sim=1.00)
Gazipur 5,1,Md. Al Amin Dewan,dt,Bangladesh Islami Front (BIF),dt=837,Md. Al Amin Dewan,"ds,tbs",Bangladesh Islami Front (BIF),ds=0; tbs=837,1.00,name+party match (sim=1.00) [vote-boosted]
Gazipur 5,1,Dr. Md. Safiuddin Sarkar,dt,Jatiya Party (JaPa),dt=1497,Md. Shafiuddin Sarkar,tbs,Jatiya Party (JaPa),tbs=1497,0.98,name+party match (sim=0.98) [vote-boosted]
Gopalganj 1,1,Md. Mizanur Rahman,ds,Islami Andolan Bangladesh (IAB),ds=0,Md. Mizanur Rahman,tbs,Islami Andolan Bangladesh (IAB),tbs=5870,1.00,name+party match (sim=1.00)
Gopalganj 1,1,Mohammad Mizanur Rahman,dt,Islami Andolan Bangladesh (IAB),dt=5870,Md. Mizanur Rahman,"ds,tbs",Islami Andolan Bangladesh (IAB),ds=0; tbs=5870,1.00,name+party match (sim=1.00) [vote-boosted]
Gopalganj 1,1,M. Anisul Islam,ds,Independent Candidate (Independent),ds=0,M. Anisul Islam,tbs,Independent Candidate (Independent),tbs=3257,1.00,name+party match (sim=1.00)
Gopalganj 1,1,Asarful Alam,ds,Independent Candidate (Independent),ds=0,Ashraful Alom,tbs,Independent Candidate (Independent),tbs=21276,0.92,name+party match (sim=0.92)
Gopalganj 1,1,Ashraful Alam,dt,Independent Candidate (Independent),dt=21276,Ashraful Alom,"ds,tbs",Independent Candidate (Independent),ds=0; tbs=21276,1.00,name+party match (sim=1.00) [vote-boosted]
Gopalganj 1,1,Md. Selimuzzaman Molla,ds,Bangladesh Nationalist Party (BNP),ds=69462,Md. Selimuzzaman Molla,tbs,Bangladesh Nationalist Party (BNP),tbs=69462,1.00,name+party match (sim=1.00) [vote-boosted]
Gopalganj 1,1,Md. Selimuzzaman Molya,bss,Bangladesh Nationalist Party (BNP),bss=69462,Md. Selimuzzaman Molla,"ds,tbs",Bangladesh Nationalist Party (BNP),ds=69462; tbs=69462,0.95,name+party match (sim=0.95) [vote-boosted]
Gopalganj 1,1,Md. Selimuzzaman Mollya,dt,Bangladesh Nationalist Party (BNP),dt=69462,Md. Selimuzzaman Molla,"bss,ds,tbs",Bangladesh Nationalist Party (BNP),bss=69462; ds=69462; tbs=69462,0.98,name+party match (sim=0.98) [vote-boosted]
Gopalganj 1,1,Md. Qayyum Ali Khan,ds,Independent Candidate (Independent),ds=0,Md. Kayyum Ali Khan,tbs,Independent Candidate (Independent),tbs=2180,0.95,name+party match (sim=0.95)
Gopalganj 1,1,Md. Kaiyum Ali Khan,dt,Independent Candidate (Independent),dt=34635,Md. Kayyum Ali Khan,"ds,tbs",Independent Candidate (Independent),ds=0; tbs=2180,0.95,name+party match (sim=0.95)
Gopalganj 1,1,Md. Abdul Hamid Molla,ds,Bangladesh Jamaat-e-Islami (Jamaat),ds=0,Md. Abdul Hamid Molla,tbs,Bangladesh Jamaat-e-Islami (Jamaat),tbs=34635,1.00,name+party match (sim=1.00)
Gopalganj 1,1,Muhammad Abdul Hamid Molla,dt,Bangladesh Jamaat-e-Islami (Jamaat),dt=34635,Md. Abdul Hamid Molla,"ds,tbs",Bangladesh Jamaat-e-Islami (Jamaat),ds=0; tbs=34635,1.00,name+party match (sim=1.00) [vote-boosted]
Gopalganj 1,1,Nirod Baron Mazumdar,ds,Communist Party of Bangladesh (CPB),ds=0,Nirod Baran Majumder,tbs,Communist Party of Bangladesh (CPB),tbs=349,0.91,name+party match (sim=0.91)
Gopalganj 1,1,Nirad Baran Majumdar,dt,Communist Party of Bangladesh (CPB),dt=349,Nirod Baran Majumder,"ds,tbs",Communist Party of Bangladesh (CPB),ds=0; tbs=349,1.00,name+party match (sim=1.00) [vote-boosted]
Gopalganj 1,1,Md. Kabir Mia,ds,Gono Odhikar Parishad (GOP),ds=54329,Md. Kabir Mia,tbs,Gono Odhikar Parishad (GOP),tbs=54329,1.00,name+party match (sim=1.00) [vote-boosted]
Gopalganj 1,1,Md. Kabir Miya,bss,Gono Odhikar Parishad (GOP),bss=54329,Md. Kabir Mia,"ds,tbs",Gono Odhikar Parishad (GOP),ds=54329; tbs=54329,0.96,name+party match (sim=0.96) [vote-boosted]
Gopalganj 1,1,Md. Kabir Mia,dt,Gono Odhikar Parishad (GOP),dt=54329,Md. Kabir Miya,"bss,ds,tbs",Gono Odhikar Parishad (GOP),bss=54329; ds=54329; tbs=54329,0.96,name+party match (sim=0.96) [vote-boosted]
Gopalganj 1,1,Sultan Jaman Khan,ds,Jatiya Party (JaPa),ds=0,Sultan Zaman Khan,tbs,Jatiya Party (JaPa),tbs=621,0.94,name+party match (sim=0.94)
Gopalganj 1,1,Sultan Zaman Khan,dt,Jatiya Party (JaPa),dt=621,Sultan Zaman Khan,"ds,tbs",Jatiya Party (JaPa),ds=0; tbs=621,1.00,name+party match (sim=1.00) [vote-boosted]
Gopalganj 1,2,M. Anisul Islam,dt,Jatiya Party (JaPa),dt=3257,M. Anisul Islam,"ds,tbs",Independent Candidate (Independent),ds=0; tbs=3257,1.00,"name+votes match, party differs: Jatiya Party (JaPa) → Independent Candidate (Independent)"
Gopalganj 2,1,Kamruzzaman Bhuiyan,ds,Independent Candidate (Independent),ds=0,Kamruzzaman Bhuiyan,tbs,Independent Candidate (Independent),tbs=27891,1.00,name+party match (sim=1.00)
Gopalganj 2,1,Kamruzzaman Bhuiyan,dt,Independent Candidate (Independent),dt=27891,Kamruzzaman Bhuiyan,"ds,tbs",Independent Candidate (Independent),ds=0; tbs=27891,1.00,name+party match (sim=1.00) [vote-boosted]
Gopalganj 2,1,Rone Molla,ds,Independent Candidate (Independent),ds=0,Rony Molla,tbs,Independent Candidate (Independent),tbs=403,0.91,name+party match (sim=0.91)
Gopalganj 2,1,Rani Molla,dt,Independent Candidate (Independent),dt=403,Rony Molla,"ds,tbs",Independent Candidate (Independent),ds=0; tbs=403,0.91,name+party match (sim=0.91) [vote-boosted]
Gopalganj 2,1,Shipon Bhuiyan,ds,Independent Candidate (Independent),ds=0,Sipon Bhuiyan,tbs,Independent Candidate (Independent),tbs=1931,0.96,name+party match (sim=0.96)
Gopalganj 2,1,Sipon Bhuiyan,dt,Independent Candidate (Independent),dt=1931,Shipon Bhuiyan,"ds,tbs",Independent Candidate (Independent),ds=0; tbs=1931,0.96,name+party match (sim=0.96) [vote-boosted]
Gopalganj 2,1,Shuaib Ibrahim,ds,Khelafat Majlis,ds=0,Shuaib Ibrahim,tbs,Khelafat Majlis,tbs=28604,1.00,name+party match (sim=1.00)
Gopalganj 2,1,Shuayeb Ibrahim,dt,Khelafat Majlis,dt=28604,Shuaib Ibrahim,"ds,tbs",Khelafat Majlis,ds=0; tbs=28604,0.93,name+party match (sim=0.93) [vote-boosted]
Gopalganj 2,1,Md. Sirajul Islam Siraj,ds,Independent Candidate (Independent),ds=0,Md. Sirajul Islam Siraj,tbs,Independent Candidate (Independent),tbs=2819,1.00,name+party match (sim=1.00)
Gopalganj 2,1,Md. Sirajul Islam Siraj,dt,Independent Candidate (Independent),dt=2189,Md. Sirajul Islam Siraj,"ds,tbs",Independent Candidate (Independent),ds=0; tbs=2819,1.00,name+party match (sim=1.00)
Gopalganj 2,1,Utpal Biswas,ds,Independent Candidate (Independent),ds=0,Utpal Biswas,tbs,Independent Candidate (Independent),tbs=8665,1.00,name+party match (sim=1.00)
Gopalganj 2,1,Utpal Biswas,dt,Independent Candidate (Independent),dt=8665,Utpal Biswas,"ds,tbs",Independent Candidate (Independent),ds=0; tbs=8665,1.00,name+party match (sim=1.00) [vote-boosted]
Gopalganj 2,1,M. H. Khan Manju,ds,Independent Candidate (Independent),ds=33039,Mh Khan Monju,tbs,Independent Candidate (Independent),tbs=33039,1.00,name+party match (sim=1.00) [vote-boosted]
Gopalganj 2,1,"M, H Khan Manju",bss,Independent Candidate (Independent),bss=33039,M. H. Khan Manju,"ds,tbs",Independent Candidate (Independent),ds=33039; tbs=33039,1.00,name+party match (sim=1.00) [vote-boosted]
Gopalganj 2,1,M. H. Khan Manju,dt,Independent Candidate (Independent),dt=33039,M. H. Khan Manju,"bss,ds,tbs",Independent Candidate (Independent),bss=33039; ds=33039; tbs=33039,1.00,name+party match (sim=1.00) [vote-boosted]
Gopalganj 2,1,Shah Mofiz,ds,Gono Forum (GF),ds=0,Shah Mofiz,tbs,Gono Forum (GF),tbs=215,1.00,name+party match (sim=1.00)
Gopalganj 2,1,Shah Mofiz,dt,Gono Forum (GF),dt=215,Shah Mofiz,"ds,tbs",Gono Forum (GF),ds=0; tbs=215,1.00,name+party match (sim=1.00) [vote-boosted]
Gopalganj 2,1,K. M. Babar,ds,Bangladesh Nationalist Party (BNP),ds=40048,Km Babar,tbs,Bangladesh Nationalist Party (BNP),tbs=40048,1.00,name+party match (sim=1.00) [vote-boosted]
Gopalganj 2,1,KM Babar,bss,Bangladesh Nationalist Party (BNP),bss=40048,K. M. Babar,"ds,tbs",Bangladesh Nationalist Party (BNP),ds=40048; tbs=40048,1.00,name+party match (sim=1.00) [vote-boosted]
Gopalganj 2,1,K. M. Babar,dt,Bangladesh Nationalist Party (BNP),dt=40048,K. M. Babar,"bss,ds,tbs",Bangladesh Nationalist Party (BNP),bss=40048; ds=40048; tbs=40048,1.00,name+party match (sim=1.00) [vote-boosted]
Gopalganj 2,1,Taslim Sikder,ds,Islami Andolan Bangladesh (IAB),ds=0,Taslim Sikder,tbs,Islami Andolan Bangladesh (IAB),tbs=2911,1.00,name+party match (sim=1.00)
Gopalganj 2,1,Taslim Shikder,dt,Islami Andolan Bangladesh (IAB),dt=2911,Taslim Sikder,"ds,tbs",Islami Andolan Bangladesh (IAB),ds=0; tbs=2911,0.96,name+party match (sim=0.96) [vote-boosted]
Gopalganj 2,1,Riyaz Sarwar Mollya,dt,Jatiya Party (JaPa),dt=419,Riaz Sarwar Molla,tbs,Jatiya Party (JaPa),tbs=419,0.94,name+party match (sim=0.94) [vote-boosted]
Gopalganj 2,1,Mahamud Hasan,ds,Zaker Party (ZP),ds=0,Mahmud Hasan,tbs,Zaker Party (ZP),tbs=1371,1.00,name+party match (sim=1.00)
Gopalganj 2,1,Mahmud Hasan,dt,Zaker Party (ZP),dt=1371,Mahamud Hasan,"ds,tbs",Zaker Party (ZP),ds=0; tbs=1371,1.00,name+party match (sim=1.00) [vote-boosted]
Gopalganj 2,1,Din Md.,ds,Gono Odhikar Parishad (GOP),ds=0,Deen Md.,tbs,Gono Odhikar Parishad (GOP),tbs=305,1.00,name+party match (sim=1.00)
Gopalganj 2,1,Din Mohammad,dt,Gono Odhikar Parishad (GOP),dt=305,Deen Md.,"ds,tbs",Gono Odhikar Parishad (GOP),ds=0; tbs=305,1.00,name+party match (sim=1.00) [vote-boosted]
Gopalganj 3,1,Gobinda Chandra Pramanik,ds,Independent Candidate (Independent),ds=34339,Gobinda Chandra Pramanik,tbs,Independent Candidate (Independent),tbs=34339,1.00,name+party match (sim=1.00) [vote-boosted]
Gopalganj 3,1,Gobinda Chandra Pramanik,dt,Independent Candidate (Independent),dt=34339,Gobinda Chandra Pramanik,"ds,tbs",Independent Candidate (Independent),ds=34339; tbs=34339,1.00,name+party match (sim=1.00) [vote-boosted]
Gopalganj 3,1,Abdul Aziz,ds,Khelafat Majlis,ds=0,Abdul Aziz,tbs,Khelafat Majlis,tbs=25153,1.00,name+party match (sim=1.00)
Gopalganj 3,1,A. Aziz,dt,Khelafat Majlis,dt=25153,Abdul Aziz,"ds,tbs",Khelafat Majlis,ds=0; tbs=25153,0.72,name+party match (sim=0.72) [vote-boosted]
Gopalganj 3,1,S. M. Zilany,ds,Bangladesh Nationalist Party (BNP),ds=60991,Sm Jilani,tbs,Bangladesh Nationalist Party (BNP),tbs=60991,0.73,name+party match (sim=0.73) [vote-boosted]
Gopalganj 3,1,"S, M, Jilani",bss,Bangladesh Nationalist Party (BNP),bss=60991,S. M. Zilany,"ds,tbs",Bangladesh Nationalist Party (BNP),ds=60991; tbs=60991,0.73,name+party match (sim=0.73) [vote-boosted]
Gopalganj 3,1,S. M. Zilani,dt,Bangladesh Nationalist Party (BNP),dt=60991,S. M. Zilany,"bss,ds,tbs",Bangladesh Nationalist Party (BNP),bss=60991; ds=60991; tbs=60991,0.92,name+party match (sim=0.92) [vote-boosted]
Gopalganj 3,1,Abul Bashar,ds,Gono Odhikar Parishad (GOP),ds=0,Abul Bashar,tbs,Gono Odhikar Parishad (GOP),tbs=2600,1.00,name+party match (sim=1.00)
Gopalganj 3,1,Abul Basar,dt,Gono Odhikar Parishad (GOP),dt=2600,Abul Bashar,"ds,tbs",Gono Odhikar Parishad (GOP),ds=0; tbs=2600,0.95,name+party match (sim=0.95) [vote-boosted]
Gopalganj 3,1,Md. Habibur Rahman,ds,Independent Candidate (Independent),ds=0,Md. Habibur Rahman,tbs,Independent Candidate (Independent),tbs=3805,1.00,name+party match (sim=1.00)
Gopalganj 3,1,Md. Habibur Rahman,dt,Independent Candidate (Independent),dt=3805,Md. Habibur Rahman,"ds,tbs",Independent Candidate (Independent),ds=0; tbs=3805,1.00,name+party match (sim=1.00) [vote-boosted]
Gopalganj 3,1,Sk. Sala Uddin,ds,National People's Party (NPP),ds=0,Sheikh Salahuddin,tbs,National People's Party (NPP),tbs=591,0.82,name+party match (sim=0.82)
Gopalganj 3,1,Sheikh Salauddin,dt,National People's Party (NPP),dt=591,Sheikh Salahuddin,"ds,tbs",National People's Party (NPP),ds=0; tbs=591,1.00,name+party match (sim=1.00) [vote-boosted]
Gopalganj 3,1,Dulal Chandra Biwas,ds,Gono Forum (GF),ds=0,Dulal Chandra Biswas,tbs,Gono Forum (GF),tbs=269,0.97,name+party match (sim=0.97)
Gopalganj 3,1,Dulal Chandra Biswas,dt,Gono Forum (GF),dt=269,Dulal Chandra Biswas,"ds,tbs",Gono Forum (GF),ds=0; tbs=269,1.00,name+party match (sim=1.00) [vote-boosted]
Gopalganj 3,1,Md. Maruf Sheikh,dt,Islami Andolan Bangladesh (IAB),dt=4717,Md. Maruf Sheikh,ds,Islami Andolan Bangladesh (IAB),ds=0,1.00,name+party match (sim=1.00)
Gopalganj 3,2,গোবিন্দ চন্দ্র প্রামাণিক,bss,Unique - Govinda Chandra Pramanik,bss=34339,Gobinda Chandra Pramanik,"ds,dt,tbs",Independent Candidate (Independent),ds=34339; dt=34339; tbs=34339,1.00,"name+votes match, party differs: Unique - Govinda Chandra Pramanik → Independent Candidate (Independent)"
Habiganj 1,1,Reza Kibria,ds,Bangladesh Nationalist Party (BNP),ds=111999,Reza Kibria,tbs,Bangladesh Nationalist Party (BNP),tbs=111999,1.00,name+party match (sim=1.00) [vote-boosted]
Habiganj 1,1,Reza Kibria,bss,Bangladesh Nationalist Party (BNP),bss=111999,Reza Kibria,"ds,tbs",Bangladesh Nationalist Party (BNP),ds=111999; tbs=111999,1.00,name+party match (sim=1.00) [vote-boosted]
Habiganj 1,1,Reza Kibria,dt,Bangladesh Nationalist Party (BNP),dt=111999,Reza Kibria,"bss,ds,tbs",Bangladesh Nationalist Party (BNP),bss=111999; ds=111999; tbs=111999,1.00,name+party match (sim=1.00) [vote-boosted]
Habiganj 1,1,Sirajul Islam,ds,Khelafat Majlis,ds=56132,Sirajul Islam,tbs,Khelafat Majlis,tbs=56132,1.00,name+party match (sim=1.00) [vote-boosted]
Habiganj 1,1,Maulana Sirajul Islam,bss,Khelafat Majlis,bss=56132,Sirajul Islam,"ds,tbs",Khelafat Majlis,ds=56132; tbs=56132,1.00,name+party match (sim=1.00) [vote-boosted]
Habiganj 1,1,Maulana Sirajul Islam,dt,Khelafat Majlis,dt=56132,Maulana Sirajul Islam,"bss,ds,tbs",Khelafat Majlis,bss=56132; ds=56132; tbs=56132,1.00,name+party match (sim=1.00) [vote-boosted]
Habiganj 1,1,Kazi Tofayel Ahmed,dt,Jatiya Samajtantrik Dal (JSD),dt=644,Kazi Tofael Ahmed,ds,Jatiya Samajtantrik Dal (JSD),ds=0,0.97,name+party match (sim=0.97)
Habiganj 1,1,Mohammad Badrur Reza,dt,Bangladesh Islami Front (BIF),dt=5272,Md. Badrur Reza,ds,Bangladesh Islami Front (BIF),ds=0,1.00,name+party match (sim=1.00)
Habiganj 1,1,Sheikh Sujat Mia,dt,Independent Candidate (Independent),dt=34637,Sheikh Shujat Mia,ds,Independent Candidate (Independent),ds=0,0.97,name+party match (sim=0.97)
Habiganj 2,1,Abdul Basit Azad,ds,Khelafat Majlis,ds=65762,Abdul Basit Azad,tbs,Khelafat Majlis,tbs=65762,1.00,name+party match (sim=1.00) [vote-boosted]
Habiganj 2,1,Abdul Bachit Azad,bss,Khelafat Majlis,bss=65762,Abdul Basit Azad,"ds,tbs",Khelafat Majlis,ds=65762; tbs=65762,0.91,name+party match (sim=0.91) [vote-boosted]
Habiganj 2,1,Abdul Basit Azad,dt,Khelafat Majlis,dt=65762,Abdul Bachit Azad,"bss,ds,tbs",Khelafat Majlis,bss=65762; ds=65762; tbs=65762,0.91,name+party match (sim=0.91) [vote-boosted]
Habiganj 2,1,Abu Mansur Sakhawat Hasan,ds,Bangladesh Nationalist Party (BNP),ds=126583,Abu Mansur Sakhawat Hasan,tbs,Bangladesh Nationalist Party (BNP),tbs=126583,1.00,name+party match (sim=1.00) [vote-boosted]
Habiganj 2,1,Abu Mansoor Sakhawat Hasan,bss,Bangladesh Nationalist Party (BNP),bss=126583,Abu Mansur Sakhawat Hasan,"ds,tbs",Bangladesh Nationalist Party (BNP),ds=126583; tbs=126583,1.00,name+party match (sim=1.00) [vote-boosted]
Habiganj 2,1,Abu Mansur Sakhawat Hasan,dt,Bangladesh Nationalist Party (BNP),dt=126583,Abu Mansoor Sakhawat Hasan,"bss,ds,tbs",Bangladesh Nationalist Party (BNP),bss=126583; ds=126583; tbs=126583,1.00,name+party match (sim=1.00) [vote-boosted]
Habiganj 2,1,Abdul Muqtadir Chowdhury,dt,Jatiya Party (JaPa),dt=941,Abdul Muktadir Chowdhury,ds,Jatiya Party (JaPa),ds=0,0.96,name+party match (sim=0.96)
Habiganj 2,1,Afsar Ahmed,dt,Independent Candidate (Independent),dt=1843,Afsar Ahmed,ds,Independent Candidate (Independent),ds=0,1.00,name+party match (sim=1.00)
Habiganj 2,1,Luqman Ahmed Talukder,dt,Bangladesh Samajtantrik Dal (Basad),dt=448,Lukman Ahmed Talukder,ds,Bangladesh Samajtantrik Dal (Basad),ds=0,0.95,name+party match (sim=0.95)
Habiganj 3,1,Kazi Mohsin Ahmed,ds,Bangladesh Jamaat-e-Islami (Jamaat),ds=45568,Kazi Mohsin Ahmed,tbs,Bangladesh Jamaat-e-Islami (Jamaat),tbs=45568,1.00,name+party match (sim=1.00) [vote-boosted]
Habiganj 3,1,Qazi Mohsin Ahmad,bss,Bangladesh Jamaat-e-Islami (Jamaat),bss=45568,Kazi Mohsin Ahmed,"ds,tbs",Bangladesh Jamaat-e-Islami (Jamaat),ds=45568; tbs=45568,0.89,name+party match (sim=0.89) [vote-boosted]
Habiganj 3,1,Kazi Mohsin Ahmed,dt,Bangladesh Jamaat-e-Islami (Jamaat),dt=45568,Kazi Mohsin Ahmed,"bss,ds,tbs",Bangladesh Jamaat-e-Islami (Jamaat),bss=45568; ds=45568; tbs=45568,1.00,name+party match (sim=1.00) [vote-boosted]
Habiganj 3,1,Alhaj Md. G. K. Gaus,ds,Bangladesh Nationalist Party (BNP),ds=142348,Gk Gaus,tbs,Bangladesh Nationalist Party (BNP),tbs=142348,0.80,name+party match (sim=0.80) [vote-boosted]
Habiganj 3,1,Alhaj Md. G. K. Gouch,bss,Bangladesh Nationalist Party (BNP),bss=142348,Alhaj Md. G. K. Gaus,"ds,tbs",Bangladesh Nationalist Party (BNP),ds=142348; tbs=142348,1.00,name+party match (sim=1.00) [vote-boosted]
Habiganj 3,1,Alhaj Md. G. K. Gaus,dt,Bangladesh Nationalist Party (BNP),dt=142348,Alhaj Md. G. K. Gouch,"bss,ds,tbs",Bangladesh Nationalist Party (BNP),bss=142348; ds=142348; tbs=142348,1.00,name+party match (sim=1.00) [vote-boosted]
Habiganj 3,1,Abdul Mumin Chowdhury,dt,Jatiya Party (JaPa),dt=1259,Abdul Mumin Chowdhury,ds,Jatiya Party (JaPa),ds=1259,1.00,name+party match (sim=1.00) [vote-boosted]
Habiganj 3,1,Md. Shahinur Rahman,dt,Bangladesh Sangskritik Muktijote (BSM),dt=132,Md. Shahinur Rahman,ds,Bangladesh Sangskritik Muktijote (BSM),ds=132,1.00,name+party match (sim=1.00) [vote-boosted]
Habiganj 3,1,Mohib Uddin Ahmed Sohel,dt,Islami Andolan Bangladesh (IAB),dt=5443,Mohib Uddin Ahmed Sohel,ds,Islami Andolan Bangladesh (IAB),ds=5443,1.00,name+party match (sim=1.00) [vote-boosted]
Habiganj 3,1,S. M. Sarwar,dt,Bangladesh Islami Front (BIF),dt=14133,S. M. Sarwar,ds,Bangladesh Islami Front (BIF),ds=14133,1.00,name+party match (sim=1.00) [vote-boosted]
Habiganj 4,1,Md. Rashedul Islam Khokon,ds,Bangladesh Sangskritik Muktijote (BSM),ds=484,Md. Rashedul Islam Khokon,tbs,Bangladesh Sangskritik Muktijote (BSM),tbs=484,1.00,name+party match (sim=1.00) [vote-boosted]
Habiganj 4,1,Md. Rashedul Islam Khokon,dt,Bangladesh Sangskritik Muktijote (BSM),dt=484,Md. Rashedul Islam Khokon,"ds,tbs",Bangladesh Sangskritik Muktijote (BSM),ds=484; tbs=484,1.00,name+party match (sim=1.00) [vote-boosted]
Habiganj 4,1,Md. Gias Uddin,ds,Bangladesh Islami Front (BIF),ds=84323,Md. Gias Uddin,tbs,Bangladesh Islami Front (BIF),tbs=84323,1.00,name+party match (sim=1.00) [vote-boosted]
Habiganj 4,1,Md Ghiyas Uddin,bss,Bangladesh Islami Front (BIF),bss=84323,Md. Gias Uddin,"ds,tbs",Bangladesh Islami Front (BIF),ds=84323; tbs=84323,0.93,name+party match (sim=0.93) [vote-boosted]
Habiganj 4,1,Md. Gias Uddin,dt,Bangladesh Islami Front (BIF),dt=84323,Md Ghiyas Uddin,"bss,ds,tbs",Bangladesh Islami Front (BIF),bss=84323; ds=84323; tbs=84323,0.93,name+party match (sim=0.93) [vote-boosted]
Habiganj 4,1,Md. Mujibur Rahman,ds,Bangladesh Samajtantrik Dal (Basad),ds=329,Md. Mujibur Rahman,tbs,Bangladesh Samajtantrik Dal (Basad),tbs=329,1.00,name+party match (sim=1.00) [vote-boosted]
Habiganj 4,1,Md. Mujibur Rahman,dt,Bangladesh Samajtantrik Dal (Basad),dt=329,Md. Mujibur Rahman,"ds,tbs",Bangladesh Samajtantrik Dal (Basad),ds=329; tbs=329,1.00,name+party match (sim=1.00) [vote-boosted]
Habiganj 4,1,Md. Mizanur Rahman Chowdhury,ds,Independent Candidate (Independent),ds=652,Md. Mizanur Rahman Chowdhury,tbs,Independent Candidate (Independent),tbs=652,1.00,name+party match (sim=1.00) [vote-boosted]
Habiganj 4,1,Md. Mizanur Rahman Chowdhury,dt,Independent Candidate (Independent),dt=652,Md. Mizanur Rahman Chowdhury,"ds,tbs",Independent Candidate (Independent),ds=652; tbs=652,1.00,name+party match (sim=1.00) [vote-boosted]
Habiganj 4,1,S. M. Faisal,ds,Bangladesh Nationalist Party (BNP),ds=188072,Sm Faisal,tbs,Bangladesh Nationalist Party (BNP),tbs=188072,1.00,name+party match (sim=1.00) [vote-boosted]
Habiganj 4,1,"S, M, Faisal",bss,Bangladesh Nationalist Party (BNP),bss=188072,S. M. Faisal,"ds,tbs",Bangladesh Nationalist Party (BNP),ds=188072; tbs=188072,1.00,name+party match (sim=1.00) [vote-boosted]
Habiganj 4,1,S. M. Faisal,dt,Bangladesh Nationalist Party (BNP),dt=188072,S. M. Faisal,"bss,ds,tbs",Bangladesh Nationalist Party (BNP),bss=188072; ds=188072; tbs=188072,1.00,name+party match (sim=1.00) [vote-boosted]
Habiganj 4,1,Saleh Ahmed Sajan,ds,Independent Candidate (Independent),ds=619,Saleh Ahmed Sajan,tbs,Independent Candidate (Independent),tbs=619,1.00,name+party match (sim=1.00) [vote-boosted]
Habiganj 4,1,Saleh Ahmed Sajan,dt,Independent Candidate (Independent),dt=619,Saleh Ahmed Sajan,"ds,tbs",Independent Candidate (Independent),ds=619; tbs=619,1.00,name+party match (sim=1.00) [vote-boosted]
Habiganj 4,1,Md. Rezaul Mostafa,ds,Insaniyat Biplob Bangladesh (IBB),ds=484,Md. Rezaul Mustafa,tbs,Insaniyat Biplob Bangladesh (IBB),tbs=484,1.00,name+party match (sim=1.00) [vote-boosted]
Habiganj 4,1,Md. Rezaul Mostafa,dt,Insaniyat Biplob Bangladesh (IBB),dt=484,Md. Rezaul Mustafa,"ds,tbs",Insaniyat Biplob Bangladesh (IBB),ds=484; tbs=484,1.00,name+party match (sim=1.00) [vote-boosted]
Habiganj 4,1,Ahmed Abdul Quader,ds,Khelafat Majlis,ds=26466,Ahmed Abdul Quader,tbs,Khelafat Majlis,tbs=26466,1.00,name+party match (sim=1.00) [vote-boosted]
Habiganj 4,1,Ahmed Abdul Qader,dt,Khelafat Majlis,dt=26466,Ahmed Abdul Quader,"ds,tbs",Khelafat Majlis,ds=26466; tbs=26466,1.00,name+party match (sim=1.00) [vote-boosted]
Habiganj 4,1,Shah Md. Al Amin,ds,Bangladesh Muslim League (BML),ds=536,Shah Md. Al Amin,tbs,Bangladesh Muslim League (BML),tbs=536,1.00,name+party match (sim=1.00) [vote-boosted]
Habiganj 4,1,Shah Md. Al Amin,dt,Bangladesh Muslim League (BML),dt=536,Shah Md. Al Amin,"ds,tbs",Bangladesh Muslim League (BML),ds=536; tbs=536,1.00,name+party match (sim=1.00) [vote-boosted]
Jamalpur 1,1,Md. Nazmul Haque Sayeedi,ds,Bangladesh Jamaat-e-Islami (Jamaat),ds=97820,Md. Nazmul Haque Sayedee,tbs,Bangladesh Jamaat-e-Islami (Jamaat),tbs=93661,1.00,name+party match (sim=1.00)
Jamalpur 1,1,Muhammad Nazmul Haque Saeedee,bss,Bangladesh Jamaat-e-Islami (Jamaat),bss=97820,Md. Nazmul Haque Sayedee,"ds,tbs",Bangladesh Jamaat-e-Islami (Jamaat),ds=97820; tbs=93661,0.96,name+party match (sim=0.96) [vote-boosted]
Jamalpur 1,1,Muhammad Nazmul Haque Saeedi,dt,Bangladesh Jamaat-e-Islami (Jamaat),dt=93661,Muhammad Nazmul Haque Saeedee,"bss,ds,tbs",Bangladesh Jamaat-e-Islami (Jamaat),bss=97820; ds=97820; tbs=93661,1.00,name+party match (sim=1.00) [vote-boosted]
Jamalpur 1,1,M. Rashiduzzaman Millat,ds,Bangladesh Nationalist Party (BNP),ds=173656,M. Rashiduzzaman Millat,tbs,Bangladesh Nationalist Party (BNP),tbs=172115,1.00,name+party match (sim=1.00)
Jamalpur 1,1,M Rashiduzzaman Millat,bss,Bangladesh Nationalist Party (BNP),bss=173656,M. Rashiduzzaman Millat,"ds,tbs",Bangladesh Nationalist Party (BNP),ds=173656; tbs=172115,1.00,name+party match (sim=1.00) [vote-boosted]
Jamalpur 1,1,M. Rashiduzzaman Millat,dt,Bangladesh Nationalist Party (BNP),dt=172115,M. Rashiduzzaman Millat,"bss,ds,tbs",Bangladesh Nationalist Party (BNP),bss=173656; ds=173656; tbs=172115,1.00,name+party match (sim=1.00) [vote-boosted]
Jamalpur 1,1,A. K. M. Fazlul Haque,dt,Jatiya Party (JaPa),dt=0,A. K. M. Fazlul Hoque,ds,Jatiya Party (JaPa),ds=0,1.00,name+party match (sim=1.00)
Jamalpur 1,1,Md. Abdur Rauf Talukdar,dt,Islami Andolan Bangladesh (IAB),dt=0,Md. Abdur Rouf Talukder,ds,Islami Andolan Bangladesh (IAB),ds=0,1.00,name+party match (sim=1.00)
Jamalpur 2,1,A. E. Sultan Mahmud Babu,ds,Bangladesh Nationalist Party (BNP),ds=95860,"A. , E. , Sultan Mahmud Babu",tbs,Bangladesh Nationalist Party (BNP),tbs=95860,1.00,name+party match (sim=1.00) [vote-boosted]
Jamalpur 2,1,"A, E, Sultan Mahmud Babu",bss,Bangladesh Nationalist Party (BNP),bss=95860,"A. , E. , Sultan Mahmud Babu","ds,tbs",Bangladesh Nationalist Party (BNP),ds=95860; tbs=95860,1.00,name+party match (sim=1.00) [vote-boosted]
Jamalpur 2,1,A. I. Sultan Mahmud Babu,dt,Bangladesh Nationalist Party (BNP),dt=95860,"A. , E. , Sultan Mahmud Babu","bss,ds,tbs",Bangladesh Nationalist Party (BNP),bss=95860; ds=95860; tbs=95860,1.00,name+party match (sim=1.00) [vote-boosted]
Jamalpur 2,1,Md. Samiul Haque,ds,Bangladesh Jamaat-e-Islami (Jamaat),ds=62434,Md. Chamiul Haque,tbs,Bangladesh Jamaat-e-Islami (Jamaat),tbs=62434,0.91,name+party match (sim=0.91) [vote-boosted]
Jamalpur 2,1,Md. Shamiul Haque,bss,Bangladesh Jamaat-e-Islami (Jamaat),bss=62434,Md. Chamiul Haque,"ds,tbs",Bangladesh Jamaat-e-Islami (Jamaat),ds=62434; tbs=62434,0.94,name+party match (sim=0.94) [vote-boosted]
Jamalpur 2,1,Md. Samiul Haque,dt,Bangladesh Jamaat-e-Islami (Jamaat),dt=62434,Md. Chamiul Haque,"bss,ds,tbs",Bangladesh Jamaat-e-Islami (Jamaat),bss=62434; ds=62434; tbs=62434,0.91,name+party match (sim=0.91) [vote-boosted]
Jamalpur 2,1,Sultan Mahmud,ds,Islami Andolan Bangladesh (IAB),ds=0,Sultan Mahmud,tbs,Islami Andolan Bangladesh (IAB),tbs=1713,1.00,name+party match (sim=1.00)
Jamalpur 2,1,Sultan Mahmud,dt,Islami Andolan Bangladesh (IAB),dt=1713,Sultan Mahmud,"ds,tbs",Islami Andolan Bangladesh (IAB),ds=0; tbs=1713,1.00,name+party match (sim=1.00) [vote-boosted]
Jamalpur 2,1,Arnob Wares Khan,dt,Independent Candidate (Independent),dt=174,Arnab Wares Khan,tbs,Independent Candidate (Independent),tbs=174,1.00,name+party match (sim=1.00) [vote-boosted]
Jamalpur 3,1,Shiblul Bari Raju,ds,Independent Candidate (Independent),ds=0,Shiblul Bari Raju,tbs,Independent Candidate (Independent),tbs=10523,1.00,name+party match (sim=1.00)
Jamalpur 3,1,Shiblul Bari Raju,dt,Independent Candidate (Independent),dt=10523,Shiblul Bari Raju,"ds,tbs",Independent Candidate (Independent),ds=0; tbs=10523,1.00,name+party match (sim=1.00) [vote-boosted]
Jamalpur 3,1,Farzana Forid,ds,Independent Candidate (Independent),ds=0,Farzana Farid,tbs,Independent Candidate (Independent),tbs=284,1.00,name+party match (sim=1.00)
Jamalpur 3,1,Md. Daulatuzzaman Ansary,ds,Islami Andolan Bangladesh (IAB),ds=0,Md. Daulatuzzaman Ansari,tbs,Islami Andolan Bangladesh (IAB),tbs=2546,0.96,name+party match (sim=0.96)
Jamalpur 3,1,Mohammad Daulatuzzaman Ansari,dt,Islami Andolan Bangladesh (IAB),dt=2546,Md. Daulatuzzaman Ansari,"ds,tbs",Islami Andolan Bangladesh (IAB),ds=0; tbs=2546,1.00,name+party match (sim=1.00) [vote-boosted]
Jamalpur 3,1,Md. Mujibur Rahman Azadi,ds,Bangladesh Jamaat-e-Islami (Jamaat),ds=81430,Md. Mujibur Rahman Azadi,tbs,Bangladesh Jamaat-e-Islami (Jamaat),tbs=81430,1.00,name+party match (sim=1.00) [vote-boosted]
Jamalpur 3,1,Md. Mujibur Rahman Azadi,bss,Bangladesh Jamaat-e-Islami (Jamaat),bss=81430,Md. Mujibur Rahman Azadi,"ds,tbs",Bangladesh Jamaat-e-Islami (Jamaat),ds=81430; tbs=81430,1.00,name+party match (sim=1.00) [vote-boosted]
Jamalpur 3,1,Md. Mujibur Rahman Azadi,dt,Bangladesh Jamaat-e-Islami (Jamaat),dt=81430,Md. Mujibur Rahman Azadi,"bss,ds,tbs",Bangladesh Jamaat-e-Islami (Jamaat),bss=81430; ds=81430; tbs=81430,1.00,name+party match (sim=1.00) [vote-boosted]
Jamalpur 3,1,Md. Mustafizur Rahman Babul,ds,Bangladesh Nationalist Party (BNP),ds=207412,Md. Mostafizur Rahman Babul,tbs,Bangladesh Nationalist Party (BNP),tbs=207412,1.00,name+party match (sim=1.00) [vote-boosted]
Jamalpur 3,1,Md. Mostafizur Rahman Babul,bss,Bangladesh Nationalist Party (BNP),bss=207412,Md. Mostafizur Rahman Babul,"ds,tbs",Bangladesh Nationalist Party (BNP),ds=207412; tbs=207412,1.00,name+party match (sim=1.00) [vote-boosted]
Jamalpur 3,1,Md. Mostafizur Rahman Babul,dt,Bangladesh Nationalist Party (BNP),dt=207412,Md. Mostafizur Rahman Babul,"bss,ds,tbs",Bangladesh Nationalist Party (BNP),bss=207412; ds=207412; tbs=207412,1.00,name+party match (sim=1.00) [vote-boosted]
Jamalpur 3,1,Mir Samsul Alam,ds,Jatiya Party (JaPa),ds=0,Mir Shamsul Alam,tbs,Jatiya Party (JaPa),tbs=844,0.97,name+party match (sim=0.97)
Jamalpur 3,1,Mir Shamsul Alam,dt,Jatiya Party (JaPa),dt=844,Mir Shamsul Alam,"ds,tbs",Jatiya Party (JaPa),ds=0; tbs=844,1.00,name+party match (sim=1.00) [vote-boosted]
Jamalpur 3,1,Liton Mia,ds,Gono Odhikar Parishad (GOP),ds=0,Liton Mia,tbs,Gono Odhikar Parishad (GOP),tbs=412,1.00,name+party match (sim=1.00)
Jamalpur 3,1,Liton Mia,dt,Gono Odhikar Parishad (GOP),dt=412,Liton Mia,"ds,tbs",Gono Odhikar Parishad (GOP),ds=0; tbs=412,1.00,name+party match (sim=1.00) [vote-boosted]
Jamalpur 3,1,Fidel Naim,ds,Ganosanhati Andolan (GSA),ds=0,Fidel Naim,tbs,Ganosanhati Andolan (GSA),tbs=643,1.00,name+party match (sim=1.00)
Jamalpur 3,1,Fidel Naim,dt,Ganosanhati Andolan (GSA),dt=643,Fidel Naim,"ds,tbs",Ganosanhati Andolan (GSA),ds=0; tbs=643,1.00,name+party match (sim=1.00) [vote-boosted]
Jamalpur 3,1,Md. Sadikur Rahman,dt,Independent Candidate (Independent),dt=12052,Md. Sadikur Rahman,ds,Independent Candidate (Independent),ds=0,1.00,name+party match (sim=1.00)
Jamalpur 3,2,Farzana Farid,dt,Jatiya Party (JaPa),dt=284,Farzana Farid,"ds,tbs",Independent Candidate (Independent),ds=0; tbs=284,1.00,"name+votes match, party differs: Jatiya Party (JaPa) → Independent Candidate (Independent)"
Jamalpur 4,1,Md. Mahbub Jaman Jewel,ds,Communist Party of Bangladesh (CPB),ds=0,Md. Mahbub Zaman Jewel,tbs,Communist Party of Bangladesh (CPB),tbs=1314,0.95,name+party match (sim=0.95)
Jamalpur 4,1,Md. Mahbub Zaman Jewel,dt,Communist Party of Bangladesh (CPB),dt=1314,Md. Mahbub Zaman Jewel,"ds,tbs",Communist Party of Bangladesh (CPB),ds=0; tbs=1314,1.00,name+party match (sim=1.00) [vote-boosted]
Jamalpur 4,1,Md. Iqbal Hossain,ds,Gono Odhikar Parishad (GOP),ds=0,Md. Iqbal Hossain,tbs,Gono Odhikar Parishad (GOP),tbs=383,1.00,name+party match (sim=1.00)
Jamalpur 4,1,Md. Iqbal Hossain,dt,Gono Odhikar Parishad (GOP),dt=383,Md. Iqbal Hossain,"ds,tbs",Gono Odhikar Parishad (GOP),ds=0; tbs=383,1.00,name+party match (sim=1.00) [vote-boosted]
Jamalpur 4,1,Mohammad Abdul Awal,bss,Bangladesh Jamaat-e-Islami (Jamaat),bss=44947,Md. Abdul Awal,tbs,Bangladesh Jamaat-e-Islami (Jamaat),tbs=44947,1.00,name+party match (sim=1.00) [vote-boosted]
Jamalpur 4,1,Mohammad Abdul Awal,dt,Bangladesh Jamaat-e-Islami (Jamaat),dt=44947,Mohammad Abdul Awal,"bss,tbs",Bangladesh Jamaat-e-Islami (Jamaat),bss=44947; tbs=44947,1.00,name+party match (sim=1.00) [vote-boosted]
Jamalpur 4,1,Md. Ali Akbor,ds,Islami Andolan Bangladesh (IAB),ds=0,Md. Ali Akbar,tbs,Islami Andolan Bangladesh (IAB),tbs=1302,1.00,name+party match (sim=1.00)
Jamalpur 4,1,Md. Ali Akbar,dt,Islami Andolan Bangladesh (IAB),dt=1302,Md. Ali Akbar,"ds,tbs",Islami Andolan Bangladesh (IAB),ds=0; tbs=1302,1.00,name+party match (sim=1.00) [vote-boosted]
Jamalpur 4,1,Md. Faridul Kabir Talukder,ds,Bangladesh Nationalist Party (BNP),ds=147406,Md. Faridul Kabir Talukder,tbs,Bangladesh Nationalist Party (BNP),tbs=147406,1.00,name+party match (sim=1.00) [vote-boosted]
Jamalpur 4,1,Md. Faridul Kabir Talukder,bss,Bangladesh Nationalist Party (BNP),bss=147406,Md. Faridul Kabir Talukder,"ds,tbs",Bangladesh Nationalist Party (BNP),ds=147406; tbs=147406,1.00,name+party match (sim=1.00) [vote-boosted]
Jamalpur 4,1,Md. Faridul Kabir Talukdar,dt,Bangladesh Nationalist Party (BNP),dt=147406,Md. Faridul Kabir Talukder,"bss,ds,tbs",Bangladesh Nationalist Party (BNP),bss=147406; ds=147406; tbs=147406,1.00,name+party match (sim=1.00) [vote-boosted]
Jamalpur 4,1,Kabir Hassan,ds,Nagorik Oikya (NO),ds=0,Md. Kabir Hasan,tbs,Nagorik Oikya (NO),tbs=379,0.81,name+party match (sim=0.81)
Jamalpur 4,1,Md. Kabir Hasan,dt,Nagorik Oikya (NO),dt=379,Md. Kabir Hasan,"ds,tbs",Nagorik Oikya (NO),ds=0; tbs=379,1.00,name+party match (sim=1.00) [vote-boosted]
Jamalpur 5,1,Shah Md. Wares Ali Mamun,ds,Bangladesh Nationalist Party (BNP),ds=199344,Shah Md. Wares Ali Mamun,tbs,Bangladesh Nationalist Party (BNP),tbs=199344,1.00,name+party match (sim=1.00) [vote-boosted]
Jamalpur 5,1,Shah Md Waresh Ali Mamun,bss,Bangladesh Nationalist Party (BNP),bss=199344,Shah Md. Wares Ali Mamun,"ds,tbs",Bangladesh Nationalist Party (BNP),ds=199344; tbs=199344,0.98,name+party match (sim=0.98) [vote-boosted]
Jamalpur 5,1,Shah Md. Waresh Ali Mamun,dt,Bangladesh Nationalist Party (BNP),dt=199344,Shah Md. Wares Ali Mamun,"bss,ds,tbs",Bangladesh Nationalist Party (BNP),bss=199344; ds=199344; tbs=199344,0.98,name+party match (sim=0.98) [vote-boosted]
Jamalpur 5,1,Abu Sayem Md. Saadat Ul Karim,ds,Bangladesh Congress,ds=0,Abu Sayem Md. Sa' Adat Ul Karim,tbs,Bangladesh Congress,tbs=225,0.97,name+party match (sim=0.97)
Jamalpur 5,1,Abu Sayeem Mohammad Sa’adat-ul Karim,dt,Bangladesh Congress,dt=225,Abu Sayem Md. Sa' Adat Ul Karim,"ds,tbs",Bangladesh Congress,ds=0; tbs=225,0.94,name+party match (sim=0.94) [vote-boosted]
Jamalpur 5,1,Md. Babar Ali Khan,ds,Jatiya Party (Manju) (JP–Manju),ds=0,Md. Babar Ali Khan,tbs,Jatiya Party (Manju) (JP–Manju),tbs=3739,1.00,name+party match (sim=1.00)
Jamalpur 5,1,Jakir Hossain,ds,Gono Odhikar Parishad (GOP),ds=0,Zakir Hossain,tbs,Gono Odhikar Parishad (GOP),tbs=539,0.92,name+party match (sim=0.92)
Jamalpur 5,1,Zakir Hossain,dt,Gono Odhikar Parishad (GOP),dt=539,Zakir Hossain,"ds,tbs",Gono Odhikar Parishad (GOP),ds=0; tbs=539,1.00,name+party match (sim=1.00) [vote-boosted]
Jamalpur 5,1,Md. Abdus Sattar,ds,Bangladesh Jamaat-e-Islami (Jamaat),ds=113201,Md. Abdus Sattar,tbs,Bangladesh Jamaat-e-Islami (Jamaat),tbs=113201,1.00,name+party match (sim=1.00) [vote-boosted]
Jamalpur 5,1,Muhammad Abdus Sattar,bss,Bangladesh Jamaat-e-Islami (Jamaat),bss=113201,Md. Abdus Sattar,"ds,tbs",Bangladesh Jamaat-e-Islami (Jamaat),ds=113201; tbs=113201,1.00,name+party match (sim=1.00) [vote-boosted]
Jamalpur 5,1,Muhammad Abdus Sattar,dt,Bangladesh Jamaat-e-Islami (Jamaat),dt=113201,Muhammad Abdus Sattar,"bss,ds,tbs",Bangladesh Jamaat-e-Islami (Jamaat),bss=113201; ds=113201; tbs=113201,1.00,name+party match (sim=1.00) [vote-boosted]
Jamalpur 5,1,Md. Amir Uddin,ds,Jatiya Samajtantrik Dal (JSD),ds=0,Md. Amir Uddin,tbs,Jatiya Samajtantrik Dal (JSD),tbs=580,1.00,name+party match (sim=1.00)
Jamalpur 5,1,Md. Amir Uddin,dt,Jatiya Samajtantrik Dal (JSD),dt=580,Md. Amir Uddin,"ds,tbs",Jatiya Samajtantrik Dal (JSD),ds=0; tbs=580,1.00,name+party match (sim=1.00) [vote-boosted]
Jamalpur 5,1,Syed Younus Ahmed,ds,Islami Andolan Bangladesh (IAB),ds=0,Syed Yunus Ahmed,tbs,Islami Andolan Bangladesh (IAB),tbs=4282,1.00,name+party match (sim=1.00)
Jamalpur 5,1,Syed Yunus Ahmed,dt,Islami Andolan Bangladesh (IAB),dt=4282,Syed Younus Ahmed,"ds,tbs",Islami Andolan Bangladesh (IAB),ds=0; tbs=4282,1.00,name+party match (sim=1.00) [vote-boosted]
Jamalpur 5,1,Shekh Md. Akkas Ali,ds,Communist Party of Bangladesh (CPB),ds=0,Sheikh Md. Akkas Ali,tbs,Communist Party of Bangladesh (CPB),tbs=547,1.00,name+party match (sim=1.00)
Jamalpur 5,1,Sheikh Md. Akkas Ali,dt,Communist Party of Bangladesh (CPB),dt=547,Sheikh Md. Akkas Ali,"ds,tbs",Communist Party of Bangladesh (CPB),ds=0; tbs=547,1.00,name+party match (sim=1.00) [vote-boosted]
Jamalpur 5,2,Md. Babar Ali Khan,dt,Jatiya Party (JaPa),dt=3739,Md. Babar Ali Khan,"ds,tbs",Jatiya Party (Manju) (JP–Manju),ds=0; tbs=3739,1.00,"name+votes match, party differs: Jatiya Party (JaPa) → Jatiya Party (Manju) (JP–Manju)"
Jashore 1,1,Md. Baktiar Rahman,ds,Islami Andolan Bangladesh (IAB),ds=1768,Md. Baktiar Rahman,tbs,Islami Andolan Bangladesh (IAB),tbs=1768,1.00,name+party match (sim=1.00) [vote-boosted]
Jashore 1,1,Md. Bokhtiar Rahman,dt,Islami Andolan Bangladesh (IAB),dt=1768,Md. Baktiar Rahman,"ds,tbs",Islami Andolan Bangladesh (IAB),ds=1768; tbs=1768,0.95,name+party match (sim=0.95) [vote-boosted]
Jashore 1,1,Md. Azizur Rahman,ds,Bangladesh Jamaat-e-Islami (Jamaat),ds=119093,Md. Azizur Rahman,tbs,Bangladesh Jamaat-e-Islami (Jamaat),tbs=119093,1.00,name+party match (sim=1.00) [vote-boosted]
Jashore 1,1,Muhammad Azizur Rahman.,bss,Bangladesh Jamaat-e-Islami (Jamaat),bss=119093,Md. Azizur Rahman,"ds,tbs",Bangladesh Jamaat-e-Islami (Jamaat),ds=119093; tbs=119093,1.00,name+party match (sim=1.00) [vote-boosted]
Jashore 1,1,Mohammad Azizur Rahman,dt,Bangladesh Jamaat-e-Islami (Jamaat),dt=119093,Muhammad Azizur Rahman.,"bss,ds,tbs",Bangladesh Jamaat-e-Islami (Jamaat),bss=119093; ds=119093; tbs=119093,1.00,name+party match (sim=1.00) [vote-boosted]
Jashore 1,1,Md. Nuruzzaman Liton,ds,Bangladesh Nationalist Party (BNP),ds=93542,Md. Nuruzzaman Liton,tbs,Bangladesh Nationalist Party (BNP),tbs=93542,1.00,name+party match (sim=1.00) [vote-boosted]
Jashore 1,1,Md Nuruzzaman Liton,bss,Bangladesh Nationalist Party (BNP),bss=93542,Md. Nuruzzaman Liton,"ds,tbs",Bangladesh Nationalist Party (BNP),ds=93542; tbs=93542,1.00,name+party match (sim=1.00) [vote-boosted]
Jashore 1,1,Md. Nuruzzaman Liton,dt,Bangladesh Nationalist Party (BNP),dt=93542,Md. Nuruzzaman Liton,"bss,ds,tbs",Bangladesh Nationalist Party (BNP),bss=93542; ds=93542; tbs=93542,1.00,name+party match (sim=1.00) [vote-boosted]
Jashore 1,1,Md. Jahangir Alam Chanchal,ds,Jatiya Party (JaPa),ds=1398,Md. Jahangir Alam Chonchol,tbs,Jatiya Party (JaPa),tbs=1398,1.00,name+party match (sim=1.00) [vote-boosted]
Jashore 1,1,Md. Jahangir Alam Chanchal,dt,Jatiya Party (JaPa),dt=1398,Md. Jahangir Alam Chonchol,"ds,tbs",Jatiya Party (JaPa),ds=1398; tbs=1398,1.00,name+party match (sim=1.00) [vote-boosted]
Jashore 2,1,Md. Shamsul Haque,ds,Bangladesh Nationalist Front (BNF),ds=233,Md. Shamsul Haque,tbs,Bangladesh Nationalist Front (BNF),tbs=203,1.00,name+party match (sim=1.00)
Jashore 2,1,Md. Shamsul Haque,dt,Bangladesh Nationalist Front (BNF),dt=233,Md. Shamsul Haque,"ds,tbs",Bangladesh Nationalist Front (BNF),ds=233; tbs=203,1.00,name+party match (sim=1.00) [vote-boosted]
Jashore 2,1,Md. Mehedi Hasan,ds,Independent Candidate (Independent),ds=389,Md. Mehedi Hasan,tbs,Independent Candidate (Independent),tbs=389,1.00,name+party match (sim=1.00) [vote-boosted]
Jashore 2,1,Md. Mehdi Hasan,dt,Independent Candidate (Independent),dt=389,Md. Mehedi Hasan,"ds,tbs",Independent Candidate (Independent),ds=389; tbs=389,1.00,name+party match (sim=1.00) [vote-boosted]
Jashore 2,1,Md. Zahurul Islam,ds,Independent Candidate (Independent),ds=188,Md. Zahurul Islam,tbs,Independent Candidate (Independent),tbs=188,1.00,name+party match (sim=1.00) [vote-boosted]
Jashore 2,1,Md. Jahurul Islam,dt,Independent Candidate (Independent),dt=188,Md. Zahurul Islam,"ds,tbs",Independent Candidate (Independent),ds=188; tbs=188,0.94,name+party match (sim=0.94) [vote-boosted]
Jashore 2,1,Md. Moslehuddin Farid,ds,Bangladesh Jamaat-e-Islami (Jamaat),ds=180965,Md. Moslehuddin Farid,tbs,Bangladesh Jamaat-e-Islami (Jamaat),tbs=180965,1.00,name+party match (sim=1.00) [vote-boosted]
Jashore 2,1,Mohammad Moslehuddin Farid,bss,Bangladesh Jamaat-e-Islami (Jamaat),bss=180965,Md. Moslehuddin Farid,"ds,tbs",Bangladesh Jamaat-e-Islami (Jamaat),ds=180965; tbs=180965,1.00,name+party match (sim=1.00) [vote-boosted]
Jashore 2,1,Mohammad Mosleh Uddin Farid,dt,Bangladesh Jamaat-e-Islami (Jamaat),dt=180965,Mohammad Moslehuddin Farid,"bss,ds,tbs",Bangladesh Jamaat-e-Islami (Jamaat),bss=180965; ds=180965; tbs=180965,1.00,name+party match (sim=1.00) [vote-boosted]
Jashore 2,1,Md. Idris Ali,ds,Islami Andolan Bangladesh (IAB),ds=5781,Md. Idris Ali,tbs,Islami Andolan Bangladesh (IAB),tbs=5781,1.00,name+party match (sim=1.00) [vote-boosted]
Jashore 2,1,Md. Idris Ali,dt,Islami Andolan Bangladesh (IAB),dt=5781,Md. Idris Ali,"ds,tbs",Islami Andolan Bangladesh (IAB),ds=5781; tbs=5781,1.00,name+party match (sim=1.00) [vote-boosted]
Jashore 2,1,Md. Imran Khan,ds,Bangladesh Samajtantrik Dal (Basad),ds=472,Md. Imran Khan,tbs,Bangladesh Samajtantrik Dal (Basad),tbs=472,1.00,name+party match (sim=1.00) [vote-boosted]
Jashore 2,1,Md. Imran Khan,dt,Bangladesh Samajtantrik Dal (Basad),dt=472,Md. Imran Khan,"ds,tbs",Bangladesh Samajtantrik Dal (Basad),ds=472; tbs=472,1.00,name+party match (sim=1.00) [vote-boosted]
Jashore 2,1,Ripon Mahmud,ds,Amar Bangladesh Party (AB),ds=416,Ripon Mahmud,tbs,Amar Bangladesh Party (AB),tbs=416,1.00,name+party match (sim=1.00) [vote-boosted]
Jashore 2,1,Ripon Mahmud,dt,Amar Bangladesh Party (AB),dt=416,Ripon Mahmud,"ds,tbs",Amar Bangladesh Party (AB),ds=416; tbs=416,1.00,name+party match (sim=1.00) [vote-boosted]
Jashore 2,1,Mst. Sabira Sultana,ds,Bangladesh Nationalist Party (BNP),ds=146447,Mst. Sabira Sultana,tbs,Bangladesh Nationalist Party (BNP),tbs=146447,1.00,name+party match (sim=1.00) [vote-boosted]
Jashore 2,1,Deleted: Sabira Sultana,bss,Bangladesh Nationalist Party (BNP),bss=146447,Mst. Sabira Sultana,"ds,tbs",Bangladesh Nationalist Party (BNP),ds=146447; tbs=146447,0.77,name+party match (sim=0.77) [vote-boosted]
Jashore 2,1,Mosammat Sabira Sultana,dt,Bangladesh Nationalist Party (BNP),dt=146447,Deleted: Sabira Sultana,"bss,ds,tbs",Bangladesh Nationalist Party (BNP),bss=146447; ds=146447; tbs=146447,0.77,name+party match (sim=0.77) [vote-boosted]
Jashore 3,1,Md. Abdul Quader,ds,Bangladesh Jamaat-e-Islami (Jamaat),ds=187463,Md. Abdul Qader,tbs,Bangladesh Jamaat-e-Islami (Jamaat),tbs=187463,1.00,name+party match (sim=1.00) [vote-boosted]
Jashore 3,1,Md. Abdul Quader,bss,Bangladesh Jamaat-e-Islami (Jamaat),bss=187463,Md. Abdul Quader,"ds,tbs",Bangladesh Jamaat-e-Islami (Jamaat),ds=187463; tbs=187463,1.00,name+party match (sim=1.00) [vote-boosted]
Jashore 3,1,Md. Abdul Qader,dt,Bangladesh Jamaat-e-Islami (Jamaat),dt=187463,Md. Abdul Quader,"bss,ds,tbs",Bangladesh Jamaat-e-Islami (Jamaat),bss=187463; ds=187463; tbs=187463,1.00,name+party match (sim=1.00) [vote-boosted]
Jashore 3,1,Md. Rashed Khan,ds,Communist Party of Bangladesh (CPB),ds=0,Md. Rashed Khan,tbs,Communist Party of Bangladesh (CPB),tbs=753,1.00,name+party match (sim=1.00)
Jashore 3,1,Md. Rashed Khan,dt,Communist Party of Bangladesh (CPB),dt=753,Md. Rashed Khan,"ds,tbs",Communist Party of Bangladesh (CPB),ds=0; tbs=753,1.00,name+party match (sim=1.00) [vote-boosted]
Jashore 3,1,Md. Khabir Gazi,ds,Jatiya Party (JaPa),ds=0,Md. Khobir Gazi,tbs,Jatiya Party (JaPa),tbs=3404,1.00,name+party match (sim=1.00)
Jashore 3,1,Md. Khabir Gazi,dt,Jatiya Party (JaPa),dt=3404,Md. Khobir Gazi,"ds,tbs",Jatiya Party (JaPa),ds=0; tbs=3404,1.00,name+party match (sim=1.00) [vote-boosted]
Jashore 3,1,Md. Nizamuddin Amit,ds,Jatiya Ganatantrik Party (JAGPA),ds=0,Md. Nizamuddin Amit,tbs,Jatiya Ganatantrik Party (JAGPA),tbs=1772,1.00,name+party match (sim=1.00)
Jashore 3,1,Md. Nizamuddin Amit,dt,Jatiya Ganatantrik Party (JAGPA),dt=1772,Md. Nizamuddin Amit,"ds,tbs",Jatiya Ganatantrik Party (JAGPA),ds=0; tbs=1772,1.00,name+party match (sim=1.00) [vote-boosted]
Jashore 3,1,Anindya Islam Amit,ds,Bangladesh Nationalist Party (BNP),ds=201339,Anindya Islam Amit,tbs,Bangladesh Nationalist Party (BNP),tbs=201339,1.00,name+party match (sim=1.00) [vote-boosted]
Jashore 3,1,Anindya Islam Amit,bss,Bangladesh Nationalist Party (BNP),bss=201339,Anindya Islam Amit,"ds,tbs",Bangladesh Nationalist Party (BNP),ds=201339; tbs=201339,1.00,name+party match (sim=1.00) [vote-boosted]
Jashore 3,1,Anindya Islam Amit,dt,Bangladesh Nationalist Party (BNP),dt=201339,Anindya Islam Amit,"bss,ds,tbs",Bangladesh Nationalist Party (BNP),bss=201339; ds=201339; tbs=201339,1.00,name+party match (sim=1.00) [vote-boosted]
Jashore 3,1,Md. Shoaib Hossain,ds,Islami Andolan Bangladesh (IAB),ds=0,Md. Shoaib Hossain,tbs,Islami Andolan Bangladesh (IAB),tbs=13322,1.00,name+party match (sim=1.00)
Jashore 3,1,Mohammad Shoaib Hossain,dt,Islami Andolan Bangladesh (IAB),dt=13322,Md. Shoaib Hossain,"ds,tbs",Islami Andolan Bangladesh (IAB),ds=0; tbs=13322,1.00,name+party match (sim=1.00) [vote-boosted]
Jashore 4,1,M. Nazim Uddin Al Azad,ds,Independent Candidate (Independent),ds=0,M. Nazim Uddin Al Azad,tbs,Independent Candidate (Independent),tbs=797,1.00,name+party match (sim=1.00)
Jashore 4,1,M. Nazim Uddin Al-Azad,dt,Independent Candidate (Independent),dt=797,M. Nazim Uddin Al Azad,"ds,tbs",Independent Candidate (Independent),ds=0; tbs=797,1.00,name+party match (sim=1.00) [vote-boosted]
Jashore 4,1,Md. Golam Rasul,ds,Bangladesh Jamaat-e-Islami (Jamaat),ds=176912,Md. Golam Rasool,tbs,Bangladesh Jamaat-e-Islami (Jamaat),tbs=176912,1.00,name+party match (sim=1.00) [vote-boosted]
Jashore 4,1,Md. Gholam Rashul,bss,Bangladesh Jamaat-e-Islami (Jamaat),bss=176912,Md. Golam Rasool,"ds,tbs",Bangladesh Jamaat-e-Islami (Jamaat),ds=176912; tbs=176912,0.89,name+party match (sim=0.89) [vote-boosted]
Jashore 4,1,Md. Golam Rasul,dt,Bangladesh Jamaat-e-Islami (Jamaat),dt=176912,Md. Gholam Rashul,"bss,ds,tbs",Bangladesh Jamaat-e-Islami (Jamaat),bss=176912; ds=176912; tbs=176912,0.94,name+party match (sim=0.94) [vote-boosted]
Jashore 4,1,Matiar Rahman Faraji,ds,Bangladesh Nationalist Party (BNP),ds=131917,Md. Matiar Rahman Farazi,tbs,Bangladesh Nationalist Party (BNP),tbs=131917,0.86,name+party match (sim=0.86) [vote-boosted]
Jashore 4,1,মতিয়ার রহমান ফারাজী,bss,Bangladesh Nationalist Party (BNP),bss=131917,Md. Matiar Rahman Farazi,"ds,tbs",Bangladesh Nationalist Party (BNP),ds=131917; tbs=131917,0.78,name+party match (sim=0.78) [vote-boosted]
Jashore 4,1,Matiar Rahman Farazi,dt,Bangladesh Nationalist Party (BNP),dt=131917,Md. Matiar Rahman Farazi,"bss,ds,tbs",Bangladesh Nationalist Party (BNP),bss=131917; ds=131917; tbs=131917,1.00,name+party match (sim=1.00) [vote-boosted]
Jashore 4,1,Sukriti Kumar Mandal,ds,Bangladesh Minority Janata Party (BMJP),ds=0,Sukriti Kumar Mandal,tbs,Bangladesh Minority Janata Party (BMJP),tbs=1510,1.00,name+party match (sim=1.00)
Jashore 4,1,Sukriti Kumar Mondal,dt,Bangladesh Minority Janata Party (BMJP),dt=1510,Sukriti Kumar Mandal,"ds,tbs",Bangladesh Minority Janata Party (BMJP),ds=0; tbs=1510,1.00,name+party match (sim=1.00) [vote-boosted]
Jashore 4,1,Md. Zahurul Haque,ds,Jatiya Party (JaPa),ds=0,Md. Zahurul Haque,tbs,Jatiya Party (JaPa),tbs=1751,1.00,name+party match (sim=1.00)
Jashore 4,1,Md. Jahurul Haque,dt,Jatiya Party (JaPa),dt=1751,Md. Zahurul Haque,"ds,tbs",Jatiya Party (JaPa),ds=0; tbs=1751,0.94,name+party match (sim=0.94) [vote-boosted]
Jashore 4,1,Maolana Ashek Elahi,ds,Khelafat Majlis,ds=0,Md. Asheq Elahi,tbs,Khelafat Majlis,tbs=301,0.71,name+party match (sim=0.71)
Jashore 4,1,Mawlana Asheq Elahi,dt,Khelafat Majlis,dt=301,Maolana Ashek Elahi,"ds,tbs",Khelafat Majlis,ds=0; tbs=301,0.89,name+party match (sim=0.89) [vote-boosted]
Jashore 4,1,Bayezid Hossain,dt,Islami Andolan Bangladesh (IAB),dt=11838,Bayezid Hossain,ds,Islami Andolan Bangladesh (IAB),ds=0,1.00,name+party match (sim=1.00)
Jashore 5,1,Md. Joynal Abedin,ds,Islami Andolan Bangladesh (IAB),ds=0,Md. Zainal Abedin,tbs,Islami Andolan Bangladesh (IAB),tbs=4400,0.82,name+party match (sim=0.82)
Jashore 5,1,Md. Zainal Abedin,dt,Islami Andolan Bangladesh (IAB),dt=4400,Md. Zainal Abedin,"ds,tbs",Islami Andolan Bangladesh (IAB),ds=0; tbs=4400,1.00,name+party match (sim=1.00) [vote-boosted]
Jashore 5,1,Rashid Ahmad,ds,Bangladesh Nationalist Party (BNP),ds=54875,Rashid Ahmad,tbs,Bangladesh Nationalist Party (BNP),tbs=54875,1.00,name+party match (sim=1.00) [vote-boosted]
Jashore 5,1,Rashid Ahmad,dt,Bangladesh Nationalist Party (BNP),dt=54875,Rashid Ahmad,"ds,tbs",Bangladesh Nationalist Party (BNP),ds=54875; tbs=54875,1.00,name+party match (sim=1.00) [vote-boosted]
Jashore 5,1,Gazi Enamul Haque,ds,Bangladesh Jamaat-e-Islami (Jamaat),ds=132876,Gazi Enamul Haque,tbs,Bangladesh Jamaat-e-Islami (Jamaat),tbs=132876,1.00,name+party match (sim=1.00) [vote-boosted]
Jashore 5,1,Gazi Enamul Haque,bss,Bangladesh Jamaat-e-Islami (Jamaat),bss=132876,Gazi Enamul Haque,"ds,tbs",Bangladesh Jamaat-e-Islami (Jamaat),ds=132876; tbs=132876,1.00,name+party match (sim=1.00) [vote-boosted]
Jashore 5,1,Gazi Enamul Haque,dt,Bangladesh Jamaat-e-Islami (Jamaat),dt=132876,Gazi Enamul Haque,"bss,ds,tbs",Bangladesh Jamaat-e-Islami (Jamaat),bss=132876; ds=132876; tbs=132876,1.00,name+party match (sim=1.00) [vote-boosted]
Jashore 5,1,Shaheed Md. Iqbal Hossain,ds,Independent Candidate (Independent),ds=0,Md. Iqbal Hossain,tbs,Independent Candidate (Independent),tbs=85045,0.82,name+party match (sim=0.82)
Jashore 5,1,Shahid Md. Iqbal Hossain,bss,Independent Candidate (Independent),bss=85045,Shaheed Md. Iqbal Hossain,"ds,tbs",Independent Candidate (Independent),ds=0; tbs=85045,1.00,name+party match (sim=1.00) [vote-boosted]
Jashore 5,1,Shaheed Md. Iqbal Hossain,dt,Independent Candidate (Independent),dt=85045,Shaheed Md. Iqbal Hossain,"bss,ds,tbs",Independent Candidate (Independent),bss=85045; ds=0; tbs=85045,1.00,name+party match (sim=1.00) [vote-boosted]
Jashore 5,1,M. A. Halim,ds,Jatiya Party (JaPa),ds=0,Md. A. Halim,tbs,Jatiya Party (JaPa),tbs=2245,0.96,name+party match (sim=0.96)
Jashore 5,1,M. A. Halim,dt,Jatiya Party (JaPa),dt=2245,Md. A. Halim,"ds,tbs",Jatiya Party (JaPa),ds=0; tbs=2245,0.96,name+party match (sim=0.96) [vote-boosted]
Jashore 5,1,Md. Kamruzzaman,dt,Independent Candidate (Independent),dt=2103,Md. Kamruzzaman,ds,Independent Candidate (Independent),ds=0,1.00,name+party match (sim=1.00)
Jashore 6,1,Md. Moktar Ali,ds,Bangladesh Jamaat-e-Islami (Jamaat),ds=92234,Md. Moktar Ali,tbs,Bangladesh Jamaat-e-Islami (Jamaat),tbs=92234,1.00,name+party match (sim=1.00) [vote-boosted]
Jashore 6,1,Md. Mokhtar Ali,bss,Bangladesh Jamaat-e-Islami (Jamaat),bss=92234,Md. Moktar Ali,"ds,tbs",Bangladesh Jamaat-e-Islami (Jamaat),ds=92234; tbs=92234,0.97,name+party match (sim=0.97) [vote-boosted]
Jashore 6,1,Md. Moktar Ali,dt,Bangladesh Jamaat-e-Islami (Jamaat),dt=92234,Md. Mokhtar Ali,"bss,ds,tbs",Bangladesh Jamaat-e-Islami (Jamaat),bss=92234; ds=92234; tbs=92234,0.97,name+party match (sim=0.97) [vote-boosted]
Jashore 6,1,Md. Mahmud Hasan,ds,Amar Bangladesh Party (AB),ds=0,Md. Mahmud Hasan,tbs,Amar Bangladesh Party (AB),tbs=672,1.00,name+party match (sim=1.00)
Jashore 6,1,Md. Mahmud Hasan,dt,Amar Bangladesh Party (AB),dt=672,Md. Mahmud Hasan,"ds,tbs",Amar Bangladesh Party (AB),ds=0; tbs=672,1.00,name+party match (sim=1.00) [vote-boosted]
Jashore 6,1,Abul Hossain Azad,ds,Bangladesh Nationalist Party (BNP),ds=80141,Md. Abul Hossain Azad,tbs,Bangladesh Nationalist Party (BNP),tbs=80141,1.00,name+party match (sim=1.00) [vote-boosted]
Jashore 6,1,Md. Abul Hossain Azad,bss,Bangladesh Nationalist Party (BNP),bss=80141,Md. Abul Hossain Azad,"ds,tbs",Bangladesh Nationalist Party (BNP),ds=80141; tbs=80141,1.00,name+party match (sim=1.00) [vote-boosted]
Jashore 6,1,Md. Abul Hossain Azad,dt,Bangladesh Nationalist Party (BNP),dt=80141,Md. Abul Hossain Azad,"bss,ds,tbs",Bangladesh Nationalist Party (BNP),bss=80141; ds=80141; tbs=80141,1.00,name+party match (sim=1.00) [vote-boosted]
Jashore 6,1,Md. Shahidul Islam,ds,Islami Andolan Bangladesh (IAB),ds=0,Md. Shahidul Islam,tbs,Islami Andolan Bangladesh (IAB),tbs=1285,1.00,name+party match (sim=1.00)
Jashore 6,1,Md. Shahidul Islam,dt,Islami Andolan Bangladesh (IAB),dt=1285,Md. Shahidul Islam,"ds,tbs",Islami Andolan Bangladesh (IAB),ds=0; tbs=1285,1.00,name+party match (sim=1.00) [vote-boosted]
Jashore 6,1,Gm Hassan,ds,Jatiya Party (JaPa),ds=0,G. M. Hasan,tbs,Jatiya Party (JaPa),tbs=990,0.91,name+party match (sim=0.91)
Jashore 6,1,G. M. Hasan,dt,Jatiya Party (JaPa),dt=990,G. M. Hasan,"ds,tbs",Jatiya Party (JaPa),ds=0; tbs=990,1.00,name+party match (sim=1.00) [vote-boosted]
Jhalokathi 1,1,M. Moyeen Alam Firozee,ds,Independent Candidate (Independent),ds=0,M. Moin Alam Firozi,tbs,Independent Candidate (Independent),tbs=593,0.94,name+party match (sim=0.94)
Jhalokathi 1,1,Rafiqul Islam Jamal,ds,Bangladesh Nationalist Party (BNP),ds=62010,Rafiqul Islam Jamal,tbs,Bangladesh Nationalist Party (BNP),tbs=62010,1.00,name+party match (sim=1.00) [vote-boosted]
Jhalokathi 1,1,Rafiqul Islam Jamal,bss,Bangladesh Nationalist Party (BNP),bss=62010,Rafiqul Islam Jamal,"ds,tbs",Bangladesh Nationalist Party (BNP),ds=62010; tbs=62010,1.00,name+party match (sim=1.00) [vote-boosted]
Jhalokathi 1,1,Rafiqul Islam Jamal,dt,Bangladesh Nationalist Party (BNP),dt=62010,Rafiqul Islam Jamal,"bss,ds,tbs",Bangladesh Nationalist Party (BNP),bss=62010; ds=62010; tbs=62010,1.00,name+party match (sim=1.00) [vote-boosted]
Jhalokathi 1,1,Md. Jashim Uddin Talukder,ds,Janotar Dol,ds=0,Md. Jasim Uddin Talukdar,tbs,Janotar Dol,tbs=63,0.96,name+party match (sim=0.96)
Jhalokathi 1,1,Md. Jasim Uddin Talukdar,dt,Janotar Dol,dt=63,Md. Jashim Uddin Talukder,"ds,tbs",Janotar Dol,ds=0; tbs=63,0.96,name+party match (sim=0.96) [vote-boosted]
Jhalokathi 1,1,Md. Kamruzzaman Khan,ds,Jatiya Party (JaPa),ds=0,Md. Kamruzzaman Khan,tbs,Jatiya Party (JaPa),tbs=321,1.00,name+party match (sim=1.00)
Jhalokathi 1,1,Md. Kamruzzaman Khan,dt,Jatiya Party (JaPa),dt=321,Md. Kamruzzaman Khan,"ds,tbs",Jatiya Party (JaPa),ds=0; tbs=321,1.00,name+party match (sim=1.00) [vote-boosted]
Jhalokathi 1,1,Fayzul Huq,ds,Bangladesh Jamaat-e-Islami (Jamaat),ds=55120,Faizul Haq,tbs,Bangladesh Jamaat-e-Islami (Jamaat),tbs=55120,0.91,name+party match (sim=0.91) [vote-boosted]
Jhalokathi 1,1,Faizul Haque,bss,Bangladesh Jamaat-e-Islami (Jamaat),bss=55120,Faizul Haq,"ds,tbs",Bangladesh Jamaat-e-Islami (Jamaat),ds=55120; tbs=55120,1.00,name+party match (sim=1.00) [vote-boosted]
Jhalokathi 1,1,Foyzul Haque,dt,Bangladesh Jamaat-e-Islami (Jamaat),dt=55120,Faizul Haque,"bss,ds,tbs",Bangladesh Jamaat-e-Islami (Jamaat),bss=55120; ds=55120; tbs=55120,0.91,name+party match (sim=0.91) [vote-boosted]
Jhalokathi 1,1,Ibrahim,ds,Islami Andolan Bangladesh (IAB),ds=0,Ibrahim,tbs,Islami Andolan Bangladesh (IAB),tbs=7744,1.00,name+party match (sim=1.00)
Jhalokathi 1,1,Ibrahim,dt,Islami Andolan Bangladesh (IAB),dt=7744,Ibrahim,"ds,tbs",Islami Andolan Bangladesh (IAB),ds=0; tbs=7744,1.00,name+party match (sim=1.00) [vote-boosted]
Jhalokathi 1,1,Md. Sohrab Hossain,ds,Jatiya Samajtantrik Dal (JSD),ds=0,Md. Sohrab Hossain,tbs,Jatiya Samajtantrik Dal (JSD),tbs=110,1.00,name+party match (sim=1.00)
Jhalokathi 1,1,Md. Sohrab Hossain,dt,Jatiya Samajtantrik Dal (JSD),dt=110,Md. Sohrab Hossain,"ds,tbs",Jatiya Samajtantrik Dal (JSD),ds=0; tbs=110,1.00,name+party match (sim=1.00) [vote-boosted]
Jhalokathi 1,1,Md. Shahadat Hossain,ds,Gono Odhikar Parishad (GOP),ds=0,Md. Shahadat Hossain,tbs,Gono Odhikar Parishad (GOP),tbs=132,1.00,name+party match (sim=1.00)
Jhalokathi 1,1,Md. Shahadat Hossain,dt,Gono Odhikar Parishad (GOP),dt=132,Md. Shahadat Hossain,"ds,tbs",Gono Odhikar Parishad (GOP),ds=0; tbs=132,1.00,name+party match (sim=1.00) [vote-boosted]
Jhalokathi 1,1,Md. Shabbir Ahmed,ds,Independent Candidate (Independent),ds=0,Md. Sabbir Ahmed,tbs,Independent Candidate (Independent),tbs=345,0.97,name+party match (sim=0.97)
Jhalokathi 1,2,M. Main Alam Firozi,dt,Jatiya Party (JaPa),dt=593,M. Moyeen Alam Firozee,"ds,tbs",Independent Candidate (Independent),ds=0; tbs=593,0.94,"name+votes match, party differs: Jatiya Party (JaPa) → Independent Candidate (Independent)"
Jhalokathi 1,2,Md. Sabbir Ahmed,dt,Jatiya Party (JaPa),dt=345,Md. Shabbir Ahmed,"ds,tbs",Independent Candidate (Independent),ds=0; tbs=345,0.97,"name+votes match, party differs: Jatiya Party (JaPa) → Independent Candidate (Independent)"
Jhalokathi 1,3,Md. Rubel Howladar,dt,Jatiya Party (JaPa),dt=2562,Md. Rubel Howlader,ds,Jatiya Party (Manju) (JP–Manju),ds=0,1.00,DT-only JaPa merged: Jatiya Party (JaPa) → Jatiya Party (Manju) (JP–Manju)
Jhalokathi 2,1,Esrat Sultana Elen Bhutto,ds,Bangladesh Nationalist Party (BNP),ds=113419,Israt Sultana Elen Bhutto,tbs,Bangladesh Nationalist Party (BNP),tbs=113419,1.00,name+party match (sim=1.00) [vote-boosted]
Jhalokathi 2,1,Israt Sultana Ilein Bhutto,bss,Bangladesh Nationalist Party (BNP),bss=113419,Israt Sultana Elen Bhutto,"ds,tbs",Bangladesh Nationalist Party (BNP),ds=113419; tbs=113419,1.00,name+party match (sim=1.00) [vote-boosted]
Jhalokathi 2,1,Israt Sultana Elen Bhutto,dt,Bangladesh Nationalist Party (BNP),dt=113419,Israt Sultana Ilein Bhutto,"bss,ds,tbs",Bangladesh Nationalist Party (BNP),bss=113419; ds=113419; tbs=113419,1.00,name+party match (sim=1.00) [vote-boosted]
Jhalokathi 2,1,Syed Razzaque Ali,ds,Independent Candidate (Independent),ds=0,Syed Razzak Ali,tbs,Independent Candidate (Independent),tbs=3125,0.88,name+party match (sim=0.88)
Jhalokathi 2,1,Syed Razzak Ali,dt,Independent Candidate (Independent),dt=3125,Syed Razzaque Ali,"ds,tbs",Independent Candidate (Independent),ds=0; tbs=3125,0.88,name+party match (sim=0.88) [vote-boosted]
Jhalokathi 2,1,Md. Mahmudul Islam Sagor,ds,Gono Odhikar Parishad (GOP),ds=0,Md. Mahmudul Islam Sagar,tbs,Gono Odhikar Parishad (GOP),tbs=212,1.00,name+party match (sim=1.00)
Jhalokathi 2,1,Md. Mahmudul Islam Sagar,dt,Gono Odhikar Parishad (GOP),dt=212,Md. Mahmudul Islam Sagar,"ds,tbs",Gono Odhikar Parishad (GOP),ds=0; tbs=212,1.00,name+party match (sim=1.00) [vote-boosted]
Jhalokathi 2,1,Md. Sirajul Islam Siraji,ds,Islami Andolan Bangladesh (IAB),ds=0,Md. Sirajul Islam Siraji,tbs,Islami Andolan Bangladesh (IAB),tbs=24543,1.00,name+party match (sim=1.00)
Jhalokathi 2,1,Muhammad Sirajul Islam Siraji,dt,Islami Andolan Bangladesh (IAB),dt=24543,Md. Sirajul Islam Siraji,"ds,tbs",Islami Andolan Bangladesh (IAB),ds=0; tbs=24543,1.00,name+party match (sim=1.00) [vote-boosted]
Jhalokathi 2,1,Sm Neamul Karim,ds,Bangladesh Jamaat-e-Islami (Jamaat),ds=70556,S. M. Neyamul Karim,tbs,Bangladesh Jamaat-e-Islami (Jamaat),tbs=70556,0.94,name+party match (sim=0.94) [vote-boosted]
Jhalokathi 2,1,SM Neyamul Karim,bss,Bangladesh Jamaat-e-Islami (Jamaat),bss=70556,S. M. Neyamul Karim,"ds,tbs",Bangladesh Jamaat-e-Islami (Jamaat),ds=70556; tbs=70556,1.00,name+party match (sim=1.00) [vote-boosted]
Jhalokathi 2,1,S. M. Niamul Karim,dt,Bangladesh Jamaat-e-Islami (Jamaat),dt=70556,S. M. Neyamul Karim,"bss,ds,tbs",Bangladesh Jamaat-e-Islami (Jamaat),bss=70556; ds=70556; tbs=70556,0.94,name+party match (sim=0.94) [vote-boosted]
Jhalokathi 2,1,Md. Nuruddin Sarder,ds,Independent Candidate (Independent),ds=0,Md. Nuruddin Sardar,tbs,Independent Candidate (Independent),tbs=77,1.00,name+party match (sim=1.00)
Jhalokathi 2,1,Md. Nuruddin Sardar,dt,Independent Candidate (Independent),dt=77,Md. Nuruddin Sardar,"ds,tbs",Independent Candidate (Independent),ds=0; tbs=77,1.00,name+party match (sim=1.00) [vote-boosted]
Jhalokathi 2,1,Forkan Hossain,ds,National People's Party (NPP),ds=0,Forkan Hossain,tbs,National People's Party (NPP),tbs=127,1.00,name+party match (sim=1.00)
Jhalokathi 2,1,Forkan Hossain,dt,National People's Party (NPP),dt=127,Forkan Hossain,"ds,tbs",National People's Party (NPP),ds=0; tbs=127,1.00,name+party match (sim=1.00) [vote-boosted]
Jhalokathi 2,1,Masud Parvez,ds,Jatiya Samajtantrik Dal (JSD),ds=0,Masud Parvez,tbs,Jatiya Samajtantrik Dal (JSD),tbs=105,1.00,name+party match (sim=1.00)
Jhalokathi 2,1,Masud Parvez,dt,Jatiya Samajtantrik Dal (JSD),dt=105,Masud Parvez,"ds,tbs",Jatiya Samajtantrik Dal (JSD),ds=0; tbs=105,1.00,name+party match (sim=1.00) [vote-boosted]
Jhenaidah 1,1,Md. Asaduzzaman,ds,Bangladesh Nationalist Party (BNP),ds=173381,Md. Asaduzzaman,tbs,Bangladesh Nationalist Party (BNP),tbs=173381,1.00,name+party match (sim=1.00) [vote-boosted]
Jhenaidah 1,1,Md. Asaduzzaman,bss,Bangladesh Nationalist Party (BNP),bss=173381,Md. Asaduzzaman,"ds,tbs",Bangladesh Nationalist Party (BNP),ds=173381; tbs=173381,1.00,name+party match (sim=1.00) [vote-boosted]
Jhenaidah 1,1,Md. Asaduzzaman,dt,Bangladesh Nationalist Party (BNP),dt=173381,Md. Asaduzzaman,"bss,ds,tbs",Bangladesh Nationalist Party (BNP),bss=173381; ds=173381; tbs=173381,1.00,name+party match (sim=1.00) [vote-boosted]
Jhenaidah 1,1,Abu Salah Md. Motiur Rahman,ds,Bangladesh Jamaat-e-Islami (Jamaat),ds=57055,Abu Saleh Md. Matiur Rahman,tbs,Bangladesh Jamaat-e-Islami (Jamaat),tbs=57055,1.00,name+party match (sim=1.00) [vote-boosted]
Jhenaidah 1,1,Abu Saleh Md. Matiur Rahman,bss,Bangladesh Jamaat-e-Islami (Jamaat),bss=57055,Abu Saleh Md. Matiur Rahman,"ds,tbs",Bangladesh Jamaat-e-Islami (Jamaat),ds=57055; tbs=57055,1.00,name+party match (sim=1.00) [vote-boosted]
Jhenaidah 1,1,Abu Saleh Md. Matiur Rahman,dt,Bangladesh Jamaat-e-Islami (Jamaat),dt=57055,Abu Saleh Md. Matiur Rahman,"bss,ds,tbs",Bangladesh Jamaat-e-Islami (Jamaat),bss=57055; ds=57055; tbs=57055,1.00,name+party match (sim=1.00) [vote-boosted]
Jhenaidah 1,1,Monika Alam,ds,Jatiya Party (JaPa),ds=0,Monika Alam,tbs,Jatiya Party (JaPa),tbs=969,1.00,name+party match (sim=1.00)
Jhenaidah 1,1,Monika Alam,dt,Jatiya Party (JaPa),dt=969,Monika Alam,"ds,tbs",Jatiya Party (JaPa),ds=0; tbs=969,1.00,name+party match (sim=1.00) [vote-boosted]
Jhenaidah 1,1,Md. Motiar Rahman,ds,Amar Bangladesh Party (AB),ds=0,Md. Matiar Rahman,tbs,Amar Bangladesh Party (AB),tbs=610,1.00,name+party match (sim=1.00)
Jhenaidah 1,1,Md. Matiar Rahman,dt,Amar Bangladesh Party (AB),dt=610,Md. Matiar Rahman,"ds,tbs",Amar Bangladesh Party (AB),ds=0; tbs=610,1.00,name+party match (sim=1.00) [vote-boosted]
Jhenaidah 1,1,Md. Shedul Enam Pallob Mia,ds,Socialist Party of Bangladesh (Marxist) (SPB-M),ds=0,Shahidul Enam Pallab Mia,tbs,Socialist Party of Bangladesh (Marxist) (SPB-M),tbs=309,0.88,name+party match (sim=0.88)
Jhenaidah 1,1,Md. Sahidul Enam Pallab Mia,dt,Socialist Party of Bangladesh (Marxist) (SPB-M),dt=309,Md. Shedul Enam Pallob Mia,"ds,tbs",Socialist Party of Bangladesh (Marxist) (SPB-M),ds=0; tbs=309,1.00,name+party match (sim=1.00) [vote-boosted]
Jhenaidah 2,1,H. M. Momtazur Rahman,ds,Islami Andolan Bangladesh (IAB),ds=0,Hm Momtajur Rahman,tbs,Islami Andolan Bangladesh (IAB),tbs=4571,0.91,name+party match (sim=0.91)
Jhenaidah 2,1,H. M. Momtazur Rahman,dt,Islami Andolan Bangladesh (IAB),dt=4571,H. M. Momtazur Rahman,"ds,tbs",Islami Andolan Bangladesh (IAB),ds=0; tbs=4571,1.00,name+party match (sim=1.00) [vote-boosted]
Jhenaidah 2,1,Md. Abdul Mazid,ds,Bangladesh Nationalist Party (BNP),ds=175984,Md. Abdul Majid,tbs,Bangladesh Nationalist Party (BNP),tbs=175984,0.93,name+party match (sim=0.93) [vote-boosted]
Jhenaidah 2,1,Md. Abdul Majeed,bss,Bangladesh Nationalist Party (BNP),bss=175984,Md. Abdul Majid,"ds,tbs",Bangladesh Nationalist Party (BNP),ds=175984; tbs=175984,1.00,name+party match (sim=1.00) [vote-boosted]
Jhenaidah 2,1,Md. Abdul Majid,dt,Bangladesh Nationalist Party (BNP),dt=175984,Md. Abdul Majeed,"bss,ds,tbs",Bangladesh Nationalist Party (BNP),bss=175984; ds=175984; tbs=175984,1.00,name+party match (sim=1.00) [vote-boosted]
Jhenaidah 2,1,Md. Assadul Islam,ds,Bangladesh Samajtantrik Dal (Basad),ds=0,Md. Asadul Islam,tbs,Bangladesh Samajtantrik Dal (Basad),tbs=340,0.97,name+party match (sim=0.97)
Jhenaidah 2,1,Md. Assadul Islam,dt,Bangladesh Samajtantrik Dal (Basad),dt=340,Md. Assadul Islam,"ds,tbs",Bangladesh Samajtantrik Dal (Basad),ds=0; tbs=340,1.00,name+party match (sim=1.00) [vote-boosted]
Jhenaidah 2,1,Ali Azam Md. Abu Bakr,ds,Bangladesh Jamaat-e-Islami (Jamaat),ds=195702,Ali Azam Md. Abu Bakar,tbs,Bangladesh Jamaat-e-Islami (Jamaat),tbs=195702,1.00,name+party match (sim=1.00) [vote-boosted]
Jhenaidah 2,1,Ali Azam Md. Abu Bakr,bss,Bangladesh Jamaat-e-Islami (Jamaat),bss=195702,Ali Azam Md. Abu Bakar,"ds,tbs",Bangladesh Jamaat-e-Islami (Jamaat),ds=195702; tbs=195702,1.00,name+party match (sim=1.00) [vote-boosted]
Jhenaidah 2,1,Ali Azam Md. Abu Bakar,dt,Bangladesh Jamaat-e-Islami (Jamaat),dt=195702,Ali Azam Md. Abu Bakar,"bss,ds,tbs",Bangladesh Jamaat-e-Islami (Jamaat),bss=195702; ds=195702; tbs=195702,1.00,name+party match (sim=1.00) [vote-boosted]
Jhenaidah 2,1,Shawgatul Islam,ds,Jatiya Party (JaPa),ds=0,Saogat Ul Islam,tbs,Jatiya Party (JaPa),tbs=994,0.88,name+party match (sim=0.88)
Jhenaidah 2,1,Saogat Ul Islam,dt,Jatiya Party (JaPa),dt=994,Saogat Ul Islam,"ds,tbs",Jatiya Party (JaPa),ds=0; tbs=994,1.00,name+party match (sim=1.00) [vote-boosted]
Jhenaidah 2,1,Md. Abu Toab,ds,Communist Party of Bangladesh (CPB),ds=0,Md. Abu Towab,tbs,Communist Party of Bangladesh (CPB),tbs=557,0.96,name+party match (sim=0.96)
Jhenaidah 2,1,Md. Abu Toyab,dt,Communist Party of Bangladesh (CPB),dt=557,Md. Abu Towab,"ds,tbs",Communist Party of Bangladesh (CPB),ds=0; tbs=557,0.92,name+party match (sim=0.92) [vote-boosted]
Jhenaidah 3,1,Md. Mahadi Hassan,ds,Bangladesh Nationalist Party (BNP),ds=149821,Md. Mehedi Hasan,tbs,Bangladesh Nationalist Party (BNP),tbs=149821,0.94,name+party match (sim=0.94) [vote-boosted]
Jhenaidah 3,1,Mohammad Mehdi Hasan,bss,Bangladesh Nationalist Party (BNP),bss=149821,Md. Mahadi Hassan,"ds,tbs",Bangladesh Nationalist Party (BNP),ds=149821; tbs=149821,0.94,name+party match (sim=0.94) [vote-boosted]
Jhenaidah 3,1,Mohammad Mehdi Hasan,dt,Bangladesh Nationalist Party (BNP),dt=149821,Mohammad Mehdi Hasan,"bss,ds,tbs",Bangladesh Nationalist Party (BNP),bss=149821; ds=149821; tbs=149821,1.00,name+party match (sim=1.00) [vote-boosted]
Jhenaidah 3,1,Md. Motiar Rahman,ds,Bangladesh Jamaat-e-Islami (Jamaat),ds=175857,Md. Matiar Rahman,tbs,Bangladesh Jamaat-e-Islami (Jamaat),tbs=175857,1.00,name+party match (sim=1.00) [vote-boosted]
Jhenaidah 3,1,Md. Motiyar Rahman,bss,Bangladesh Jamaat-e-Islami (Jamaat),bss=175857,Md. Matiar Rahman,"ds,tbs",Bangladesh Jamaat-e-Islami (Jamaat),ds=175857; tbs=175857,0.95,name+party match (sim=0.95) [vote-boosted]
Jhenaidah 3,1,Md. Matiar Rahman,dt,Bangladesh Jamaat-e-Islami (Jamaat),dt=175857,Md. Motiyar Rahman,"bss,ds,tbs",Bangladesh Jamaat-e-Islami (Jamaat),bss=175857; ds=175857; tbs=175857,0.95,name+party match (sim=0.95) [vote-boosted]
Jhenaidah 3,1,Md. Sumon Kabir,ds,Gono Odhikar Parishad (GOP),ds=0,Md. Suman Kabir,tbs,Gono Odhikar Parishad (GOP),tbs=388,1.00,name+party match (sim=1.00)
Jhenaidah 3,1,Md. Suman Kabir,dt,Gono Odhikar Parishad (GOP),dt=388,Md. Suman Kabir,"ds,tbs",Gono Odhikar Parishad (GOP),ds=0; tbs=388,1.00,name+party match (sim=1.00) [vote-boosted]
Jhenaidah 3,1,Mao. Sorwar Hossain,ds,Islami Andolan Bangladesh (IAB),ds=0,Sarwar Hossain,tbs,Islami Andolan Bangladesh (IAB),tbs=3820,0.94,name+party match (sim=0.94)
Jhenaidah 3,1,Mawlana Sarwar Hossain,dt,Islami Andolan Bangladesh (IAB),dt=3820,Mao. Sorwar Hossain,"ds,tbs",Islami Andolan Bangladesh (IAB),ds=0; tbs=3820,0.86,name+party match (sim=0.86) [vote-boosted]
Jhenaidah 4,1,Md. Abu Taleb,ds,Bangladesh Jamaat-e-Islami (Jamaat),ds=105999,Md. Abu Talib,tbs,Bangladesh Jamaat-e-Islami (Jamaat),tbs=105999,1.00,name+party match (sim=1.00) [vote-boosted]
Jhenaidah 4,1,Md. Abu Talib,bss,Bangladesh Jamaat-e-Islami (Jamaat),bss=105999,Md. Abu Talib,"ds,tbs",Bangladesh Jamaat-e-Islami (Jamaat),ds=105999; tbs=105999,1.00,name+party match (sim=1.00) [vote-boosted]
Jhenaidah 4,1,Md. Abu Talib,dt,Bangladesh Jamaat-e-Islami (Jamaat),dt=105999,Md. Abu Talib,"bss,ds,tbs",Bangladesh Jamaat-e-Islami (Jamaat),bss=105999; ds=105999; tbs=105999,1.00,name+party match (sim=1.00) [vote-boosted]
Jhenaidah 4,1,Md. Saiful Islam Firoz,ds,Independent Candidate (Independent),ds=77140,Md. Saiful Islam Firoz,tbs,Independent Candidate (Independent),tbs=77104,1.00,name+party match (sim=1.00)
Jhenaidah 4,1,Md. Saiful Islam Feroze,bss,Independent Candidate (Independent),bss=77104,Md. Saiful Islam Firoz,"ds,tbs",Independent Candidate (Independent),ds=77140; tbs=77104,1.00,name+party match (sim=1.00) [vote-boosted]
Jhenaidah 4,1,Md. Saiful Islam Firoz,dt,Independent Candidate (Independent),dt=77104,Md. Saiful Islam Feroze,"bss,ds,tbs",Independent Candidate (Independent),bss=77104; ds=77140; tbs=77104,1.00,name+party match (sim=1.00) [vote-boosted]
Jhenaidah 4,1,Amdadul Islam,ds,Jatiya Party (JaPa),ds=0,Emdadul Islam,tbs,Jatiya Party (JaPa),tbs=613,1.00,name+party match (sim=1.00)
Jhenaidah 4,1,Emdadul Islam (Bacchu),dt,Jatiya Party (JaPa),dt=613,Emdadul Islam,"ds,tbs",Jatiya Party (JaPa),ds=0; tbs=613,1.00,name+party match (sim=1.00) [vote-boosted]
Jhenaidah 4,1,Khania Khanam,ds,Gono Forum (GF),ds=0,Khaniya Khanam,tbs,Gono Forum (GF),tbs=267,0.96,name+party match (sim=0.96)
Jhenaidah 4,1,Khaniya Khanam,dt,Gono Forum (GF),dt=267,Khaniya Khanam,"ds,tbs",Gono Forum (GF),ds=0; tbs=267,1.00,name+party match (sim=1.00) [vote-boosted]
Jhenaidah 4,1,Abdul Jalil,ds,Islami Andolan Bangladesh (IAB),ds=0,Abdul Jalil,tbs,Islami Andolan Bangladesh (IAB),tbs=3907,1.00,name+party match (sim=1.00)
Jhenaidah 4,1,Abdul Jalil,dt,Islami Andolan Bangladesh (IAB),dt=3907,Abdul Jalil,"ds,tbs",Islami Andolan Bangladesh (IAB),ds=0; tbs=3907,1.00,name+party match (sim=1.00) [vote-boosted]
Jhenaidah 4,1,Md. Rashed Khan,ds,Bangladesh Nationalist Party (BNP),ds=0,Md. Rashed Khan,tbs,Bangladesh Nationalist Party (BNP),tbs=77104,1.00,name+party match (sim=1.00)
Jhenaidah 4,1,Md. Rashed Khan,dt,Bangladesh Nationalist Party (BNP),dt=56224,Md. Rashed Khan,"ds,tbs",Bangladesh Nationalist Party (BNP),ds=0; tbs=77104,1.00,name+party match (sim=1.00)
Joypurhat 1,1,Md. Wazed Pervaz,ds,Bangladesh Samajtantrik Dal (Basad),ds=0,Md. Wazed Parvej,tbs,Bangladesh Samajtantrik Dal (Basad),tbs=578,0.89,name+party match (sim=0.89)
Joypurhat 1,1,Md. Wazed Parvez,dt,Bangladesh Samajtantrik Dal (Basad),dt=578,Md. Wazed Parvej,"ds,tbs",Bangladesh Samajtantrik Dal (Basad),ds=0; tbs=578,0.94,name+party match (sim=0.94) [vote-boosted]
Joypurhat 1,1,Toufiqua Dewan,ds,Socialist Party of Bangladesh (Marxist) (SPB-M),ds=0,Towfika Dewan,tbs,Socialist Party of Bangladesh (Marxist) (SPB-M),tbs=617,0.81,name+party match (sim=0.81)
Joypurhat 1,1,Taufika Dewan,dt,Socialist Party of Bangladesh (Marxist) (SPB-M),dt=617,Toufiqua Dewan,"ds,tbs",Socialist Party of Bangladesh (Marxist) (SPB-M),ds=0; tbs=617,0.83,name+party match (sim=0.83) [vote-boosted]
Joypurhat 1,1,Md. Fazlur Rahman Sayed,ds,Bangladesh Jamaat-e-Islami (Jamaat),ds=165192,Md. Fazlur Rahman Sayed,tbs,Bangladesh Jamaat-e-Islami (Jamaat),tbs=165192,1.00,name+party match (sim=1.00) [vote-boosted]
Joypurhat 1,1,Md. Fazlur Rahman Sayeed,bss,Bangladesh Jamaat-e-Islami (Jamaat),bss=165192,Md. Fazlur Rahman Sayed,"ds,tbs",Bangladesh Jamaat-e-Islami (Jamaat),ds=165192; tbs=165192,1.00,name+party match (sim=1.00) [vote-boosted]
Joypurhat 1,1,Md. Fazlur Rahman Saeed,dt,Bangladesh Jamaat-e-Islami (Jamaat),dt=165192,Md. Fazlur Rahman Sayeed,"bss,ds,tbs",Bangladesh Jamaat-e-Islami (Jamaat),bss=165192; ds=165192; tbs=165192,0.96,name+party match (sim=0.96) [vote-boosted]
Joypurhat 1,1,Md. Masud Rana Prodhan,ds,Bangladesh Nationalist Party (BNP),ds=155309,Md. Masud Rana Prodhan,tbs,Bangladesh Nationalist Party (BNP),tbs=155309,1.00,name+party match (sim=1.00) [vote-boosted]
Joypurhat 1,1,Md. Masud Rana Pradhan,bss,Bangladesh Nationalist Party (BNP),bss=155309,Md. Masud Rana Prodhan,"ds,tbs",Bangladesh Nationalist Party (BNP),ds=155309; tbs=155309,1.00,name+party match (sim=1.00) [vote-boosted]
Joypurhat 1,1,Md. Masud Rana Pradhan,dt,Bangladesh Nationalist Party (BNP),dt=155309,Md. Masud Rana Prodhan,"bss,ds,tbs",Bangladesh Nationalist Party (BNP),bss=155309; ds=155309; tbs=155309,1.00,name+party match (sim=1.00) [vote-boosted]
Joypurhat 1,1,Sabekun Nahar,ds,Independent Candidate (Independent),ds=0,Sabekun Nahar,tbs,Independent Candidate (Independent),tbs=13286,1.00,name+party match (sim=1.00)
Joypurhat 1,2,Sabekun Nahar,dt,Jatiya Party (JaPa),dt=13286,Sabekun Nahar,"ds,tbs",Independent Candidate (Independent),ds=0; tbs=13286,1.00,"name+votes match, party differs: Jatiya Party (JaPa) → Independent Candidate (Independent)"
Joypurhat 2,1,S. A. Jahid,ds,Amar Bangladesh Party (AB),ds=1555,S. A. Zahid,tbs,Amar Bangladesh Party (AB),tbs=1555,0.91,name+party match (sim=0.91) [vote-boosted]
Joypurhat 2,1,S. A. Zahid,dt,Amar Bangladesh Party (AB),dt=1555,S. A. Zahid,"ds,tbs",Amar Bangladesh Party (AB),ds=1555; tbs=1555,1.00,name+party match (sim=1.00) [vote-boosted]
Joypurhat 2,1,Sm Rashedul Alom,ds,Bangladesh Jamaat-e-Islami (Jamaat),ds=92517,S. M. Rashedul Alam,tbs,Bangladesh Jamaat-e-Islami (Jamaat),tbs=92517,1.00,name+party match (sim=1.00) [vote-boosted]
Joypurhat 2,1,SM Rashedul Alam,bss,Bangladesh Jamaat-e-Islami (Jamaat),bss=92517,S. M. Rashedul Alam,"ds,tbs",Bangladesh Jamaat-e-Islami (Jamaat),ds=92517; tbs=92517,1.00,name+party match (sim=1.00) [vote-boosted]
Joypurhat 2,1,S. M. Rashedul Alam,dt,Bangladesh Jamaat-e-Islami (Jamaat),dt=92517,S. M. Rashedul Alam,"bss,ds,tbs",Bangladesh Jamaat-e-Islami (Jamaat),bss=92517; ds=92517; tbs=92517,1.00,name+party match (sim=1.00) [vote-boosted]
Joypurhat 2,1,Md. Abdul Bari,ds,Bangladesh Nationalist Party (BNP),ds=158065,Md. Abdul Bari,tbs,Bangladesh Nationalist Party (BNP),tbs=158065,1.00,name+party match (sim=1.00) [vote-boosted]
Joypurhat 2,1,Md. Abdul Bari,bss,Bangladesh Nationalist Party (BNP),bss=158065,Md. Abdul Bari,"ds,tbs",Bangladesh Nationalist Party (BNP),ds=158065; tbs=158065,1.00,name+party match (sim=1.00) [vote-boosted]
Joypurhat 2,1,Md. Abdul Bari,dt,Bangladesh Nationalist Party (BNP),dt=158065,Md. Abdul Bari,"bss,ds,tbs",Bangladesh Nationalist Party (BNP),bss=158065; ds=158065; tbs=158065,1.00,name+party match (sim=1.00) [vote-boosted]
Khagrachhari 1,1,Abdul Wadud Bhuiyan,ds,Bangladesh Nationalist Party (BNP),ds=151040,Abdul Wadud Bhuiyan,tbs,Bangladesh Nationalist Party (BNP),tbs=151040,1.00,name+party match (sim=1.00) [vote-boosted]
Khagrachhari 1,1,Abdul Wadud Bhunya,bss,Bangladesh Nationalist Party (BNP),bss=151040,Abdul Wadud Bhuiyan,"ds,tbs",Bangladesh Nationalist Party (BNP),ds=151040; tbs=151040,0.92,name+party match (sim=0.92) [vote-boosted]
Khagrachhari 1,1,Abdul Wadud Bhuiyan,dt,Bangladesh Nationalist Party (BNP),dt=151040,Abdul Wadud Bhuiyan,"bss,ds,tbs",Bangladesh Nationalist Party (BNP),bss=151040; ds=151040; tbs=151040,1.00,name+party match (sim=1.00) [vote-boosted]
Khagrachhari 1,1,Md. Eyakub Ali,ds,Bangladesh Jamaat-e-Islami (Jamaat),ds=0,Md. Yeakub Ali,tbs,Bangladesh Jamaat-e-Islami (Jamaat),tbs=58545,1.00,name+party match (sim=1.00)
Khagrachhari 1,1,Md. Yakub Ali,dt,Bangladesh Jamaat-e-Islami (Jamaat),dt=58545,Md. Yeakub Ali,"ds,tbs",Bangladesh Jamaat-e-Islami (Jamaat),ds=0; tbs=58545,1.00,name+party match (sim=1.00) [vote-boosted]
Khagrachhari 1,1,Md. Kowsar,ds,Islami Andolan Bangladesh (IAB),ds=0,Md. Kawsar,tbs,Islami Andolan Bangladesh (IAB),tbs=3089,1.00,name+party match (sim=1.00)
Khagrachhari 1,1,Md. Kawsar,dt,Islami Andolan Bangladesh (IAB),dt=3089,Md. Kawsar,"ds,tbs",Islami Andolan Bangladesh (IAB),ds=0; tbs=3089,1.00,name+party match (sim=1.00) [vote-boosted]
Khagrachhari 1,1,Mithila Raoza,ds,Jatiya Party (JaPa),ds=0,Mithila Roaza,tbs,Jatiya Party (JaPa),tbs=1024,1.00,name+party match (sim=1.00)
Khagrachhari 1,1,Mithila Roaza,dt,Jatiya Party (JaPa),dt=1024,Mithila Roaza,"ds,tbs",Jatiya Party (JaPa),ds=0; tbs=1024,1.00,name+party match (sim=1.00) [vote-boosted]
Khagrachhari 1,1,Jiruna Tripura,ds,Independent Candidate (Independent),ds=0,Jiruna Tripura,tbs,Independent Candidate (Independent),tbs=934,1.00,name+party match (sim=1.00)
Khagrachhari 1,1,Jiruna Tripura,dt,Independent Candidate (Independent),dt=904,Jiruna Tripura,"ds,tbs",Independent Candidate (Independent),ds=0; tbs=934,1.00,name+party match (sim=1.00)
Khagrachhari 1,1,Usheapru Marma,ds,Bangladesh Minority Janata Party (BMJP),ds=0,Ushyapru Marma,tbs,Bangladesh Minority Janata Party (BMJP),tbs=1030,0.93,name+party match (sim=0.93)
Khagrachhari 1,1,Ushyepru Marma,dt,Bangladesh Minority Janata Party (BMJP),dt=1030,Ushyapru Marma,"ds,tbs",Bangladesh Minority Janata Party (BMJP),ds=0; tbs=1030,1.00,name+party match (sim=1.00) [vote-boosted]
Khagrachhari 1,1,Dharma Jyoti Chakma,ds,Independent Candidate (Independent),ds=68315,Dharma Jyoti Chakma,tbs,Independent Candidate (Independent),tbs=68315,1.00,name+party match (sim=1.00) [vote-boosted]
Khagrachhari 1,1,Dharma Jyoti Chakma,bss,Independent Candidate (Independent),bss=68315,Dharma Jyoti Chakma,"ds,tbs",Independent Candidate (Independent),ds=68315; tbs=68315,1.00,name+party match (sim=1.00) [vote-boosted]
Khagrachhari 1,1,Dharma Jyoti Chakma,dt,Independent Candidate (Independent),dt=68315,Dharma Jyoti Chakma,"bss,ds,tbs",Independent Candidate (Independent),bss=68315; ds=68315; tbs=68315,1.00,name+party match (sim=1.00) [vote-boosted]
Khagrachhari 1,1,Md. Nur Islam,ds,Insaniyat Biplob Bangladesh (IBB),ds=0,Md. Noor Islam,tbs,Insaniyat Biplob Bangladesh (IBB),tbs=683,1.00,name+party match (sim=1.00)
Khagrachhari 1,1,Md. Nur Islam,dt,Insaniyat Biplob Bangladesh (IBB),dt=683,Md. Noor Islam,"ds,tbs",Insaniyat Biplob Bangladesh (IBB),ds=0; tbs=683,1.00,name+party match (sim=1.00) [vote-boosted]
Khagrachhari 1,1,Md. Mostafa,ds,Bangladesh Muslim League (BML),ds=0,Md. Mustafa,tbs,Bangladesh Muslim League (BML),tbs=184,1.00,name+party match (sim=1.00)
Khagrachhari 1,1,Md. Mostafa,dt,Bangladesh Muslim League (BML),dt=184,Md. Mustafa,"ds,tbs",Bangladesh Muslim League (BML),ds=0; tbs=184,1.00,name+party match (sim=1.00) [vote-boosted]
Khagrachhari 1,1,Dinmoy Roaza,ds,Gono Odhikar Parishad (GOP),ds=0,Dinmaya Royaja,tbs,Gono Odhikar Parishad (GOP),tbs=755,0.77,name+party match (sim=0.77)
Khagrachhari 1,1,Dinmoy Roaza,dt,Gono Odhikar Parishad (GOP),dt=755,Dinmaya Royaja,"ds,tbs",Gono Odhikar Parishad (GOP),ds=0; tbs=755,0.77,name+party match (sim=0.77) [vote-boosted]
Khagrachhari 1,1,Samiran Dewan,ds,Independent Candidate (Independent),ds=0,Samiran Dewan,tbs,Independent Candidate (Independent),tbs=447910,1.00,name+party match (sim=1.00)
Khagrachhari 1,1,Samiran Dewan,dt,Independent Candidate (Independent),dt=47910,Samiran Dewan,"ds,tbs",Independent Candidate (Independent),ds=0; tbs=447910,1.00,name+party match (sim=1.00)
Khulna 1,1,Kishore Kumar Ray,ds,Communist Party of Bangladesh (CPB),ds=0,Kishor Kumar Roy,tbs,Communist Party of Bangladesh (CPB),tbs=4742,1.00,name+party match (sim=1.00)
Khulna 1,1,Kishore Kumar Roy,dt,Communist Party of Bangladesh (CPB),dt=4742,Kishore Kumar Ray,"ds,tbs",Communist Party of Bangladesh (CPB),ds=0; tbs=4742,1.00,name+party match (sim=1.00) [vote-boosted]
Khulna 1,1,G. M. Rokonuzzaman,ds,Gono Odhikar Parishad (GOP),ds=0,G. M. Rokonuzzaman,tbs,Gono Odhikar Parishad (GOP),tbs=84,1.00,name+party match (sim=1.00)
Khulna 1,1,G. M. Rokonuzzaman,dt,Gono Odhikar Parishad (GOP),dt=84,G. M. Rokonuzzaman,"ds,tbs",Gono Odhikar Parishad (GOP),ds=0; tbs=84,1.00,name+party match (sim=1.00) [vote-boosted]
Khulna 1,1,Achintya Kumar Mondal,ds,Independent Candidate (Independent),ds=0,Achintya Kumar Mondal,tbs,Independent Candidate (Independent),tbs=710,1.00,name+party match (sim=1.00)
Khulna 1,1,Md. Jahangir Hossain,ds,Jatiya Party (JaPa),ds=0,Md. Jahangir Hossain,tbs,Jatiya Party (JaPa),tbs=630,1.00,name+party match (sim=1.00)
Khulna 1,1,Md. Jahangir Hossain,dt,Jatiya Party (JaPa),dt=630,Md. Jahangir Hossain,"ds,tbs",Jatiya Party (JaPa),ds=0; tbs=630,1.00,name+party match (sim=1.00) [vote-boosted]
Khulna 1,1,Krishno Nandy,ds,Bangladesh Jamaat-e-Islami (Jamaat),ds=70346,Krishna Nandi,tbs,Bangladesh Jamaat-e-Islami (Jamaat),tbs=70346,0.94,name+party match (sim=0.94) [vote-boosted]
Khulna 1,1,Krishna Nandi,bss,Bangladesh Jamaat-e-Islami (Jamaat),bss=70346,Krishna Nandi,"ds,tbs",Bangladesh Jamaat-e-Islami (Jamaat),ds=70346; tbs=70346,1.00,name+party match (sim=1.00) [vote-boosted]
Khulna 1,1,Krishna Nandi,dt,Bangladesh Jamaat-e-Islami (Jamaat),dt=70346,Krishna Nandi,"bss,ds,tbs",Bangladesh Jamaat-e-Islami (Jamaat),bss=70346; ds=70346; tbs=70346,1.00,name+party match (sim=1.00) [vote-boosted]
Khulna 1,1,Gobindo Haldar,ds,Independent Candidate (Independent),ds=0,Gobinda Halder,tbs,Independent Candidate (Independent),tbs=894,0.94,name+party match (sim=0.94)
Khulna 1,1,Prosenjit Dutta,ds,Jatiya Samajtantrik Dal (JSD),ds=0,Prosenjit Dutta,tbs,Jatiya Samajtantrik Dal (JSD),tbs=513,1.00,name+party match (sim=1.00)
Khulna 1,1,Prosenjit Dutta,dt,Jatiya Samajtantrik Dal (JSD),dt=513,Prosenjit Dutta,"ds,tbs",Jatiya Samajtantrik Dal (JSD),ds=0; tbs=513,1.00,name+party match (sim=1.00) [vote-boosted]
Khulna 1,1,Amir Ezaz Khan,ds,Bangladesh Nationalist Party (BNP),ds=121352,Amir Ejaz Khan,tbs,Bangladesh Nationalist Party (BNP),tbs=121352,0.93,name+party match (sim=0.93) [vote-boosted]
Khulna 1,1,Ameer Ejaz Khan,bss,Bangladesh Nationalist Party (BNP),bss=121352,Amir Ejaz Khan,"ds,tbs",Bangladesh Nationalist Party (BNP),ds=121352; tbs=121352,1.00,name+party match (sim=1.00) [vote-boosted]
Khulna 1,1,Amir Ejaz Khan,dt,Bangladesh Nationalist Party (BNP),dt=121352,Ameer Ejaz Khan,"bss,ds,tbs",Bangladesh Nationalist Party (BNP),bss=121352; ds=121352; tbs=121352,1.00,name+party match (sim=1.00) [vote-boosted]
Khulna 1,1,Md. Abu Saeed,ds,Islami Andolan Bangladesh (IAB),ds=0,Md. Abu Sayed,tbs,Islami Andolan Bangladesh (IAB),tbs=5619,0.92,name+party match (sim=0.92)
Khulna 1,1,Md. Abu Sayeed,dt,Islami Andolan Bangladesh (IAB),dt=5619,Md. Abu Sayed,"ds,tbs",Islami Andolan Bangladesh (IAB),ds=0; tbs=5619,1.00,name+party match (sim=1.00) [vote-boosted]
Khulna 1,1,Subrota Mondol,ds,Bangladesh Somo Odhikar Party (BEP),ds=0,Subrata Mondal,tbs,Bangladesh Somo Odhikar Party (BEP),tbs=169,1.00,name+party match (sim=1.00)
Khulna 1,1,Subrata Mondal,dt,Bangladesh Somo Odhikar Party (BEP),dt=169,Subrata Mondal,"ds,tbs",Bangladesh Somo Odhikar Party (BEP),ds=0; tbs=169,1.00,name+party match (sim=1.00) [vote-boosted]
Khulna 1,1,Probir Gopal Roy,ds,Bangladesh Minority Janata Party (BMJP),ds=0,Prabir Gopal Roy,tbs,Bangladesh Minority Janata Party (BMJP),tbs=567,1.00,name+party match (sim=1.00)
Khulna 1,1,Sunil Shuvo Roy,ds,Bangladesh Islami Front (BIF),ds=0,Sunil Shubho Roy,tbs,Bangladesh Islami Front (BIF),tbs=881,0.90,name+party match (sim=0.90)
Khulna 1,1,Sunil Shubho Roy,dt,Bangladesh Islami Front (BIF),dt=169,Sunil Shubho Roy,"ds,tbs",Bangladesh Islami Front (BIF),ds=0; tbs=881,1.00,name+party match (sim=1.00)
Khulna 1,2,Achintya Kumar Mondal,dt,Jatiya Party (JaPa),dt=710,Achintya Kumar Mondal,"ds,tbs",Independent Candidate (Independent),ds=0; tbs=710,1.00,"name+votes match, party differs: Jatiya Party (JaPa) → Independent Candidate (Independent)"
Khulna 1,2,Gobinda Halder,dt,Jatiya Party (JaPa),dt=894,Gobinda Halder,"ds,tbs",Independent Candidate (Independent),ds=0; tbs=894,1.00,"name+votes match, party differs: Jatiya Party (JaPa) → Independent Candidate (Independent)"
Khulna 1,2,Prabir Gopal Roy,dt,Jatiya Party (JaPa),dt=567,Prabir Gopal Roy,"ds,tbs",Bangladesh Minority Janata Party (BMJP),ds=0; tbs=567,1.00,"name+votes match, party differs: Jatiya Party (JaPa) → Bangladesh Minority Janata Party (BMJP)"
Khulna 2,1,Sk. Zahangir Hossain Helal,ds,Bangladesh Jamaat-e-Islami (Jamaat),ds=93789,Sheikh Jahangir Hossain Helal,tbs,Bangladesh Jamaat-e-Islami (Jamaat),tbs=93789,0.87,name+party match (sim=0.87) [vote-boosted]
Khulna 2,1,Sheikh Jahangir Hussain Helal,bss,Bangladesh Jamaat-e-Islami (Jamaat),bss=93789,Sheikh Jahangir Hossain Helal,"ds,tbs",Bangladesh Jamaat-e-Islami (Jamaat),ds=93789; tbs=93789,1.00,name+party match (sim=1.00) [vote-boosted]
Khulna 2,1,Sheikh Jahangir Hossain Helal,dt,Bangladesh Jamaat-e-Islami (Jamaat),dt=93789,Sheikh Jahangir Hossain Helal,"bss,ds,tbs",Bangladesh Jamaat-e-Islami (Jamaat),bss=93789; ds=93789; tbs=93789,1.00,name+party match (sim=1.00) [vote-boosted]
Khulna 2,1,Nazrul Islam Manju,ds,Bangladesh Nationalist Party (BNP),ds=88197,Nazrul Islam Manju,tbs,Bangladesh Nationalist Party (BNP),tbs=88197,1.00,name+party match (sim=1.00) [vote-boosted]
Khulna 2,1,Nazrul Islam Manju,bss,Bangladesh Nationalist Party (BNP),bss=88197,Nazrul Islam Manju,"ds,tbs",Bangladesh Nationalist Party (BNP),ds=88197; tbs=88197,1.00,name+party match (sim=1.00) [vote-boosted]
Khulna 2,1,Nazrul Islam Manju,dt,Bangladesh Nationalist Party (BNP),dt=88197,Nazrul Islam Manju,"bss,ds,tbs",Bangladesh Nationalist Party (BNP),bss=88197; ds=88197; tbs=88197,1.00,name+party match (sim=1.00) [vote-boosted]
Khulna 2,1,Amanullah,ds,Islami Andolan Bangladesh (IAB),ds=0,Amanullah,tbs,Islami Andolan Bangladesh (IAB),tbs=7298,1.00,name+party match (sim=1.00)
Khulna 2,1,Amanullah,dt,Islami Andolan Bangladesh (IAB),dt=7298,Amanullah,"ds,tbs",Islami Andolan Bangladesh (IAB),ds=0; tbs=7298,1.00,name+party match (sim=1.00) [vote-boosted]
Khulna 3,1,Md. Abdul Aual,ds,Islami Andolan Bangladesh (IAB),ds=0,Md. A. A. Auwal,tbs,Islami Andolan Bangladesh (IAB),tbs=5705,0.69,name+party match (sim=0.69)
Khulna 3,1,Md. A. Awal,dt,Islami Andolan Bangladesh (IAB),dt=5705,Md. A. A. Auwal,"ds,tbs",Islami Andolan Bangladesh (IAB),ds=0; tbs=5705,1.00,name+party match (sim=1.00) [vote-boosted]
Khulna 3,1,Rakibul Islam,ds,Bangladesh Nationalist Party (BNP),ds=74845,Rakibul Islam,tbs,Bangladesh Nationalist Party (BNP),tbs=74845,1.00,name+party match (sim=1.00) [vote-boosted]
Khulna 3,1,Rakibul Islam,bss,Bangladesh Nationalist Party (BNP),bss=74845,Rakibul Islam,"ds,tbs",Bangladesh Nationalist Party (BNP),ds=74845; tbs=74845,1.00,name+party match (sim=1.00) [vote-boosted]
Khulna 3,1,Rakibul Islam,dt,Bangladesh Nationalist Party (BNP),dt=74845,Rakibul Islam,"bss,ds,tbs",Bangladesh Nationalist Party (BNP),bss=74845; ds=74845; tbs=74845,1.00,name+party match (sim=1.00) [vote-boosted]
Khulna 3,1,Md. Mahfuzur Rahman,ds,Bangladesh Jamaat-e-Islami (Jamaat),ds=66010,Md. Mahfuzur Rahman,tbs,Bangladesh Jamaat-e-Islami (Jamaat),tbs=66010,1.00,name+party match (sim=1.00) [vote-boosted]
Khulna 3,1,Mohammad Mahfuzur Rahman,bss,Bangladesh Jamaat-e-Islami (Jamaat),bss=66010,Md. Mahfuzur Rahman,"ds,tbs",Bangladesh Jamaat-e-Islami (Jamaat),ds=66010; tbs=66010,1.00,name+party match (sim=1.00) [vote-boosted]
Khulna 3,1,Mohammad Mahfuzur Rahman,dt,Bangladesh Jamaat-e-Islami (Jamaat),dt=66010,Mohammad Mahfuzur Rahman,"bss,ds,tbs",Bangladesh Jamaat-e-Islami (Jamaat),bss=66010; ds=66010; tbs=66010,1.00,name+party match (sim=1.00) [vote-boosted]
Khulna 3,1,Moyain Md. Mayaz,ds,Independent Candidate (Independent),ds=0,Moin Md. Mayaz,tbs,Independent Candidate (Independent),tbs=98,0.93,name+party match (sim=0.93)
Khulna 3,1,Main Mohammad Mayaz,dt,Independent Candidate (Independent),dt=98,Moyain Md. Mayaz,"ds,tbs",Independent Candidate (Independent),ds=0; tbs=98,0.93,name+party match (sim=0.93) [vote-boosted]
Khulna 3,1,Md. Abul Hasnat Siddiqui,ds,Independent Candidate (Independent),ds=0,Md. Abul Hasnat Siddiqui,tbs,Independent Candidate (Independent),tbs=68,1.00,name+party match (sim=1.00)
Khulna 3,1,Md. Abul Hasnat Siddique,dt,Independent Candidate (Independent),dt=0,Md. Abul Hasnat Siddiqui,"ds,tbs",Independent Candidate (Independent),ds=0; tbs=68,1.00,name+party match (sim=1.00)
Khulna 3,1,Md. Murad Khan Liton,ds,Independent Candidate (Independent),ds=0,Md. Murad Khan Liton,tbs,Independent Candidate (Independent),tbs=83,1.00,name+party match (sim=1.00)
Khulna 3,1,Md. Murad Khan Liton,dt,Independent Candidate (Independent),dt=83,Md. Murad Khan Liton,"ds,tbs",Independent Candidate (Independent),ds=0; tbs=83,1.00,name+party match (sim=1.00) [vote-boosted]
Khulna 3,1,Md. Abdullah Al Mamun,ds,Jatiya Party (JaPa),ds=0,Md. Abdullah Al Mamun,tbs,Jatiya Party (JaPa),tbs=1070,1.00,name+party match (sim=1.00)
Khulna 3,1,Md. Abdullah Al Mamun,dt,Jatiya Party (JaPa),dt=0,Md. Abdullah Al Mamun,"ds,tbs",Jatiya Party (JaPa),ds=0; tbs=1070,1.00,name+party match (sim=1.00)
Khulna 3,1,S. M. Arifur Rahman,ds,Independent Candidate (Independent),ds=0,S. M. Arifur Rahman,tbs,Independent Candidate (Independent),tbs=838,1.00,name+party match (sim=1.00)
Khulna 3,1,Janardon Datta,ds,Bangladesh Samajtantrik Dal (Basad),ds=0,Janardan Dutta,tbs,Bangladesh Samajtantrik Dal (Basad),tbs=246,1.00,name+party match (sim=1.00)
Khulna 3,1,Janardan Dutta,dt,Bangladesh Samajtantrik Dal (Basad),dt=246,Janardan Dutta,"ds,tbs",Bangladesh Samajtantrik Dal (Basad),ds=0; tbs=246,1.00,name+party match (sim=1.00) [vote-boosted]
Khulna 3,1,Sk Arman Hossain,ds,Nationalist Democratic Movement (NDM),ds=0,Sheikh Arman Hossain,tbs,Nationalist Democratic Movement (NDM),tbs=141,0.90,name+party match (sim=0.90)
Khulna 3,1,Sheikh Arman Hossain,dt,Nationalist Democratic Movement (NDM),dt=141,Sheikh Arman Hossain,"ds,tbs",Nationalist Democratic Movement (NDM),ds=0; tbs=141,1.00,name+party match (sim=1.00) [vote-boosted]
Khulna 3,2,S. M. Arifur Rahman (Mithu),dt,Jatiya Party (JaPa),dt=838,S. M. Arifur Rahman,"ds,tbs",Independent Candidate (Independent),ds=0; tbs=838,1.00,"name+votes match, party differs: Jatiya Party (JaPa) → Independent Candidate (Independent)"
Khulna 4,1,S. M. Sakhawat Hossain,ds,Khelafat Majlis,ds=109530,S. M. Sakhaowat Hossain,tbs,Khelafat Majlis,tbs=109530,1.00,name+party match (sim=1.00) [vote-boosted]
Khulna 4,1,SM Sakhawat Hossain,bss,Khelafat Majlis,bss=109530,S. M. Sakhaowat Hossain,"ds,tbs",Khelafat Majlis,ds=109530; tbs=109530,1.00,name+party match (sim=1.00) [vote-boosted]
Khulna 4,1,S. M. Sakhawat Hossain,dt,Khelafat Majlis,dt=109530,S. M. Sakhaowat Hossain,"bss,ds,tbs",Khelafat Majlis,bss=109530; ds=109530; tbs=109530,1.00,name+party match (sim=1.00) [vote-boosted]
Khulna 4,1,Younus Ahammad Sheikh,ds,Islami Andolan Bangladesh (IAB),ds=0,Yunus Ahmed Sheikh,tbs,Islami Andolan Bangladesh (IAB),tbs=13345,0.95,name+party match (sim=0.95)
Khulna 4,1,Yunus Ahmed Sheikh,dt,Islami Andolan Bangladesh (IAB),dt=13345,Younus Ahammad Sheikh,"ds,tbs",Islami Andolan Bangladesh (IAB),ds=0; tbs=13345,0.95,name+party match (sim=0.95) [vote-boosted]
Khulna 4,1,Azizul Baree Helal,ds,Bangladesh Nationalist Party (BNP),ds=123162,S. K. Azizul Bari,tbs,Bangladesh Nationalist Party (BNP),tbs=123162,0.67,name+party match (sim=0.67) [vote-boosted]
Khulna 4,1,SK Azizul Bari,bss,Bangladesh Nationalist Party (BNP),bss=123162,Azizul Baree Helal,"ds,tbs",Bangladesh Nationalist Party (BNP),ds=123162; tbs=123162,0.67,name+party match (sim=0.67) [vote-boosted]
Khulna 4,1,S. K. Azizul Bari,dt,Bangladesh Nationalist Party (BNP),dt=123162,Azizul Baree Helal,"bss,ds,tbs",Bangladesh Nationalist Party (BNP),bss=123162; ds=123162; tbs=123162,0.67,name+party match (sim=0.67) [vote-boosted]
Khulna 4,1,S. M. Azmal Hossain,ds,Independent Candidate (Independent),ds=0,S. M. Azmal Hossain,tbs,Independent Candidate (Independent),tbs=859,1.00,name+party match (sim=1.00)
Khulna 4,2,S. M. Azmal Hossain,dt,Jatiya Party (JaPa),dt=859,S. M. Azmal Hossain,"ds,tbs",Independent Candidate (Independent),ds=0; tbs=859,1.00,"name+votes match, party differs: Jatiya Party (JaPa) → Independent Candidate (Independent)"
Khulna 5,1,Shamim Ara Parvin,ds,Jatiya Party (JaPa),ds=0,Shamim Ara Parvin,tbs,Jatiya Party (JaPa),tbs=1319,1.00,name+party match (sim=1.00)
Khulna 5,1,Shamim Ara Parvin (Yasmin),dt,Jatiya Party (JaPa),dt=1319,Shamim Ara Parvin,"ds,tbs",Jatiya Party (JaPa),ds=0; tbs=1319,1.00,name+party match (sim=1.00) [vote-boosted]
Khulna 5,1,Mia Golam Porwar,ds,Bangladesh Jamaat-e-Islami (Jamaat),ds=146246,Mia Golam Parwar,tbs,Bangladesh Jamaat-e-Islami (Jamaat),tbs=146246,1.00,name+party match (sim=1.00) [vote-boosted]
Khulna 5,1,Mia Golam Parwar,bss,Bangladesh Jamaat-e-Islami (Jamaat),bss=146246,Mia Golam Parwar,"ds,tbs",Bangladesh Jamaat-e-Islami (Jamaat),ds=146246; tbs=146246,1.00,name+party match (sim=1.00) [vote-boosted]
Khulna 5,1,Mia Golam Parwar,dt,Bangladesh Jamaat-e-Islami (Jamaat),dt=146246,Mia Golam Parwar,"bss,ds,tbs",Bangladesh Jamaat-e-Islami (Jamaat),bss=146246; ds=146246; tbs=146246,1.00,name+party match (sim=1.00) [vote-boosted]
Khulna 5,1,Md. Ali Asghar,ds,Bangladesh Nationalist Party (BNP),ds=148854,Md. Ali Asgar,tbs,Bangladesh Nationalist Party (BNP),tbs=148854,0.96,name+party match (sim=0.96) [vote-boosted]
Khulna 5,1,Mohammad Ali Asghar,bss,Bangladesh Nationalist Party (BNP),bss=148854,Md. Ali Asghar,"ds,tbs",Bangladesh Nationalist Party (BNP),ds=148854; tbs=148854,1.00,name+party match (sim=1.00) [vote-boosted]
Khulna 5,1,Mohammad Ali Asgar,dt,Bangladesh Nationalist Party (BNP),dt=148854,Mohammad Ali Asghar,"bss,ds,tbs",Bangladesh Nationalist Party (BNP),bss=148854; ds=148854; tbs=148854,0.96,name+party match (sim=0.96) [vote-boosted]
Khulna 5,1,Chitta Ranjan Golder,ds,Communist Party of Bangladesh (CPB),ds=0,Chitta Ranjan Goldar,tbs,Communist Party of Bangladesh (CPB),tbs=1790,1.00,name+party match (sim=1.00)
Khulna 5,1,Chitta Ranjan Goldar,dt,Communist Party of Bangladesh (CPB),dt=1790,Chitta Ranjan Goldar,"ds,tbs",Communist Party of Bangladesh (CPB),ds=0; tbs=1790,1.00,name+party match (sim=1.00) [vote-boosted]
Khulna 6,1,Md. Abul Kalam Azad,ds,Bangladesh Jamaat-e-Islami (Jamaat),ds=150724,Md. Abul Kalam Azad,tbs,Bangladesh Jamaat-e-Islami (Jamaat),tbs=150724,1.00,name+party match (sim=1.00) [vote-boosted]
Khulna 6,1,Md. Abul Kalam Azad,bss,Bangladesh Jamaat-e-Islami (Jamaat),bss=150724,Md. Abul Kalam Azad,"ds,tbs",Bangladesh Jamaat-e-Islami (Jamaat),ds=150724; tbs=150724,1.00,name+party match (sim=1.00) [vote-boosted]
Khulna 6,1,Md. Abul Kalam Azad,dt,Bangladesh Jamaat-e-Islami (Jamaat),dt=150724,Md. Abul Kalam Azad,"bss,ds,tbs",Bangladesh Jamaat-e-Islami (Jamaat),bss=150724; ds=150724; tbs=150724,1.00,name+party match (sim=1.00) [vote-boosted]
Khulna 6,1,Md. Mostafa Kamal Jahangir,ds,Jatiya Party (JaPa),ds=0,Md. Mostafa Kamal Jahangir,tbs,Jatiya Party (JaPa),tbs=2717,1.00,name+party match (sim=1.00)
Khulna 6,1,Md. Mostafa Kamal Jahangir,dt,Jatiya Party (JaPa),dt=2717,Md. Mostafa Kamal Jahangir,"ds,tbs",Jatiya Party (JaPa),ds=0; tbs=2717,1.00,name+party match (sim=1.00) [vote-boosted]
Khulna 6,1,S. M. Monirul Hassan,ds,Bangladesh Nationalist Party (BNP),ds=124710,S. M. Monirul Hasan,tbs,Bangladesh Nationalist Party (BNP),tbs=124710,0.97,name+party match (sim=0.97) [vote-boosted]
Khulna 6,1,SM Monirul Hasan (Bappi),bss,Bangladesh Nationalist Party (BNP),bss=124710,S. M. Monirul Hassan,"ds,tbs",Bangladesh Nationalist Party (BNP),ds=124710; tbs=124710,0.95,name+party match (sim=0.95) [vote-boosted]
Khulna 6,1,S. M. Monirul Hasan (Bappi),dt,Bangladesh Nationalist Party (BNP),dt=124710,SM Monirul Hasan (Bappi),"bss,ds,tbs",Bangladesh Nationalist Party (BNP),bss=124710; ds=124710; tbs=124710,1.00,name+party match (sim=1.00) [vote-boosted]
Khulna 6,1,Md. Asadullah Fakir,ds,Islami Andolan Bangladesh (IAB),ds=0,Md. Asadullah Fakir,tbs,Islami Andolan Bangladesh (IAB),tbs=2950,1.00,name+party match (sim=1.00)
Khulna 6,1,Md. Asadullah Fakir,dt,Islami Andolan Bangladesh (IAB),dt=2950,Md. Asadullah Fakir,"ds,tbs",Islami Andolan Bangladesh (IAB),ds=0; tbs=2950,1.00,name+party match (sim=1.00) [vote-boosted]
Khulna 6,1,Prosanto Kumar Mondal,ds,Communist Party of Bangladesh (CPB),ds=0,Prashanta Kumar Mondal,tbs,Communist Party of Bangladesh (CPB),tbs=1571,0.96,name+party match (sim=0.96)
Khulna 6,1,Prashanta Kumar Mondal,dt,Communist Party of Bangladesh (CPB),dt=1571,Prashanta Kumar Mondal,"ds,tbs",Communist Party of Bangladesh (CPB),ds=0; tbs=1571,1.00,name+party match (sim=1.00) [vote-boosted]
Kishoreganj 1,1,Alal Mia,ds,Socialist Party of Bangladesh (Marxist) (SPB-M),ds=0,Alal Mia,tbs,Socialist Party of Bangladesh (Marxist) (SPB-M),tbs=960,1.00,name+party match (sim=1.00)
Kishoreganj 1,1,Alal Mia,dt,Socialist Party of Bangladesh (Marxist) (SPB-M),dt=960,Alal Mia,"ds,tbs",Socialist Party of Bangladesh (Marxist) (SPB-M),ds=0; tbs=960,1.00,name+party match (sim=1.00) [vote-boosted]
Kishoreganj 1,1,Md. Masud Mia,ds,Bangladesh Samajtantrik Dal (Basad),ds=0,Md. Masud Mia,tbs,Bangladesh Samajtantrik Dal (Basad),tbs=234,1.00,name+party match (sim=1.00)
Kishoreganj 1,1,Md. Masud Mia,dt,Bangladesh Samajtantrik Dal (Basad),dt=234,Md. Masud Mia,"ds,tbs",Bangladesh Samajtantrik Dal (Basad),ds=0; tbs=234,1.00,name+party match (sim=1.00) [vote-boosted]
Kishoreganj 1,1,Tarek Md. Shohidul Islam,ds,National People's Party (NPP),ds=0,Tareq Md. Shahidul Islam,tbs,National People's Party (NPP),tbs=247,0.92,name+party match (sim=0.92)
Kishoreganj 1,1,Tarek Mohammad Shahidul Islam,dt,National People's Party (NPP),dt=247,Tareq Md. Shahidul Islam,"ds,tbs",National People's Party (NPP),ds=0; tbs=247,0.96,name+party match (sim=0.96) [vote-boosted]
Kishoreganj 1,1,Md. Mazharul Islam,ds,Bangladesh Nationalist Party (BNP),ds=124035,Mazharul Islam,tbs,Bangladesh Nationalist Party (BNP),tbs=124035,1.00,name+party match (sim=1.00) [vote-boosted]
Kishoreganj 1,1,Mazharul Islam,bss,Bangladesh Nationalist Party (BNP),bss=124035,Md. Mazharul Islam,"ds,tbs",Bangladesh Nationalist Party (BNP),ds=124035; tbs=124035,1.00,name+party match (sim=1.00) [vote-boosted]
Kishoreganj 1,1,Mazharul Islam,dt,Bangladesh Nationalist Party (BNP),dt=124035,Md. Mazharul Islam,"bss,ds,tbs",Bangladesh Nationalist Party (BNP),bss=124035; ds=124035; tbs=124035,1.00,name+party match (sim=1.00) [vote-boosted]
Kishoreganj 1,1,Md. Enamul Haque,ds,Communist Party of Bangladesh (CPB),ds=0,Md. Enamul Haque,tbs,Communist Party of Bangladesh (CPB),tbs=925,1.00,name+party match (sim=1.00)
Kishoreganj 1,1,Md. Enamul Haque,dt,Communist Party of Bangladesh (CPB),dt=925,Md. Enamul Haque,"ds,tbs",Communist Party of Bangladesh (CPB),ds=0; tbs=925,1.00,name+party match (sim=1.00) [vote-boosted]
Kishoreganj 1,1,Ahmad Ali,ds,Khelafat Majlis,ds=0,Ahmed Ali,tbs,Khelafat Majlis,tbs=684,1.00,name+party match (sim=1.00)
Kishoreganj 1,1,Ahmed Ali,dt,Khelafat Majlis,dt=684,Ahmed Ali,"ds,tbs",Khelafat Majlis,ds=0; tbs=684,1.00,name+party match (sim=1.00) [vote-boosted]
Kishoreganj 1,1,Md. Rezaul Karim Khan,ds,Independent Candidate (Independent),ds=0,Md. Rezaul Karim Khan,tbs,Independent Candidate (Independent),tbs=37334,1.00,name+party match (sim=1.00)
Kishoreganj 1,1,Md. Rezaul Karim Khan,dt,Independent Candidate (Independent),dt=37334,Md. Rezaul Karim Khan,"ds,tbs",Independent Candidate (Independent),ds=0; tbs=37334,1.00,name+party match (sim=1.00) [vote-boosted]
Kishoreganj 1,1,Hedayatullah Hadi,ds,Khelafat Majlis,ds=101132,Hedayatullah Hadi,tbs,Khelafat Majlis,tbs=101132,1.00,name+party match (sim=1.00) [vote-boosted]
Kishoreganj 1,1,Hedayatullah Hadi,bss,Khelafat Majlis,bss=101132,Hedayatullah Hadi,"ds,tbs",Khelafat Majlis,ds=101132; tbs=101132,1.00,name+party match (sim=1.00) [vote-boosted]
Kishoreganj 1,1,Hedayatullah Hadi,dt,Khelafat Majlis,dt=101132,Hedayatullah Hadi,"bss,ds,tbs",Khelafat Majlis,bss=101132; ds=101132; tbs=101132,1.00,name+party match (sim=1.00) [vote-boosted]
Kishoreganj 2,1,Advocat Md. Jalal Uddin,ds,Bangladesh Nationalist Party (BNP),ds=143669,Md. Jalal Uddin,tbs,Bangladesh Nationalist Party (BNP),tbs=143669,0.80,name+party match (sim=0.80) [vote-boosted]
Kishoreganj 2,1,Advocate Md. Jalal Uddin,bss,Bangladesh Nationalist Party (BNP),bss=143669,Advocat Md. Jalal Uddin,"ds,tbs",Bangladesh Nationalist Party (BNP),ds=143669; tbs=143669,0.80,name+party match (sim=0.80) [vote-boosted]
Kishoreganj 2,1,Advocate Md. Jalal Uddin,dt,Bangladesh Nationalist Party (BNP),dt=143669,Advocate Md. Jalal Uddin,"bss,ds,tbs",Bangladesh Nationalist Party (BNP),bss=143669; ds=143669; tbs=143669,1.00,name+party match (sim=1.00) [vote-boosted]
Kishoreganj 2,1,Md. Anisuzzaman Khokon,ds,Independent Candidate (Independent),ds=0,Md. Anisuzzaman Khokon,tbs,Independent Candidate (Independent),tbs=363,1.00,name+party match (sim=1.00)
Kishoreganj 2,1,Md. Anisuzzaman Khokon,dt,Independent Candidate (Independent),dt=363,Md. Anisuzzaman Khokon,"ds,tbs",Independent Candidate (Independent),ds=0; tbs=363,1.00,name+party match (sim=1.00) [vote-boosted]
Kishoreganj 2,1,Md. Billal Hossain,ds,Bangladesh Nationalist Front (BNF),ds=0,Md. Billal Hossain,tbs,Bangladesh Nationalist Front (BNF),tbs=222,1.00,name+party match (sim=1.00)
Kishoreganj 2,1,Md. Billal Hossain,dt,Bangladesh Nationalist Front (BNF),dt=222,Md. Billal Hossain,"ds,tbs",Bangladesh Nationalist Front (BNF),ds=0; tbs=222,1.00,name+party match (sim=1.00) [vote-boosted]
Kishoreganj 2,1,Md. Afzal Hussain Bhuyan,ds,Jatiya Party (JaPa),ds=0,Md. Afzal Hossain Bhuiyan,tbs,Jatiya Party (JaPa),tbs=2113,1.00,name+party match (sim=1.00)
Kishoreganj 2,1,Md. Afzal Hossain Bhuiyan,dt,Jatiya Party (JaPa),dt=2113,Md. Afzal Hossain Bhuiyan,"ds,tbs",Jatiya Party (JaPa),ds=0; tbs=2113,1.00,name+party match (sim=1.00) [vote-boosted]
Kishoreganj 2,1,Nuruddin Ahmed,ds,Independent Candidate (Independent),ds=0,Noor Uddin Ahmed,tbs,Independent Candidate (Independent),tbs=1313,1.00,name+party match (sim=1.00)
Kishoreganj 2,1,Nur Uddin Ahmed,dt,Independent Candidate (Independent),dt=1313,Noor Uddin Ahmed,"ds,tbs",Independent Candidate (Independent),ds=0; tbs=1313,1.00,name+party match (sim=1.00) [vote-boosted]
Kishoreganj 2,1,Mohammed Shafiqul Islam,ds,Bangladesh Jamaat-e-Islami (Jamaat),ds=120975,Md. Shafiqul Islam,tbs,Bangladesh Jamaat-e-Islami (Jamaat),tbs=120975,0.87,name+party match (sim=0.87) [vote-boosted]
Kishoreganj 2,1,Md. Shafiqul Islam,bss,Bangladesh Jamaat-e-Islami (Jamaat),bss=120975,Mohammed Shafiqul Islam,"ds,tbs",Bangladesh Jamaat-e-Islami (Jamaat),ds=120975; tbs=120975,0.87,name+party match (sim=0.87) [vote-boosted]
Kishoreganj 2,1,Md. Shafiqul Islam,dt,Bangladesh Jamaat-e-Islami (Jamaat),dt=120975,Mohammed Shafiqul Islam,"bss,ds,tbs",Bangladesh Jamaat-e-Islami (Jamaat),bss=120975; ds=120975; tbs=120975,0.87,name+party match (sim=0.87) [vote-boosted]
Kishoreganj 2,1,Md. Abul Basar Rajoan,ds,Islami Andolan Bangladesh (IAB),ds=0,Md. Abul Basar Rezwan,tbs,Islami Andolan Bangladesh (IAB),tbs=3566,0.86,name+party match (sim=0.86)
Kishoreganj 2,1,Md. Abul Basar Rezwan,dt,Islami Andolan Bangladesh (IAB),dt=3566,Md. Abul Basar Rezwan,"ds,tbs",Islami Andolan Bangladesh (IAB),ds=0; tbs=3566,1.00,name+party match (sim=1.00) [vote-boosted]
Kishoreganj 2,1,Md. Safiqul Islam,ds,Gono Odhikar Parishad (GOP),ds=0,Md. Shafiqul Islam,tbs,Gono Odhikar Parishad (GOP),tbs=395,0.97,name+party match (sim=0.97)
Kishoreganj 2,1,Md. Shafiqul Islam,dt,Gono Odhikar Parishad (GOP),dt=395,Md. Shafiqul Islam,"ds,tbs",Gono Odhikar Parishad (GOP),ds=0; tbs=395,1.00,name+party match (sim=1.00) [vote-boosted]
Kishoreganj 3,1,Md. Aminul Islam,ds,National People's Party (NPP),ds=0,Md. Aminul Islam,tbs,National People's Party (NPP),tbs=118,1.00,name+party match (sim=1.00)
Kishoreganj 3,1,Mohammad Aminul Islam,dt,National People's Party (NPP),dt=118,Md. Aminul Islam,"ds,tbs",National People's Party (NPP),ds=0; tbs=118,1.00,name+party match (sim=1.00) [vote-boosted]
Kishoreganj 3,1,Zehad Khan,ds,Bangladesh Jamaat-e-Islami (Jamaat),ds=102476,Jehad Khan,tbs,Bangladesh Jamaat-e-Islami (Jamaat),tbs=102476,0.90,name+party match (sim=0.90) [vote-boosted]
Kishoreganj 3,1,Jehad Khan,bss,Bangladesh Jamaat-e-Islami (Jamaat),bss=102476,Jehad Khan,"ds,tbs",Bangladesh Jamaat-e-Islami (Jamaat),ds=102476; tbs=102476,1.00,name+party match (sim=1.00) [vote-boosted]
Kishoreganj 3,1,Jihad Khan,dt,Bangladesh Jamaat-e-Islami (Jamaat),dt=102476,Jehad Khan,"bss,ds,tbs",Bangladesh Jamaat-e-Islami (Jamaat),bss=102476; ds=102476; tbs=102476,1.00,name+party match (sim=1.00) [vote-boosted]
Kishoreganj 3,1,A. K. M. Alamgir,ds,Independent Candidate (Independent),ds=0,A. K. M. Alamgir,tbs,Independent Candidate (Independent),tbs=1487,1.00,name+party match (sim=1.00)
Kishoreganj 3,1,A. K. M. Alamgir,dt,Independent Candidate (Independent),dt=1487,A. K. M. Alamgir,"ds,tbs",Independent Candidate (Independent),ds=0; tbs=1487,1.00,name+party match (sim=1.00) [vote-boosted]
Kishoreganj 3,1,Md. Abu Bokor Siddiqui,ds,Jatiya Party (JaPa),ds=0,Md. Abu Bakr Siddiqui,tbs,Jatiya Party (JaPa),tbs=1249,1.00,name+party match (sim=1.00)
Kishoreganj 3,1,Md. Abu Bakar Siddique,dt,Jatiya Party (JaPa),dt=1249,Md. Abu Bokor Siddiqui,"ds,tbs",Jatiya Party (JaPa),ds=0; tbs=1249,1.00,name+party match (sim=1.00) [vote-boosted]
Kishoreganj 3,1,Deluare Hossain Bhuiyan,ds,Ganatantri Party (GP),ds=0,Delowar Hossain Bhuiyan,tbs,Ganatantri Party (GP),tbs=191,1.00,name+party match (sim=1.00)
Kishoreganj 3,1,Dilowar Hossain Bhuiyan,dt,Ganatantri Party (GP),dt=191,Delowar Hossain Bhuiyan,"ds,tbs",Ganatantri Party (GP),ds=0; tbs=191,1.00,name+party match (sim=1.00) [vote-boosted]
Kishoreganj 3,1,Md. Alomgir Hossain,ds,Islami Andolan Bangladesh (IAB),ds=0,Md. Alamgir Hossain,tbs,Islami Andolan Bangladesh (IAB),tbs=10777,1.00,name+party match (sim=1.00)
Kishoreganj 3,1,Md. Alamgir Hossain,dt,Islami Andolan Bangladesh (IAB),dt=10777,Md. Alamgir Hossain,"ds,tbs",Islami Andolan Bangladesh (IAB),ds=0; tbs=10777,1.00,name+party match (sim=1.00) [vote-boosted]
Kishoreganj 3,1,Md. Osman Farruk,ds,Bangladesh Nationalist Party (BNP),ds=112466,Md. Osman Farooq,tbs,Bangladesh Nationalist Party (BNP),tbs=112466,0.82,name+party match (sim=0.82) [vote-boosted]
Kishoreganj 3,1,Dr. Muhammad Osman Farooq,bss,Bangladesh Nationalist Party (BNP),bss=112466,Md. Osman Farooq,"ds,tbs",Bangladesh Nationalist Party (BNP),ds=112466; tbs=112466,1.00,name+party match (sim=1.00) [vote-boosted]
Kishoreganj 3,1,Dr. Muhammad Osman Faruq,dt,Bangladesh Nationalist Party (BNP),dt=112466,Dr. Muhammad Osman Farooq,"bss,ds,tbs",Bangladesh Nationalist Party (BNP),bss=112466; ds=112466; tbs=112466,1.00,name+party match (sim=1.00) [vote-boosted]
Kishoreganj 4,1,Nurul Islam,ds,Insaniyat Biplob Bangladesh (IBB),ds=0,Nurul Islam,tbs,Insaniyat Biplob Bangladesh (IBB),tbs=516,1.00,name+party match (sim=1.00)
Kishoreganj 4,1,Khairul Islam Thakur,ds,Khelafat Majlis,ds=0,Khairul Islam Thakur,tbs,Khelafat Majlis,tbs=879,1.00,name+party match (sim=1.00)
Kishoreganj 4,1,Khairul Islam Thakur,dt,Khelafat Majlis,dt=879,Khairul Islam Thakur,"ds,tbs",Khelafat Majlis,ds=0; tbs=879,1.00,name+party match (sim=1.00) [vote-boosted]
Kishoreganj 4,1,Billal Ahmed Majumder,ds,Islami Andolan Bangladesh (IAB),ds=0,Billal Ahmed Majumdar,tbs,Islami Andolan Bangladesh (IAB),tbs=2487,1.00,name+party match (sim=1.00)
Kishoreganj 4,1,Billal Ahmed Majumdar,dt,Islami Andolan Bangladesh (IAB),dt=2487,Billal Ahmed Majumdar,"ds,tbs",Islami Andolan Bangladesh (IAB),ds=0; tbs=2487,1.00,name+party match (sim=1.00) [vote-boosted]
Kishoreganj 4,1,Md. Joynal Abdin,ds,National People's Party (NPP),ds=0,Md. Zainal Abedin,tbs,National People's Party (NPP),tbs=105,0.82,name+party match (sim=0.82)
Kishoreganj 4,1,Md. Zainal Abedin,dt,National People's Party (NPP),dt=105,Md. Zainal Abedin,"ds,tbs",National People's Party (NPP),ds=0; tbs=105,1.00,name+party match (sim=1.00) [vote-boosted]
Kishoreganj 4,1,Md. Shaheen Reza Chowdhury,ds,Independent Candidate (Independent),ds=0,Md. Shahin Reza Chowdhury,tbs,Independent Candidate (Independent),tbs=2537,1.00,name+party match (sim=1.00)
Kishoreganj 4,1,Md. Shaheen Reza Chowdhury,dt,Independent Candidate (Independent),dt=2537,Md. Shaheen Reza Chowdhury,"ds,tbs",Independent Candidate (Independent),ds=0; tbs=2537,1.00,name+party match (sim=1.00) [vote-boosted]
Kishoreganj 4,1,Kazi Reha Kabir,ds,Independent Candidate (Independent),ds=0,Kazi Reha Kabir,tbs,Independent Candidate (Independent),tbs=2972,1.00,name+party match (sim=1.00)
Kishoreganj 4,1,Kazi Reha Kabir,dt,Independent Candidate (Independent),dt=2972,Kazi Reha Kabir,"ds,tbs",Independent Candidate (Independent),ds=0; tbs=2972,1.00,name+party match (sim=1.00) [vote-boosted]
Kishoreganj 4,1,Md. Fazlur Rahman,ds,Bangladesh Nationalist Party (BNP),ds=132472,Md. Fazlur Rahman,tbs,Bangladesh Nationalist Party (BNP),tbs=132472,1.00,name+party match (sim=1.00) [vote-boosted]
Kishoreganj 4,1,Md. Fazlur Rahman,bss,Bangladesh Nationalist Party (BNP),bss=132472,Md. Fazlur Rahman,"ds,tbs",Bangladesh Nationalist Party (BNP),ds=132472; tbs=132472,1.00,name+party match (sim=1.00) [vote-boosted]
Kishoreganj 4,1,Md. Fazlur Rahman,dt,Bangladesh Nationalist Party (BNP),dt=132553,Md. Fazlur Rahman,"bss,ds,tbs",Bangladesh Nationalist Party (BNP),bss=132472; ds=132472; tbs=132472,1.00,name+party match (sim=1.00)
Kishoreganj 4,1,Md. Rokan Reza Sheikh,ds,Bangladesh Jamaat-e-Islami (Jamaat),ds=57829,Md. Rokon Reza Sheikh,tbs,Bangladesh Jamaat-e-Islami (Jamaat),tbs=57829,1.00,name+party match (sim=1.00) [vote-boosted]
Kishoreganj 4,1,Md. Rokan Reza Sheikh,bss,Bangladesh Jamaat-e-Islami (Jamaat),bss=57829,Md. Rokon Reza Sheikh,"ds,tbs",Bangladesh Jamaat-e-Islami (Jamaat),ds=57829; tbs=57829,1.00,name+party match (sim=1.00) [vote-boosted]
Kishoreganj 4,1,Md. Rokon Reza Sheikh,dt,Bangladesh Jamaat-e-Islami (Jamaat),dt=55646,Md. Rokon Reza Sheikh,"bss,ds,tbs",Bangladesh Jamaat-e-Islami (Jamaat),bss=57829; ds=57829; tbs=57829,1.00,name+party match (sim=1.00)
Kishoreganj 4,2,Nurul Islam,dt,Jatiya Party (JaPa),dt=516,Nurul Islam,"ds,tbs",Insaniyat Biplob Bangladesh (IBB),ds=0; tbs=516,1.00,"name+votes match, party differs: Jatiya Party (JaPa) → Insaniyat Biplob Bangladesh (IBB)"
Kishoreganj 5,1,Sayed Ehsanul Huda,ds,Bangladesh Nationalist Party (BNP),ds=66450,Syed Ehsanul Huda,tbs,Bangladesh Nationalist Party (BNP),tbs=66450,1.00,name+party match (sim=1.00) [vote-boosted]
Kishoreganj 5,1,Syed Ehsanul Huda,bss,Bangladesh Nationalist Party (BNP),bss=66450,Sayed Ehsanul Huda,"ds,tbs",Bangladesh Nationalist Party (BNP),ds=66450; tbs=66450,1.00,name+party match (sim=1.00) [vote-boosted]
Kishoreganj 5,1,Syed Ehsanul Huda,dt,Bangladesh Nationalist Party (BNP),dt=66450,Sayed Ehsanul Huda,"bss,ds,tbs",Bangladesh Nationalist Party (BNP),bss=66450; ds=66450; tbs=66450,1.00,name+party match (sim=1.00) [vote-boosted]
Kishoreganj 5,1,Md. Ramjan Ali,ds,Bangladesh Jamaat-e-Islami (Jamaat),ds=0,Md. Ramzan Ali,tbs,Bangladesh Jamaat-e-Islami (Jamaat),tbs=54400,0.93,name+party match (sim=0.93)
Kishoreganj 5,1,Md. Ramzan Ali,dt,Bangladesh Jamaat-e-Islami (Jamaat),dt=54400,Md. Ramzan Ali,"ds,tbs",Bangladesh Jamaat-e-Islami (Jamaat),ds=0; tbs=54400,1.00,name+party match (sim=1.00) [vote-boosted]
Kishoreganj 5,1,A. H. M. Quaiyum,ds,Independent Candidate (Independent),ds=0,Ahm Qaiyum,tbs,Independent Candidate (Independent),tbs=1897,1.00,name+party match (sim=1.00)
Kishoreganj 5,1,A. H. M. Qayyum (Hasnat Qayyum),dt,Independent Candidate (Independent),dt=1897,A. H. M. Quaiyum,"ds,tbs",Independent Candidate (Independent),ds=0; tbs=1897,0.91,name+party match (sim=0.91) [vote-boosted]
Kishoreganj 5,1,Sk Mozibur Rahman Iqbal,ds,Independent Candidate (Independent),ds=79604,Sheikh Mujibur Rahman Iqbal,tbs,Independent Candidate (Independent),tbs=79604,0.86,name+party match (sim=0.86) [vote-boosted]
Kishoreganj 5,1,Sheikh Mujibur Rahman Iqbal,bss,Independent Candidate (Independent),bss=79604,Sheikh Mujibur Rahman Iqbal,"ds,tbs",Independent Candidate (Independent),ds=79604; tbs=79604,1.00,name+party match (sim=1.00) [vote-boosted]
Kishoreganj 5,1,Sheikh Mojibur Rahman Iqbal,dt,Independent Candidate (Independent),dt=79604,Sheikh Mujibur Rahman Iqbal,"bss,ds,tbs",Independent Candidate (Independent),bss=79604; ds=79604; tbs=79604,1.00,name+party match (sim=1.00) [vote-boosted]
Kishoreganj 5,1,Md. Delawar Hossain,ds,Islami Andolan Bangladesh (IAB),ds=0,Md. Delawar Hossain,tbs,Islami Andolan Bangladesh (IAB),tbs=2688,1.00,name+party match (sim=1.00)
Kishoreganj 5,1,Mohammad Delawar Hossain,dt,Islami Andolan Bangladesh (IAB),dt=2688,Md. Delawar Hossain,"ds,tbs",Islami Andolan Bangladesh (IAB),ds=0; tbs=2688,1.00,name+party match (sim=1.00) [vote-boosted]
Kishoreganj 5,1,Md. Mahabobul Alam,ds,Jatiya Party (JaPa),ds=0,Md. Mahbubul Alam,tbs,Jatiya Party (JaPa),tbs=295,1.00,name+party match (sim=1.00)
Kishoreganj 5,1,Md. Mahbubul Alam,dt,Jatiya Party (JaPa),dt=295,Md. Mahabobul Alam,"ds,tbs",Jatiya Party (JaPa),ds=0; tbs=295,1.00,name+party match (sim=1.00) [vote-boosted]
Kishoreganj 5,1,Md. Sajjad Hossain,ds,Bangladesh Muslim League (BML),ds=0,Md. Sazzad Hossain,tbs,Bangladesh Muslim League (BML),tbs=135,0.89,name+party match (sim=0.89)
Kishoreganj 5,1,Md. Sazzad Hossain,dt,Bangladesh Muslim League (BML),dt=135,Md. Sazzad Hossain,"ds,tbs",Bangladesh Muslim League (BML),ds=0; tbs=135,1.00,name+party match (sim=1.00) [vote-boosted]
Kishoreganj 5,1,Md. Wali Ullah,ds,Bangladesh Islami Front (BIF),ds=0,Md. Oli Ullah,tbs,Bangladesh Islami Front (BIF),tbs=1313,0.92,name+party match (sim=0.92)
Kishoreganj 5,1,Md. Oli Ullah,dt,Bangladesh Islami Front (BIF),dt=1313,Md. Wali Ullah,"ds,tbs",Bangladesh Islami Front (BIF),ds=0; tbs=1313,0.92,name+party match (sim=0.92) [vote-boosted]
Kishoreganj 6,1,Md. Shariful Alam,ds,Bangladesh Nationalist Party (BNP),ds=187159,Md. Shariful Alam,tbs,Bangladesh Nationalist Party (BNP),tbs=187159,1.00,name+party match (sim=1.00) [vote-boosted]
Kishoreganj 6,1,Md. Shariful Alam,bss,Bangladesh Nationalist Party (BNP),bss=187159,Md. Shariful Alam,"ds,tbs",Bangladesh Nationalist Party (BNP),ds=187159; tbs=187159,1.00,name+party match (sim=1.00) [vote-boosted]
Kishoreganj 6,1,Md. Shariful Alam,dt,Bangladesh Nationalist Party (BNP),dt=187159,Md. Shariful Alam,"bss,ds,tbs",Bangladesh Nationalist Party (BNP),bss=187159; ds=187159; tbs=187159,1.00,name+party match (sim=1.00) [vote-boosted]
Kishoreganj 6,1,Shafi Uddin Ahmed,ds,Gono Forum (GF),ds=0,Shafi Uddin Ahmad,tbs,Gono Forum (GF),tbs=220,1.00,name+party match (sim=1.00)
Kishoreganj 6,1,Shafi Uddin Ahmad,dt,Gono Forum (GF),dt=220,Shafi Uddin Ahmad,"ds,tbs",Gono Forum (GF),ds=0; tbs=220,1.00,name+party match (sim=1.00) [vote-boosted]
Kishoreganj 6,1,Md. Habil Mia,ds,Communist Party of Bangladesh (CPB),ds=0,Md. Habil Mia,tbs,Communist Party of Bangladesh (CPB),tbs=312,1.00,name+party match (sim=1.00)
Kishoreganj 6,1,Dr. Mohammad Habil Mia,dt,Communist Party of Bangladesh (CPB),dt=312,Md. Habil Mia,"ds,tbs",Communist Party of Bangladesh (CPB),ds=0; tbs=312,1.00,name+party match (sim=1.00) [vote-boosted]
Kishoreganj 6,1,Nazrul Islam,ds,National People's Party (NPP),ds=0,Md. Nazrul Islam,tbs,National People's Party (NPP),tbs=185,1.00,name+party match (sim=1.00)
Kishoreganj 6,1,Md. Nazrul Islam,dt,National People's Party (NPP),dt=185,Md. Nazrul Islam,"ds,tbs",National People's Party (NPP),ds=0; tbs=185,1.00,name+party match (sim=1.00) [vote-boosted]
Kishoreganj 6,1,Md. Musa Khan,ds,Islami Andolan Bangladesh (IAB),ds=0,Md. Musa Khan,tbs,Islami Andolan Bangladesh (IAB),tbs=2411,1.00,name+party match (sim=1.00)
Kishoreganj 6,1,Mohammad Mucha Khan,bss,Islami Andolan Bangladesh (IAB),bss=2411,Md. Musa Khan,"ds,tbs",Islami Andolan Bangladesh (IAB),ds=0; tbs=2411,0.89,name+party match (sim=0.89) [vote-boosted]
Kishoreganj 6,1,Mohammad Musa Khan,dt,Islami Andolan Bangladesh (IAB),dt=2411,Mohammad Mucha Khan,"bss,ds,tbs",Islami Andolan Bangladesh (IAB),bss=2411; ds=0; tbs=2411,0.89,name+party match (sim=0.89) [vote-boosted]
Kishoreganj 6,1,Ataullah Amin,ds,Khelafat Majlis,ds=44095,Ataullah Amin,tbs,Khelafat Majlis,tbs=44095,1.00,name+party match (sim=1.00) [vote-boosted]
Kishoreganj 6,1,Ataullah Amin,dt,Khelafat Majlis,dt=44095,Ataullah Amin,"ds,tbs",Khelafat Majlis,ds=44095; tbs=44095,1.00,name+party match (sim=1.00) [vote-boosted]
Kishoreganj 6,1,Naimul Hasan,ds,Insaniyat Biplob Bangladesh (IBB),ds=0,Naimul Hasan,tbs,Insaniyat Biplob Bangladesh (IBB),tbs=630,1.00,name+party match (sim=1.00)
Kishoreganj 6,1,Naimul Hasan,dt,Insaniyat Biplob Bangladesh (IBB),dt=630,Naimul Hasan,"ds,tbs",Insaniyat Biplob Bangladesh (IBB),ds=0; tbs=630,1.00,name+party match (sim=1.00) [vote-boosted]
Kishoreganj 6,1,Md. Rubel Hossain,ds,Bangladesh Islami Front (BIF),ds=0,Md. Rubel Hossain,tbs,Bangladesh Islami Front (BIF),tbs=2172,1.00,name+party match (sim=1.00)
Kishoreganj 6,1,Md. Rubel Hossain,dt,Bangladesh Islami Front (BIF),dt=2172,Md. Rubel Hossain,"ds,tbs",Bangladesh Islami Front (BIF),ds=0; tbs=2172,1.00,name+party match (sim=1.00) [vote-boosted]
Kishoreganj 6,1,Mohammed Ayub Hussain,ds,Jatiya Party (JaPa),ds=0,Md. Ayub Hossain,tbs,Jatiya Party (JaPa),tbs=806,0.84,name+party match (sim=0.84)
Kishoreganj 6,1,Mohammad Ayub Hossain,dt,Jatiya Party (JaPa),dt=806,Mohammed Ayub Hussain,"ds,tbs",Jatiya Party (JaPa),ds=0; tbs=806,0.84,name+party match (sim=0.84) [vote-boosted]
Kurigram 1,1,Md. Anwarul Islam,ds,Bangladesh Jamaat-e-Islami (Jamaat),ds=141090,Md. Anowarul Islam,tbs,Bangladesh Jamaat-e-Islami (Jamaat),tbs=141090,1.00,name+party match (sim=1.00) [vote-boosted]
Kurigram 1,1,Md. Anwarul Islam,bss,Bangladesh Jamaat-e-Islami (Jamaat),bss=141090,Md. Anowarul Islam,"ds,tbs",Bangladesh Jamaat-e-Islami (Jamaat),ds=141090; tbs=141090,1.00,name+party match (sim=1.00) [vote-boosted]
Kurigram 1,1,Md. Anwarul Islam,dt,Bangladesh Jamaat-e-Islami (Jamaat),dt=134648,Md. Anowarul Islam,"bss,ds,tbs",Bangladesh Jamaat-e-Islami (Jamaat),bss=141090; ds=141090; tbs=141090,1.00,name+party match (sim=1.00)
Kurigram 1,1,Saifur Rahman Rana,ds,Bangladesh Nationalist Party (BNP),ds=123025,Saifur Rahman Rana,tbs,Bangladesh Nationalist Party (BNP),tbs=123025,1.00,name+party match (sim=1.00) [vote-boosted]
Kurigram 1,1,Saifur Rahman Rana,bss,Bangladesh Nationalist Party (BNP),bss=123025,Saifur Rahman Rana,"ds,tbs",Bangladesh Nationalist Party (BNP),ds=123025; tbs=123025,1.00,name+party match (sim=1.00) [vote-boosted]
Kurigram 1,1,Saifur Rahman Rana,dt,Bangladesh Nationalist Party (BNP),dt=117356,Saifur Rahman Rana,"bss,ds,tbs",Bangladesh Nationalist Party (BNP),bss=123025; ds=123025; tbs=123025,1.00,name+party match (sim=1.00)
Kurigram 1,1,A. K. M. Mostafizur Rahman,dt,Jatiya Party (JaPa),dt=2689,A. K. M. Mostafizur Rahman,ds,Jatiya Party (JaPa),ds=0,1.00,name+party match (sim=1.00)
Kurigram 1,1,Md. Abdul Hai,dt,Zaker Party (ZP),dt=0,Md. Abdul Hye,ds,Zaker Party (ZP),ds=0,0.92,name+party match (sim=0.92)
Kurigram 1,1,Md. Bin Yamin Molla,dt,Gono Odhikar Parishad (GOP),dt=0,Md. Bin Yamin Molla,ds,Gono Odhikar Parishad (GOP),ds=0,1.00,name+party match (sim=1.00)
Kurigram 1,1,Md. Harisul Bari,dt,Islami Andolan Bangladesh (IAB),dt=3377,Md. Haresul Bari,ds,Islami Andolan Bangladesh (IAB),ds=0,1.00,name+party match (sim=1.00)
Kurigram 2,1,Atiqur Rahman Mujahid,ds,National Citizen Party (NCP),ds=178869,Atiqur Rahman Mujahid,tbs,National Citizen Party (NCP),tbs=178869,1.00,name+party match (sim=1.00) [vote-boosted]
Kurigram 2,1,Atiqur Rahman Mojahid,bss,National Citizen Party (NCP),bss=178869,Atiqur Rahman Mujahid,"ds,tbs",National Citizen Party (NCP),ds=178869; tbs=178869,1.00,name+party match (sim=1.00) [vote-boosted]
Kurigram 2,1,Atikur Rahman Mojahid,dt,National Citizen Party (NCP),dt=179786,Atiqur Rahman Mujahid,"bss,ds,tbs",National Citizen Party (NCP),bss=178869; ds=178869; tbs=178869,0.91,name+party match (sim=0.91)
Kurigram 2,1,Md. Sohel Hosnain Kaikobad,ds,Bangladesh Nationalist Party (BNP),ds=170335,Md. Sohel Hossain Kaikobad,tbs,Bangladesh Nationalist Party (BNP),tbs=170335,0.96,name+party match (sim=0.96) [vote-boosted]
Kurigram 2,1,Md. Sohail Hosnain Kaykobad,bss,Bangladesh Nationalist Party (BNP),bss=170335,Md. Sohel Hossain Kaikobad,"ds,tbs",Bangladesh Nationalist Party (BNP),ds=170335; tbs=170335,0.89,name+party match (sim=0.89) [vote-boosted]
Kurigram 2,1,Md. Sohel Hosnain Kaikobad,dt,Bangladesh Nationalist Party (BNP),dt=169386,Md. Sohail Hosnain Kaykobad,"bss,ds,tbs",Bangladesh Nationalist Party (BNP),bss=170335; ds=170335; tbs=170335,0.96,name+party match (sim=0.96)
Kurigram 2,1,Md. Atikur Rahman,dt,Bangladesh Jatiya Party (BJP),dt=0,Md. Atiqur Rahman,ds,Bangladesh Jatiya Party (BJP),ds=0,0.94,name+party match (sim=0.94)
Kurigram 2,1,Md. Nazrul Islam Khan,dt,Amar Bangladesh Party (AB),dt=0,Md. Nazrul Islam Khan,ds,Amar Bangladesh Party (AB),ds=0,1.00,name+party match (sim=1.00)
Kurigram 2,1,Md. Nur Bakht,dt,Islami Andolan Bangladesh (IAB),dt=0,Md. Nur Bakta Mian,ds,Islami Andolan Bangladesh (IAB),ds=0,0.82,name+party match (sim=0.82)
Kurigram 2,1,Muhammad Abdus Salam,dt,Nagorik Oikya (NO),dt=0,Md. Abdus Salam,ds,Nagorik Oikya (NO),ds=0,1.00,name+party match (sim=1.00)
Kurigram 2,1,Nur Mohammad,dt,Communist Party of Bangladesh (CPB),dt=0,Noor Md.,ds,Communist Party of Bangladesh (CPB),ds=0,1.00,name+party match (sim=1.00)
Kurigram 2,1,Panir Uddin Ahmed,dt,Jatiya Party (JaPa),dt=0,Panir Uddin Ahmed,ds,Jatiya Party (JaPa),ds=0,1.00,name+party match (sim=1.00)
Kurigram 3,1,Md. Akkas Ali Sarkar,ds,Islami Andolan Bangladesh (IAB),ds=0,Md. Akkas Ali Sarker,tbs,Islami Andolan Bangladesh (IAB),tbs=33380,1.00,name+party match (sim=1.00)
Kurigram 3,1,Dr. Md. Akkach Ali Sarkar,bss,Islami Andolan Bangladesh (IAB),bss=33380,Md. Akkas Ali Sarker,"ds,tbs",Islami Andolan Bangladesh (IAB),ds=0; tbs=33380,0.88,name+party match (sim=0.88) [vote-boosted]
Kurigram 3,1,Dr. Md. Akkas Ali Sarkar,dt,Islami Andolan Bangladesh (IAB),dt=0,Dr. Md. Akkach Ali Sarkar,"bss,ds,tbs",Islami Andolan Bangladesh (IAB),bss=33380; ds=0; tbs=33380,0.93,name+party match (sim=0.93)
Kurigram 3,1,Tasvir Ul Islam,ds,Bangladesh Nationalist Party (BNP),ds=79352,Tasvir Ul Islam,tbs,Bangladesh Nationalist Party (BNP),tbs=672,1.00,name+party match (sim=1.00)
Kurigram 3,1,Tasvir Ul Islam,dt,Bangladesh Nationalist Party (BNP),dt=77963,Tasvir Ul Islam,"ds,tbs",Bangladesh Nationalist Party (BNP),ds=79352; tbs=672,1.00,name+party match (sim=1.00)
Kurigram 3,1,Md. Mahbubul Alam,ds,Bangladesh Jamaat-e-Islami (Jamaat),ds=107930,Md. Mahbubul Alam,tbs,Bangladesh Jamaat-e-Islami (Jamaat),tbs=106923,1.00,name+party match (sim=1.00)
Kurigram 3,1,Md. Mahbubul Alam,bss,Bangladesh Jamaat-e-Islami (Jamaat),bss=106923,Md. Mahbubul Alam,"ds,tbs",Bangladesh Jamaat-e-Islami (Jamaat),ds=107930; tbs=106923,1.00,name+party match (sim=1.00) [vote-boosted]
Kurigram 3,1,Md. Mahbubul Alam,dt,Bangladesh Jamaat-e-Islami (Jamaat),dt=105594,Md. Mahbubul Alam,"bss,ds,tbs",Bangladesh Jamaat-e-Islami (Jamaat),bss=106923; ds=107930; tbs=106923,1.00,name+party match (sim=1.00)
Kurigram 3,1,Abdus Sobhan,dt,Jatiya Party (JaPa),dt=0,Abdus Sobhan,ds,Jatiya Party (JaPa),ds=0,1.00,name+party match (sim=1.00)
Kurigram 3,1,Sarkar Md. Nur-e-Ershad Siddiqui,dt,Gono Odhikar Parishad (GOP),dt=0,Sarker Md. Nure Ershad Siddiki,ds,Gono Odhikar Parishad (GOP),ds=0,0.94,name+party match (sim=0.94)
Kurigram 4,1,Md. Azizur Rahman,ds,Bangladesh Nationalist Party (BNP),ds=84423,Md. Azizur Rahman,tbs,Bangladesh Nationalist Party (BNP),tbs=83762,1.00,name+party match (sim=1.00)
Kurigram 4,1,Md. Azizur Rahman,bss,Bangladesh Nationalist Party (BNP),bss=84423,Md. Azizur Rahman,"ds,tbs",Bangladesh Nationalist Party (BNP),ds=84423; tbs=83762,1.00,name+party match (sim=1.00) [vote-boosted]
Kurigram 4,1,Md. Azizur Rahman,dt,Bangladesh Nationalist Party (BNP),dt=57947,Md. Azizur Rahman,"bss,ds,tbs",Bangladesh Nationalist Party (BNP),bss=84423; ds=84423; tbs=83762,1.00,name+party match (sim=1.00)
Kurigram 4,1,Md. Mostafizur Rahman,ds,Bangladesh Jamaat-e-Islami (Jamaat),ds=108210,Md. Mostafizur Rahman,tbs,Bangladesh Jamaat-e-Islami (Jamaat),tbs=106347,1.00,name+party match (sim=1.00)
Kurigram 4,1,Md. Mostafizur Rahman,bss,Bangladesh Jamaat-e-Islami (Jamaat),bss=108210,Md. Mostafizur Rahman,"ds,tbs",Bangladesh Jamaat-e-Islami (Jamaat),ds=108210; tbs=106347,1.00,name+party match (sim=1.00) [vote-boosted]
Kurigram 4,1,Md. Mostafizur Rahman,dt,Bangladesh Jamaat-e-Islami (Jamaat),dt=78943,Md. Mostafizur Rahman,"bss,ds,tbs",Bangladesh Jamaat-e-Islami (Jamaat),bss=108210; ds=108210; tbs=106347,1.00,name+party match (sim=1.00)
Kurigram 4,1,Md. Hafizur Rahman,ds,Islami Andolan Bangladesh (IAB),ds=0,Md. Hafizur Rahman,tbs,Islami Andolan Bangladesh (IAB),tbs=9449,1.00,name+party match (sim=1.00)
Kurigram 4,1,Md. Hafizur Rahman,dt,Islami Andolan Bangladesh (IAB),dt=0,Md. Hafizur Rahman,"ds,tbs",Islami Andolan Bangladesh (IAB),ds=0; tbs=9449,1.00,name+party match (sim=1.00)
Kurigram 4,1,K. M. Fazlul Mondol,dt,Jatiya Party (JaPa),dt=0,K. M. Fazlul Haque Mandul,ds,Jatiya Party (JaPa),ds=0,0.91,name+party match (sim=0.91)
Kurigram 4,1,Md. Rukunuzzaman,dt,Independent Candidate (Independent),dt=0,Md. Ruknuzzaman,ds,Independent Candidate (Independent),ds=0,1.00,name+party match (sim=1.00)
Kurigram 4,1,Raju Ahmed,dt,Socialist Party of Bangladesh (Marxist) (SPB-M),dt=0,Raju Ahmed,ds,Socialist Party of Bangladesh (Marxist) (SPB-M),ds=0,1.00,name+party match (sim=1.00)
Kurigram 4,1,Sheikh Mohammad Abdul Khaleq,dt,Bangladesh Samajtantrik Dal (Basad),dt=0,Sheake Md. Abdul Khaleque,ds,Bangladesh Samajtantrik Dal (Basad),ds=0,0.96,name+party match (sim=0.96)
Kushtia 1,1,Md. Shahriar Jamil,ds,Jatiya Party (JaPa),ds=0,Md. Shahriar Jamil,tbs,Jatiya Party (JaPa),tbs=1094,1.00,name+party match (sim=1.00)
Kushtia 1,1,Md. Shahriar Jamil,dt,Jatiya Party (JaPa),dt=1094,Md. Shahriar Jamil,"ds,tbs",Jatiya Party (JaPa),ds=0; tbs=1094,1.00,name+party match (sim=1.00) [vote-boosted]
Kushtia 1,1,Md. Sahabul Islam,ds,Gono Odhikar Parishad (GOP),ds=0,Md. Shahabul Islam,tbs,Gono Odhikar Parishad (GOP),tbs=613,0.97,name+party match (sim=0.97)
Kushtia 1,1,Md. Shahabul Islam,dt,Gono Odhikar Parishad (GOP),dt=613,Md. Shahabul Islam,"ds,tbs",Gono Odhikar Parishad (GOP),ds=0; tbs=613,1.00,name+party match (sim=1.00) [vote-boosted]
Kushtia 1,1,Md. Gias Uddin,ds,Jatiya Samajtantrik Dal (JSD),ds=0,Md. Gias Uddin,tbs,Jatiya Samajtantrik Dal (JSD),tbs=203,1.00,name+party match (sim=1.00)
Kushtia 1,1,Dr. Md. Gias Uddin,dt,Jatiya Samajtantrik Dal (JSD),dt=203,Md. Gias Uddin,"ds,tbs",Jatiya Samajtantrik Dal (JSD),ds=0; tbs=203,1.00,name+party match (sim=1.00) [vote-boosted]
Kushtia 1,1,Muhommad Belal Uddin,ds,Bangladesh Jamaat-e-Islami (Jamaat),ds=86682,Md. Belal Uddin,tbs,Bangladesh Jamaat-e-Islami (Jamaat),tbs=86682,0.84,name+party match (sim=0.84) [vote-boosted]
Kushtia 1,1,Md. Belal Uddin,bss,Bangladesh Jamaat-e-Islami (Jamaat),bss=86682,Muhommad Belal Uddin,"ds,tbs",Bangladesh Jamaat-e-Islami (Jamaat),ds=86682; tbs=86682,0.84,name+party match (sim=0.84) [vote-boosted]
Kushtia 1,1,Md. Belal Uddin,dt,Bangladesh Jamaat-e-Islami (Jamaat),dt=86682,Muhommad Belal Uddin,"bss,ds,tbs",Bangladesh Jamaat-e-Islami (Jamaat),bss=86682; ds=86682; tbs=86682,0.84,name+party match (sim=0.84) [vote-boosted]
Kushtia 1,1,Md. Aminul Islam,ds,Islami Andolan Bangladesh (IAB),ds=0,Md. Aminul Islam,tbs,Islami Andolan Bangladesh (IAB),tbs=4063,1.00,name+party match (sim=1.00)
Kushtia 1,1,Md. Aminul Islam,dt,Islami Andolan Bangladesh (IAB),dt=4063,Md. Aminul Islam,"ds,tbs",Islami Andolan Bangladesh (IAB),ds=0; tbs=4063,1.00,name+party match (sim=1.00) [vote-boosted]
Kushtia 1,1,Md. Nuruzzaman,ds,Independent Candidate (Independent),ds=0,Md. Nuruzzaman,tbs,Independent Candidate (Independent),tbs=17864,1.00,name+party match (sim=1.00)
Kushtia 1,1,Md. Nuruzzaman,dt,Independent Candidate (Independent),dt=17864,Md. Nuruzzaman,"ds,tbs",Independent Candidate (Independent),ds=0; tbs=17864,1.00,name+party match (sim=1.00) [vote-boosted]
Kushtia 1,1,Reza Ahammed,ds,Bangladesh Nationalist Party (BNP),ds=165909,Reza Ahammed,tbs,Bangladesh Nationalist Party (BNP),tbs=165909,1.00,name+party match (sim=1.00) [vote-boosted]
Kushtia 1,1,Reza Ahmed,bss,Bangladesh Nationalist Party (BNP),bss=165909,Reza Ahammed,"ds,tbs",Bangladesh Nationalist Party (BNP),ds=165909; tbs=165909,0.91,name+party match (sim=0.91) [vote-boosted]
Kushtia 1,1,Reza Ahmed,dt,Bangladesh Nationalist Party (BNP),dt=165909,Reza Ahammed,"bss,ds,tbs",Bangladesh Nationalist Party (BNP),bss=165909; ds=165909; tbs=165909,0.91,name+party match (sim=0.91) [vote-boosted]
Kushtia 1,1,Md. Badiruzzaman,ds,Bangladesh Islami Front (BIF),ds=0,Moha Badiruzzaman,tbs,Bangladesh Islami Front (BIF),tbs=241,0.89,name+party match (sim=0.89)
Kushtia 1,1,Md. Badiruzzaman,dt,Bangladesh Islami Front (BIF),dt=241,Moha Badiruzzaman,"ds,tbs",Bangladesh Islami Front (BIF),ds=0; tbs=241,0.89,name+party match (sim=0.89) [vote-boosted]
Kushtia 2,1,Raghib Rauf Chowdhury,ds,Bangladesh Nationalist Party (BNP),ds=143821,Ragib Rauf Chowdhury,tbs,Bangladesh Nationalist Party (BNP),tbs=143821,0.98,name+party match (sim=0.98) [vote-boosted]
Kushtia 2,1,Ragib Rauf Chowdhury,bss,Bangladesh Nationalist Party (BNP),bss=143821,Raghib Rauf Chowdhury,"ds,tbs",Bangladesh Nationalist Party (BNP),ds=143821; tbs=143821,0.98,name+party match (sim=0.98) [vote-boosted]
Kushtia 2,1,Ragib Rauf Chowdhury,dt,Bangladesh Nationalist Party (BNP),dt=143821,Raghib Rauf Chowdhury,"bss,ds,tbs",Bangladesh Nationalist Party (BNP),bss=143821; ds=143821; tbs=143821,0.98,name+party match (sim=0.98) [vote-boosted]
Kushtia 2,1,Md. Ali,ds,Islami Andolan Bangladesh (IAB),ds=0,Md. Ali,tbs,Islami Andolan Bangladesh (IAB),tbs=3887,1.00,name+party match (sim=1.00)
Kushtia 2,1,Mohammad Ali,dt,Islami Andolan Bangladesh (IAB),dt=3887,Md. Ali,"ds,tbs",Islami Andolan Bangladesh (IAB),ds=0; tbs=3887,1.00,name+party match (sim=1.00) [vote-boosted]
Kushtia 2,1,Md. Babul Aktar,ds,Bangladesh Islami Front (BIF),ds=0,Md. Babul Akter,tbs,Bangladesh Islami Front (BIF),tbs=1123,1.00,name+party match (sim=1.00)
Kushtia 2,1,Md. Babul Akter,dt,Bangladesh Islami Front (BIF),dt=1123,Md. Babul Akter,"ds,tbs",Bangladesh Islami Front (BIF),ds=0; tbs=1123,1.00,name+party match (sim=1.00) [vote-boosted]
Kushtia 2,1,Noor Uddin Ahmed,ds,Communist Party of Bangladesh (CPB),ds=0,Nur Uddin Ahmed,tbs,Communist Party of Bangladesh (CPB),tbs=805,1.00,name+party match (sim=1.00)
Kushtia 2,1,Nur Uddin Ahmed,dt,Communist Party of Bangladesh (CPB),dt=805,Noor Uddin Ahmed,"ds,tbs",Communist Party of Bangladesh (CPB),ds=0; tbs=805,1.00,name+party match (sim=1.00) [vote-boosted]
Kushtia 2,1,Md. Abdul Gafur,ds,Bangladesh Jamaat-e-Islami (Jamaat),ds=192083,Md. Abdul Gafur,tbs,Bangladesh Jamaat-e-Islami (Jamaat),tbs=192083,1.00,name+party match (sim=1.00) [vote-boosted]
Kushtia 2,1,Md. Abdul Ghafoor,bss,Bangladesh Jamaat-e-Islami (Jamaat),bss=192083,Md. Abdul Gafur,"ds,tbs",Bangladesh Jamaat-e-Islami (Jamaat),ds=192083; tbs=192083,0.94,name+party match (sim=0.94) [vote-boosted]
Kushtia 2,1,Md. Abdul Gafur,dt,Bangladesh Jamaat-e-Islami (Jamaat),dt=192083,Md. Abdul Ghafoor,"bss,ds,tbs",Bangladesh Jamaat-e-Islami (Jamaat),bss=192083; ds=192083; tbs=192083,0.94,name+party match (sim=0.94) [vote-boosted]
Kushtia 3,1,Md. Amir Hamza,ds,Bangladesh Jamaat-e-Islami (Jamaat),ds=180690,Md. Amir Hamza,tbs,Bangladesh Jamaat-e-Islami (Jamaat),tbs=182476,1.00,name+party match (sim=1.00)
Kushtia 3,1,Md. Amir Hamza,bss,Bangladesh Jamaat-e-Islami (Jamaat),bss=182476,Md. Amir Hamza,"ds,tbs",Bangladesh Jamaat-e-Islami (Jamaat),ds=180690; tbs=182476,1.00,name+party match (sim=1.00) [vote-boosted]
Kushtia 3,1,Md. Amir Hamza,dt,Bangladesh Jamaat-e-Islami (Jamaat),dt=182476,Md. Amir Hamza,"bss,ds,tbs",Bangladesh Jamaat-e-Islami (Jamaat),bss=182476; ds=180690; tbs=182476,1.00,name+party match (sim=1.00) [vote-boosted]
Kushtia 3,1,Md. Abdullah Akhunda,ds,Islami Andolan Bangladesh (IAB),ds=0,Md. Abdullah Akhand,tbs,Islami Andolan Bangladesh (IAB),tbs=5153,1.00,name+party match (sim=1.00)
Kushtia 3,1,Md. Abdullah Akhand,dt,Islami Andolan Bangladesh (IAB),dt=5153,Md. Abdullah Akhunda,"ds,tbs",Islami Andolan Bangladesh (IAB),ds=0; tbs=5153,1.00,name+party match (sim=1.00) [vote-boosted]
Kushtia 3,1,Mir Najmul Islam,ds,Bangladesh Samajtantrik Dal (Basad),ds=0,Mir Nazmul Islam,tbs,Bangladesh Samajtantrik Dal (Basad),tbs=442,0.94,name+party match (sim=0.94)
Kushtia 3,1,Mir Nazmul Islam,dt,Bangladesh Samajtantrik Dal (Basad),dt=442,Mir Nazmul Islam,"ds,tbs",Bangladesh Samajtantrik Dal (Basad),ds=0; tbs=442,1.00,name+party match (sim=1.00) [vote-boosted]
Kushtia 3,1,Mohd. Shariful Islam,ds,Gono Odhikar Parishad (GOP),ds=0,Moha Shariful Islam,tbs,Gono Odhikar Parishad (GOP),tbs=299,0.95,name+party match (sim=0.95)
Kushtia 3,1,Md. Shariful Islam,dt,Gono Odhikar Parishad (GOP),dt=299,Mohd. Shariful Islam,"ds,tbs",Gono Odhikar Parishad (GOP),ds=0; tbs=299,0.95,name+party match (sim=0.95) [vote-boosted]
Kushtia 3,1,Md. Zakir Hossain Sarker,ds,Bangladesh Nationalist Party (BNP),ds=126909,Md. Zakir Hossain Sarkar,tbs,Bangladesh Nationalist Party (BNP),tbs=127559,1.00,name+party match (sim=1.00)
Kushtia 3,1,Md. Zakir Hossain Sarkar,bss,Bangladesh Nationalist Party (BNP),bss=127559,Md. Zakir Hossain Sarkar,"ds,tbs",Bangladesh Nationalist Party (BNP),ds=126909; tbs=127559,1.00,name+party match (sim=1.00) [vote-boosted]
Kushtia 3,1,Md. Zakir Hossain Sarkar,dt,Bangladesh Nationalist Party (BNP),dt=127559,Md. Zakir Hossain Sarkar,"bss,ds,tbs",Bangladesh Nationalist Party (BNP),bss=127559; ds=126909; tbs=127559,1.00,name+party match (sim=1.00) [vote-boosted]
Kushtia 3,1,Mst. Rumpa Khatun,ds,Bangladesh Republican Party (BRP),ds=0,Mosammat Rumpa Khatun,tbs,Bangladesh Republican Party (BRP),tbs=475,1.00,name+party match (sim=1.00)
Kushtia 3,1,Mosammat Rumpa Khatun,dt,Bangladesh Republican Party (BRP),dt=475,Mosammat Rumpa Khatun,"ds,tbs",Bangladesh Republican Party (BRP),ds=0; tbs=475,1.00,name+party match (sim=1.00) [vote-boosted]
Kushtia 4,1,Syed Mehdi Ahmed Roomy,ds,Bangladesh Nationalist Party (BNP),ds=139603,Syed Mehdi Ahmed Rumi,tbs,Bangladesh Nationalist Party (BNP),tbs=139603,0.96,name+party match (sim=0.96) [vote-boosted]
Kushtia 4,1,Syed Mehdi Ahmed Rumi,bss,Bangladesh Nationalist Party (BNP),bss=139603,Syed Mehdi Ahmed Roomy,"ds,tbs",Bangladesh Nationalist Party (BNP),ds=139603; tbs=139603,0.96,name+party match (sim=0.96) [vote-boosted]
Kushtia 4,1,Syed Mehdi Ahmed Rumi,dt,Bangladesh Nationalist Party (BNP),dt=139603,Syed Mehdi Ahmed Roomy,"bss,ds,tbs",Bangladesh Nationalist Party (BNP),bss=139603; ds=139603; tbs=139603,0.96,name+party match (sim=0.96) [vote-boosted]
Kushtia 4,1,Md. Afjal Hossain,ds,Bangladesh Jamaat-e-Islami (Jamaat),ds=148201,Md. Afzal Hossain,tbs,Bangladesh Jamaat-e-Islami (Jamaat),tbs=148201,0.94,name+party match (sim=0.94) [vote-boosted]
Kushtia 4,1,Md. Afzal Hossain,bss,Bangladesh Jamaat-e-Islami (Jamaat),bss=148201,Md. Afzal Hossain,"ds,tbs",Bangladesh Jamaat-e-Islami (Jamaat),ds=148201; tbs=148201,1.00,name+party match (sim=1.00) [vote-boosted]
Kushtia 4,1,Md. Afzal Hossain,dt,Bangladesh Jamaat-e-Islami (Jamaat),dt=148201,Md. Afzal Hossain,"bss,ds,tbs",Bangladesh Jamaat-e-Islami (Jamaat),bss=148201; ds=148201; tbs=148201,1.00,name+party match (sim=1.00) [vote-boosted]
Kushtia 4,1,Md. Abdul Hakim Mia,ds,Gono Forum (GF),ds=0,Md. Abdul Hakim Mia,tbs,Gono Forum (GF),tbs=255,1.00,name+party match (sim=1.00)
Kushtia 4,1,Anwar Khan,ds,Islami Andolan Bangladesh (IAB),ds=0,Anwar Khan,tbs,Islami Andolan Bangladesh (IAB),tbs=13739,1.00,name+party match (sim=1.00)
Kushtia 4,1,Anowar Khan,dt,Islami Andolan Bangladesh (IAB),dt=13739,Anwar Khan,"ds,tbs",Islami Andolan Bangladesh (IAB),ds=0; tbs=13739,1.00,name+party match (sim=1.00) [vote-boosted]
Kushtia 4,1,Tarun Kumar Ghosh,ds,Bangladesh Minority Janata Party (BMJP),ds=0,Tarun Kumar Ghosh,tbs,Bangladesh Minority Janata Party (BMJP),tbs=671,1.00,name+party match (sim=1.00)
Kushtia 4,1,Md. Sohidul Islam,ds,Bangladesh Labour Party,ds=0,Md. Shahidul Islam,tbs,Bangladesh Labour Party,tbs=308,0.95,name+party match (sim=0.95)
Kushtia 4,2,Md. Abdul Hakim Mia,dt,Jatiya Party (JaPa),dt=255,Md. Abdul Hakim Mia,"ds,tbs",Gono Forum (GF),ds=0; tbs=255,1.00,"name+votes match, party differs: Jatiya Party (JaPa) → Gono Forum (GF)"
Kushtia 4,2,Tarun Kumar Ghosh,dt,Jatiya Party (JaPa),dt=671,Tarun Kumar Ghosh,"ds,tbs",Bangladesh Minority Janata Party (BMJP),ds=0; tbs=671,1.00,"name+votes match, party differs: Jatiya Party (JaPa) → Bangladesh Minority Janata Party (BMJP)"
Kushtia 4,2,Md. Shahidul Islam,dt,Jatiya Party (JaPa),dt=308,Md. Shahidul Islam,"ds,tbs",Bangladesh Labour Party,ds=0; tbs=308,1.00,"name+votes match, party differs: Jatiya Party (JaPa) → Bangladesh Labour Party"
Lakshmipur 1,1,Md. Mahmudur Rahman Mahmud,ds,Jatiya Party (JaPa),ds=0,Md. Mahmudur Rahman Mahmud,tbs,Jatiya Party (JaPa),tbs=414,1.00,name+party match (sim=1.00)
Lakshmipur 1,1,Mohammad Mahmudur Rahman Mahmud,dt,Jatiya Party (JaPa),dt=414,Md. Mahmudur Rahman Mahmud,"ds,tbs",Jatiya Party (JaPa),ds=0; tbs=414,1.00,name+party match (sim=1.00) [vote-boosted]
Lakshmipur 1,1,Md. Kausar Alam,ds,Gono Odhikar Parishad (GOP),ds=0,Md. Kausar Alam,tbs,Gono Odhikar Parishad (GOP),tbs=106,1.00,name+party match (sim=1.00)
Lakshmipur 1,1,Md. Kawsar Alam,dt,Gono Odhikar Parishad (GOP),dt=115,Md. Kausar Alam,"ds,tbs",Gono Odhikar Parishad (GOP),ds=0; tbs=106,0.93,name+party match (sim=0.93)
Lakshmipur 1,1,Md. Shahadat Hossain,ds,Bangladesh Nationalist Party (BNP),ds=86811,Md. Shahadat Hossain,tbs,Bangladesh Nationalist Party (BNP),tbs=86811,1.00,name+party match (sim=1.00) [vote-boosted]
Lakshmipur 1,1,Md. Shahadat Hossain,bss,Bangladesh Nationalist Party (BNP),bss=86811,Md. Shahadat Hossain,"ds,tbs",Bangladesh Nationalist Party (BNP),ds=86811; tbs=86811,1.00,name+party match (sim=1.00) [vote-boosted]
Lakshmipur 1,1,Md. Shahadat Hossain,dt,Bangladesh Nationalist Party (BNP),dt=86811,Md. Shahadat Hossain,"bss,ds,tbs",Bangladesh Nationalist Party (BNP),bss=86811; ds=86811; tbs=86811,1.00,name+party match (sim=1.00) [vote-boosted]
Lakshmipur 1,1,Md. Billal Hossain,ds,Bangladesh Samajtantrik Dal (Basad),ds=0,Md. Billal Hossain,tbs,Bangladesh Samajtantrik Dal (Basad),tbs=203,1.00,name+party match (sim=1.00)
Lakshmipur 1,1,Md. Billal Hossain,dt,Bangladesh Samajtantrik Dal (Basad),dt=203,Md. Billal Hossain,"ds,tbs",Bangladesh Samajtantrik Dal (Basad),ds=0; tbs=203,1.00,name+party match (sim=1.00) [vote-boosted]
Lakshmipur 1,1,Md. Alamgir Hossain,ds,Nationalist Democratic Movement (NDM),ds=0,Md. Alamgir Hossain,tbs,Nationalist Democratic Movement (NDM),tbs=106,1.00,name+party match (sim=1.00)
Lakshmipur 1,1,Md. Alamgir Hossain,dt,Nationalist Democratic Movement (NDM),dt=106,Md. Alamgir Hossain,"ds,tbs",Nationalist Democratic Movement (NDM),ds=0; tbs=106,1.00,name+party match (sim=1.00) [vote-boosted]
Lakshmipur 1,1,Md. Zakir Hossain Patwary,ds,Islami Andolan Bangladesh (IAB),ds=0,Md. Zakir Hossain Patwari,tbs,Islami Andolan Bangladesh (IAB),tbs=11156,0.96,name+party match (sim=0.96)
Lakshmipur 1,1,Md. Zakir Hossain Patwary,dt,Islami Andolan Bangladesh (IAB),dt=11156,Md. Zakir Hossain Patwari,"ds,tbs",Islami Andolan Bangladesh (IAB),ds=0; tbs=11156,0.96,name+party match (sim=0.96) [vote-boosted]
Lakshmipur 1,1,Md. Mahbub Alam,ds,National Citizen Party (NCP),ds=59265,Md. Mahbub Alam,tbs,National Citizen Party (NCP),tbs=59265,1.00,name+party match (sim=1.00) [vote-boosted]
Lakshmipur 1,1,Md. Mahbub Alam,bss,National Citizen Party (NCP),bss=59265,Md. Mahbub Alam,"ds,tbs",National Citizen Party (NCP),ds=59265; tbs=59265,1.00,name+party match (sim=1.00) [vote-boosted]
Lakshmipur 1,1,Md. Mahbub Alam,dt,National Citizen Party (NCP),dt=59265,Md. Mahbub Alam,"bss,ds,tbs",National Citizen Party (NCP),bss=59265; ds=59265; tbs=59265,1.00,name+party match (sim=1.00) [vote-boosted]
Lakshmipur 2,1,Md. Ibrahim Mia,ds,Bangladesh Supreme Party (BSP),ds=0,Md. Ibrahim Mia,tbs,Bangladesh Supreme Party (BSP),tbs=1780,1.00,name+party match (sim=1.00)
Lakshmipur 2,1,Md. Ibrahim Mia,dt,Bangladesh Supreme Party (BSP),dt=1780,Md. Ibrahim Mia,"ds,tbs",Bangladesh Supreme Party (BSP),ds=0; tbs=1780,1.00,name+party match (sim=1.00) [vote-boosted]
Lakshmipur 2,1,Abul Bashar,ds,Gono Odhikar Parishad (GOP),ds=0,Abul Bashar,tbs,Gono Odhikar Parishad (GOP),tbs=424,1.00,name+party match (sim=1.00)
Lakshmipur 2,1,Abul Bashar,dt,Gono Odhikar Parishad (GOP),dt=424,Abul Bashar,"ds,tbs",Gono Odhikar Parishad (GOP),ds=0; tbs=424,1.00,name+party match (sim=1.00) [vote-boosted]
Lakshmipur 2,1,Md. Rezaul Karim,ds,Nagorik Oikya (NO),ds=0,Md. Rezaul Karim,tbs,Nagorik Oikya (NO),tbs=253,1.00,name+party match (sim=1.00)
Lakshmipur 2,1,Mohammad Rezaul Karim,dt,Nagorik Oikya (NO),dt=253,Md. Rezaul Karim,"ds,tbs",Nagorik Oikya (NO),ds=0; tbs=253,1.00,name+party match (sim=1.00) [vote-boosted]
Lakshmipur 2,1,Md. Farhad Mia,ds,Bangladesh Kallyan Party (BKP),ds=0,Md. Farhad Mia,tbs,Bangladesh Kallyan Party (BKP),tbs=288,1.00,name+party match (sim=1.00)
Lakshmipur 2,1,Md. Farhad Mia,dt,Bangladesh Kallyan Party (BKP),dt=288,Md. Farhad Mia,"ds,tbs",Bangladesh Kallyan Party (BKP),ds=0; tbs=288,1.00,name+party match (sim=1.00) [vote-boosted]
Lakshmipur 2,1,Md. Abul Khair Bhuiyan,ds,Bangladesh Nationalist Party (BNP),ds=146321,Md. Abul Khair Bhuiyan,tbs,Bangladesh Nationalist Party (BNP),tbs=146321,1.00,name+party match (sim=1.00) [vote-boosted]
Lakshmipur 2,1,Md. Abul Khair Bhuiyan,bss,Bangladesh Nationalist Party (BNP),bss=146321,Md. Abul Khair Bhuiyan,"ds,tbs",Bangladesh Nationalist Party (BNP),ds=146321; tbs=146321,1.00,name+party match (sim=1.00) [vote-boosted]
Lakshmipur 2,1,Md. Abul Khair Bhuiyan,dt,Bangladesh Nationalist Party (BNP),dt=146321,Md. Abul Khair Bhuiyan,"bss,ds,tbs",Bangladesh Nationalist Party (BNP),bss=146321; ds=146321; tbs=146321,1.00,name+party match (sim=1.00) [vote-boosted]
Lakshmipur 2,1,S. U. M. Ruhul Amin Bhuiyan,ds,Bangladesh Jamaat-e-Islami (Jamaat),ds=133698,S. U. M. Ruhul Amin Bhuiyan,tbs,Bangladesh Jamaat-e-Islami (Jamaat),tbs=133698,1.00,name+party match (sim=1.00) [vote-boosted]
Lakshmipur 2,1,"S, U, M, Ruhul Amin Bhuiyan",bss,Bangladesh Jamaat-e-Islami (Jamaat),bss=133698,S. U. M. Ruhul Amin Bhuiyan,"ds,tbs",Bangladesh Jamaat-e-Islami (Jamaat),ds=133698; tbs=133698,1.00,name+party match (sim=1.00) [vote-boosted]
Lakshmipur 2,1,S. U. M. Ruhul Amin Bhuiyan,dt,Bangladesh Jamaat-e-Islami (Jamaat),dt=133698,S. U. M. Ruhul Amin Bhuiyan,"bss,ds,tbs",Bangladesh Jamaat-e-Islami (Jamaat),bss=133698; ds=133698; tbs=133698,1.00,name+party match (sim=1.00) [vote-boosted]
Lakshmipur 2,1,Helal Uddin,ds,Islami Andolan Bangladesh (IAB),ds=0,Helal Uddin,tbs,Islami Andolan Bangladesh (IAB),tbs=6774,1.00,name+party match (sim=1.00)
Lakshmipur 2,1,Helal Uddin,dt,Islami Andolan Bangladesh (IAB),dt=6774,Helal Uddin,"ds,tbs",Islami Andolan Bangladesh (IAB),ds=0; tbs=6774,1.00,name+party match (sim=1.00) [vote-boosted]
Lakshmipur 3,1,Md. Shamsuddin,ds,Bangladesh Liberal Democratic Party (LDP),ds=0,Md. Shamsuddin,tbs,Bangladesh Liberal Democratic Party (LDP),tbs=488,1.00,name+party match (sim=1.00)
Lakshmipur 3,1,Md. Samsuddin,dt,Bangladesh Liberal Democratic Party (LDP),dt=488,Md. Shamsuddin,"ds,tbs",Bangladesh Liberal Democratic Party (LDP),ds=0; tbs=488,0.96,name+party match (sim=0.96) [vote-boosted]
Lakshmipur 3,1,Md. Ibrahim,ds,Islami Andolan Bangladesh (IAB),ds=0,Md. Ibrahim,tbs,Islami Andolan Bangladesh (IAB),tbs=5051,1.00,name+party match (sim=1.00)
Lakshmipur 3,1,Md. Ibrahim,dt,Islami Andolan Bangladesh (IAB),dt=5051,Md. Ibrahim,"ds,tbs",Islami Andolan Bangladesh (IAB),ds=0; tbs=5051,1.00,name+party match (sim=1.00) [vote-boosted]
Lakshmipur 3,1,Md. Rezaul Karim,ds,Bangladesh Jamaat-e-Islami (Jamaat),ds=122802,Md. Rezaul Karim,tbs,Bangladesh Jamaat-e-Islami (Jamaat),tbs=122802,1.00,name+party match (sim=1.00) [vote-boosted]
Lakshmipur 3,1,Md. Rezaul Karim,bss,Bangladesh Jamaat-e-Islami (Jamaat),bss=122802,Md. Rezaul Karim,"ds,tbs",Bangladesh Jamaat-e-Islami (Jamaat),ds=122802; tbs=122802,1.00,name+party match (sim=1.00) [vote-boosted]
Lakshmipur 3,1,Md. Rezaul Karim,dt,Bangladesh Jamaat-e-Islami (Jamaat),dt=122802,Md. Rezaul Karim,"bss,ds,tbs",Bangladesh Jamaat-e-Islami (Jamaat),bss=122802; ds=122802; tbs=122802,1.00,name+party match (sim=1.00) [vote-boosted]
Lakshmipur 3,1,Salim Mahmud,ds,National People's Party (NPP),ds=0,Salim Mahmud,tbs,National People's Party (NPP),tbs=289,1.00,name+party match (sim=1.00)
Lakshmipur 3,1,Selim Mahmud,dt,National People's Party (NPP),dt=289,Salim Mahmud,"ds,tbs",National People's Party (NPP),ds=0; tbs=289,1.00,name+party match (sim=1.00) [vote-boosted]
Lakshmipur 3,1,Md. Shahiduddin Chowdhury Annie,ds,Bangladesh Nationalist Party (BNP),ds=135612,Md. Shahid Uddin Chowdhury Anne,tbs,Bangladesh Nationalist Party (BNP),tbs=135612,1.00,name+party match (sim=1.00) [vote-boosted]
Lakshmipur 3,1,Md. Shahiduddin Chowdhury Annie,bss,Bangladesh Nationalist Party (BNP),bss=135612,Md. Shahid Uddin Chowdhury Anne,"ds,tbs",Bangladesh Nationalist Party (BNP),ds=135612; tbs=135612,1.00,name+party match (sim=1.00) [vote-boosted]
Lakshmipur 3,1,Md. Shahid Uddin Chowdhury Annie,dt,Bangladesh Nationalist Party (BNP),dt=135612,Md. Shahid Uddin Chowdhury Anne,"bss,ds,tbs",Bangladesh Nationalist Party (BNP),bss=135612; ds=135612; tbs=135612,1.00,name+party match (sim=1.00) [vote-boosted]
Lakshmipur 3,1,A. K. M. Mohi Uddin,ds,Jatiya Party (JaPa),ds=0,A. K. M. Mohi Uddin,tbs,Jatiya Party (JaPa),tbs=1339,1.00,name+party match (sim=1.00)
Lakshmipur 3,1,A. K. M. Mahi Uddin,dt,Jatiya Party (JaPa),dt=1139,A. K. M. Mohi Uddin,"ds,tbs",Jatiya Party (JaPa),ds=0; tbs=1339,1.00,name+party match (sim=1.00)
Lakshmipur 4,1,Milan Krishna Mandal,ds,Bangladesh Samajtantrik Dal (Basad),ds=0,Milan Krishna Mondal,tbs,Bangladesh Samajtantrik Dal (Basad),tbs=440,1.00,name+party match (sim=1.00)
Lakshmipur 4,1,Milon Krishna Mondol,dt,Bangladesh Samajtantrik Dal (Basad),dt=440,Milan Krishna Mondal,"ds,tbs",Bangladesh Samajtantrik Dal (Basad),ds=0; tbs=440,1.00,name+party match (sim=1.00) [vote-boosted]
Lakshmipur 4,1,A. B. M. Ashraf Uddin,ds,Bangladesh Nationalist Party (BNP),ds=115199,A. B. M. Ashraf Uddin Nizan,tbs,Bangladesh Nationalist Party (BNP),tbs=115199,0.88,name+party match (sim=0.88) [vote-boosted]
Lakshmipur 4,1,"A,B,M Ashraf Uddin (Nijan)",bss,Bangladesh Nationalist Party (BNP),bss=115199,A. B. M. Ashraf Uddin Nizan,"ds,tbs",Bangladesh Nationalist Party (BNP),ds=115199; tbs=115199,0.86,name+party match (sim=0.86) [vote-boosted]
Lakshmipur 4,1,A. B. M. Ashraf Uddin (Nizan),dt,Bangladesh Nationalist Party (BNP),dt=115199,A. B. M. Ashraf Uddin Nizan,"bss,ds,tbs",Bangladesh Nationalist Party (BNP),bss=115199; ds=115199; tbs=115199,0.88,name+party match (sim=0.88) [vote-boosted]
Lakshmipur 4,1,Md. Ashrafur Rahman Hafizullah,ds,Bangladesh Jamaat-e-Islami (Jamaat),ds=73756,Md. Ashrafur Rahman Hafizullah,tbs,Bangladesh Jamaat-e-Islami (Jamaat),tbs=73756,1.00,name+party match (sim=1.00) [vote-boosted]
Lakshmipur 4,1,Md. Ashrafur Rahman Hafizulya,bss,Bangladesh Jamaat-e-Islami (Jamaat),bss=73756,Md. Ashrafur Rahman Hafizullah,"ds,tbs",Bangladesh Jamaat-e-Islami (Jamaat),ds=73756; tbs=73756,0.95,name+party match (sim=0.95) [vote-boosted]
Lakshmipur 4,1,Md. Ashrafur Rahman Hafizullah,dt,Bangladesh Jamaat-e-Islami (Jamaat),dt=73756,Md. Ashrafur Rahman Hafizullah,"bss,ds,tbs",Bangladesh Jamaat-e-Islami (Jamaat),bss=73756; ds=73756; tbs=73756,1.00,name+party match (sim=1.00) [vote-boosted]
Lakshmipur 4,1,Tania Robb,ds,Jatiya Samajtantrik Dal (JSD),ds=0,Tania Rob,tbs,Jatiya Samajtantrik Dal (JSD),tbs=22040,0.95,name+party match (sim=0.95)
Lakshmipur 4,1,Tania Rob,dt,Jatiya Samajtantrik Dal (JSD),dt=22040,Tania Robb,"ds,tbs",Jatiya Samajtantrik Dal (JSD),ds=0; tbs=22040,0.95,name+party match (sim=0.95) [vote-boosted]
Lakshmipur 4,1,Khaled Saifullah,ds,Islami Andolan Bangladesh (IAB),ds=0,Khaled Saifullah,tbs,Islami Andolan Bangladesh (IAB),tbs=21103,1.00,name+party match (sim=1.00)
Lakshmipur 4,1,Khaled Saifullah,dt,Islami Andolan Bangladesh (IAB),dt=21103,Khaled Saifullah,"ds,tbs",Islami Andolan Bangladesh (IAB),ds=0; tbs=21103,1.00,name+party match (sim=1.00) [vote-boosted]
Lakshmipur 4,1,Anam Manzoor Morshed,ds,Independent Candidate (Independent),ds=0,Anm Manzoor Morshed,tbs,Independent Candidate (Independent),tbs=396,1.00,name+party match (sim=1.00)
Lakshmipur 4,1,A. N. M. Manjur Morshed,dt,Independent Candidate (Independent),dt=396,Anam Manzoor Morshed,"ds,tbs",Independent Candidate (Independent),ds=0; tbs=396,0.91,name+party match (sim=0.91) [vote-boosted]
Lakshmipur 4,1,Nurul Huda Chowdhury,ds,Independent Candidate (Independent),ds=0,Nurul Huda Chowdhury,tbs,Independent Candidate (Independent),tbs=422,1.00,name+party match (sim=1.00)
Lakshmipur 4,1,Nurul Huda Chowdhury,dt,Independent Candidate (Independent),dt=422,Nurul Huda Chowdhury,"ds,tbs",Independent Candidate (Independent),ds=0; tbs=422,1.00,name+party match (sim=1.00) [vote-boosted]
Lakshmipur 4,1,Md. Redwan Ullah,ds,Gono Odhikar Parishad (GOP),ds=0,Md. Redwan Ullah,tbs,Gono Odhikar Parishad (GOP),tbs=259,1.00,name+party match (sim=1.00)
Lakshmipur 4,1,Md. Redowan Ullah,dt,Gono Odhikar Parishad (GOP),dt=259,Md. Redwan Ullah,"ds,tbs",Gono Odhikar Parishad (GOP),ds=0; tbs=259,1.00,name+party match (sim=1.00) [vote-boosted]
Lakshmipur 4,1,Sharaf Uddin Azad,dt,Independent Candidate (Independent),dt=411,Sharaf Uddin Azad,ds,Independent Candidate (Independent),ds=0,1.00,name+party match (sim=1.00)
Lalmonirhat 1,1,Md. Anwarul Islam Raju,ds,Bangladesh Jamaat-e-Islami (Jamaat),ds=129572,Anowarul Islam Razu,tbs,Bangladesh Jamaat-e-Islami (Jamaat),tbs=129572,0.83,name+party match (sim=0.83) [vote-boosted]
Lalmonirhat 1,1,Md. Anwarul Islam Raju,bss,Bangladesh Jamaat-e-Islami (Jamaat),bss=129572,Md. Anwarul Islam Raju,"ds,tbs",Bangladesh Jamaat-e-Islami (Jamaat),ds=129572; tbs=129572,1.00,name+party match (sim=1.00) [vote-boosted]
Lalmonirhat 1,1,Md. Anwarul Islam Raju,dt,Bangladesh Jamaat-e-Islami (Jamaat),dt=129572,Md. Anwarul Islam Raju,"bss,ds,tbs",Bangladesh Jamaat-e-Islami (Jamaat),bss=129572; ds=129572; tbs=129572,1.00,name+party match (sim=1.00) [vote-boosted]
Lalmonirhat 1,1,Md. Hasan Rajib Prodhan,ds,Bangladesh Nationalist Party (BNP),ds=138686,Md. Hasan Razib Prodhan,tbs,Bangladesh Nationalist Party (BNP),tbs=138686,0.96,name+party match (sim=0.96) [vote-boosted]
Lalmonirhat 1,1,Md Hasan Rajeev Pradhan,bss,Bangladesh Nationalist Party (BNP),bss=138686,Md. Hasan Razib Prodhan,"ds,tbs",Bangladesh Nationalist Party (BNP),ds=138686; tbs=138686,0.85,name+party match (sim=0.85) [vote-boosted]
Lalmonirhat 1,1,Md. Hasan Rajib Pradhan,dt,Bangladesh Nationalist Party (BNP),dt=138686,Md. Hasan Razib Prodhan,"bss,ds,tbs",Bangladesh Nationalist Party (BNP),bss=138686; ds=138686; tbs=138686,0.92,name+party match (sim=0.92) [vote-boosted]
Lalmonirhat 1,1,Abu Sama Md. Redwanul Haque,dt,Independent Candidate (Independent),dt=191,Abu Sama Md. Redwanul Haque,ds,Independent Candidate (Independent),ds=0,1.00,name+party match (sim=1.00)
Lalmonirhat 1,1,Habib Md. Faruk,dt,Jatiya Samajtantrik Dal (JSD),dt=226,Habib Md. Farooq,ds,Jatiya Samajtantrik Dal (JSD),ds=0,0.88,name+party match (sim=0.88)
Lalmonirhat 1,1,Md. Moshiur Rahman Ranga,dt,Jatiya Party (JaPa),dt=5158,Md. Mashiur Rahman Ranga,ds,Jatiya Party (JaPa),ds=0,1.00,name+party match (sim=1.00)
Lalmonirhat 1,1,Md. Rezaul Karim Sarkar,dt,Independent Candidate (Independent),dt=804,Md. Rezaul Karim Sarkar,ds,Independent Candidate (Independent),ds=0,1.00,name+party match (sim=1.00)
Lalmonirhat 1,1,Md. Shubho Ahmed,dt,Bangladesh Labour Party,dt=143,Md. Shuvo Ahmed,ds,Bangladesh Labour Party,ds=0,0.90,name+party match (sim=0.90)
Lalmonirhat 1,1,Muhammad Fazlul Karim Shaharia,dt,Islami Andolan Bangladesh (IAB),dt=2242,Md. Fazlul Karim Shaharia,ds,Islami Andolan Bangladesh (IAB),ds=0,1.00,name+party match (sim=1.00)
Lalmonirhat 1,1,Shihab Ahmed,dt,Independent Candidate (Independent),dt=7959,Shihab Ahmed,ds,Independent Candidate (Independent),ds=0,1.00,name+party match (sim=1.00)
Lalmonirhat 2,1,Md. Firoz Haider,ds,Bangladesh Jamaat-e-Islami (Jamaat),ds=117252,Md. Firoz Haidar,tbs,Bangladesh Jamaat-e-Islami (Jamaat),tbs=107886,1.00,name+party match (sim=1.00)
Lalmonirhat 2,1,Md. Feroz Haider,bss,Bangladesh Jamaat-e-Islami (Jamaat),bss=6694,Md. Firoz Haidar,"ds,tbs",Bangladesh Jamaat-e-Islami (Jamaat),ds=117252; tbs=107886,1.00,name+party match (sim=1.00)
Lalmonirhat 2,1,Md. Firoz Haider,dt,Bangladesh Jamaat-e-Islami (Jamaat),dt=116236,Md. Firoz Haidar,"bss,ds,tbs",Bangladesh Jamaat-e-Islami (Jamaat),bss=6694; ds=117252; tbs=107886,1.00,name+party match (sim=1.00)
Lalmonirhat 2,1,Md. Rokon Uddin Babul,ds,Bangladesh Nationalist Party (BNP),ds=123946,Md. Rokon Uddin Babul,tbs,Bangladesh Nationalist Party (BNP),tbs=118359,1.00,name+party match (sim=1.00)
Lalmonirhat 2,1,Md. Rokon Uddin Babul,bss,Bangladesh Nationalist Party (BNP),bss=123946,Md. Rokon Uddin Babul,"ds,tbs",Bangladesh Nationalist Party (BNP),ds=123946; tbs=118359,1.00,name+party match (sim=1.00) [vote-boosted]
Lalmonirhat 2,1,Md. Rokon Uddin Babul,dt,Bangladesh Nationalist Party (BNP),dt=123343,Md. Rokon Uddin Babul,"bss,ds,tbs",Bangladesh Nationalist Party (BNP),bss=123946; ds=123946; tbs=118359,1.00,name+party match (sim=1.00)
Lalmonirhat 2,1,Md. Elahan Uddin,dt,Jatiya Party (JaPa),dt=0,Md. Elahan Uddin,ds,Jatiya Party (JaPa),ds=0,1.00,name+party match (sim=1.00)
Lalmonirhat 2,1,Md. Mahfuzur Rahman,dt,Islami Andolan Bangladesh (IAB),dt=0,Md. Mahfuzur Rahman,ds,Islami Andolan Bangladesh (IAB),ds=0,1.00,name+party match (sim=1.00)
Lalmonirhat 2,1,Md. Momtaz Ali,dt,Independent Candidate (Independent),dt=0,Md. Momtaz Ali,ds,Independent Candidate (Independent),ds=0,1.00,name+party match (sim=1.00)
Lalmonirhat 2,1,Md. Shamim Kamal,dt,Janotar Dol,dt=0,Md. Shamim Kamal,ds,Janotar Dol,ds=0,1.00,name+party match (sim=1.00)
Lalmonirhat 2,1,Nimai Chandra Roy,dt,Communist Party of Bangladesh (CPB),dt=0,Nimai Chandra Roy,ds,Communist Party of Bangladesh (CPB),ds=0,1.00,name+party match (sim=1.00)
Lalmonirhat 3,1,Asadul Habib Dulu,ds,Bangladesh Nationalist Party (BNP),ds=139651,Asadul Habib Dulu,tbs,Bangladesh Nationalist Party (BNP),tbs=139651,1.00,name+party match (sim=1.00) [vote-boosted]
Lalmonirhat 3,1,Asadul Habib Dulu,bss,Bangladesh Nationalist Party (BNP),bss=139657,Asadul Habib Dulu,"ds,tbs",Bangladesh Nationalist Party (BNP),ds=139651; tbs=139651,1.00,name+party match (sim=1.00)
Lalmonirhat 3,1,Asadul Habib Dulu,dt,Bangladesh Nationalist Party (BNP),dt=138691,Asadul Habib Dulu,"bss,ds,tbs",Bangladesh Nationalist Party (BNP),bss=139657; ds=139651; tbs=139651,1.00,name+party match (sim=1.00)
Lalmonirhat 3,1,Md. Abu Taher,ds,Bangladesh Jamaat-e-Islami (Jamaat),ds=56244,Md. Abu Taher,tbs,Bangladesh Jamaat-e-Islami (Jamaat),tbs=56244,1.00,name+party match (sim=1.00) [vote-boosted]
Lalmonirhat 3,1,Md. Abu Taher,bss,Bangladesh Jamaat-e-Islami (Jamaat),bss=56244,Md. Abu Taher,"ds,tbs",Bangladesh Jamaat-e-Islami (Jamaat),ds=56244; tbs=56244,1.00,name+party match (sim=1.00) [vote-boosted]
Lalmonirhat 3,1,Md. Abu Taher,dt,Bangladesh Jamaat-e-Islami (Jamaat),dt=56244,Md. Abu Taher,"bss,ds,tbs",Bangladesh Jamaat-e-Islami (Jamaat),bss=56244; ds=56244; tbs=56244,1.00,name+party match (sim=1.00) [vote-boosted]
Lalmonirhat 3,1,Dipak Kumar Roy,dt,Ganosanhati Andolan (GSA),dt=427,Deepak Kumar Roy,ds,Ganosanhati Andolan (GSA),ds=0,1.00,name+party match (sim=1.00)
Lalmonirhat 3,1,Madhu Sudan Roy,dt,Communist Party of Bangladesh (CPB),dt=861,Madhu Sudan Roy,ds,Communist Party of Bangladesh (CPB),ds=0,1.00,name+party match (sim=1.00)
Lalmonirhat 3,1,Md. Aminul Islam,dt,Islami Andolan Bangladesh (IAB),dt=3283,Md. Aminul Islam,ds,Islami Andolan Bangladesh (IAB),ds=0,1.00,name+party match (sim=1.00)
Lalmonirhat 3,1,Md. Zahid Hasan,dt,Jatiya Party (JaPa),dt=2150,Md. Zahid Hasan,ds,Jatiya Party (JaPa),ds=0,1.00,name+party match (sim=1.00)
Madaripur 1,1,Rajib Molla,ds,Gono Odhikar Parishad (GOP),ds=0,Rajib Molla,tbs,Gono Odhikar Parishad (GOP),tbs=3026,1.00,name+party match (sim=1.00)
Madaripur 1,1,Rajib Mollah,dt,Gono Odhikar Parishad (GOP),dt=3026,Rajib Molla,"ds,tbs",Gono Odhikar Parishad (GOP),ds=0; tbs=3026,1.00,name+party match (sim=1.00) [vote-boosted]
Madaripur 1,1,Kamal Zaman Molla,ds,Independent Candidate (Independent),ds=0,Kamal Zaman Molla,tbs,Independent Candidate (Independent),tbs=36564,1.00,name+party match (sim=1.00)
Madaripur 1,1,Kamal Zaman Mollah,dt,Independent Candidate (Independent),dt=36564,Kamal Zaman Molla,"ds,tbs",Independent Candidate (Independent),ds=0; tbs=36564,1.00,name+party match (sim=1.00) [vote-boosted]
Madaripur 1,1,Nadira Akhter,ds,Bangladesh Nationalist Party (BNP),ds=64524,Nadira Akhter,tbs,Bangladesh Nationalist Party (BNP),tbs=64524,1.00,name+party match (sim=1.00) [vote-boosted]
Madaripur 1,1,Nadira Akhter,bss,Bangladesh Nationalist Party (BNP),bss=64524,Nadira Akhter,"ds,tbs",Bangladesh Nationalist Party (BNP),ds=64524; tbs=64524,1.00,name+party match (sim=1.00) [vote-boosted]
Madaripur 1,1,Nadira Akter,dt,Bangladesh Nationalist Party (BNP),dt=64524,Nadira Akhter,"bss,ds,tbs",Bangladesh Nationalist Party (BNP),bss=64524; ds=64524; tbs=64524,1.00,name+party match (sim=1.00) [vote-boosted]
Madaripur 1,1,Abdul Ali,ds,Communist Party of Bangladesh (CPB),ds=0,Abdul Ali,tbs,Communist Party of Bangladesh (CPB),tbs=208,1.00,name+party match (sim=1.00)
Madaripur 1,1,Abdul Ali,dt,Communist Party of Bangladesh (CPB),dt=208,Abdul Ali,"ds,tbs",Communist Party of Bangladesh (CPB),ds=0; tbs=208,1.00,name+party match (sim=1.00) [vote-boosted]
Madaripur 1,1,Akram Hossain,ds,Islami Andolan Bangladesh (IAB),ds=0,Akram Hossain,tbs,Islami Andolan Bangladesh (IAB),tbs=6205,1.00,name+party match (sim=1.00)
Madaripur 1,1,Akram Hossain,dt,Islami Andolan Bangladesh (IAB),dt=6205,Akram Hossain,"ds,tbs",Islami Andolan Bangladesh (IAB),ds=0; tbs=6205,1.00,name+party match (sim=1.00) [vote-boosted]
Madaripur 1,1,Sajjad Hossain Siddiqui,ds,Independent Candidate (Independent),ds=0,Sajjad Hossain Siddiqui,tbs,Independent Candidate (Independent),tbs=3059,1.00,name+party match (sim=1.00)
Madaripur 1,1,Sazzad Hossain Siddiquee,dt,Independent Candidate (Independent),dt=3059,Sajjad Hossain Siddiqui,"ds,tbs",Independent Candidate (Independent),ds=0; tbs=3059,0.85,name+party match (sim=0.85) [vote-boosted]
Madaripur 1,1,Md. Imran Hasan,ds,Independent Candidate (Independent),ds=0,Md. Imran Hasan,tbs,Independent Candidate (Independent),tbs=247,1.00,name+party match (sim=1.00)
Madaripur 1,1,Md. Imran Hasan,dt,Independent Candidate (Independent),dt=247,Md. Imran Hasan,"ds,tbs",Independent Candidate (Independent),ds=0; tbs=247,1.00,name+party match (sim=1.00) [vote-boosted]
Madaripur 1,1,Md. Zahirul Islam Mintu,ds,Jatiya Party (JaPa),ds=0,Md. Zahirul Islam Mintu,tbs,Jatiya Party (JaPa),tbs=180,1.00,name+party match (sim=1.00)
Madaripur 1,1,Mohammad Jahirul Islam Mintu,dt,Jatiya Party (JaPa),dt=180,Md. Zahirul Islam Mintu,"ds,tbs",Jatiya Party (JaPa),ds=0; tbs=180,0.96,name+party match (sim=0.96) [vote-boosted]
Madaripur 1,1,Md. Hafizur Rahman,ds,Bangladesh Labour Party,ds=0,Md. Hafizur Rahman,tbs,Bangladesh Labour Party,tbs=69,1.00,name+party match (sim=1.00)
Madaripur 1,1,Md. Hafizur Rahman,dt,Bangladesh Labour Party,dt=69,Md. Hafizur Rahman,"ds,tbs",Bangladesh Labour Party,ds=0; tbs=69,1.00,name+party match (sim=1.00) [vote-boosted]
Madaripur 1,1,Sayed Uddin Ahmad Hanzala,ds,Khelafat Majlis,ds=64909,Sayed Uddin Ahmad Hanzala,tbs,Khelafat Majlis,tbs=64909,1.00,name+party match (sim=1.00) [vote-boosted]
Madaripur 1,1,Syed Uddin Ahmad Hanzala,bss,Khelafat Majlis,bss=64909,Sayed Uddin Ahmad Hanzala,"ds,tbs",Khelafat Majlis,ds=64909; tbs=64909,1.00,name+party match (sim=1.00) [vote-boosted]
Madaripur 1,1,Said Uddin Ahmad Hanzala,dt,Khelafat Majlis,dt=64909,Sayed Uddin Ahmad Hanzala,"bss,ds,tbs",Khelafat Majlis,bss=64909; ds=64909; tbs=64909,0.96,name+party match (sim=0.96) [vote-boosted]
Madaripur 2,1,Md. Mohidul Islam,ds,Jatiya Party (JaPa),ds=0,Md. Mohidul Islam,tbs,Jatiya Party (JaPa),tbs=646,1.00,name+party match (sim=1.00)
Madaripur 2,1,Md. Mahidul Islam,dt,Jatiya Party (JaPa),dt=646,Md. Mohidul Islam,"ds,tbs",Jatiya Party (JaPa),ds=0; tbs=646,1.00,name+party match (sim=1.00) [vote-boosted]
Madaripur 2,1,Abdus Sobahan,ds,Khelafat Majlis,ds=0,Abdus Sobhan,tbs,Khelafat Majlis,tbs=36169,1.00,name+party match (sim=1.00)
Madaripur 2,1,Abdus Sobahan,dt,Khelafat Majlis,dt=36169,Abdus Sobahan,"ds,tbs",Khelafat Majlis,ds=0; tbs=36169,1.00,name+party match (sim=1.00) [vote-boosted]
Madaripur 2,1,Md. Jahandar Ali Mia,ds,Bangladesh Nationalist Party (BNP),ds=61744,Md. Jahandar Ali Mia,tbs,Bangladesh Nationalist Party (BNP),tbs=61744,1.00,name+party match (sim=1.00) [vote-boosted]
Madaripur 2,1,Md. Jahandar Ali Mia,bss,Bangladesh Nationalist Party (BNP),bss=61744,Md. Jahandar Ali Mia,"ds,tbs",Bangladesh Nationalist Party (BNP),ds=61744; tbs=61744,1.00,name+party match (sim=1.00) [vote-boosted]
Madaripur 2,1,Md. Jahandar Ali Mia,dt,Bangladesh Nationalist Party (BNP),dt=61744,Md. Jahandar Ali Mia,"bss,ds,tbs",Bangladesh Nationalist Party (BNP),bss=61744; ds=61744; tbs=61744,1.00,name+party match (sim=1.00) [vote-boosted]
Madaripur 2,1,Subal Chandra Majumder,ds,Bangladesh Kallyan Party (BKP),ds=0,Subal Chandra Majumder,tbs,Bangladesh Kallyan Party (BKP),tbs=301,1.00,name+party match (sim=1.00)
Madaripur 2,1,Subal Chandra Majumder,dt,Bangladesh Kallyan Party (BKP),dt=301,Subal Chandra Majumder,"ds,tbs",Bangladesh Kallyan Party (BKP),ds=0; tbs=301,1.00,name+party match (sim=1.00) [vote-boosted]
Madaripur 2,1,Ali Ahmad Chowdhury,ds,Islami Andolan Bangladesh (IAB),ds=0,Ali Ahmed Chowdhury,tbs,Islami Andolan Bangladesh (IAB),tbs=16865,1.00,name+party match (sim=1.00)
Madaripur 2,1,Ali Ahmad Chowdhury,dt,Islami Andolan Bangladesh (IAB),dt=16865,Ali Ahmed Chowdhury,"ds,tbs",Islami Andolan Bangladesh (IAB),ds=0; tbs=16865,1.00,name+party match (sim=1.00) [vote-boosted]
Madaripur 2,1,Md. Reazul Islam,ds,Independent Candidate (Independent),ds=0,Md. Reazul Islam,tbs,Independent Candidate (Independent),tbs=2779,1.00,name+party match (sim=1.00)
Madaripur 2,1,Md. Kamrul Islam Saeed,dt,Independent Candidate (Independent),dt=14519,Md. Reazul Islam,"ds,tbs",Independent Candidate (Independent),ds=0; tbs=2779,0.74,name+party match (sim=0.74)
Madaripur 2,1,Muha Kamrul Islam Sayed,ds,Independent Candidate (Independent),ds=0,Md. Kamrul Islam Sayed,tbs,Independent Candidate (Independent),tbs=14519,0.92,name+party match (sim=0.92)
Madaripur 2,1,Milton Baidya,ds,Independent Candidate (Independent),ds=46476,Milton Baidya,tbs,Independent Candidate (Independent),tbs=46476,1.00,name+party match (sim=1.00) [vote-boosted]
Madaripur 2,1,Milton baiddo,bss,Independent Candidate (Independent),bss=46476,Milton Baidya,"ds,tbs",Independent Candidate (Independent),ds=46476; tbs=46476,0.86,name+party match (sim=0.86) [vote-boosted]
Madaripur 2,1,Milton Baidya,dt,Independent Candidate (Independent),dt=46476,Milton Baidya,"bss,ds,tbs",Independent Candidate (Independent),bss=46476; ds=46476; tbs=46476,1.00,name+party match (sim=1.00) [vote-boosted]
Madaripur 2,1,Shahidul Islam Khan,ds,Independent Candidate (Independent),ds=0,Sahidul Islam Khan,tbs,Independent Candidate (Independent),tbs=6043,0.97,name+party match (sim=0.97)
Madaripur 2,1,Shahidul Islam Khan,dt,Independent Candidate (Independent),dt=6043,Shahidul Islam Khan,"ds,tbs",Independent Candidate (Independent),ds=0; tbs=6043,1.00,name+party match (sim=1.00) [vote-boosted]
Madaripur 2,1,Mohammad Didar Hossain,dt,Socialist Party of Bangladesh (Marxist) (SPB-M),dt=128,Md. Didar Hossain,ds,Socialist Party of Bangladesh (Marxist) (SPB-M),ds=0,1.00,name+party match (sim=1.00)
Madaripur 2,2,Md. Didar Hossain,tbs,Bangladesh Samajtantrik Dal (Basad),tbs=128,Mohammad Didar Hossain,"ds,dt",Socialist Party of Bangladesh (Marxist) (SPB-M),ds=0; dt=128,1.00,"name+votes match, party differs: Bangladesh Samajtantrik Dal (Basad) → Socialist Party of Bangladesh (Marxist) (SPB-M)"
Madaripur 3,1,Md. Azizul Haque,ds,Islami Andolan Bangladesh (IAB),ds=0,Md. Azizul Haque,tbs,Islami Andolan Bangladesh (IAB),tbs=13058,1.00,name+party match (sim=1.00)
Madaripur 3,1,Md. Azizul Haque,dt,Islami Andolan Bangladesh (IAB),dt=13058,Md. Azizul Haque,"ds,tbs",Islami Andolan Bangladesh (IAB),ds=0; tbs=13058,1.00,name+party match (sim=1.00) [vote-boosted]
Madaripur 3,1,Nitai Chakraborty,ds,Bangladesh Supreme Party (BSP),ds=0,Nitai Chakrabarty,tbs,Bangladesh Supreme Party (BSP),tbs=2507,1.00,name+party match (sim=1.00)
Madaripur 3,1,Nitai Chakraborty,dt,Bangladesh Supreme Party (BSP),dt=2507,Nitai Chakrabarty,"ds,tbs",Bangladesh Supreme Party (BSP),ds=0; tbs=2507,1.00,name+party match (sim=1.00) [vote-boosted]
Madaripur 3,1,Anisur Rahman,ds,Bangladesh Nationalist Party (BNP),ds=96188,Anisur Rahman,tbs,Bangladesh Nationalist Party (BNP),tbs=96188,1.00,name+party match (sim=1.00) [vote-boosted]
Madaripur 3,1,Anishur Rahman,bss,Bangladesh Nationalist Party (BNP),bss=96188,Anisur Rahman,"ds,tbs",Bangladesh Nationalist Party (BNP),ds=96188; tbs=96188,0.96,name+party match (sim=0.96) [vote-boosted]
Madaripur 3,1,Anisur Rahman,dt,Bangladesh Nationalist Party (BNP),dt=96188,Anishur Rahman,"bss,ds,tbs",Bangladesh Nationalist Party (BNP),bss=96188; ds=96188; tbs=96188,0.96,name+party match (sim=0.96) [vote-boosted]
Madaripur 3,1,Aminul Islam,ds,Bangladesh Samajtantrik Dal (Basad),ds=0,Aminul Islam,tbs,Bangladesh Samajtantrik Dal (Basad),tbs=363,1.00,name+party match (sim=1.00)
Madaripur 3,1,Aminul Islam,dt,Bangladesh Samajtantrik Dal (Basad),dt=363,Aminul Islam,"ds,tbs",Bangladesh Samajtantrik Dal (Basad),ds=0; tbs=363,1.00,name+party match (sim=1.00) [vote-boosted]
Madaripur 3,1,Md. Rafiqul Islam,ds,Bangladesh Jamaat-e-Islami (Jamaat),ds=84646,Md. Rafiqul Islam,tbs,Bangladesh Jamaat-e-Islami (Jamaat),tbs=84646,1.00,name+party match (sim=1.00) [vote-boosted]
Madaripur 3,1,Md. Rafiqul Islam,bss,Bangladesh Jamaat-e-Islami (Jamaat),bss=84646,Md. Rafiqul Islam,"ds,tbs",Bangladesh Jamaat-e-Islami (Jamaat),ds=84646; tbs=84646,1.00,name+party match (sim=1.00) [vote-boosted]
Madaripur 3,1,Md. Rafiqul Islam,dt,Bangladesh Jamaat-e-Islami (Jamaat),dt=84646,Md. Rafiqul Islam,"bss,ds,tbs",Bangladesh Jamaat-e-Islami (Jamaat),bss=84646; ds=84646; tbs=84646,1.00,name+party match (sim=1.00) [vote-boosted]
Magura 1,1,Abdul Matin,ds,Bangladesh Jamaat-e-Islami (Jamaat),ds=89691,Abdul Matin,tbs,Bangladesh Jamaat-e-Islami (Jamaat),tbs=89691,1.00,name+party match (sim=1.00) [vote-boosted]
Magura 1,1,Abdul Mateen,bss,Bangladesh Jamaat-e-Islami (Jamaat),bss=89691,Abdul Matin,"ds,tbs",Bangladesh Jamaat-e-Islami (Jamaat),ds=89691; tbs=89691,1.00,name+party match (sim=1.00) [vote-boosted]
Magura 1,1,Abdul Matin,dt,Bangladesh Jamaat-e-Islami (Jamaat),dt=89691,Abdul Mateen,"bss,ds,tbs",Bangladesh Jamaat-e-Islami (Jamaat),bss=89691; ds=89691; tbs=89691,1.00,name+party match (sim=1.00) [vote-boosted]
Magura 1,1,Md. Nazirul Islam,ds,Islami Andolan Bangladesh (IAB),ds=13414,Md. Nazirul Islam,tbs,Islami Andolan Bangladesh (IAB),tbs=13414,1.00,name+party match (sim=1.00) [vote-boosted]
Magura 1,1,Md. Nazirul Islam,dt,Islami Andolan Bangladesh (IAB),dt=13414,Md. Nazirul Islam,"ds,tbs",Islami Andolan Bangladesh (IAB),ds=13414; tbs=13414,1.00,name+party match (sim=1.00) [vote-boosted]
Magura 1,1,Md. Khalilur Rahman,ds,Gono Odhikar Parishad (GOP),ds=292,Md. Khalilur Rahman,tbs,Gono Odhikar Parishad (GOP),tbs=292,1.00,name+party match (sim=1.00) [vote-boosted]
Magura 1,1,Md. Khalilur Rahman,dt,Gono Odhikar Parishad (GOP),dt=292,Md. Khalilur Rahman,"ds,tbs",Gono Odhikar Parishad (GOP),ds=292; tbs=292,1.00,name+party match (sim=1.00) [vote-boosted]
Magura 1,1,Md. Monowar Hossain,ds,Bangladesh Nationalist Party (BNP),ds=185338,Md. Monowar Hossain,tbs,Bangladesh Nationalist Party (BNP),tbs=185338,1.00,name+party match (sim=1.00) [vote-boosted]
Magura 1,1,Md. Monowar Hossain,bss,Bangladesh Nationalist Party (BNP),bss=185338,Md. Monowar Hossain,"ds,tbs",Bangladesh Nationalist Party (BNP),ds=185338; tbs=185338,1.00,name+party match (sim=1.00) [vote-boosted]
Magura 1,1,Md. Monowar Hossain,dt,Bangladesh Nationalist Party (BNP),dt=185338,Md. Monowar Hossain,"bss,ds,tbs",Bangladesh Nationalist Party (BNP),bss=185338; ds=185338; tbs=185338,1.00,name+party match (sim=1.00) [vote-boosted]
Magura 1,1,Kazi Rezaul Hossain,ds,Bangladesh Congress,ds=821,Kazi Rezaul Hossain,tbs,Bangladesh Congress,tbs=821,1.00,name+party match (sim=1.00) [vote-boosted]
Magura 1,1,Kazi Rezaul Hossain,dt,Bangladesh Congress,dt=821,Kazi Rezaul Hossain,"ds,tbs",Bangladesh Congress,ds=821; tbs=821,1.00,name+party match (sim=1.00) [vote-boosted]
Magura 1,1,Md. Zakir Hossain Molla,ds,Jatiya Party (JaPa),ds=1767,Md. Zakir Hossain Molla,tbs,Jatiya Party (JaPa),tbs=1767,1.00,name+party match (sim=1.00) [vote-boosted]
Magura 1,1,Md. Zakir Hossain Mollah,dt,Jatiya Party (JaPa),dt=1767,Md. Zakir Hossain Molla,"ds,tbs",Jatiya Party (JaPa),ds=1767; tbs=1767,1.00,name+party match (sim=1.00) [vote-boosted]
Magura 1,1,Shampa Basu,ds,Bangladesh Samajtantrik Dal (Basad),ds=1237,Shompa Basu,tbs,Bangladesh Samajtantrik Dal (Basad),tbs=1237,1.00,name+party match (sim=1.00) [vote-boosted]
Magura 1,1,Shampa Bosu,dt,Bangladesh Samajtantrik Dal (Basad),dt=1237,Shompa Basu,"ds,tbs",Bangladesh Samajtantrik Dal (Basad),ds=1237; tbs=1237,1.00,name+party match (sim=1.00) [vote-boosted]
Magura 2,1,Md. Mushtarshed Billah,ds,Bangladesh Jamaat-e-Islami (Jamaat),ds=117018,Md. Mushtarshed Billah,tbs,Bangladesh Jamaat-e-Islami (Jamaat),tbs=117018,1.00,name+party match (sim=1.00) [vote-boosted]
Magura 2,1,Md. Mushtarshed Billah,bss,Bangladesh Jamaat-e-Islami (Jamaat),bss=117018,Md. Mushtarshed Billah,"ds,tbs",Bangladesh Jamaat-e-Islami (Jamaat),ds=117018; tbs=117018,1.00,name+party match (sim=1.00) [vote-boosted]
Magura 2,1,Md. Mushtarshed Billah,dt,Bangladesh Jamaat-e-Islami (Jamaat),dt=117018,Md. Mushtarshed Billah,"bss,ds,tbs",Bangladesh Jamaat-e-Islami (Jamaat),bss=117018; ds=117018; tbs=117018,1.00,name+party match (sim=1.00) [vote-boosted]
Magura 2,1,Moshiar Rahman,ds,Jatiya Party (JaPa),ds=2947,Moshiyar Rahman,tbs,Jatiya Party (JaPa),tbs=2947,0.97,name+party match (sim=0.97) [vote-boosted]
Magura 2,1,Mashiar Rahman,dt,Jatiya Party (JaPa),dt=2947,Moshiyar Rahman,"ds,tbs",Jatiya Party (JaPa),ds=2947; tbs=2947,0.94,name+party match (sim=0.94) [vote-boosted]
Magura 2,1,Mustafa Kamal,ds,Islami Andolan Bangladesh (IAB),ds=16223,Mostofa Kamal,tbs,Islami Andolan Bangladesh (IAB),tbs=16223,1.00,name+party match (sim=1.00) [vote-boosted]
Magura 2,1,Mostafa Kamal,dt,Islami Andolan Bangladesh (IAB),dt=16223,Mostofa Kamal,"ds,tbs",Islami Andolan Bangladesh (IAB),ds=16223; tbs=16223,1.00,name+party match (sim=1.00) [vote-boosted]
Magura 2,1,Nitai Roy Chowdhury,ds,Bangladesh Nationalist Party (BNP),ds=147896,Nitai Roy Chowdhury,tbs,Bangladesh Nationalist Party (BNP),tbs=147896,1.00,name+party match (sim=1.00) [vote-boosted]
Magura 2,1,Nitai Roy Chowdhury,bss,Bangladesh Nationalist Party (BNP),bss=147896,Nitai Roy Chowdhury,"ds,tbs",Bangladesh Nationalist Party (BNP),ds=147896; tbs=147896,1.00,name+party match (sim=1.00) [vote-boosted]
Magura 2,1,Nitai Roy Chowdhury,dt,Bangladesh Nationalist Party (BNP),dt=147896,Nitai Roy Chowdhury,"bss,ds,tbs",Bangladesh Nationalist Party (BNP),bss=147896; ds=147896; tbs=147896,1.00,name+party match (sim=1.00) [vote-boosted]
Manikganj 1,1,S. A. Jinnah Kabir,ds,Bangladesh Nationalist Party (BNP),ds=137773,S. A. Jinnah Kabir,tbs,Bangladesh Nationalist Party (BNP),tbs=137773,1.00,name+party match (sim=1.00) [vote-boosted]
Manikganj 1,1,SA Jinnah Kabir,bss,Bangladesh Nationalist Party (BNP),bss=137773,S. A. Jinnah Kabir,"ds,tbs",Bangladesh Nationalist Party (BNP),ds=137773; tbs=137773,1.00,name+party match (sim=1.00) [vote-boosted]
Manikganj 1,1,S. A. Jinnah Kabir,dt,Bangladesh Nationalist Party (BNP),dt=137773,S. A. Jinnah Kabir,"bss,ds,tbs",Bangladesh Nationalist Party (BNP),bss=137773; ds=137773; tbs=137773,1.00,name+party match (sim=1.00) [vote-boosted]
Manikganj 1,1,Md. Elias Hussain,ds,Gono Odhikar Parishad (GOP),ds=1066,Md. Elias Hossain,tbs,Gono Odhikar Parishad (GOP),tbs=1066,1.00,name+party match (sim=1.00) [vote-boosted]
Manikganj 1,1,Mohammad Ilias Hossain,dt,Gono Odhikar Parishad (GOP),dt=1066,Md. Elias Hossain,"ds,tbs",Gono Odhikar Parishad (GOP),ds=1066; tbs=1066,1.00,name+party match (sim=1.00) [vote-boosted]
Manikganj 1,1,Abu Bakr Siddiqui,ds,Bangladesh Jamaat-e-Islami (Jamaat),ds=71310,Abu Bakar Siddiqui,tbs,Bangladesh Jamaat-e-Islami (Jamaat),tbs=71310,1.00,name+party match (sim=1.00) [vote-boosted]
Manikganj 1,1,Abu Bakar Siddique,dt,Bangladesh Jamaat-e-Islami (Jamaat),dt=71310,Abu Bakar Siddiqui,"ds,tbs",Bangladesh Jamaat-e-Islami (Jamaat),ds=71310; tbs=71310,1.00,name+party match (sim=1.00) [vote-boosted]
Manikganj 1,1,Md. Khorshed Alam,ds,Islami Andolan Bangladesh (IAB),ds=3247,Md. Khorshed Alam,tbs,Islami Andolan Bangladesh (IAB),tbs=3247,1.00,name+party match (sim=1.00) [vote-boosted]
Manikganj 1,1,Md. Khorshed Alam,dt,Islami Andolan Bangladesh (IAB),dt=3247,Md. Khorshed Alam,"ds,tbs",Islami Andolan Bangladesh (IAB),ds=3247; tbs=3247,1.00,name+party match (sim=1.00) [vote-boosted]
Manikganj 1,1,Md. Abdul Ali Bepari,dt,Independent Candidate (Independent),dt=6966,Abdul Ali Bepari,tbs,Independent Candidate (Independent),tbs=6966,1.00,name+party match (sim=1.00) [vote-boosted]
Manikganj 1,1,Md. Tozammel Haque,ds,Independent Candidate (Independent),ds=77818,Md. Tozammel Hoque,tbs,Independent Candidate (Independent),tbs=77818,1.00,name+party match (sim=1.00) [vote-boosted]
Manikganj 1,1,Md. Tozammel Haque,bss,Independent Candidate (Independent),bss=77818,Md. Tozammel Hoque,"ds,tbs",Independent Candidate (Independent),ds=77818; tbs=77818,1.00,name+party match (sim=1.00) [vote-boosted]
Manikganj 1,1,Md. Tozammel Haque,dt,Independent Candidate (Independent),dt=77818,Md. Tozammel Hoque,"bss,ds,tbs",Independent Candidate (Independent),bss=77818; ds=77818; tbs=77818,1.00,name+party match (sim=1.00) [vote-boosted]
Manikganj 1,1,Md. Shahjahan Khan,ds,Janotar Dol,ds=283,Md. Shahjahan Khan,tbs,Janotar Dol,tbs=283,1.00,name+party match (sim=1.00) [vote-boosted]
Manikganj 1,1,Mohammad Shahjahan Khan,dt,Janotar Dol,dt=283,Md. Shahjahan Khan,"ds,tbs",Janotar Dol,ds=283; tbs=283,1.00,name+party match (sim=1.00) [vote-boosted]
Manikganj 2,1,Md. Salahuddin,ds,Khelafat Majlis,ds=81531,Md. Salah Uddin,tbs,Khelafat Majlis,tbs=81531,1.00,name+party match (sim=1.00) [vote-boosted]
Manikganj 2,1,Md. Salah Uddin,bss,Khelafat Majlis,bss=81531,Md. Salah Uddin,"ds,tbs",Khelafat Majlis,ds=81531; tbs=81531,1.00,name+party match (sim=1.00) [vote-boosted]
Manikganj 2,1,Md. Salah Uddin,dt,Khelafat Majlis,dt=81531,Md. Salah Uddin,"bss,ds,tbs",Khelafat Majlis,bss=81531; ds=81531; tbs=81531,1.00,name+party match (sim=1.00) [vote-boosted]
Manikganj 2,1,Moinul Islam Khan,ds,Bangladesh Nationalist Party (BNP),ds=175776,Moinul Islam Khan,tbs,Bangladesh Nationalist Party (BNP),tbs=175776,1.00,name+party match (sim=1.00) [vote-boosted]
Manikganj 2,1,Moinul Islam Khan,bss,Bangladesh Nationalist Party (BNP),bss=175776,Moinul Islam Khan,"ds,tbs",Bangladesh Nationalist Party (BNP),ds=175776; tbs=175776,1.00,name+party match (sim=1.00) [vote-boosted]
Manikganj 2,1,Mainul Islam Khan,dt,Bangladesh Nationalist Party (BNP),dt=175776,Moinul Islam Khan,"bss,ds,tbs",Bangladesh Nationalist Party (BNP),bss=175776; ds=175776; tbs=175776,1.00,name+party match (sim=1.00) [vote-boosted]
Manikganj 2,1,Md. Ali,ds,Islami Andolan Bangladesh (IAB),ds=3847,Md. Ali,tbs,Islami Andolan Bangladesh (IAB),tbs=3847,1.00,name+party match (sim=1.00) [vote-boosted]
Manikganj 2,1,Mohammad Ali,dt,Islami Andolan Bangladesh (IAB),dt=3847,Md. Ali,"ds,tbs",Islami Andolan Bangladesh (IAB),ds=3847; tbs=3847,1.00,name+party match (sim=1.00) [vote-boosted]
Manikganj 2,1,S. M. Abdul Mannan,ds,Jatiya Party (JaPa),ds=7081,S. M. Abdul Mannan,tbs,Jatiya Party (JaPa),tbs=7081,1.00,name+party match (sim=1.00) [vote-boosted]
Manikganj 2,1,S. M. Abdul Mannan,dt,Jatiya Party (JaPa),dt=7081,S. M. Abdul Mannan,"ds,tbs",Jatiya Party (JaPa),ds=7081; tbs=7081,1.00,name+party match (sim=1.00) [vote-boosted]
Manikganj 3,1,Moazzem Hossain Khan Majlish,ds,Jatiya Party (Manju) (JP–Manju),ds=0,Moazzem Hossain Khan Majlish,tbs,Jatiya Party (Manju) (JP–Manju),tbs=1327,1.00,name+party match (sim=1.00)
Manikganj 3,1,Afroza Khanam,ds,Bangladesh Nationalist Party (BNP),ds=167345,Afroza Khanam,tbs,Bangladesh Nationalist Party (BNP),tbs=167345,1.00,name+party match (sim=1.00) [vote-boosted]
Manikganj 3,1,Afroza Khanam,bss,Bangladesh Nationalist Party (BNP),bss=167345,Afroza Khanam,"ds,tbs",Bangladesh Nationalist Party (BNP),ds=167345; tbs=167345,1.00,name+party match (sim=1.00) [vote-boosted]
Manikganj 3,1,Afroza Khanam,dt,Bangladesh Nationalist Party (BNP),dt=167345,Afroza Khanam,"bss,ds,tbs",Bangladesh Nationalist Party (BNP),bss=167345; ds=167345; tbs=167345,1.00,name+party match (sim=1.00) [vote-boosted]
Manikganj 3,1,Shamsuddin,ds,Islami Andolan Bangladesh (IAB),ds=0,Shamsuddin,tbs,Islami Andolan Bangladesh (IAB),tbs=2787,1.00,name+party match (sim=1.00)
Manikganj 3,1,Samsuddin,dt,Islami Andolan Bangladesh (IAB),dt=2787,Shamsuddin,"ds,tbs",Islami Andolan Bangladesh (IAB),ds=0; tbs=2787,0.95,name+party match (sim=0.95) [vote-boosted]
Manikganj 3,1,Md. Saeed Noor,ds,Khelafat Majlis,ds=64242,Md. Saidanur,tbs,Khelafat Majlis,tbs=64242,1.00,name+party match (sim=1.00) [vote-boosted]
Manikganj 3,1,Muhammad Said Noor,bss,Khelafat Majlis,bss=64242,Md. Saeed Noor,"ds,tbs",Khelafat Majlis,ds=64242; tbs=64242,1.00,name+party match (sim=1.00) [vote-boosted]
Manikganj 3,1,Muhammad Saeed Noor,dt,Khelafat Majlis,dt=64242,Muhammad Said Noor,"bss,ds,tbs",Khelafat Majlis,bss=64242; ds=64242; tbs=64242,1.00,name+party match (sim=1.00) [vote-boosted]
Manikganj 3,1,Mofizul Islam Khan Kamal,ds,Independent Candidate (Independent),ds=0,Rafiqul Islam Khan,tbs,Independent Candidate (Independent),tbs=3610,0.71,name+party match (sim=0.71)
Manikganj 3,1,Rafiqul Islam Khan,dt,Independent Candidate (Independent),dt=3610,Mofizul Islam Khan Kamal,"ds,tbs",Independent Candidate (Independent),ds=0; tbs=3610,0.71,name+party match (sim=0.71) [vote-boosted]
Manikganj 3,1,Rafiqul Islam Khan,ds,Independent Candidate (Independent),ds=0,Mofizul Islam Khan Kamal,tbs,Independent Candidate (Independent),tbs=684,0.71,name+party match (sim=0.71)
Manikganj 3,1,Mofijul Islam Khan Kamal,dt,Independent Candidate (Independent),dt=684,Mofizul Islam Khan Kamal,"ds,tbs",Independent Candidate (Independent),ds=0; tbs=684,0.96,name+party match (sim=0.96) [vote-boosted]
Manikganj 3,1,Md. Ataur Rahman Ata,ds,Independent Candidate (Independent),ds=0,Md. Ataur Rahman Ata,tbs,Independent Candidate (Independent),tbs=20551,1.00,name+party match (sim=1.00)
Manikganj 3,1,Md. Ataur Rahman Ata,dt,Independent Candidate (Independent),dt=20551,Md. Ataur Rahman Ata,"ds,tbs",Independent Candidate (Independent),ds=0; tbs=20551,1.00,name+party match (sim=1.00) [vote-boosted]
Manikganj 3,1,Md. Shahjahan Ali,ds,Jatiya Samajtantrik Dal (JSD),ds=0,Md. Shahjahan Ali,tbs,Jatiya Samajtantrik Dal (JSD),tbs=3510,1.00,name+party match (sim=1.00)
Manikganj 3,1,Md. Shahjahan Ali,dt,Jatiya Samajtantrik Dal (JSD),dt=3510,Md. Shahjahan Ali,"ds,tbs",Jatiya Samajtantrik Dal (JSD),ds=0; tbs=3510,1.00,name+party match (sim=1.00) [vote-boosted]
Manikganj 3,1,Abul Bashar Badhsha,ds,Jatiya Party (JaPa),ds=0,Abul Bashar Badsha,tbs,Jatiya Party (JaPa),tbs=1966,0.97,name+party match (sim=0.97)
Manikganj 3,1,Abul Bashar Badsha,dt,Jatiya Party (JaPa),dt=1966,Abul Bashar Badhsha,"ds,tbs",Jatiya Party (JaPa),ds=0; tbs=1966,0.97,name+party match (sim=0.97) [vote-boosted]
Manikganj 3,3,Moyazzem Hossain Khan Majlish,dt,Jatiya Party (JaPa),dt=1337,Moazzem Hossain Khan Majlish,"ds,tbs",Jatiya Party (Manju) (JP–Manju),ds=0; tbs=1327,0.98,DT-only JaPa merged: Jatiya Party (JaPa) → Jatiya Party (Manju) (JP–Manju)
Meherpur 1,1,Md. Abdul Hamid,ds,Jatiya Party (JaPa),ds=0,Md. Abdul Hamid,tbs,Jatiya Party (JaPa),tbs=1429,1.00,name+party match (sim=1.00)
Meherpur 1,1,Md. Abdul Hamid,dt,Jatiya Party (JaPa),dt=1429,Md. Abdul Hamid,"ds,tbs",Jatiya Party (JaPa),ds=0; tbs=1429,1.00,name+party match (sim=1.00) [vote-boosted]
Meherpur 1,1,Masud Arun,ds,Bangladesh Nationalist Party (BNP),ds=105441,Masud Arun,tbs,Bangladesh Nationalist Party (BNP),tbs=105441,1.00,name+party match (sim=1.00) [vote-boosted]
Meherpur 1,1,Masood Arun,bss,Bangladesh Nationalist Party (BNP),bss=105441,Masud Arun,"ds,tbs",Bangladesh Nationalist Party (BNP),ds=105441; tbs=105441,1.00,name+party match (sim=1.00) [vote-boosted]
Meherpur 1,1,Masud Arun,dt,Bangladesh Nationalist Party (BNP),dt=105441,Masood Arun,"bss,ds,tbs",Bangladesh Nationalist Party (BNP),bss=105441; ds=105441; tbs=105441,1.00,name+party match (sim=1.00) [vote-boosted]
Meherpur 1,1,Md. Tajuddin Khan,ds,Bangladesh Jamaat-e-Islami (Jamaat),ds=123271,Md. Tajuddin Khan,tbs,Bangladesh Jamaat-e-Islami (Jamaat),tbs=123271,1.00,name+party match (sim=1.00) [vote-boosted]
Meherpur 1,1,Md. Tajuddin Khan,bss,Bangladesh Jamaat-e-Islami (Jamaat),bss=123271,Md. Tajuddin Khan,"ds,tbs",Bangladesh Jamaat-e-Islami (Jamaat),ds=123271; tbs=123271,1.00,name+party match (sim=1.00) [vote-boosted]
Meherpur 1,1,Md. Tajuddin Khan,dt,Bangladesh Jamaat-e-Islami (Jamaat),dt=123271,Md. Tajuddin Khan,"bss,ds,tbs",Bangladesh Jamaat-e-Islami (Jamaat),bss=123271; ds=123271; tbs=123271,1.00,name+party match (sim=1.00) [vote-boosted]
Meherpur 1,1,Md. Mijanur Rahman,ds,Communist Party of Bangladesh (CPB),ds=0,Moha Mizanur Rahman,tbs,Communist Party of Bangladesh (CPB),tbs=792,0.81,name+party match (sim=0.81)
Meherpur 1,1,Md. Mizanur Rahman,dt,Communist Party of Bangladesh (CPB),dt=792,Moha Mizanur Rahman,"ds,tbs",Communist Party of Bangladesh (CPB),ds=0; tbs=792,0.90,name+party match (sim=0.90) [vote-boosted]
Meherpur 2,1,Md. Amjad Hossain,ds,Bangladesh Nationalist Party (BNP),ds=85988,Md. Amzad Hossain,tbs,Bangladesh Nationalist Party (BNP),tbs=85988,0.94,name+party match (sim=0.94) [vote-boosted]
Meherpur 2,1,Md. Amjad Hossain,bss,Bangladesh Nationalist Party (BNP),bss=85988,Md. Amzad Hossain,"ds,tbs",Bangladesh Nationalist Party (BNP),ds=85988; tbs=85988,0.94,name+party match (sim=0.94) [vote-boosted]
Meherpur 2,1,Md. Amjad Hossain,dt,Bangladesh Nationalist Party (BNP),dt=85452,Md. Amzad Hossain,"bss,ds,tbs",Bangladesh Nationalist Party (BNP),bss=85988; ds=85988; tbs=85988,0.94,name+party match (sim=0.94)
Meherpur 2,1,Md. Nazmul Huda,ds,Bangladesh Jamaat-e-Islami (Jamaat),ds=96306,Md. Nazmul Huda,tbs,Bangladesh Jamaat-e-Islami (Jamaat),tbs=96306,1.00,name+party match (sim=1.00) [vote-boosted]
Meherpur 2,1,Md. Nazmul Huda,bss,Bangladesh Jamaat-e-Islami (Jamaat),bss=96306,Md. Nazmul Huda,"ds,tbs",Bangladesh Jamaat-e-Islami (Jamaat),ds=96306; tbs=96306,1.00,name+party match (sim=1.00) [vote-boosted]
Meherpur 2,1,Md. Nazmul Huda,dt,Bangladesh Jamaat-e-Islami (Jamaat),dt=94658,Md. Nazmul Huda,"bss,ds,tbs",Bangladesh Jamaat-e-Islami (Jamaat),bss=96306; ds=96306; tbs=96306,1.00,name+party match (sim=1.00)
Meherpur 2,1,Md. Abdul Baki,dt,Jatiya Party (JaPa),dt=1791,Md. Abdul Baki,ds,Jatiya Party (JaPa),ds=0,1.00,name+party match (sim=1.00)
Moulvibazar 1,1,Md. Aminul Islam,ds,Bangladesh Jamaat-e-Islami (Jamaat),ds=83013,Md. Aminul Islam,tbs,Bangladesh Jamaat-e-Islami (Jamaat),tbs=83013,1.00,name+party match (sim=1.00) [vote-boosted]
Moulvibazar 1,1,Mohammad Aminul Islam,bss,Bangladesh Jamaat-e-Islami (Jamaat),bss=83013,Md. Aminul Islam,"ds,tbs",Bangladesh Jamaat-e-Islami (Jamaat),ds=83013; tbs=83013,1.00,name+party match (sim=1.00) [vote-boosted]
Moulvibazar 1,1,Mohammad Aminul Islam,dt,Bangladesh Jamaat-e-Islami (Jamaat),dt=78214,Mohammad Aminul Islam,"bss,ds,tbs",Bangladesh Jamaat-e-Islami (Jamaat),bss=83013; ds=83013; tbs=83013,1.00,name+party match (sim=1.00)
Moulvibazar 1,1,Nasir Uddin Ahmed,ds,Bangladesh Nationalist Party (BNP),ds=98282,Nasir Uddin Ahmed,tbs,Bangladesh Nationalist Party (BNP),tbs=98282,1.00,name+party match (sim=1.00) [vote-boosted]
Moulvibazar 1,1,Nasir Uddin Ahmed,bss,Bangladesh Nationalist Party (BNP),bss=98282,Nasir Uddin Ahmed,"ds,tbs",Bangladesh Nationalist Party (BNP),ds=98282; tbs=98282,1.00,name+party match (sim=1.00) [vote-boosted]
Moulvibazar 1,1,Nasir Uddin Ahmed,dt,Bangladesh Nationalist Party (BNP),dt=98277,Nasir Uddin Ahmed,"bss,ds,tbs",Bangladesh Nationalist Party (BNP),bss=98282; ds=98282; tbs=98282,1.00,name+party match (sim=1.00)
Moulvibazar 1,1,Ahmed Riaz Uddin,dt,Jatiya Party (JaPa),dt=0,Ahmed Riaz Uddin,ds,Jatiya Party (JaPa),ds=0,1.00,name+party match (sim=1.00)
Moulvibazar 1,1,Belal Ahmed,dt,Independent Candidate (Independent),dt=0,Belal Ahmed,ds,Independent Candidate (Independent),ds=0,1.00,name+party match (sim=1.00)
Moulvibazar 1,1,Md. Abdun Noor,dt,Gono Odhikar Parishad (GOP),dt=0,Md. Abdun Noor,ds,Gono Odhikar Parishad (GOP),ds=0,1.00,name+party match (sim=1.00)
Moulvibazar 1,1,Md. Shariful Islam,dt,Gono Front (GF),dt=0,Md. Shariful Islam,ds,Gono Front (GF),ds=0,1.00,name+party match (sim=1.00)
Moulvibazar 2,1,Md. Shawkatul Islam,ds,Bangladesh Nationalist Party (BNP),ds=88381,Md. Shawkatul Islam,tbs,Bangladesh Nationalist Party (BNP),tbs=88381,1.00,name+party match (sim=1.00) [vote-boosted]
Moulvibazar 2,1,Md Shawkatul Islam,bss,Bangladesh Nationalist Party (BNP),bss=88381,Md. Shawkatul Islam,"ds,tbs",Bangladesh Nationalist Party (BNP),ds=88381; tbs=88381,1.00,name+party match (sim=1.00) [vote-boosted]
Moulvibazar 2,1,Md. Shawkatul Islam,dt,Bangladesh Nationalist Party (BNP),dt=66707,Md. Shawkatul Islam,"bss,ds,tbs",Bangladesh Nationalist Party (BNP),bss=88381; ds=88381; tbs=88381,1.00,name+party match (sim=1.00)
Moulvibazar 2,1,Md. Sayed Ali,ds,Bangladesh Jamaat-e-Islami (Jamaat),ds=53458,Md. Syed Ali,tbs,Bangladesh Jamaat-e-Islami (Jamaat),tbs=53458,1.00,name+party match (sim=1.00) [vote-boosted]
Moulvibazar 2,1,Md. Syed Ali,bss,Bangladesh Jamaat-e-Islami (Jamaat),bss=53458,Md. Sayed Ali,"ds,tbs",Bangladesh Jamaat-e-Islami (Jamaat),ds=53458; tbs=53458,1.00,name+party match (sim=1.00) [vote-boosted]
Moulvibazar 2,1,Md. Sayeed Ali,dt,Bangladesh Jamaat-e-Islami (Jamaat),dt=50598,Md. Sayed Ali,"bss,ds,tbs",Bangladesh Jamaat-e-Islami (Jamaat),bss=53458; ds=53458; tbs=53458,1.00,name+party match (sim=1.00)
Moulvibazar 2,1,Abdul Quddus,dt,Islami Andolan Bangladesh (IAB),dt=0,Abdul Quddus,ds,Islami Andolan Bangladesh (IAB),ds=0,1.00,name+party match (sim=1.00)
Moulvibazar 2,1,M. Jamiur Rahman Chowdhury,dt,Independent Candidate (Independent),dt=0,M. Jimiur Rahman Chowdhury,ds,Independent Candidate (Independent),ds=0,1.00,name+party match (sim=1.00)
Moulvibazar 2,1,Md. Abdul Malik,dt,Jatiya Party (JaPa),dt=0,Md. Abdul Malik,ds,Jatiya Party (JaPa),ds=0,1.00,name+party match (sim=1.00)
Moulvibazar 2,1,Md. Fazlul Haque Khan,dt,Independent Candidate (Independent),dt=0,Md. Fazlul Haque Khan,ds,Independent Candidate (Independent),ds=0,1.00,name+party match (sim=1.00)
Moulvibazar 2,1,Nawab Ali Abbas Khan,dt,Independent Candidate (Independent),dt=0,Nawab Ali Abbas Khan,ds,Independent Candidate (Independent),ds=0,1.00,name+party match (sim=1.00)
Moulvibazar 2,1,Sadia Noshin Tasnim Chowdhury,dt,Socialist Party of Bangladesh (Marxist) (SPB-M),dt=0,Sadia Noshin Tasnim Chowdhury,ds,Socialist Party of Bangladesh (Marxist) (SPB-M),ds=0,1.00,name+party match (sim=1.00)
Moulvibazar 3,1,Nasser Rahman,ds,Bangladesh Nationalist Party (BNP),ds=156757,Naser Rahman,tbs,Bangladesh Nationalist Party (BNP),tbs=156757,0.96,name+party match (sim=0.96) [vote-boosted]
Moulvibazar 3,1,Nasser Rahman,bss,Bangladesh Nationalist Party (BNP),bss=156757,Nasser Rahman,"ds,tbs",Bangladesh Nationalist Party (BNP),ds=156757; tbs=156757,1.00,name+party match (sim=1.00) [vote-boosted]
Moulvibazar 3,1,Naser Rahman,dt,Bangladesh Nationalist Party (BNP),dt=154545,Nasser Rahman,"bss,ds,tbs",Bangladesh Nationalist Party (BNP),bss=156757; ds=156757; tbs=156757,0.96,name+party match (sim=0.96)
Moulvibazar 3,1,Md. Abdul Mannan,ds,Bangladesh Jamaat-e-Islami (Jamaat),ds=77636,Md. Abdul Mannan,tbs,Bangladesh Jamaat-e-Islami (Jamaat),tbs=77636,1.00,name+party match (sim=1.00) [vote-boosted]
Moulvibazar 3,1,Md. Abdul Mannan,bss,Bangladesh Jamaat-e-Islami (Jamaat),bss=77636,Md. Abdul Mannan,"ds,tbs",Bangladesh Jamaat-e-Islami (Jamaat),ds=77636; tbs=77636,1.00,name+party match (sim=1.00) [vote-boosted]
Moulvibazar 3,1,Md. Abdul Mannan,dt,Bangladesh Jamaat-e-Islami (Jamaat),dt=74362,Md. Abdul Mannan,"bss,ds,tbs",Bangladesh Jamaat-e-Islami (Jamaat),bss=77636; ds=77636; tbs=77636,1.00,name+party match (sim=1.00)
Moulvibazar 3,1,Ahmad Bilal,dt,Khelafat Majlis,dt=1361,Ahmed Bilal,ds,Khelafat Majlis,ds=0,1.00,name+party match (sim=1.00)
Moulvibazar 3,1,Jahar Lal Dutta,dt,Communist Party of Bangladesh (CPB),dt=0,Jahar Lal Dutt,ds,Communist Party of Bangladesh (CPB),ds=0,1.00,name+party match (sim=1.00)
Moulvibazar 4,1,Md. Mujibur Rahman Chowdhury,ds,Bangladesh Nationalist Party (BNP),ds=169608,Md. Mujibur Rahman Chowdhury,tbs,Bangladesh Nationalist Party (BNP),tbs=170877,1.00,name+party match (sim=1.00)
Moulvibazar 4,1,Md. Mujibur Rahman Chowdhury,bss,Bangladesh Nationalist Party (BNP),bss=169608,Md. Mujibur Rahman Chowdhury,"ds,tbs",Bangladesh Nationalist Party (BNP),ds=169608; tbs=170877,1.00,name+party match (sim=1.00) [vote-boosted]
Moulvibazar 4,1,Md. Mujibur Rahman Chowdhury,dt,Bangladesh Nationalist Party (BNP),dt=168958,Md. Mujibur Rahman Chowdhury,"bss,ds,tbs",Bangladesh Nationalist Party (BNP),bss=169608; ds=169608; tbs=170877,1.00,name+party match (sim=1.00)
Moulvibazar 4,1,Sheikh Noor E Alam Hamidi,ds,Khelafat Majlis,ds=49189,Sheikh Nure Alam Hamidi,tbs,Khelafat Majlis,tbs=50204,1.00,name+party match (sim=1.00)
Moulvibazar 4,1,Sheikh Nur Alam Hamidi,bss,Khelafat Majlis,bss=49189,Sheikh Noor E Alam Hamidi,"ds,tbs",Khelafat Majlis,ds=49189; tbs=50204,1.00,name+party match (sim=1.00) [vote-boosted]
Moulvibazar 4,1,Sheikh Nure Alam Hamidi,dt,Khelafat Majlis,dt=49389,Sheikh Noor E Alam Hamidi,"bss,ds,tbs",Khelafat Majlis,bss=49189; ds=49189; tbs=50204,1.00,name+party match (sim=1.00)
Moulvibazar 4,1,Md. Abul Hasan,dt,Bangladesh Samajtantrik Dal (Basad),dt=0,Md. Abul Hasan,ds,Bangladesh Samajtantrik Dal (Basad),ds=0,1.00,name+party match (sim=1.00)
Moulvibazar 4,1,Md. Mohsin Mia,dt,Independent Candidate (Independent),dt=33911,Md. Mohsin Mia,ds,Independent Candidate (Independent),ds=0,1.00,name+party match (sim=1.00)
Moulvibazar 4,1,Mohammad Zarif Hossain,dt,Jatiya Party (JaPa),dt=0,Md. Zarif Hossain,ds,Jatiya Party (JaPa),ds=0,1.00,name+party match (sim=1.00)
Moulvibazar 4,1,Pritam Das,dt,National Citizen Party (NCP),dt=71,Pritam Das,ds,National Citizen Party (NCP),ds=0,1.00,name+party match (sim=1.00)
Munshiganj 1,1,Md. Momin Ali,ds,Independent Candidate (Independent),ds=0,Md. Momin Ali,tbs,Independent Candidate (Independent),tbs=30678,1.00,name+party match (sim=1.00)
Munshiganj 1,1,Mohammad Momin Ali,dt,Independent Candidate (Independent),dt=30678,Md. Momin Ali,"ds,tbs",Independent Candidate (Independent),ds=0; tbs=30678,1.00,name+party match (sim=1.00) [vote-boosted]
Munshiganj 1,1,Abdur Rahman,ds,Communist Party of Bangladesh (CPB),ds=0,Abdur Rahman,tbs,Communist Party of Bangladesh (CPB),tbs=443,1.00,name+party match (sim=1.00)
Munshiganj 1,1,Abdur Rahman,dt,Communist Party of Bangladesh (CPB),dt=443,Abdur Rahman,"ds,tbs",Communist Party of Bangladesh (CPB),ds=0; tbs=443,1.00,name+party match (sim=1.00) [vote-boosted]
Munshiganj 1,1,Md. Atiqur Rahman Khan,ds,Islami Andolan Bangladesh (IAB),ds=0,Md. Atiqur Rahman Khan,tbs,Islami Andolan Bangladesh (IAB),tbs=9039,1.00,name+party match (sim=1.00)
Munshiganj 1,1,Md. Atiqur Rahman Khan,dt,Islami Andolan Bangladesh (IAB),dt=9039,Md. Atiqur Rahman Khan,"ds,tbs",Islami Andolan Bangladesh (IAB),ds=0; tbs=9039,1.00,name+party match (sim=1.00) [vote-boosted]
Munshiganj 1,1,Rokeya Akhtar,ds,Insaniyat Biplob Bangladesh (IBB),ds=0,Rokeya Akter,tbs,Insaniyat Biplob Bangladesh (IBB),tbs=320,1.00,name+party match (sim=1.00)
Munshiganj 1,1,Rokeya Akter,dt,Insaniyat Biplob Bangladesh (IBB),dt=320,Rokeya Akhtar,"ds,tbs",Insaniyat Biplob Bangladesh (IBB),ds=0; tbs=320,1.00,name+party match (sim=1.00) [vote-boosted]
Munshiganj 1,1,Md. Abdullah,ds,Bangladesh Nationalist Party (BNP),ds=167562,Md. Abdullah,tbs,Bangladesh Nationalist Party (BNP),tbs=167562,1.00,name+party match (sim=1.00) [vote-boosted]
Munshiganj 1,1,Md. Abdullah,bss,Bangladesh Nationalist Party (BNP),bss=167562,Md. Abdullah,"ds,tbs",Bangladesh Nationalist Party (BNP),ds=167562; tbs=167562,1.00,name+party match (sim=1.00) [vote-boosted]
Munshiganj 1,1,Md. Abdullah,dt,Bangladesh Nationalist Party (BNP),dt=167562,Md. Abdullah,"bss,ds,tbs",Bangladesh Nationalist Party (BNP),bss=167562; ds=167562; tbs=167562,1.00,name+party match (sim=1.00) [vote-boosted]
Munshiganj 1,1,Akm Fakhruddin Raji,ds,Bangladesh Jamaat-e-Islami (Jamaat),ds=101568,Akm Fakhruddin Raji,tbs,Bangladesh Jamaat-e-Islami (Jamaat),tbs=101568,1.00,name+party match (sim=1.00) [vote-boosted]
Munshiganj 1,1,AKM Fakhruddin agreed,bss,Bangladesh Jamaat-e-Islami (Jamaat),bss=101568,Akm Fakhruddin Raji,"ds,tbs",Bangladesh Jamaat-e-Islami (Jamaat),ds=101568; tbs=101568,0.87,name+party match (sim=0.87) [vote-boosted]
Munshiganj 1,1,A. K. M. Fakhruddin Razi,dt,Bangladesh Jamaat-e-Islami (Jamaat),dt=101568,AKM Fakhruddin agreed,"bss,ds,tbs",Bangladesh Jamaat-e-Islami (Jamaat),bss=101568; ds=101568; tbs=101568,0.87,name+party match (sim=0.87) [vote-boosted]
Munshiganj 2,1,Majedul Islam,ds,National Citizen Party (NCP),ds=58573,Majedul Islam,tbs,National Citizen Party (NCP),tbs=58573,1.00,name+party match (sim=1.00) [vote-boosted]
Munshiganj 2,1,Majedul Islam,bss,National Citizen Party (NCP),bss=58573,Majedul Islam,"ds,tbs",National Citizen Party (NCP),ds=58573; tbs=58573,1.00,name+party match (sim=1.00) [vote-boosted]
Munshiganj 2,1,Majedul Islam,dt,National Citizen Party (NCP),dt=58573,Majedul Islam,"bss,ds,tbs",National Citizen Party (NCP),bss=58573; ds=58573; tbs=58573,1.00,name+party match (sim=1.00) [vote-boosted]
Munshiganj 2,1,Ashiq Mahmud,ds,Bangladesh Islami Front (BIF),ds=0,Ashiq Mahmud,tbs,Bangladesh Islami Front (BIF),tbs=651,1.00,name+party match (sim=1.00)
Munshiganj 2,1,Ashiq Mahmud,dt,Bangladesh Islami Front (BIF),dt=651,Ashiq Mahmud,"ds,tbs",Bangladesh Islami Front (BIF),ds=0; tbs=651,1.00,name+party match (sim=1.00) [vote-boosted]
Munshiganj 2,1,Abdus Salam Azad,ds,Bangladesh Nationalist Party (BNP),ds=121154,Abdus Salam Azad,tbs,Bangladesh Nationalist Party (BNP),tbs=121154,1.00,name+party match (sim=1.00) [vote-boosted]
Munshiganj 2,1,Abdus Salam Azad,bss,Bangladesh Nationalist Party (BNP),bss=121154,Abdus Salam Azad,"ds,tbs",Bangladesh Nationalist Party (BNP),ds=121154; tbs=121154,1.00,name+party match (sim=1.00) [vote-boosted]
Munshiganj 2,1,Abdus Salam Azad,dt,Bangladesh Nationalist Party (BNP),dt=121154,Abdus Salam Azad,"bss,ds,tbs",Bangladesh Nationalist Party (BNP),bss=121154; ds=121154; tbs=121154,1.00,name+party match (sim=1.00) [vote-boosted]
Munshiganj 2,1,K. M. Billal,ds,Islami Andolan Bangladesh (IAB),ds=0,"K. , M. , Billal",tbs,Islami Andolan Bangladesh (IAB),tbs=13367,1.00,name+party match (sim=1.00)
Munshiganj 2,1,K. M. Billal,dt,Islami Andolan Bangladesh (IAB),dt=13387,"K. , M. , Billal","ds,tbs",Islami Andolan Bangladesh (IAB),ds=0; tbs=13367,1.00,name+party match (sim=1.00)
Munshiganj 2,1,Md. Noman Mia,ds,Jatiya Party (JaPa),ds=0,Md. Noman Mia,tbs,Jatiya Party (JaPa),tbs=2857,1.00,name+party match (sim=1.00)
Munshiganj 2,1,Md. Noman Mia,dt,Jatiya Party (JaPa),dt=2857,Md. Noman Mia,"ds,tbs",Jatiya Party (JaPa),ds=0; tbs=2857,1.00,name+party match (sim=1.00) [vote-boosted]
Munshiganj 3,1,Sheikh Md. Kamal Hossain,ds,Communist Party of Bangladesh (CPB),ds=0,Sheikh Md. Kamal Hossain,tbs,Communist Party of Bangladesh (CPB),tbs=304,1.00,name+party match (sim=1.00)
Munshiganj 3,1,Sheikh Md. Kamal Hossain,dt,Communist Party of Bangladesh (CPB),dt=304,Sheikh Md. Kamal Hossain,"ds,tbs",Communist Party of Bangladesh (CPB),ds=0; tbs=304,1.00,name+party match (sim=1.00) [vote-boosted]
Munshiganj 3,1,Sheikh Md. Shimul,ds,Revolutionary Workers Party of Bangladesh (RWPB),ds=0,Sheikh Md. Shimul,tbs,Revolutionary Workers Party of Bangladesh (RWPB),tbs=174,1.00,name+party match (sim=1.00)
Munshiganj 3,1,Sheikh Md. Shimul,dt,Revolutionary Workers Party of Bangladesh (RWPB),dt=174,Sheikh Md. Shimul,"ds,tbs",Revolutionary Workers Party of Bangladesh (RWPB),ds=0; tbs=174,1.00,name+party match (sim=1.00) [vote-boosted]
Munshiganj 3,1,Md. Arifuzzaman,ds,Jatiya Party (JaPa),ds=0,Md. Arifuzzaman,tbs,Jatiya Party (JaPa),tbs=804,1.00,name+party match (sim=1.00)
Munshiganj 3,1,Md. Arifuzzaman (Didar),dt,Jatiya Party (JaPa),dt=804,Md. Arifuzzaman,"ds,tbs",Jatiya Party (JaPa),ds=0; tbs=804,1.00,name+party match (sim=1.00) [vote-boosted]
Munshiganj 3,1,Suman Dewan,ds,Islami Andolan Bangladesh (IAB),ds=0,Suman Dewan,tbs,Islami Andolan Bangladesh (IAB),tbs=6392,1.00,name+party match (sim=1.00)
Munshiganj 3,1,Suman Dewan,dt,Islami Andolan Bangladesh (IAB),dt=6392,Suman Dewan,"ds,tbs",Islami Andolan Bangladesh (IAB),ds=0; tbs=6392,1.00,name+party match (sim=1.00) [vote-boosted]
Munshiganj 3,1,Md. Kamruzzaman,ds,Bangladesh Nationalist Party (BNP),ds=124691,Md. Kamruzzaman,tbs,Bangladesh Nationalist Party (BNP),tbs=124691,1.00,name+party match (sim=1.00) [vote-boosted]
Munshiganj 3,1,Md. Kamruzzaman,bss,Bangladesh Nationalist Party (BNP),bss=124691,Md. Kamruzzaman,"ds,tbs",Bangladesh Nationalist Party (BNP),ds=124691; tbs=124691,1.00,name+party match (sim=1.00) [vote-boosted]
Munshiganj 3,1,Md. Kamruzzaman,dt,Bangladesh Nationalist Party (BNP),dt=124691,Md. Kamruzzaman,"bss,ds,tbs",Bangladesh Nationalist Party (BNP),bss=124691; ds=124691; tbs=124691,1.00,name+party match (sim=1.00) [vote-boosted]
Munshiganj 3,1,Noor Hossain Noorani,ds,Khelafat Majlis,ds=0,Nur Hossain Nurani,tbs,Khelafat Majlis,tbs=54456,1.00,name+party match (sim=1.00)
Munshiganj 3,1,Noor Hossain Noorani,dt,Khelafat Majlis,dt=54456,Noor Hossain Noorani,"ds,tbs",Khelafat Majlis,ds=0; tbs=54456,1.00,name+party match (sim=1.00) [vote-boosted]
Munshiganj 3,1,Md. Mohiuddin,ds,Independent Candidate (Independent),ds=88936,Md. Mohiuddin,tbs,Independent Candidate (Independent),tbs=88936,1.00,name+party match (sim=1.00) [vote-boosted]
Munshiganj 3,1,Mohiuddin,bss,Independent Candidate (Independent),bss=88936,Md. Mohiuddin,"ds,tbs",Independent Candidate (Independent),ds=88936; tbs=88936,0.83,name+party match (sim=0.83) [vote-boosted]
Munshiganj 3,1,Md. Mohiuddin,dt,Independent Candidate (Independent),dt=88936,Md. Mohiuddin,"bss,ds,tbs",Independent Candidate (Independent),bss=88936; ds=88936; tbs=88936,1.00,name+party match (sim=1.00) [vote-boosted]
Munshiganj 3,1,Anis Molla,ds,Bangladesh Labour Party,ds=0,Anis Molla,tbs,Bangladesh Labour Party,tbs=294,1.00,name+party match (sim=1.00)
Munshiganj 3,1,Anis Mollah,dt,Bangladesh Labour Party,dt=155,Anis Molla,"ds,tbs",Bangladesh Labour Party,ds=0; tbs=294,1.00,name+party match (sim=1.00)
Mymensingh 1,1,Md. Tajul Islam,ds,Khelafat Majlis,ds=0,Md. Tajul Islam,tbs,Khelafat Majlis,tbs=53222,1.00,name+party match (sim=1.00)
Mymensingh 1,1,Md. Tajul Islam,dt,Khelafat Majlis,dt=53222,Md. Tajul Islam,"ds,tbs",Khelafat Majlis,ds=0; tbs=53222,1.00,name+party match (sim=1.00) [vote-boosted]
Mymensingh 1,1,Md. Salman Omar,ds,Independent Candidate (Independent),ds=108265,Md. Salman Omar,tbs,Independent Candidate (Independent),tbs=108265,1.00,name+party match (sim=1.00) [vote-boosted]
Mymensingh 1,1,Mohammed Salman Omar,bss,Independent Candidate (Independent),bss=108265,Md. Salman Omar,"ds,tbs",Independent Candidate (Independent),ds=108265; tbs=108265,0.84,name+party match (sim=0.84) [vote-boosted]
Mymensingh 1,1,Mohammad Salman Omar,dt,Independent Candidate (Independent),dt=108265,Mohammed Salman Omar,"bss,ds,tbs",Independent Candidate (Independent),bss=108265; ds=108265; tbs=108265,0.84,name+party match (sim=0.84) [vote-boosted]
Mymensingh 1,1,Md. A. Razzaq,ds,Socialist Party of Bangladesh (Marxist) (SPB-M),ds=0,Md. A. Razzaq,tbs,Socialist Party of Bangladesh (Marxist) (SPB-M),tbs=224,1.00,name+party match (sim=1.00)
Mymensingh 1,1,Md. A. Razzak,dt,Socialist Party of Bangladesh (Marxist) (SPB-M),dt=224,Md. A. Razzaq,"ds,tbs",Socialist Party of Bangladesh (Marxist) (SPB-M),ds=0; tbs=224,0.92,name+party match (sim=0.92) [vote-boosted]
Mymensingh 1,1,Syed Imran Saleh,ds,Bangladesh Nationalist Party (BNP),ds=101926,Syed Imran Saleh,tbs,Bangladesh Nationalist Party (BNP),tbs=101926,1.00,name+party match (sim=1.00) [vote-boosted]
Mymensingh 1,1,Syed Imran Saleh,bss,Bangladesh Nationalist Party (BNP),bss=101926,Syed Imran Saleh,"ds,tbs",Bangladesh Nationalist Party (BNP),ds=101926; tbs=101926,1.00,name+party match (sim=1.00) [vote-boosted]
Mymensingh 1,1,Syed Emran Saleh,dt,Bangladesh Nationalist Party (BNP),dt=101926,Syed Imran Saleh,"bss,ds,tbs",Bangladesh Nationalist Party (BNP),bss=101926; ds=101926; tbs=101926,1.00,name+party match (sim=1.00) [vote-boosted]
Mymensingh 1,1,Azharul Islam,ds,Communist Party of Bangladesh (CPB),ds=0,Azharul Islam,tbs,Communist Party of Bangladesh (CPB),tbs=174,1.00,name+party match (sim=1.00)
Mymensingh 1,1,Azharul Islam,dt,Communist Party of Bangladesh (CPB),dt=174,Azharul Islam,"ds,tbs",Communist Party of Bangladesh (CPB),ds=0; tbs=174,1.00,name+party match (sim=1.00) [vote-boosted]
Mymensingh 1,1,Md. Zillur Rahman,ds,Islami Andolan Bangladesh (IAB),ds=0,: Md. Zillur Rahman,tbs,Islami Andolan Bangladesh (IAB),tbs=315,0.95,name+party match (sim=0.95)
Mymensingh 1,1,Md. Jillur Rahman,dt,Islami Andolan Bangladesh (IAB),dt=3125,: Md. Zillur Rahman,"ds,tbs",Islami Andolan Bangladesh (IAB),ds=0; tbs=315,0.89,name+party match (sim=0.89)
Mymensingh 1,1,Mohammad Rashedul Haque,dt,Bangladesh Labour Party,dt=274,Md. Rashedul Huq,tbs,Bangladesh Labour Party,tbs=274,1.00,name+party match (sim=1.00) [vote-boosted]
Mymensingh 10,1,Md. Akhtaruzzaman,ds,Bangladesh Nationalist Party (BNP),ds=75585,Md. Akhtaruzzaman,tbs,Bangladesh Nationalist Party (BNP),tbs=75585,1.00,name+party match (sim=1.00) [vote-boosted]
Mymensingh 10,1,Mohammad Aktaruzzaman,bss,Bangladesh Nationalist Party (BNP),bss=75585,Md. Akhtaruzzaman,"ds,tbs",Bangladesh Nationalist Party (BNP),ds=75585; tbs=75585,0.97,name+party match (sim=0.97) [vote-boosted]
Mymensingh 10,1,Mohammad Akhtaruzzaman,dt,Bangladesh Nationalist Party (BNP),dt=75585,Mohammad Aktaruzzaman,"bss,ds,tbs",Bangladesh Nationalist Party (BNP),bss=75585; ds=75585; tbs=75585,0.97,name+party match (sim=0.97) [vote-boosted]
Mymensingh 10,1,Md. Al Amin,ds,Jatiya Party (JaPa),ds=0,Md. Al Amin,tbs,Jatiya Party (JaPa),tbs=945,1.00,name+party match (sim=1.00)
Mymensingh 10,1,Md. Al Amin (Sohan),dt,Jatiya Party (JaPa),dt=369,Md. Al Amin,"ds,tbs",Jatiya Party (JaPa),ds=0; tbs=945,1.00,name+party match (sim=1.00)
Mymensingh 10,1,Md. Ismail,ds,Bangladesh Jamaat-e-Islami (Jamaat),ds=0,Md. Ismail,tbs,Bangladesh Jamaat-e-Islami (Jamaat),tbs=66063,1.00,name+party match (sim=1.00)
Mymensingh 10,1,Md. Ismail,dt,Bangladesh Jamaat-e-Islami (Jamaat),dt=66063,Md. Ismail,"ds,tbs",Bangladesh Jamaat-e-Islami (Jamaat),ds=0; tbs=66063,1.00,name+party match (sim=1.00) [vote-boosted]
Mymensingh 10,1,Md. Saifus Salehin,ds,Communist Party of Bangladesh (CPB),ds=0,Md. Saifus Salehin,tbs,Communist Party of Bangladesh (CPB),tbs=299,1.00,name+party match (sim=1.00)
Mymensingh 10,1,Md. Saifus Salehin,dt,Communist Party of Bangladesh (CPB),dt=299,Md. Saifus Salehin,"ds,tbs",Communist Party of Bangladesh (CPB),ds=0; tbs=299,1.00,name+party match (sim=1.00) [vote-boosted]
Mymensingh 10,1,Syed Mahmud Morshed,ds,Bangladesh Liberal Democratic Party (LDP),ds=0,Syed Mahmud Morshed,tbs,Bangladesh Liberal Democratic Party (LDP),tbs=322,1.00,name+party match (sim=1.00)
Mymensingh 10,1,Syed Mahmud Morshed,dt,Bangladesh Liberal Democratic Party (LDP),dt=322,Syed Mahmud Morshed,"ds,tbs",Bangladesh Liberal Democratic Party (LDP),ds=0; tbs=322,1.00,name+party match (sim=1.00) [vote-boosted]
Mymensingh 10,1,Md. Habibullah Belali,ds,Islami Andolan Bangladesh (IAB),ds=0,Md. Habibullah Belali,tbs,Islami Andolan Bangladesh (IAB),tbs=2504,1.00,name+party match (sim=1.00)
Mymensingh 10,1,Md. Habibullah Belali,dt,Islami Andolan Bangladesh (IAB),dt=2504,Md. Habibullah Belali,"ds,tbs",Islami Andolan Bangladesh (IAB),ds=0; tbs=2504,1.00,name+party match (sim=1.00) [vote-boosted]
Mymensingh 10,1,Abu Bakr Siddiqur Rahman,ds,Independent Candidate (Independent),ds=67013,Abu Bakr Siddiqur Rahman,tbs,Independent Candidate (Independent),tbs=67013,1.00,name+party match (sim=1.00) [vote-boosted]
Mymensingh 10,1,Abu Bakr Siddiqur Rahman,bss,Independent Candidate (Independent),bss=67013,Abu Bakr Siddiqur Rahman,"ds,tbs",Independent Candidate (Independent),ds=67013; tbs=67013,1.00,name+party match (sim=1.00) [vote-boosted]
Mymensingh 10,1,Abu Bakar Siddiqur Rahman,dt,Independent Candidate (Independent),dt=67013,Abu Bakr Siddiqur Rahman,"bss,ds,tbs",Independent Candidate (Independent),bss=67013; ds=67013; tbs=67013,1.00,name+party match (sim=1.00) [vote-boosted]
Mymensingh 10,1,A. K. M. Shamsul Alam,ds,Ganosanhati Andolan (GSA),ds=0,"A. , K. , M. , Shamsul Alam",tbs,Ganosanhati Andolan (GSA),tbs=364,1.00,name+party match (sim=1.00)
Mymensingh 10,1,A. K. M. Shamsul Alam,dt,Ganosanhati Andolan (GSA),dt=364,"A. , K. , M. , Shamsul Alam","ds,tbs",Ganosanhati Andolan (GSA),ds=0; tbs=364,1.00,name+party match (sim=1.00) [vote-boosted]
Mymensingh 10,1,Md. Matiur Rahman,dt,Independent Candidate (Independent),dt=386,Md. Matiur Rahman,ds,Independent Candidate (Independent),ds=0,1.00,name+party match (sim=1.00)
Mymensingh 11,1,Fakhr Uddin Ahmed,ds,Bangladesh Nationalist Party (BNP),ds=111230,Fakhr Uddin Ahmed,tbs,Bangladesh Nationalist Party (BNP),tbs=111230,1.00,name+party match (sim=1.00) [vote-boosted]
Mymensingh 11,1,Fakhruddin Ahmed,bss,Bangladesh Nationalist Party (BNP),bss=111230,Fakhr Uddin Ahmed,"ds,tbs",Bangladesh Nationalist Party (BNP),ds=111230; tbs=111230,1.00,name+party match (sim=1.00) [vote-boosted]
Mymensingh 11,1,Fakhr Uddin Ahmed,dt,Bangladesh Nationalist Party (BNP),dt=111230,Fakhr Uddin Ahmed,"bss,ds,tbs",Bangladesh Nationalist Party (BNP),bss=111230; ds=111230; tbs=111230,1.00,name+party match (sim=1.00) [vote-boosted]
Mymensingh 11,1,Md. Anwarul Islam,ds,Gono Odhikar Parishad (GOP),ds=0,Md. Anwarul Islam,tbs,Gono Odhikar Parishad (GOP),tbs=391,1.00,name+party match (sim=1.00)
Mymensingh 11,1,Mohammad Anwarul Islam,dt,Gono Odhikar Parishad (GOP),dt=1855,Md. Anwarul Islam,"ds,tbs",Gono Odhikar Parishad (GOP),ds=0; tbs=391,1.00,name+party match (sim=1.00)
Mymensingh 11,1,Md. Mustafa Kamal,ds,Islami Andolan Bangladesh (IAB),ds=0,Md. Mustafa Kamal,tbs,Islami Andolan Bangladesh (IAB),tbs=1855,1.00,name+party match (sim=1.00)
Mymensingh 11,1,Md. Mostafa Kamal,dt,Islami Andolan Bangladesh (IAB),dt=391,Md. Mustafa Kamal,"ds,tbs",Islami Andolan Bangladesh (IAB),ds=0; tbs=1855,1.00,name+party match (sim=1.00)
Mymensingh 11,1,Zahidul Islam,ds,National Citizen Party (NCP),ds=0,Zahidul Islam,tbs,National Citizen Party (NCP),tbs=22195,1.00,name+party match (sim=1.00)
Mymensingh 11,1,Zahidul Islam,dt,National Citizen Party (NCP),dt=22195,Zahidul Islam,"ds,tbs",National Citizen Party (NCP),ds=0; tbs=22195,1.00,name+party match (sim=1.00) [vote-boosted]
Mymensingh 11,1,Md. Morshed Alam,ds,Independent Candidate (Independent),ds=66016,Md. Morshed Alam,tbs,Independent Candidate (Independent),tbs=66016,1.00,name+party match (sim=1.00) [vote-boosted]
Mymensingh 11,1,Muhammad Morshed Alam,bss,Independent Candidate (Independent),bss=66016,Md. Morshed Alam,"ds,tbs",Independent Candidate (Independent),ds=66016; tbs=66016,1.00,name+party match (sim=1.00) [vote-boosted]
Mymensingh 11,1,Mohammad Morshed Alam,dt,Independent Candidate (Independent),dt=66016,Muhammad Morshed Alam,"bss,ds,tbs",Independent Candidate (Independent),bss=66016; ds=66016; tbs=66016,1.00,name+party match (sim=1.00) [vote-boosted]
Mymensingh 2,1,Md. Emdadul Haque Khan,ds,Jatiya Party (JaPa),ds=0,Md. Emdadul Haque Khan,tbs,Jatiya Party (JaPa),tbs=725,1.00,name+party match (sim=1.00)
Mymensingh 2,1,Md. Emdadul Haque Khan,dt,Jatiya Party (JaPa),dt=725,Md. Emdadul Haque Khan,"ds,tbs",Jatiya Party (JaPa),ds=0; tbs=725,1.00,name+party match (sim=1.00) [vote-boosted]
Mymensingh 2,1,Md. Julhas Uddin Sheikh,ds,Bangladesh Supreme Party (BSP),ds=0,Md. Julhas Uddin Sheikh,tbs,Bangladesh Supreme Party (BSP),tbs=1071,1.00,name+party match (sim=1.00)
Mymensingh 2,1,Md. Julhas Uddin Sheikh,dt,Bangladesh Supreme Party (BSP),dt=1071,Md. Julhas Uddin Sheikh,"ds,tbs",Bangladesh Supreme Party (BSP),ds=0; tbs=1071,1.00,name+party match (sim=1.00) [vote-boosted]
Mymensingh 2,1,Muhammadullah,ds,Khelafat Majlis,ds=146202,Muhammadullah,tbs,Khelafat Majlis,tbs=146202,1.00,name+party match (sim=1.00) [vote-boosted]
Mymensingh 2,1,Muhammadullah,bss,Khelafat Majlis,bss=146202,Muhammadullah,"ds,tbs",Khelafat Majlis,ds=146202; tbs=146202,1.00,name+party match (sim=1.00) [vote-boosted]
Mymensingh 2,1,Mohammadullah,dt,Khelafat Majlis,dt=146202,Muhammadullah,"bss,ds,tbs",Khelafat Majlis,bss=146202; ds=146202; tbs=146202,1.00,name+party match (sim=1.00) [vote-boosted]
Mymensingh 2,1,Shah Shahid Sarwar,ds,Independent Candidate (Independent),ds=0,Shah Shahid Sarwar,tbs,Independent Candidate (Independent),tbs=48874,1.00,name+party match (sim=1.00)
Mymensingh 2,1,Shah Shahid Sarwar,dt,Independent Candidate (Independent),dt=48874,Shah Shahid Sarwar,"ds,tbs",Independent Candidate (Independent),ds=0; tbs=48874,1.00,name+party match (sim=1.00) [vote-boosted]
Mymensingh 2,1,Motahar Hossain Talukder,ds,Bangladesh Nationalist Party (BNP),ds=118438,Motahar Hossain Talukder,tbs,Bangladesh Nationalist Party (BNP),tbs=118438,1.00,name+party match (sim=1.00) [vote-boosted]
Mymensingh 2,1,Motahar Hossain Talukder,bss,Bangladesh Nationalist Party (BNP),bss=118438,Motahar Hossain Talukder,"ds,tbs",Bangladesh Nationalist Party (BNP),ds=118438; tbs=118438,1.00,name+party match (sim=1.00) [vote-boosted]
Mymensingh 2,1,Motahar Hossain Talukder,dt,Bangladesh Nationalist Party (BNP),dt=118438,Motahar Hossain Talukder,"bss,ds,tbs",Bangladesh Nationalist Party (BNP),bss=118438; ds=118438; tbs=118438,1.00,name+party match (sim=1.00) [vote-boosted]
Mymensingh 2,1,Md. Abu Bakr Siddiqui,ds,Independent Candidate (Independent),ds=0,Md. Abu Bakr Siddiqui,tbs,Independent Candidate (Independent),tbs=494,1.00,name+party match (sim=1.00)
Mymensingh 2,1,Mohammad Abu Bakar Siddique,dt,Independent Candidate (Independent),dt=494,Md. Abu Bakr Siddiqui,"ds,tbs",Independent Candidate (Independent),ds=0; tbs=494,1.00,name+party match (sim=1.00) [vote-boosted]
Mymensingh 2,1,Golam Maula Bhuiyan,ds,Islami Andolan Bangladesh (IAB),ds=0,Golam Maula Bhuiyan,tbs,Islami Andolan Bangladesh (IAB),tbs=3857,1.00,name+party match (sim=1.00)
Mymensingh 2,1,Golam Mawla Bhuiyan,dt,Islami Andolan Bangladesh (IAB),dt=3857,Golam Maula Bhuiyan,"ds,tbs",Islami Andolan Bangladesh (IAB),ds=0; tbs=3857,0.95,name+party match (sim=0.95) [vote-boosted]
Mymensingh 3,1,Ahmed Tayebur Rahman,ds,Independent Candidate (Independent),ds=65995,Ahmed Tayebur Rahman,tbs,Independent Candidate (Independent),tbs=65995,1.00,name+party match (sim=1.00) [vote-boosted]
Mymensingh 3,1,Ahmad Taibur Rahman,bss,Independent Candidate (Independent),bss=65995,Ahmed Tayebur Rahman,"ds,tbs",Independent Candidate (Independent),ds=65995; tbs=65995,0.95,name+party match (sim=0.95) [vote-boosted]
Mymensingh 3,1,Ahmed Taiebur Rahman,dt,Independent Candidate (Independent),dt=85995,Ahmed Tayebur Rahman,"bss,ds,tbs",Independent Candidate (Independent),bss=65995; ds=65995; tbs=65995,0.95,name+party match (sim=0.95)
Mymensingh 3,1,A. K. M. Ariful Hasan,ds,Socialist Party of Bangladesh (Marxist) (SPB-M),ds=0,Akm Ariful Hasan,tbs,Socialist Party of Bangladesh (Marxist) (SPB-M),tbs=354,1.00,name+party match (sim=1.00)
Mymensingh 3,1,A. K. M. Ariful Hasan,dt,Socialist Party of Bangladesh (Marxist) (SPB-M),dt=354,A. K. M. Ariful Hasan,"ds,tbs",Socialist Party of Bangladesh (Marxist) (SPB-M),ds=0; tbs=354,1.00,name+party match (sim=1.00) [vote-boosted]
Mymensingh 3,1,Md. Shariful Islam,ds,Islami Andolan Bangladesh (IAB),ds=0,Md. Shariful Islam,tbs,Islami Andolan Bangladesh (IAB),tbs=2745,1.00,name+party match (sim=1.00)
Mymensingh 3,1,Md. Shariful Islam,dt,Islami Andolan Bangladesh (IAB),dt=2745,Md. Shariful Islam,"ds,tbs",Islami Andolan Bangladesh (IAB),ds=0; tbs=2745,1.00,name+party match (sim=1.00) [vote-boosted]
Mymensingh 3,1,M. Iqbal Hossain,ds,Bangladesh Nationalist Party (BNP),ds=75320,M. Iqbal Hossain,tbs,Bangladesh Nationalist Party (BNP),tbs=75320,1.00,name+party match (sim=1.00) [vote-boosted]
Mymensingh 3,1,M Iqbal Hossain,bss,Bangladesh Nationalist Party (BNP),bss=75320,M. Iqbal Hossain,"ds,tbs",Bangladesh Nationalist Party (BNP),ds=75320; tbs=75320,1.00,name+party match (sim=1.00) [vote-boosted]
Mymensingh 3,1,M. Iqbal Hossain,dt,Bangladesh Nationalist Party (BNP),dt=75320,M. Iqbal Hossain,"bss,ds,tbs",Bangladesh Nationalist Party (BNP),bss=75320; ds=75320; tbs=75320,1.00,name+party match (sim=1.00) [vote-boosted]
Mymensingh 3,1,Md. Abu Taher Khan,ds,Bangladesh Nezame Islam Party (BNIP),ds=0,Md. Abu Taher Khan,tbs,Bangladesh Nezame Islam Party (BNIP),tbs=25706,1.00,name+party match (sim=1.00)
Mymensingh 3,1,Md. Abu Taher Khan,dt,Bangladesh Nezame Islam Party (BNIP),dt=25706,Md. Abu Taher Khan,"ds,tbs",Bangladesh Nezame Islam Party (BNIP),ds=0; tbs=25706,1.00,name+party match (sim=1.00) [vote-boosted]
Mymensingh 4,1,Md. Nasir Uddin,ds,Islami Andolan Bangladesh (IAB),ds=0,Md. Nasir Uddin,tbs,Islami Andolan Bangladesh (IAB),tbs=8701,1.00,name+party match (sim=1.00)
Mymensingh 4,1,Md. Nasir Uddin,dt,Islami Andolan Bangladesh (IAB),dt=8701,Md. Nasir Uddin,"ds,tbs",Islami Andolan Bangladesh (IAB),ds=0; tbs=8701,1.00,name+party match (sim=1.00) [vote-boosted]
Mymensingh 4,1,Md. Kamrul Ahsan,ds,Bangladesh Jamaat-e-Islami (Jamaat),ds=171880,Md. Kamrul Ahsan,tbs,Bangladesh Jamaat-e-Islami (Jamaat),tbs=171880,1.00,name+party match (sim=1.00) [vote-boosted]
Mymensingh 4,1,Mohammad Kamrul Ahsan,bss,Bangladesh Jamaat-e-Islami (Jamaat),bss=171880,Md. Kamrul Ahsan,"ds,tbs",Bangladesh Jamaat-e-Islami (Jamaat),ds=171880; tbs=171880,1.00,name+party match (sim=1.00) [vote-boosted]
Mymensingh 4,1,Mohammad Kamrul Ahsan,dt,Bangladesh Jamaat-e-Islami (Jamaat),dt=171880,Mohammad Kamrul Ahsan,"bss,ds,tbs",Bangladesh Jamaat-e-Islami (Jamaat),bss=171880; ds=171880; tbs=171880,1.00,name+party match (sim=1.00) [vote-boosted]
Mymensingh 4,1,Md. Abu Wahab Akand Wahid,ds,Bangladesh Nationalist Party (BNP),ds=179668,Md. Abu Wahab Akand Wahid,tbs,Bangladesh Nationalist Party (BNP),tbs=179688,1.00,name+party match (sim=1.00)
Mymensingh 4,1,Md. Abu Wahab Akand Wahid,bss,Bangladesh Nationalist Party (BNP),bss=179668,Md. Abu Wahab Akand Wahid,"ds,tbs",Bangladesh Nationalist Party (BNP),ds=179668; tbs=179688,1.00,name+party match (sim=1.00) [vote-boosted]
Mymensingh 4,1,Md. Abu Wahab Akand Wahid,dt,Bangladesh Nationalist Party (BNP),dt=179668,Md. Abu Wahab Akand Wahid,"bss,ds,tbs",Bangladesh Nationalist Party (BNP),bss=179668; ds=179668; tbs=179688,1.00,name+party match (sim=1.00) [vote-boosted]
Mymensingh 4,1,Emdadul Haque Millat,ds,Communist Party of Bangladesh (CPB),ds=0,Emdadul Haque Millat,tbs,Communist Party of Bangladesh (CPB),tbs=1397,1.00,name+party match (sim=1.00)
Mymensingh 4,1,Emdadul Haque Millat,dt,Communist Party of Bangladesh (CPB),dt=1397,Emdadul Haque Millat,"ds,tbs",Communist Party of Bangladesh (CPB),ds=0; tbs=1397,1.00,name+party match (sim=1.00) [vote-boosted]
Mymensingh 4,1,Abu Md. Musa Sarkar,ds,Jatiya Party (JaPa),ds=0,Abu Md. Musa Sarkar,tbs,Jatiya Party (JaPa),tbs=3845,1.00,name+party match (sim=1.00)
Mymensingh 4,1,Abu Md. Musa Sarkar,dt,Jatiya Party (JaPa),dt=3845,Abu Md. Musa Sarkar,"ds,tbs",Jatiya Party (JaPa),ds=0; tbs=3845,1.00,name+party match (sim=1.00) [vote-boosted]
Mymensingh 4,1,Shekhar Kumar Roy,ds,Socialist Party of Bangladesh (Marxist) (SPB-M),ds=0,Shekhar Kumar Roy,tbs,Socialist Party of Bangladesh (Marxist) (SPB-M),tbs=1397,1.00,name+party match (sim=1.00)
Mymensingh 4,1,Shekhar Kumar Roy,dt,Socialist Party of Bangladesh (Marxist) (SPB-M),dt=740,Shekhar Kumar Roy,"ds,tbs",Socialist Party of Bangladesh (Marxist) (SPB-M),ds=0; tbs=1397,1.00,name+party match (sim=1.00)
Mymensingh 4,1,Md. Liaquat Ali,ds,Bangladesh Supreme Party (BSP),ds=0,Md. Liaquat Ali,tbs,Bangladesh Supreme Party (BSP),tbs=892,1.00,name+party match (sim=1.00)
Mymensingh 4,1,Md. Liaqat Ali,dt,Bangladesh Supreme Party (BSP),dt=892,Md. Liaquat Ali,"ds,tbs",Bangladesh Supreme Party (BSP),ds=0; tbs=892,1.00,name+party match (sim=1.00) [vote-boosted]
Mymensingh 4,1,Md. Hamidul Islam,dt,National People's Party (NPP),dt=373,Md. Hamidul Islam,tbs,National People's Party (NPP),tbs=373,1.00,name+party match (sim=1.00) [vote-boosted]
Mymensingh 4,1,Mostafizur Rahman,dt,Ganosanhati Andolan (GSA),dt=456,Mostafizur Rahman,ds,Ganosanhati Andolan (GSA),ds=0,1.00,name+party match (sim=1.00)
Mymensingh 5,1,Md. Sirajul Islam,ds,Islami Andolan Bangladesh (IAB),ds=0,Md. Sirajul Islam,tbs,Islami Andolan Bangladesh (IAB),tbs=6646,1.00,name+party match (sim=1.00)
Mymensingh 5,1,Mohammad Sirajul Islam,dt,Islami Andolan Bangladesh (IAB),dt=3648,Md. Sirajul Islam,"ds,tbs",Islami Andolan Bangladesh (IAB),ds=0; tbs=6646,1.00,name+party match (sim=1.00)
Mymensingh 5,1,Md. Rafiqul Islam,ds,Amar Bangladesh Party (AB),ds=0,Md. Rafiqul Islam,tbs,Amar Bangladesh Party (AB),tbs=348,1.00,name+party match (sim=1.00)
Mymensingh 5,1,Md. Rafiqul Islam,dt,Amar Bangladesh Party (AB),dt=348,Md. Rafiqul Islam,"ds,tbs",Amar Bangladesh Party (AB),ds=0; tbs=348,1.00,name+party match (sim=1.00) [vote-boosted]
Mymensingh 5,1,Md. Zakir Hossain,ds,Bangladesh Nationalist Party (BNP),ds=128896,Md. Zakir Hossain,tbs,Bangladesh Nationalist Party (BNP),tbs=128898,1.00,name+party match (sim=1.00)
Mymensingh 5,1,Mohammad Zakir Hossain,bss,Bangladesh Nationalist Party (BNP),bss=128896,Md. Zakir Hossain,"ds,tbs",Bangladesh Nationalist Party (BNP),ds=128896; tbs=128898,1.00,name+party match (sim=1.00) [vote-boosted]
Mymensingh 5,1,Mohammad Zakir Hossain,dt,Bangladesh Nationalist Party (BNP),dt=7926,Mohammad Zakir Hossain,"bss,ds,tbs",Bangladesh Nationalist Party (BNP),bss=128896; ds=128896; tbs=128898,1.00,name+party match (sim=1.00)
Mymensingh 5,1,Md. Matiur Rahman Akand,ds,Bangladesh Jamaat-e-Islami (Jamaat),ds=102226,Md. Matiur Rahman Akand,tbs,Bangladesh Jamaat-e-Islami (Jamaat),tbs=102228,1.00,name+party match (sim=1.00)
Mymensingh 5,1,Md. Matiur Rahman Akand,bss,Bangladesh Jamaat-e-Islami (Jamaat),bss=102228,Md. Matiur Rahman Akand,"ds,tbs",Bangladesh Jamaat-e-Islami (Jamaat),ds=102226; tbs=102228,1.00,name+party match (sim=1.00) [vote-boosted]
Mymensingh 5,1,Md. Matiur Rahman Akand,dt,Bangladesh Jamaat-e-Islami (Jamaat),dt=102228,Md. Matiur Rahman Akand,"bss,ds,tbs",Bangladesh Jamaat-e-Islami (Jamaat),bss=102228; ds=102226; tbs=102228,1.00,name+party match (sim=1.00) [vote-boosted]
Mymensingh 5,1,Mohammad Nazrul Islam,dt,Ganosanhati Andolan (GSA),dt=815,Md. Nazrul Islam,ds,Ganosanhati Andolan (GSA),ds=0,1.00,name+party match (sim=1.00)
Mymensingh 6,1,Md. Akhtarul Alam,ds,Bangladesh Nationalist Party (BNP),ds=0,Md. Akhtarul Alam,tbs,Bangladesh Nationalist Party (BNP),tbs=49476,1.00,name+party match (sim=1.00)
Mymensingh 6,1,Md. Akhtarul Alam,dt,Bangladesh Nationalist Party (BNP),dt=49475,Md. Akhtarul Alam,"ds,tbs",Bangladesh Nationalist Party (BNP),ds=0; tbs=49476,1.00,name+party match (sim=1.00)
Mymensingh 6,1,Md. Jasim Uddin,ds,Independent Candidate (Independent),ds=0,Md. Jasim Uddin,tbs,Independent Candidate (Independent),tbs=51970,1.00,name+party match (sim=1.00)
Mymensingh 6,1,Professor Md. Jasim Uddin,dt,Independent Candidate (Independent),dt=51970,Md. Jasim Uddin,"ds,tbs",Independent Candidate (Independent),ds=0; tbs=51970,1.00,name+party match (sim=1.00) [vote-boosted]
Mymensingh 6,1,Md. Kamrul Hasan,ds,Bangladesh Jamaat-e-Islami (Jamaat),ds=77325,Md. Kamrul Hasan,tbs,Bangladesh Jamaat-e-Islami (Jamaat),tbs=77325,1.00,name+party match (sim=1.00) [vote-boosted]
Mymensingh 6,1,Md. Kamrul Hasan,bss,Bangladesh Jamaat-e-Islami (Jamaat),bss=77325,Md. Kamrul Hasan,"ds,tbs",Bangladesh Jamaat-e-Islami (Jamaat),ds=77325; tbs=77325,1.00,name+party match (sim=1.00) [vote-boosted]
Mymensingh 6,1,Md. Kamrul Hasan,dt,Bangladesh Jamaat-e-Islami (Jamaat),dt=77325,Md. Kamrul Hasan,"bss,ds,tbs",Bangladesh Jamaat-e-Islami (Jamaat),bss=77325; ds=77325; tbs=77325,1.00,name+party match (sim=1.00) [vote-boosted]
Mymensingh 6,1,Md. Noor Alam Siddiqui,ds,Islami Andolan Bangladesh (IAB),ds=0,Md. Noor Alam Siddiqui,tbs,Islami Andolan Bangladesh (IAB),tbs=1967,1.00,name+party match (sim=1.00)
Mymensingh 6,1,Md. Nure Alam Siddique,dt,Islami Andolan Bangladesh (IAB),dt=1967,Md. Noor Alam Siddiqui,"ds,tbs",Islami Andolan Bangladesh (IAB),ds=0; tbs=1967,1.00,name+party match (sim=1.00) [vote-boosted]
Mymensingh 6,1,Akhtar Sultana,ds,Independent Candidate (Independent),ds=53331,Akhtar Sultana,tbs,Independent Candidate (Independent),tbs=53331,1.00,name+party match (sim=1.00) [vote-boosted]
Mymensingh 6,1,Akhtar Sultana,dt,Independent Candidate (Independent),dt=53331,Akhtar Sultana,"ds,tbs",Independent Candidate (Independent),ds=53331; tbs=53331,1.00,name+party match (sim=1.00) [vote-boosted]
Mymensingh 6,2,Akhtar Sultana,bss,Unique - Akhtar Sultana,bss=53331,Akhtar Sultana,"ds,dt,tbs",Independent Candidate (Independent),ds=53331; dt=53331; tbs=53331,1.00,"name+votes match, party differs: Unique - Akhtar Sultana → Independent Candidate (Independent)"
Mymensingh 7,1,Md. Zahirul Islam,ds,Jatiya Party (JaPa),ds=0,Md. Zahirul Islam,tbs,Jatiya Party (JaPa),tbs=579,1.00,name+party match (sim=1.00)
Mymensingh 7,1,Md. Jahirul Islam,dt,Jatiya Party (JaPa),dt=579,Md. Zahirul Islam,"ds,tbs",Jatiya Party (JaPa),ds=0; tbs=579,0.94,name+party match (sim=0.94) [vote-boosted]
Mymensingh 7,1,Md. Anwar Sadat,ds,Independent Candidate (Independent),ds=0,Md. Anwar Sadat,tbs,Independent Candidate (Independent),tbs=33328,1.00,name+party match (sim=1.00)
Mymensingh 7,1,Mohammad Anwar Sadat,dt,Independent Candidate (Independent),dt=33328,Md. Anwar Sadat,"ds,tbs",Independent Candidate (Independent),ds=0; tbs=33328,1.00,name+party match (sim=1.00) [vote-boosted]
Mymensingh 7,1,Md. Mahabubur Rahman,ds,Bangladesh Nationalist Party (BNP),ds=99049,Md. Mahabubur Rahman,tbs,Bangladesh Nationalist Party (BNP),tbs=99049,1.00,name+party match (sim=1.00) [vote-boosted]
Mymensingh 7,1,Dr. Md. Mahabubur Rahman,bss,Bangladesh Nationalist Party (BNP),bss=99049,Md. Mahabubur Rahman,"ds,tbs",Bangladesh Nationalist Party (BNP),ds=99049; tbs=99049,1.00,name+party match (sim=1.00) [vote-boosted]
Mymensingh 7,1,Dr. Md. Mahabubur Rahman,dt,Bangladesh Nationalist Party (BNP),dt=99049,Dr. Md. Mahabubur Rahman,"bss,ds,tbs",Bangladesh Nationalist Party (BNP),bss=99049; ds=99049; tbs=99049,1.00,name+party match (sim=1.00) [vote-boosted]
Mymensingh 7,1,Md. Joynal Abdin,ds,Independent Candidate (Independent),ds=0,Md. Joynal Abdin,tbs,Independent Candidate (Independent),tbs=1044,1.00,name+party match (sim=1.00)
Mymensingh 7,1,Md. Zainal Abedin,dt,Independent Candidate (Independent),dt=1044,Md. Joynal Abdin,"ds,tbs",Independent Candidate (Independent),ds=0; tbs=1044,0.82,name+party match (sim=0.82) [vote-boosted]
Mymensingh 7,1,Md. Asaduzzaman,ds,Bangladesh Jamaat-e-Islami (Jamaat),ds=84851,Md. Asaduzzaman Sohel,tbs,Bangladesh Jamaat-e-Islami (Jamaat),tbs=84851,0.84,name+party match (sim=0.84) [vote-boosted]
Mymensingh 7,1,Md. Achaduzzaman,bss,Bangladesh Jamaat-e-Islami (Jamaat),bss=84851,Md. Asaduzzaman Sohel,"ds,tbs",Bangladesh Jamaat-e-Islami (Jamaat),ds=84851; tbs=84851,0.76,name+party match (sim=0.76) [vote-boosted]
Mymensingh 7,1,Md. Asaduzzaman,dt,Bangladesh Jamaat-e-Islami (Jamaat),dt=84851,Md. Asaduzzaman Sohel,"bss,ds,tbs",Bangladesh Jamaat-e-Islami (Jamaat),bss=84851; ds=84851; tbs=84851,0.84,name+party match (sim=0.84) [vote-boosted]
Mymensingh 7,1,Md. Ibrahim Khalilullah,ds,Islami Andolan Bangladesh (IAB),ds=0,Md. Ibrahim Khalilullah,tbs,Islami Andolan Bangladesh (IAB),tbs=4058,1.00,name+party match (sim=1.00)
Mymensingh 7,1,Md. Ibrahim Khalilullah,dt,Islami Andolan Bangladesh (IAB),dt=4058,Md. Ibrahim Khalilullah,"ds,tbs",Islami Andolan Bangladesh (IAB),ds=0; tbs=4058,1.00,name+party match (sim=1.00) [vote-boosted]
Mymensingh 8,1,Lutfullahel Majed,ds,Bangladesh Nationalist Party (BNP),ds=108685,Lutfullahil Mazid,tbs,Bangladesh Nationalist Party (BNP),tbs=108685,0.90,name+party match (sim=0.90) [vote-boosted]
Mymensingh 8,1,Lutfullahel Majed,bss,Bangladesh Nationalist Party (BNP),bss=108685,Lutfullahil Mazid,"ds,tbs",Bangladesh Nationalist Party (BNP),ds=108685; tbs=108685,0.90,name+party match (sim=0.90) [vote-boosted]
Mymensingh 8,1,Lutfullah-el-Mazed,dt,Bangladesh Nationalist Party (BNP),dt=107577,Lutfullahil Mazid,"bss,ds,tbs",Bangladesh Nationalist Party (BNP),bss=108685; ds=108685; tbs=108685,1.00,name+party match (sim=1.00)
Mymensingh 8,1,Fakhrul Imam,ds,Jatiya Party (JaPa),ds=0,Fakhrul Imam,tbs,Jatiya Party (JaPa),tbs=1761,1.00,name+party match (sim=1.00)
Mymensingh 8,1,Fakhrul Imam,dt,Jatiya Party (JaPa),dt=1719,Fakhrul Imam,"ds,tbs",Jatiya Party (JaPa),ds=0; tbs=1761,1.00,name+party match (sim=1.00)
Mymensingh 8,1,Md. Aurangzeb Belal,ds,Bangladesh Liberal Democratic Party (LDP),ds=46515,Md. Aurangzeb Belal,tbs,Bangladesh Liberal Democratic Party (LDP),tbs=46515,1.00,name+party match (sim=1.00) [vote-boosted]
Mymensingh 8,1,Md. Aurangzeb Belal,bss,Bangladesh Liberal Democratic Party (LDP),bss=46515,Md. Aurangzeb Belal,"ds,tbs",Bangladesh Liberal Democratic Party (LDP),ds=46515; tbs=46515,1.00,name+party match (sim=1.00) [vote-boosted]
Mymensingh 8,1,Md. Aurangzeb Belal,dt,Bangladesh Liberal Democratic Party (LDP),dt=45791,Md. Aurangzeb Belal,"bss,ds,tbs",Bangladesh Liberal Democratic Party (LDP),bss=46515; ds=46515; tbs=46515,1.00,name+party match (sim=1.00)
Mymensingh 8,1,Shah Nurul Kabir,ds,Islami Andolan Bangladesh (IAB),ds=0,Shah Nurul Kabir,tbs,Islami Andolan Bangladesh (IAB),tbs=33029,1.00,name+party match (sim=1.00)
Mymensingh 8,1,Shah Nurul Kabir,dt,Islami Andolan Bangladesh (IAB),dt=32734,Shah Nurul Kabir,"ds,tbs",Islami Andolan Bangladesh (IAB),ds=0; tbs=33029,1.00,name+party match (sim=1.00)
Mymensingh 9,1,Yaser Khan Chowdhury,ds,Bangladesh Nationalist Party (BNP),ds=85761,Yaser Khan Chowdhury,tbs,Bangladesh Nationalist Party (BNP),tbs=85761,1.00,name+party match (sim=1.00) [vote-boosted]
Mymensingh 9,1,Yasser Khan Chowdhury,bss,Bangladesh Nationalist Party (BNP),bss=85761,Yaser Khan Chowdhury,"ds,tbs",Bangladesh Nationalist Party (BNP),ds=85761; tbs=85761,0.98,name+party match (sim=0.98) [vote-boosted]
Mymensingh 9,1,Yaser Khan Chowdhury,dt,Bangladesh Nationalist Party (BNP),dt=85761,Yasser Khan Chowdhury,"bss,ds,tbs",Bangladesh Nationalist Party (BNP),bss=85761; ds=85761; tbs=85761,0.98,name+party match (sim=0.98) [vote-boosted]
Mymensingh 9,1,Md. Latiful Bari,ds,Gono Forum (GF),ds=0,Md. Latiful Bari,tbs,Gono Forum (GF),tbs=252,1.00,name+party match (sim=1.00)
Mymensingh 9,1,Md. Latiful Bari (Hamim),dt,Gono Forum (GF),dt=252,Md. Latiful Bari,"ds,tbs",Gono Forum (GF),ds=0; tbs=252,1.00,name+party match (sim=1.00) [vote-boosted]
Mymensingh 9,1,Akm Anwarul Islam,ds,Bangladesh Development Party (BDP),ds=71168,Akm Anwarul Islam,tbs,Bangladesh Development Party (BDP),tbs=71168,1.00,name+party match (sim=1.00) [vote-boosted]
Mymensingh 9,1,AKM Anwarul Islam,bss,Bangladesh Development Party (BDP),bss=71168,Akm Anwarul Islam,"ds,tbs",Bangladesh Development Party (BDP),ds=71168; tbs=71168,1.00,name+party match (sim=1.00) [vote-boosted]
Mymensingh 9,1,A. K. M. Anwarul Islam,dt,Bangladesh Development Party (BDP),dt=71168,Akm Anwarul Islam,"bss,ds,tbs",Bangladesh Development Party (BDP),bss=71168; ds=71168; tbs=71168,1.00,name+party match (sim=1.00) [vote-boosted]
Mymensingh 9,1,Hasina Khan Chowdhury,ds,Independent Candidate (Independent),ds=0,Hasina Khan Chowdhury,tbs,Independent Candidate (Independent),tbs=30509,1.00,name+party match (sim=1.00)
Mymensingh 9,1,Hasina Khan Chowdhury,dt,Independent Candidate (Independent),dt=30509,Hasina Khan Chowdhury,"ds,tbs",Independent Candidate (Independent),ds=0; tbs=30509,1.00,name+party match (sim=1.00) [vote-boosted]
Mymensingh 9,1,Hasmot Mahmud,ds,Jatiya Party (JaPa),ds=0,Hasmat Mahmud,tbs,Jatiya Party (JaPa),tbs=798,1.00,name+party match (sim=1.00)
Mymensingh 9,1,Hasmat Mahmud,dt,Jatiya Party (JaPa),dt=798,Hasmat Mahmud,"ds,tbs",Jatiya Party (JaPa),ds=0; tbs=798,1.00,name+party match (sim=1.00) [vote-boosted]
Mymensingh 9,1,Md. Saidur Rahman,ds,Islami Andolan Bangladesh (IAB),ds=0,Md. Saidur Rahman,tbs,Islami Andolan Bangladesh (IAB),tbs=5595,1.00,name+party match (sim=1.00)
Mymensingh 9,1,Md. Saeedur Rahman,dt,Islami Andolan Bangladesh (IAB),dt=5596,Md. Saidur Rahman,"ds,tbs",Islami Andolan Bangladesh (IAB),ds=0; tbs=5595,1.00,name+party match (sim=1.00)
Naogaon 1,1,Md. Mahbubul Alam,ds,Bangladesh Jamaat-e-Islami (Jamaat),ds=153816,Md. Mahbubul Alam,tbs,Bangladesh Jamaat-e-Islami (Jamaat),tbs=153816,1.00,name+party match (sim=1.00) [vote-boosted]
Naogaon 1,1,Moha: Mahbubul Alam,bss,Bangladesh Jamaat-e-Islami (Jamaat),bss=153816,Md. Mahbubul Alam,"ds,tbs",Bangladesh Jamaat-e-Islami (Jamaat),ds=153816; tbs=153816,0.84,name+party match (sim=0.84) [vote-boosted]
Naogaon 1,1,Md. Mahbubul Alam,dt,Bangladesh Jamaat-e-Islami (Jamaat),dt=153816,Moha: Mahbubul Alam,"bss,ds,tbs",Bangladesh Jamaat-e-Islami (Jamaat),bss=153816; ds=153816; tbs=153816,0.84,name+party match (sim=0.84) [vote-boosted]
Naogaon 1,1,Md. Akbar Ali,ds,Jatiya Party (JaPa),ds=0,Md. Akber Ali,tbs,Jatiya Party (JaPa),tbs=4243,1.00,name+party match (sim=1.00)
Naogaon 1,1,Md. Akbar Ali,dt,Jatiya Party (JaPa),dt=4243,Md. Akber Ali,"ds,tbs",Jatiya Party (JaPa),ds=0; tbs=4243,1.00,name+party match (sim=1.00) [vote-boosted]
Naogaon 1,1,Md. A. Haque Shah,dt,Islami Andolan Bangladesh (IAB),dt=9058,Md. A. H. Shah,tbs,Islami Andolan Bangladesh (IAB),tbs=9058,0.92,name+party match (sim=0.92) [vote-boosted]
Naogaon 1,1,Md. Saleque Chowdhury,ds,Independent Candidate (Independent),ds=0,Md. Shalek Chowdhury,tbs,Independent Candidate (Independent),tbs=18088,0.88,name+party match (sim=0.88)
Naogaon 1,1,Md. Salek Chowdhury,dt,Independent Candidate (Independent),dt=18088,Md. Saleque Chowdhury,"ds,tbs",Independent Candidate (Independent),ds=0; tbs=18088,0.92,name+party match (sim=0.92) [vote-boosted]
Naogaon 1,1,Md. Mostafizur Rahman,ds,Bangladesh Nationalist Party (BNP),ds=173864,Md. Mostafizur Rahman,tbs,Bangladesh Nationalist Party (BNP),tbs=173864,1.00,name+party match (sim=1.00) [vote-boosted]
Naogaon 1,1,Md. Mostafizur Rahman,bss,Bangladesh Nationalist Party (BNP),bss=173864,Md. Mostafizur Rahman,"ds,tbs",Bangladesh Nationalist Party (BNP),ds=173864; tbs=173864,1.00,name+party match (sim=1.00) [vote-boosted]
Naogaon 1,1,Md. Mostafizur Rahman,dt,Bangladesh Nationalist Party (BNP),dt=173864,Md. Mostafizur Rahman,"bss,ds,tbs",Bangladesh Nationalist Party (BNP),bss=173864; ds=173864; tbs=173864,1.00,name+party match (sim=1.00) [vote-boosted]
Naogaon 2,1,Md. Enamul Haque,ds,Bangladesh Jamaat-e-Islami (Jamaat),ds=141526,Md. Enamul Haque,tbs,Bangladesh Jamaat-e-Islami (Jamaat),tbs=141526,1.00,name+party match (sim=1.00) [vote-boosted]
Naogaon 2,1,Md. Enamul Haque,bss,Bangladesh Jamaat-e-Islami (Jamaat),bss=141526,Md. Enamul Haque,"ds,tbs",Bangladesh Jamaat-e-Islami (Jamaat),ds=141526; tbs=141526,1.00,name+party match (sim=1.00) [vote-boosted]
Naogaon 2,1,Md. Enamul Haque,dt,Bangladesh Jamaat-e-Islami (Jamaat),dt=141526,Md. Enamul Haque,"bss,ds,tbs",Bangladesh Jamaat-e-Islami (Jamaat),bss=141526; ds=141526; tbs=141526,1.00,name+party match (sim=1.00) [vote-boosted]
Naogaon 2,1,Md. Motibul Islam,ds,Amar Bangladesh Party (AB),ds=0,Md. Matibul Islam,tbs,Amar Bangladesh Party (AB),tbs=2680,1.00,name+party match (sim=1.00)
Naogaon 2,1,Md. Matibul Islam,dt,Amar Bangladesh Party (AB),dt=2580,Md. Matibul Islam,"ds,tbs",Amar Bangladesh Party (AB),ds=0; tbs=2680,1.00,name+party match (sim=1.00)
Naogaon 2,1,Md. Shamsuzzoha Khan,ds,Bangladesh Nationalist Party (BNP),ds=134533,Md. Samsujjoha Khan,tbs,Bangladesh Nationalist Party (BNP),tbs=134533,0.87,name+party match (sim=0.87) [vote-boosted]
Naogaon 2,1,Md. Samsujjoha Khan,bss,Bangladesh Nationalist Party (BNP),bss=134533,Md. Shamsuzzoha Khan,"ds,tbs",Bangladesh Nationalist Party (BNP),ds=134533; tbs=134533,0.87,name+party match (sim=0.87) [vote-boosted]
Naogaon 2,1,Md. Shamsuzzoha Khan,dt,Bangladesh Nationalist Party (BNP),dt=134533,Md. Shamsuzzoha Khan,"bss,ds,tbs",Bangladesh Nationalist Party (BNP),bss=134533; ds=134533; tbs=134533,1.00,name+party match (sim=1.00) [vote-boosted]
Naogaon 3,1,Kalipada Sarker,ds,Bangladesh Samajtantrik Dal (Basad),ds=0,Kalipada Sarkar,tbs,Bangladesh Samajtantrik Dal (Basad),tbs=1233,1.00,name+party match (sim=1.00)
Naogaon 3,1,Kalipada Sarkar,dt,Bangladesh Samajtantrik Dal (Basad),dt=1233,Kalipada Sarkar,"ds,tbs",Bangladesh Samajtantrik Dal (Basad),ds=0; tbs=1233,1.00,name+party match (sim=1.00) [vote-boosted]
Naogaon 3,1,Nasir Bin Asghar,ds,Islami Andolan Bangladesh (IAB),ds=0,Nasir Bin Asgar,tbs,Islami Andolan Bangladesh (IAB),tbs=3643,0.97,name+party match (sim=0.97)
Naogaon 3,1,Nasir Bin Asgar,dt,Islami Andolan Bangladesh (IAB),dt=3643,Nasir Bin Asghar,"ds,tbs",Islami Andolan Bangladesh (IAB),ds=0; tbs=3643,0.97,name+party match (sim=0.97) [vote-boosted]
Naogaon 3,1,Parvez Arefin Siddiqui,ds,Independent Candidate (Independent),ds=0,Parvez Arefin Siddiqui,tbs,Independent Candidate (Independent),tbs=17129,1.00,name+party match (sim=1.00)
Naogaon 3,1,Parvez Arefin Siddiqui,dt,Independent Candidate (Independent),dt=17129,Parvez Arefin Siddiqui,"ds,tbs",Independent Candidate (Independent),ds=0; tbs=17129,1.00,name+party match (sim=1.00) [vote-boosted]
Naogaon 3,1,Md. Fazle Huda,ds,Bangladesh Nationalist Party (BNP),ds=166889,Md. Fazle Huda,tbs,Bangladesh Nationalist Party (BNP),tbs=166889,1.00,name+party match (sim=1.00) [vote-boosted]
Naogaon 3,1,Md. Fazle Huda,bss,Bangladesh Nationalist Party (BNP),bss=166889,Md. Fazle Huda,"ds,tbs",Bangladesh Nationalist Party (BNP),ds=166889; tbs=166889,1.00,name+party match (sim=1.00) [vote-boosted]
Naogaon 3,1,Md. Fazle Huda,dt,Bangladesh Nationalist Party (BNP),dt=166889,Md. Fazle Huda,"bss,ds,tbs",Bangladesh Nationalist Party (BNP),bss=166889; ds=166889; tbs=166889,1.00,name+party match (sim=1.00) [vote-boosted]
Naogaon 3,1,Md. Masud Rana,ds,Jatiya Party (JaPa),ds=0,Md. Masud Rana,tbs,Jatiya Party (JaPa),tbs=4869,1.00,name+party match (sim=1.00)
Naogaon 3,1,Md. Masud Rana,dt,Jatiya Party (JaPa),dt=4869,Md. Masud Rana,"ds,tbs",Jatiya Party (JaPa),ds=0; tbs=4869,1.00,name+party match (sim=1.00) [vote-boosted]
Naogaon 3,1,Md. Mahfuzur Rahman,ds,Bangladesh Jamaat-e-Islami (Jamaat),ds=119421,Md. Mahfuzur Rahman,tbs,Bangladesh Jamaat-e-Islami (Jamaat),tbs=119421,1.00,name+party match (sim=1.00) [vote-boosted]
Naogaon 3,1,Md. Mahfuzur Rahman,bss,Bangladesh Jamaat-e-Islami (Jamaat),bss=119421,Md. Mahfuzur Rahman,"ds,tbs",Bangladesh Jamaat-e-Islami (Jamaat),ds=119421; tbs=119421,1.00,name+party match (sim=1.00) [vote-boosted]
Naogaon 3,1,Md. Mahfuzur Rahman,dt,Bangladesh Jamaat-e-Islami (Jamaat),dt=119421,Md. Mahfuzur Rahman,"bss,ds,tbs",Bangladesh Jamaat-e-Islami (Jamaat),bss=119421; ds=119421; tbs=119421,1.00,name+party match (sim=1.00) [vote-boosted]
Naogaon 3,1,Md. Saddam Hossain,ds,Independent Candidate (Independent),ds=0,Md. Saddam Hossain,tbs,Independent Candidate (Independent),tbs=823,1.00,name+party match (sim=1.00)
Naogaon 3,1,Md. Saddam Hossain,dt,Independent Candidate (Independent),dt=823,Md. Saddam Hossain,"ds,tbs",Independent Candidate (Independent),ds=0; tbs=823,1.00,name+party match (sim=1.00) [vote-boosted]
Naogaon 3,1,Abdullah Al Mamun Sykat,ds,Bangladesh Nationalist Front (BNF),ds=0,Abdullah Al Mamun Soikot,tbs,Bangladesh Nationalist Front (BNF),tbs=195,0.96,name+party match (sim=0.96)
Naogaon 3,1,Abdullah Al-Mamun Saikat,dt,Bangladesh Nationalist Front (BNF),dt=195,Abdullah Al Mamun Soikot,"ds,tbs",Bangladesh Nationalist Front (BNF),ds=0; tbs=195,1.00,name+party match (sim=1.00) [vote-boosted]
Naogaon 4,1,Ekramul Bari Tipu,ds,Bangladesh Nationalist Party (BNP),ds=133924,Ekramul Bari Tipu,tbs,Bangladesh Nationalist Party (BNP),tbs=133928,1.00,name+party match (sim=1.00)
Naogaon 4,1,Ikramul Bari Tipu,bss,Bangladesh Nationalist Party (BNP),bss=133924,Ekramul Bari Tipu,"ds,tbs",Bangladesh Nationalist Party (BNP),ds=133924; tbs=133928,1.00,name+party match (sim=1.00) [vote-boosted]
Naogaon 4,1,Ikramul Bari Tipu,dt,Bangladesh Nationalist Party (BNP),dt=133924,Ekramul Bari Tipu,"bss,ds,tbs",Bangladesh Nationalist Party (BNP),bss=133924; ds=133924; tbs=133928,1.00,name+party match (sim=1.00) [vote-boosted]
Naogaon 4,1,S. M. Fazlur Rahman,ds,Communist Party of Bangladesh (CPB),ds=0,S. M. Fazlur Rahman,tbs,Communist Party of Bangladesh (CPB),tbs=2313,1.00,name+party match (sim=1.00)
Naogaon 4,1,Dr. S. M. Fazlur Rahman,dt,Communist Party of Bangladesh (CPB),dt=2313,S. M. Fazlur Rahman,"ds,tbs",Communist Party of Bangladesh (CPB),ds=0; tbs=2313,1.00,name+party match (sim=1.00) [vote-boosted]
Naogaon 4,1,Md. Abdur Rakib,ds,Bangladesh Jamaat-e-Islami (Jamaat),ds=97585,Md. Abdur Rakib,tbs,Bangladesh Jamaat-e-Islami (Jamaat),tbs=97585,1.00,name+party match (sim=1.00) [vote-boosted]
Naogaon 4,1,Md. Abdur Rakib,bss,Bangladesh Jamaat-e-Islami (Jamaat),bss=97585,Md. Abdur Rakib,"ds,tbs",Bangladesh Jamaat-e-Islami (Jamaat),ds=97585; tbs=97585,1.00,name+party match (sim=1.00) [vote-boosted]
Naogaon 4,1,Md. Abdur Rakib,dt,Bangladesh Jamaat-e-Islami (Jamaat),dt=97585,Md. Abdur Rakib,"bss,ds,tbs",Bangladesh Jamaat-e-Islami (Jamaat),bss=97585; ds=97585; tbs=97585,1.00,name+party match (sim=1.00) [vote-boosted]
Naogaon 4,1,Md. Altaf Hossain,ds,Jatiya Party (JaPa),ds=0,Md. Altaf Hossain,tbs,Jatiya Party (JaPa),tbs=1327,1.00,name+party match (sim=1.00)
Naogaon 4,1,Md. Altaf Hossain,dt,Jatiya Party (JaPa),dt=1327,Md. Altaf Hossain,"ds,tbs",Jatiya Party (JaPa),ds=0; tbs=1327,1.00,name+party match (sim=1.00) [vote-boosted]
Naogaon 4,1,Sohrab Hossain,ds,Islami Andolan Bangladesh (IAB),ds=0,Sohrab Hossain,tbs,Islami Andolan Bangladesh (IAB),tbs=609,1.00,name+party match (sim=1.00)
Naogaon 4,1,Sohrab Hossain,dt,Islami Andolan Bangladesh (IAB),dt=609,Sohrab Hossain,"ds,tbs",Islami Andolan Bangladesh (IAB),ds=0; tbs=609,1.00,name+party match (sim=1.00) [vote-boosted]
Naogaon 4,1,Mst. Arfana Begum,ds,Independent Candidate (Independent),ds=0,Mst. Arfana Begum,tbs,Independent Candidate (Independent),tbs=712,1.00,name+party match (sim=1.00)
Naogaon 4,1,Mosammat Arfana Begum,dt,Independent Candidate (Independent),dt=712,Mst. Arfana Begum,"ds,tbs",Independent Candidate (Independent),ds=0; tbs=712,1.00,name+party match (sim=1.00) [vote-boosted]
Naogaon 5,1,Abu Sadat Md. Sayem,ds,Bangladesh Jamaat-e-Islami (Jamaat),ds=104747,Abu Sadat Md. Sayem,tbs,Bangladesh Jamaat-e-Islami (Jamaat),tbs=104747,1.00,name+party match (sim=1.00) [vote-boosted]
Naogaon 5,1,Abu Sadat Md. Sayem,bss,Bangladesh Jamaat-e-Islami (Jamaat),bss=104747,Abu Sadat Md. Sayem,"ds,tbs",Bangladesh Jamaat-e-Islami (Jamaat),ds=104747; tbs=104747,1.00,name+party match (sim=1.00) [vote-boosted]
Naogaon 5,1,Abu Sadat Md. Sayem,dt,Bangladesh Jamaat-e-Islami (Jamaat),dt=43367,Abu Sadat Md. Sayem,"bss,ds,tbs",Bangladesh Jamaat-e-Islami (Jamaat),bss=104747; ds=104747; tbs=104747,1.00,name+party match (sim=1.00)
Naogaon 5,1,Md. Anwar Hossain,ds,Jatiya Party (JaPa),ds=0,Md. Anwar Hossain,tbs,Jatiya Party (JaPa),tbs=2176,1.00,name+party match (sim=1.00)
Naogaon 5,1,Md. Anwar Hossain,dt,Jatiya Party (JaPa),dt=2176,Md. Anwar Hossain,"ds,tbs",Jatiya Party (JaPa),ds=0; tbs=2176,1.00,name+party match (sim=1.00) [vote-boosted]
Naogaon 5,1,Md. Abdur Rahman,ds,Islami Andolan Bangladesh (IAB),ds=0,Md. Abdur Rahman,tbs,Islami Andolan Bangladesh (IAB),tbs=4101,1.00,name+party match (sim=1.00)
Naogaon 5,1,Md. Abdur Rahman,dt,Islami Andolan Bangladesh (IAB),dt=4101,Md. Abdur Rahman,"ds,tbs",Islami Andolan Bangladesh (IAB),ds=0; tbs=4101,1.00,name+party match (sim=1.00) [vote-boosted]
Naogaon 5,1,Md. Zahidul Islam Dhulu,ds,Bangladesh Nationalist Party (BNP),ds=129358,Md. Zahidul Islam Dhalu,tbs,Bangladesh Nationalist Party (BNP),tbs=129385,1.00,name+party match (sim=1.00)
Naogaon 5,1,Md. Zahidul Islam Dhulu,bss,Bangladesh Nationalist Party (BNP),bss=129385,Md. Zahidul Islam Dhalu,"ds,tbs",Bangladesh Nationalist Party (BNP),ds=129358; tbs=129385,1.00,name+party match (sim=1.00) [vote-boosted]
Naogaon 5,1,Md. Zahidul Islam Dhalu,dt,Bangladesh Nationalist Party (BNP),dt=129385,Md. Zahidul Islam Dhalu,"bss,ds,tbs",Bangladesh Nationalist Party (BNP),bss=129385; ds=129358; tbs=129385,1.00,name+party match (sim=1.00) [vote-boosted]
Naogaon 5,1,Shafiqul Islam,ds,Communist Party of Bangladesh (CPB),ds=0,Shafiqul Islam,tbs,Communist Party of Bangladesh (CPB),tbs=741,1.00,name+party match (sim=1.00)
Naogaon 5,1,Shafiqul Islam,dt,Communist Party of Bangladesh (CPB),dt=741,Shafiqul Islam,"ds,tbs",Communist Party of Bangladesh (CPB),ds=0; tbs=741,1.00,name+party match (sim=1.00) [vote-boosted]
Naogaon 6,1,Atiqur Rahman Ratan Molla,ds,Bangladesh Republican Party (BRP),ds=0,Atikur Rahman Ratan Molla,tbs,Bangladesh Republican Party (BRP),tbs=555,0.96,name+party match (sim=0.96)
Naogaon 6,1,Atikur Rahman Ratan Molla,dt,Bangladesh Republican Party (BRP),dt=555,Atikur Rahman Ratan Molla,"ds,tbs",Bangladesh Republican Party (BRP),ds=0; tbs=555,1.00,name+party match (sim=1.00) [vote-boosted]
Naogaon 6,1,Alamgir Kabir,ds,Independent Candidate (Independent),ds=0,Alamgir Kabir,tbs,Independent Candidate (Independent),tbs=19638,1.00,name+party match (sim=1.00)
Naogaon 6,1,Alamgir Kabir,dt,Independent Candidate (Independent),dt=19638,Alamgir Kabir,"ds,tbs",Independent Candidate (Independent),ds=0; tbs=19638,1.00,name+party match (sim=1.00) [vote-boosted]
Naogaon 6,1,Md. Khabirul Islam,ds,Bangladesh Jamaat-e-Islami (Jamaat),ds=97629,Md. Khobirul Islam,tbs,Bangladesh Jamaat-e-Islami (Jamaat),tbs=97629,1.00,name+party match (sim=1.00) [vote-boosted]
Naogaon 6,1,Md. Khabirul Islam,bss,Bangladesh Jamaat-e-Islami (Jamaat),bss=97629,Md. Khobirul Islam,"ds,tbs",Bangladesh Jamaat-e-Islami (Jamaat),ds=97629; tbs=97629,1.00,name+party match (sim=1.00) [vote-boosted]
Naogaon 6,1,Md. Khabirul Islam,dt,Bangladesh Jamaat-e-Islami (Jamaat),dt=97629,Md. Khobirul Islam,"bss,ds,tbs",Bangladesh Jamaat-e-Islami (Jamaat),bss=97629; ds=97629; tbs=97629,1.00,name+party match (sim=1.00) [vote-boosted]
Naogaon 6,1,Md. Rafiqul Islam,ds,Islami Andolan Bangladesh (IAB),ds=0,Md. Rafiqul Islam,tbs,Islami Andolan Bangladesh (IAB),tbs=1833,1.00,name+party match (sim=1.00)
Naogaon 6,1,Md. Rafiqul Islam,dt,Islami Andolan Bangladesh (IAB),dt=1833,Md. Rafiqul Islam,"ds,tbs",Islami Andolan Bangladesh (IAB),ds=0; tbs=1833,1.00,name+party match (sim=1.00) [vote-boosted]
Naogaon 6,1,Sheikh Md. Rezaul Islam,ds,Bangladesh Nationalist Party (BNP),ds=108866,Sheikh Md. Rezaul Islam,tbs,Bangladesh Nationalist Party (BNP),tbs=108866,1.00,name+party match (sim=1.00) [vote-boosted]
Naogaon 6,1,Sheikh Md. Rezaul Islam,bss,Bangladesh Nationalist Party (BNP),bss=108866,Sheikh Md. Rezaul Islam,"ds,tbs",Bangladesh Nationalist Party (BNP),ds=108866; tbs=108866,1.00,name+party match (sim=1.00) [vote-boosted]
Naogaon 6,1,Sheikh Md. Rezaul Islam,dt,Bangladesh Nationalist Party (BNP),dt=108866,Sheikh Md. Rezaul Islam,"bss,ds,tbs",Bangladesh Nationalist Party (BNP),bss=108866; ds=108866; tbs=108866,1.00,name+party match (sim=1.00) [vote-boosted]
Narail 1,1,B. M. Nagib Hossain,ds,Independent Candidate (Independent),ds=0,S. M. Sajjad Hossain,tbs,Independent Candidate (Independent),tbs=898,0.72,name+party match (sim=0.72)
Narail 1,1,B. M. Nagib Hossain,dt,Independent Candidate (Independent),dt=1113,S. M. Sajjad Hossain,"ds,tbs",Independent Candidate (Independent),ds=0; tbs=898,0.72,name+party match (sim=0.72)
Narail 1,1,Md. Ujjal Molla,ds,Independent Candidate (Independent),ds=0,Ujjal Molla,tbs,Independent Candidate (Independent),tbs=230,1.00,name+party match (sim=1.00)
Narail 1,1,Md. Uzzal Molla,dt,Independent Candidate (Independent),dt=230,Md. Ujjal Molla,"ds,tbs",Independent Candidate (Independent),ds=0; tbs=230,0.87,name+party match (sim=0.87) [vote-boosted]
Narail 1,1,Biswas Jahangir Alam,ds,Bangladesh Nationalist Party (BNP),ds=99975,Bishwas Jahangir Alam,tbs,Bangladesh Nationalist Party (BNP),tbs=99975,0.98,name+party match (sim=0.98) [vote-boosted]
Narail 1,1,Biswas Jahangir Alam,bss,Bangladesh Nationalist Party (BNP),bss=99975,Bishwas Jahangir Alam,"ds,tbs",Bangladesh Nationalist Party (BNP),ds=99975; tbs=99975,0.98,name+party match (sim=0.98) [vote-boosted]
Narail 1,1,Biswas Jahangir Alam,dt,Bangladesh Nationalist Party (BNP),dt=99975,Bishwas Jahangir Alam,"bss,ds,tbs",Bangladesh Nationalist Party (BNP),bss=99975; ds=99975; tbs=99975,0.98,name+party match (sim=0.98) [vote-boosted]
Narail 1,1,Md. Obaidullah,ds,Bangladesh Jamaat-e-Islami (Jamaat),ds=75225,Md. Obaidullah,tbs,Bangladesh Jamaat-e-Islami (Jamaat),tbs=75225,1.00,name+party match (sim=1.00) [vote-boosted]
Narail 1,1,Md. Obaidullah,bss,Bangladesh Jamaat-e-Islami (Jamaat),bss=75225,Md. Obaidullah,"ds,tbs",Bangladesh Jamaat-e-Islami (Jamaat),ds=75225; tbs=75225,1.00,name+party match (sim=1.00) [vote-boosted]
Narail 1,1,Md. Obaidullah,dt,Bangladesh Jamaat-e-Islami (Jamaat),dt=75225,Md. Obaidullah,"bss,ds,tbs",Bangladesh Jamaat-e-Islami (Jamaat),bss=75225; ds=75225; tbs=75225,1.00,name+party match (sim=1.00) [vote-boosted]
Narail 1,1,S. M. Sazzad Hossain,dt,Independent Candidate (Independent),dt=898,B. M. Nagib Hossain,tbs,Independent Candidate (Independent),tbs=1113,0.72,name+party match (sim=0.72)
Narail 1,1,Sm Sajjad Hossain,ds,Independent Candidate (Independent),ds=0,S. M. Sazzad Hossain,"dt,tbs",Independent Candidate (Independent),dt=898; tbs=1113,0.81,name+party match (sim=0.81)
Narail 1,1,Abdul Aziz,ds,Islami Andolan Bangladesh (IAB),ds=0,Abdul Aziz,tbs,Islami Andolan Bangladesh (IAB),tbs=6352,1.00,name+party match (sim=1.00)
Narail 1,1,Abdul Aziz,dt,Islami Andolan Bangladesh (IAB),dt=6352,Abdul Aziz,"ds,tbs",Islami Andolan Bangladesh (IAB),ds=0; tbs=6352,1.00,name+party match (sim=1.00) [vote-boosted]
Narail 1,1,Md. Milton Molla,ds,Jatiya Party (JaPa),ds=0,Md. Milton Molla,tbs,Jatiya Party (JaPa),tbs=461,1.00,name+party match (sim=1.00)
Narail 1,1,Md. Milton Molla,dt,Jatiya Party (JaPa),dt=461,Md. Milton Molla,"ds,tbs",Jatiya Party (JaPa),ds=0; tbs=461,1.00,name+party match (sim=1.00) [vote-boosted]
Narail 1,1,Sukesh Saha Anand,ds,Independent Candidate (Independent),ds=0,Sukesh Saha Ananda,tbs,Independent Candidate (Independent),tbs=864,1.00,name+party match (sim=1.00)
Narail 1,1,Sukesh Saha Ananda,dt,Independent Candidate (Independent),dt=864,Sukesh Saha Ananda,"ds,tbs",Independent Candidate (Independent),ds=0; tbs=864,1.00,name+party match (sim=1.00) [vote-boosted]
Narail 2,1,Ataur Rahman,ds,Bangladesh Jamaat-e-Islami (Jamaat),ds=118142,Md. Ataur Rahman,tbs,Bangladesh Jamaat-e-Islami (Jamaat),tbs=118142,1.00,name+party match (sim=1.00) [vote-boosted]
Narail 2,1,Md. Ataur Rahman,bss,Bangladesh Jamaat-e-Islami (Jamaat),bss=118142,Md. Ataur Rahman,"ds,tbs",Bangladesh Jamaat-e-Islami (Jamaat),ds=118142; tbs=118142,1.00,name+party match (sim=1.00) [vote-boosted]
Narail 2,1,Md. Ataur Rahman,dt,Bangladesh Jamaat-e-Islami (Jamaat),dt=118142,Md. Ataur Rahman,"bss,ds,tbs",Bangladesh Jamaat-e-Islami (Jamaat),bss=118142; ds=118142; tbs=118142,1.00,name+party match (sim=1.00) [vote-boosted]
Narail 2,1,A. Z. M. Fariduzzaman,ds,Bangladesh Nationalist Party (BNP),ds=0,A. Z. M. Fariduzzaman,tbs,Bangladesh Nationalist Party (BNP),tbs=45463,1.00,name+party match (sim=1.00)
Narail 2,1,AZM Fariduzzaman,dt,Bangladesh Nationalist Party (BNP),dt=45463,A. Z. M. Fariduzzaman,"ds,tbs",Bangladesh Nationalist Party (BNP),ds=0; tbs=45463,1.00,name+party match (sim=1.00) [vote-boosted]
Narail 2,1,Md. Tajul Islam,ds,Islami Andolan Bangladesh (IAB),ds=0,Md. Tajul Islam,tbs,Islami Andolan Bangladesh (IAB),tbs=4729,1.00,name+party match (sim=1.00)
Narail 2,1,Md. Tajul Islam,dt,Islami Andolan Bangladesh (IAB),dt=4729,Md. Tajul Islam,"ds,tbs",Islami Andolan Bangladesh (IAB),ds=0; tbs=4729,1.00,name+party match (sim=1.00) [vote-boosted]
Narail 2,1,Khandaker Fayequzzaman,ds,Jatiya Party (JaPa),ds=0,Khandaker Fayekuzzaman,tbs,Jatiya Party (JaPa),tbs=688,0.95,name+party match (sim=0.95)
Narail 2,1,Khandaker Fayekuzzaman,dt,Jatiya Party (JaPa),dt=688,Khandaker Fayekuzzaman,"ds,tbs",Jatiya Party (JaPa),ds=0; tbs=688,1.00,name+party match (sim=1.00) [vote-boosted]
Narail 2,1,Md. Noor Islam,ds,Gono Odhikar Parishad (GOP),ds=0,Md. Nur Islam,tbs,Gono Odhikar Parishad (GOP),tbs=339,1.00,name+party match (sim=1.00)
Narail 2,1,Md. Nur Islam,dt,Gono Odhikar Parishad (GOP),dt=339,Md. Noor Islam,"ds,tbs",Gono Odhikar Parishad (GOP),ds=0; tbs=339,1.00,name+party match (sim=1.00) [vote-boosted]
Narail 2,1,Md. Monirul Islam,ds,Independent Candidate (Independent),ds=78457,Md. Monirul Islam,tbs,Independent Candidate (Independent),tbs=78457,1.00,name+party match (sim=1.00) [vote-boosted]
Narail 2,1,Md. Monirul Islam,bss,Independent Candidate (Independent),bss=78457,Md. Monirul Islam,"ds,tbs",Independent Candidate (Independent),ds=78457; tbs=78457,1.00,name+party match (sim=1.00) [vote-boosted]
Narail 2,1,Md. Monirul Islam,dt,Independent Candidate (Independent),dt=78457,Md. Monirul Islam,"bss,ds,tbs",Independent Candidate (Independent),bss=78457; ds=78457; tbs=78457,1.00,name+party match (sim=1.00) [vote-boosted]
Narail 2,1,Mst. Farida Yasmin,ds,Independent Candidate (Independent),ds=0,Mst. Farida Yasmin,tbs,Independent Candidate (Independent),tbs=219,1.00,name+party match (sim=1.00)
Narail 2,1,Mosammat Farida Yasmin,dt,Independent Candidate (Independent),dt=219,Mst. Farida Yasmin,"ds,tbs",Independent Candidate (Independent),ds=0; tbs=219,1.00,name+party match (sim=1.00) [vote-boosted]
Narail 2,1,Md. Shoaib Ali,ds,Bangladesh Sangskritik Muktijote (BSM),ds=0,Md. Shoaib Ali,tbs,Bangladesh Sangskritik Muktijote (BSM),tbs=220,1.00,name+party match (sim=1.00)
Narail 2,1,Md. Shoaib Ali,dt,Bangladesh Sangskritik Muktijote (BSM),dt=220,Md. Shoaib Ali,"ds,tbs",Bangladesh Sangskritik Muktijote (BSM),ds=0; tbs=220,1.00,name+party match (sim=1.00) [vote-boosted]
Narayanganj 1,1,Mostafizur Rahman Bhuiyan,ds,Bangladesh Nationalist Party (BNP),ds=158358,Mustafizur Rahman Bhuiyan,tbs,Bangladesh Nationalist Party (BNP),tbs=158358,1.00,name+party match (sim=1.00) [vote-boosted]
Narayanganj 1,1,Mustafizur Rahman Bhuiyan,bss,Bangladesh Nationalist Party (BNP),bss=158358,Mustafizur Rahman Bhuiyan,"ds,tbs",Bangladesh Nationalist Party (BNP),ds=158358; tbs=158358,1.00,name+party match (sim=1.00) [vote-boosted]
Narayanganj 1,1,Mustafizur Rahman Bhuiyan,dt,Bangladesh Nationalist Party (BNP),dt=156358,Mustafizur Rahman Bhuiyan,"bss,ds,tbs",Bangladesh Nationalist Party (BNP),bss=158358; ds=158358; tbs=158358,1.00,name+party match (sim=1.00)
Narayanganj 1,1,Md. Imdadullah,ds,Islami Andolan Bangladesh (IAB),ds=0,Md. Imdadullah,tbs,Islami Andolan Bangladesh (IAB),tbs=7186,1.00,name+party match (sim=1.00)
Narayanganj 1,1,Md. Imdadullah,dt,Islami Andolan Bangladesh (IAB),dt=7186,Md. Imdadullah,"ds,tbs",Islami Andolan Bangladesh (IAB),ds=0; tbs=7186,1.00,name+party match (sim=1.00) [vote-boosted]
Narayanganj 1,1,Md. Anwar Hossain Molla,ds,Bangladesh Jamaat-e-Islami (Jamaat),ds=91690,Md. Anwar Hosen Molla,tbs,Bangladesh Jamaat-e-Islami (Jamaat),tbs=91690,0.96,name+party match (sim=0.96) [vote-boosted]
Narayanganj 1,1,Md. Anwar Hossain Molla,bss,Bangladesh Jamaat-e-Islami (Jamaat),bss=91690,Md. Anwar Hossain Molla,"ds,tbs",Bangladesh Jamaat-e-Islami (Jamaat),ds=91690; tbs=91690,1.00,name+party match (sim=1.00) [vote-boosted]
Narayanganj 1,1,Md. Anwar Hossain Molla,dt,Bangladesh Jamaat-e-Islami (Jamaat),dt=91690,Md. Anwar Hossain Molla,"bss,ds,tbs",Bangladesh Jamaat-e-Islami (Jamaat),bss=91690; ds=91690; tbs=91690,1.00,name+party match (sim=1.00) [vote-boosted]
Narayanganj 1,1,Md. Dulal,ds,Independent Candidate (Independent),ds=0,Md. Dulal,tbs,Independent Candidate (Independent),tbs=463,1.00,name+party match (sim=1.00)
Narayanganj 1,1,Mohammad Dulal,dt,Independent Candidate (Independent),dt=463,Md. Dulal,"ds,tbs",Independent Candidate (Independent),ds=0; tbs=463,1.00,name+party match (sim=1.00) [vote-boosted]
Narayanganj 1,1,Wasim Uddin,ds,Gono Odhikar Parishad (GOP),ds=0,Wasim Uddin,tbs,Gono Odhikar Parishad (GOP),tbs=219,1.00,name+party match (sim=1.00)
Narayanganj 1,1,Wasim Uddin,dt,Gono Odhikar Parishad (GOP),dt=219,Wasim Uddin,"ds,tbs",Gono Odhikar Parishad (GOP),ds=0; tbs=219,1.00,name+party match (sim=1.00) [vote-boosted]
Narayanganj 1,1,Md. Moniruzzaman Chandan,ds,Communist Party of Bangladesh (CPB),ds=0,Md. Moniruzzaman Chandan,tbs,Communist Party of Bangladesh (CPB),tbs=261,1.00,name+party match (sim=1.00)
Narayanganj 1,1,Md. Moniruzzaman Chandan,dt,Communist Party of Bangladesh (CPB),dt=261,Md. Moniruzzaman Chandan,"ds,tbs",Communist Party of Bangladesh (CPB),ds=0; tbs=261,1.00,name+party match (sim=1.00) [vote-boosted]
Narayanganj 1,1,Md. Rehan Afzal,ds,Insaniyat Biplob Bangladesh (IBB),ds=0,Md. Rehan Afzal,tbs,Insaniyat Biplob Bangladesh (IBB),tbs=207,1.00,name+party match (sim=1.00)
Narayanganj 1,1,Md. Rehan Afzal,dt,Insaniyat Biplob Bangladesh (IBB),dt=207,Md. Rehan Afzal,"ds,tbs",Insaniyat Biplob Bangladesh (IBB),ds=0; tbs=207,1.00,name+party match (sim=1.00) [vote-boosted]
Narayanganj 2,1,Md. Abu Hanif Hridoy,ds,Bangladesh Republican Party (BRP),ds=0,Md. Abu Hanif Hridoy,tbs,Bangladesh Republican Party (BRP),tbs=227,1.00,name+party match (sim=1.00)
Narayanganj 2,1,Md. Abu Hanif Hridoy,dt,Bangladesh Republican Party (BRP),dt=227,Md. Abu Hanif Hridoy,"ds,tbs",Bangladesh Republican Party (BRP),ds=0; tbs=227,1.00,name+party match (sim=1.00) [vote-boosted]
Narayanganj 2,1,Nazrul Islam Azad,ds,Bangladesh Nationalist Party (BNP),ds=124291,Md. Nazrul Islam Azad,tbs,Bangladesh Nationalist Party (BNP),tbs=124291,1.00,name+party match (sim=1.00) [vote-boosted]
Narayanganj 2,1,Md. Nazrul Islam Azad,bss,Bangladesh Nationalist Party (BNP),bss=124291,Md. Nazrul Islam Azad,"ds,tbs",Bangladesh Nationalist Party (BNP),ds=124291; tbs=124291,1.00,name+party match (sim=1.00) [vote-boosted]
Narayanganj 2,1,Md. Nazrul Islam Azad,dt,Bangladesh Nationalist Party (BNP),dt=124291,Md. Nazrul Islam Azad,"bss,ds,tbs",Bangladesh Nationalist Party (BNP),bss=124291; ds=124291; tbs=124291,1.00,name+party match (sim=1.00) [vote-boosted]
Narayanganj 2,1,Md. Elias Molla,ds,Bangladesh Jamaat-e-Islami (Jamaat),ds=81054,Md. Elias Molla,tbs,Bangladesh Jamaat-e-Islami (Jamaat),tbs=81054,1.00,name+party match (sim=1.00) [vote-boosted]
Narayanganj 2,1,Md Ilyach Molla,bss,Bangladesh Jamaat-e-Islami (Jamaat),bss=81054,Md. Elias Molla,"ds,tbs",Bangladesh Jamaat-e-Islami (Jamaat),ds=81054; tbs=81054,0.77,name+party match (sim=0.77) [vote-boosted]
Narayanganj 2,1,Md. Elias Molla,dt,Bangladesh Jamaat-e-Islami (Jamaat),dt=81054,Md. Elias Molla,"bss,ds,tbs",Bangladesh Jamaat-e-Islami (Jamaat),bss=81054; ds=81054; tbs=81054,1.00,name+party match (sim=1.00) [vote-boosted]
Narayanganj 2,1,Md. Habibullah,ds,Islami Andolan Bangladesh (IAB),ds=0,Md. Habibullah,tbs,Islami Andolan Bangladesh (IAB),tbs=5265,1.00,name+party match (sim=1.00)
Narayanganj 2,1,Maulana Md. Habibullah,dt,Islami Andolan Bangladesh (IAB),dt=5265,Md. Habibullah,"ds,tbs",Islami Andolan Bangladesh (IAB),ds=0; tbs=5265,1.00,name+party match (sim=1.00) [vote-boosted]
Narayanganj 2,1,Md. Ataur Rahman Khan,ds,Independent Candidate (Independent),ds=0,Md. Ataur Rahman Khan,tbs,Independent Candidate (Independent),tbs=18744,1.00,name+party match (sim=1.00)
Narayanganj 2,1,Md. Ataur Rahman Khan,dt,Independent Candidate (Independent),dt=18744,Md. Ataur Rahman Khan,"ds,tbs",Independent Candidate (Independent),ds=0; tbs=18744,1.00,name+party match (sim=1.00) [vote-boosted]
Narayanganj 2,1,Md. Kamrul Mia,ds,Gono Odhikar Parishad (GOP),ds=0,Kamrul Mia,tbs,Gono Odhikar Parishad (GOP),tbs=142,1.00,name+party match (sim=1.00)
Narayanganj 2,1,Kamrul Mia,dt,Gono Odhikar Parishad (GOP),dt=142,Md. Kamrul Mia,"ds,tbs",Gono Odhikar Parishad (GOP),ds=0; tbs=142,1.00,name+party match (sim=1.00) [vote-boosted]
Narayanganj 2,1,Md. Hafizul Islam,ds,Communist Party of Bangladesh (CPB),ds=0,Md. Hafizul Islam,tbs,Communist Party of Bangladesh (CPB),tbs=350,1.00,name+party match (sim=1.00)
Narayanganj 2,1,Md. Hafizul Islam,dt,Communist Party of Bangladesh (CPB),dt=350,Md. Hafizul Islam,"ds,tbs",Communist Party of Bangladesh (CPB),ds=0; tbs=350,1.00,name+party match (sim=1.00) [vote-boosted]
Narayanganj 3,1,Azharul Islam Mannan,ds,Bangladesh Nationalist Party (BNP),ds=155400,Azharul Islam Mannan,tbs,Bangladesh Nationalist Party (BNP),tbs=155400,1.00,name+party match (sim=1.00) [vote-boosted]
Narayanganj 3,1,Azharul Islam Mannan,bss,Bangladesh Nationalist Party (BNP),bss=155400,Azharul Islam Mannan,"ds,tbs",Bangladesh Nationalist Party (BNP),ds=155400; tbs=155400,1.00,name+party match (sim=1.00) [vote-boosted]
Narayanganj 3,1,Azharul Islam Mannan,dt,Bangladesh Nationalist Party (BNP),dt=155400,Azharul Islam Mannan,"bss,ds,tbs",Bangladesh Nationalist Party (BNP),bss=155400; ds=155400; tbs=155400,1.00,name+party match (sim=1.00) [vote-boosted]
Narayanganj 3,1,Md. Iqbal Hossain Bhuiyan,ds,Bangladesh Jamaat-e-Islami (Jamaat),ds=134918,Md. Iqbal Kartim Bhuiyan,tbs,Bangladesh Jamaat-e-Islami (Jamaat),tbs=134918,0.82,name+party match (sim=0.82) [vote-boosted]
Narayanganj 3,1,Md. Iqbal Hossain Bhuiyan,bss,Bangladesh Jamaat-e-Islami (Jamaat),bss=134918,Md. Iqbal Hossain Bhuiyan,"ds,tbs",Bangladesh Jamaat-e-Islami (Jamaat),ds=134918; tbs=134918,1.00,name+party match (sim=1.00) [vote-boosted]
Narayanganj 3,1,Md. Iqbal Hossain Bhuiyan,dt,Bangladesh Jamaat-e-Islami (Jamaat),dt=134918,Md. Iqbal Hossain Bhuiyan,"bss,ds,tbs",Bangladesh Jamaat-e-Islami (Jamaat),bss=134918; ds=134918; tbs=134918,1.00,name+party match (sim=1.00) [vote-boosted]
Narayanganj 3,1,Golam Moshi,ds,Islami Andolan Bangladesh (IAB),ds=0,Golam Messiah,tbs,Islami Andolan Bangladesh (IAB),tbs=14223,0.92,name+party match (sim=0.92)
Narayanganj 3,1,Golam Masih,dt,Islami Andolan Bangladesh (IAB),dt=14223,Golam Messiah,"ds,tbs",Islami Andolan Bangladesh (IAB),ds=0; tbs=14223,0.92,name+party match (sim=0.92) [vote-boosted]
Narayanganj 3,1,Md. Shahjahan,ds,Khelafat Majlis,ds=0,Md. Shahjahan,tbs,Khelafat Majlis,tbs=1193,1.00,name+party match (sim=1.00)
Narayanganj 3,1,Md. Shahjahan,dt,Khelafat Majlis,dt=1193,Md. Shahjahan,"ds,tbs",Khelafat Majlis,ds=0; tbs=1193,1.00,name+party match (sim=1.00) [vote-boosted]
Narayanganj 3,1,Ariful Islam,ds,Amar Bangladesh Party (AB),ds=0,Ariful Islam,tbs,Amar Bangladesh Party (AB),tbs=137,1.00,name+party match (sim=1.00)
Narayanganj 3,1,Ariful Islam,dt,Amar Bangladesh Party (AB),dt=137,Ariful Islam,"ds,tbs",Amar Bangladesh Party (AB),ds=0; tbs=137,1.00,name+party match (sim=1.00) [vote-boosted]
Narayanganj 3,1,Md. Rezaul Karim,ds,Independent Candidate (Independent),ds=0,Md. Rezaul Karim,tbs,Independent Candidate (Independent),tbs=4596,1.00,name+party match (sim=1.00)
Narayanganj 3,1,Prof. Md. Rezaul Karim,dt,Independent Candidate (Independent),dt=4596,Md. Rezaul Karim,"ds,tbs",Independent Candidate (Independent),ds=0; tbs=4596,0.84,name+party match (sim=0.84) [vote-boosted]
Narayanganj 3,1,Anjan Das,ds,Ganosanhati Andolan (GSA),ds=0,Anjan Das,tbs,Ganosanhati Andolan (GSA),tbs=838,1.00,name+party match (sim=1.00)
Narayanganj 3,1,Anjan Das,dt,Ganosanhati Andolan (GSA),dt=638,Anjan Das,"ds,tbs",Ganosanhati Andolan (GSA),ds=0; tbs=838,1.00,name+party match (sim=1.00)
Narayanganj 3,1,Md. Atiqur Rahman Nannu Munshi,ds,Bangladesh Khelafat Andolon (BKA),ds=0,Md. Atiqur Rahman Nannu Munshi,tbs,Bangladesh Khelafat Andolon (BKA),tbs=769,1.00,name+party match (sim=1.00)
Narayanganj 3,1,Md. Atikur Rahman Nannu Munshi,dt,Bangladesh Khelafat Andolon (BKA),dt=1193,Md. Atiqur Rahman Nannu Munshi,"ds,tbs",Bangladesh Khelafat Andolon (BKA),ds=0; tbs=769,0.97,name+party match (sim=0.97)
Narayanganj 3,1,Abdul Karim Munshi,ds,Janotar Dol,ds=0,Abdul Karim Munshi,tbs,Janotar Dol,tbs=285,1.00,name+party match (sim=1.00)
Narayanganj 3,1,Abdul Karim Munshi,dt,Janotar Dol,dt=285,Abdul Karim Munshi,"ds,tbs",Janotar Dol,ds=0; tbs=285,1.00,name+party match (sim=1.00) [vote-boosted]
Narayanganj 3,1,Md. Ghiyas Uddin,ds,Independent Candidate (Independent),ds=0,Md. Ghiyas Uddin,tbs,Independent Candidate (Independent),tbs=20379,1.00,name+party match (sim=1.00)
Narayanganj 3,1,Mohammad Gias Uddin,dt,Independent Candidate (Independent),dt=20379,Md. Ghiyas Uddin,"ds,tbs",Independent Candidate (Independent),ds=0; tbs=20379,0.93,name+party match (sim=0.93) [vote-boosted]
Narayanganj 3,1,Md. Wahidur Rahman Milky,ds,Gono Odhikar Parishad (GOP),ds=0,Md. Wahidur Rahman Milky,tbs,Gono Odhikar Parishad (GOP),tbs=314,1.00,name+party match (sim=1.00)
Narayanganj 3,1,Md. Wahidur Rahman Milki,dt,Gono Odhikar Parishad (GOP),dt=314,Md. Wahidur Rahman Milky,"ds,tbs",Gono Odhikar Parishad (GOP),ds=0; tbs=314,0.96,name+party match (sim=0.96) [vote-boosted]
Narayanganj 4,1,Abdullah Al Amin,ds,National Citizen Party (NCP),ds=106171,Abdullah Al Amin,tbs,National Citizen Party (NCP),tbs=106171,1.00,name+party match (sim=1.00) [vote-boosted]
Narayanganj 4,1,Abdullah Al Amin,bss,National Citizen Party (NCP),bss=106171,Abdullah Al Amin,"ds,tbs",National Citizen Party (NCP),ds=106171; tbs=106171,1.00,name+party match (sim=1.00) [vote-boosted]
Narayanganj 4,1,Abdullah Al Amin,dt,National Citizen Party (NCP),dt=106171,Abdullah Al Amin,"bss,ds,tbs",National Citizen Party (NCP),bss=106171; ds=106171; tbs=106171,1.00,name+party match (sim=1.00) [vote-boosted]
Narayanganj 4,1,Md. Ismail Hossain Kausar,ds,Islami Andolan Bangladesh (IAB),ds=0,Ismail Hossain Kawsar,tbs,Islami Andolan Bangladesh (IAB),tbs=16746,0.87,name+party match (sim=0.87)
Narayanganj 4,1,Md. Ismail Hossain Kawsar,dt,Islami Andolan Bangladesh (IAB),dt=16746,Md. Ismail Hossain Kausar,"ds,tbs",Islami Andolan Bangladesh (IAB),ds=0; tbs=16746,0.96,name+party match (sim=0.96) [vote-boosted]
Narayanganj 4,1,Md. Salahuddin Khoka,ds,Jatiya Party (JaPa),ds=0,Md. Salahuddin Khoka,tbs,Jatiya Party (JaPa),tbs=817,1.00,name+party match (sim=1.00)
Narayanganj 4,1,Md. Salauddin Khoka,dt,Jatiya Party (JaPa),dt=817,Md. Salahuddin Khoka,"ds,tbs",Jatiya Party (JaPa),ds=0; tbs=817,1.00,name+party match (sim=1.00) [vote-boosted]
Narayanganj 4,1,Iqbal Hossain,ds,Communist Party of Bangladesh (CPB),ds=0,Iqbal Hossain,tbs,Communist Party of Bangladesh (CPB),tbs=479,1.00,name+party match (sim=1.00)
Narayanganj 4,1,Iqbal Hossain,dt,Communist Party of Bangladesh (CPB),dt=479,Iqbal Hossain,"ds,tbs",Communist Party of Bangladesh (CPB),ds=0; tbs=479,1.00,name+party match (sim=1.00) [vote-boosted]
Narayanganj 4,1,Salim Mahmud,ds,Bangladesh Samajtantrik Dal (Basad),ds=0,Salim Mahmud,tbs,Bangladesh Samajtantrik Dal (Basad),tbs=282,1.00,name+party match (sim=1.00)
Narayanganj 4,1,Selim Mahmud,dt,Bangladesh Samajtantrik Dal (Basad),dt=282,Salim Mahmud,"ds,tbs",Bangladesh Samajtantrik Dal (Basad),ds=0; tbs=282,1.00,name+party match (sim=1.00) [vote-boosted]
Narayanganj 4,1,Md. Arif Bhuiyan,ds,Gono Odhikar Parishad (GOP),ds=0,Md. Arif Bhuiyan,tbs,Gono Odhikar Parishad (GOP),tbs=106,1.00,name+party match (sim=1.00)
Narayanganj 4,1,Md. Arif Bhuiyan,dt,Gono Odhikar Parishad (GOP),dt=106,Md. Arif Bhuiyan,"ds,tbs",Gono Odhikar Parishad (GOP),ds=0; tbs=106,1.00,name+party match (sim=1.00) [vote-boosted]
Narayanganj 4,1,Md. Ali,ds,Bangladesh Republican Party (BRP),ds=0,Md. Ali,tbs,Bangladesh Republican Party (BRP),tbs=11328,1.00,name+party match (sim=1.00)
Narayanganj 4,1,Mohammad Ali,dt,Bangladesh Republican Party (BRP),dt=11328,Md. Ali,"ds,tbs",Bangladesh Republican Party (BRP),ds=0; tbs=11328,1.00,name+party match (sim=1.00) [vote-boosted]
Narayanganj 4,1,Anwar Hossain,ds,Khelafat Majlis,ds=0,Anwar Hossain,tbs,Khelafat Majlis,tbs=800,1.00,name+party match (sim=1.00)
Narayanganj 4,1,Anwar Hossain,dt,Khelafat Majlis,dt=800,Anwar Hossain,"ds,tbs",Khelafat Majlis,ds=0; tbs=800,1.00,name+party match (sim=1.00) [vote-boosted]
Narayanganj 4,1,Md. Ghiyas Uddin,ds,Independent Candidate (Independent),ds=0,Md. Ghiyas Uddin,tbs,Independent Candidate (Independent),tbs=9779,1.00,name+party match (sim=1.00)
Narayanganj 4,1,Mohammad Gias Uddin,dt,Independent Candidate (Independent),dt=8771,Md. Ghiyas Uddin,"ds,tbs",Independent Candidate (Independent),ds=0; tbs=9779,0.93,name+party match (sim=0.93)
Narayanganj 4,1,Md. Shah Alam,ds,Independent Candidate (Independent),ds=0,Md. Shah Alam,tbs,Independent Candidate (Independent),tbs=31589,1.00,name+party match (sim=1.00)
Narayanganj 4,1,Md. Shah Alam,dt,Independent Candidate (Independent),dt=39589,Md. Shah Alam,"ds,tbs",Independent Candidate (Independent),ds=0; tbs=31589,1.00,name+party match (sim=1.00)
Narayanganj 4,1,Monir Hossain,ds,Jamiat Ulema-e-Islam Bangladesh (JUIB),ds=80619,Monir Hossain,tbs,Jamiat Ulema-e-Islam Bangladesh (JUIB),tbs=80619,1.00,name+party match (sim=1.00) [vote-boosted]
Narayanganj 4,1,Monir Hossain,bss,Jamiat Ulema-e-Islam Bangladesh (JUIB),bss=80619,Monir Hossain,"ds,tbs",Jamiat Ulema-e-Islam Bangladesh (JUIB),ds=80619; tbs=80619,1.00,name+party match (sim=1.00) [vote-boosted]
Narayanganj 4,1,Monir Hossain,dt,Jamiat Ulema-e-Islam Bangladesh (JUIB),dt=80619,Monir Hossain,"bss,ds,tbs",Jamiat Ulema-e-Islam Bangladesh (JUIB),bss=80619; ds=80619; tbs=80619,1.00,name+party match (sim=1.00) [vote-boosted]
Narayanganj 4,1,Md. Salim Ahmed,ds,Bangladesh Supreme Party (BSP),ds=0,Md. Selim Ahmed,tbs,Bangladesh Supreme Party (BSP),tbs=643,1.00,name+party match (sim=1.00)
Narayanganj 4,1,Md. Selim Ahmed,dt,Bangladesh Supreme Party (BSP),dt=643,Md. Selim Ahmed,"ds,tbs",Bangladesh Supreme Party (BSP),ds=0; tbs=643,1.00,name+party match (sim=1.00) [vote-boosted]
Narayanganj 4,1,Md. Sulaiman Dewan,dt,Jatiya Samajtantrik Dal (JSD),dt=370,Md. Sulaiman Dewan,ds,Jatiya Samajtantrik Dal (JSD),ds=0,1.00,name+party match (sim=1.00)
Narayanganj 5,1,Abul Kalam,ds,Bangladesh Nationalist Party (BNP),ds=114799,Abul Kalam,tbs,Bangladesh Nationalist Party (BNP),tbs=114799,1.00,name+party match (sim=1.00) [vote-boosted]
Narayanganj 5,1,Abul Kalam,bss,Bangladesh Nationalist Party (BNP),bss=114799,Abul Kalam,"ds,tbs",Bangladesh Nationalist Party (BNP),ds=114799; tbs=114799,1.00,name+party match (sim=1.00) [vote-boosted]
Narayanganj 5,1,Abul Kalam,dt,Bangladesh Nationalist Party (BNP),dt=114799,Abul Kalam,"bss,ds,tbs",Bangladesh Nationalist Party (BNP),bss=114799; ds=114799; tbs=114799,1.00,name+party match (sim=1.00) [vote-boosted]
Narayanganj 5,1,Mao Md. Masum Billah,ds,Islami Andolan Bangladesh (IAB),ds=0,Md. Masum Billah,tbs,Islami Andolan Bangladesh (IAB),tbs=7708,0.95,name+party match (sim=0.95)
Narayanganj 5,1,Mawlana Md. Masum Billah,dt,Islami Andolan Bangladesh (IAB),dt=7708,Mao Md. Masum Billah,"ds,tbs",Islami Andolan Bangladesh (IAB),ds=0; tbs=7708,0.87,name+party match (sim=0.87) [vote-boosted]
Narayanganj 5,1,Abm Sirajul Mamun,ds,Khelafat Majlis,ds=101196,Abm Shirajul Mamun,tbs,Khelafat Majlis,tbs=101196,0.97,name+party match (sim=0.97) [vote-boosted]
Narayanganj 5,1,ABM Sirajul Mamun,bss,Khelafat Majlis,bss=101196,Abm Shirajul Mamun,"ds,tbs",Khelafat Majlis,ds=101196; tbs=101196,0.97,name+party match (sim=0.97) [vote-boosted]
Narayanganj 5,1,A. B. M. Sirajul Mamun,dt,Khelafat Majlis,dt=101196,Abm Shirajul Mamun,"bss,ds,tbs",Khelafat Majlis,bss=101196; ds=101196; tbs=101196,0.95,name+party match (sim=0.95) [vote-boosted]
Narayanganj 5,1,Abu Naeem Khan Biplob,ds,Bangladesh Samajtantrik Dal (Basad),ds=0,Abu Naeem Khan Biplob,tbs,Bangladesh Samajtantrik Dal (Basad),tbs=370,1.00,name+party match (sim=1.00)
Narayanganj 5,1,Abu Naim Khan Biplob,dt,Bangladesh Samajtantrik Dal (Basad),dt=370,Abu Naeem Khan Biplob,"ds,tbs",Bangladesh Samajtantrik Dal (Basad),ds=0; tbs=370,1.00,name+party match (sim=1.00) [vote-boosted]
Narayanganj 5,1,H. M. Amjad Hossain Molla,ds,Bangladesh Sangskritik Muktijote (BSM),ds=0,H. M. Amjad Hossain Molla,tbs,Bangladesh Sangskritik Muktijote (BSM),tbs=242,1.00,name+party match (sim=1.00)
Narayanganj 5,1,H. M. Amzad Hossain Molla,dt,Bangladesh Sangskritik Muktijote (BSM),dt=242,H. M. Amjad Hossain Molla,"ds,tbs",Bangladesh Sangskritik Muktijote (BSM),ds=0; tbs=242,0.96,name+party match (sim=0.96) [vote-boosted]
Narayanganj 5,1,Md. Maksud Hossain,ds,Independent Candidate (Independent),ds=0,Md. Maksud Hossain,tbs,Independent Candidate (Independent),tbs=34151,1.00,name+party match (sim=1.00)
Narayanganj 5,1,Md. Maksud Hossain,dt,Independent Candidate (Independent),dt=34151,Md. Maksud Hossain,"ds,tbs",Independent Candidate (Independent),ds=0; tbs=34151,1.00,name+party match (sim=1.00) [vote-boosted]
Narayanganj 5,1,Md. Nahid Hossain,ds,Gono Odhikar Parishad (GOP),ds=0,Md. Nahid Hossain,tbs,Gono Odhikar Parishad (GOP),tbs=643,1.00,name+party match (sim=1.00)
Narayanganj 5,1,Md. Nahid Hossain,dt,Gono Odhikar Parishad (GOP),dt=643,Md. Nahid Hossain,"ds,tbs",Gono Odhikar Parishad (GOP),ds=0; tbs=643,1.00,name+party match (sim=1.00) [vote-boosted]
Narayanganj 5,1,Montu Chandra Ghosh,ds,Communist Party of Bangladesh (CPB),ds=0,Montu Chandra Ghosh,tbs,Communist Party of Bangladesh (CPB),tbs=1575,1.00,name+party match (sim=1.00)
Narayanganj 5,1,Montu Chandra Ghosh,dt,Communist Party of Bangladesh (CPB),dt=1575,Montu Chandra Ghosh,"ds,tbs",Communist Party of Bangladesh (CPB),ds=0; tbs=1575,1.00,name+party match (sim=1.00) [vote-boosted]
Narayanganj 5,1,Tariqul Islam,ds,Ganosanhati Andolan (GSA),ds=0,Tariqul Islam,tbs,Ganosanhati Andolan (GSA),tbs=1023,1.00,name+party match (sim=1.00)
Narayanganj 5,1,Tarikul Islam,dt,Ganosanhati Andolan (GSA),dt=1023,Tariqul Islam,"ds,tbs",Ganosanhati Andolan (GSA),ds=0; tbs=1023,0.92,name+party match (sim=0.92) [vote-boosted]
Narayanganj 5,1,Syed Bahadur Shah Mujaddidi,ds,Bangladesh Islami Front (BIF),ds=0,Syed Bahadur Shah Mujaddidi,tbs,Bangladesh Islami Front (BIF),tbs=4650,1.00,name+party match (sim=1.00)
Narayanganj 5,1,Syed Bahadur Shah Mujaddedi,dt,Bangladesh Islami Front (BIF),dt=4650,Syed Bahadur Shah Mujaddidi,"ds,tbs",Bangladesh Islami Front (BIF),ds=0; tbs=4650,1.00,name+party match (sim=1.00) [vote-boosted]
Narsingdi 1,1,Khairul Kabir Khokon,ds,Bangladesh Nationalist Party (BNP),ds=161405,Khairul Kabir Khokon,tbs,Bangladesh Nationalist Party (BNP),tbs=161405,1.00,name+party match (sim=1.00) [vote-boosted]
Narsingdi 1,1,Khairul Kabir Khokon,bss,Bangladesh Nationalist Party (BNP),bss=161405,Khairul Kabir Khokon,"ds,tbs",Bangladesh Nationalist Party (BNP),ds=161405; tbs=161405,1.00,name+party match (sim=1.00) [vote-boosted]
Narsingdi 1,1,Khairul Kabir Khokon,dt,Bangladesh Nationalist Party (BNP),dt=161405,Khairul Kabir Khokon,"bss,ds,tbs",Bangladesh Nationalist Party (BNP),bss=161405; ds=161405; tbs=161405,1.00,name+party match (sim=1.00) [vote-boosted]
Narsingdi 1,1,Hamidul Haque Parvez,ds,Insaniyat Biplob Bangladesh (IBB),ds=0,Hamidul Haque Parvez,tbs,Insaniyat Biplob Bangladesh (IBB),tbs=207,1.00,name+party match (sim=1.00)
Narsingdi 1,1,Hamidul Haque Parvez,dt,Insaniyat Biplob Bangladesh (IBB),dt=207,Hamidul Haque Parvez,"ds,tbs",Insaniyat Biplob Bangladesh (IBB),ds=0; tbs=207,1.00,name+party match (sim=1.00) [vote-boosted]
Narsingdi 1,1,Md. Ibrahim Bhuiyan,ds,Bangladesh Jamaat-e-Islami (Jamaat),ds=95349,Md. Ibrahim Bhuya,tbs,Bangladesh Jamaat-e-Islami (Jamaat),tbs=95349,0.95,name+party match (sim=0.95) [vote-boosted]
Narsingdi 1,1,Md. Ibrahim Bhuya,bss,Bangladesh Jamaat-e-Islami (Jamaat),bss=95349,Md. Ibrahim Bhuiyan,"ds,tbs",Bangladesh Jamaat-e-Islami (Jamaat),ds=95349; tbs=95349,0.95,name+party match (sim=0.95) [vote-boosted]
Narsingdi 1,1,Md. Ibrahim Bhuiyan,dt,Bangladesh Jamaat-e-Islami (Jamaat),dt=92930,Md. Ibrahim Bhuiyan,"bss,ds,tbs",Bangladesh Jamaat-e-Islami (Jamaat),bss=95349; ds=95349; tbs=95349,1.00,name+party match (sim=1.00)
Narsingdi 1,1,Sakhawat Hossain,ds,Bangladesh Islami Front (BIF),ds=0,Sakhawat Hossain,tbs,Bangladesh Islami Front (BIF),tbs=955,1.00,name+party match (sim=1.00)
Narsingdi 1,1,Sakhawat Hossain,dt,Bangladesh Islami Front (BIF),dt=955,Sakhawat Hossain,"ds,tbs",Bangladesh Islami Front (BIF),ds=0; tbs=955,1.00,name+party match (sim=1.00) [vote-boosted]
Narsingdi 1,1,Md. Mustafa Zaman,ds,Jatiya Party (JaPa),ds=0,Md. Mustafa Jamal,tbs,Jatiya Party (JaPa),tbs=1012,0.88,name+party match (sim=0.88)
Narsingdi 1,1,Mohammad Mostafa Jamal,dt,Jatiya Party (JaPa),dt=1012,Md. Mustafa Jamal,"ds,tbs",Jatiya Party (JaPa),ds=0; tbs=1012,1.00,name+party match (sim=1.00) [vote-boosted]
Narsingdi 1,1,Md. Ashraf Hossain Bhuiyan,ds,Islami Andolan Bangladesh (IAB),ds=0,Md. Ashraf Hossain Bhuya,tbs,Islami Andolan Bangladesh (IAB),tbs=13547,0.96,name+party match (sim=0.96)
Narsingdi 1,1,Md. Ashraf Hossain Bhuiyan,dt,Islami Andolan Bangladesh (IAB),dt=13547,Md. Ashraf Hossain Bhuiyan,"ds,tbs",Islami Andolan Bangladesh (IAB),ds=0; tbs=13547,1.00,name+party match (sim=1.00) [vote-boosted]
Narsingdi 1,1,Shirin Akhter,ds,Gono Odhikar Parishad (GOP),ds=0,Shireen Akter,tbs,Gono Odhikar Parishad (GOP),tbs=485,1.00,name+party match (sim=1.00)
Narsingdi 1,1,Shirin Akter,dt,Gono Odhikar Parishad (GOP),dt=485,Shireen Akter,"ds,tbs",Gono Odhikar Parishad (GOP),ds=0; tbs=485,1.00,name+party match (sim=1.00) [vote-boosted]
Narsingdi 1,1,Shahiduzzaman Chowdhury,ds,Gono Forum (GF),ds=0,Shahiduzzaman Chowdhury,tbs,Gono Forum (GF),tbs=179,1.00,name+party match (sim=1.00)
Narsingdi 1,1,Shahiduzzaman Chowdhury,dt,Gono Forum (GF),dt=179,Shahiduzzaman Chowdhury,"ds,tbs",Gono Forum (GF),ds=0; tbs=179,1.00,name+party match (sim=1.00) [vote-boosted]
Narsingdi 2,1,Md. Amjad Hossain,ds,Bangladesh Jamaat-e-Islami (Jamaat),ds=55920,Md. Amjad Hossain,tbs,Bangladesh Jamaat-e-Islami (Jamaat),tbs=55920,1.00,name+party match (sim=1.00) [vote-boosted]
Narsingdi 2,1,Md. Amjad Hossain,bss,Bangladesh Jamaat-e-Islami (Jamaat),bss=55920,Md. Amjad Hossain,"ds,tbs",Bangladesh Jamaat-e-Islami (Jamaat),ds=55920; tbs=55920,1.00,name+party match (sim=1.00) [vote-boosted]
Narsingdi 2,1,Md. Amzad Hossain,dt,Bangladesh Jamaat-e-Islami (Jamaat),dt=55920,Md. Amjad Hossain,"bss,ds,tbs",Bangladesh Jamaat-e-Islami (Jamaat),bss=55920; ds=55920; tbs=55920,0.94,name+party match (sim=0.94) [vote-boosted]
Narsingdi 2,1,Md. Ibrahim,ds,Insaniyat Biplob Bangladesh (IBB),ds=0,Md. Ibrahim,tbs,Insaniyat Biplob Bangladesh (IBB),tbs=235,1.00,name+party match (sim=1.00)
Narsingdi 2,1,Mohammad Ibrahim,dt,Insaniyat Biplob Bangladesh (IBB),dt=235,Md. Ibrahim,"ds,tbs",Insaniyat Biplob Bangladesh (IBB),ds=0; tbs=235,1.00,name+party match (sim=1.00) [vote-boosted]
Narsingdi 2,1,A. N. M. Rafiqul Alam Selim,ds,Jatiya Party (JaPa),ds=0,A. N. M. Rafiqul Alam Saleem,tbs,Jatiya Party (JaPa),tbs=1285,1.00,name+party match (sim=1.00)
Narsingdi 2,1,ANM Rafiqul Alam Selim,dt,Jatiya Party (JaPa),dt=1285,A. N. M. Rafiqul Alam Saleem,"ds,tbs",Jatiya Party (JaPa),ds=0; tbs=1285,1.00,name+party match (sim=1.00) [vote-boosted]
Narsingdi 2,1,Md. Golam Sarwar,ds,National Citizen Party (NCP),ds=0,Md. Golam Sarwar,tbs,National Citizen Party (NCP),tbs=53460,1.00,name+party match (sim=1.00)
Narsingdi 2,1,Md. Golam Sarwar,dt,National Citizen Party (NCP),dt=19540,Md. Golam Sarwar,"ds,tbs",National Citizen Party (NCP),ds=0; tbs=53460,1.00,name+party match (sim=1.00)
Narsingdi 2,1,Abdul Moin Khan,ds,Bangladesh Nationalist Party (BNP),ds=92739,Abdul Moin Khan,tbs,Bangladesh Nationalist Party (BNP),tbs=92739,1.00,name+party match (sim=1.00) [vote-boosted]
Narsingdi 2,1,Dr. Abdul Moin Khan,bss,Bangladesh Nationalist Party (BNP),bss=92739,Abdul Moin Khan,"ds,tbs",Bangladesh Nationalist Party (BNP),ds=92739; tbs=92739,1.00,name+party match (sim=1.00) [vote-boosted]
Narsingdi 2,1,Dr. Abdul Moin Khan,dt,Bangladesh Nationalist Party (BNP),dt=92739,Dr. Abdul Moin Khan,"bss,ds,tbs",Bangladesh Nationalist Party (BNP),bss=92739; ds=92739; tbs=92739,1.00,name+party match (sim=1.00) [vote-boosted]
Narsingdi 2,1,Asif Iqbal,ds,Bangladesh Islami Front (BIF),ds=0,Asif Iqbal,tbs,Bangladesh Islami Front (BIF),tbs=708,1.00,name+party match (sim=1.00)
Narsingdi 2,1,Asif Iqbal,dt,Bangladesh Islami Front (BIF),dt=708,Asif Iqbal,"ds,tbs",Bangladesh Islami Front (BIF),ds=0; tbs=708,1.00,name+party match (sim=1.00) [vote-boosted]
Narsingdi 3,1,Abu Sadat Md. Sayem Ali Pathan,ds,Zaker Party (ZP),ds=0,Abu Sadat Md. Sayem Ali Pathan,tbs,Zaker Party (ZP),tbs=1748,1.00,name+party match (sim=1.00)
Narsingdi 3,1,Abu Sadat Mohammad Sayem Ali Pathan,dt,Zaker Party (ZP),dt=1784,Abu Sadat Md. Sayem Ali Pathan,"ds,tbs",Zaker Party (ZP),ds=0; tbs=1748,1.00,name+party match (sim=1.00)
Narsingdi 3,1,Raihan Mia,ds,Insaniyat Biplob Bangladesh (IBB),ds=0,Raihan Mia,tbs,Insaniyat Biplob Bangladesh (IBB),tbs=622,1.00,name+party match (sim=1.00)
Narsingdi 3,1,Raihan Mia,dt,Insaniyat Biplob Bangladesh (IBB),dt=622,Raihan Mia,"ds,tbs",Insaniyat Biplob Bangladesh (IBB),ds=0; tbs=622,1.00,name+party match (sim=1.00) [vote-boosted]
Narsingdi 3,1,Akm Rezaul Karim,ds,Jatiya Party (JaPa),ds=0,A. K. M. Rezaul Karim,tbs,Jatiya Party (JaPa),tbs=266,1.00,name+party match (sim=1.00)
Narsingdi 3,1,AKM Rezaul Karim,dt,Jatiya Party (JaPa),dt=266,A. K. M. Rezaul Karim,"ds,tbs",Jatiya Party (JaPa),ds=0; tbs=266,1.00,name+party match (sim=1.00) [vote-boosted]
Narsingdi 3,1,Manzoor Elahi,ds,Bangladesh Nationalist Party (BNP),ds=82061,Manzoor Elahi,tbs,Bangladesh Nationalist Party (BNP),tbs=82061,1.00,name+party match (sim=1.00) [vote-boosted]
Narsingdi 3,1,Manzoor Elahi,bss,Bangladesh Nationalist Party (BNP),bss=82061,Manzoor Elahi,"ds,tbs",Bangladesh Nationalist Party (BNP),ds=82061; tbs=82061,1.00,name+party match (sim=1.00) [vote-boosted]
Narsingdi 3,1,Monjur Elahi,dt,Bangladesh Nationalist Party (BNP),dt=82061,Manzoor Elahi,"bss,ds,tbs",Bangladesh Nationalist Party (BNP),bss=82061; ds=82061; tbs=82061,0.83,name+party match (sim=0.83) [vote-boosted]
Narsingdi 3,1,Md. Mostafizur Rahman,ds,Bangladesh Jamaat-e-Islami (Jamaat),ds=0,Md. Mostafizur Rahman,tbs,Bangladesh Jamaat-e-Islami (Jamaat),tbs=5066,1.00,name+party match (sim=1.00)
Narsingdi 3,1,Md. Mostafizur Rahman,dt,Bangladesh Jamaat-e-Islami (Jamaat),dt=5066,Md. Mostafizur Rahman,"ds,tbs",Bangladesh Jamaat-e-Islami (Jamaat),ds=0; tbs=5066,1.00,name+party match (sim=1.00) [vote-boosted]
Narsingdi 3,1,Md. Rakibul Islam Rakib,ds,Khelafat Majlis,ds=0,Md. Rakibul Islam,tbs,Khelafat Majlis,tbs=25493,0.86,name+party match (sim=0.86)
Narsingdi 3,1,Md. Rakibul Islam (Rakib),dt,Khelafat Majlis,dt=25493,Md. Rakibul Islam Rakib,"ds,tbs",Khelafat Majlis,ds=0; tbs=25493,0.86,name+party match (sim=0.86) [vote-boosted]
Narsingdi 3,1,Md. Warez Hossain Bhuiyan,ds,Islami Andolan Bangladesh (IAB),ds=0,Md. Wayez Hossain Bhuiyan,tbs,Islami Andolan Bangladesh (IAB),tbs=6483,0.96,name+party match (sim=0.96)
Narsingdi 3,1,Md. Waez Hossain Bhuiyan,dt,Islami Andolan Bangladesh (IAB),dt=6843,Md. Wayez Hossain Bhuiyan,"ds,tbs",Islami Andolan Bangladesh (IAB),ds=0; tbs=6483,0.98,name+party match (sim=0.98)
Narsingdi 3,1,Md. Ariful Islam Mridha,ds,Independent Candidate (Independent),ds=45682,Md. Ariful Islam Mridha,tbs,Independent Candidate (Independent),tbs=45682,1.00,name+party match (sim=1.00) [vote-boosted]
Narsingdi 3,1,Md. Arif-ul-Islam Mridha,bss,Independent Candidate (Independent),bss=45682,Md. Ariful Islam Mridha,"ds,tbs",Independent Candidate (Independent),ds=45682; tbs=45682,1.00,name+party match (sim=1.00) [vote-boosted]
Narsingdi 3,1,Md. Arif-ul-Islam Mridha,dt,Independent Candidate (Independent),dt=45682,Md. Arif-ul-Islam Mridha,"bss,ds,tbs",Independent Candidate (Independent),bss=45682; ds=45682; tbs=45682,1.00,name+party match (sim=1.00) [vote-boosted]
Narsingdi 4,1,Md. Kamal Uddin,ds,Jatiya Party (JaPa),ds=0,Md. Kamal Uddin,tbs,Jatiya Party (JaPa),tbs=1172,1.00,name+party match (sim=1.00)
Narsingdi 4,1,Md. Kamal Uddin,dt,Jatiya Party (JaPa),dt=1172,Md. Kamal Uddin,"ds,tbs",Jatiya Party (JaPa),ds=0; tbs=1172,1.00,name+party match (sim=1.00) [vote-boosted]
Narsingdi 4,1,Kazi Shariful Islam,ds,Bangladesh Congress,ds=0,Kazi Shariful Islam,tbs,Bangladesh Congress,tbs=163,1.00,name+party match (sim=1.00)
Narsingdi 4,1,Kazi Shariful Islam,dt,Bangladesh Congress,dt=163,Kazi Shariful Islam,"ds,tbs",Bangladesh Congress,ds=0; tbs=163,1.00,name+party match (sim=1.00) [vote-boosted]
Narsingdi 4,1,Md. Saifullah,ds,Islami Andolan Bangladesh (IAB),ds=0,Md. Saifullah,tbs,Islami Andolan Bangladesh (IAB),tbs=7079,1.00,name+party match (sim=1.00)
Narsingdi 4,1,Md. Saifullah,dt,Islami Andolan Bangladesh (IAB),dt=7079,Md. Saifullah,"ds,tbs",Islami Andolan Bangladesh (IAB),ds=0; tbs=7079,1.00,name+party match (sim=1.00) [vote-boosted]
Narsingdi 4,1,Sardar Md. Sakhawat Hossain,ds,Bangladesh Nationalist Party (BNP),ds=163392,Sardar Md. Sakhawat Hossain,tbs,Bangladesh Nationalist Party (BNP),tbs=163392,1.00,name+party match (sim=1.00) [vote-boosted]
Narsingdi 4,1,Sardar Md Sakhawat Hossain,bss,Bangladesh Nationalist Party (BNP),bss=163392,Sardar Md. Sakhawat Hossain,"ds,tbs",Bangladesh Nationalist Party (BNP),ds=163392; tbs=163392,1.00,name+party match (sim=1.00) [vote-boosted]
Narsingdi 4,1,Sardar Md. Sakhawat Hossain,dt,Bangladesh Nationalist Party (BNP),dt=163392,Sardar Md. Sakhawat Hossain,"bss,ds,tbs",Bangladesh Nationalist Party (BNP),bss=163392; ds=163392; tbs=163392,1.00,name+party match (sim=1.00) [vote-boosted]
Narsingdi 4,1,Md. Milan Mia,ds,Insaniyat Biplob Bangladesh (IBB),ds=0,Md. Milan Mia,tbs,Insaniyat Biplob Bangladesh (IBB),tbs=1728,1.00,name+party match (sim=1.00)
Narsingdi 4,1,Mohammad Milon Mia,dt,Insaniyat Biplob Bangladesh (IBB),dt=1728,Md. Milan Mia,"ds,tbs",Insaniyat Biplob Bangladesh (IBB),ds=0; tbs=1728,1.00,name+party match (sim=1.00) [vote-boosted]
Narsingdi 4,1,Kazi Sajjad Zahir,ds,Communist Party of Bangladesh (CPB),ds=0,Kazi Sajjad Zahir,tbs,Communist Party of Bangladesh (CPB),tbs=839,1.00,name+party match (sim=1.00)
Narsingdi 4,1,Kazi Sazzad Zahir,dt,Communist Party of Bangladesh (CPB),dt=839,Kazi Sajjad Zahir,"ds,tbs",Communist Party of Bangladesh (CPB),ds=0; tbs=839,0.88,name+party match (sim=0.88) [vote-boosted]
Narsingdi 4,1,Md. Nasir Uddin,ds,Khelafat Majlis,ds=0,Md. Nasir Uddin,tbs,Khelafat Majlis,tbs=464,1.00,name+party match (sim=1.00)
Narsingdi 4,1,Mohammad Nasir Uddin,dt,Khelafat Majlis,dt=464,Md. Nasir Uddin,"ds,tbs",Khelafat Majlis,ds=0; tbs=464,1.00,name+party match (sim=1.00) [vote-boosted]
Narsingdi 4,1,Abu Darda Md. Maaz,ds,Janotar Dol,ds=0,Abu Darda Md. Maj,tbs,Janotar Dol,tbs=454,0.91,name+party match (sim=0.91)
Narsingdi 4,1,Abu Darda Md. Maaz,dt,Janotar Dol,dt=454,Abu Darda Md. Maaz,"ds,tbs",Janotar Dol,ds=0; tbs=454,1.00,name+party match (sim=1.00) [vote-boosted]
Narsingdi 4,1,Md. Jahangir Alam,ds,Bangladesh Jamaat-e-Islami (Jamaat),ds=78744,Md. Jahangir Alam,tbs,Bangladesh Jamaat-e-Islami (Jamaat),tbs=78744,1.00,name+party match (sim=1.00) [vote-boosted]
Narsingdi 4,1,Md. Jahangir Alam,bss,Bangladesh Jamaat-e-Islami (Jamaat),bss=78744,Md. Jahangir Alam,"ds,tbs",Bangladesh Jamaat-e-Islami (Jamaat),ds=78744; tbs=78744,1.00,name+party match (sim=1.00) [vote-boosted]
Narsingdi 4,1,Md. Jahangir Alam,dt,Bangladesh Jamaat-e-Islami (Jamaat),dt=78744,Md. Jahangir Alam,"bss,ds,tbs",Bangladesh Jamaat-e-Islami (Jamaat),bss=78744; ds=78744; tbs=78744,1.00,name+party match (sim=1.00) [vote-boosted]
Narsingdi 5,1,Taufiqur Rahman,ds,Independent Candidate (Independent),ds=0,Taufiqur Rahman,tbs,Independent Candidate (Independent),tbs=1256,1.00,name+party match (sim=1.00)
Narsingdi 5,1,Taufiqur Rahman,dt,Independent Candidate (Independent),dt=1256,Taufiqur Rahman,"ds,tbs",Independent Candidate (Independent),ds=0; tbs=1256,1.00,name+party match (sim=1.00) [vote-boosted]
Narsingdi 5,1,Mehrun Nesa Khan Hena,ds,Jatiya Party (JaPa),ds=0,Meherun Nesha Khan Hena,tbs,Jatiya Party (JaPa),tbs=500,0.96,name+party match (sim=0.96)
Narsingdi 5,1,Meherun Nessa Khan Hena,dt,Jatiya Party (JaPa),dt=500,Meherun Nesha Khan Hena,"ds,tbs",Jatiya Party (JaPa),ds=0; tbs=500,0.96,name+party match (sim=0.96) [vote-boosted]
Narsingdi 5,1,Tajul Islam,ds,Khelafat Majlis,ds=44981,Tajul Islam,tbs,Khelafat Majlis,tbs=44981,1.00,name+party match (sim=1.00) [vote-boosted]
Narsingdi 5,1,Tajul Islam,bss,Khelafat Majlis,bss=44981,Tajul Islam,"ds,tbs",Khelafat Majlis,ds=44981; tbs=44981,1.00,name+party match (sim=1.00) [vote-boosted]
Narsingdi 5,1,Tajul Islam,dt,Khelafat Majlis,dt=44981,Tajul Islam,"bss,ds,tbs",Khelafat Majlis,bss=44981; ds=44981; tbs=44981,1.00,name+party match (sim=1.00) [vote-boosted]
Narsingdi 5,1,Tahmina Akhter,ds,Insaniyat Biplob Bangladesh (IBB),ds=0,Tahmina Akhter,tbs,Insaniyat Biplob Bangladesh (IBB),tbs=1076,1.00,name+party match (sim=1.00)
Narsingdi 5,1,Tahmina Akter,dt,Insaniyat Biplob Bangladesh (IBB),dt=1076,Tahmina Akhter,"ds,tbs",Insaniyat Biplob Bangladesh (IBB),ds=0; tbs=1076,1.00,name+party match (sim=1.00) [vote-boosted]
Narsingdi 5,1,Md. Ashraf Uddin,ds,Bangladesh Nationalist Party (BNP),ds=137690,Md. Ashraf Uddin,tbs,Bangladesh Nationalist Party (BNP),tbs=137690,1.00,name+party match (sim=1.00) [vote-boosted]
Narsingdi 5,1,Md. Ashraf Uddin,bss,Bangladesh Nationalist Party (BNP),bss=137690,Md. Ashraf Uddin,"ds,tbs",Bangladesh Nationalist Party (BNP),ds=137690; tbs=137690,1.00,name+party match (sim=1.00) [vote-boosted]
Narsingdi 5,1,Md. Ashraf Uddin,dt,Bangladesh Nationalist Party (BNP),dt=137690,Md. Ashraf Uddin,"bss,ds,tbs",Bangladesh Nationalist Party (BNP),bss=137690; ds=137690; tbs=137690,1.00,name+party match (sim=1.00) [vote-boosted]
Narsingdi 5,1,Badruzzaman Ujjal,ds,Islami Andolan Bangladesh (IAB),ds=0,Badruzzaman Ujjal,tbs,Islami Andolan Bangladesh (IAB),tbs=33109,1.00,name+party match (sim=1.00)
Narsingdi 5,1,Badruzzaman Uzzal,dt,Islami Andolan Bangladesh (IAB),dt=33109,Badruzzaman Ujjal,"ds,tbs",Islami Andolan Bangladesh (IAB),ds=0; tbs=33109,0.88,name+party match (sim=0.88) [vote-boosted]
Narsingdi 5,1,Md. Jamal Ahmed Chowdhury,ds,Independent Candidate (Independent),ds=0,Jamal Ahmed Chowdhury,tbs,Independent Candidate (Independent),tbs=5419,1.00,name+party match (sim=1.00)
Narsingdi 5,1,Jamal Ahmed Chowdhury,dt,Independent Candidate (Independent),dt=5419,Md. Jamal Ahmed Chowdhury,"ds,tbs",Independent Candidate (Independent),ds=0; tbs=5419,1.00,name+party match (sim=1.00) [vote-boosted]
Narsingdi 5,1,Md. Solaiman Khandaker,ds,Independent Candidate (Independent),ds=0,Md. Solaiman Khandaker,tbs,Independent Candidate (Independent),tbs=300,1.00,name+party match (sim=1.00)
Narsingdi 5,1,Md. Solaiman Khandaker,dt,Independent Candidate (Independent),dt=300,Md. Solaiman Khandaker,"ds,tbs",Independent Candidate (Independent),ds=0; tbs=300,1.00,name+party match (sim=1.00) [vote-boosted]
Narsingdi 5,1,Mashiur Rahman,ds,Bangladesh Islami Front (BIF),ds=0,Mashiur Rahman,tbs,Bangladesh Islami Front (BIF),tbs=2424,1.00,name+party match (sim=1.00)
Narsingdi 5,1,Mashiur Rahman,dt,Bangladesh Islami Front (BIF),dt=2424,Mashiur Rahman,"ds,tbs",Bangladesh Islami Front (BIF),ds=0; tbs=2424,1.00,name+party match (sim=1.00) [vote-boosted]
Narsingdi 5,1,Mohammad Panir Hossain,dt,Independent Candidate (Independent),dt=20580,Md. Panir Hossain,ds,Independent Candidate (Independent),ds=0,1.00,name+party match (sim=1.00)
Natore 1,1,Md. Mehedi Hasan,ds,Gono Odhikar Parishad (GOP),ds=0,Md. Mehedi Hasan,tbs,Gono Odhikar Parishad (GOP),tbs=298,1.00,name+party match (sim=1.00)
Natore 1,1,Md. Mehedi Hasan,dt,Gono Odhikar Parishad (GOP),dt=298,Md. Mehedi Hasan,"ds,tbs",Gono Odhikar Parishad (GOP),ds=0; tbs=298,1.00,name+party match (sim=1.00) [vote-boosted]
Natore 1,1,Md. Yasir Arshad,ds,Independent Candidate (Independent),ds=0,Md. Yasir Arshad,tbs,Independent Candidate (Independent),tbs=80,1.00,name+party match (sim=1.00)
Natore 1,1,Mohammad Yasir Arshad,dt,Independent Candidate (Independent),dt=80,Md. Yasir Arshad,"ds,tbs",Independent Candidate (Independent),ds=0; tbs=80,1.00,name+party match (sim=1.00) [vote-boosted]
Natore 1,1,Md. Abul Kalam Azad,ds,Bangladesh Jamaat-e-Islami (Jamaat),ds=90568,Md. Abul Kalam Azad,tbs,Bangladesh Jamaat-e-Islami (Jamaat),tbs=90568,1.00,name+party match (sim=1.00) [vote-boosted]
Natore 1,1,Md. Abul Kalam Azad,bss,Bangladesh Jamaat-e-Islami (Jamaat),bss=90568,Md. Abul Kalam Azad,"ds,tbs",Bangladesh Jamaat-e-Islami (Jamaat),ds=90568; tbs=90568,1.00,name+party match (sim=1.00) [vote-boosted]
Natore 1,1,Md. Abul Kalam Azad,dt,Bangladesh Jamaat-e-Islami (Jamaat),dt=90568,Md. Abul Kalam Azad,"bss,ds,tbs",Bangladesh Jamaat-e-Islami (Jamaat),bss=90568; ds=90568; tbs=90568,1.00,name+party match (sim=1.00) [vote-boosted]
Natore 1,1,Farzana Sharmin,ds,Bangladesh Nationalist Party (BNP),ds=102726,Farzana Sharmin,tbs,Bangladesh Nationalist Party (BNP),tbs=102726,1.00,name+party match (sim=1.00) [vote-boosted]
Natore 1,1,Farzana Sharmin,bss,Bangladesh Nationalist Party (BNP),bss=102726,Farzana Sharmin,"ds,tbs",Bangladesh Nationalist Party (BNP),ds=102726; tbs=102726,1.00,name+party match (sim=1.00) [vote-boosted]
Natore 1,1,Farzana Sharmin,dt,Bangladesh Nationalist Party (BNP),dt=102726,Farzana Sharmin,"bss,ds,tbs",Bangladesh Nationalist Party (BNP),bss=102726; ds=102726; tbs=102726,1.00,name+party match (sim=1.00) [vote-boosted]
Natore 1,1,Md. Taiful Islam Tipu,ds,Independent Candidate (Independent),ds=73173,Taiful Islam Tipu,tbs,Independent Candidate (Independent),tbs=73173,1.00,name+party match (sim=1.00) [vote-boosted]
Natore 1,1,Md. Taiful Islam Tipu,dt,Independent Candidate (Independent),dt=73173,Md. Taiful Islam Tipu,"ds,tbs",Independent Candidate (Independent),ds=73173; tbs=73173,1.00,name+party match (sim=1.00) [vote-boosted]
Natore 1,1,Md. Abdullahil Baki,dt,Islami Andolan Bangladesh (IAB),dt=1269,Abdullah Hil Baki,tbs,Islami Andolan Bangladesh (IAB),tbs=1269,0.84,name+party match (sim=0.84) [vote-boosted]
Natore 1,1,Md. Sahed Ali Jinnah,dt,Jatiya Party (JaPa),dt=552,Md. . Shahed Ali Jinnah,tbs,Jatiya Party (JaPa),tbs=552,0.95,name+party match (sim=0.95) [vote-boosted]
Natore 1,1,Md. Moazzem Hossain,ds,Independent Candidate (Independent),ds=0,Md. Moazzem Hossain,tbs,Independent Candidate (Independent),tbs=115,1.00,name+party match (sim=1.00)
Natore 1,1,Md. Moyazzem Hossain,dt,Independent Candidate (Independent),dt=115,Md. Moazzem Hossain,"ds,tbs",Independent Candidate (Independent),ds=0; tbs=115,0.97,name+party match (sim=0.97) [vote-boosted]
Natore 1,1,Md. Ansar Ali,dt,Revolutionary Workers Party of Bangladesh (RWPB),dt=276,Md. Ansar Ali,ds,Revolutionary Workers Party of Bangladesh (RWPB),ds=0,1.00,name+party match (sim=1.00)
Natore 1,1,Md. Sentu Ali,dt,Ganosanhati Andolan (GSA),dt=281,Md. Sentu Ali,ds,Ganosanhati Andolan (GSA),ds=0,1.00,name+party match (sim=1.00)
Natore 2,1,M. Ruhul Quddus Talukder Dulu,ds,Bangladesh Nationalist Party (BNP),ds=162841,M. Ruhul Quddus Talukder Dulu,tbs,Bangladesh Nationalist Party (BNP),tbs=162841,1.00,name+party match (sim=1.00) [vote-boosted]
Natore 2,1,"M, Ruhul Quddus Talukdar Dulu",bss,Bangladesh Nationalist Party (BNP),bss=162841,M. Ruhul Quddus Talukder Dulu,"ds,tbs",Bangladesh Nationalist Party (BNP),ds=162841; tbs=162841,1.00,name+party match (sim=1.00) [vote-boosted]
Natore 2,1,M. Ruhul Quddus Talukder Dulu,dt,Bangladesh Nationalist Party (BNP),dt=162841,M. Ruhul Quddus Talukder Dulu,"bss,ds,tbs",Bangladesh Nationalist Party (BNP),bss=162841; ds=162841; tbs=162841,1.00,name+party match (sim=1.00) [vote-boosted]
Natore 2,1,Tahamida Islam Tania,ds,Ganosanhati Andolan (GSA),ds=464,Tahamida Islam Tania,tbs,Ganosanhati Andolan (GSA),tbs=464,1.00,name+party match (sim=1.00) [vote-boosted]
Natore 2,1,Tahamida Islam Tania,dt,Ganosanhati Andolan (GSA),dt=464,Tahamida Islam Tania,"ds,tbs",Ganosanhati Andolan (GSA),ds=464; tbs=464,1.00,name+party match (sim=1.00) [vote-boosted]
Natore 2,1,Md. Yunus Ali,ds,Bangladesh Jamaat-e-Islami (Jamaat),ds=130066,Md. Yunus Ali,tbs,Bangladesh Jamaat-e-Islami (Jamaat),tbs=130066,1.00,name+party match (sim=1.00) [vote-boosted]
Natore 2,1,Md Yunus Ali,bss,Bangladesh Jamaat-e-Islami (Jamaat),bss=130066,Md. Yunus Ali,"ds,tbs",Bangladesh Jamaat-e-Islami (Jamaat),ds=130066; tbs=130066,1.00,name+party match (sim=1.00) [vote-boosted]
Natore 2,1,Md. Yunus Ali,dt,Bangladesh Jamaat-e-Islami (Jamaat),dt=130066,Md. Yunus Ali,"bss,ds,tbs",Bangladesh Jamaat-e-Islami (Jamaat),bss=130066; ds=130066; tbs=130066,1.00,name+party match (sim=1.00) [vote-boosted]
Natore 2,1,Md. Nurunnabi Mridha,ds,Independent Candidate (Independent),ds=621,Md. Nurunnabi Mridha,tbs,Independent Candidate (Independent),tbs=621,1.00,name+party match (sim=1.00) [vote-boosted]
Natore 2,1,Dr. Md. Nurnabi Mridha,dt,Independent Candidate (Independent),dt=621,Md. Nurunnabi Mridha,"ds,tbs",Independent Candidate (Independent),ds=621; tbs=621,0.95,name+party match (sim=0.95) [vote-boosted]
Natore 2,1,Md. Kabir Uddin,ds,Jatiya Party (JaPa),ds=2587,Md. Rakib Uddin,tbs,Jatiya Party (JaPa),tbs=2587,0.88,name+party match (sim=0.88) [vote-boosted]
Natore 2,1,Md. Rakib Uddin (Komol),dt,Jatiya Party (JaPa),dt=2587,Md. Rakib Uddin,"ds,tbs",Jatiya Party (JaPa),ds=2587; tbs=2587,1.00,name+party match (sim=1.00) [vote-boosted]
Natore 2,1,Md. Ali Siddiqui,ds,Islami Andolan Bangladesh (IAB),ds=2757,Md. Ali Siddiqui,tbs,Islami Andolan Bangladesh (IAB),tbs=2757,1.00,name+party match (sim=1.00) [vote-boosted]
Natore 2,1,Mohammad Ali Siddiqui,dt,Islami Andolan Bangladesh (IAB),dt=2757,Md. Ali Siddiqui,"ds,tbs",Islami Andolan Bangladesh (IAB),ds=2757; tbs=2757,1.00,name+party match (sim=1.00) [vote-boosted]
Natore 3,1,S. M. Zarzis Kadir,ds,National Citizen Party (NCP),ds=20707,S. M. Jarjis Kadir,tbs,National Citizen Party (NCP),tbs=20707,0.89,name+party match (sim=0.89) [vote-boosted]
Natore 3,1,S. M. Zargis Qadir,dt,National Citizen Party (NCP),dt=20707,S. M. Jarjis Kadir,"ds,tbs",National Citizen Party (NCP),ds=20707; tbs=20707,0.83,name+party match (sim=0.83) [vote-boosted]
Natore 3,1,Md. Anwarul Islam,ds,Bangladesh Nationalist Party (BNP),ds=119768,Md. Anwarul Islam,tbs,Bangladesh Nationalist Party (BNP),tbs=119768,1.00,name+party match (sim=1.00) [vote-boosted]
Natore 3,1,Md. Anwarul Islam,bss,Bangladesh Nationalist Party (BNP),bss=119768,Md. Anwarul Islam,"ds,tbs",Bangladesh Nationalist Party (BNP),ds=119768; tbs=119768,1.00,name+party match (sim=1.00) [vote-boosted]
Natore 3,1,Md. Anwarul Islam,dt,Bangladesh Nationalist Party (BNP),dt=119768,Md. Anwarul Islam,"bss,ds,tbs",Bangladesh Nationalist Party (BNP),bss=119768; ds=119768; tbs=119768,1.00,name+party match (sim=1.00) [vote-boosted]
Natore 3,1,Md. Ashiq Iqbal,ds,Jatiya Party (JaPa),ds=2119,Md. Ashik Iqbal,tbs,Jatiya Party (JaPa),tbs=2119,0.93,name+party match (sim=0.93) [vote-boosted]
Natore 3,1,Md. Ashiq Iqbal,dt,Jatiya Party (JaPa),dt=2119,Md. Ashik Iqbal,"ds,tbs",Jatiya Party (JaPa),ds=2119; tbs=2119,0.93,name+party match (sim=0.93) [vote-boosted]
Natore 3,1,Md. Khalilur Rahman,ds,Islami Andolan Bangladesh (IAB),ds=19105,Md. Khalilur Rahman,tbs,Islami Andolan Bangladesh (IAB),tbs=19105,1.00,name+party match (sim=1.00) [vote-boosted]
Natore 3,1,Md. Khalilur Rahman,dt,Islami Andolan Bangladesh (IAB),dt=19105,Md. Khalilur Rahman,"ds,tbs",Islami Andolan Bangladesh (IAB),ds=19105; tbs=19105,1.00,name+party match (sim=1.00) [vote-boosted]
Natore 3,1,Md. Delowar Hossain,dt,Independent Candidate (Independent),dt=372,Md. Delowar Hossain,tbs,Independent Candidate (Independent),tbs=372,1.00,name+party match (sim=1.00) [vote-boosted]
Natore 3,1,Md. Daudar Mahmud,ds,Independent Candidate (Independent),ds=66492,Md. Daudar Mahmud,tbs,Independent Candidate (Independent),tbs=66492,1.00,name+party match (sim=1.00) [vote-boosted]
Natore 3,1,Md Daudar Mahmud,bss,Independent Candidate (Independent),bss=66492,Md. Daudar Mahmud,"ds,tbs",Independent Candidate (Independent),ds=66492; tbs=66492,1.00,name+party match (sim=1.00) [vote-boosted]
Natore 3,1,Md. Daudar Mahmud,dt,Independent Candidate (Independent),dt=66492,Md. Daudar Mahmud,"bss,ds,tbs",Independent Candidate (Independent),bss=66492; ds=66492; tbs=66492,1.00,name+party match (sim=1.00) [vote-boosted]
Natore 4,1,Md. Abdul Aziz,ds,Bangladesh Nationalist Party (BNP),ds=170551,Md. Abdul Aziz,tbs,Bangladesh Nationalist Party (BNP),tbs=170551,1.00,name+party match (sim=1.00) [vote-boosted]
Natore 4,1,Md. Abdul Aziz,bss,Bangladesh Nationalist Party (BNP),bss=170551,Md. Abdul Aziz,"ds,tbs",Bangladesh Nationalist Party (BNP),ds=170551; tbs=170551,1.00,name+party match (sim=1.00) [vote-boosted]
Natore 4,1,Md. Abdul Aziz,dt,Bangladesh Nationalist Party (BNP),dt=170551,Md. Abdul Aziz,"bss,ds,tbs",Bangladesh Nationalist Party (BNP),bss=170551; ds=170551; tbs=170551,1.00,name+party match (sim=1.00) [vote-boosted]
Natore 4,1,Md. Abdul Hakim,ds,Bangladesh Jamaat-e-Islami (Jamaat),ds=135386,Md. Abdul Hakim,tbs,Bangladesh Jamaat-e-Islami (Jamaat),tbs=135386,1.00,name+party match (sim=1.00) [vote-boosted]
Natore 4,1,Md. Abdul Hakim,bss,Bangladesh Jamaat-e-Islami (Jamaat),bss=135386,Md. Abdul Hakim,"ds,tbs",Bangladesh Jamaat-e-Islami (Jamaat),ds=135386; tbs=135386,1.00,name+party match (sim=1.00) [vote-boosted]
Natore 4,1,Md. Abdul Hakim,dt,Bangladesh Jamaat-e-Islami (Jamaat),dt=135386,Md. Abdul Hakim,"bss,ds,tbs",Bangladesh Jamaat-e-Islami (Jamaat),bss=135386; ds=135386; tbs=135386,1.00,name+party match (sim=1.00) [vote-boosted]
Natore 4,1,Md. Emdadullah,ds,Islami Andolan Bangladesh (IAB),ds=3845,Md. Emdadullah,tbs,Islami Andolan Bangladesh (IAB),tbs=3845,1.00,name+party match (sim=1.00) [vote-boosted]
Natore 4,1,Md. Emdadullah,dt,Islami Andolan Bangladesh (IAB),dt=3845,Md. Emdadullah,"ds,tbs",Islami Andolan Bangladesh (IAB),ds=3845; tbs=3845,1.00,name+party match (sim=1.00) [vote-boosted]
Natore 4,1,Md. Moksedul Momin,ds,Amar Bangladesh Party (AB),ds=259,Md. Mokshedul Momin,tbs,Amar Bangladesh Party (AB),tbs=259,0.97,name+party match (sim=0.97) [vote-boosted]
Natore 4,1,Md. Moksedul Momin,dt,Amar Bangladesh Party (AB),dt=259,Md. Mokshedul Momin,"ds,tbs",Amar Bangladesh Party (AB),ds=259; tbs=259,0.97,name+party match (sim=0.97) [vote-boosted]
Natore 4,1,M. Yusuf Ahmed,ds,Jatiya Party (JaPa),ds=2799,M. Yusuf Ahmed,tbs,Jatiya Party (JaPa),tbs=2799,1.00,name+party match (sim=1.00) [vote-boosted]
Natore 4,1,M. Yusuf Ahmed,dt,Jatiya Party (JaPa),dt=2799,M. Yusuf Ahmed,"ds,tbs",Jatiya Party (JaPa),ds=2799; tbs=2799,1.00,name+party match (sim=1.00) [vote-boosted]
Netrakona 1,1,Kaiser Kamal,ds,Bangladesh Nationalist Party (BNP),ds=158343,Kaiser Kamal,tbs,Bangladesh Nationalist Party (BNP),tbs=158343,1.00,name+party match (sim=1.00) [vote-boosted]
Netrakona 1,1,Barrister Kaiser Kamal,bss,Bangladesh Nationalist Party (BNP),bss=158343,Kaiser Kamal,"ds,tbs",Bangladesh Nationalist Party (BNP),ds=158343; tbs=158343,1.00,name+party match (sim=1.00) [vote-boosted]
Netrakona 1,1,Barrister Kaiser Kamal,dt,Bangladesh Nationalist Party (BNP),dt=158434,Barrister Kaiser Kamal,"bss,ds,tbs",Bangladesh Nationalist Party (BNP),bss=158343; ds=158343; tbs=158343,1.00,name+party match (sim=1.00)
Netrakona 1,1,Md. Alkas Uddin Mir,ds,Communist Party of Bangladesh (CPB),ds=0,Md. Alkas Uddin Mir,tbs,Communist Party of Bangladesh (CPB),tbs=4429,1.00,name+party match (sim=1.00)
Netrakona 1,1,Md. Alkas Uddin Mir,dt,Communist Party of Bangladesh (CPB),dt=4429,Md. Alkas Uddin Mir,"ds,tbs",Communist Party of Bangladesh (CPB),ds=0; tbs=4429,1.00,name+party match (sim=1.00) [vote-boosted]
Netrakona 1,1,Ghulam Rabbani,ds,Khelafat Majlis,ds=87488,Ghulam Rabbani,tbs,Khelafat Majlis,tbs=87488,1.00,name+party match (sim=1.00) [vote-boosted]
Netrakona 1,1,Golam Rabbani,bss,Khelafat Majlis,bss=87488,Ghulam Rabbani,"ds,tbs",Khelafat Majlis,ds=87488; tbs=87488,0.93,name+party match (sim=0.93) [vote-boosted]
Netrakona 1,1,Golam Rabbani,dt,Khelafat Majlis,dt=87388,Ghulam Rabbani,"bss,ds,tbs",Khelafat Majlis,bss=87488; ds=87488; tbs=87488,0.93,name+party match (sim=0.93)
Netrakona 1,1,Md. Anwar Hossain Khan,ds,Jatiya Party (JaPa),ds=0,Md. Anwar Hossain Khan,tbs,Jatiya Party (JaPa),tbs=1023,1.00,name+party match (sim=1.00)
Netrakona 1,1,Md. Anwar Hossain Khan,dt,Jatiya Party (JaPa),dt=1023,Md. Anwar Hossain Khan,"ds,tbs",Jatiya Party (JaPa),ds=0; tbs=1023,1.00,name+party match (sim=1.00) [vote-boosted]
Netrakona 1,1,Md. A. Mannan,ds,Islami Andolan Bangladesh (IAB),ds=0,Md. A. Mannan,tbs,Islami Andolan Bangladesh (IAB),tbs=2220,1.00,name+party match (sim=1.00)
Netrakona 1,1,Md. Abdul Mannan (Sohag),dt,Islami Andolan Bangladesh (IAB),dt=2220,Md. A. Mannan,"ds,tbs",Islami Andolan Bangladesh (IAB),ds=0; tbs=2220,0.83,name+party match (sim=0.83) [vote-boosted]
Netrakona 1,1,Md. Belal Hossain,ds,Jatiya Samajtantrik Dal (JSD),ds=0,Md. Belal Hossain,tbs,Jatiya Samajtantrik Dal (JSD),tbs=335,1.00,name+party match (sim=1.00)
Netrakona 1,1,Md. Belal Hossain,dt,Jatiya Samajtantrik Dal (JSD),dt=335,Md. Belal Hossain,"ds,tbs",Jatiya Samajtantrik Dal (JSD),ds=0; tbs=335,1.00,name+party match (sim=1.00) [vote-boosted]
Netrakona 2,1,Abdul Qayyum,dt,Islami Andolan Bangladesh (IAB),dt=15220,Abdur Rahim,tbs,Islami Andolan Bangladesh (IAB),tbs=15220,0.61,name+party match (sim=0.61) [vote-boosted]
Netrakona 2,1,Abdul Qayyum,ds,Islami Andolan Bangladesh (IAB),ds=0,Abdul Qayyum,"dt,tbs",Islami Andolan Bangladesh (IAB),dt=15220; tbs=15220,1.00,name+party match (sim=1.00)
Netrakona 2,1,Md. Fahim Rahman Khan Pathan,ds,National Citizen Party (NCP),ds=67367,Md. Fahim Rahman Khan Pathan,tbs,National Citizen Party (NCP),tbs=67367,1.00,name+party match (sim=1.00) [vote-boosted]
Netrakona 2,1,Md. Fahim Rahman Khan Pathan,bss,National Citizen Party (NCP),bss=67367,Md. Fahim Rahman Khan Pathan,"ds,tbs",National Citizen Party (NCP),ds=67367; tbs=67367,1.00,name+party match (sim=1.00) [vote-boosted]
Netrakona 2,1,Md. Fahim Rahman Khan Pathan,dt,National Citizen Party (NCP),dt=67367,Md. Fahim Rahman Khan Pathan,"bss,ds,tbs",National Citizen Party (NCP),bss=67367; ds=67367; tbs=67367,1.00,name+party match (sim=1.00) [vote-boosted]
Netrakona 2,1,Md. Anwarul Haque,ds,Bangladesh Nationalist Party (BNP),ds=171399,Md. Anwarul Haque,tbs,Bangladesh Nationalist Party (BNP),tbs=171399,1.00,name+party match (sim=1.00) [vote-boosted]
Netrakona 2,1,Md. Anwarul Haque,bss,Bangladesh Nationalist Party (BNP),bss=171399,Md. Anwarul Haque,"ds,tbs",Bangladesh Nationalist Party (BNP),ds=171399; tbs=171399,1.00,name+party match (sim=1.00) [vote-boosted]
Netrakona 2,1,Md. Anwarul Haque,dt,Bangladesh Nationalist Party (BNP),dt=171399,Md. Anwarul Haque,"bss,ds,tbs",Bangladesh Nationalist Party (BNP),bss=171399; ds=171399; tbs=171399,1.00,name+party match (sim=1.00) [vote-boosted]
Netrakona 2,1,A. B. M. Rafiqul Haque Talukder,ds,Jatiya Party (JaPa),ds=0,"A. , B. , M. Rafiqul Haque Talukder",tbs,Jatiya Party (JaPa),tbs=4845,1.00,name+party match (sim=1.00)
Netrakona 2,1,A. B. M. Rafiqul Haque Talukder,dt,Jatiya Party (JaPa),dt=4845,"A. , B. , M. Rafiqul Haque Talukder","ds,tbs",Jatiya Party (JaPa),ds=0; tbs=4845,1.00,name+party match (sim=1.00) [vote-boosted]
Netrakona 2,1,Abdur Rahim,dt,Bangladesh Khelafat Andolon (BKA),dt=2020,Abdur Rahim,ds,Bangladesh Khelafat Andolon (BKA),ds=0,1.00,name+party match (sim=1.00)
Netrakona 3,1,Md. Zakir Hossain,ds,Islami Andolan Bangladesh (IAB),ds=0,Md. Zakir Hossain,tbs,Islami Andolan Bangladesh (IAB),tbs=2760,1.00,name+party match (sim=1.00)
Netrakona 3,1,Md. Zakir Hossain,dt,Islami Andolan Bangladesh (IAB),dt=2760,Md. Zakir Hossain,"ds,tbs",Islami Andolan Bangladesh (IAB),ds=0; tbs=2760,1.00,name+party match (sim=1.00) [vote-boosted]
Netrakona 3,1,Abul Hossain Talukder,ds,Jatiya Party (JaPa),ds=0,Md. Abul Hossain Talukder,tbs,Jatiya Party (JaPa),tbs=574,1.00,name+party match (sim=1.00)
Netrakona 3,1,Md. Abul Hossain Talukder,dt,Jatiya Party (JaPa),dt=574,Md. Abul Hossain Talukder,"ds,tbs",Jatiya Party (JaPa),ds=0; tbs=574,1.00,name+party match (sim=1.00) [vote-boosted]
Netrakona 3,1,Md. Shamsuddoha,ds,Bangladesh Islami Front (BIF),ds=0,Md. Shamsuddoha,tbs,Bangladesh Islami Front (BIF),tbs=358,1.00,name+party match (sim=1.00)
Netrakona 3,1,Md. Shamchuddoha,dt,Bangladesh Islami Front (BIF),dt=358,Md. Shamsuddoha,"ds,tbs",Bangladesh Islami Front (BIF),ds=0; tbs=358,0.90,name+party match (sim=0.90) [vote-boosted]
Netrakona 3,1,Rafiqul Islam Hilali,ds,Bangladesh Nationalist Party (BNP),ds=118469,Rafiqul Islam Hilali,tbs,Bangladesh Nationalist Party (BNP),tbs=118469,1.00,name+party match (sim=1.00) [vote-boosted]
Netrakona 3,1,Rafiqul Islam Hilali,bss,Bangladesh Nationalist Party (BNP),bss=118469,Rafiqul Islam Hilali,"ds,tbs",Bangladesh Nationalist Party (BNP),ds=118469; tbs=118469,1.00,name+party match (sim=1.00) [vote-boosted]
Netrakona 3,1,Rafiqul Islam Hilali,dt,Bangladesh Nationalist Party (BNP),dt=118469,Rafiqul Islam Hilali,"bss,ds,tbs",Bangladesh Nationalist Party (BNP),bss=118469; ds=118469; tbs=118469,1.00,name+party match (sim=1.00) [vote-boosted]
Netrakona 3,1,Md. Delwar Hossain Bhuiyan,ds,Independent Candidate (Independent),ds=68961,Md. Delwar Hossain Bhuiyan,tbs,Independent Candidate (Independent),tbs=68961,1.00,name+party match (sim=1.00) [vote-boosted]
Netrakona 3,1,Md Delwar Hossain Bhuya,bss,Independent Candidate (Independent),bss=68961,Md. Delwar Hossain Bhuiyan,"ds,tbs",Independent Candidate (Independent),ds=68961; tbs=68961,0.96,name+party match (sim=0.96) [vote-boosted]
Netrakona 3,1,Md. Delwar Hossain Bhuiyan,dt,Independent Candidate (Independent),dt=68961,Md. Delwar Hossain Bhuiyan,"bss,ds,tbs",Independent Candidate (Independent),bss=68961; ds=68961; tbs=68961,1.00,name+party match (sim=1.00) [vote-boosted]
Netrakona 3,1,Md. Khairul Kabir Niyogi,ds,Bangladesh Jamaat-e-Islami (Jamaat),ds=0,Md. Khairul Kabir Recruitment,tbs,Bangladesh Jamaat-e-Islami (Jamaat),tbs=41556,0.72,name+party match (sim=0.72)
Netrakona 3,1,Md. Khairul Kabir Niyogi,dt,Bangladesh Jamaat-e-Islami (Jamaat),dt=41556,Md. Khairul Kabir Recruitment,"ds,tbs",Bangladesh Jamaat-e-Islami (Jamaat),ds=0; tbs=41556,0.72,name+party match (sim=0.72) [vote-boosted]
Netrakona 4,1,Jolly Talukder,ds,Communist Party of Bangladesh (CPB),ds=0,Jolly Talukder,tbs,Communist Party of Bangladesh (CPB),tbs=3359,1.00,name+party match (sim=1.00)
Netrakona 4,1,Jolly Talukder,dt,Communist Party of Bangladesh (CPB),dt=3359,Jolly Talukder,"ds,tbs",Communist Party of Bangladesh (CPB),ds=0; tbs=3359,1.00,name+party match (sim=1.00) [vote-boosted]
Netrakona 4,1,Champa Rani Sarker,ds,Revolutionary Workers Party of Bangladesh (RWPB),ds=0,Champa Rani Government,tbs,Revolutionary Workers Party of Bangladesh (RWPB),tbs=282,0.70,name+party match (sim=0.70)
Netrakona 4,1,Champa Rani Sarkar,dt,Revolutionary Workers Party of Bangladesh (RWPB),dt=282,Champa Rani Government,"ds,tbs",Revolutionary Workers Party of Bangladesh (RWPB),ds=0; tbs=282,0.67,name+party match (sim=0.67) [vote-boosted]
Netrakona 4,1,Md. Al Helal,ds,Bangladesh Jamaat-e-Islami (Jamaat),ds=39840,Md. Al Helal,tbs,Bangladesh Jamaat-e-Islami (Jamaat),tbs=39840,1.00,name+party match (sim=1.00) [vote-boosted]
Netrakona 4,1,Md. Al-Helal,bss,Bangladesh Jamaat-e-Islami (Jamaat),bss=39840,Md. Al Helal,"ds,tbs",Bangladesh Jamaat-e-Islami (Jamaat),ds=39840; tbs=39840,1.00,name+party match (sim=1.00) [vote-boosted]
Netrakona 4,1,Md. Al-Helal,dt,Bangladesh Jamaat-e-Islami (Jamaat),dt=39840,Md. Al Helal,"bss,ds,tbs",Bangladesh Jamaat-e-Islami (Jamaat),bss=39840; ds=39840; tbs=39840,1.00,name+party match (sim=1.00) [vote-boosted]
Netrakona 4,1,Md. Lutfuzzaman Babar,ds,Bangladesh Nationalist Party (BNP),ds=160801,Md. Lutfuzzaman Babar,tbs,Bangladesh Nationalist Party (BNP),tbs=160801,1.00,name+party match (sim=1.00) [vote-boosted]
Netrakona 4,1,Md. Lutfuzzaman Babar,bss,Bangladesh Nationalist Party (BNP),bss=160801,Md. Lutfuzzaman Babar,"ds,tbs",Bangladesh Nationalist Party (BNP),ds=160801; tbs=160801,1.00,name+party match (sim=1.00) [vote-boosted]
Netrakona 4,1,Md. Lutfuzzaman Babar,dt,Bangladesh Nationalist Party (BNP),dt=160224,Md. Lutfuzzaman Babar,"bss,ds,tbs",Bangladesh Nationalist Party (BNP),bss=160801; ds=160801; tbs=160801,1.00,name+party match (sim=1.00)
Netrakona 4,1,Md. Mukhlesur Rahman,ds,Islami Andolan Bangladesh (IAB),ds=0,Md. Mukhlesur Rahman,tbs,Islami Andolan Bangladesh (IAB),tbs=2025,1.00,name+party match (sim=1.00)
Netrakona 4,1,Md. Mokhlesur Rahman,dt,Islami Andolan Bangladesh (IAB),dt=2025,Md. Mukhlesur Rahman,"ds,tbs",Islami Andolan Bangladesh (IAB),ds=0; tbs=2025,1.00,name+party match (sim=1.00) [vote-boosted]
Netrakona 5,1,Md. Abu Taher Talukdar,bss,Bangladesh Nationalist Party (BNP),bss=79412,Md. Abu Taher Talukder,tbs,Bangladesh Nationalist Party (BNP),tbs=79412,1.00,name+party match (sim=1.00) [vote-boosted]
Netrakona 5,1,Md. Abu Taher Talukder,dt,Bangladesh Nationalist Party (BNP),dt=79412,Md. Abu Taher Talukder,"bss,tbs",Bangladesh Nationalist Party (BNP),bss=79412; tbs=79412,1.00,name+party match (sim=1.00) [vote-boosted]
Netrakona 5,1,Md. Nurul Islam,ds,Islami Andolan Bangladesh (IAB),ds=0,Md. Nurul Islam,tbs,Islami Andolan Bangladesh (IAB),tbs=3341,1.00,name+party match (sim=1.00)
Netrakona 5,1,Md. Nurul Islam,dt,Islami Andolan Bangladesh (IAB),dt=8341,Md. Nurul Islam,"ds,tbs",Islami Andolan Bangladesh (IAB),ds=0; tbs=3341,1.00,name+party match (sim=1.00)
Netrakona 5,1,Masum Mustafa,ds,Bangladesh Jamaat-e-Islami (Jamaat),ds=82177,Masum Mustafa,tbs,Bangladesh Jamaat-e-Islami (Jamaat),tbs=82177,1.00,name+party match (sim=1.00) [vote-boosted]
Netrakona 5,1,Machum Mustafa,bss,Bangladesh Jamaat-e-Islami (Jamaat),bss=82177,Masum Mustafa,"ds,tbs",Bangladesh Jamaat-e-Islami (Jamaat),ds=82177; tbs=82177,0.89,name+party match (sim=0.89) [vote-boosted]
Netrakona 5,1,Masum Mustafa,dt,Bangladesh Jamaat-e-Islami (Jamaat),dt=82177,Machum Mustafa,"bss,ds,tbs",Bangladesh Jamaat-e-Islami (Jamaat),bss=82177; ds=82177; tbs=82177,0.89,name+party match (sim=0.89) [vote-boosted]
Nilphamari 1,1,Jebel Rahman Ghaani,ds,Bangladesh National Awami Party–Bangladesh NAP (BNAP),ds=0,Jebel Rahman Ghaani,tbs,Bangladesh National Awami Party–Bangladesh NAP (BNAP),tbs=4477,1.00,name+party match (sim=1.00)
Nilphamari 1,1,Maolana Md. Monjurul Islam,ds,Jamiat Ulema-e-Islam Bangladesh (JUIB),ds=118160,Mawlana Md. Monzurul Islam,tbs,Jamiat Ulema-e-Islam Bangladesh (JUIB),tbs=119059,0.92,name+party match (sim=0.92)
Nilphamari 1,1,Maulana Md. Manjurul Islam,bss,Jamiat Ulema-e-Islam Bangladesh (JUIB),bss=118160,Mawlana Md. Monzurul Islam,"ds,tbs",Jamiat Ulema-e-Islam Bangladesh (JUIB),ds=118160; tbs=119059,0.75,name+party match (sim=0.75) [vote-boosted]
Nilphamari 1,1,Maulana Md. Manjurul Islam,dt,Jamiat Ulema-e-Islam Bangladesh (JUIB),dt=119059,Mawlana Md. Monzurul Islam,"bss,ds,tbs",Jamiat Ulema-e-Islam Bangladesh (JUIB),bss=118160; ds=118160; tbs=119059,0.75,name+party match (sim=0.75) [vote-boosted]
Nilphamari 1,1,Md. Abdus Sattar,ds,Bangladesh Jamaat-e-Islami (Jamaat),ds=149224,Md. Abdus Sattar,tbs,Bangladesh Jamaat-e-Islami (Jamaat),tbs=150824,1.00,name+party match (sim=1.00)
Nilphamari 1,1,Md. Abdus Sattar,bss,Bangladesh Jamaat-e-Islami (Jamaat),bss=149224,Md. Abdus Sattar,"ds,tbs",Bangladesh Jamaat-e-Islami (Jamaat),ds=149224; tbs=150824,1.00,name+party match (sim=1.00) [vote-boosted]
Nilphamari 1,1,Md. Abdus Sattar,dt,Bangladesh Jamaat-e-Islami (Jamaat),dt=150824,Md. Abdus Sattar,"bss,ds,tbs",Bangladesh Jamaat-e-Islami (Jamaat),bss=149224; ds=149224; tbs=150824,1.00,name+party match (sim=1.00) [vote-boosted]
Nilphamari 1,1,Md. Abdul Jolil,ds,Islami Andolan Bangladesh (IAB),ds=0,Md. Abdul Jalil,tbs,Islami Andolan Bangladesh (IAB),tbs=1871,1.00,name+party match (sim=1.00)
Nilphamari 1,1,Md. Abdul Jalil,dt,Islami Andolan Bangladesh (IAB),dt=1871,Md. Abdul Jalil,"ds,tbs",Islami Andolan Bangladesh (IAB),ds=0; tbs=1871,1.00,name+party match (sim=1.00) [vote-boosted]
Nilphamari 1,1,Md. Mokhdum Azam Mushrafe,ds,Jatiya Party (Manju) (JP–Manju),ds=0,Md. Makhdum Azam Mashrafe,tbs,Jatiya Party (Manju) (JP–Manju),tbs=4501,1.00,name+party match (sim=1.00)
Nilphamari 1,1,Md. Taslim Uddin,ds,Jatiya Party (JaPa),ds=0,Md. Taslim Uddin,tbs,Jatiya Party (JaPa),tbs=12276,1.00,name+party match (sim=1.00)
Nilphamari 1,1,Md. Taslim Uddin,dt,Jatiya Party (JaPa),dt=12276,Md. Taslim Uddin,"ds,tbs",Jatiya Party (JaPa),ds=0; tbs=12276,1.00,name+party match (sim=1.00) [vote-boosted]
Nilphamari 1,1,Md. Rafiqul Islam,ds,Socialist Party of Bangladesh (Marxist) (SPB-M),ds=0,Md. Rafiqul Islam,tbs,Socialist Party of Bangladesh (Marxist) (SPB-M),tbs=312,1.00,name+party match (sim=1.00)
Nilphamari 1,1,Md. Rafiqul Islam,dt,Socialist Party of Bangladesh (Marxist) (SPB-M),dt=312,Md. Rafiqul Islam,"ds,tbs",Socialist Party of Bangladesh (Marxist) (SPB-M),ds=0; tbs=312,1.00,name+party match (sim=1.00) [vote-boosted]
Nilphamari 1,1,Md. Sirajul Islam,ds,Bangladesh Nationalist Front (BNF),ds=0,Md. Sirajul Islam,tbs,Bangladesh Nationalist Front (BNF),tbs=210,1.00,name+party match (sim=1.00)
Nilphamari 1,1,Md. Sirajul Islam,dt,Bangladesh Nationalist Front (BNF),dt=210,Md. Sirajul Islam,"ds,tbs",Bangladesh Nationalist Front (BNF),ds=0; tbs=210,1.00,name+party match (sim=1.00) [vote-boosted]
Nilphamari 1,2,Jebel Rahman Gani,dt,Bangladesh National Awami Party (Bangladesh NAP),dt=4477,Jebel Rahman Ghaani,"ds,tbs",Bangladesh National Awami Party–Bangladesh NAP (BNAP),ds=0; tbs=4477,0.95,"name+votes match, party differs: Bangladesh National Awami Party (Bangladesh NAP) → Bangladesh National Awami Party–Bangladesh NAP (BNAP)"
Nilphamari 1,2,Md. Makhdum Azam Mashrafi,dt,Jatiya Party (JaPa),dt=4501,Md. Makhdum Azam Mashrafe,"ds,tbs",Jatiya Party (Manju) (JP–Manju),ds=0; tbs=4501,1.00,"name+votes match, party differs: Jatiya Party (JaPa) → Jatiya Party (Manju) (JP–Manju)"
Nilphamari 2,1,Al Faruq Abdul Latif,ds,Bangladesh Jamaat-e-Islami (Jamaat),ds=145202,Alfaruq Abdul Latif,tbs,Bangladesh Jamaat-e-Islami (Jamaat),tbs=146430,1.00,name+party match (sim=1.00)
Nilphamari 2,1,Alfaruq Abdul Latif,bss,Bangladesh Jamaat-e-Islami (Jamaat),bss=145202,Al Faruq Abdul Latif,"ds,tbs",Bangladesh Jamaat-e-Islami (Jamaat),ds=145202; tbs=146430,1.00,name+party match (sim=1.00) [vote-boosted]
Nilphamari 2,1,Al-Faruk Abdul Latif,dt,Bangladesh Jamaat-e-Islami (Jamaat),dt=146430,Al Faruq Abdul Latif,"bss,ds,tbs",Bangladesh Jamaat-e-Islami (Jamaat),bss=145202; ds=145202; tbs=146430,0.95,name+party match (sim=0.95) [vote-boosted]
Nilphamari 2,1,Md. Minhazul Islam Minhaz,ds,Independent Candidate (Independent),ds=0,Md. Minhazul Islam Minhaz,tbs,Independent Candidate (Independent),tbs=307,1.00,name+party match (sim=1.00)
Nilphamari 2,1,Md. Minhajul Islam Minhaj,dt,Independent Candidate (Independent),dt=307,Md. Minhazul Islam Minhaz,"ds,tbs",Independent Candidate (Independent),ds=0; tbs=307,1.00,name+party match (sim=1.00) [vote-boosted]
Nilphamari 2,1,Md. Sarwarul Alam,ds,Khelafat Majlis,ds=0,Md. Sarwarul Alam,tbs,Khelafat Majlis,tbs=351,1.00,name+party match (sim=1.00)
Nilphamari 2,1,Md. Sarwarul Alam,dt,Khelafat Majlis,dt=351,Md. Sarwarul Alam,"ds,tbs",Khelafat Majlis,ds=0; tbs=351,1.00,name+party match (sim=1.00) [vote-boosted]
Nilphamari 2,1,Shahrin Islam,ds,Bangladesh Nationalist Party (BNP),ds=134579,Shahrin Islam,tbs,Bangladesh Nationalist Party (BNP),tbs=135418,1.00,name+party match (sim=1.00)
Nilphamari 2,1,Shahreen Islam,bss,Bangladesh Nationalist Party (BNP),bss=134579,Shahrin Islam,"ds,tbs",Bangladesh Nationalist Party (BNP),ds=134579; tbs=135418,1.00,name+party match (sim=1.00) [vote-boosted]
Nilphamari 2,1,Shaharin Islam,dt,Bangladesh Nationalist Party (BNP),dt=135418,Shahreen Islam,"bss,ds,tbs",Bangladesh Nationalist Party (BNP),bss=134579; ds=134579; tbs=135418,1.00,name+party match (sim=1.00) [vote-boosted]
Nilphamari 2,1,Md. Shirajul Islam,ds,Bangladesh Nationalist Front (BNF),ds=0,Md. Sirajul Islam,tbs,Bangladesh Nationalist Front (BNF),tbs=193,0.97,name+party match (sim=0.97)
Nilphamari 2,1,Md. Sirajul Islam,dt,Bangladesh Nationalist Front (BNF),dt=193,Md. Shirajul Islam,"ds,tbs",Bangladesh Nationalist Front (BNF),ds=0; tbs=193,0.97,name+party match (sim=0.97) [vote-boosted]
Nilphamari 2,1,Hasibul Islam,ds,Islami Andolan Bangladesh (IAB),ds=0,Hasibul Islam,tbs,Islami Andolan Bangladesh (IAB),tbs=3260,1.00,name+party match (sim=1.00)
Nilphamari 2,1,Hasibul Islam,dt,Islami Andolan Bangladesh (IAB),dt=3260,Hasibul Islam,"ds,tbs",Islami Andolan Bangladesh (IAB),ds=0; tbs=3260,1.00,name+party match (sim=1.00) [vote-boosted]
Nilphamari 3,1,Alhaj Syed Ali,ds,Bangladesh Nationalist Party (BNP),ds=89102,Alhaz Sayed Ali,tbs,Bangladesh Nationalist Party (BNP),tbs=89807,0.73,name+party match (sim=0.73)
Nilphamari 3,1,Alhaj Syed Ali,bss,Bangladesh Nationalist Party (BNP),bss=89102,Alhaz Sayed Ali,"ds,tbs",Bangladesh Nationalist Party (BNP),ds=89102; tbs=89807,0.73,name+party match (sim=0.73) [vote-boosted]
Nilphamari 3,1,Alhaj Syed Ali,dt,Bangladesh Nationalist Party (BNP),dt=89807,Alhaz Sayed Ali,"bss,ds,tbs",Bangladesh Nationalist Party (BNP),bss=89102; ds=89102; tbs=89807,0.73,name+party match (sim=0.73) [vote-boosted]
Nilphamari 3,1,Obaidullah Salafi,ds,Bangladesh Jamaat-e-Islami (Jamaat),ds=108560,Obaidullah Salafi,tbs,Bangladesh Jamaat-e-Islami (Jamaat),tbs=109686,1.00,name+party match (sim=1.00)
Nilphamari 3,1,Obaidullah Salafi,bss,Bangladesh Jamaat-e-Islami (Jamaat),bss=108560,Obaidullah Salafi,"ds,tbs",Bangladesh Jamaat-e-Islami (Jamaat),ds=108560; tbs=109686,1.00,name+party match (sim=1.00) [vote-boosted]
Nilphamari 3,1,Obaidullah Salafi,dt,Bangladesh Jamaat-e-Islami (Jamaat),dt=109686,Obaidullah Salafi,"bss,ds,tbs",Bangladesh Jamaat-e-Islami (Jamaat),bss=108560; ds=108560; tbs=109686,1.00,name+party match (sim=1.00) [vote-boosted]
Nilphamari 3,1,Md. Amzad Hossain (Sarkar),dt,Islami Andolan Bangladesh (IAB),dt=990,Amzad Hossain Sarker,tbs,Islami Andolan Bangladesh (IAB),tbs=990,0.77,name+party match (sim=0.77) [vote-boosted]
Nilphamari 3,1,Md. Amjad Hossain,ds,Islami Andolan Bangladesh (IAB),ds=0,Md. Amzad Hossain (Sarkar),"dt,tbs",Islami Andolan Bangladesh (IAB),dt=990; tbs=990,0.94,name+party match (sim=0.94)
Nilphamari 3,1,Md. Rohan Chowdhury,ds,Jatiya Party (JaPa),ds=0,Rohan Chowdhury,tbs,Jatiya Party (JaPa),tbs=3391,1.00,name+party match (sim=1.00)
Nilphamari 3,1,Md. Rohan Chowdhury,dt,Jatiya Party (JaPa),dt=3391,Md. Rohan Chowdhury,"ds,tbs",Jatiya Party (JaPa),ds=0; tbs=3391,1.00,name+party match (sim=1.00) [vote-boosted]
Nilphamari 4,1,Abdul Muntakim,ds,Bangladesh Jamaat-e-Islami (Jamaat),ds=124865,Abdul Muttakim,tbs,Bangladesh Jamaat-e-Islami (Jamaat),tbs=126222,0.93,name+party match (sim=0.93)
Nilphamari 4,1,Abdul Muntakim,bss,Bangladesh Jamaat-e-Islami (Jamaat),bss=124865,Abdul Muttakim,"ds,tbs",Bangladesh Jamaat-e-Islami (Jamaat),ds=124865; tbs=126222,0.93,name+party match (sim=0.93) [vote-boosted]
Nilphamari 4,1,Abdul Muntakim,dt,Bangladesh Jamaat-e-Islami (Jamaat),dt=126222,Abdul Muttakim,"bss,ds,tbs",Bangladesh Jamaat-e-Islami (Jamaat),bss=124865; ds=124865; tbs=126222,0.93,name+party match (sim=0.93) [vote-boosted]
Nilphamari 4,1,S. M. Mamunur Rashid,ds,Independent Candidate (Independent),ds=0,S. M. Mamunur Rashid,tbs,Independent Candidate (Independent),tbs=436,1.00,name+party match (sim=1.00)
Nilphamari 4,1,S. M. Mamunur Rashid,dt,Independent Candidate (Independent),dt=436,S. M. Mamunur Rashid,"ds,tbs",Independent Candidate (Independent),ds=0; tbs=436,1.00,name+party match (sim=1.00) [vote-boosted]
Nilphamari 4,1,Jobaidur Rahman,ds,Independent Candidate (Independent),ds=0,Jobaidur Rahman Hira,tbs,Independent Candidate (Independent),tbs=1008,1.00,name+party match (sim=1.00)
Nilphamari 4,1,Zobaidur Rahman (Hira),dt,Independent Candidate (Independent),dt=1008,Jobaidur Rahman Hira,"ds,tbs",Independent Candidate (Independent),ds=0; tbs=1008,0.80,name+party match (sim=0.80) [vote-boosted]
Nilphamari 4,1,Md. Abdul Gafur Sarker,ds,Bangladesh Nationalist Party (BNP),ds=81526,Md. Abdul Gafur Sarkar,tbs,Bangladesh Nationalist Party (BNP),tbs=82086,1.00,name+party match (sim=1.00)
Nilphamari 4,1,Md. Abdul Gafur Sarkar,bss,Bangladesh Nationalist Party (BNP),bss=81526,Md. Abdul Gafur Sarkar,"ds,tbs",Bangladesh Nationalist Party (BNP),ds=81526; tbs=82086,1.00,name+party match (sim=1.00) [vote-boosted]
Nilphamari 4,1,Md. Abdul Gafur Sarkar,dt,Bangladesh Nationalist Party (BNP),dt=82086,Md. Abdul Gafur Sarkar,"bss,ds,tbs",Bangladesh Nationalist Party (BNP),bss=81526; ds=81526; tbs=82086,1.00,name+party match (sim=1.00) [vote-boosted]
Nilphamari 4,1,Md. Riyad Arfan Sarkar,ds,Independent Candidate (Independent),ds=0,Md. Riyad Arfan Sarkar,tbs,Independent Candidate (Independent),tbs=3826,1.00,name+party match (sim=1.00)
Nilphamari 4,1,Md. Riyad Arfan Sarkar,dt,Independent Candidate (Independent),dt=3826,Md. Riyad Arfan Sarkar,"ds,tbs",Independent Candidate (Independent),ds=0; tbs=3826,1.00,name+party match (sim=1.00) [vote-boosted]
Nilphamari 4,1,Md. Shahidul Islam,ds,Islami Andolan Bangladesh (IAB),ds=0,Md. Shahidul Islam,tbs,Islami Andolan Bangladesh (IAB),tbs=8335,1.00,name+party match (sim=1.00)
Nilphamari 4,1,Md. Shahidul Islam,dt,Islami Andolan Bangladesh (IAB),dt=8335,Md. Shahidul Islam,"ds,tbs",Islami Andolan Bangladesh (IAB),ds=0; tbs=8335,1.00,name+party match (sim=1.00) [vote-boosted]
Nilphamari 4,1,Md. Siddiqul Alam,ds,Jatiya Party (JaPa),ds=0,Md. Siddiqul Alam,tbs,Jatiya Party (JaPa),tbs=67757,1.00,name+party match (sim=1.00)
Nilphamari 4,1,Md. Siddiqul Alam,dt,Jatiya Party (JaPa),dt=67557,Md. Siddiqul Alam,"ds,tbs",Jatiya Party (JaPa),ds=0; tbs=67757,1.00,name+party match (sim=1.00)
Nilphamari 4,1,Md. Maidul Islam,ds,Socialist Party of Bangladesh (Marxist) (SPB-M),ds=0,Md. Maidul Islam,tbs,Socialist Party of Bangladesh (Marxist) (SPB-M),tbs=630,1.00,name+party match (sim=1.00)
Nilphamari 4,1,Md. Maidul Islam,dt,Socialist Party of Bangladesh (Marxist) (SPB-M),dt=630,Md. Maidul Islam,"ds,tbs",Socialist Party of Bangladesh (Marxist) (SPB-M),ds=0; tbs=630,1.00,name+party match (sim=1.00) [vote-boosted]
Nilphamari 4,1,Mirza Md. Shawkat Akhbar Rawshan,ds,Bangladesh Jatiya Party (BJP),ds=0,Mirza Md. Shawkat Akbar,tbs,Bangladesh Jatiya Party (BJP),tbs=97,0.84,name+party match (sim=0.84)
Nilphamari 4,1,Mirza Md. Shawkat Akbar (Rowshan),dt,Bangladesh Jatiya Party (BJP),dt=97,Mirza Md. Shawkat Akhbar Rawshan,"ds,tbs",Bangladesh Jatiya Party (BJP),ds=0; tbs=97,0.84,name+party match (sim=0.84) [vote-boosted]
Noakhali 1,1,A. M. Mahbub Uddin,ds,Bangladesh Nationalist Party (BNP),ds=126833,Am Mahbub Uddin,tbs,Bangladesh Nationalist Party (BNP),tbs=126833,1.00,name+party match (sim=1.00) [vote-boosted]
Noakhali 1,1,AM Mahbub Uddin,bss,Bangladesh Nationalist Party (BNP),bss=126833,A. M. Mahbub Uddin,"ds,tbs",Bangladesh Nationalist Party (BNP),ds=126833; tbs=126833,1.00,name+party match (sim=1.00) [vote-boosted]
Noakhali 1,1,A. M. Mahbub Uddin,dt,Bangladesh Nationalist Party (BNP),dt=126833,A. M. Mahbub Uddin,"bss,ds,tbs",Bangladesh Nationalist Party (BNP),bss=126833; ds=126833; tbs=126833,1.00,name+party match (sim=1.00) [vote-boosted]
Noakhali 1,1,Rehana Begum,ds,Jatiya Samajtantrik Dal (JSD),ds=0,Rehana Begum,tbs,Jatiya Samajtantrik Dal (JSD),tbs=482,1.00,name+party match (sim=1.00)
Noakhali 1,1,Rehana Begum,dt,Jatiya Samajtantrik Dal (JSD),dt=482,Rehana Begum,"ds,tbs",Jatiya Samajtantrik Dal (JSD),ds=0; tbs=482,1.00,name+party match (sim=1.00) [vote-boosted]
Noakhali 1,1,Zahirul Islam,ds,Islami Andolan Bangladesh (IAB),ds=0,Jahirul Islam,tbs,Islami Andolan Bangladesh (IAB),tbs=19289,0.92,name+party match (sim=0.92)
Noakhali 1,1,Jahirul Islam,dt,Islami Andolan Bangladesh (IAB),dt=19289,Jahirul Islam,"ds,tbs",Islami Andolan Bangladesh (IAB),ds=0; tbs=19289,1.00,name+party match (sim=1.00) [vote-boosted]
Noakhali 1,1,Md. Mominul Islam,ds,Bangladesh Congress,ds=0,Md. Mominul Islam,tbs,Bangladesh Congress,tbs=274,1.00,name+party match (sim=1.00)
Noakhali 1,1,Md. Mominul Islam,dt,Bangladesh Congress,dt=274,Md. Mominul Islam,"ds,tbs",Bangladesh Congress,ds=0; tbs=274,1.00,name+party match (sim=1.00) [vote-boosted]
Noakhali 1,1,Md. Saif Ullah,ds,Bangladesh Jamaat-e-Islami (Jamaat),ds=98036,Md. Saif Ullah,tbs,Bangladesh Jamaat-e-Islami (Jamaat),tbs=98036,1.00,name+party match (sim=1.00) [vote-boosted]
Noakhali 1,1,Md. Chaif ​​Ulyah,bss,Bangladesh Jamaat-e-Islami (Jamaat),bss=98036,Md. Saif Ullah,"ds,tbs",Bangladesh Jamaat-e-Islami (Jamaat),ds=98036; tbs=98036,0.77,name+party match (sim=0.77) [vote-boosted]
Noakhali 1,1,Md. Saiful Ullah,dt,Bangladesh Jamaat-e-Islami (Jamaat),dt=98036,Md. Chaif ​​Ulyah,"bss,ds,tbs",Bangladesh Jamaat-e-Islami (Jamaat),bss=98036; ds=98036; tbs=98036,0.67,name+party match (sim=0.67) [vote-boosted]
Noakhali 1,1,Md. Moshiur Rahman,ds,Insaniyat Biplob Bangladesh (IBB),ds=0,Md. Mashiur Rahman,tbs,Insaniyat Biplob Bangladesh (IBB),tbs=188,1.00,name+party match (sim=1.00)
Noakhali 1,1,Md. Mashirur Rahman,dt,Insaniyat Biplob Bangladesh (IBB),dt=188,Md. Mashiur Rahman,"ds,tbs",Insaniyat Biplob Bangladesh (IBB),ds=0; tbs=188,0.97,name+party match (sim=0.97) [vote-boosted]
Noakhali 1,1,Md. Nurul Amin,ds,Jatiya Party (JaPa),ds=0,Md. Nurul Amin,tbs,Jatiya Party (JaPa),tbs=1075,1.00,name+party match (sim=1.00)
Noakhali 1,1,Md. Nurul Amin,dt,Jatiya Party (JaPa),dt=1075,Md. Nurul Amin,"ds,tbs",Jatiya Party (JaPa),ds=0; tbs=1075,1.00,name+party match (sim=1.00) [vote-boosted]
Noakhali 2,1,Zainul Abdin Farooq,ds,Bangladesh Nationalist Party (BNP),ds=83982,Zainul Abdin Farroque,tbs,Bangladesh Nationalist Party (BNP),tbs=83982,0.95,name+party match (sim=0.95) [vote-boosted]
Noakhali 2,1,Zainul Abdin Farooq,bss,Bangladesh Nationalist Party (BNP),bss=83982,Zainul Abdin Farroque,"ds,tbs",Bangladesh Nationalist Party (BNP),ds=83982; tbs=83982,0.95,name+party match (sim=0.95) [vote-boosted]
Noakhali 2,1,Zainul Abdin Faruk,dt,Bangladesh Nationalist Party (BNP),dt=83982,Zainul Abdin Farroque,"bss,ds,tbs",Bangladesh Nationalist Party (BNP),bss=83982; ds=83982; tbs=83982,0.87,name+party match (sim=0.87) [vote-boosted]
Noakhali 2,1,Sultan Md. Zakaria Majumder,ds,National Citizen Party (NCP),ds=67054,Sultan Md. Zakaria Mazumder,tbs,National Citizen Party (NCP),tbs=67054,0.96,name+party match (sim=0.96) [vote-boosted]
Noakhali 2,1,Sultan Muhammad Zakaria Majumdar,bss,National Citizen Party (NCP),bss=67054,Sultan Md. Zakaria Mazumder,"ds,tbs",National Citizen Party (NCP),ds=67054; tbs=67054,0.93,name+party match (sim=0.93) [vote-boosted]
Noakhali 2,1,Sultan Mohammad Zakaria Majumder,dt,National Citizen Party (NCP),dt=67054,Sultan Muhammad Zakaria Majumdar,"bss,ds,tbs",National Citizen Party (NCP),bss=67054; ds=67054; tbs=67054,1.00,name+party match (sim=1.00) [vote-boosted]
Noakhali 2,1,Kazi Md. Mofizur Rahman,ds,Independent Candidate (Independent),ds=0,Kazi Md. Mofizur Rahman,tbs,Independent Candidate (Independent),tbs=44712,1.00,name+party match (sim=1.00)
Noakhali 2,1,Kazi Mohammad Mofizur Rahman,dt,Independent Candidate (Independent),dt=44712,Kazi Md. Mofizur Rahman,"ds,tbs",Independent Candidate (Independent),ds=0; tbs=44712,1.00,name+party match (sim=1.00) [vote-boosted]
Noakhali 2,1,Md. Shahadat Hossain,ds,Jatiya Party (JaPa),ds=0,Md. Shahadat Hossain,tbs,Jatiya Party (JaPa),tbs=1075,1.00,name+party match (sim=1.00)
Noakhali 2,1,Md. Shahadat Hossain,dt,Jatiya Party (JaPa),dt=557,Md. Shahadat Hossain,"ds,tbs",Jatiya Party (JaPa),ds=0; tbs=1075,1.00,name+party match (sim=1.00)
Noakhali 2,1,Khalilur Rahman,ds,Islami Andolan Bangladesh (IAB),ds=0,Khalilur Rahman,tbs,Islami Andolan Bangladesh (IAB),tbs=19289,1.00,name+party match (sim=1.00)
Noakhali 2,1,Khalilur Rahman,dt,Islami Andolan Bangladesh (IAB),dt=6217,Khalilur Rahman,"ds,tbs",Islami Andolan Bangladesh (IAB),ds=0; tbs=19289,1.00,name+party match (sim=1.00)
Noakhali 3,1,Md. Barkat Ullah Bulu,ds,Bangladesh Nationalist Party (BNP),ds=141031,Md. Barkatullah Bulu,tbs,Bangladesh Nationalist Party (BNP),tbs=141031,1.00,name+party match (sim=1.00) [vote-boosted]
Noakhali 3,1,Md. Barkat Ullah Bulu,bss,Bangladesh Nationalist Party (BNP),bss=141031,Md. Barkat Ullah Bulu,"ds,tbs",Bangladesh Nationalist Party (BNP),ds=141031; tbs=141031,1.00,name+party match (sim=1.00) [vote-boosted]
Noakhali 3,1,Md. Borkot Ullah Bulu,dt,Bangladesh Nationalist Party (BNP),dt=141031,Md. Barkat Ullah Bulu,"bss,ds,tbs",Bangladesh Nationalist Party (BNP),bss=141031; ds=141031; tbs=141031,1.00,name+party match (sim=1.00) [vote-boosted]
Noakhali 3,1,Md. Siraj Mia,ds,Jatiya Samajtantrik Dal (JSD),ds=0,Md. Siraj Mia,tbs,Jatiya Samajtantrik Dal (JSD),tbs=747,1.00,name+party match (sim=1.00)
Noakhali 3,1,Md. Siraj Mia,dt,Jatiya Samajtantrik Dal (JSD),dt=747,Md. Siraj Mia,"ds,tbs",Jatiya Samajtantrik Dal (JSD),ds=0; tbs=747,1.00,name+party match (sim=1.00) [vote-boosted]
Noakhali 3,1,Sharif Ahmed,ds,Independent Candidate (Independent),ds=0,Sharif Ahmed,tbs,Independent Candidate (Independent),tbs=260,1.00,name+party match (sim=1.00)
Noakhali 3,1,Sharif Ahmed,dt,Independent Candidate (Independent),dt=260,Sharif Ahmed,"ds,tbs",Independent Candidate (Independent),ds=0; tbs=260,1.00,name+party match (sim=1.00) [vote-boosted]
Noakhali 3,1,Morshed Alam,ds,Khelafat Majlis,ds=0,Morshed Alam,tbs,Khelafat Majlis,tbs=800,1.00,name+party match (sim=1.00)
Noakhali 3,1,Morshed Alam,dt,Khelafat Majlis,dt=800,Morshed Alam,"ds,tbs",Khelafat Majlis,ds=0; tbs=800,1.00,name+party match (sim=1.00) [vote-boosted]
Noakhali 3,1,Md. Nur Uddin,ds,Islami Andolan Bangladesh (IAB),ds=0,Md. Nur Uddin,tbs,Islami Andolan Bangladesh (IAB),tbs=9861,1.00,name+party match (sim=1.00)
Noakhali 3,1,Mohammad Nur Uddin,dt,Islami Andolan Bangladesh (IAB),dt=9861,Md. Nur Uddin,"ds,tbs",Islami Andolan Bangladesh (IAB),ds=0; tbs=9861,1.00,name+party match (sim=1.00) [vote-boosted]
Noakhali 3,1,Md. Rajib Uddoula Chowdhury,ds,Independent Candidate (Independent),ds=0,Md. Rajib Uddoula Chowdhury,tbs,Independent Candidate (Independent),tbs=534,1.00,name+party match (sim=1.00)
Noakhali 3,1,Md. Rajib Uddoula Chowdhury,dt,Independent Candidate (Independent),dt=534,Md. Rajib Uddoula Chowdhury,"ds,tbs",Independent Candidate (Independent),ds=0; tbs=534,1.00,name+party match (sim=1.00) [vote-boosted]
Noakhali 3,1,Md. Borhan Uddin,ds,Bangladesh Jamaat-e-Islami (Jamaat),ds=123941,Md. Borhan Uddin,tbs,Bangladesh Jamaat-e-Islami (Jamaat),tbs=123941,1.00,name+party match (sim=1.00) [vote-boosted]
Noakhali 3,1,Md. Borhan Uddin,bss,Bangladesh Jamaat-e-Islami (Jamaat),bss=123941,Md. Borhan Uddin,"ds,tbs",Bangladesh Jamaat-e-Islami (Jamaat),ds=123941; tbs=123941,1.00,name+party match (sim=1.00) [vote-boosted]
Noakhali 3,1,Md. Borhan Uddin,dt,Bangladesh Jamaat-e-Islami (Jamaat),dt=123941,Md. Borhan Uddin,"bss,ds,tbs",Bangladesh Jamaat-e-Islami (Jamaat),bss=123941; ds=123941; tbs=123941,1.00,name+party match (sim=1.00) [vote-boosted]
Noakhali 4,1,Md. Shariful Islam,ds,Jatiya Party (JaPa),ds=0,Md. Shariful Islam,tbs,Jatiya Party (JaPa),tbs=2344,1.00,name+party match (sim=1.00)
Noakhali 4,1,Md. Shariful Islam,dt,Jatiya Party (JaPa),dt=2344,Md. Shariful Islam,"ds,tbs",Jatiya Party (JaPa),ds=0; tbs=2344,1.00,name+party match (sim=1.00) [vote-boosted]
Noakhali 4,1,Md. Shahjahan,ds,Bangladesh Nationalist Party (BNP),ds=219182,Md. Shahjahan,tbs,Bangladesh Nationalist Party (BNP),tbs=219182,1.00,name+party match (sim=1.00) [vote-boosted]
Noakhali 4,1,Md. Shahjahan,bss,Bangladesh Nationalist Party (BNP),bss=219182,Md. Shahjahan,"ds,tbs",Bangladesh Nationalist Party (BNP),ds=219182; tbs=219182,1.00,name+party match (sim=1.00) [vote-boosted]
Noakhali 4,1,Md. Shahjahan,dt,Bangladesh Nationalist Party (BNP),dt=219182,Md. Shahjahan,"bss,ds,tbs",Bangladesh Nationalist Party (BNP),bss=219182; ds=219182; tbs=219182,1.00,name+party match (sim=1.00) [vote-boosted]
Noakhali 4,1,Bitul Chandra Talukder,ds,Socialist Party of Bangladesh (Marxist) (SPB-M),ds=0,Bitul Chandra Talukdar,tbs,Socialist Party of Bangladesh (Marxist) (SPB-M),tbs=917,1.00,name+party match (sim=1.00)
Noakhali 4,1,Bitul Chandra Talukder,dt,Socialist Party of Bangladesh (Marxist) (SPB-M),dt=917,Bitul Chandra Talukdar,"ds,tbs",Socialist Party of Bangladesh (Marxist) (SPB-M),ds=0; tbs=917,1.00,name+party match (sim=1.00) [vote-boosted]
Noakhali 4,1,Md. Ishaq Khandaker,ds,Bangladesh Jamaat-e-Islami (Jamaat),ds=148989,Md. Ishak Khandaker,tbs,Bangladesh Jamaat-e-Islami (Jamaat),tbs=148989,0.95,name+party match (sim=0.95) [vote-boosted]
Noakhali 4,1,Md. Ishaq Khandkar,bss,Bangladesh Jamaat-e-Islami (Jamaat),bss=148989,Md. Ishak Khandaker,"ds,tbs",Bangladesh Jamaat-e-Islami (Jamaat),ds=148989; tbs=148989,0.91,name+party match (sim=0.91) [vote-boosted]
Noakhali 4,1,Md. Ishaq Khandaker,dt,Bangladesh Jamaat-e-Islami (Jamaat),dt=148989,Md. Ishak Khandaker,"bss,ds,tbs",Bangladesh Jamaat-e-Islami (Jamaat),bss=148989; ds=148989; tbs=148989,0.95,name+party match (sim=0.95) [vote-boosted]
Noakhali 4,1,Md. Yunus Nabi,ds,Insaniyat Biplob Bangladesh (IBB),ds=0,Md. Yunus Nabi,tbs,Insaniyat Biplob Bangladesh (IBB),tbs=493,1.00,name+party match (sim=1.00)
Noakhali 4,1,Md. Yunus Nabi,dt,Insaniyat Biplob Bangladesh (IBB),dt=493,Md. Yunus Nabi,"ds,tbs",Insaniyat Biplob Bangladesh (IBB),ds=0; tbs=493,1.00,name+party match (sim=1.00) [vote-boosted]
Noakhali 4,1,Md. Firoz Alam Masud,ds,Islami Andolan Bangladesh (IAB),ds=0,Md. Firoz Alam Masud,tbs,Islami Andolan Bangladesh (IAB),tbs=14783,1.00,name+party match (sim=1.00)
Noakhali 4,1,Md. Firoz Alam Masud,dt,Islami Andolan Bangladesh (IAB),dt=14783,Md. Firoz Alam Masud,"ds,tbs",Islami Andolan Bangladesh (IAB),ds=0; tbs=14783,1.00,name+party match (sim=1.00) [vote-boosted]
Noakhali 4,1,Abduz Zaher,ds,Gono Odhikar Parishad (GOP),ds=0,Abduz Zaher,tbs,Gono Odhikar Parishad (GOP),tbs=542,1.00,name+party match (sim=1.00)
Noakhali 4,1,Abduj Jaher,dt,Gono Odhikar Parishad (GOP),dt=542,Abduz Zaher,"ds,tbs",Gono Odhikar Parishad (GOP),ds=0; tbs=542,0.82,name+party match (sim=0.82) [vote-boosted]
Noakhali 5,1,Moon Tahar Begum,ds,Socialist Party of Bangladesh (Marxist) (SPB-M),ds=0,Muntahar Begum,tbs,Socialist Party of Bangladesh (Marxist) (SPB-M),tbs=173,1.00,name+party match (sim=1.00)
Noakhali 5,1,Mun Tahar Begum,dt,Socialist Party of Bangladesh (Marxist) (SPB-M),dt=173,Moon Tahar Begum,"ds,tbs",Socialist Party of Bangladesh (Marxist) (SPB-M),ds=0; tbs=173,1.00,name+party match (sim=1.00) [vote-boosted]
Noakhali 5,1,Abu Nasser,ds,Islami Andolan Bangladesh (IAB),ds=0,Abu Naser,tbs,Islami Andolan Bangladesh (IAB),tbs=6224,0.95,name+party match (sim=0.95)
Noakhali 5,1,Abu Naser,dt,Islami Andolan Bangladesh (IAB),dt=6224,Abu Nasser,"ds,tbs",Islami Andolan Bangladesh (IAB),ds=0; tbs=6224,0.95,name+party match (sim=0.95) [vote-boosted]
Noakhali 5,1,Md. Yunus,ds,Independent Candidate (Independent),ds=0,Md. Yunus,tbs,Independent Candidate (Independent),tbs=133,1.00,name+party match (sim=1.00)
Noakhali 5,1,Muhammad Yunus,dt,Independent Candidate (Independent),dt=133,Md. Yunus,"ds,tbs",Independent Candidate (Independent),ds=0; tbs=133,1.00,name+party match (sim=1.00) [vote-boosted]
Noakhali 5,1,Md. Anisul Haque,ds,Bangladesh Republican Party (BRP),ds=0,Md. Anisul Huq,tbs,Bangladesh Republican Party (BRP),tbs=141,1.00,name+party match (sim=1.00)
Noakhali 5,1,Mohammad Anisul Haque,dt,Bangladesh Republican Party (BRP),dt=141,Md. Anisul Haque,"ds,tbs",Bangladesh Republican Party (BRP),ds=0; tbs=141,1.00,name+party match (sim=1.00) [vote-boosted]
Noakhali 5,1,Md. Kamal Uddin Patwari,ds,Jatiya Samajtantrik Dal (JSD),ds=0,Md. Kamal Uddin Patwari,tbs,Jatiya Samajtantrik Dal (JSD),tbs=298,1.00,name+party match (sim=1.00)
Noakhali 5,1,Md. Kamal Uddin Patwari,dt,Jatiya Samajtantrik Dal (JSD),dt=298,Md. Kamal Uddin Patwari,"ds,tbs",Jatiya Samajtantrik Dal (JSD),ds=0; tbs=298,1.00,name+party match (sim=1.00) [vote-boosted]
Noakhali 5,1,Omar Ali,ds,Independent Candidate (Independent),ds=0,Omar Ali,tbs,Independent Candidate (Independent),tbs=814,1.00,name+party match (sim=1.00)
Noakhali 5,1,Omar Ali,dt,Independent Candidate (Independent),dt=814,Omar Ali,"ds,tbs",Independent Candidate (Independent),ds=0; tbs=814,1.00,name+party match (sim=1.00) [vote-boosted]
Noakhali 5,1,Md. Fakhrul Islam,ds,Bangladesh Nationalist Party (BNP),ds=147808,Md. Fakhrul Islam,tbs,Bangladesh Nationalist Party (BNP),tbs=147808,1.00,name+party match (sim=1.00) [vote-boosted]
Noakhali 5,1,Mohammad Fakhrul Islam,bss,Bangladesh Nationalist Party (BNP),bss=147808,Md. Fakhrul Islam,"ds,tbs",Bangladesh Nationalist Party (BNP),ds=147808; tbs=147808,1.00,name+party match (sim=1.00) [vote-boosted]
Noakhali 5,1,Mohammad Fakhrul Islam,dt,Bangladesh Nationalist Party (BNP),dt=147808,Mohammad Fakhrul Islam,"bss,ds,tbs",Bangladesh Nationalist Party (BNP),bss=147808; ds=147808; tbs=147808,1.00,name+party match (sim=1.00) [vote-boosted]
Noakhali 5,1,Md. Belayet Hossain,ds,Bangladesh Jamaat-e-Islami (Jamaat),ds=120453,Md. Belayet Hossain,tbs,Bangladesh Jamaat-e-Islami (Jamaat),tbs=120453,1.00,name+party match (sim=1.00) [vote-boosted]
Noakhali 5,1,Mohammad Belayet Hossain,bss,Bangladesh Jamaat-e-Islami (Jamaat),bss=120453,Md. Belayet Hossain,"ds,tbs",Bangladesh Jamaat-e-Islami (Jamaat),ds=120453; tbs=120453,1.00,name+party match (sim=1.00) [vote-boosted]
Noakhali 5,1,Mohammad Belayet Hossain,dt,Bangladesh Jamaat-e-Islami (Jamaat),dt=120453,Mohammad Belayet Hossain,"bss,ds,tbs",Bangladesh Jamaat-e-Islami (Jamaat),bss=120453; ds=120453; tbs=120453,1.00,name+party match (sim=1.00) [vote-boosted]
Noakhali 5,1,Md. Shawkat Hossain,ds,Janotar Dol,ds=0,Md. Shawkat Hossain,tbs,Janotar Dol,tbs=4855,1.00,name+party match (sim=1.00)
Noakhali 5,1,Md. Shawkat Hossain,dt,Janotar Dol,dt=4855,Md. Shawkat Hossain,"ds,tbs",Janotar Dol,ds=0; tbs=4855,1.00,name+party match (sim=1.00) [vote-boosted]
Noakhali 5,1,Touhidul Islam,ds,Insaniyat Biplob Bangladesh (IBB),ds=0,Touhidul Islam,tbs,Insaniyat Biplob Bangladesh (IBB),tbs=162,1.00,name+party match (sim=1.00)
Noakhali 5,1,Touhidul Islam,dt,Insaniyat Biplob Bangladesh (IBB),dt=162,Touhidul Islam,"ds,tbs",Insaniyat Biplob Bangladesh (IBB),ds=0; tbs=162,1.00,name+party match (sim=1.00) [vote-boosted]
Noakhali 5,1,Khwaja Tanvir Ahmed,ds,Jatiya Party (JaPa),ds=0,Khawaja Tanvir Ahmed,tbs,Jatiya Party (JaPa),tbs=1684,1.00,name+party match (sim=1.00)
Noakhali 5,1,Khaja Tanvir Ahmed,dt,Jatiya Party (JaPa),dt=1684,Khawaja Tanvir Ahmed,"ds,tbs",Jatiya Party (JaPa),ds=0; tbs=1684,0.95,name+party match (sim=0.95) [vote-boosted]
Noakhali 5,1,Md. Shamsuddoha,ds,Bangladesh Islami Front (BIF),ds=0,Md. Shamsuddoha,tbs,Bangladesh Islami Front (BIF),tbs=277,1.00,name+party match (sim=1.00)
Noakhali 5,1,Mohammad Shamchuddoha,dt,Bangladesh Islami Front (BIF),dt=277,Md. Shamsuddoha,"ds,tbs",Bangladesh Islami Front (BIF),ds=0; tbs=277,0.90,name+party match (sim=0.90) [vote-boosted]
Noakhali 6,1,Amirul Islam Md. Abdul Malek,ds,Bangladesh Supreme Party (BSP),ds=0,Amirul Islam Md. Abdul Malek,tbs,Bangladesh Supreme Party (BSP),tbs=505,1.00,name+party match (sim=1.00)
Noakhali 6,1,Amirul Islam Mohammad Abdul Malek,dt,Bangladesh Supreme Party (BSP),dt=505,Amirul Islam Md. Abdul Malek,"ds,tbs",Bangladesh Supreme Party (BSP),ds=0; tbs=505,1.00,name+party match (sim=1.00) [vote-boosted]
Noakhali 6,1,Md. Fazlul Azim,ds,Independent Candidate (Independent),ds=0,Md. Fazlul Azim,tbs,Independent Candidate (Independent),tbs=4783,1.00,name+party match (sim=1.00)
Noakhali 6,1,Mohammad Fazlul Azim,dt,Independent Candidate (Independent),dt=4783,Md. Fazlul Azim,"ds,tbs",Independent Candidate (Independent),ds=0; tbs=4783,1.00,name+party match (sim=1.00) [vote-boosted]
Noakhali 6,1,Md. Abdul Motaleb,ds,Jatiya Samajtantrik Dal (JSD),ds=0,Md. Abdul Motaleb,tbs,Jatiya Samajtantrik Dal (JSD),tbs=1239,1.00,name+party match (sim=1.00)
Noakhali 6,1,Mohammad Abdul Motaleb,dt,Jatiya Samajtantrik Dal (JSD),dt=1239,Md. Abdul Motaleb,"ds,tbs",Jatiya Samajtantrik Dal (JSD),ds=0; tbs=1239,1.00,name+party match (sim=1.00) [vote-boosted]
Noakhali 6,1,A. T. M. Nabi Ullah,ds,Jatiya Party (JaPa),ds=0,Atm Nabi Ullah,tbs,Jatiya Party (JaPa),tbs=280,1.00,name+party match (sim=1.00)
Noakhali 6,1,A. T. M. Nabi Ullah,dt,Jatiya Party (JaPa),dt=280,A. T. M. Nabi Ullah,"ds,tbs",Jatiya Party (JaPa),ds=0; tbs=280,1.00,name+party match (sim=1.00) [vote-boosted]
Noakhali 6,1,Md. Azhar Uddin,ds,Gono Odhikar Parishad (GOP),ds=0,Md. Azhar Uddin,tbs,Gono Odhikar Parishad (GOP),tbs=191,1.00,name+party match (sim=1.00)
Noakhali 6,1,Mohammad Azhar Uddin,dt,Gono Odhikar Parishad (GOP),dt=191,Md. Azhar Uddin,"ds,tbs",Gono Odhikar Parishad (GOP),ds=0; tbs=191,1.00,name+party match (sim=1.00) [vote-boosted]
Noakhali 6,1,Md. Abul Hossain,ds,Bangladesh Liberal Democratic Party (LDP),ds=0,Md. Abul Hossain,tbs,Bangladesh Liberal Democratic Party (LDP),tbs=86,1.00,name+party match (sim=1.00)
Noakhali 6,1,Mohammad Abul Hossain,dt,Bangladesh Liberal Democratic Party (LDP),dt=86,Md. Abul Hossain,"ds,tbs",Bangladesh Liberal Democratic Party (LDP),ds=0; tbs=86,1.00,name+party match (sim=1.00) [vote-boosted]
Noakhali 6,1,Abdul Hannan Masood,ds,National Citizen Party (NCP),ds=91899,Abdul Hannan Masood,tbs,National Citizen Party (NCP),tbs=91899,1.00,name+party match (sim=1.00) [vote-boosted]
Noakhali 6,1,Abdul Hannan Masood,bss,National Citizen Party (NCP),bss=91899,Abdul Hannan Masood,"ds,tbs",National Citizen Party (NCP),ds=91899; tbs=91899,1.00,name+party match (sim=1.00) [vote-boosted]
Noakhali 6,1,Abdul Hannan Masud,dt,National Citizen Party (NCP),dt=91899,Abdul Hannan Masood,"bss,ds,tbs",National Citizen Party (NCP),bss=91899; ds=91899; tbs=91899,1.00,name+party match (sim=1.00) [vote-boosted]
Noakhali 6,1,Md. Mahbuber Rahman,ds,Bangladesh Nationalist Party (BNP),ds=64021,Md. Mahbuber Rahman,tbs,Bangladesh Nationalist Party (BNP),tbs=64021,1.00,name+party match (sim=1.00) [vote-boosted]
Noakhali 6,1,Mohammad Mahbuber Rahman,bss,Bangladesh Nationalist Party (BNP),bss=64021,Md. Mahbuber Rahman,"ds,tbs",Bangladesh Nationalist Party (BNP),ds=64021; tbs=64021,1.00,name+party match (sim=1.00) [vote-boosted]
Noakhali 6,1,Mohammad Mahbuber Rahman,dt,Bangladesh Nationalist Party (BNP),dt=64021,Mohammad Mahbuber Rahman,"bss,ds,tbs",Bangladesh Nationalist Party (BNP),bss=64021; ds=64021; tbs=64021,1.00,name+party match (sim=1.00) [vote-boosted]
Noakhali 6,1,Md. Nurul Islam Sharif,ds,Islami Andolan Bangladesh (IAB),ds=0,Md. Nurul Islam Sharif,tbs,Islami Andolan Bangladesh (IAB),tbs=2197,1.00,name+party match (sim=1.00)
Noakhali 6,1,Mohammad Nurul Islam Sharif,dt,Islami Andolan Bangladesh (IAB),dt=2197,Md. Nurul Islam Sharif,"ds,tbs",Islami Andolan Bangladesh (IAB),ds=0; tbs=2197,1.00,name+party match (sim=1.00) [vote-boosted]
Noakhali 6,1,Tanvir Uddin Rajib,ds,Independent Candidate (Independent),ds=0,Tanvir Uddin Rajib,tbs,Independent Candidate (Independent),tbs=3764,1.00,name+party match (sim=1.00)
Noakhali 6,1,Tanbir Uddin Rajib,dt,Independent Candidate (Independent),dt=3764,Tanvir Uddin Rajib,"ds,tbs",Independent Candidate (Independent),ds=0; tbs=3764,1.00,name+party match (sim=1.00) [vote-boosted]
Pabna 1,1,Md. Shamsur Rahman,ds,Bangladesh Nationalist Party (BNP),ds=104245,Md. Shamsur Rahman,tbs,Bangladesh Nationalist Party (BNP),tbs=104245,1.00,name+party match (sim=1.00) [vote-boosted]
Pabna 1,1,Md. Shamsur Rahman,bss,Bangladesh Nationalist Party (BNP),bss=104245,Md. Shamsur Rahman,"ds,tbs",Bangladesh Nationalist Party (BNP),ds=104245; tbs=104245,1.00,name+party match (sim=1.00) [vote-boosted]
Pabna 1,1,Md. Shamsur Rahman,dt,Bangladesh Nationalist Party (BNP),dt=104245,Md. Shamsur Rahman,"bss,ds,tbs",Bangladesh Nationalist Party (BNP),bss=104245; ds=104245; tbs=104245,1.00,name+party match (sim=1.00) [vote-boosted]
Pabna 1,1,Md. Nojibur Rahman,ds,Bangladesh Jamaat-e-Islami (Jamaat),ds=129974,Md. Nazibur Rahman,tbs,Bangladesh Jamaat-e-Islami (Jamaat),tbs=129974,0.90,name+party match (sim=0.90) [vote-boosted]
Pabna 1,1,Mohammad Najibur Rahman,bss,Bangladesh Jamaat-e-Islami (Jamaat),bss=129974,Md. Nazibur Rahman,"ds,tbs",Bangladesh Jamaat-e-Islami (Jamaat),ds=129974; tbs=129974,0.94,name+party match (sim=0.94) [vote-boosted]
Pabna 1,1,Mohammad Najibur Rahman,dt,Bangladesh Jamaat-e-Islami (Jamaat),dt=129974,Mohammad Najibur Rahman,"bss,ds,tbs",Bangladesh Jamaat-e-Islami (Jamaat),bss=129974; ds=129974; tbs=129974,1.00,name+party match (sim=1.00) [vote-boosted]
Pabna 1,1,Md. Abdul Ghani,ds,Islami Andolan Bangladesh (IAB),ds=0,Md. Abdul Gani,tbs,Islami Andolan Bangladesh (IAB),tbs=1114,0.97,name+party match (sim=0.97)
Pabna 1,1,Md. Abdul Gani,dt,Islami Andolan Bangladesh (IAB),dt=1114,Md. Abdul Ghani,"ds,tbs",Islami Andolan Bangladesh (IAB),ds=0; tbs=1114,0.97,name+party match (sim=0.97) [vote-boosted]
Pabna 1,1,Md. Tajul Islam,ds,Independent Candidate (Independent),ds=0,Md. Tajul Islam,tbs,Independent Candidate (Independent),tbs=1033,1.00,name+party match (sim=1.00)
Pabna 1,1,Md. Tajul Islam,dt,Independent Candidate (Independent),dt=1033,Md. Tajul Islam,"ds,tbs",Independent Candidate (Independent),ds=0; tbs=1033,1.00,name+party match (sim=1.00) [vote-boosted]
Pabna 2,1,Md. Nasir Uddin,ds,Gono Forum (GF),ds=0,Sheikh Nasir Uddin,tbs,Gono Forum (GF),tbs=333,0.77,name+party match (sim=0.77)
Pabna 2,1,Sheikh Nasir Uddin,dt,Gono Forum (GF),dt=333,Sheikh Nasir Uddin,"ds,tbs",Gono Forum (GF),ds=0; tbs=333,1.00,name+party match (sim=1.00) [vote-boosted]
Pabna 2,1,Md. Mehedi Hasan Rubel,ds,Jatiya Party (JaPa),ds=0,Md. Mehedi Hasan Rubel,tbs,Jatiya Party (JaPa),tbs=2260,1.00,name+party match (sim=1.00)
Pabna 2,1,Md. Mehedi Hasan Rubel,dt,Jatiya Party (JaPa),dt=2260,Md. Mehedi Hasan Rubel,"ds,tbs",Jatiya Party (JaPa),ds=0; tbs=2260,1.00,name+party match (sim=1.00) [vote-boosted]
Pabna 2,1,Md. Hesab Uddin,ds,Bangladesh Jamaat-e-Islami (Jamaat),ds=77242,Md. Hesab Uddin,tbs,Bangladesh Jamaat-e-Islami (Jamaat),tbs=77242,1.00,name+party match (sim=1.00) [vote-boosted]
Pabna 2,1,Md. Hesab Uddin,bss,Bangladesh Jamaat-e-Islami (Jamaat),bss=77242,Md. Hesab Uddin,"ds,tbs",Bangladesh Jamaat-e-Islami (Jamaat),ds=77242; tbs=77242,1.00,name+party match (sim=1.00) [vote-boosted]
Pabna 2,1,Md. Hesab Uddin,dt,Bangladesh Jamaat-e-Islami (Jamaat),dt=77242,Md. Hesab Uddin,"bss,ds,tbs",Bangladesh Jamaat-e-Islami (Jamaat),bss=77242; ds=77242; tbs=77242,1.00,name+party match (sim=1.00) [vote-boosted]
Pabna 2,1,Md. Afzal Hossain Khan Qashemi,ds,Islami Andolan Bangladesh (IAB),ds=0,Md. Afzal Hossain Khan Kashemi,tbs,Islami Andolan Bangladesh (IAB),tbs=5884,0.97,name+party match (sim=0.97)
Pabna 2,1,Md. Afzal Hossain Khan Kashemi,dt,Islami Andolan Bangladesh (IAB),dt=5884,Md. Afzal Hossain Khan Kashemi,"ds,tbs",Islami Andolan Bangladesh (IAB),ds=0; tbs=5884,1.00,name+party match (sim=1.00) [vote-boosted]
Pabna 2,1,A. K. M. Selim Reza Habib,ds,Bangladesh Nationalist Party (BNP),ds=215406,A. K. M. Selim Reza Habib,tbs,Bangladesh Nationalist Party (BNP),tbs=215406,1.00,name+party match (sim=1.00) [vote-boosted]
Pabna 2,1,"A, K, M, Salim Reza Habib",bss,Bangladesh Nationalist Party (BNP),bss=215406,A. K. M. Selim Reza Habib,"ds,tbs",Bangladesh Nationalist Party (BNP),ds=215406; tbs=215406,1.00,name+party match (sim=1.00) [vote-boosted]
Pabna 2,1,A. K. M. Selim Reza Habib,dt,Bangladesh Nationalist Party (BNP),dt=215406,A. K. M. Selim Reza Habib,"bss,ds,tbs",Bangladesh Nationalist Party (BNP),bss=215406; ds=215406; tbs=215406,1.00,name+party match (sim=1.00) [vote-boosted]
Pabna 3,1,K. M. Anwarul Islam,ds,Independent Candidate (Independent),ds=0,K. M. Anwarul Islam,tbs,Independent Candidate (Independent),tbs=38027,1.00,name+party match (sim=1.00)
Pabna 3,1,K. M. Anwarul Islam,dt,Independent Candidate (Independent),dt=38027,K. M. Anwarul Islam,"ds,tbs",Independent Candidate (Independent),ds=0; tbs=38027,1.00,name+party match (sim=1.00) [vote-boosted]
Pabna 3,1,Md. Hasanul Islam,ds,Gono Odhikar Parishad (GOP),ds=0,Md. Hasanul Islam,tbs,Gono Odhikar Parishad (GOP),tbs=986,1.00,name+party match (sim=1.00)
Pabna 3,1,Md. Hasanul Islam,dt,Gono Odhikar Parishad (GOP),dt=986,Md. Hasanul Islam,"ds,tbs",Gono Odhikar Parishad (GOP),ds=0; tbs=986,1.00,name+party match (sim=1.00) [vote-boosted]
Pabna 3,1,Md. Abdul Khalek,ds,Islami Andolan Bangladesh (IAB),ds=0,Md. Abdul Khalek,tbs,Islami Andolan Bangladesh (IAB),tbs=1769,1.00,name+party match (sim=1.00)
Pabna 3,1,Md. Abdul Khalek,dt,Islami Andolan Bangladesh (IAB),dt=1769,Md. Abdul Khalek,"ds,tbs",Islami Andolan Bangladesh (IAB),ds=0; tbs=1769,1.00,name+party match (sim=1.00) [vote-boosted]
Pabna 3,1,Md. Mahbubur Rahman Joy Chowdhury,ds,Bangladesh Supreme Party (BSP),ds=0,Md. Mahbubur Rahman Joy Chowdhury,tbs,Bangladesh Supreme Party (BSP),tbs=1420,1.00,name+party match (sim=1.00)
Pabna 3,1,Md. Mahbubur Rahman Joy Chowdhury,dt,Bangladesh Supreme Party (BSP),dt=1420,Md. Mahbubur Rahman Joy Chowdhury,"ds,tbs",Bangladesh Supreme Party (BSP),ds=0; tbs=1420,1.00,name+party match (sim=1.00) [vote-boosted]
Pabna 3,1,Md. Ali Asghar,ds,Bangladesh Jamaat-e-Islami (Jamaat),ds=147465,Md. Ali Asgar,tbs,Bangladesh Jamaat-e-Islami (Jamaat),tbs=147475,0.96,name+party match (sim=0.96)
Pabna 3,1,Muhammad Ali Ashgar,bss,Bangladesh Jamaat-e-Islami (Jamaat),bss=147475,Md. Ali Asghar,"ds,tbs",Bangladesh Jamaat-e-Islami (Jamaat),ds=147465; tbs=147475,0.93,name+party match (sim=0.93) [vote-boosted]
Pabna 3,1,Mohammad Ali Asgar,dt,Bangladesh Jamaat-e-Islami (Jamaat),dt=147475,Muhammad Ali Ashgar,"bss,ds,tbs",Bangladesh Jamaat-e-Islami (Jamaat),bss=147475; ds=147465; tbs=147475,0.96,name+party match (sim=0.96) [vote-boosted]
Pabna 3,1,Md. Hasan Zafir Tuhin,ds,Bangladesh Nationalist Party (BNP),ds=144206,Md. Hasan Zafir Tuhin,tbs,Bangladesh Nationalist Party (BNP),tbs=144206,1.00,name+party match (sim=1.00) [vote-boosted]
Pabna 3,1,Md Hasan Zafir Tuhin,bss,Bangladesh Nationalist Party (BNP),bss=144206,Md. Hasan Zafir Tuhin,"ds,tbs",Bangladesh Nationalist Party (BNP),ds=144206; tbs=144206,1.00,name+party match (sim=1.00) [vote-boosted]
Pabna 3,1,Md. Hasan Zafir Tuhin,dt,Bangladesh Nationalist Party (BNP),dt=144206,Md. Hasan Zafir Tuhin,"bss,ds,tbs",Bangladesh Nationalist Party (BNP),bss=144206; ds=144206; tbs=144206,1.00,name+party match (sim=1.00) [vote-boosted]
Pabna 3,1,Sarkar Asha Parvez,ds,Gono Forum (GF),ds=0,Sardar Asha Parvez,tbs,Gono Forum (GF),tbs=173,0.94,name+party match (sim=0.94)
Pabna 3,1,Sardar Asha Parvez,dt,Gono Forum (GF),dt=173,Sardar Asha Parvez,"ds,tbs",Gono Forum (GF),ds=0; tbs=173,1.00,name+party match (sim=1.00) [vote-boosted]
Pabna 3,1,Mir Nadir Md. Dablu,ds,Jatiya Party (JaPa),ds=0,Mir Nadim Md. Dablu,tbs,Jatiya Party (JaPa),tbs=1072,0.95,name+party match (sim=0.95)
Pabna 3,1,Mir Nadim Mohammad Dablu,dt,Jatiya Party (JaPa),dt=1072,Mir Nadim Md. Dablu,"ds,tbs",Jatiya Party (JaPa),ds=0; tbs=1072,1.00,name+party match (sim=1.00) [vote-boosted]
Pabna 4,1,Md. Sohag Hossain,ds,Communist Party of Bangladesh (CPB),ds=0,Md. Sohag Hosen,tbs,Communist Party of Bangladesh (CPB),tbs=459,0.94,name+party match (sim=0.94)
Pabna 4,1,Md. Sohag Hossain,dt,Communist Party of Bangladesh (CPB),dt=459,Md. Sohag Hossain,"ds,tbs",Communist Party of Bangladesh (CPB),ds=0; tbs=459,1.00,name+party match (sim=1.00) [vote-boosted]
Pabna 4,1,Md. Zakaria Pintu,ds,Independent Candidate (Independent),ds=0,Md. Zakaria Pintu,tbs,Independent Candidate (Independent),tbs=27970,1.00,name+party match (sim=1.00)
Pabna 4,1,Md. Zakaria Pintu,dt,Independent Candidate (Independent),dt=27970,Md. Zakaria Pintu,"ds,tbs",Independent Candidate (Independent),ds=0; tbs=27970,1.00,name+party match (sim=1.00) [vote-boosted]
Pabna 4,1,Shahnaz Haque,ds,Nagorik Oikya (NO),ds=0,Shahnaz Haque,tbs,Nagorik Oikya (NO),tbs=182,1.00,name+party match (sim=1.00)
Pabna 4,1,Shahnaz Haque,dt,Nagorik Oikya (NO),dt=182,Shahnaz Haque,"ds,tbs",Nagorik Oikya (NO),ds=0; tbs=182,1.00,name+party match (sim=1.00) [vote-boosted]
Pabna 4,1,Md. Saiful Azad Mallick,ds,Jatiya Party (JaPa),ds=0,Md. Saiful Azad Mallik,tbs,Jatiya Party (JaPa),tbs=955,0.98,name+party match (sim=0.98)
Pabna 4,1,Md. Saiful Azad Mallik,dt,Jatiya Party (JaPa),dt=955,Md. Saiful Azad Mallick,"ds,tbs",Jatiya Party (JaPa),ds=0; tbs=955,0.98,name+party match (sim=0.98) [vote-boosted]
Pabna 4,1,Md. Abu Taleb Mandal,ds,Bangladesh Jamaat-e-Islami (Jamaat),ds=137675,Md. Abu Taleb Mondol,tbs,Bangladesh Jamaat-e-Islami (Jamaat),tbs=137675,1.00,name+party match (sim=1.00) [vote-boosted]
Pabna 4,1,Md. Abu Taleb Mandal,bss,Bangladesh Jamaat-e-Islami (Jamaat),bss=137675,Md. Abu Taleb Mondol,"ds,tbs",Bangladesh Jamaat-e-Islami (Jamaat),ds=137675; tbs=137675,1.00,name+party match (sim=1.00) [vote-boosted]
Pabna 4,1,Md. Abu Taleb Mondol,dt,Bangladesh Jamaat-e-Islami (Jamaat),dt=137645,Md. Abu Taleb Mondol,"bss,ds,tbs",Bangladesh Jamaat-e-Islami (Jamaat),bss=137675; ds=137675; tbs=137675,1.00,name+party match (sim=1.00)
Pabna 4,1,Md. Habibur Rahman,ds,Bangladesh Nationalist Party (BNP),ds=133874,Md. Habibur Rahman,tbs,Bangladesh Nationalist Party (BNP),tbs=133874,1.00,name+party match (sim=1.00) [vote-boosted]
Pabna 4,1,Md Habibur Rahman (Habib),bss,Bangladesh Nationalist Party (BNP),bss=133874,Md. Habibur Rahman,"ds,tbs",Bangladesh Nationalist Party (BNP),ds=133874; tbs=133874,1.00,name+party match (sim=1.00) [vote-boosted]
Pabna 4,1,Md. Habibur Rahman (Habib),dt,Bangladesh Nationalist Party (BNP),dt=133878,Md Habibur Rahman (Habib),"bss,ds,tbs",Bangladesh Nationalist Party (BNP),bss=133874; ds=133874; tbs=133874,1.00,name+party match (sim=1.00)
Pabna 4,1,Md. Anwar Shah,ds,Islami Andolan Bangladesh (IAB),ds=0,Md. Anwar Shah,tbs,Islami Andolan Bangladesh (IAB),tbs=2688,1.00,name+party match (sim=1.00)
Pabna 4,1,Md. Anwar Shah,dt,Islami Andolan Bangladesh (IAB),dt=2688,Md. Anwar Shah,"ds,tbs",Islami Andolan Bangladesh (IAB),ds=0; tbs=2688,1.00,name+party match (sim=1.00) [vote-boosted]
Pabna 5,1,Md. Nazmul Hossain,ds,Islami Andolan Bangladesh (IAB),ds=0,Md. Najmul Hossain,tbs,Islami Andolan Bangladesh (IAB),tbs=4268,0.94,name+party match (sim=0.94)
Pabna 5,1,Md. Nazmul Hossain,dt,Islami Andolan Bangladesh (IAB),dt=4268,Md. Najmul Hossain,"ds,tbs",Islami Andolan Bangladesh (IAB),ds=0; tbs=4268,0.94,name+party match (sim=0.94) [vote-boosted]
Pabna 5,1,Md. Shamsur Rahman Shimul Biswas,ds,Bangladesh Nationalist Party (BNP),ds=181925,Md. Shamshur Rahman Shimul Biswas,tbs,Bangladesh Nationalist Party (BNP),tbs=181925,0.98,name+party match (sim=0.98) [vote-boosted]
Pabna 5,1,Md. Shamchur Rahman Shimul Biswas,bss,Bangladesh Nationalist Party (BNP),bss=181925,Md. Shamshur Rahman Shimul Biswas,"ds,tbs",Bangladesh Nationalist Party (BNP),ds=181925; tbs=181925,0.97,name+party match (sim=0.97) [vote-boosted]
Pabna 5,1,Md. Shamsur Rahman Shimul Biswas,dt,Bangladesh Nationalist Party (BNP),dt=181925,Md. Shamshur Rahman Shimul Biswas,"bss,ds,tbs",Bangladesh Nationalist Party (BNP),bss=181925; ds=181925; tbs=181925,0.98,name+party match (sim=0.98) [vote-boosted]
Pabna 5,1,Md. Iqbal Hossain,ds,Bangladesh Jamaat-e-Islami (Jamaat),ds=164994,Md. Iqbal Hossain,tbs,Bangladesh Jamaat-e-Islami (Jamaat),tbs=164994,1.00,name+party match (sim=1.00) [vote-boosted]
Pabna 5,1,Md. Iqbal Hossain,bss,Bangladesh Jamaat-e-Islami (Jamaat),bss=164994,Md. Iqbal Hossain,"ds,tbs",Bangladesh Jamaat-e-Islami (Jamaat),ds=164994; tbs=164994,1.00,name+party match (sim=1.00) [vote-boosted]
Pabna 5,1,Md. Iqbal Hossain,dt,Bangladesh Jamaat-e-Islami (Jamaat),dt=164994,Md. Iqbal Hossain,"bss,ds,tbs",Bangladesh Jamaat-e-Islami (Jamaat),bss=164994; ds=164994; tbs=164994,1.00,name+party match (sim=1.00) [vote-boosted]
Pabna 5,1,Md. Abdul Majid Molla,ds,Amar Bangladesh Party (AB),ds=0,Md. Abdul Majid Molla,tbs,Amar Bangladesh Party (AB),tbs=442,1.00,name+party match (sim=1.00)
Pabna 5,1,Md. Abdul Majid Mollah,dt,Amar Bangladesh Party (AB),dt=442,Md. Abdul Majid Molla,"ds,tbs",Amar Bangladesh Party (AB),ds=0; tbs=442,1.00,name+party match (sim=1.00) [vote-boosted]
Panchagarh 1,1,Nazmul Haque Prodhan,ds,Jatiya Samajtantrik Dal (JSD),ds=0,Nazmul Haque Pradhan,tbs,Jatiya Samajtantrik Dal (JSD),tbs=3009,1.00,name+party match (sim=1.00)
Panchagarh 1,1,Nazmul Haque Prodhan,dt,Jatiya Samajtantrik Dal (JSD),dt=3009,Nazmul Haque Pradhan,"ds,tbs",Jatiya Samajtantrik Dal (JSD),ds=0; tbs=3009,1.00,name+party match (sim=1.00) [vote-boosted]
Panchagarh 1,1,Md. Nawshad Zamir,ds,Bangladesh Nationalist Party (BNP),ds=176169,Md. Nawshad Zamir,tbs,Bangladesh Nationalist Party (BNP),tbs=176169,1.00,name+party match (sim=1.00) [vote-boosted]
Panchagarh 1,1,Muhammad Naushad Zamir,bss,Bangladesh Nationalist Party (BNP),bss=176169,Md. Nawshad Zamir,"ds,tbs",Bangladesh Nationalist Party (BNP),ds=176169; tbs=176169,0.95,name+party match (sim=0.95) [vote-boosted]
Panchagarh 1,1,Mohammad Nawshad Zamir,dt,Bangladesh Nationalist Party (BNP),dt=176169,Muhammad Naushad Zamir,"bss,ds,tbs",Bangladesh Nationalist Party (BNP),bss=176169; ds=176169; tbs=176169,0.95,name+party match (sim=0.95) [vote-boosted]
Panchagarh 1,1,Md. Abdul Weadud,ds,Bangladesh Supreme Party (BSP),ds=0,Md. Abdul Wadud,tbs,Bangladesh Supreme Party (BSP),tbs=1018,1.00,name+party match (sim=1.00)
Panchagarh 1,1,Md. Abdul Wadud (Badsha),dt,Bangladesh Supreme Party (BSP),dt=1018,Md. Abdul Weadud,"ds,tbs",Bangladesh Supreme Party (BSP),ds=0; tbs=1018,1.00,name+party match (sim=1.00) [vote-boosted]
Panchagarh 1,1,Md. Mahafuzar Rahman,ds,Gono Odhikar Parishad (GOP),ds=0,Md. Mahfuzar Rahman,tbs,Gono Odhikar Parishad (GOP),tbs=836,1.00,name+party match (sim=1.00)
Panchagarh 1,1,Md. Mahafuzar Rahman,dt,Gono Odhikar Parishad (GOP),dt=836,Md. Mahafuzar Rahman,"ds,tbs",Gono Odhikar Parishad (GOP),ds=0; tbs=836,1.00,name+party match (sim=1.00) [vote-boosted]
Panchagarh 1,1,Md. Sarjis Alam,ds,National Citizen Party (NCP),ds=168049,Md. Sarjis Alam,tbs,National Citizen Party (NCP),tbs=168049,1.00,name+party match (sim=1.00) [vote-boosted]
Panchagarh 1,1,Md. Sarjis Alam,bss,National Citizen Party (NCP),bss=168049,Md. Sarjis Alam,"ds,tbs",National Citizen Party (NCP),ds=168049; tbs=168049,1.00,name+party match (sim=1.00) [vote-boosted]
Panchagarh 1,1,Md. Sarjis Alam,dt,National Citizen Party (NCP),dt=168049,Md. Sarjis Alam,"bss,ds,tbs",National Citizen Party (NCP),bss=168049; ds=168049; tbs=168049,1.00,name+party match (sim=1.00) [vote-boosted]
Panchagarh 1,1,Md. Ferdaus Alam,ds,Bangladesh Labour Party,ds=0,Md. Ferdous Alam,tbs,Bangladesh Labour Party,tbs=683,1.00,name+party match (sim=1.00)
Panchagarh 1,1,Md. Ferdous Alam,dt,Bangladesh Labour Party,dt=683,Md. Ferdous Alam,"ds,tbs",Bangladesh Labour Party,ds=0; tbs=683,1.00,name+party match (sim=1.00) [vote-boosted]
Panchagarh 1,1,Md. Shirajul Islam,ds,Bangladesh Nationalist Front (BNF),ds=0,Md. Sirajul Islam,tbs,Bangladesh Nationalist Front (BNF),tbs=261,0.97,name+party match (sim=0.97)
Panchagarh 1,1,Md. Sirajul Islam,dt,Bangladesh Nationalist Front (BNF),dt=261,Md. Shirajul Islam,"ds,tbs",Bangladesh Nationalist Front (BNF),ds=0; tbs=261,0.97,name+party match (sim=0.97) [vote-boosted]
Panchagarh 2,1,Farhad Hossain Azad,ds,Bangladesh Nationalist Party (BNP),ds=174650,Farhad Hossain Azad,tbs,Bangladesh Nationalist Party (BNP),tbs=174650,1.00,name+party match (sim=1.00) [vote-boosted]
Panchagarh 2,1,Farhad Hossain Azad,bss,Bangladesh Nationalist Party (BNP),bss=174650,Farhad Hossain Azad,"ds,tbs",Bangladesh Nationalist Party (BNP),ds=174650; tbs=174650,1.00,name+party match (sim=1.00) [vote-boosted]
Panchagarh 2,1,Farhad Hossain Azad,dt,Bangladesh Nationalist Party (BNP),dt=174650,Farhad Hossain Azad,"bss,ds,tbs",Bangladesh Nationalist Party (BNP),bss=174650; ds=174650; tbs=174650,1.00,name+party match (sim=1.00) [vote-boosted]
Panchagarh 2,1,Mahmud Hossain Sumon,ds,Independent Candidate (Independent),ds=0,Mahmud Hossain Sumon,tbs,Independent Candidate (Independent),tbs=1854,1.00,name+party match (sim=1.00)
Panchagarh 2,1,Mahmud Hossain Suman,dt,Independent Candidate (Independent),dt=1854,Mahmud Hossain Sumon,"ds,tbs",Independent Candidate (Independent),ds=0; tbs=1854,1.00,name+party match (sim=1.00) [vote-boosted]
Panchagarh 2,1,Md. Ashraful Alam,ds,Communist Party of Bangladesh (CPB),ds=0,Md. Ashraful Alam,tbs,Communist Party of Bangladesh (CPB),tbs=935,1.00,name+party match (sim=1.00)
Panchagarh 2,1,Md. Ashraful Alam,dt,Communist Party of Bangladesh (CPB),dt=935,Md. Ashraful Alam,"ds,tbs",Communist Party of Bangladesh (CPB),ds=0; tbs=935,1.00,name+party match (sim=1.00) [vote-boosted]
Panchagarh 2,1,Md. Emran Al Amin,ds,Jatiya Samajtantrik Dal (JSD),ds=0,Mdf.Emran Al Amin,tbs,Jatiya Samajtantrik Dal (JSD),tbs=953,0.97,name+party match (sim=0.97)
Panchagarh 2,1,Md. Emran Al Amin,dt,Jatiya Samajtantrik Dal (JSD),dt=953,Mdf.Emran Al Amin,"ds,tbs",Jatiya Samajtantrik Dal (JSD),ds=0; tbs=953,0.97,name+party match (sim=0.97) [vote-boosted]
Panchagarh 2,1,Md. Kamrul Hasan Prodhan,ds,Islami Andolan Bangladesh (IAB),ds=0,Md. Kamrul Hasan Pradhan,tbs,Islami Andolan Bangladesh (IAB),tbs=4391,1.00,name+party match (sim=1.00)
Panchagarh 2,1,Md. Kamrul Hasan Prodhan,dt,Islami Andolan Bangladesh (IAB),dt=4391,Md. Kamrul Hasan Pradhan,"ds,tbs",Islami Andolan Bangladesh (IAB),ds=0; tbs=4391,1.00,name+party match (sim=1.00) [vote-boosted]
Panchagarh 2,1,Md. Delowar Hossain,ds,Bangladesh Supreme Party (BSP),ds=0,Md. Delwar Hossain,tbs,Bangladesh Supreme Party (BSP),tbs=1352,1.00,name+party match (sim=1.00)
Panchagarh 2,1,Md. Delwar Hossain,dt,Bangladesh Supreme Party (BSP),dt=1352,Md. Delowar Hossain,"ds,tbs",Bangladesh Supreme Party (BSP),ds=0; tbs=1352,1.00,name+party match (sim=1.00) [vote-boosted]
Panchagarh 2,1,Md. Lutfar Rahman Ripon,ds,Jatiya Party (JaPa),ds=0,Lutfur Rahman Ripon,tbs,Jatiya Party (JaPa),tbs=2152,0.92,name+party match (sim=0.92)
Panchagarh 2,1,Md. Lutfar Rahman Ripon,dt,Jatiya Party (JaPa),dt=2152,Md. Lutfar Rahman Ripon,"ds,tbs",Jatiya Party (JaPa),ds=0; tbs=2152,1.00,name+party match (sim=1.00) [vote-boosted]
Panchagarh 2,1,Md. Shafiul Alam,ds,Bangladesh Jamaat-e-Islami (Jamaat),ds=128862,Md. Shafiul Alam,tbs,Bangladesh Jamaat-e-Islami (Jamaat),tbs=128862,1.00,name+party match (sim=1.00) [vote-boosted]
Panchagarh 2,1,Md. Safiul Alam,bss,Bangladesh Jamaat-e-Islami (Jamaat),bss=128862,Md. Shafiul Alam,"ds,tbs",Bangladesh Jamaat-e-Islami (Jamaat),ds=128862; tbs=128862,0.97,name+party match (sim=0.97) [vote-boosted]
Panchagarh 2,1,Md. Safiul Alam,dt,Bangladesh Jamaat-e-Islami (Jamaat),dt=128862,Md. Shafiul Alam,"bss,ds,tbs",Bangladesh Jamaat-e-Islami (Jamaat),bss=128862; ds=128862; tbs=128862,0.97,name+party match (sim=0.97) [vote-boosted]
Patuakhali 1,1,Altaf Hossain Chowdhury,ds,Bangladesh Nationalist Party (BNP),ds=152087,Altaf Hossain Chowdhury,tbs,Bangladesh Nationalist Party (BNP),tbs=152087,1.00,name+party match (sim=1.00) [vote-boosted]
Patuakhali 1,1,Altaf Hossain Chowdhury,bss,Bangladesh Nationalist Party (BNP),bss=152087,Altaf Hossain Chowdhury,"ds,tbs",Bangladesh Nationalist Party (BNP),ds=152087; tbs=152087,1.00,name+party match (sim=1.00) [vote-boosted]
Patuakhali 1,1,Altaf Hossain Chowdhury,dt,Bangladesh Nationalist Party (BNP),dt=152087,Altaf Hossain Chowdhury,"bss,ds,tbs",Bangladesh Nationalist Party (BNP),bss=152087; ds=152087; tbs=152087,1.00,name+party match (sim=1.00) [vote-boosted]
Patuakhali 1,1,Md. Firoz Alam,ds,Islami Andolan Bangladesh (IAB),ds=58161,Md. Firoz Alam,tbs,Islami Andolan Bangladesh (IAB),tbs=58161,1.00,name+party match (sim=1.00) [vote-boosted]
Patuakhali 1,1,Md Feroze Alam,bss,Islami Andolan Bangladesh (IAB),bss=58161,Md. Firoz Alam,"ds,tbs",Islami Andolan Bangladesh (IAB),ds=58161; tbs=58161,1.00,name+party match (sim=1.00) [vote-boosted]
Patuakhali 1,1,Md. Firoz Alam,dt,Islami Andolan Bangladesh (IAB),dt=58161,Md. Firoz Alam,"bss,ds,tbs",Islami Andolan Bangladesh (IAB),bss=58161; ds=58161; tbs=58161,1.00,name+party match (sim=1.00) [vote-boosted]
Patuakhali 1,1,Gautam Chandra Shil,ds,Jatiya Samajtantrik Dal (JSD),ds=1334,Goutam Chandra Shil,tbs,Jatiya Samajtantrik Dal (JSD),tbs=1334,1.00,name+party match (sim=1.00) [vote-boosted]
Patuakhali 1,1,Gautam Chandra Shil,dt,Jatiya Samajtantrik Dal (JSD),dt=1334,Goutam Chandra Shil,"ds,tbs",Jatiya Samajtantrik Dal (JSD),ds=1334; tbs=1334,1.00,name+party match (sim=1.00) [vote-boosted]
Patuakhali 1,1,Md. Shahidul Islam Fahim,ds,Gono Odhikar Parishad (GOP),ds=347,Md. Shahidul Islam Fahim,tbs,Gono Odhikar Parishad (GOP),tbs=347,1.00,name+party match (sim=1.00) [vote-boosted]
Patuakhali 1,1,Md. Shahidul Islam Fahim,dt,Gono Odhikar Parishad (GOP),dt=347,Md. Shahidul Islam Fahim,"ds,tbs",Gono Odhikar Parishad (GOP),ds=347; tbs=347,1.00,name+party match (sim=1.00) [vote-boosted]
Patuakhali 1,1,Md. Abdul Wahab,ds,Amar Bangladesh Party (AB),ds=46310,Md. Abdul Ohab,tbs,Amar Bangladesh Party (AB),tbs=46010,0.93,name+party match (sim=0.93)
Patuakhali 1,1,Mohammad Abdul Wahab,dt,Amar Bangladesh Party (AB),dt=46310,Md. Abdul Wahab,"ds,tbs",Amar Bangladesh Party (AB),ds=46310; tbs=46010,1.00,name+party match (sim=1.00) [vote-boosted]
Patuakhali 1,1,A. Mannan Howlader,ds,Jatiya Party (JaPa),ds=1055,A. Mannan Hawladar,tbs,Jatiya Party (JaPa),tbs=1055,1.00,name+party match (sim=1.00) [vote-boosted]
Patuakhali 1,1,Abdul Mannan Hawladar,dt,Jatiya Party (JaPa),dt=1055,A. Mannan Hawladar,"ds,tbs",Jatiya Party (JaPa),ds=1055; tbs=1055,0.87,name+party match (sim=0.87) [vote-boosted]
Patuakhali 2,1,Md. Shafiqul Islam,ds,Bangladesh Jamaat-e-Islami (Jamaat),ds=100750,Md. Shafiqul Islam,tbs,Bangladesh Jamaat-e-Islami (Jamaat),tbs=100750,1.00,name+party match (sim=1.00) [vote-boosted]
Patuakhali 2,1,Md. Shafiqul Islam,bss,Bangladesh Jamaat-e-Islami (Jamaat),bss=100750,Md. Shafiqul Islam,"ds,tbs",Bangladesh Jamaat-e-Islami (Jamaat),ds=100750; tbs=100750,1.00,name+party match (sim=1.00) [vote-boosted]
Patuakhali 2,1,Md. Shafiqul Islam,dt,Bangladesh Jamaat-e-Islami (Jamaat),dt=100750,Md. Shafiqul Islam,"bss,ds,tbs",Bangladesh Jamaat-e-Islami (Jamaat),bss=100750; ds=100750; tbs=100750,1.00,name+party match (sim=1.00) [vote-boosted]
Patuakhali 2,1,Malek Hossain,ds,Islami Andolan Bangladesh (IAB),ds=14418,Malek Hossain,tbs,Islami Andolan Bangladesh (IAB),tbs=14418,1.00,name+party match (sim=1.00) [vote-boosted]
Patuakhali 2,1,Malek Hossain,dt,Islami Andolan Bangladesh (IAB),dt=14418,Malek Hossain,"ds,tbs",Islami Andolan Bangladesh (IAB),ds=14418; tbs=14418,1.00,name+party match (sim=1.00) [vote-boosted]
Patuakhali 2,1,Md. Ruhul Amin,ds,Amar Bangladesh Party (AB),ds=410,Md. Ruhul Amin,tbs,Amar Bangladesh Party (AB),tbs=410,1.00,name+party match (sim=1.00) [vote-boosted]
Patuakhali 2,1,Md. Ruhul Amin,dt,Amar Bangladesh Party (AB),dt=410,Md. Ruhul Amin,"ds,tbs",Amar Bangladesh Party (AB),ds=410; tbs=410,1.00,name+party match (sim=1.00) [vote-boosted]
Patuakhali 2,1,Md. Habibur Rahman,ds,Gono Odhikar Parishad (GOP),ds=353,Md. Habibur Rahman,tbs,Gono Odhikar Parishad (GOP),tbs=353,1.00,name+party match (sim=1.00) [vote-boosted]
Patuakhali 2,1,Md. Habibur Rahman,dt,Gono Odhikar Parishad (GOP),dt=353,Md. Habibur Rahman,"ds,tbs",Gono Odhikar Parishad (GOP),ds=353; tbs=353,1.00,name+party match (sim=1.00) [vote-boosted]
Patuakhali 2,1,Md. Shahidul Alam Talukder,ds,Bangladesh Nationalist Party (BNP),ds=72676,Md. Shahidul Alam Talukdar,tbs,Bangladesh Nationalist Party (BNP),tbs=72676,1.00,name+party match (sim=1.00) [vote-boosted]
Patuakhali 2,1,Md. Sahidul Alam Talukder,bss,Bangladesh Nationalist Party (BNP),bss=72676,Md. Shahidul Alam Talukdar,"ds,tbs",Bangladesh Nationalist Party (BNP),ds=72676; tbs=72676,0.96,name+party match (sim=0.96) [vote-boosted]
Patuakhali 2,1,Md. Shahidul Alam Talukder,dt,Bangladesh Nationalist Party (BNP),dt=72676,Md. Shahidul Alam Talukdar,"bss,ds,tbs",Bangladesh Nationalist Party (BNP),bss=72676; ds=72676; tbs=72676,1.00,name+party match (sim=1.00) [vote-boosted]
Patuakhali 3,1,Md. Shah Alam,ds,Bangladesh Jamaat-e-Islami (Jamaat),ds=16255,Md. Shah Alam,tbs,Bangladesh Jamaat-e-Islami (Jamaat),tbs=16255,1.00,name+party match (sim=1.00) [vote-boosted]
Patuakhali 3,1,Mohammad Shah Alam,dt,Bangladesh Jamaat-e-Islami (Jamaat),dt=16255,Md. Shah Alam,"ds,tbs",Bangladesh Jamaat-e-Islami (Jamaat),ds=16255; tbs=16255,1.00,name+party match (sim=1.00) [vote-boosted]
Patuakhali 3,1,Md. Nurul Haque,ds,Gono Odhikar Parishad (GOP),ds=97323,Md. Nurul Haque,tbs,Gono Odhikar Parishad (GOP),tbs=97323,1.00,name+party match (sim=1.00) [vote-boosted]
Patuakhali 3,1,Md. Nurul Haque,bss,Gono Odhikar Parishad (GOP),bss=97323,Md. Nurul Haque,"ds,tbs",Gono Odhikar Parishad (GOP),ds=97323; tbs=97323,1.00,name+party match (sim=1.00) [vote-boosted]
Patuakhali 3,1,Md. Nurul Haque,dt,Gono Odhikar Parishad (GOP),dt=97323,Md. Nurul Haque,"bss,ds,tbs",Gono Odhikar Parishad (GOP),bss=97323; ds=97323; tbs=97323,1.00,name+party match (sim=1.00) [vote-boosted]
Patuakhali 3,1,Md. Hasan Mamun,ds,Independent Candidate (Independent),ds=81361,Md. Hasan Mamun,tbs,Independent Candidate (Independent),tbs=81361,1.00,name+party match (sim=1.00) [vote-boosted]
Patuakhali 3,1,Md Hasan Mamun,bss,Independent Candidate (Independent),bss=81361,Md. Hasan Mamun,"ds,tbs",Independent Candidate (Independent),ds=81361; tbs=81361,1.00,name+party match (sim=1.00) [vote-boosted]
Patuakhali 3,1,Md. Hasan Mamun,dt,Independent Candidate (Independent),dt=81361,Md. Hasan Mamun,"bss,ds,tbs",Independent Candidate (Independent),bss=81361; ds=81361; tbs=81361,1.00,name+party match (sim=1.00) [vote-boosted]
Patuakhali 3,1,Md. Abu Bakr Siddiqui,ds,Islami Andolan Bangladesh (IAB),ds=38188,Md. Abu Bakar Siddiqui,tbs,Islami Andolan Bangladesh (IAB),tbs=38188,1.00,name+party match (sim=1.00) [vote-boosted]
Patuakhali 3,1,Md. Abu Bakkar Siddiqui,dt,Islami Andolan Bangladesh (IAB),dt=38188,Md. Abu Bakar Siddiqui,"ds,tbs",Islami Andolan Bangladesh (IAB),ds=38188; tbs=38188,0.98,name+party match (sim=0.98) [vote-boosted]
Patuakhali 3,1,S. M. Fazlul Haque,dt,Independent Candidate (Independent),dt=978,Sm Fazlul Haque,tbs,Independent Candidate (Independent),tbs=978,1.00,name+party match (sim=1.00) [vote-boosted]
Patuakhali 4,1,Mostafizur Rahman,ds,Islami Andolan Bangladesh (IAB),ds=70127,Mostafizur Rahman,tbs,Islami Andolan Bangladesh (IAB),tbs=70127,1.00,name+party match (sim=1.00) [vote-boosted]
Patuakhali 4,1,Mostafizur Rahman,bss,Islami Andolan Bangladesh (IAB),bss=70127,Mostafizur Rahman,"ds,tbs",Islami Andolan Bangladesh (IAB),ds=70127; tbs=70127,1.00,name+party match (sim=1.00) [vote-boosted]
Patuakhali 4,1,Mostafizur Rahman,dt,Islami Andolan Bangladesh (IAB),dt=70124,Mostafizur Rahman,"bss,ds,tbs",Islami Andolan Bangladesh (IAB),bss=70127; ds=70127; tbs=70127,1.00,name+party match (sim=1.00)
Patuakhali 4,1,Abm Mosharraf Hossain,ds,Bangladesh Nationalist Party (BNP),ds=124013,A. B. M. Mosharraf Hossain,tbs,Bangladesh Nationalist Party (BNP),tbs=124013,1.00,name+party match (sim=1.00) [vote-boosted]
Patuakhali 4,1,ABM Mosharraf Hossain,bss,Bangladesh Nationalist Party (BNP),bss=124013,A. B. M. Mosharraf Hossain,"ds,tbs",Bangladesh Nationalist Party (BNP),ds=124013; tbs=124013,1.00,name+party match (sim=1.00) [vote-boosted]
Patuakhali 4,1,A. B. M. Mosharraf Hossain,dt,Bangladesh Nationalist Party (BNP),dt=124013,A. B. M. Mosharraf Hossain,"bss,ds,tbs",Bangladesh Nationalist Party (BNP),bss=124013; ds=124013; tbs=124013,1.00,name+party match (sim=1.00) [vote-boosted]
Patuakhali 4,1,Zahir Uddin Ahmed,ds,Khelafat Majlis,ds=14985,Zahir Uddin Ahmed,tbs,Khelafat Majlis,tbs=14985,1.00,name+party match (sim=1.00) [vote-boosted]
Patuakhali 4,1,Dr. Jahir Uddin Ahmed,dt,Khelafat Majlis,dt=14985,Zahir Uddin Ahmed,"ds,tbs",Khelafat Majlis,ds=14985; tbs=14985,0.94,name+party match (sim=0.94) [vote-boosted]
Patuakhali 4,1,Md. Rabiul Hossain,ds,Gono Odhikar Parishad (GOP),ds=202,Md. Rabiul Hasan,tbs,Gono Odhikar Parishad (GOP),tbs=202,0.94,name+party match (sim=0.94) [vote-boosted]
Patuakhali 4,1,Md. Rabiul Hasan,dt,Gono Odhikar Parishad (GOP),dt=202,Md. Rabiul Hossain,"ds,tbs",Gono Odhikar Parishad (GOP),ds=202; tbs=202,0.94,name+party match (sim=0.94) [vote-boosted]
Pirojpur 1,1,Masud Sayeedi,ds,Bangladesh Jamaat-e-Islami (Jamaat),ds=132659,Masud Sayeedi,tbs,Bangladesh Jamaat-e-Islami (Jamaat),tbs=132659,1.00,name+party match (sim=1.00) [vote-boosted]
Pirojpur 1,1,Masood Saidi,bss,Bangladesh Jamaat-e-Islami (Jamaat),bss=132659,Masud Sayeedi,"ds,tbs",Bangladesh Jamaat-e-Islami (Jamaat),ds=132659; tbs=132659,0.91,name+party match (sim=0.91) [vote-boosted]
Pirojpur 1,1,Masud Saeedi,dt,Bangladesh Jamaat-e-Islami (Jamaat),dt=132659,Masud Sayeedi,"bss,ds,tbs",Bangladesh Jamaat-e-Islami (Jamaat),bss=132659; ds=132659; tbs=132659,0.96,name+party match (sim=0.96) [vote-boosted]
Pirojpur 1,1,Alamgir Hossain,ds,Bangladesh Nationalist Party (BNP),ds=107105,Alamgir Hossain,tbs,Bangladesh Nationalist Party (BNP),tbs=107105,1.00,name+party match (sim=1.00) [vote-boosted]
Pirojpur 1,1,Alamgir Hossain,bss,Bangladesh Nationalist Party (BNP),bss=107105,Alamgir Hossain,"ds,tbs",Bangladesh Nationalist Party (BNP),ds=107105; tbs=107105,1.00,name+party match (sim=1.00) [vote-boosted]
Pirojpur 1,1,Alamgir Hossain,dt,Bangladesh Nationalist Party (BNP),dt=107105,Alamgir Hossain,"bss,ds,tbs",Bangladesh Nationalist Party (BNP),bss=107105; ds=107105; tbs=107105,1.00,name+party match (sim=1.00) [vote-boosted]
Pirojpur 2,1,Faisal Khan,ds,Amar Bangladesh Party (AB),ds=390,Faisal Khan,tbs,Amar Bangladesh Party (AB),tbs=390,1.00,name+party match (sim=1.00) [vote-boosted]
Pirojpur 2,1,Faisal Khan,dt,Amar Bangladesh Party (AB),dt=390,Faisal Khan,"ds,tbs",Amar Bangladesh Party (AB),ds=390; tbs=390,1.00,name+party match (sim=1.00) [vote-boosted]
Pirojpur 2,1,Md. Abul Kalam Azad,ds,Islami Andolan Bangladesh (IAB),ds=6697,Md. Abul Kalam Azad,tbs,Islami Andolan Bangladesh (IAB),tbs=6697,1.00,name+party match (sim=1.00) [vote-boosted]
Pirojpur 2,1,Md. Abul Kalam Azad,dt,Islami Andolan Bangladesh (IAB),dt=6697,Md. Abul Kalam Azad,"ds,tbs",Islami Andolan Bangladesh (IAB),ds=6697; tbs=6697,1.00,name+party match (sim=1.00) [vote-boosted]
Pirojpur 2,1,Md. Anisur Rahman,dt,Gono Odhikar Parishad (GOP),dt=145,Md. Anisur Rahman,tbs,Gono Odhikar Parishad (GOP),tbs=145,1.00,name+party match (sim=1.00) [vote-boosted]
Pirojpur 2,1,Md. Mahibul Hossain,dt,Jatiya Party (JaPa),dt=4705,Md. Mahibul Hossain,tbs,Jatiya Party (JaPa),tbs=4705,1.00,name+party match (sim=1.00) [vote-boosted]
Pirojpur 2,1,Mahmud Hossain,ds,Independent Candidate (Independent),ds=16219,Mahmud Hossain,tbs,Independent Candidate (Independent),tbs=16219,1.00,name+party match (sim=1.00) [vote-boosted]
Pirojpur 2,1,Mahmud Hossain,dt,Independent Candidate (Independent),dt=16219,Mahmud Hossain,"ds,tbs",Independent Candidate (Independent),ds=16219; tbs=16219,1.00,name+party match (sim=1.00) [vote-boosted]
Pirojpur 2,1,Shamim Sayeedi,ds,Bangladesh Jamaat-e-Islami (Jamaat),ds=96897,Shamim Saeedi,tbs,Bangladesh Jamaat-e-Islami (Jamaat),tbs=96897,0.96,name+party match (sim=0.96) [vote-boosted]
Pirojpur 2,1,Shamim Saidi,bss,Bangladesh Jamaat-e-Islami (Jamaat),bss=96897,Shamim Sayeedi,"ds,tbs",Bangladesh Jamaat-e-Islami (Jamaat),ds=96897; tbs=96897,0.92,name+party match (sim=0.92) [vote-boosted]
Pirojpur 2,1,Shamim Saeedi,dt,Bangladesh Jamaat-e-Islami (Jamaat),dt=96897,Shamim Sayeedi,"bss,ds,tbs",Bangladesh Jamaat-e-Islami (Jamaat),bss=96897; ds=96897; tbs=96897,0.96,name+party match (sim=0.96) [vote-boosted]
Pirojpur 2,1,Ahmed Sohel Monjur,ds,Bangladesh Nationalist Party (BNP),ds=105185,Ahmed Sohail Manzur,tbs,Bangladesh Nationalist Party (BNP),tbs=105185,0.90,name+party match (sim=0.90) [vote-boosted]
Pirojpur 2,1,Ahmad Sohail Manzoor,bss,Bangladesh Nationalist Party (BNP),bss=105185,Ahmed Sohail Manzur,"ds,tbs",Bangladesh Nationalist Party (BNP),ds=105185; tbs=105185,1.00,name+party match (sim=1.00) [vote-boosted]
Pirojpur 2,1,Ahmed Sohel Manjur,dt,Bangladesh Nationalist Party (BNP),dt=105185,Ahmad Sohail Manzoor,"bss,ds,tbs",Bangladesh Nationalist Party (BNP),bss=105185; ds=105185; tbs=105185,0.90,name+party match (sim=0.90) [vote-boosted]
Pirojpur 2,2,Md. Mahibul Hossain,ds,Jatiya Party (Manju) (JP–Manju),ds=4705,Md. Mahibul Hossain,"dt,tbs",Jatiya Party (JaPa),dt=4705; tbs=4705,1.00,"name+votes match, party differs: Jatiya Party (Manju) (JP–Manju) → Jatiya Party (JaPa)"
Pirojpur 2,3,Md. Mahibul Hossain,"ds,dt,tbs",Jatiya Party (Manju) (JP–Manju),ds=4705; dt=4705; tbs=4705,Md. Mahibul Hossain,"ds,dt,tbs",Jatiya Party (Manju) (JP–Manju),ds=4705; dt=4705; tbs=4705,1.00,JaPa → JP-Manju override (was Jatiya Party (JaPa))
Pirojpur 3,1,Md. Rustom Ali Faraji,ds,Islami Andolan Bangladesh (IAB),ds=35968,Md. Rustam Ali Farazi,tbs,Islami Andolan Bangladesh (IAB),tbs=35968,0.90,name+party match (sim=0.90) [vote-boosted]
Pirojpur 3,1,Md. Rustam Ali Farazi,dt,Islami Andolan Bangladesh (IAB),dt=35968,Md. Rustam Ali Farazi,"ds,tbs",Islami Andolan Bangladesh (IAB),ds=35968; tbs=35968,1.00,name+party match (sim=1.00) [vote-boosted]
Pirojpur 3,1,Md. Ruhul Amin Dulal,ds,Bangladesh Nationalist Party (BNP),ds=63791,Md. Ruhul Amin Dulal,tbs,Bangladesh Nationalist Party (BNP),tbs=63791,1.00,name+party match (sim=1.00) [vote-boosted]
Pirojpur 3,1,Md. Ruhul Amin Dulal,bss,Bangladesh Nationalist Party (BNP),bss=63791,Md. Ruhul Amin Dulal,"ds,tbs",Bangladesh Nationalist Party (BNP),ds=63791; tbs=63791,1.00,name+party match (sim=1.00) [vote-boosted]
Pirojpur 3,1,Md. Ruhul Amin Dulal,dt,Bangladesh Nationalist Party (BNP),dt=63791,Md. Ruhul Amin Dulal,"bss,ds,tbs",Bangladesh Nationalist Party (BNP),bss=63791; ds=63791; tbs=63791,1.00,name+party match (sim=1.00) [vote-boosted]
Pirojpur 3,1,Touhiduzzaman,ds,Independent Candidate (Independent),ds=0,Tauhiduzzaman,tbs,Independent Candidate (Independent),tbs=231,1.00,name+party match (sim=1.00)
Pirojpur 3,1,Touhiduzzaman,dt,Independent Candidate (Independent),dt=231,Tauhiduzzaman,"ds,tbs",Independent Candidate (Independent),ds=0; tbs=231,1.00,name+party match (sim=1.00) [vote-boosted]
Pirojpur 3,1,Md. Shamim Hamidi,ds,National Citizen Party (NCP),ds=36616,Md. Shamim Hamidi,tbs,National Citizen Party (NCP),tbs=36616,1.00,name+party match (sim=1.00) [vote-boosted]
Pirojpur 3,1,Md. Shamim Hamidi,bss,National Citizen Party (NCP),bss=36616,Md. Shamim Hamidi,"ds,tbs",National Citizen Party (NCP),ds=36616; tbs=36616,1.00,name+party match (sim=1.00) [vote-boosted]
Pirojpur 3,1,Md. Shamim Hamidi,dt,National Citizen Party (NCP),dt=36616,Md. Shamim Hamidi,"bss,ds,tbs",National Citizen Party (NCP),bss=36616; ds=36616; tbs=36616,1.00,name+party match (sim=1.00) [vote-boosted]
Pirojpur 3,1,Karim Sikder,ds,Jatiya Samajtantrik Dal (JSD),ds=0,Karim Sikdar,tbs,Jatiya Samajtantrik Dal (JSD),tbs=212,1.00,name+party match (sim=1.00)
Pirojpur 3,1,Karim Sikder,dt,Jatiya Samajtantrik Dal (JSD),dt=212,Karim Sikdar,"ds,tbs",Jatiya Samajtantrik Dal (JSD),ds=0; tbs=212,1.00,name+party match (sim=1.00) [vote-boosted]
Pirojpur 3,1,Md. Mashrequl Azam,ds,Jatiya Party (JaPa),ds=0,Md. Mashreful Azam,tbs,Jatiya Party (JaPa),tbs=169,0.94,name+party match (sim=0.94)
Pirojpur 3,1,Md. Mashrekul Azam (Rabi),dt,Jatiya Party (JaPa),dt=169,Md. Mashreful Azam,"ds,tbs",Jatiya Party (JaPa),ds=0; tbs=169,0.94,name+party match (sim=0.94) [vote-boosted]
Rajbari 1,1,Md. Ali Biswas,ds,Zaker Party (ZP),ds=0,Md. Ali Biswas,tbs,Zaker Party (ZP),tbs=8087,1.00,name+party match (sim=1.00)
Rajbari 1,1,Mohammad Ali Biswas,dt,Zaker Party (ZP),dt=8087,Md. Ali Biswas,"ds,tbs",Zaker Party (ZP),ds=0; tbs=8087,1.00,name+party match (sim=1.00) [vote-boosted]
Rajbari 1,1,Ali Nawaz Mahmud Khayum,ds,Bangladesh Nationalist Party (BNP),ds=154541,Ali Newaz Mahmud Khaiyam,tbs,Bangladesh Nationalist Party (BNP),tbs=154541,1.00,name+party match (sim=1.00) [vote-boosted]
Rajbari 1,1,Ali Newaz Mahmud Khayyam,bss,Bangladesh Nationalist Party (BNP),bss=154541,Ali Newaz Mahmud Khaiyam,"ds,tbs",Bangladesh Nationalist Party (BNP),ds=154541; tbs=154541,0.96,name+party match (sim=0.96) [vote-boosted]
Rajbari 1,1,Ali Newaz Mahmud Khaiyam,dt,Bangladesh Nationalist Party (BNP),dt=154541,Ali Newaz Mahmud Khaiyam,"bss,ds,tbs",Bangladesh Nationalist Party (BNP),bss=154541; ds=154541; tbs=154541,1.00,name+party match (sim=1.00) [vote-boosted]
Rajbari 1,1,Md. Nurul Islam,ds,Bangladesh Jamaat-e-Islami (Jamaat),ds=101092,Md. Nurul Islam,tbs,Bangladesh Jamaat-e-Islami (Jamaat),tbs=101092,1.00,name+party match (sim=1.00) [vote-boosted]
Rajbari 1,1,Md. Nurul Islam,bss,Bangladesh Jamaat-e-Islami (Jamaat),bss=101092,Md. Nurul Islam,"ds,tbs",Bangladesh Jamaat-e-Islami (Jamaat),ds=101092; tbs=101092,1.00,name+party match (sim=1.00) [vote-boosted]
Rajbari 1,1,Md. Nurul Islam,dt,Bangladesh Jamaat-e-Islami (Jamaat),dt=101092,Md. Nurul Islam,"bss,ds,tbs",Bangladesh Jamaat-e-Islami (Jamaat),bss=101092; ds=101092; tbs=101092,1.00,name+party match (sim=1.00) [vote-boosted]
Rajbari 1,1,Khondaker Habibur Rahman,ds,Jatiya Party (JaPa),ds=0,Khondokar Habibur Rahman,tbs,Jatiya Party (JaPa),tbs=2586,1.00,name+party match (sim=1.00)
Rajbari 1,1,Khondaker Habibur Rahman,dt,Jatiya Party (JaPa),dt=2586,Khondokar Habibur Rahman,"ds,tbs",Jatiya Party (JaPa),ds=0; tbs=2586,1.00,name+party match (sim=1.00) [vote-boosted]
Rajbari 2,1,Md. Nasirul Haque Sabu,ds,Independent Candidate (Independent),ds=0,Nasirul Haque Sabu,tbs,Independent Candidate (Independent),tbs=36338,1.00,name+party match (sim=1.00)
Rajbari 2,1,Md. Nasirul Haque Sabu,dt,Independent Candidate (Independent),dt=36338,Md. Nasirul Haque Sabu,"ds,tbs",Independent Candidate (Independent),ds=0; tbs=36338,1.00,name+party match (sim=1.00) [vote-boosted]
Rajbari 2,1,Sohel Molla,ds,Independent Candidate (Independent),ds=0,Sohel Molla,tbs,Independent Candidate (Independent),tbs=1219,1.00,name+party match (sim=1.00)
Rajbari 2,1,Sohel Molla,dt,Independent Candidate (Independent),dt=1219,Sohel Molla,"ds,tbs",Independent Candidate (Independent),ds=0; tbs=1219,1.00,name+party match (sim=1.00) [vote-boosted]
Rajbari 2,1,Zahid Sheikh,ds,Gono Odhikar Parishad (GOP),ds=0,Jahid Sheikh,tbs,Gono Odhikar Parishad (GOP),tbs=633,0.92,name+party match (sim=0.92)
Rajbari 2,1,Zahid Sheikh,dt,Gono Odhikar Parishad (GOP),dt=633,Jahid Sheikh,"ds,tbs",Gono Odhikar Parishad (GOP),ds=0; tbs=633,0.92,name+party match (sim=0.92) [vote-boosted]
Rajbari 2,1,Jamil Hijazi,ds,National Citizen Party (NCP),ds=67299,Jamil Hijazi,tbs,National Citizen Party (NCP),tbs=67299,1.00,name+party match (sim=1.00) [vote-boosted]
Rajbari 2,1,Jamil Hijazi,bss,National Citizen Party (NCP),bss=67299,Jamil Hijazi,"ds,tbs",National Citizen Party (NCP),ds=67299; tbs=67299,1.00,name+party match (sim=1.00) [vote-boosted]
Rajbari 2,1,Jamil Hijazi,dt,National Citizen Party (NCP),dt=67299,Jamil Hijazi,"bss,ds,tbs",National Citizen Party (NCP),bss=67299; ds=67299; tbs=67299,1.00,name+party match (sim=1.00) [vote-boosted]
Rajbari 2,1,Md. Harun Ur Rashid,ds,Bangladesh Nationalist Party (BNP),ds=237254,Md. Harun Or Rashid,tbs,Bangladesh Nationalist Party (BNP),tbs=237254,1.00,name+party match (sim=1.00) [vote-boosted]
Rajbari 2,1,Md. Haroon-or-Rashid,bss,Bangladesh Nationalist Party (BNP),bss=237254,Md. Harun Or Rashid,"ds,tbs",Bangladesh Nationalist Party (BNP),ds=237254; tbs=237254,1.00,name+party match (sim=1.00) [vote-boosted]
Rajbari 2,1,Md. Harun-or-Rashid,dt,Bangladesh Nationalist Party (BNP),dt=237254,Md. Haroon-or-Rashid,"bss,ds,tbs",Bangladesh Nationalist Party (BNP),bss=237254; ds=237254; tbs=237254,1.00,name+party match (sim=1.00) [vote-boosted]
Rajbari 2,1,Mohd. Abdul Malek,ds,Islami Andolan Bangladesh (IAB),ds=0,Md. Abdul Malek,tbs,Islami Andolan Bangladesh (IAB),tbs=8503,0.94,name+party match (sim=0.94)
Rajbari 2,1,Mohammad Abdul Malek,dt,Islami Andolan Bangladesh (IAB),dt=8503,Mohd. Abdul Malek,"ds,tbs",Islami Andolan Bangladesh (IAB),ds=0; tbs=8503,0.94,name+party match (sim=0.94) [vote-boosted]
Rajbari 2,1,Kazi Minhazul Alam,ds,Khelafat Majlis,ds=0,Kazi Minhazul Alam,tbs,Khelafat Majlis,tbs=321,1.00,name+party match (sim=1.00)
Rajbari 2,1,Kazi Minhajul Alam,dt,Khelafat Majlis,dt=321,Kazi Minhazul Alam,"ds,tbs",Khelafat Majlis,ds=0; tbs=321,1.00,name+party match (sim=1.00) [vote-boosted]
Rajbari 2,1,Md. Abdul Malek Mondal,ds,Bangladesh Sangskritik Muktijote (BSM),ds=0,Md. Abdul Malek Mondal,tbs,Bangladesh Sangskritik Muktijote (BSM),tbs=266,1.00,name+party match (sim=1.00)
Rajbari 2,1,Md. Abdul Malek Mondol,dt,Bangladesh Sangskritik Muktijote (BSM),dt=266,Md. Abdul Malek Mondal,"ds,tbs",Bangladesh Sangskritik Muktijote (BSM),ds=0; tbs=266,1.00,name+party match (sim=1.00) [vote-boosted]
Rajbari 2,1,Md. Shafiul Azam Khan,ds,Jatiya Party (JaPa),ds=0,Md. Shafiul Azam Khan,tbs,Jatiya Party (JaPa),tbs=2052,1.00,name+party match (sim=1.00)
Rajbari 2,1,Md. Shafiul Azam Khan,dt,Jatiya Party (JaPa),dt=2052,Md. Shafiul Azam Khan,"ds,tbs",Jatiya Party (JaPa),ds=0; tbs=2052,1.00,name+party match (sim=1.00) [vote-boosted]
Rajshahi 1,1,Md. Al Saad,ds,Independent Candidate (Independent),ds=0,Md. Al Saad,tbs,Independent Candidate (Independent),tbs=663,1.00,name+party match (sim=1.00)
Rajshahi 1,1,Md. Al-Saad,dt,Independent Candidate (Independent),dt=663,Md. Al Saad,"ds,tbs",Independent Candidate (Independent),ds=0; tbs=663,1.00,name+party match (sim=1.00) [vote-boosted]
Rajshahi 1,1,Mir Md. Shahjahan,ds,Gono Odhikar Parishad (GOP),ds=0,Mir Md. Shahjahan,tbs,Gono Odhikar Parishad (GOP),tbs=407,1.00,name+party match (sim=1.00)
Rajshahi 1,1,Mir Md. Shahjahan,dt,Gono Odhikar Parishad (GOP),dt=407,Mir Md. Shahjahan,"ds,tbs",Gono Odhikar Parishad (GOP),ds=0; tbs=407,1.00,name+party match (sim=1.00) [vote-boosted]
Rajshahi 1,1,Md. Sharif Uddin,ds,Bangladesh Nationalist Party (BNP),ds=169902,Md. Sharif Uddin,tbs,Bangladesh Nationalist Party (BNP),tbs=169902,1.00,name+party match (sim=1.00) [vote-boosted]
Rajshahi 1,1,Md. Sharif Uddin,bss,Bangladesh Nationalist Party (BNP),bss=169902,Md. Sharif Uddin,"ds,tbs",Bangladesh Nationalist Party (BNP),ds=169902; tbs=169902,1.00,name+party match (sim=1.00) [vote-boosted]
Rajshahi 1,1,Md. Sharif Uddin,dt,Bangladesh Nationalist Party (BNP),dt=169902,Md. Sharif Uddin,"bss,ds,tbs",Bangladesh Nationalist Party (BNP),bss=169902; ds=169902; tbs=169902,1.00,name+party match (sim=1.00) [vote-boosted]
Rajshahi 1,1,Md. Mujibur Rahman,ds,Bangladesh Jamaat-e-Islami (Jamaat),ds=171786,Md. Mujibur Rahman,tbs,Bangladesh Jamaat-e-Islami (Jamaat),tbs=171786,1.00,name+party match (sim=1.00) [vote-boosted]
Rajshahi 1,1,Md. Mujibur Rahman,bss,Bangladesh Jamaat-e-Islami (Jamaat),bss=171786,Md. Mujibur Rahman,"ds,tbs",Bangladesh Jamaat-e-Islami (Jamaat),ds=171786; tbs=171786,1.00,name+party match (sim=1.00) [vote-boosted]
Rajshahi 1,1,Md. Mujibur Rahman,dt,Bangladesh Jamaat-e-Islami (Jamaat),dt=171786,Md. Mujibur Rahman,"bss,ds,tbs",Bangladesh Jamaat-e-Islami (Jamaat),bss=171786; ds=171786; tbs=171786,1.00,name+party match (sim=1.00) [vote-boosted]
Rajshahi 1,1,Md. Abdur Rahman,ds,Amar Bangladesh Party (AB),ds=0,Md. Abdur Rahman,tbs,Amar Bangladesh Party (AB),tbs=1100,1.00,name+party match (sim=1.00)
Rajshahi 1,1,Md. Abdur Rahman,dt,Amar Bangladesh Party (AB),dt=1100,Md. Abdur Rahman,"ds,tbs",Amar Bangladesh Party (AB),ds=0; tbs=1100,1.00,name+party match (sim=1.00) [vote-boosted]
Rajshahi 2,1,Md. Shamsul Alam,ds,Nagorik Oikya (NO),ds=0,Md. Shamsul Alam,tbs,Nagorik Oikya (NO),tbs=552,1.00,name+party match (sim=1.00)
Rajshahi 2,1,Mohammad Samsul Alam,dt,Nagorik Oikya (NO),dt=552,Md. Shamsul Alam,"ds,tbs",Nagorik Oikya (NO),ds=0; tbs=552,0.97,name+party match (sim=0.97) [vote-boosted]
Rajshahi 2,1,Md. Mizanur Rahman,ds,Bangladesh Nationalist Party (BNP),ds=188546,Md. Mizanur Rahman Minu,tbs,Bangladesh Nationalist Party (BNP),tbs=128546,0.91,name+party match (sim=0.91)
Rajshahi 2,1,Md. Mizanur Rahman Minu,bss,Bangladesh Nationalist Party (BNP),bss=128546,Md. Mizanur Rahman Minu,"ds,tbs",Bangladesh Nationalist Party (BNP),ds=188546; tbs=128546,1.00,name+party match (sim=1.00) [vote-boosted]
Rajshahi 2,1,Md. Mizanur Rahman Minu,dt,Bangladesh Nationalist Party (BNP),dt=128546,Md. Mizanur Rahman Minu,"bss,ds,tbs",Bangladesh Nationalist Party (BNP),bss=128546; ds=188546; tbs=128546,1.00,name+party match (sim=1.00) [vote-boosted]
Rajshahi 2,1,Md. Jahangir,ds,Bangladesh Jamaat-e-Islami (Jamaat),ds=100370,Md. Jahangir,tbs,Bangladesh Jamaat-e-Islami (Jamaat),tbs=100370,1.00,name+party match (sim=1.00) [vote-boosted]
Rajshahi 2,1,Mohammad Jahangir,bss,Bangladesh Jamaat-e-Islami (Jamaat),bss=100370,Md. Jahangir,"ds,tbs",Bangladesh Jamaat-e-Islami (Jamaat),ds=100370; tbs=100370,1.00,name+party match (sim=1.00) [vote-boosted]
Rajshahi 2,1,Mohammad Jahangir,dt,Bangladesh Jamaat-e-Islami (Jamaat),dt=100370,Mohammad Jahangir,"bss,ds,tbs",Bangladesh Jamaat-e-Islami (Jamaat),bss=100370; ds=100370; tbs=100370,1.00,name+party match (sim=1.00) [vote-boosted]
Rajshahi 2,1,Saleh Ahmed,ds,Independent Candidate (Independent),ds=0,Saleh Ahmed,tbs,Independent Candidate (Independent),tbs=801,1.00,name+party match (sim=1.00)
Rajshahi 2,1,Saleh Ahmed,dt,Independent Candidate (Independent),dt=801,Saleh Ahmed,"ds,tbs",Independent Candidate (Independent),ds=0; tbs=801,1.00,name+party match (sim=1.00) [vote-boosted]
Rajshahi 2,1,Md. Saeed Noman,ds,Amar Bangladesh Party (AB),ds=0,Mu Saeed Noman,tbs,Amar Bangladesh Party (AB),tbs=796,0.92,name+party match (sim=0.92)
Rajshahi 2,1,Md. Saeed Noman,dt,Amar Bangladesh Party (AB),dt=786,Md. Saeed Noman,"ds,tbs",Amar Bangladesh Party (AB),ds=0; tbs=796,1.00,name+party match (sim=1.00)
Rajshahi 2,1,Md. Mezbaul Islam,dt,Bangladesh Labour Party,dt=387,Md. Mejbaul Islam,ds,Bangladesh Labour Party,ds=0,0.94,name+party match (sim=0.94)
Rajshahi 3,1,Md. Afzal Hossain,ds,Jatiya Party (JaPa),ds=0,Md. Afzal Hossain,tbs,Jatiya Party (JaPa),tbs=2390,1.00,name+party match (sim=1.00)
Rajshahi 3,1,Md. Afzal Hossain,dt,Jatiya Party (JaPa),dt=2390,Md. Afzal Hossain,"ds,tbs",Jatiya Party (JaPa),ds=0; tbs=2390,1.00,name+party match (sim=1.00) [vote-boosted]
Rajshahi 3,1,Md. Shafiqul Haque Milon,ds,Bangladesh Nationalist Party (BNP),ds=176318,Md. Shafiqul Haque Milon,tbs,Bangladesh Nationalist Party (BNP),tbs=176318,1.00,name+party match (sim=1.00) [vote-boosted]
Rajshahi 3,1,Mohammad Shafiqul Haque Milon,bss,Bangladesh Nationalist Party (BNP),bss=176318,Md. Shafiqul Haque Milon,"ds,tbs",Bangladesh Nationalist Party (BNP),ds=176318; tbs=176318,1.00,name+party match (sim=1.00) [vote-boosted]
Rajshahi 3,1,Mohammad Shafiqul Haque Milon,dt,Bangladesh Nationalist Party (BNP),dt=176318,Mohammad Shafiqul Haque Milon,"bss,ds,tbs",Bangladesh Nationalist Party (BNP),bss=176318; ds=176318; tbs=176318,1.00,name+party match (sim=1.00) [vote-boosted]
Rajshahi 3,1,Md. Fazlur Rahman,ds,Islami Andolan Bangladesh (IAB),ds=0,Md. Fazlur Rahman,tbs,Islami Andolan Bangladesh (IAB),tbs=1154,1.00,name+party match (sim=1.00)
Rajshahi 3,1,Md. Fazlur Rahman,dt,Islami Andolan Bangladesh (IAB),dt=1154,Md. Fazlur Rahman,"ds,tbs",Islami Andolan Bangladesh (IAB),ds=0; tbs=1154,1.00,name+party match (sim=1.00) [vote-boosted]
Rajshahi 3,1,Md. Abul Kalam Azad,ds,Bangladesh Jamaat-e-Islami (Jamaat),ds=137927,Md. Abul Kalam Azad,tbs,Bangladesh Jamaat-e-Islami (Jamaat),tbs=137927,1.00,name+party match (sim=1.00) [vote-boosted]
Rajshahi 3,1,Md. Abul Kalam Azad,bss,Bangladesh Jamaat-e-Islami (Jamaat),bss=137927,Md. Abul Kalam Azad,"ds,tbs",Bangladesh Jamaat-e-Islami (Jamaat),ds=137927; tbs=137927,1.00,name+party match (sim=1.00) [vote-boosted]
Rajshahi 3,1,Md. Abul Kalam Azad,dt,Bangladesh Jamaat-e-Islami (Jamaat),dt=137927,Md. Abul Kalam Azad,"bss,ds,tbs",Bangladesh Jamaat-e-Islami (Jamaat),bss=137927; ds=137927; tbs=137927,1.00,name+party match (sim=1.00) [vote-boosted]
Rajshahi 3,1,Mosammat Habiba Begum,dt,Independent Candidate (Independent),dt=1177,Mst. Habiba Begum,tbs,Independent Candidate (Independent),tbs=1177,1.00,name+party match (sim=1.00) [vote-boosted]
Rajshahi 3,1,Md. Said Parvez,dt,Amjanatar Dol,dt=295,Md. Saeed Parvez,ds,Amjanatar Dol,ds=0,1.00,name+party match (sim=1.00)
Rajshahi 4,1,D. M. D. Ziaur Rahman,ds,Bangladesh Nationalist Party (BNP),ds=109461,D. M. D. Ziaur Rahman,tbs,Bangladesh Nationalist Party (BNP),tbs=109461,1.00,name+party match (sim=1.00) [vote-boosted]
Rajshahi 4,1,"D, M, D Ziaur Rahman",bss,Bangladesh Nationalist Party (BNP),bss=109461,D. M. D. Ziaur Rahman,"ds,tbs",Bangladesh Nationalist Party (BNP),ds=109461; tbs=109461,1.00,name+party match (sim=1.00) [vote-boosted]
Rajshahi 4,1,D. M. D. Ziaur Rahman,dt,Bangladesh Nationalist Party (BNP),dt=109461,D. M. D. Ziaur Rahman,"bss,ds,tbs",Bangladesh Nationalist Party (BNP),bss=109461; ds=109461; tbs=109461,1.00,name+party match (sim=1.00) [vote-boosted]
Rajshahi 4,1,Md. Abdul Bari Sarkar,ds,Bangladesh Jamaat-e-Islami (Jamaat),ds=115226,Md. Abdul Bari Sardar,tbs,Bangladesh Jamaat-e-Islami (Jamaat),tbs=115226,0.95,name+party match (sim=0.95) [vote-boosted]
Rajshahi 4,1,Md. Abdul Bari Sardar,bss,Bangladesh Jamaat-e-Islami (Jamaat),bss=115226,Md. Abdul Bari Sardar,"ds,tbs",Bangladesh Jamaat-e-Islami (Jamaat),ds=115226; tbs=115226,1.00,name+party match (sim=1.00) [vote-boosted]
Rajshahi 4,1,Md. Abdul Bari Sardar,dt,Bangladesh Jamaat-e-Islami (Jamaat),dt=115226,Md. Abdul Bari Sardar,"bss,ds,tbs",Bangladesh Jamaat-e-Islami (Jamaat),bss=115226; ds=115226; tbs=115226,1.00,name+party match (sim=1.00) [vote-boosted]
Rajshahi 4,1,Md. Tajul Islam Khan,ds,Islami Andolan Bangladesh (IAB),ds=0,Md. Tajul Islam Khan,tbs,Islami Andolan Bangladesh (IAB),tbs=670,1.00,name+party match (sim=1.00)
Rajshahi 4,1,Md. Tajul Islam Khan,dt,Islami Andolan Bangladesh (IAB),dt=670,Md. Tajul Islam Khan,"ds,tbs",Islami Andolan Bangladesh (IAB),ds=0; tbs=670,1.00,name+party match (sim=1.00) [vote-boosted]
Rajshahi 4,1,Md. Fazlul Haque,dt,Jatiya Party (JaPa),dt=1759,Md. Fazlul Haque,tbs,Jatiya Party (JaPa),tbs=1759,1.00,name+party match (sim=1.00) [vote-boosted]
Rajshahi 5,1,Md. Altaf Hossain Molla,ds,Bangladesh Supreme Party (BSP),ds=0,Md. Altaf Hossain Molla,tbs,Bangladesh Supreme Party (BSP),tbs=938,1.00,name+party match (sim=1.00)
Rajshahi 5,1,Md. Altaf Hossain Molla,dt,Bangladesh Supreme Party (BSP),dt=938,Md. Altaf Hossain Molla,"ds,tbs",Bangladesh Supreme Party (BSP),ds=0; tbs=938,1.00,name+party match (sim=1.00) [vote-boosted]
Rajshahi 5,1,Nazrul Islam,ds,Bangladesh Nationalist Party (BNP),ds=153425,Prof. Nazrul Islam,tbs,Bangladesh Nationalist Party (BNP),tbs=153425,1.00,name+party match (sim=1.00) [vote-boosted]
Rajshahi 5,1,Professor Nazrul Islam,bss,Bangladesh Nationalist Party (BNP),bss=153425,Prof. Nazrul Islam,"ds,tbs",Bangladesh Nationalist Party (BNP),ds=153425; tbs=153425,1.00,name+party match (sim=1.00) [vote-boosted]
Rajshahi 5,1,Professor Nazrul Islam,dt,Bangladesh Nationalist Party (BNP),dt=153425,Professor Nazrul Islam,"bss,ds,tbs",Bangladesh Nationalist Party (BNP),bss=153425; ds=153425; tbs=153425,1.00,name+party match (sim=1.00) [vote-boosted]
Rajshahi 5,1,Md. Ruhul Amin,ds,Islami Andolan Bangladesh (IAB),ds=0,Md. Ruhul Amin,tbs,Islami Andolan Bangladesh (IAB),tbs=620,1.00,name+party match (sim=1.00)
Rajshahi 5,1,Md. Ruhul Amin,dt,Islami Andolan Bangladesh (IAB),dt=620,Md. Ruhul Amin,"ds,tbs",Islami Andolan Bangladesh (IAB),ds=0; tbs=620,1.00,name+party match (sim=1.00) [vote-boosted]
Rajshahi 5,1,Md. Raihan Kawsar,ds,Independent Candidate (Independent),ds=0,Md. Raihan Kawsar,tbs,Independent Candidate (Independent),tbs=442,1.00,name+party match (sim=1.00)
Rajshahi 5,1,Md. Raihan Kawsar,dt,Independent Candidate (Independent),dt=442,Md. Raihan Kawsar,"ds,tbs",Independent Candidate (Independent),ds=0; tbs=442,1.00,name+party match (sim=1.00) [vote-boosted]
Rajshahi 5,1,Md. Isfa Khairul Haque,ds,Independent Candidate (Independent),ds=0,Md. Isfa Khairul Haque,tbs,Independent Candidate (Independent),tbs=2496,1.00,name+party match (sim=1.00)
Rajshahi 5,1,Md. Isfa Khairul Haque,dt,Independent Candidate (Independent),dt=2496,Md. Isfa Khairul Haque,"ds,tbs",Independent Candidate (Independent),ds=0; tbs=2496,1.00,name+party match (sim=1.00) [vote-boosted]
Rajshahi 5,1,Manjur Rahman,ds,Bangladesh Jamaat-e-Islami (Jamaat),ds=73445,Manjur Rahman,tbs,Bangladesh Jamaat-e-Islami (Jamaat),tbs=73445,1.00,name+party match (sim=1.00) [vote-boosted]
Rajshahi 5,1,Manzoor Rahman,bss,Bangladesh Jamaat-e-Islami (Jamaat),bss=73445,Manjur Rahman,"ds,tbs",Bangladesh Jamaat-e-Islami (Jamaat),ds=73445; tbs=73445,0.88,name+party match (sim=0.88) [vote-boosted]
Rajshahi 5,1,Manjur Rahman,dt,Bangladesh Jamaat-e-Islami (Jamaat),dt=73445,Manzoor Rahman,"bss,ds,tbs",Bangladesh Jamaat-e-Islami (Jamaat),bss=73445; ds=73445; tbs=73445,0.88,name+party match (sim=0.88) [vote-boosted]
Rajshahi 5,1,Rezaul Karim,ds,Independent Candidate (Independent),ds=0,Rezaul Karim,tbs,Independent Candidate (Independent),tbs=6432,1.00,name+party match (sim=1.00)
Rajshahi 5,1,Rezaul Karim,dt,Independent Candidate (Independent),dt=6432,Rezaul Karim,"ds,tbs",Independent Candidate (Independent),ds=0; tbs=6432,1.00,name+party match (sim=1.00) [vote-boosted]
Rajshahi 6,1,Md. Abu Sayed Chad,ds,Bangladesh Nationalist Party (BNP),ds=147672,Abu Sayed Chand,tbs,Bangladesh Nationalist Party (BNP),tbs=148672,0.85,name+party match (sim=0.85)
Rajshahi 6,1,Md. Abu Said Chand,bss,Bangladesh Nationalist Party (BNP),bss=148672,Md. Abu Sayed Chad,"ds,tbs",Bangladesh Nationalist Party (BNP),ds=147672; tbs=148672,0.89,name+party match (sim=0.89) [vote-boosted]
Rajshahi 6,1,Md. Abu Sayeed Chand,dt,Bangladesh Nationalist Party (BNP),dt=148672,Md. Abu Sayed Chad,"bss,ds,tbs",Bangladesh Nationalist Party (BNP),bss=148672; ds=147672; tbs=148672,0.97,name+party match (sim=0.97) [vote-boosted]
Rajshahi 6,1,Md. Iqbal Hossain,ds,Jatiya Party (JaPa),ds=0,Md. Iqbal Hossain,tbs,Jatiya Party (JaPa),tbs=2930,1.00,name+party match (sim=1.00)
Rajshahi 6,1,Md. Iqbal Hossain,dt,Jatiya Party (JaPa),dt=2930,Md. Iqbal Hossain,"ds,tbs",Jatiya Party (JaPa),ds=0; tbs=2930,1.00,name+party match (sim=1.00) [vote-boosted]
Rajshahi 6,1,Md. Nazmul Haque,ds,Bangladesh Jamaat-e-Islami (Jamaat),ds=92965,Md. Nazmul Haque,tbs,Bangladesh Jamaat-e-Islami (Jamaat),tbs=92965,1.00,name+party match (sim=1.00) [vote-boosted]
Rajshahi 6,1,Md. Nazmul Haque,bss,Bangladesh Jamaat-e-Islami (Jamaat),bss=92965,Md. Nazmul Haque,"ds,tbs",Bangladesh Jamaat-e-Islami (Jamaat),ds=92965; tbs=92965,1.00,name+party match (sim=1.00) [vote-boosted]
Rajshahi 6,1,Md. Nazmul Haque,dt,Bangladesh Jamaat-e-Islami (Jamaat),dt=92965,Md. Nazmul Haque,"bss,ds,tbs",Bangladesh Jamaat-e-Islami (Jamaat),bss=92965; ds=92965; tbs=92965,1.00,name+party match (sim=1.00) [vote-boosted]
Rajshahi 6,1,Md. Abdus Salam Suraj,ds,Islami Andolan Bangladesh (IAB),ds=0,Abdus Salam Suruj,tbs,Islami Andolan Bangladesh (IAB),tbs=1628,0.90,name+party match (sim=0.90)
Rajshahi 6,1,Md. Abdus Salam Suruj,dt,Islami Andolan Bangladesh (IAB),dt=1628,Md. Abdus Salam Suraj,"ds,tbs",Islami Andolan Bangladesh (IAB),ds=0; tbs=1628,1.00,name+party match (sim=1.00) [vote-boosted]
Rangamati 1,1,Dipen Dewan,ds,Bangladesh Nationalist Party (BNP),ds=201544,Dipen Dewan,tbs,Bangladesh Nationalist Party (BNP),tbs=201544,1.00,name+party match (sim=1.00) [vote-boosted]
Rangamati 1,1,Deepen Dewan,bss,Bangladesh Nationalist Party (BNP),bss=201544,Dipen Dewan,"ds,tbs",Bangladesh Nationalist Party (BNP),ds=201544; tbs=201544,1.00,name+party match (sim=1.00) [vote-boosted]
Rangamati 1,1,Dipen Dewan,dt,Bangladesh Nationalist Party (BNP),dt=201544,Deepen Dewan,"bss,ds,tbs",Bangladesh Nationalist Party (BNP),bss=201544; ds=201544; tbs=201544,1.00,name+party match (sim=1.00) [vote-boosted]
Rangamati 1,1,Md. Jasim Uddin,ds,Islami Andolan Bangladesh (IAB),ds=3672,Md. Jasim Uddin,tbs,Islami Andolan Bangladesh (IAB),tbs=3672,1.00,name+party match (sim=1.00) [vote-boosted]
Rangamati 1,1,Md. Jasim Uddin,dt,Islami Andolan Bangladesh (IAB),dt=3672,Md. Jasim Uddin,"ds,tbs",Islami Andolan Bangladesh (IAB),ds=3672; tbs=3672,1.00,name+party match (sim=1.00) [vote-boosted]
Rangamati 1,1,Md. Abu Bakr Siddiqui,ds,Khelafat Majlis,ds=22715,Md. Abu Baqar Siddiqui,tbs,Khelafat Majlis,tbs=22715,0.93,name+party match (sim=0.93) [vote-boosted]
Rangamati 1,1,Muhammad Abu Bakar Siddique,dt,Khelafat Majlis,dt=22715,Md. Abu Baqar Siddiqui,"ds,tbs",Khelafat Majlis,ds=22715; tbs=22715,0.95,name+party match (sim=0.95) [vote-boosted]
Rangamati 1,1,Ashok Talukder,ds,Jatiya Party (JaPa),ds=2974,Ashok Talukdar,tbs,Jatiya Party (JaPa),tbs=2974,1.00,name+party match (sim=1.00) [vote-boosted]
Rangamati 1,1,Ashok Talukder,dt,Jatiya Party (JaPa),dt=2974,Ashok Talukdar,"ds,tbs",Jatiya Party (JaPa),ds=2974; tbs=2974,1.00,name+party match (sim=1.00) [vote-boosted]
Rangamati 1,1,Jui Chakma,ds,Revolutionary Workers Party of Bangladesh (RWPB),ds=1071,Jui Chakma,tbs,Revolutionary Workers Party of Bangladesh (RWPB),tbs=1071,1.00,name+party match (sim=1.00) [vote-boosted]
Rangamati 1,1,Jui Chakma,dt,Revolutionary Workers Party of Bangladesh (RWPB),dt=1071,Jui Chakma,"ds,tbs",Revolutionary Workers Party of Bangladesh (RWPB),ds=1071; tbs=1071,1.00,name+party match (sim=1.00) [vote-boosted]
Rangamati 1,1,Md. Abul Bashar,ds,Gono Odhikar Parishad (GOP),ds=449,Md. Abul Bashar,tbs,Gono Odhikar Parishad (GOP),tbs=449,1.00,name+party match (sim=1.00) [vote-boosted]
Rangamati 1,1,Md. Abul Bashar (Badsha),dt,Gono Odhikar Parishad (GOP),dt=449,Md. Abul Bashar,"ds,tbs",Gono Odhikar Parishad (GOP),ds=449; tbs=449,1.00,name+party match (sim=1.00) [vote-boosted]
Rangamati 1,1,Pahel Chakma,ds,Independent Candidate (Independent),ds=31222,Pahel Chakma,tbs,Independent Candidate (Independent),tbs=31222,1.00,name+party match (sim=1.00) [vote-boosted]
Rangamati 1,1,Pahel Chakma,bss,Independent Candidate (Independent),bss=31222,Pahel Chakma,"ds,tbs",Independent Candidate (Independent),ds=31222; tbs=31222,1.00,name+party match (sim=1.00) [vote-boosted]
Rangamati 1,1,Pahel Chakma,dt,Independent Candidate (Independent),dt=31222,Pahel Chakma,"bss,ds,tbs",Independent Candidate (Independent),bss=31222; ds=31222; tbs=31222,1.00,name+party match (sim=1.00) [vote-boosted]
Rangpur 1,1,Md. Mokarram Hossain Sujan,ds,Bangladesh Nationalist Party (BNP),ds=69407,Md. Mokarram Hossain Sujon,tbs,Bangladesh Nationalist Party (BNP),tbs=69407,1.00,name+party match (sim=1.00) [vote-boosted]
Rangpur 1,1,Md Mokarram Hossain Sujan,bss,Bangladesh Nationalist Party (BNP),bss=69407,Md. Mokarram Hossain Sujon,"ds,tbs",Bangladesh Nationalist Party (BNP),ds=69407; tbs=69407,1.00,name+party match (sim=1.00) [vote-boosted]
Rangpur 1,1,Md. Mokarram Hossain Sujan,dt,Bangladesh Nationalist Party (BNP),dt=69407,Md. Mokarram Hossain Sujon,"bss,ds,tbs",Bangladesh Nationalist Party (BNP),bss=69407; ds=69407; tbs=69407,1.00,name+party match (sim=1.00) [vote-boosted]
Rangpur 1,1,Md. Raihan Siraji,ds,Bangladesh Jamaat-e-Islami (Jamaat),ds=145088,Md. Raihan Siraji,tbs,Bangladesh Jamaat-e-Islami (Jamaat),tbs=145088,1.00,name+party match (sim=1.00) [vote-boosted]
Rangpur 1,1,Md Raihan Sirazi,bss,Bangladesh Jamaat-e-Islami (Jamaat),bss=145088,Md. Raihan Siraji,"ds,tbs",Bangladesh Jamaat-e-Islami (Jamaat),ds=145088; tbs=145088,0.94,name+party match (sim=0.94) [vote-boosted]
Rangpur 1,1,Md. Raihan Siraji,dt,Bangladesh Jamaat-e-Islami (Jamaat),dt=145088,Md. Raihan Siraji,"bss,ds,tbs",Bangladesh Jamaat-e-Islami (Jamaat),bss=145088; ds=145088; tbs=145088,1.00,name+party match (sim=1.00) [vote-boosted]
Rangpur 1,1,A. T. M. Golam Mostafa,dt,Islami Andolan Bangladesh (IAB),dt=0,Atm Golam Mustafa,ds,Islami Andolan Bangladesh (IAB),ds=0,1.00,name+party match (sim=1.00)
Rangpur 1,1,Ahsanul Arefin,dt,Socialist Party of Bangladesh (Marxist) (SPB-M),dt=0,Ahsanul Arefin,ds,Socialist Party of Bangladesh (Marxist) (SPB-M),ds=0,1.00,name+party match (sim=1.00)
Rangpur 1,1,Md. Anas,dt,Bangladesh Islami Front (BIF),dt=0,Md. Anas,ds,Bangladesh Islami Front (BIF),ds=0,1.00,name+party match (sim=1.00)
Rangpur 1,1,Md. Manjum Ali,dt,Jatiya Party (JaPa),dt=0,Md. Monjum Ali,ds,Jatiya Party (JaPa),ds=0,1.00,name+party match (sim=1.00)
Rangpur 2,1,Anisul Islam Mandal,ds,Jatiya Party (JaPa),ds=0,Anisul Islam Mondol,tbs,Jatiya Party (JaPa),tbs=19693,1.00,name+party match (sim=1.00)
Rangpur 2,1,Anisul Islam Mondol,dt,Jatiya Party (JaPa),dt=17487,Anisul Islam Mondol,"ds,tbs",Jatiya Party (JaPa),ds=0; tbs=19693,1.00,name+party match (sim=1.00)
Rangpur 2,1,Atm Azharul Islam,ds,Bangladesh Jamaat-e-Islami (Jamaat),ds=43076,A. T. M. Azharul Islam,tbs,Bangladesh Jamaat-e-Islami (Jamaat),tbs=89456,1.00,name+party match (sim=1.00)
Rangpur 2,1,ATM Azharul Islam,bss,Bangladesh Jamaat-e-Islami (Jamaat),bss=43076,A. T. M. Azharul Islam,"ds,tbs",Bangladesh Jamaat-e-Islami (Jamaat),ds=43076; tbs=89456,1.00,name+party match (sim=1.00) [vote-boosted]
Rangpur 2,1,A. T. M. Azharul Islam,dt,Bangladesh Jamaat-e-Islami (Jamaat),dt=139680,A. T. M. Azharul Islam,"bss,ds,tbs",Bangladesh Jamaat-e-Islami (Jamaat),bss=43076; ds=43076; tbs=89456,1.00,name+party match (sim=1.00)
Rangpur 2,1,Md. Ali Sarkar,ds,Bangladesh Nationalist Party (BNP),ds=22100,Md. Ali Sarkar,tbs,Bangladesh Nationalist Party (BNP),tbs=53626,1.00,name+party match (sim=1.00)
Rangpur 2,1,Muhammad Ali Sarkar,bss,Bangladesh Nationalist Party (BNP),bss=22100,Md. Ali Sarkar,"ds,tbs",Bangladesh Nationalist Party (BNP),ds=22100; tbs=53626,1.00,name+party match (sim=1.00) [vote-boosted]
Rangpur 2,1,Mohammad Ali Sarkar,dt,Bangladesh Nationalist Party (BNP),dt=79910,Muhammad Ali Sarkar,"bss,ds,tbs",Bangladesh Nationalist Party (BNP),bss=22100; ds=22100; tbs=53626,1.00,name+party match (sim=1.00)
Rangpur 2,1,Md. Ashraf Ali,dt,Islami Andolan Bangladesh (IAB),dt=0,Md. Ashraf Ali,ds,Islami Andolan Bangladesh (IAB),ds=0,1.00,name+party match (sim=1.00)
Rangpur 2,1,Md. Azizur Rahman,dt,Jatiya Samajtantrik Dal (JSD),dt=0,Md. Azizur Rahman,ds,Jatiya Samajtantrik Dal (JSD),ds=0,1.00,name+party match (sim=1.00)
Rangpur 3,1,Md. Mahbubur Rahman,ds,Bangladesh Jamaat-e-Islami (Jamaat),ds=175827,Mahbubur Rahman Belal,tbs,Bangladesh Jamaat-e-Islami (Jamaat),tbs=175827,0.78,name+party match (sim=0.78) [vote-boosted]
Rangpur 3,1,Md Mahbubur Rahman (Belal),bss,Bangladesh Jamaat-e-Islami (Jamaat),bss=175827,Mahbubur Rahman Belal,"ds,tbs",Bangladesh Jamaat-e-Islami (Jamaat),ds=175827; tbs=175827,0.78,name+party match (sim=0.78) [vote-boosted]
Rangpur 3,1,Md. Mahbubur Rahman (Belal),dt,Bangladesh Jamaat-e-Islami (Jamaat),dt=157403,Md Mahbubur Rahman (Belal),"bss,ds,tbs",Bangladesh Jamaat-e-Islami (Jamaat),bss=175827; ds=175827; tbs=175827,1.00,name+party match (sim=1.00)
Rangpur 3,1,Md. Shamsuzzaman Samu,ds,Bangladesh Nationalist Party (BNP),ds=84578,Shamsuzzaman Shamu,tbs,Bangladesh Nationalist Party (BNP),tbs=84578,0.87,name+party match (sim=0.87) [vote-boosted]
Rangpur 3,1,Md. Samsuzzaman Samu,bss,Bangladesh Nationalist Party (BNP),bss=84578,Md. Shamsuzzaman Samu,"ds,tbs",Bangladesh Nationalist Party (BNP),ds=84578; tbs=84578,0.98,name+party match (sim=0.98) [vote-boosted]
Rangpur 3,1,Md. Samsuzzaman Samu,dt,Bangladesh Nationalist Party (BNP),dt=74171,Md. Shamsuzzaman Samu,"bss,ds,tbs",Bangladesh Nationalist Party (BNP),bss=84578; ds=84578; tbs=84578,0.98,name+party match (sim=0.98)
Rangpur 3,1,Golam Mohammad Kader,dt,Jatiya Party (JaPa),dt=37933,Ghulam Md. Quader,ds,Jatiya Party (JaPa),ds=0,0.82,name+party match (sim=0.82)
Rangpur 3,1,Md. Abdul Quddus,dt,Bangladesh Samajtantrik Dal (Basad),dt=0,Md. Abdul Quddus,ds,Bangladesh Samajtantrik Dal (Basad),ds=0,1.00,name+party match (sim=1.00)
Rangpur 3,1,Md. Amiruzzaman,dt,Islami Andolan Bangladesh (IAB),dt=0,Md. Amiruzzaman,ds,Islami Andolan Bangladesh (IAB),ds=0,1.00,name+party match (sim=1.00)
Rangpur 3,1,Md. Anowar Hossain Babul,dt,Socialist Party of Bangladesh (Marxist) (SPB-M),dt=0,Md. Anwar Hossain Bablu,ds,Socialist Party of Bangladesh (Marxist) (SPB-M),ds=0,1.00,name+party match (sim=1.00)
Rangpur 3,1,Mosammat Anwara Islam Rani,dt,Independent Candidate (Independent),dt=0,Mst. Anwara Islam Rani,ds,Independent Candidate (Independent),ds=0,1.00,name+party match (sim=1.00)
Rangpur 3,1,Rita Rahman,dt,Independent Candidate (Independent),dt=0,Rita Rahman,ds,Independent Candidate (Independent),ds=0,1.00,name+party match (sim=1.00)
Rangpur 4,1,Akhtar Hossain,ds,National Citizen Party (NCP),ds=147947,Akhter Hossain,tbs,National Citizen Party (NCP),tbs=149966,1.00,name+party match (sim=1.00)
Rangpur 4,1,Akhtar Hossain,bss,National Citizen Party (NCP),bss=147947,Akhter Hossain,"ds,tbs",National Citizen Party (NCP),ds=147947; tbs=149966,1.00,name+party match (sim=1.00) [vote-boosted]
Rangpur 4,1,Akhtar Hossain,dt,National Citizen Party (NCP),dt=147947,Akhter Hossain,"bss,ds,tbs",National Citizen Party (NCP),bss=147947; ds=147947; tbs=149966,1.00,name+party match (sim=1.00) [vote-boosted]
Rangpur 4,1,Md. Emdadul Haque Bhorsa,ds,Bangladesh Nationalist Party (BNP),ds=139616,Md. Emdadul Haque Varosha,tbs,Bangladesh Nationalist Party (BNP),tbs=140564,0.83,name+party match (sim=0.83)
Rangpur 4,1,Mohammad Emdadul Haque Bharsa,bss,Bangladesh Nationalist Party (BNP),bss=139616,Md. Emdadul Haque Varosha,"ds,tbs",Bangladesh Nationalist Party (BNP),ds=139616; tbs=140564,0.90,name+party match (sim=0.90) [vote-boosted]
Rangpur 4,1,Mohammad Emdadul Haque Bhorosha,dt,Bangladesh Nationalist Party (BNP),dt=139616,Mohammad Emdadul Haque Bharsa,"bss,ds,tbs",Bangladesh Nationalist Party (BNP),bss=139616; ds=139616; tbs=140564,0.96,name+party match (sim=0.96) [vote-boosted]
Rangpur 4,1,Abu Naser Shah Md. Mahbubar Rahman,dt,Jatiya Party (JaPa),dt=499,Abu Naser Shah Md. Mahbubar Rahman,ds,Jatiya Party (JaPa),ds=0,1.00,name+party match (sim=1.00)
Rangpur 4,1,Abu Sahma,dt,Khelafat Majlis,dt=0,Abu Sahma,ds,Khelafat Majlis,ds=0,1.00,name+party match (sim=1.00)
Rangpur 4,1,Md. Shah Alam Basar,dt,Independent Candidate (Independent),dt=0,Md. Shah Alam Basar,ds,Independent Candidate (Independent),ds=0,1.00,name+party match (sim=1.00)
Rangpur 4,1,Md. Zahid Hossain,dt,Islami Andolan Bangladesh (IAB),dt=0,Md. Zahid Hossain,ds,Islami Andolan Bangladesh (IAB),ds=0,1.00,name+party match (sim=1.00)
Rangpur 4,1,Pragati Barman Toma,dt,Socialist Party of Bangladesh (Marxist) (SPB-M),dt=0,Pragati Barman Tama,ds,Socialist Party of Bangladesh (Marxist) (SPB-M),ds=0,1.00,name+party match (sim=1.00)
Rangpur 5,1,Sm Fakhar Uz Zaman,ds,Jatiya Party (JaPa),ds=0,S. M. Fakhruz Zaman,tbs,Jatiya Party (JaPa),tbs=14944,1.00,name+party match (sim=1.00)
Rangpur 5,1,S. M. Fakhr Uz Zaman,dt,Jatiya Party (JaPa),dt=15115,S. M. Fakhruz Zaman,"ds,tbs",Jatiya Party (JaPa),ds=0; tbs=14944,1.00,name+party match (sim=1.00)
Rangpur 5,1,Md. Golam Rabbani,ds,Bangladesh Nationalist Party (BNP),ds=114141,Md. Golam Rabbani,tbs,Bangladesh Nationalist Party (BNP),tbs=115116,1.00,name+party match (sim=1.00)
Rangpur 5,1,Md. Golam Rabbani,bss,Bangladesh Nationalist Party (BNP),bss=114141,Md. Golam Rabbani,"ds,tbs",Bangladesh Nationalist Party (BNP),ds=114141; tbs=115116,1.00,name+party match (sim=1.00) [vote-boosted]
Rangpur 5,1,Md. Golam Rabbani,dt,Bangladesh Nationalist Party (BNP),dt=114141,Md. Golam Rabbani,"bss,ds,tbs",Bangladesh Nationalist Party (BNP),bss=114141; ds=114141; tbs=115116,1.00,name+party match (sim=1.00) [vote-boosted]
Rangpur 5,1,Md. Golam Rabbani,ds,Bangladesh Jamaat-e-Islami (Jamaat),ds=175208,Md. Golam Rabbani,tbs,Bangladesh Jamaat-e-Islami (Jamaat),tbs=176411,1.00,name+party match (sim=1.00)
Rangpur 5,1,Md. Golam Rabbani,bss,Bangladesh Jamaat-e-Islami (Jamaat),bss=175208,Md. Golam Rabbani,"ds,tbs",Bangladesh Jamaat-e-Islami (Jamaat),ds=175208; tbs=176411,1.00,name+party match (sim=1.00) [vote-boosted]
Rangpur 5,1,Md. Golam Rabbani,dt,Bangladesh Jamaat-e-Islami (Jamaat),dt=175208,Md. Golam Rabbani,"bss,ds,tbs",Bangladesh Jamaat-e-Islami (Jamaat),bss=175208; ds=175208; tbs=176411,1.00,name+party match (sim=1.00) [vote-boosted]
Rangpur 5,1,Khandaker Mukit Al Mahmud,dt,Independent Candidate (Independent),dt=0,Khandaker Mukit Al Mahmud,ds,Independent Candidate (Independent),ds=0,1.00,name+party match (sim=1.00)
Rangpur 5,1,Md. Abdul Baset,dt,Amar Bangladesh Party (AB),dt=0,Md. Abdul Bashet,ds,Amar Bangladesh Party (AB),ds=0,0.97,name+party match (sim=0.97)
Rangpur 5,1,Md. Abu Helal,dt,Communist Party of Bangladesh (CPB),dt=0,Md. Abu Helal,ds,Communist Party of Bangladesh (CPB),ds=0,1.00,name+party match (sim=1.00)
Rangpur 5,1,Md. Babul Akter,dt,Socialist Party of Bangladesh (Marxist) (SPB-M),dt=0,Md. Babul Akhter,ds,Socialist Party of Bangladesh (Marxist) (SPB-M),ds=0,1.00,name+party match (sim=1.00)
Rangpur 5,1,Md. Golzar Hossain,dt,Islami Andolan Bangladesh (IAB),dt=0,Md. Golzar Hossain,ds,Islami Andolan Bangladesh (IAB),ds=0,1.00,name+party match (sim=1.00)
Rangpur 5,1,Mofakkharul Islam Nawab,dt,Nagorik Oikya (NO),dt=0,Mofakhkharul Islam Nawab,ds,Nagorik Oikya (NO),ds=0,0.98,name+party match (sim=0.98)
Rangpur 6,1,Md. Nurul Amin,ds,Bangladesh Jamaat-e-Islami (Jamaat),ds=118890,Md. Nurul Amin,tbs,Bangladesh Jamaat-e-Islami (Jamaat),tbs=120128,1.00,name+party match (sim=1.00)
Rangpur 6,1,Md. Nurul Amin,bss,Bangladesh Jamaat-e-Islami (Jamaat),bss=118890,Md. Nurul Amin,"ds,tbs",Bangladesh Jamaat-e-Islami (Jamaat),ds=118890; tbs=120128,1.00,name+party match (sim=1.00) [vote-boosted]
Rangpur 6,1,Md. Nurul Amin,dt,Bangladesh Jamaat-e-Islami (Jamaat),dt=118160,Md. Nurul Amin,"bss,ds,tbs",Bangladesh Jamaat-e-Islami (Jamaat),bss=118890; ds=118890; tbs=120128,1.00,name+party match (sim=1.00)
Rangpur 6,1,Md. Saiful Islam,ds,Bangladesh Nationalist Party (BNP),ds=116919,Md. Saiful Islam,tbs,Bangladesh Nationalist Party (BNP),tbs=117703,1.00,name+party match (sim=1.00)
Rangpur 6,1,Md. Saiful Islam,bss,Bangladesh Nationalist Party (BNP),bss=116919,Md. Saiful Islam,"ds,tbs",Bangladesh Nationalist Party (BNP),ds=116919; tbs=117703,1.00,name+party match (sim=1.00) [vote-boosted]
Rangpur 6,1,Md. Saiful Islam,dt,Bangladesh Nationalist Party (BNP),dt=116646,Md. Saiful Islam,"bss,ds,tbs",Bangladesh Nationalist Party (BNP),bss=116919; ds=116919; tbs=117703,1.00,name+party match (sim=1.00)
Rangpur 6,1,Abu Zafar Md. Zahid,dt,Independent Candidate (Independent),dt=0,Abu Jafar Md. Zahid,ds,Independent Candidate (Independent),ds=0,0.95,name+party match (sim=0.95)
Rangpur 6,1,Md. Nur Alam Mia,dt,Jatiya Party (JaPa),dt=0,Md. Noor Alam Mia,ds,Jatiya Party (JaPa),ds=0,1.00,name+party match (sim=1.00)
Rangpur 6,1,Md. Sadekul Islam,dt,Amar Bangladesh Party (AB),dt=0,Md. Sadequl Islam,ds,Amar Bangladesh Party (AB),ds=0,0.94,name+party match (sim=0.94)
Rangpur 6,1,Sultan Mahmud,dt,Islami Andolan Bangladesh (IAB),dt=0,Sultan Mahmud,ds,Islami Andolan Bangladesh (IAB),ds=0,1.00,name+party match (sim=1.00)
Satkhira 1,1,Md. Yarul Islam,ds,Bangladesh Congress,ds=0,Md. Iyarul Islam,tbs,Bangladesh Congress,tbs=715,1.00,name+party match (sim=1.00)
Satkhira 1,1,Md. Iyarul Islam,dt,Bangladesh Congress,dt=715,Md. Iyarul Islam,"ds,tbs",Bangladesh Congress,ds=0; tbs=715,1.00,name+party match (sim=1.00) [vote-boosted]
Satkhira 1,1,Sheikh Md. Rezaul Karim,ds,Islami Andolan Bangladesh (IAB),ds=0,Sheikh Md. Rezaul Karim,tbs,Islami Andolan Bangladesh (IAB),tbs=2071,1.00,name+party match (sim=1.00)
Satkhira 1,1,Sheikh Md. Rezaul Karim,dt,Islami Andolan Bangladesh (IAB),dt=2071,Sheikh Md. Rezaul Karim,"ds,tbs",Islami Andolan Bangladesh (IAB),ds=0; tbs=2071,1.00,name+party match (sim=1.00) [vote-boosted]
Satkhira 1,1,Md. Izzat Ullah,ds,Bangladesh Jamaat-e-Islami (Jamaat),ds=193772,Md. Izzat Ullah,tbs,Bangladesh Jamaat-e-Islami (Jamaat),tbs=193772,1.00,name+party match (sim=1.00) [vote-boosted]
Satkhira 1,1,Md. Izzatullah,bss,Bangladesh Jamaat-e-Islami (Jamaat),bss=193772,Md. Izzat Ullah,"ds,tbs",Bangladesh Jamaat-e-Islami (Jamaat),ds=193772; tbs=193772,1.00,name+party match (sim=1.00) [vote-boosted]
Satkhira 1,1,Md. Izzat Ullah,dt,Bangladesh Jamaat-e-Islami (Jamaat),dt=193772,Md. Izzat Ullah,"bss,ds,tbs",Bangladesh Jamaat-e-Islami (Jamaat),bss=193772; ds=193772; tbs=193772,1.00,name+party match (sim=1.00) [vote-boosted]
Satkhira 1,1,Md. Habibul Islam Habib,ds,Bangladesh Nationalist Party (BNP),ds=169995,Md. Habibul Islam Habib,tbs,Bangladesh Nationalist Party (BNP),tbs=169995,1.00,name+party match (sim=1.00) [vote-boosted]
Satkhira 1,1,Md. Habibul Islam Habib,bss,Bangladesh Nationalist Party (BNP),bss=169995,Md. Habibul Islam Habib,"ds,tbs",Bangladesh Nationalist Party (BNP),ds=169995; tbs=169995,1.00,name+party match (sim=1.00) [vote-boosted]
Satkhira 1,1,Md. Habibul Islam Habib,dt,Bangladesh Nationalist Party (BNP),dt=169995,Md. Habibul Islam Habib,"bss,ds,tbs",Bangladesh Nationalist Party (BNP),bss=169995; ds=169995; tbs=169995,1.00,name+party match (sim=1.00) [vote-boosted]
Satkhira 1,1,Ziaur Rahman,ds,Jatiya Party (JaPa),ds=0,Ziaur Rahman,tbs,Jatiya Party (JaPa),tbs=2544,1.00,name+party match (sim=1.00)
Satkhira 1,1,Ziaur Rahman,dt,Jatiya Party (JaPa),dt=2544,Ziaur Rahman,"ds,tbs",Jatiya Party (JaPa),ds=0; tbs=2544,1.00,name+party match (sim=1.00) [vote-boosted]
Satkhira 2,1,Md. Abdur Rouf,ds,Bangladesh Nationalist Party (BNP),ds=116293,Md. Abdur Rauf,tbs,Bangladesh Nationalist Party (BNP),tbs=116293,1.00,name+party match (sim=1.00) [vote-boosted]
Satkhira 2,1,Md Abdur Rauf,bss,Bangladesh Nationalist Party (BNP),bss=116293,Md. Abdur Rauf,"ds,tbs",Bangladesh Nationalist Party (BNP),ds=116293; tbs=116293,1.00,name+party match (sim=1.00) [vote-boosted]
Satkhira 2,1,Md. Abdur Rauf,dt,Bangladesh Nationalist Party (BNP),dt=116293,Md. Abdur Rauf,"bss,ds,tbs",Bangladesh Nationalist Party (BNP),bss=116293; ds=116293; tbs=116293,1.00,name+party match (sim=1.00) [vote-boosted]
Satkhira 2,1,Md. Abdul Khaliq,ds,Bangladesh Jamaat-e-Islami (Jamaat),ds=266959,Md. Abdul Khalek,tbs,Bangladesh Jamaat-e-Islami (Jamaat),tbs=266959,0.89,name+party match (sim=0.89) [vote-boosted]
Satkhira 2,1,Muhammad Abdul Khaliq,bss,Bangladesh Jamaat-e-Islami (Jamaat),bss=266959,Md. Abdul Khalek,"ds,tbs",Bangladesh Jamaat-e-Islami (Jamaat),ds=266959; tbs=266959,0.89,name+party match (sim=0.89) [vote-boosted]
Satkhira 2,1,Muhammad Abdul Khaleq,dt,Bangladesh Jamaat-e-Islami (Jamaat),dt=266959,Muhammad Abdul Khaliq,"bss,ds,tbs",Bangladesh Jamaat-e-Islami (Jamaat),bss=266959; ds=266959; tbs=266959,1.00,name+party match (sim=1.00) [vote-boosted]
Satkhira 2,1,Mufti Rabiul Islam,ds,Islami Andolan Bangladesh (IAB),ds=0,Mufti Rabiul Islam,tbs,Islami Andolan Bangladesh (IAB),tbs=1976,1.00,name+party match (sim=1.00)
Satkhira 2,1,Mufti Rabiul Islam,dt,Islami Andolan Bangladesh (IAB),dt=1976,Mufti Rabiul Islam,"ds,tbs",Islami Andolan Bangladesh (IAB),ds=0; tbs=1976,1.00,name+party match (sim=1.00) [vote-boosted]
Satkhira 2,1,Md. Idris Ali,ds,Jatiya Samajtantrik Dal (JSD),ds=0,Md. Idris Ali,tbs,Jatiya Samajtantrik Dal (JSD),tbs=317,1.00,name+party match (sim=1.00)
Satkhira 2,1,Md. Idris Ali,dt,Jatiya Samajtantrik Dal (JSD),dt=317,Md. Idris Ali,"ds,tbs",Jatiya Samajtantrik Dal (JSD),ds=0; tbs=317,1.00,name+party match (sim=1.00) [vote-boosted]
Satkhira 2,1,Md. Ashrafuzzaman,ds,Jatiya Party (JaPa),ds=0,Md. Ashrafuzzaman,tbs,Jatiya Party (JaPa),tbs=4278,1.00,name+party match (sim=1.00)
Satkhira 2,1,Md. Ashrafuzzaman,dt,Jatiya Party (JaPa),dt=4278,Md. Ashrafuzzaman,"ds,tbs",Jatiya Party (JaPa),ds=0; tbs=4278,1.00,name+party match (sim=1.00) [vote-boosted]
Satkhira 3,1,Md. Waze Qurni,ds,Islami Andolan Bangladesh (IAB),ds=0,Md. Waj Qurani,tbs,Islami Andolan Bangladesh (IAB),tbs=2497,0.86,name+party match (sim=0.86)
Satkhira 3,1,Md. Waez Kurni,dt,Islami Andolan Bangladesh (IAB),dt=2497,Md. Waj Qurani,"ds,tbs",Islami Andolan Bangladesh (IAB),ds=0; tbs=2497,0.79,name+party match (sim=0.79) [vote-boosted]
Satkhira 3,1,Hafez Muhaj Rabiul Bashar,ds,Bangladesh Jamaat-e-Islami (Jamaat),ds=184233,Hafez Md. Rabiul Bashar,tbs,Bangladesh Jamaat-e-Islami (Jamaat),tbs=184233,0.88,name+party match (sim=0.88) [vote-boosted]
Satkhira 3,1,Hafez Muha: Rabiul Bashar,bss,Bangladesh Jamaat-e-Islami (Jamaat),bss=184233,Hafez Muhaj Rabiul Bashar,"ds,tbs",Bangladesh Jamaat-e-Islami (Jamaat),ds=184233; tbs=184233,0.96,name+party match (sim=0.96) [vote-boosted]
Satkhira 3,1,Hafez Md. Rabiul Bashar,dt,Bangladesh Jamaat-e-Islami (Jamaat),dt=184233,Hafez Muhaj Rabiul Bashar,"bss,ds,tbs",Bangladesh Jamaat-e-Islami (Jamaat),bss=184233; ds=184233; tbs=184233,0.88,name+party match (sim=0.88) [vote-boosted]
Satkhira 3,1,Rubel Hossain,ds,Bangladesh Minority Janata Party (BMJP),ds=0,Rubel Hossain,tbs,Bangladesh Minority Janata Party (BMJP),tbs=583,1.00,name+party match (sim=1.00)
Satkhira 3,1,Rubel Hossain,dt,Bangladesh Minority Janata Party (BMJP),dt=583,Rubel Hossain,"ds,tbs",Bangladesh Minority Janata Party (BMJP),ds=0; tbs=583,1.00,name+party match (sim=1.00) [vote-boosted]
Satkhira 3,1,Md. Shahidul Alam,ds,Independent Candidate (Independent),ds=105379,Md. Shahidul Alam,tbs,Independent Candidate (Independent),tbs=105379,1.00,name+party match (sim=1.00) [vote-boosted]
Satkhira 3,1,Md. Shahidul Alam,bss,Independent Candidate (Independent),bss=105379,Md. Shahidul Alam,"ds,tbs",Independent Candidate (Independent),ds=105379; tbs=105379,1.00,name+party match (sim=1.00) [vote-boosted]
Satkhira 3,1,Md. Shahidul Alam,dt,Independent Candidate (Independent),dt=105379,Md. Shahidul Alam,"bss,ds,tbs",Independent Candidate (Independent),bss=105379; ds=105379; tbs=105379,1.00,name+party match (sim=1.00) [vote-boosted]
Satkhira 3,1,Md. Alif Hossain,ds,Jatiya Party (JaPa),ds=0,Md. Alip Hossain,tbs,Jatiya Party (JaPa),tbs=722,0.94,name+party match (sim=0.94)
Satkhira 3,1,Md. Alip Hossain,dt,Jatiya Party (JaPa),dt=722,Md. Alip Hossain,"ds,tbs",Jatiya Party (JaPa),ds=0; tbs=722,1.00,name+party match (sim=1.00) [vote-boosted]
Satkhira 3,1,Kazi Alauddin,ds,Bangladesh Nationalist Party (BNP),ds=0,Kazi Alauddin,tbs,Bangladesh Nationalist Party (BNP),tbs=56819,1.00,name+party match (sim=1.00)
Satkhira 3,1,Kazi Alauddin,dt,Bangladesh Nationalist Party (BNP),dt=56819,Kazi Alauddin,"ds,tbs",Bangladesh Nationalist Party (BNP),ds=0; tbs=56819,1.00,name+party match (sim=1.00) [vote-boosted]
Satkhira 4,1,S. M. Mustafa Al Mamun,ds,Islami Andolan Bangladesh (IAB),ds=0,S. M. Mostafa Al Mamun,tbs,Islami Andolan Bangladesh (IAB),tbs=4902,1.00,name+party match (sim=1.00)
Satkhira 4,1,S. M. Mostafa Al Mamun,dt,Islami Andolan Bangladesh (IAB),dt=4902,S. M. Mostafa Al Mamun,"ds,tbs",Islami Andolan Bangladesh (IAB),ds=0; tbs=4902,1.00,name+party match (sim=1.00) [vote-boosted]
Satkhira 4,1,G. M. Nazrul Islam,ds,Bangladesh Jamaat-e-Islami (Jamaat),ds=105805,G. M. Nazrul Islam,tbs,Bangladesh Jamaat-e-Islami (Jamaat),tbs=106913,1.00,name+party match (sim=1.00)
Satkhira 4,1,"G, M, Nazrul Islam",bss,Bangladesh Jamaat-e-Islami (Jamaat),bss=106913,G. M. Nazrul Islam,"ds,tbs",Bangladesh Jamaat-e-Islami (Jamaat),ds=105805; tbs=106913,1.00,name+party match (sim=1.00) [vote-boosted]
Satkhira 4,1,G. M. Nazrul Islam,dt,Bangladesh Jamaat-e-Islami (Jamaat),dt=106913,G. M. Nazrul Islam,"bss,ds,tbs",Bangladesh Jamaat-e-Islami (Jamaat),bss=106913; ds=105805; tbs=106913,1.00,name+party match (sim=1.00) [vote-boosted]
Satkhira 4,1,Md. Abdur Rashid,ds,Jatiya Party (JaPa),ds=0,Md. Abdur Rashid,tbs,Jatiya Party (JaPa),tbs=1142,1.00,name+party match (sim=1.00)
Satkhira 4,1,Md. Abdur Rashid,dt,Jatiya Party (JaPa),dt=1142,Md. Abdur Rashid,"ds,tbs",Jatiya Party (JaPa),ds=0; tbs=1142,1.00,name+party match (sim=1.00) [vote-boosted]
Satkhira 4,1,Md. Moniruzzaman,ds,Bangladesh Nationalist Party (BNP),ds=84868,Md. Moniruzzaman,tbs,Bangladesh Nationalist Party (BNP),tbs=85426,1.00,name+party match (sim=1.00)
Satkhira 4,1,Md. Moniruzzaman,bss,Bangladesh Nationalist Party (BNP),bss=85426,Md. Moniruzzaman,"ds,tbs",Bangladesh Nationalist Party (BNP),ds=84868; tbs=85426,1.00,name+party match (sim=1.00) [vote-boosted]
Satkhira 4,1,Md. Moniruzzaman,dt,Bangladesh Nationalist Party (BNP),dt=85426,Md. Moniruzzaman,"bss,ds,tbs",Bangladesh Nationalist Party (BNP),bss=85426; ds=84868; tbs=85426,1.00,name+party match (sim=1.00) [vote-boosted]
Shariatpur 1,1,Md. Abdur Rahman,ds,National Citizen Party (NCP),ds=0,Md. Abdur Rahman,tbs,National Citizen Party (NCP),tbs=475,1.00,name+party match (sim=1.00)
Shariatpur 1,1,Md. Abdur Rahman,dt,National Citizen Party (NCP),dt=475,Md. Abdur Rahman,"ds,tbs",National Citizen Party (NCP),ds=0; tbs=475,1.00,name+party match (sim=1.00) [vote-boosted]
Shariatpur 1,1,Md. Tofail Ahmed,ds,Islami Andolan Bangladesh (IAB),ds=0,Md. Tofayel Ahmed,tbs,Islami Andolan Bangladesh (IAB),tbs=10817,0.94,name+party match (sim=0.94)
Shariatpur 1,1,Md. Tofayel Ahmed,dt,Islami Andolan Bangladesh (IAB),dt=10817,Md. Tofayel Ahmed,"ds,tbs",Islami Andolan Bangladesh (IAB),ds=0; tbs=10817,1.00,name+party match (sim=1.00) [vote-boosted]
Shariatpur 1,1,Noor Md. Mia,ds,Bangladesh Supreme Party (BSP),ds=0,Nur Md. Mia,tbs,Bangladesh Supreme Party (BSP),tbs=616,1.00,name+party match (sim=1.00)
Shariatpur 1,1,Nur Mohammad Mia,dt,Bangladesh Supreme Party (BSP),dt=616,Noor Md. Mia,"ds,tbs",Bangladesh Supreme Party (BSP),ds=0; tbs=616,1.00,name+party match (sim=1.00) [vote-boosted]
Shariatpur 1,1,Firoz Ahmed,ds,Gono Odhikar Parishad (GOP),ds=0,Firoz Ahmed,tbs,Gono Odhikar Parishad (GOP),tbs=551,1.00,name+party match (sim=1.00)
Shariatpur 1,1,Firoz Ahmed,dt,Gono Odhikar Parishad (GOP),dt=551,Firoz Ahmed,"ds,tbs",Gono Odhikar Parishad (GOP),ds=0; tbs=551,1.00,name+party match (sim=1.00) [vote-boosted]
Shariatpur 1,1,Sayed Ahmed,ds,Bangladesh Nationalist Party (BNP),ds=77398,Saeed Ahmed,tbs,Bangladesh Nationalist Party (BNP),tbs=77398,0.91,name+party match (sim=0.91) [vote-boosted]
Shariatpur 1,1,Saeed Ahmed,bss,Bangladesh Nationalist Party (BNP),bss=77398,Saeed Ahmed,"ds,tbs",Bangladesh Nationalist Party (BNP),ds=77398; tbs=77398,1.00,name+party match (sim=1.00) [vote-boosted]
Shariatpur 1,1,Saeed Ahmed,dt,Bangladesh Nationalist Party (BNP),dt=77398,Saeed Ahmed,"bss,ds,tbs",Bangladesh Nationalist Party (BNP),bss=77398; ds=77398; tbs=77398,1.00,name+party match (sim=1.00) [vote-boosted]
Shariatpur 1,1,Jalaluddin Ahmed,ds,Khelafat Majlis,ds=62717,Jalaluddin Ahmad,tbs,Khelafat Majlis,tbs=62717,1.00,name+party match (sim=1.00) [vote-boosted]
Shariatpur 1,1,Jalaluddin Ahmad,bss,Khelafat Majlis,bss=62717,Jalaluddin Ahmad,"ds,tbs",Khelafat Majlis,ds=62717; tbs=62717,1.00,name+party match (sim=1.00) [vote-boosted]
Shariatpur 1,1,Jalaluddin Ahmed,dt,Khelafat Majlis,dt=62717,Jalaluddin Ahmad,"bss,ds,tbs",Khelafat Majlis,bss=62717; ds=62717; tbs=62717,1.00,name+party match (sim=1.00) [vote-boosted]
Shariatpur 1,1,Syed Nazrul Islam,ds,Independent Candidate (Independent),ds=0,Syed Nazrul Islam,tbs,Independent Candidate (Independent),tbs=14644,1.00,name+party match (sim=1.00)
Shariatpur 1,1,Syed Nazrul Islam,dt,Independent Candidate (Independent),dt=14644,Syed Nazrul Islam,"ds,tbs",Independent Candidate (Independent),ds=0; tbs=14644,1.00,name+party match (sim=1.00) [vote-boosted]
Shariatpur 1,1,Md. Gulam Mustafa,ds,Independent Candidate (Independent),ds=0,Md. Golam Mostafa,tbs,Independent Candidate (Independent),tbs=359,1.00,name+party match (sim=1.00)
Shariatpur 1,1,Mohammad Golam Mostafa,dt,Independent Candidate (Independent),dt=359,Md. Golam Mostafa,"ds,tbs",Independent Candidate (Independent),ds=0; tbs=359,1.00,name+party match (sim=1.00) [vote-boosted]
Shariatpur 2,1,Md. Shafiqur Rahman,ds,Bangladesh Nationalist Party (BNP),ds=129814,Md. Safiqur Rahman Kiran,tbs,Bangladesh Nationalist Party (BNP),tbs=129814,0.84,name+party match (sim=0.84) [vote-boosted]
Shariatpur 2,1,Md. Safiqur Rahman (Kiran),bss,Bangladesh Nationalist Party (BNP),bss=129814,Md. Safiqur Rahman Kiran,"ds,tbs",Bangladesh Nationalist Party (BNP),ds=129814; tbs=129814,0.87,name+party match (sim=0.87) [vote-boosted]
Shariatpur 2,1,Md. Shafiqul Rahman (Kiron),dt,Bangladesh Nationalist Party (BNP),dt=129814,Md. Safiqur Rahman (Kiran),"bss,ds,tbs",Bangladesh Nationalist Party (BNP),bss=129814; ds=129814; tbs=129814,0.92,name+party match (sim=0.92) [vote-boosted]
Shariatpur 2,1,Akhtaruzzaman Samrat,ds,Gono Odhikar Parishad (GOP),ds=0,Akhtaruzzaman Samrat,tbs,Gono Odhikar Parishad (GOP),tbs=283,1.00,name+party match (sim=1.00)
Shariatpur 2,1,Akhtaruzzaman Samrat,dt,Gono Odhikar Parishad (GOP),dt=283,Akhtaruzzaman Samrat,"ds,tbs",Gono Odhikar Parishad (GOP),ds=0; tbs=283,1.00,name+party match (sim=1.00) [vote-boosted]
Shariatpur 2,1,Jasim Uddin,ds,Jatiya Party (JaPa),ds=0,Jasim Uddin,tbs,Jatiya Party (JaPa),tbs=2547,1.00,name+party match (sim=1.00)
Shariatpur 2,1,Jasim Uddin,dt,Jatiya Party (JaPa),dt=2547,Jasim Uddin,"ds,tbs",Jatiya Party (JaPa),ds=0; tbs=2547,1.00,name+party match (sim=1.00) [vote-boosted]
Shariatpur 2,1,Md. Nasir,ds,Independent Candidate (Independent),ds=0,Md. Nasir,tbs,Independent Candidate (Independent),tbs=206,1.00,name+party match (sim=1.00)
Shariatpur 2,1,Md. Nasir,dt,Independent Candidate (Independent),dt=0,Md. Nasir,"ds,tbs",Independent Candidate (Independent),ds=0; tbs=206,1.00,name+party match (sim=1.00)
Shariatpur 2,1,Mahmudul Hasan,ds,Bangladesh Khelafat Andolon (BKA),ds=0,Mahmudul Hasan,tbs,Bangladesh Khelafat Andolon (BKA),tbs=313,1.00,name+party match (sim=1.00)
Shariatpur 2,1,Mahmudul Hasan,dt,Bangladesh Khelafat Andolon (BKA),dt=313,Mahmudul Hasan,"ds,tbs",Bangladesh Khelafat Andolon (BKA),ds=0; tbs=313,1.00,name+party match (sim=1.00) [vote-boosted]
Shariatpur 2,1,Mahmud Hossain,ds,Bangladesh Jamaat-e-Islami (Jamaat),ds=70892,Mahmud Hossain,tbs,Bangladesh Jamaat-e-Islami (Jamaat),tbs=70892,1.00,name+party match (sim=1.00) [vote-boosted]
Shariatpur 2,1,Mahmud Hossain,bss,Bangladesh Jamaat-e-Islami (Jamaat),bss=70892,Mahmud Hossain,"ds,tbs",Bangladesh Jamaat-e-Islami (Jamaat),ds=70892; tbs=70892,1.00,name+party match (sim=1.00) [vote-boosted]
Shariatpur 2,1,Mahmud Hossain,dt,Bangladesh Jamaat-e-Islami (Jamaat),dt=70892,Mahmud Hossain,"bss,ds,tbs",Bangladesh Jamaat-e-Islami (Jamaat),bss=70892; ds=70892; tbs=70892,1.00,name+party match (sim=1.00) [vote-boosted]
Shariatpur 2,1,Md. Alamgir Hossain,ds,Independent Candidate (Independent),ds=0,Md. Alamgir Hossain,tbs,Independent Candidate (Independent),tbs=246,1.00,name+party match (sim=1.00)
Shariatpur 2,1,Md. Alamgir Hossain,dt,Independent Candidate (Independent),dt=246,Md. Alamgir Hossain,"ds,tbs",Independent Candidate (Independent),ds=0; tbs=246,1.00,name+party match (sim=1.00) [vote-boosted]
Shariatpur 2,1,Pervez Mosharraf,ds,Janotar Dol,ds=0,Parvez Musharraf,tbs,Janotar Dol,tbs=442,1.00,name+party match (sim=1.00)
Shariatpur 2,1,Parvez Mosharraf,dt,Janotar Dol,dt=442,Parvez Musharraf,"ds,tbs",Janotar Dol,ds=0; tbs=442,1.00,name+party match (sim=1.00) [vote-boosted]
Shariatpur 2,1,Imran Hossain,ds,Islami Andolan Bangladesh (IAB),ds=0,Imran Hossain,tbs,Islami Andolan Bangladesh (IAB),tbs=6505,1.00,name+party match (sim=1.00)
Shariatpur 2,1,Imran Hossain,dt,Islami Andolan Bangladesh (IAB),dt=6505,Imran Hossain,"ds,tbs",Islami Andolan Bangladesh (IAB),ds=0; tbs=6505,1.00,name+party match (sim=1.00) [vote-boosted]
Shariatpur 3,1,Hanif Mia,ds,Islami Andolan Bangladesh (IAB),ds=0,Hanif Mia,tbs,Islami Andolan Bangladesh (IAB),tbs=9814,1.00,name+party match (sim=1.00)
Shariatpur 3,1,Hanif Mia,dt,Islami Andolan Bangladesh (IAB),dt=9814,Hanif Mia,"ds,tbs",Islami Andolan Bangladesh (IAB),ds=0; tbs=9814,1.00,name+party match (sim=1.00) [vote-boosted]
Shariatpur 3,1,Md. Abdul Hannan,ds,Jatiya Party (JaPa),ds=0,Abdul Hannan,tbs,Jatiya Party (JaPa),tbs=2064,1.00,name+party match (sim=1.00)
Shariatpur 3,1,Md. Abdul Hannan,dt,Jatiya Party (JaPa),dt=2064,Md. Abdul Hannan,"ds,tbs",Jatiya Party (JaPa),ds=0; tbs=2064,1.00,name+party match (sim=1.00) [vote-boosted]
Shariatpur 3,1,Mia Nuruddin Ahmed Apu,ds,Bangladesh Nationalist Party (BNP),ds=107516,Mia Nuruddin Ahmed Apu,tbs,Bangladesh Nationalist Party (BNP),tbs=107516,1.00,name+party match (sim=1.00) [vote-boosted]
Shariatpur 3,1,Mia Nuruddin Ahmed Apu,bss,Bangladesh Nationalist Party (BNP),bss=107516,Mia Nuruddin Ahmed Apu,"ds,tbs",Bangladesh Nationalist Party (BNP),ds=107516; tbs=107516,1.00,name+party match (sim=1.00) [vote-boosted]
Shariatpur 3,1,Mia Nuruddin Ahmed Apu,dt,Bangladesh Nationalist Party (BNP),dt=75423,Mia Nuruddin Ahmed Apu,"bss,ds,tbs",Bangladesh Nationalist Party (BNP),bss=107516; ds=107516; tbs=107516,1.00,name+party match (sim=1.00)
Shariatpur 3,1,Md. Azaharul Islam,ds,Bangladesh Jamaat-e-Islami (Jamaat),ds=69684,Md. Azharul Islam,tbs,Bangladesh Jamaat-e-Islami (Jamaat),tbs=69684,1.00,name+party match (sim=1.00) [vote-boosted]
Shariatpur 3,1,Muhammad Azharul Islam,bss,Bangladesh Jamaat-e-Islami (Jamaat),bss=69684,Md. Azaharul Islam,"ds,tbs",Bangladesh Jamaat-e-Islami (Jamaat),ds=69684; tbs=69684,1.00,name+party match (sim=1.00) [vote-boosted]
Shariatpur 3,1,Muhammad Azharul Islam,dt,Bangladesh Jamaat-e-Islami (Jamaat),dt=48213,Muhammad Azharul Islam,"bss,ds,tbs",Bangladesh Jamaat-e-Islami (Jamaat),bss=69684; ds=69684; tbs=69684,1.00,name+party match (sim=1.00)
Sherpur 1,1,Md. Rashidul Islam Rashed,ds,Bangladesh Jamaat-e-Islami (Jamaat),ds=127811,Md. Rashedul Islam Rashed,tbs,Bangladesh Jamaat-e-Islami (Jamaat),tbs=127811,1.00,name+party match (sim=1.00) [vote-boosted]
Sherpur 1,1,Md. Rashedul Islam Rashed,bss,Bangladesh Jamaat-e-Islami (Jamaat),bss=127811,Md. Rashedul Islam Rashed,"ds,tbs",Bangladesh Jamaat-e-Islami (Jamaat),ds=127811; tbs=127811,1.00,name+party match (sim=1.00) [vote-boosted]
Sherpur 1,1,Md. Rashedul Islam Rashed,dt,Bangladesh Jamaat-e-Islami (Jamaat),dt=127811,Md. Rashedul Islam Rashed,"bss,ds,tbs",Bangladesh Jamaat-e-Islami (Jamaat),bss=127811; ds=127811; tbs=127811,1.00,name+party match (sim=1.00) [vote-boosted]
Sherpur 1,1,Sansila Zebrin,ds,Bangladesh Nationalist Party (BNP),ds=78342,Sansila Zebrin,tbs,Bangladesh Nationalist Party (BNP),tbs=78342,1.00,name+party match (sim=1.00) [vote-boosted]
Sherpur 1,1,Sansila Zebrin,bss,Bangladesh Nationalist Party (BNP),bss=78342,Sansila Zebrin,"ds,tbs",Bangladesh Nationalist Party (BNP),ds=78342; tbs=78342,1.00,name+party match (sim=1.00) [vote-boosted]
Sherpur 1,1,Sansila Zebrin,dt,Bangladesh Nationalist Party (BNP),dt=78342,Sansila Zebrin,"bss,ds,tbs",Bangladesh Nationalist Party (BNP),bss=78342; ds=78342; tbs=78342,1.00,name+party match (sim=1.00) [vote-boosted]
Sherpur 1,1,Md. Ilias Uddin,dt,Independent Candidate (Independent),dt=205,Md. Elias Uddin,ds,Independent Candidate (Independent),ds=205,1.00,name+party match (sim=1.00) [vote-boosted]
Sherpur 1,1,Md. Likhon Mia,dt,National Citizen Party (NCP),dt=456,Md. Likhon Mia,ds,National Citizen Party (NCP),ds=456,1.00,name+party match (sim=1.00) [vote-boosted]
Sherpur 1,1,Md. Mahmudul Haque Moni,dt,Jatiya Party (JaPa),dt=751,Md. Mahmudul Haque Moni,ds,Jatiya Party (JaPa),ds=751,1.00,name+party match (sim=1.00) [vote-boosted]
Sherpur 1,1,Md. Shafiqul Islam Masud,dt,Independent Candidate (Independent),dt=62415,Md. Shafiqul Islam Masud,ds,Independent Candidate (Independent),ds=62415,1.00,name+party match (sim=1.00) [vote-boosted]
Sherpur 2,1,Md. Fahim Chowdhury,ds,Bangladesh Nationalist Party (BNP),ds=118472,Md. Fahim Chowdhury,tbs,Bangladesh Nationalist Party (BNP),tbs=118472,1.00,name+party match (sim=1.00) [vote-boosted]
Sherpur 2,1,Mohammad Fahim Chowdhury,bss,Bangladesh Nationalist Party (BNP),bss=118472,Md. Fahim Chowdhury,"ds,tbs",Bangladesh Nationalist Party (BNP),ds=118472; tbs=118472,1.00,name+party match (sim=1.00) [vote-boosted]
Sherpur 2,1,Mohammad Fahim Chowdhury,dt,Bangladesh Nationalist Party (BNP),dt=108335,Mohammad Fahim Chowdhury,"bss,ds,tbs",Bangladesh Nationalist Party (BNP),bss=118472; ds=118472; tbs=118472,1.00,name+party match (sim=1.00)
Sherpur 2,1,Md. Abdullah Al Kayes,ds,Islami Andolan Bangladesh (IAB),ds=4877,Md. Abdullah Al Kayes,tbs,Islami Andolan Bangladesh (IAB),tbs=4877,1.00,name+party match (sim=1.00) [vote-boosted]
Sherpur 2,1,Md. Abdullah Al Qayes,dt,Islami Andolan Bangladesh (IAB),dt=4877,Md. Abdullah Al Kayes,"ds,tbs",Islami Andolan Bangladesh (IAB),ds=4877; tbs=4877,0.95,name+party match (sim=0.95) [vote-boosted]
Sherpur 2,1,Md. Golam Kibria,ds,Bangladesh Jamaat-e-Islami (Jamaat),ds=108335,Md. Golam Kibria,tbs,Bangladesh Jamaat-e-Islami (Jamaat),tbs=108335,1.00,name+party match (sim=1.00) [vote-boosted]
Sherpur 2,1,Md Golam Kibria,bss,Bangladesh Jamaat-e-Islami (Jamaat),bss=108335,Md. Golam Kibria,"ds,tbs",Bangladesh Jamaat-e-Islami (Jamaat),ds=108335; tbs=108335,1.00,name+party match (sim=1.00) [vote-boosted]
Sherpur 2,1,Md. Golam Kibria,dt,Bangladesh Jamaat-e-Islami (Jamaat),dt=118472,Md. Golam Kibria,"bss,ds,tbs",Bangladesh Jamaat-e-Islami (Jamaat),bss=108335; ds=108335; tbs=108335,1.00,name+party match (sim=1.00)
Sherpur 2,1,Md. Abdullah,dt,Amar Bangladesh Party (AB),dt=1038,Md. Abdullah,tbs,Amar Bangladesh Party (AB),tbs=1038,1.00,name+party match (sim=1.00) [vote-boosted]
Sherpur 3,1,Abu Taleb Md. Saifuddin,dt,Islami Andolan Bangladesh (IAB),dt=0,Abu Taleb Md. Saifuddin,ds,Islami Andolan Bangladesh (IAB),ds=0,1.00,name+party match (sim=1.00)
Sherpur 3,1,Md. Aminul Islam,dt,Independent Candidate (Independent),dt=0,Md. Aminul Islam,ds,Independent Candidate (Independent),ds=0,1.00,name+party match (sim=1.00)
Sherpur 3,1,Md. Mahmudul Haque Rubel,bss,Bangladesh Nationalist Party (BNP),bss=0,Md. Mahmudul Haque Rubel,ds,Bangladesh Nationalist Party (BNP),ds=0,1.00,name+party match (sim=1.00)
Sherpur 3,1,Md. Mahmudul Haque Rubel,dt,Bangladesh Nationalist Party (BNP),dt=0,Md. Mahmudul Haque Rubel,"bss,ds",Bangladesh Nationalist Party (BNP),bss=0; ds=0,1.00,name+party match (sim=1.00)
Sherpur 3,1,Mohammad Nuruzzaman,bss,Bangladesh Jamaat-e-Islami (Jamaat),bss=0,Md. Nuruzzaman,ds,Bangladesh Jamaat-e-Islami (Jamaat),ds=0,1.00,name+party match (sim=1.00)
Sherpur 3,1,Mohammad Nuruzzaman,dt,Bangladesh Jamaat-e-Islami (Jamaat),dt=0,Mohammad Nuruzzaman,"bss,ds",Bangladesh Jamaat-e-Islami (Jamaat),bss=0; ds=0,1.00,name+party match (sim=1.00)
Sirajganj 1,1,Md. Selim Reza,ds,Bangladesh Nationalist Party (BNP),ds=116613,Md. Selim Reza,tbs,Bangladesh Nationalist Party (BNP),tbs=115132,1.00,name+party match (sim=1.00)
Sirajganj 1,1,Md. Salim Reza,bss,Bangladesh Nationalist Party (BNP),bss=116613,Md. Selim Reza,"ds,tbs",Bangladesh Nationalist Party (BNP),ds=116613; tbs=115132,1.00,name+party match (sim=1.00) [vote-boosted]
Sirajganj 1,1,Md. Selim Reza,dt,Bangladesh Nationalist Party (BNP),dt=116613,Md. Selim Reza,"bss,ds,tbs",Bangladesh Nationalist Party (BNP),bss=116613; ds=116613; tbs=115132,1.00,name+party match (sim=1.00) [vote-boosted]
Sirajganj 1,1,Md. Nazmus Shakib,ds,Nagorik Oikya (NO),ds=0,Md. Nazmus Sakib,tbs,Nagorik Oikya (NO),tbs=321,0.97,name+party match (sim=0.97)
Sirajganj 1,1,Md. Nazmus Sakib,dt,Nagorik Oikya (NO),dt=321,Md. Nazmus Shakib,"ds,tbs",Nagorik Oikya (NO),ds=0; tbs=321,0.97,name+party match (sim=0.97) [vote-boosted]
Sirajganj 1,1,Md. Zahurul Islam,ds,Jatiya Party (JaPa),ds=0,Md. Zahurul Islam,tbs,Jatiya Party (JaPa),tbs=2234,1.00,name+party match (sim=1.00)
Sirajganj 1,1,Md. Jahurul Islam,dt,Jatiya Party (JaPa),dt=2234,Md. Zahurul Islam,"ds,tbs",Jatiya Party (JaPa),ds=0; tbs=2234,0.94,name+party match (sim=0.94) [vote-boosted]
Sirajganj 1,1,Md. Shahinur Alam,ds,Bangladesh Jamaat-e-Islami (Jamaat),ds=108815,Md. Shahinur Alam,tbs,Bangladesh Jamaat-e-Islami (Jamaat),tbs=106732,1.00,name+party match (sim=1.00)
Sirajganj 1,1,Md. Shahinur Alam,bss,Bangladesh Jamaat-e-Islami (Jamaat),bss=108815,Md. Shahinur Alam,"ds,tbs",Bangladesh Jamaat-e-Islami (Jamaat),ds=108815; tbs=106732,1.00,name+party match (sim=1.00) [vote-boosted]
Sirajganj 1,1,Md. Shahinur Alam,dt,Bangladesh Jamaat-e-Islami (Jamaat),dt=108815,Md. Shahinur Alam,"bss,ds,tbs",Bangladesh Jamaat-e-Islami (Jamaat),bss=108815; ds=108815; tbs=106732,1.00,name+party match (sim=1.00) [vote-boosted]
Sirajganj 1,1,Md. Abdus Sabur,ds,Independent Candidate (Independent),ds=0,Md. Abdus Sabur,tbs,Independent Candidate (Independent),tbs=263,1.00,name+party match (sim=1.00)
Sirajganj 1,1,Md. Abdus Sabur,dt,Independent Candidate (Independent),dt=263,Md. Abdus Sabur,"ds,tbs",Independent Candidate (Independent),ds=0; tbs=263,1.00,name+party match (sim=1.00) [vote-boosted]
Sirajganj 1,1,Mst. Mallika Khatun,ds,Gono Odhikar Parishad (GOP),ds=0,Mst. Mallika Khatun,tbs,Gono Odhikar Parishad (GOP),tbs=1170,1.00,name+party match (sim=1.00)
Sirajganj 1,1,Mosammat Mallika Khatun,dt,Gono Odhikar Parishad (GOP),dt=1170,Mst. Mallika Khatun,"ds,tbs",Gono Odhikar Parishad (GOP),ds=0; tbs=1170,1.00,name+party match (sim=1.00) [vote-boosted]
Sirajganj 2,1,Iqbal Hassan Mahmud,ds,Bangladesh Nationalist Party (BNP),ds=177578,Iqbal Hasan Mahmud,tbs,Bangladesh Nationalist Party (BNP),tbs=177578,0.97,name+party match (sim=0.97) [vote-boosted]
Sirajganj 2,1,Iqbal Hasan Mahmud,bss,Bangladesh Nationalist Party (BNP),bss=176638,Iqbal Hassan Mahmud,"ds,tbs",Bangladesh Nationalist Party (BNP),ds=177578; tbs=177578,0.97,name+party match (sim=0.97)
Sirajganj 2,1,Iqbal Hasan Mahmud,dt,Bangladesh Nationalist Party (BNP),dt=177578,Iqbal Hassan Mahmud,"bss,ds,tbs",Bangladesh Nationalist Party (BNP),bss=176638; ds=177578; tbs=177578,0.97,name+party match (sim=0.97) [vote-boosted]
Sirajganj 2,1,S. M. Abdullah Al Mamun,ds,Bangladesh Samajtantrik Dal (Basad),ds=0,S. M. Abdullah Al Mamun,tbs,Bangladesh Samajtantrik Dal (Basad),tbs=864,1.00,name+party match (sim=1.00)
Sirajganj 2,1,S. M. Abdullah Al Mamun,dt,Bangladesh Samajtantrik Dal (Basad),dt=864,S. M. Abdullah Al Mamun,"ds,tbs",Bangladesh Samajtantrik Dal (Basad),ds=0; tbs=864,1.00,name+party match (sim=1.00) [vote-boosted]
Sirajganj 2,1,Md. Sohel Rana,ds,Janotar Dol,ds=0,Md. Sohel Rana,tbs,Janotar Dol,tbs=181,1.00,name+party match (sim=1.00)
Sirajganj 2,1,Md. Sohel Rana,dt,Janotar Dol,dt=181,Md. Sohel Rana,"ds,tbs",Janotar Dol,ds=0; tbs=181,1.00,name+party match (sim=1.00) [vote-boosted]
Sirajganj 2,1,Md. Mahfuzur Rahman,ds,Gono Odhikar Parishad (GOP),ds=0,Md. Mahfuzur Rahman,tbs,Gono Odhikar Parishad (GOP),tbs=410,1.00,name+party match (sim=1.00)
Sirajganj 2,1,Mohammad Mahfuzur Rahman,dt,Gono Odhikar Parishad (GOP),dt=410,Md. Mahfuzur Rahman,"ds,tbs",Gono Odhikar Parishad (GOP),ds=0; tbs=410,1.00,name+party match (sim=1.00) [vote-boosted]
Sirajganj 2,1,Md. Zahidul Islam,ds,Bangladesh Jamaat-e-Islami (Jamaat),ds=138797,Md. Jahidul Islam,tbs,Bangladesh Jamaat-e-Islami (Jamaat),tbs=138797,0.94,name+party match (sim=0.94) [vote-boosted]
Sirajganj 2,1,Muhammad Zahidul Islam,bss,Bangladesh Jamaat-e-Islami (Jamaat),bss=136595,Md. Jahidul Islam,"ds,tbs",Bangladesh Jamaat-e-Islami (Jamaat),ds=138797; tbs=138797,0.94,name+party match (sim=0.94)
Sirajganj 2,1,Muhammad Zahidul Islam,dt,Bangladesh Jamaat-e-Islami (Jamaat),dt=138797,Muhammad Zahidul Islam,"bss,ds,tbs",Bangladesh Jamaat-e-Islami (Jamaat),bss=136595; ds=138797; tbs=138797,1.00,name+party match (sim=1.00) [vote-boosted]
Sirajganj 2,1,Md. Mohibullah,ds,Islami Andolan Bangladesh (IAB),ds=0,Md. Mohibullah,tbs,Islami Andolan Bangladesh (IAB),tbs=2167,1.00,name+party match (sim=1.00)
Sirajganj 2,1,Md. Mohibullah,dt,Islami Andolan Bangladesh (IAB),dt=2167,Md. Mohibullah,"ds,tbs",Islami Andolan Bangladesh (IAB),ds=0; tbs=2167,1.00,name+party match (sim=1.00) [vote-boosted]
Sirajganj 2,1,Md. Anwar Hossain,ds,Communist Party of Bangladesh (CPB),ds=0,Md. Anwar Hossain,tbs,Communist Party of Bangladesh (CPB),tbs=769,1.00,name+party match (sim=1.00)
Sirajganj 2,1,Md. Anwar Hossain,dt,Communist Party of Bangladesh (CPB),dt=769,Md. Anwar Hossain,"ds,tbs",Communist Party of Bangladesh (CPB),ds=0; tbs=769,1.00,name+party match (sim=1.00) [vote-boosted]
Sirajganj 3,1,Md. Fazlul Haque,ds,Jatiya Party (JaPa),ds=1658,Md. Fazlul Haque,tbs,Jatiya Party (JaPa),tbs=1658,1.00,name+party match (sim=1.00) [vote-boosted]
Sirajganj 3,1,Md. Fazlul Haque,dt,Jatiya Party (JaPa),dt=1658,Md. Fazlul Haque,"ds,tbs",Jatiya Party (JaPa),ds=1658; tbs=1658,1.00,name+party match (sim=1.00) [vote-boosted]
Sirajganj 3,1,Md. Aynul Haque,ds,Bangladesh Nationalist Party (BNP),ds=174430,Md. Aynul Haque,tbs,Bangladesh Nationalist Party (BNP),tbs=174430,1.00,name+party match (sim=1.00) [vote-boosted]
Sirajganj 3,1,Md. Aynul Haque,bss,Bangladesh Nationalist Party (BNP),bss=174430,Md. Aynul Haque,"ds,tbs",Bangladesh Nationalist Party (BNP),ds=174430; tbs=174430,1.00,name+party match (sim=1.00) [vote-boosted]
Sirajganj 3,1,Md. Ainul Haque,dt,Bangladesh Nationalist Party (BNP),dt=174430,Md. Aynul Haque,"bss,ds,tbs",Bangladesh Nationalist Party (BNP),bss=174430; ds=174430; tbs=174430,0.93,name+party match (sim=0.93) [vote-boosted]
Sirajganj 3,1,Md. Abdur Rauf Sarkar,ds,Khelafat Majlis,ds=116802,Muha. Abdur Rouf Sarkar,tbs,Khelafat Majlis,tbs=116802,0.91,name+party match (sim=0.91) [vote-boosted]
Sirajganj 3,1,Muha: Abdur Rauf Sarkar,bss,Khelafat Majlis,bss=116802,Muha. Abdur Rouf Sarkar,"ds,tbs",Khelafat Majlis,ds=116802; tbs=116802,0.96,name+party match (sim=0.96) [vote-boosted]
Sirajganj 3,1,Md. Abdur Rauf Sarkar,dt,Khelafat Majlis,dt=116802,Muha. Abdur Rouf Sarkar,"bss,ds,tbs",Khelafat Majlis,bss=116802; ds=116802; tbs=116802,0.91,name+party match (sim=0.91) [vote-boosted]
Sirajganj 3,1,Md. Elias Reza Robin,ds,Independent Candidate (Independent),ds=1006,Md. Elias Reza Robin,tbs,Independent Candidate (Independent),tbs=1006,1.00,name+party match (sim=1.00) [vote-boosted]
Sirajganj 3,1,Md. Ilias Reza Robin,dt,Independent Candidate (Independent),dt=1006,Md. Elias Reza Robin,"ds,tbs",Independent Candidate (Independent),ds=1006; tbs=1006,1.00,name+party match (sim=1.00) [vote-boosted]
Sirajganj 4,1,Md. Rafiqul Islam Khan,ds,Bangladesh Jamaat-e-Islami (Jamaat),ds=161872,Md. Rafiqul Islam Khan,tbs,Bangladesh Jamaat-e-Islami (Jamaat),tbs=161872,1.00,name+party match (sim=1.00) [vote-boosted]
Sirajganj 4,1,Md. Rafiqul Islam Khan,bss,Bangladesh Jamaat-e-Islami (Jamaat),bss=161872,Md. Rafiqul Islam Khan,"ds,tbs",Bangladesh Jamaat-e-Islami (Jamaat),ds=161872; tbs=161872,1.00,name+party match (sim=1.00) [vote-boosted]
Sirajganj 4,1,Md. Rafiqul Islam Khan,dt,Bangladesh Jamaat-e-Islami (Jamaat),dt=161872,Md. Rafiqul Islam Khan,"bss,ds,tbs",Bangladesh Jamaat-e-Islami (Jamaat),bss=161872; ds=161872; tbs=161872,1.00,name+party match (sim=1.00) [vote-boosted]
Sirajganj 4,1,M. Akbar Ali,ds,Bangladesh Nationalist Party (BNP),ds=161278,M. Akbar Ali,tbs,Bangladesh Nationalist Party (BNP),tbs=161278,1.00,name+party match (sim=1.00) [vote-boosted]
Sirajganj 4,1,"M, Akbar Ali",bss,Bangladesh Nationalist Party (BNP),bss=161278,M. Akbar Ali,"ds,tbs",Bangladesh Nationalist Party (BNP),ds=161278; tbs=161278,1.00,name+party match (sim=1.00) [vote-boosted]
Sirajganj 4,1,M. Akbar Ali,dt,Bangladesh Nationalist Party (BNP),dt=161278,M. Akbar Ali,"bss,ds,tbs",Bangladesh Nationalist Party (BNP),bss=161278; ds=161278; tbs=161278,1.00,name+party match (sim=1.00) [vote-boosted]
Sirajganj 4,1,Abdur Rahman,dt,Islami Andolan Bangladesh (IAB),dt=2216,Abdur Rahman,ds,Islami Andolan Bangladesh (IAB),ds=2216,1.00,name+party match (sim=1.00) [vote-boosted]
Sirajganj 4,1,Md. Abdul Hakim,dt,Communist Party of Bangladesh (CPB),dt=695,Md. Abdul Hakim,ds,Communist Party of Bangladesh (CPB),ds=695,1.00,name+party match (sim=1.00) [vote-boosted]
Sirajganj 4,1,Md. Hilton Pramanik,dt,Jatiya Party (JaPa),dt=1213,Md. Hilton Pramanik,ds,Jatiya Party (JaPa),ds=1213,1.00,name+party match (sim=1.00) [vote-boosted]
Sirajganj 5,1,Md. Matiar Rahman,ds,Communist Party of Bangladesh (CPB),ds=0,Md. Motiar Rahman,tbs,Communist Party of Bangladesh (CPB),tbs=328,1.00,name+party match (sim=1.00)
Sirajganj 5,1,Md. Matiar Rahman,dt,Communist Party of Bangladesh (CPB),dt=0,Md. Motiar Rahman,"ds,tbs",Communist Party of Bangladesh (CPB),ds=0; tbs=328,1.00,name+party match (sim=1.00)
Sirajganj 5,1,Md. Akbar Hossain,ds,Jatiya Party (JaPa),ds=0,Md. Akbar Hossain,tbs,Jatiya Party (JaPa),tbs=1224,1.00,name+party match (sim=1.00)
Sirajganj 5,1,Md. Akbar Hossain,dt,Jatiya Party (JaPa),dt=0,Md. Akbar Hossain,"ds,tbs",Jatiya Party (JaPa),ds=0; tbs=1224,1.00,name+party match (sim=1.00)
Sirajganj 5,1,Md. Amirul Islam Khan,ds,Bangladesh Nationalist Party (BNP),ds=134989,Md. Amirul Islam Khan,tbs,Bangladesh Nationalist Party (BNP),tbs=134989,1.00,name+party match (sim=1.00) [vote-boosted]
Sirajganj 5,1,Md. Amirul Islam Khan,bss,Bangladesh Nationalist Party (BNP),bss=134197,Md. Amirul Islam Khan,"ds,tbs",Bangladesh Nationalist Party (BNP),ds=134989; tbs=134989,1.00,name+party match (sim=1.00)
Sirajganj 5,1,Md. Amirul Islam Khan,dt,Bangladesh Nationalist Party (BNP),dt=588084,Md. Amirul Islam Khan,"bss,ds,tbs",Bangladesh Nationalist Party (BNP),bss=134197; ds=134989; tbs=134989,1.00,name+party match (sim=1.00)
Sirajganj 5,1,Nurun Nabi,ds,Islami Andolan Bangladesh (IAB),ds=0,Nurun Nabi,tbs,Islami Andolan Bangladesh (IAB),tbs=5759,1.00,name+party match (sim=1.00)
Sirajganj 5,1,Nurun Nabi,dt,Islami Andolan Bangladesh (IAB),dt=0,Nurun Nabi,"ds,tbs",Islami Andolan Bangladesh (IAB),ds=0; tbs=5759,1.00,name+party match (sim=1.00)
Sirajganj 5,1,Md. Yusuf Ali,ds,Gono Odhikar Parishad (GOP),ds=0,Md. Yusuf Ali,tbs,Gono Odhikar Parishad (GOP),tbs=235,1.00,name+party match (sim=1.00)
Sirajganj 5,1,Md. Yusuf Ali,dt,Gono Odhikar Parishad (GOP),dt=0,Md. Yusuf Ali,"ds,tbs",Gono Odhikar Parishad (GOP),ds=0; tbs=235,1.00,name+party match (sim=1.00)
Sirajganj 5,1,Md. Ali Alam,ds,Bangladesh Jamaat-e-Islami (Jamaat),ds=106805,Md. Ali Alam,tbs,Bangladesh Jamaat-e-Islami (Jamaat),tbs=106805,1.00,name+party match (sim=1.00) [vote-boosted]
Sirajganj 5,1,Md. Ali Alam,bss,Bangladesh Jamaat-e-Islami (Jamaat),bss=105188,Md. Ali Alam,"ds,tbs",Bangladesh Jamaat-e-Islami (Jamaat),ds=106805; tbs=106805,1.00,name+party match (sim=1.00)
Sirajganj 5,1,Md. Ali Alam,dt,Bangladesh Jamaat-e-Islami (Jamaat),dt=47876,Md. Ali Alam,"bss,ds,tbs",Bangladesh Jamaat-e-Islami (Jamaat),bss=105188; ds=106805; tbs=106805,1.00,name+party match (sim=1.00)
Sirajganj 6,1,M. A. Muhit,ds,Bangladesh Nationalist Party (BNP),ds=171508,M. A. Muhit,tbs,Bangladesh Nationalist Party (BNP),tbs=171508,1.00,name+party match (sim=1.00) [vote-boosted]
Sirajganj 6,1,MA Muhit,bss,Bangladesh Nationalist Party (BNP),bss=171508,M. A. Muhit,"ds,tbs",Bangladesh Nationalist Party (BNP),ds=171508; tbs=171508,1.00,name+party match (sim=1.00) [vote-boosted]
Sirajganj 6,1,M. A. Muhit,dt,Bangladesh Nationalist Party (BNP),dt=171508,M. A. Muhit,"bss,ds,tbs",Bangladesh Nationalist Party (BNP),bss=171508; ds=171508; tbs=171508,1.00,name+party match (sim=1.00) [vote-boosted]
Sirajganj 6,1,S. M. Saif Mostafiz,ds,National Citizen Party (NCP),ds=103884,S. M. Saif Mostafiz,tbs,National Citizen Party (NCP),tbs=103884,1.00,name+party match (sim=1.00) [vote-boosted]
Sirajganj 6,1,SM Saif Mostafiz,bss,National Citizen Party (NCP),bss=103884,S. M. Saif Mostafiz,"ds,tbs",National Citizen Party (NCP),ds=103884; tbs=103884,1.00,name+party match (sim=1.00) [vote-boosted]
Sirajganj 6,1,S. M. Saif Mostafiz,dt,National Citizen Party (NCP),dt=103884,S. M. Saif Mostafiz,"bss,ds,tbs",National Citizen Party (NCP),bss=103884; ds=103884; tbs=103884,1.00,name+party match (sim=1.00) [vote-boosted]
Sirajganj 6,1,Abu Jafar Md. Anwarus Sadat,dt,Amar Bangladesh Party (AB),dt=271,Abu Jafar Md. Anwarus Sadat,ds,Amar Bangladesh Party (AB),ds=0,1.00,name+party match (sim=1.00)
Sirajganj 6,1,Ilora Khatun,dt,Jatiya Samajtantrik Dal (JSD),dt=890,Elora Khatun,ds,Jatiya Samajtantrik Dal (JSD),ds=0,1.00,name+party match (sim=1.00)
Sirajganj 6,1,Md. Anwar Hossain,dt,Bangladesh Samajtantrik Dal (Basad),dt=400,Md. Anwar Hossain,ds,Bangladesh Samajtantrik Dal (Basad),ds=0,1.00,name+party match (sim=1.00)
Sirajganj 6,1,Md. Asadul Haque,dt,Amjanatar Dol,dt=653,Md. Asadul Haque,ds,Amjanatar Dol,ds=0,1.00,name+party match (sim=1.00)
Sirajganj 6,1,Md. Humayun Kabir,dt,Independent Candidate (Independent),dt=441,Md. Humayun Kabir,ds,Independent Candidate (Independent),ds=0,1.00,name+party match (sim=1.00)
Sirajganj 6,1,Md. Moktar Hossain,dt,Jatiya Party (JaPa),dt=1098,Md. Moktar Hossain,ds,Jatiya Party (JaPa),ds=0,1.00,name+party match (sim=1.00)
Sirajganj 6,1,Md. Mosharraf Hossain Shahidul,dt,Bangladesh Islami Front (BIF),dt=1133,Md. Mosharraf Hossain Shahidul,ds,Bangladesh Islami Front (BIF),ds=0,1.00,name+party match (sim=1.00)
Sirajganj 6,1,Md. Wasek Iqbal Khan Majlish,dt,Independent Candidate (Independent),dt=252,Md. Waseeq Iqbal Khan Majlis,ds,Independent Candidate (Independent),ds=0,0.93,name+party match (sim=0.93)
Sirajganj 6,1,Misbah Uddin,dt,Islami Andolan Bangladesh (IAB),dt=2280,Misbah Uddin,ds,Islami Andolan Bangladesh (IAB),ds=0,1.00,name+party match (sim=1.00)
Sunamganj 1,1,Kamruzzaman Kamrul,ds,Bangladesh Nationalist Party (BNP),ds=161774,Kamruzzaman Kamrul,tbs,Bangladesh Nationalist Party (BNP),tbs=161774,1.00,name+party match (sim=1.00) [vote-boosted]
Sunamganj 1,1,Kamruzzaman Kamrul,bss,Bangladesh Nationalist Party (BNP),bss=161774,Kamruzzaman Kamrul,"ds,tbs",Bangladesh Nationalist Party (BNP),ds=161774; tbs=161774,1.00,name+party match (sim=1.00) [vote-boosted]
Sunamganj 1,1,Kamruzzaman Kamrul,dt,Bangladesh Nationalist Party (BNP),dt=161774,Kamruzzaman Kamrul,"bss,ds,tbs",Bangladesh Nationalist Party (BNP),bss=161774; ds=161774; tbs=161774,1.00,name+party match (sim=1.00) [vote-boosted]
Sunamganj 1,1,Tofael Ahmed,ds,Bangladesh Jamaat-e-Islami (Jamaat),ds=92966,Tofael Ahmed,tbs,Bangladesh Jamaat-e-Islami (Jamaat),tbs=92966,1.00,name+party match (sim=1.00) [vote-boosted]
Sunamganj 1,1,Tofail Ahmed,bss,Bangladesh Jamaat-e-Islami (Jamaat),bss=92966,Tofael Ahmed,"ds,tbs",Bangladesh Jamaat-e-Islami (Jamaat),ds=92966; tbs=92966,1.00,name+party match (sim=1.00) [vote-boosted]
Sunamganj 1,1,Tofayel Ahmed,dt,Bangladesh Jamaat-e-Islami (Jamaat),dt=92966,Tofael Ahmed,"bss,ds,tbs",Bangladesh Jamaat-e-Islami (Jamaat),bss=92966; ds=92966; tbs=92966,0.96,name+party match (sim=0.96) [vote-boosted]
Sunamganj 1,1,Muzzammil Haque Talukder,ds,Bangladesh Nezame Islam Party (BNIP),ds=0,Muzammil Haque Talukdar,tbs,Bangladesh Nezame Islam Party (BNIP),tbs=1184,0.96,name+party match (sim=0.96)
Sunamganj 1,1,Maulana Mujammil Haque Talukder,dt,Bangladesh Nezame Islam Party (BNIP),dt=1184,Muzzammil Haque Talukder,"ds,tbs",Bangladesh Nezame Islam Party (BNIP),ds=0; tbs=1184,0.94,name+party match (sim=0.94) [vote-boosted]
Sunamganj 2,1,Niranjan Das,ds,Communist Party of Bangladesh (CPB),ds=0,Niranjan Das,tbs,Communist Party of Bangladesh (CPB),tbs=1232,1.00,name+party match (sim=1.00)
Sunamganj 2,1,Niranjan Das,dt,Communist Party of Bangladesh (CPB),dt=1232,Niranjan Das,"ds,tbs",Communist Party of Bangladesh (CPB),ds=0; tbs=1232,1.00,name+party match (sim=1.00) [vote-boosted]
Sunamganj 2,1,Md. Nasir Chowdhury,ds,Bangladesh Nationalist Party (BNP),ds=99522,Md. Nasir Chowdhury,tbs,Bangladesh Nationalist Party (BNP),tbs=99522,1.00,name+party match (sim=1.00) [vote-boosted]
Sunamganj 2,1,Md. Nashir Chowdhury,bss,Bangladesh Nationalist Party (BNP),bss=99522,Md. Nasir Chowdhury,"ds,tbs",Bangladesh Nationalist Party (BNP),ds=99522; tbs=99522,0.97,name+party match (sim=0.97) [vote-boosted]
Sunamganj 2,1,Md. Nasir Chowdhury,dt,Bangladesh Nationalist Party (BNP),dt=99522,Md. Nashir Chowdhury,"bss,ds,tbs",Bangladesh Nationalist Party (BNP),bss=99522; ds=99522; tbs=99522,0.97,name+party match (sim=0.97) [vote-boosted]
Sunamganj 2,1,Md. Shishir Monir,ds,Bangladesh Jamaat-e-Islami (Jamaat),ds=63220,Md. Shishir Manir,tbs,Bangladesh Jamaat-e-Islami (Jamaat),tbs=63220,1.00,name+party match (sim=1.00) [vote-boosted]
Sunamganj 2,1,Mohammad Shishir Monir,bss,Bangladesh Jamaat-e-Islami (Jamaat),bss=63220,Md. Shishir Manir,"ds,tbs",Bangladesh Jamaat-e-Islami (Jamaat),ds=63220; tbs=63220,1.00,name+party match (sim=1.00) [vote-boosted]
Sunamganj 2,1,Mohammad Shishir Monir,dt,Bangladesh Jamaat-e-Islami (Jamaat),dt=63220,Mohammad Shishir Monir,"bss,ds,tbs",Bangladesh Jamaat-e-Islami (Jamaat),bss=63220; ds=63220; tbs=63220,1.00,name+party match (sim=1.00) [vote-boosted]
Sunamganj 3,1,Sheikh Mushtaq Ahmed,ds,Khelafat Majlis,ds=0,Sheikh Mushtaq Ahmed,tbs,Khelafat Majlis,tbs=237,1.00,name+party match (sim=1.00)
Sunamganj 3,1,Sheikh Mushtaq Ahmed,dt,Khelafat Majlis,dt=858,Sheikh Mushtaq Ahmed,"ds,tbs",Khelafat Majlis,ds=0; tbs=237,1.00,name+party match (sim=1.00)
Sunamganj 3,1,Md. Anwar Hossain,ds,Independent Candidate (Independent),ds=42226,Md. Anwar Hossain,tbs,Independent Candidate (Independent),tbs=42226,1.00,name+party match (sim=1.00) [vote-boosted]
Sunamganj 3,1,Hussain Ahmed,bss,Independent Candidate (Independent),bss=42226,Md. Anwar Hossain,"ds,tbs",Independent Candidate (Independent),ds=42226; tbs=42226,0.50,name+party match (sim=0.50) [vote-boosted]
Sunamganj 3,1,Md. Anwar Hossain,dt,Independent Candidate (Independent),dt=42226,Md. Anwar Hossain,"bss,ds,tbs",Independent Candidate (Independent),bss=42226; ds=42226; tbs=42226,1.00,name+party match (sim=1.00) [vote-boosted]
Sunamganj 3,1,Md. Kayshar Ahmed,ds,Bangladesh Nationalist Party (BNP),ds=97313,Md. Koyshar Ahmed,tbs,Bangladesh Nationalist Party (BNP),tbs=97313,1.00,name+party match (sim=1.00) [vote-boosted]
Sunamganj 3,1,Mohammad Kaishar Ahmed,bss,Bangladesh Nationalist Party (BNP),bss=97313,Md. Koyshar Ahmed,"ds,tbs",Bangladesh Nationalist Party (BNP),ds=97313; tbs=97313,0.95,name+party match (sim=0.95) [vote-boosted]
Sunamganj 3,1,Mohammad Qaisar Ahmed,dt,Bangladesh Nationalist Party (BNP),dt=97313,Mohammad Kaishar Ahmed,"bss,ds,tbs",Bangladesh Nationalist Party (BNP),bss=97313; ds=97313; tbs=97313,0.91,name+party match (sim=0.91) [vote-boosted]
Sunamganj 3,1,Md. Shahinur Pasha Chowdhury,ds,Khelafat Majlis,ds=0,Md. Shahinur Pasha Chowdhury,tbs,Khelafat Majlis,tbs=14203,1.00,name+party match (sim=1.00)
Sunamganj 3,1,Mohammad Shahinur Pasha Chowdhury,dt,Khelafat Majlis,dt=14203,Md. Shahinur Pasha Chowdhury,"ds,tbs",Khelafat Majlis,ds=0; tbs=14203,1.00,name+party match (sim=1.00) [vote-boosted]
Sunamganj 3,1,Hussain Ahmed,ds,Independent Candidate (Independent),ds=0,Hussain Ahmed,tbs,Independent Candidate (Independent),tbs=177,1.00,name+party match (sim=1.00)
Sunamganj 3,1,Hussain Ahmed,dt,Independent Candidate (Independent),dt=177,Hussain Ahmed,"ds,tbs",Independent Candidate (Independent),ds=0; tbs=177,1.00,name+party match (sim=1.00) [vote-boosted]
Sunamganj 3,1,Syed Talha Alam,ds,Amar Bangladesh Party (AB),ds=0,Syed Talha Alam,tbs,Amar Bangladesh Party (AB),tbs=4937,1.00,name+party match (sim=1.00)
Sunamganj 3,1,Syed Talha Alam,dt,Amar Bangladesh Party (AB),dt=4937,Syed Talha Alam,"ds,tbs",Amar Bangladesh Party (AB),ds=0; tbs=4937,1.00,name+party match (sim=1.00) [vote-boosted]
Sunamganj 3,1,Md. Mahfuzur Rahman Khaled,ds,Independent Candidate (Independent),ds=0,Md. Mahfuzur Rahman Khaled,tbs,Independent Candidate (Independent),tbs=237,1.00,name+party match (sim=1.00)
Sunamganj 3,1,Md. Mahfuzur Rahman Khaled (Tushar),dt,Independent Candidate (Independent),dt=237,Md. Mahfuzur Rahman Khaled,"ds,tbs",Independent Candidate (Independent),ds=0; tbs=237,1.00,name+party match (sim=1.00) [vote-boosted]
Sunamganj 4,1,Md. Nazmul Huda,ds,Jatiya Party (JaPa),ds=0,Md. Nazmul Huda,tbs,Jatiya Party (JaPa),tbs=1789,1.00,name+party match (sim=1.00)
Sunamganj 4,1,Md. Nazmul Huda,dt,Jatiya Party (JaPa),dt=1789,Md. Nazmul Huda,"ds,tbs",Jatiya Party (JaPa),ds=0; tbs=1789,1.00,name+party match (sim=1.00) [vote-boosted]
Sunamganj 4,1,Nurul Islam,ds,Bangladesh Nationalist Party (BNP),ds=98092,Nurul Islam,tbs,Bangladesh Nationalist Party (BNP),tbs=98092,1.00,name+party match (sim=1.00) [vote-boosted]
Sunamganj 4,1,Nurul Islam,bss,Bangladesh Nationalist Party (BNP),bss=98092,Nurul Islam,"ds,tbs",Bangladesh Nationalist Party (BNP),ds=98092; tbs=98092,1.00,name+party match (sim=1.00) [vote-boosted]
Sunamganj 4,1,Nurul Islam,dt,Bangladesh Nationalist Party (BNP),dt=98092,Nurul Islam,"bss,ds,tbs",Bangladesh Nationalist Party (BNP),bss=98092; ds=98092; tbs=98092,1.00,name+party match (sim=1.00) [vote-boosted]
Sunamganj 4,1,Dewan Zainul Zakerin,ds,Independent Candidate (Independent),ds=0,Dewan Zainul Zakerin,tbs,Independent Candidate (Independent),tbs=26307,1.00,name+party match (sim=1.00)
Sunamganj 4,1,Dewan Zainul Zakerin,dt,Independent Candidate (Independent),dt=26307,Dewan Zainul Zakerin,"ds,tbs",Independent Candidate (Independent),ds=0; tbs=26307,1.00,name+party match (sim=1.00) [vote-boosted]
Sunamganj 4,1,Md. Shams Uddin,ds,Bangladesh Jamaat-e-Islami (Jamaat),ds=75735,Md. Shams Uddin,tbs,Bangladesh Jamaat-e-Islami (Jamaat),tbs=75735,1.00,name+party match (sim=1.00) [vote-boosted]
Sunamganj 4,1,Md. Samach Uddin,bss,Bangladesh Jamaat-e-Islami (Jamaat),bss=75735,Md. Shams Uddin,"ds,tbs",Bangladesh Jamaat-e-Islami (Jamaat),ds=75735; tbs=75735,0.84,name+party match (sim=0.84) [vote-boosted]
Sunamganj 4,1,Md. Shams Uddin,dt,Bangladesh Jamaat-e-Islami (Jamaat),dt=75735,Md. Samach Uddin,"bss,ds,tbs",Bangladesh Jamaat-e-Islami (Jamaat),bss=75735; ds=75735; tbs=75735,0.84,name+party match (sim=0.84) [vote-boosted]
Sunamganj 4,1,Shahidul Islam,ds,Islami Andolan Bangladesh (IAB),ds=0,Shahidul Islam,tbs,Islami Andolan Bangladesh (IAB),tbs=1935,1.00,name+party match (sim=1.00)
Sunamganj 4,1,Shahidul Islam,dt,Islami Andolan Bangladesh (IAB),dt=1935,Shahidul Islam,"ds,tbs",Islami Andolan Bangladesh (IAB),ds=0; tbs=1935,1.00,name+party match (sim=1.00) [vote-boosted]
Sunamganj 5,1,Md. Jahangir Alam,ds,Jatiya Party (JaPa),ds=0,Md. Jahangir Alam,tbs,Jatiya Party (JaPa),tbs=1524,1.00,name+party match (sim=1.00)
Sunamganj 5,1,Mohammad Jahangir Alam,dt,Jatiya Party (JaPa),dt=1524,Md. Jahangir Alam,"ds,tbs",Jatiya Party (JaPa),ds=0; tbs=1524,1.00,name+party match (sim=1.00) [vote-boosted]
Sunamganj 5,1,Abu Tahir Md. Abdus Salam,ds,Bangladesh Jamaat-e-Islami (Jamaat),ds=102121,Abu Tahir Md. Abdus Salam,tbs,Bangladesh Jamaat-e-Islami (Jamaat),tbs=102121,1.00,name+party match (sim=1.00) [vote-boosted]
Sunamganj 5,1,Abu Tahir Muhammad Abdus Salam,bss,Bangladesh Jamaat-e-Islami (Jamaat),bss=102121,Abu Tahir Md. Abdus Salam,"ds,tbs",Bangladesh Jamaat-e-Islami (Jamaat),ds=102121; tbs=102121,1.00,name+party match (sim=1.00) [vote-boosted]
Sunamganj 5,1,Abu Tahir Muhammad Abdus Salam,dt,Bangladesh Jamaat-e-Islami (Jamaat),dt=102121,Abu Tahir Muhammad Abdus Salam,"bss,ds,tbs",Bangladesh Jamaat-e-Islami (Jamaat),bss=102121; ds=102121; tbs=102121,1.00,name+party match (sim=1.00) [vote-boosted]
Sunamganj 5,1,Kalim Uddin Ahmed,ds,Bangladesh Nationalist Party (BNP),ds=151915,Kalim Uddin Ahmed,tbs,Bangladesh Nationalist Party (BNP),tbs=151915,1.00,name+party match (sim=1.00) [vote-boosted]
Sunamganj 5,1,Kalim Uddin Ahmed,bss,Bangladesh Nationalist Party (BNP),bss=151915,Kalim Uddin Ahmed,"ds,tbs",Bangladesh Nationalist Party (BNP),ds=151915; tbs=151915,1.00,name+party match (sim=1.00) [vote-boosted]
Sunamganj 5,1,Kalim Uddin Ahmed,dt,Bangladesh Nationalist Party (BNP),dt=151915,Kalim Uddin Ahmed,"bss,ds,tbs",Bangladesh Nationalist Party (BNP),bss=151915; ds=151915; tbs=151915,1.00,name+party match (sim=1.00) [vote-boosted]
Sunamganj 5,1,Md. Azizul Haque,ds,National People's Party (NPP),ds=0,Md. Azizul Haque,tbs,National People's Party (NPP),tbs=433,1.00,name+party match (sim=1.00)
Sunamganj 5,1,Md. Azizul Haque,dt,National People's Party (NPP),dt=433,Md. Azizul Haque,"ds,tbs",National People's Party (NPP),ds=0; tbs=433,1.00,name+party match (sim=1.00) [vote-boosted]
Sunamganj 5,1,Md. Abdul Qadir,ds,Khelafat Majlis,ds=0,Md. Abdul Qadir,tbs,Khelafat Majlis,tbs=2278,1.00,name+party match (sim=1.00)
Sunamganj 5,1,Mohammad Abdul Qadir,dt,Khelafat Majlis,dt=2278,Md. Abdul Qadir,"ds,tbs",Khelafat Majlis,ds=0; tbs=2278,1.00,name+party match (sim=1.00) [vote-boosted]
Sylhet 1,1,Mahmudul Hasan,ds,Islami Andolan Bangladesh (IAB),ds=0,Mahmudul Hasan,tbs,Islami Andolan Bangladesh (IAB),tbs=2701,1.00,name+party match (sim=1.00)
Sylhet 1,1,Mahmudul Hasan,dt,Islami Andolan Bangladesh (IAB),dt=134983,Mahmudul Hasan,"ds,tbs",Islami Andolan Bangladesh (IAB),ds=0; tbs=2701,1.00,name+party match (sim=1.00)
Sylhet 1,1,Khandaker Abdul Muktadir,ds,Bangladesh Nationalist Party (BNP),ds=173932,Khandaker Abdul Muktadir,tbs,Bangladesh Nationalist Party (BNP),tbs=176936,1.00,name+party match (sim=1.00)
Sylhet 1,1,Khandaker Abdul Muktadir,bss,Bangladesh Nationalist Party (BNP),bss=173932,Khandaker Abdul Muktadir,"ds,tbs",Bangladesh Nationalist Party (BNP),ds=173932; tbs=176936,1.00,name+party match (sim=1.00) [vote-boosted]
Sylhet 1,1,Khandaker Abdul Muqtadir,dt,Bangladesh Nationalist Party (BNP),dt=176936,Khandaker Abdul Muktadir,"bss,ds,tbs",Bangladesh Nationalist Party (BNP),bss=173932; ds=173932; tbs=176936,0.96,name+party match (sim=0.96) [vote-boosted]
Sylhet 1,1,Habibur Rahman,ds,Bangladesh Jamaat-e-Islami (Jamaat),ds=134983,Habibur Rahman,tbs,Bangladesh Jamaat-e-Islami (Jamaat),tbs=134983,1.00,name+party match (sim=1.00) [vote-boosted]
Sylhet 1,1,Maulana Habibur Rahman,bss,Bangladesh Jamaat-e-Islami (Jamaat),bss=134983,Habibur Rahman,"ds,tbs",Bangladesh Jamaat-e-Islami (Jamaat),ds=134983; tbs=134983,1.00,name+party match (sim=1.00) [vote-boosted]
Sylhet 1,1,Maulana Habibur Rahman,dt,Bangladesh Jamaat-e-Islami (Jamaat),dt=474,Maulana Habibur Rahman,"bss,ds,tbs",Bangladesh Jamaat-e-Islami (Jamaat),bss=134983; ds=134983; tbs=134983,1.00,name+party match (sim=1.00)
Sylhet 1,1,Sanjay Kanti Das,ds,Socialist Party of Bangladesh (Marxist) (SPB-M),ds=0,Sanjay Kanta Das,tbs,Socialist Party of Bangladesh (Marxist) (SPB-M),tbs=801,1.00,name+party match (sim=1.00)
Sylhet 1,1,Sanjoy Kanta Das,dt,Socialist Party of Bangladesh (Marxist) (SPB-M),dt=0,Sanjay Kanta Das,"ds,tbs",Socialist Party of Bangladesh (Marxist) (SPB-M),ds=0; tbs=801,1.00,name+party match (sim=1.00)
Sylhet 1,1,Md. Anwar Hossain,ds,Communist Party of Bangladesh (CPB),ds=0,Md. Anwar Hossain,tbs,Communist Party of Bangladesh (CPB),tbs=908,1.00,name+party match (sim=1.00)
Sylhet 1,1,Mohammad Anwar Hossain,dt,Communist Party of Bangladesh (CPB),dt=0,Md. Anwar Hossain,"ds,tbs",Communist Party of Bangladesh (CPB),ds=0; tbs=908,1.00,name+party match (sim=1.00)
Sylhet 1,1,Akmal Hossain,ds,Gono Odhikar Parishad (GOP),ds=0,Akmal Hossain,tbs,Gono Odhikar Parishad (GOP),tbs=314,1.00,name+party match (sim=1.00)
Sylhet 1,1,Akmal Hossain,dt,Gono Odhikar Parishad (GOP),dt=0,Akmal Hossain,"ds,tbs",Gono Odhikar Parishad (GOP),ds=0; tbs=314,1.00,name+party match (sim=1.00)
Sylhet 1,1,Pranab Jyoti Pal,ds,Bangladesh Samajtantrik Dal (Basad),ds=0,Pranab Jyoti Pal,tbs,Bangladesh Samajtantrik Dal (Basad),tbs=1113,1.00,name+party match (sim=1.00)
Sylhet 1,1,Pronob Jyoti Pal,dt,Bangladesh Samajtantrik Dal (Basad),dt=0,Pranab Jyoti Pal,"ds,tbs",Bangladesh Samajtantrik Dal (Basad),ds=0; tbs=1113,1.00,name+party match (sim=1.00)
Sylhet 1,1,Md. Shamim Mia,dt,Insaniyat Biplob Bangladesh (IBB),dt=0,Md. Shamim Mia,ds,Insaniyat Biplob Bangladesh (IBB),ds=0,1.00,name+party match (sim=1.00)
Sylhet 2,1,Mst. Tahsina Rushdeer,ds,Bangladesh Nationalist Party (BNP),ds=117956,Tahsina Rushdir,tbs,Bangladesh Nationalist Party (BNP),tbs=116697,0.86,name+party match (sim=0.86)
Sylhet 2,1,Deleted by Tahsina Rushdie,bss,Bangladesh Nationalist Party (BNP),bss=117956,Mst. Tahsina Rushdeer,"ds,tbs",Bangladesh Nationalist Party (BNP),ds=117956; tbs=116697,0.69,name+party match (sim=0.69) [vote-boosted]
Sylhet 2,1,Mosammat Tahsina Rushdi,dt,Bangladesh Nationalist Party (BNP),dt=116697,Deleted by Tahsina Rushdie,"bss,ds,tbs",Bangladesh Nationalist Party (BNP),bss=117956; ds=117956; tbs=116697,0.72,name+party match (sim=0.72) [vote-boosted]
Sylhet 2,1,Md. Muntasir Ali,ds,Khelafat Majlis,ds=38635,Md. Muntasir Ali,tbs,Khelafat Majlis,tbs=37446,1.00,name+party match (sim=1.00)
Sylhet 2,1,Muhammad Muntashir Ali,bss,Khelafat Majlis,bss=38635,Md. Muntasir Ali,"ds,tbs",Khelafat Majlis,ds=38635; tbs=37446,0.97,name+party match (sim=0.97) [vote-boosted]
Sylhet 2,1,Muhammad Muntasir Ali,dt,Khelafat Majlis,dt=37446,Muhammad Muntashir Ali,"bss,ds,tbs",Khelafat Majlis,bss=38635; ds=38635; tbs=37446,0.97,name+party match (sim=0.97) [vote-boosted]
Sylhet 2,1,Mahbubur Rahman Chowdhury,dt,Jatiya Party (JaPa),dt=0,Mahbubur Rahman Chowdhury,ds,Jatiya Party (JaPa),ds=0,1.00,name+party match (sim=1.00)
Sylhet 2,1,Md. Amir Uddin,dt,Islami Andolan Bangladesh (IAB),dt=0,Md. Amir Uddin,ds,Islami Andolan Bangladesh (IAB),ds=0,1.00,name+party match (sim=1.00)
Sylhet 2,1,Md. Mujibul Haque,dt,Gono Forum (GF),dt=0,Md. Mujibul Haque,ds,Gono Forum (GF),ds=0,1.00,name+party match (sim=1.00)
Sylhet 3,1,Musleh Uddin Raju,ds,Khelafat Majlis,ds=73614,Musleh Uddin Raju,tbs,Khelafat Majlis,tbs=73614,1.00,name+party match (sim=1.00) [vote-boosted]
Sylhet 3,1,Musleh Uddin Raju,bss,Khelafat Majlis,bss=73614,Musleh Uddin Raju,"ds,tbs",Khelafat Majlis,ds=73614; tbs=73614,1.00,name+party match (sim=1.00) [vote-boosted]
Sylhet 3,1,Mosleh Uddin Raju,dt,Khelafat Majlis,dt=76614,Musleh Uddin Raju,"bss,ds,tbs",Khelafat Majlis,bss=73614; ds=73614; tbs=73614,1.00,name+party match (sim=1.00)
Sylhet 3,1,Md. Abdul Malik,ds,Bangladesh Nationalist Party (BNP),ds=115450,Abdul Malik,tbs,Bangladesh Nationalist Party (BNP),tbs=114255,1.00,name+party match (sim=1.00)
Sylhet 3,1,Mohammad Abdul Malik,bss,Bangladesh Nationalist Party (BNP),bss=115450,Md. Abdul Malik,"ds,tbs",Bangladesh Nationalist Party (BNP),ds=115450; tbs=114255,1.00,name+party match (sim=1.00) [vote-boosted]
Sylhet 3,1,Mohammad Abdul Malik,dt,Bangladesh Nationalist Party (BNP),dt=114255,Mohammad Abdul Malik,"bss,ds,tbs",Bangladesh Nationalist Party (BNP),bss=115450; ds=115450; tbs=114255,1.00,name+party match (sim=1.00) [vote-boosted]
Sylhet 3,1,Moinul Bokor,dt,Independent Candidate (Independent),dt=0,Mainul Bakar,ds,Independent Candidate (Independent),ds=0,1.00,name+party match (sim=1.00)
Sylhet 3,1,Mohammad Atikur Rahman,dt,Jatiya Party (JaPa),dt=0,Md. Atiqur Rahman,ds,Jatiya Party (JaPa),ds=0,0.94,name+party match (sim=0.94)
Sylhet 3,1,Mostakim Raja Chowdhury,dt,Independent Candidate (Independent),dt=0,Mostakim Raja Chowdhury,ds,Independent Candidate (Independent),ds=0,1.00,name+party match (sim=1.00)
Sylhet 3,1,Redwanul Haque Chowdhury,dt,Islami Andolan Bangladesh (IAB),dt=76614,Redwanul Haque Chowdhury,ds,Islami Andolan Bangladesh (IAB),ds=0,1.00,name+party match (sim=1.00)
Sylhet 4,1,Md. Joynal Abedin,ds,Bangladesh Jamaat-e-Islami (Jamaat),ds=71391,Md. Joynal Abedin,tbs,Bangladesh Jamaat-e-Islami (Jamaat),tbs=65776,1.00,name+party match (sim=1.00)
Sylhet 4,1,Md Zainal Abedin,bss,Bangladesh Jamaat-e-Islami (Jamaat),bss=71391,Md. Joynal Abedin,"ds,tbs",Bangladesh Jamaat-e-Islami (Jamaat),ds=71391; tbs=65776,0.82,name+party match (sim=0.82) [vote-boosted]
Sylhet 4,1,Md. Zainal Abedin,dt,Bangladesh Jamaat-e-Islami (Jamaat),dt=65776,Md. Joynal Abedin,"bss,ds,tbs",Bangladesh Jamaat-e-Islami (Jamaat),bss=71391; ds=71391; tbs=65776,0.82,name+party match (sim=0.82) [vote-boosted]
Sylhet 4,1,Ariful Haque Chowdhury,ds,Bangladesh Nationalist Party (BNP),ds=186846,Ariful Haque Chowdhury,tbs,Bangladesh Nationalist Party (BNP),tbs=181609,1.00,name+party match (sim=1.00)
Sylhet 4,1,Ariful Haque Chowdhury,bss,Bangladesh Nationalist Party (BNP),bss=186846,Ariful Haque Chowdhury,"ds,tbs",Bangladesh Nationalist Party (BNP),ds=186846; tbs=181609,1.00,name+party match (sim=1.00) [vote-boosted]
Sylhet 4,1,Ariful Haque Chowdhury,dt,Bangladesh Nationalist Party (BNP),dt=181609,Ariful Haque Chowdhury,"bss,ds,tbs",Bangladesh Nationalist Party (BNP),bss=186846; ds=186846; tbs=181609,1.00,name+party match (sim=1.00) [vote-boosted]
Sylhet 4,1,Maulana Said Ahmed,dt,Islami Andolan Bangladesh (IAB),dt=0,Syed Ahmed,ds,Islami Andolan Bangladesh (IAB),ds=0,0.91,name+party match (sim=0.91)
Sylhet 4,1,Mohammad Mujibur Rahman,dt,Jatiya Party (JaPa),dt=0,Md. Mujibur Rahman,ds,Jatiya Party (JaPa),ds=0,1.00,name+party match (sim=1.00)
Sylhet 4,1,Jahirul Islam,dt,Gono Odhikar Parishad (GOP),dt=10,Zahirul Islam,ds,Gono Odhikar Parishad (GOP),ds=0,0.92,name+party match (sim=0.92)
Sylhet 5,1,Ubaidullah Farooq,ds,Jamiat Ulema-e-Islam Bangladesh (JUIB),ds=69774,Ubaydullah Faruq,tbs,Jamiat Ulema-e-Islam Bangladesh (JUIB),tbs=69774,0.94,name+party match (sim=0.94) [vote-boosted]
Sylhet 5,1,Ubaidullah Farooq,bss,Jamiat Ulema-e-Islam Bangladesh (JUIB),bss=69774,Ubaidullah Farooq,"ds,tbs",Jamiat Ulema-e-Islam Bangladesh (JUIB),ds=69774; tbs=69774,1.00,name+party match (sim=1.00) [vote-boosted]
Sylhet 5,1,Ubaidullah Faruk,dt,Jamiat Ulema-e-Islam Bangladesh (JUIB),dt=69774,Ubaidullah Farooq,"bss,ds,tbs",Jamiat Ulema-e-Islam Bangladesh (JUIB),bss=69774; ds=69774; tbs=69774,0.88,name+party match (sim=0.88) [vote-boosted]
Sylhet 5,1,Md. Abul Hasan,ds,Khelafat Majlis,ds=79355,Md. Abul Hasan,tbs,Khelafat Majlis,tbs=79355,1.00,name+party match (sim=1.00) [vote-boosted]
Sylhet 5,1,Mohammad Abul Hasan,bss,Khelafat Majlis,bss=79355,Md. Abul Hasan,"ds,tbs",Khelafat Majlis,ds=79355; tbs=79355,1.00,name+party match (sim=1.00) [vote-boosted]
Sylhet 5,1,Mohammad Abul Hasan,dt,Khelafat Majlis,dt=79355,Mohammad Abul Hasan,"bss,ds,tbs",Khelafat Majlis,bss=79355; ds=79355; tbs=79355,1.00,name+party match (sim=1.00) [vote-boosted]
Sylhet 5,1,Mamunur Rashid,ds,Independent Candidate (Independent),ds=0,Mamunur Rashid,tbs,Independent Candidate (Independent),tbs=54614,1.00,name+party match (sim=1.00)
Sylhet 5,1,Mamunur Rashid,dt,Independent Candidate (Independent),dt=0,Mamunur Rashid,"ds,tbs",Independent Candidate (Independent),ds=0; tbs=54614,1.00,name+party match (sim=1.00)
Sylhet 5,1,Md. Bilal Uddin,dt,Bangladesh Muslim League (BML),dt=0,Md. Bilal Uddin,ds,Bangladesh Muslim League (BML),ds=0,1.00,name+party match (sim=1.00)
Sylhet 6,1,Md. Selim Uddin,ds,Bangladesh Jamaat-e-Islami (Jamaat),ds=101569,Md. Selim Uddin,tbs,Bangladesh Jamaat-e-Islami (Jamaat),tbs=97748,1.00,name+party match (sim=1.00)
Sylhet 6,1,Mohammad Salim Uddin,bss,Bangladesh Jamaat-e-Islami (Jamaat),bss=101569,Md. Selim Uddin,"ds,tbs",Bangladesh Jamaat-e-Islami (Jamaat),ds=101569; tbs=97748,1.00,name+party match (sim=1.00) [vote-boosted]
Sylhet 6,1,Mohammad Selim Uddin,dt,Bangladesh Jamaat-e-Islami (Jamaat),dt=1343,Mohammad Salim Uddin,"bss,ds,tbs",Bangladesh Jamaat-e-Islami (Jamaat),bss=101569; ds=101569; tbs=97748,1.00,name+party match (sim=1.00)
Sylhet 6,1,Emran Ahmed Chowdhury,ds,Bangladesh Nationalist Party (BNP),ds=109917,Emran Ahmad Chowdhury,tbs,Bangladesh Nationalist Party (BNP),tbs=108612,1.00,name+party match (sim=1.00)
Sylhet 6,1,Emran Ahmed Chowdhury,bss,Bangladesh Nationalist Party (BNP),bss=109917,Emran Ahmad Chowdhury,"ds,tbs",Bangladesh Nationalist Party (BNP),ds=109917; tbs=108612,1.00,name+party match (sim=1.00) [vote-boosted]
Sylhet 6,1,Emran Ahmed Chowdhury,dt,Bangladesh Nationalist Party (BNP),dt=108612,Emran Ahmad Chowdhury,"bss,ds,tbs",Bangladesh Nationalist Party (BNP),bss=109917; ds=109917; tbs=108612,1.00,name+party match (sim=1.00) [vote-boosted]
Sylhet 6,1,Md. Fakhrul Islam,dt,Independent Candidate (Independent),dt=0,Md. Fakhrul Islam,ds,Independent Candidate (Independent),ds=0,1.00,name+party match (sim=1.00)
Sylhet 6,1,Mohammad Abdun Noor,dt,Jatiya Party (JaPa),dt=0,Md. Abdun Noor,ds,Jatiya Party (JaPa),ds=0,1.00,name+party match (sim=1.00)
Sylhet 6,1,Zahidur Rahman,dt,Gono Odhikar Parishad (GOP),dt=0,Zahidur Rahman,ds,Gono Odhikar Parishad (GOP),ds=0,1.00,name+party match (sim=1.00)
Tangail 1,1,Md. Elias Hossain,ds,Jatiya Party (JaPa),ds=0,Md. Ilyas Hossain,tbs,Jatiya Party (JaPa),tbs=2194,0.94,name+party match (sim=0.94)
Tangail 1,1,Muhammad Ilias Hossain,dt,Jatiya Party (JaPa),dt=2194,Md. Ilyas Hossain,"ds,tbs",Jatiya Party (JaPa),ds=0; tbs=2194,0.94,name+party match (sim=0.94) [vote-boosted]
Tangail 1,1,Md. Abdullahel Kafi,ds,Bangladesh Jamaat-e-Islami (Jamaat),ds=94462,Md. Abdullah Kafi,tbs,Bangladesh Jamaat-e-Islami (Jamaat),tbs=94462,0.95,name+party match (sim=0.95) [vote-boosted]
Tangail 1,1,Muhammad Abdullah Kafi,bss,Bangladesh Jamaat-e-Islami (Jamaat),bss=94462,Md. Abdullahel Kafi,"ds,tbs",Bangladesh Jamaat-e-Islami (Jamaat),ds=94462; tbs=94462,0.95,name+party match (sim=0.95) [vote-boosted]
Tangail 1,1,Muhammad Abdullahel Kafi,dt,Bangladesh Jamaat-e-Islami (Jamaat),dt=94462,Muhammad Abdullah Kafi,"bss,ds,tbs",Bangladesh Jamaat-e-Islami (Jamaat),bss=94462; ds=94462; tbs=94462,0.95,name+party match (sim=0.95) [vote-boosted]
Tangail 1,1,Md. Harun Or Rashid,ds,Islami Andolan Bangladesh (IAB),ds=0,Md. Harun Or Rashid,tbs,Islami Andolan Bangladesh (IAB),tbs=1731,1.00,name+party match (sim=1.00)
Tangail 1,1,Md. Harun Or Rashid,dt,Islami Andolan Bangladesh (IAB),dt=1731,Md. Harun Or Rashid,"ds,tbs",Islami Andolan Bangladesh (IAB),ds=0; tbs=1731,1.00,name+party match (sim=1.00) [vote-boosted]
Tangail 1,1,Faqir Mahbub Anam,ds,Bangladesh Nationalist Party (BNP),ds=153932,Fakir Mahbub Anam,tbs,Bangladesh Nationalist Party (BNP),tbs=153932,0.94,name+party match (sim=0.94) [vote-boosted]
Tangail 1,1,Fakir Mahbub Anam,bss,Bangladesh Nationalist Party (BNP),bss=153932,Fakir Mahbub Anam,"ds,tbs",Bangladesh Nationalist Party (BNP),ds=153932; tbs=153932,1.00,name+party match (sim=1.00) [vote-boosted]
Tangail 1,1,Fakir Mahbub Anam,dt,Bangladesh Nationalist Party (BNP),dt=153932,Fakir Mahbub Anam,"bss,ds,tbs",Bangladesh Nationalist Party (BNP),bss=153932; ds=153932; tbs=153932,1.00,name+party match (sim=1.00) [vote-boosted]
Tangail 1,1,Md. Ali,ds,Independent Candidate (Independent),ds=0,Md. Ali,tbs,Independent Candidate (Independent),tbs=723,1.00,name+party match (sim=1.00)
Tangail 1,1,Mohammad Ali,dt,Independent Candidate (Independent),dt=723,Md. Ali,"ds,tbs",Independent Candidate (Independent),ds=0; tbs=723,1.00,name+party match (sim=1.00) [vote-boosted]
Tangail 1,1,Md. Asadul Islam,ds,Independent Candidate (Independent),ds=0,Md. Asadul Islam,tbs,Independent Candidate (Independent),tbs=28259,1.00,name+party match (sim=1.00)
Tangail 1,1,Md. Asadul Islam,dt,Independent Candidate (Independent),dt=28259,Md. Asadul Islam,"ds,tbs",Independent Candidate (Independent),ds=0; tbs=28259,1.00,name+party match (sim=1.00) [vote-boosted]
Tangail 2,1,Md. Humayun Kabir Talukder,ds,Jatiya Party (JaPa),ds=0,Md. Humayun Kabir Talukder,tbs,Jatiya Party (JaPa),tbs=1854,1.00,name+party match (sim=1.00)
Tangail 2,1,Md. Humayun Kabir Talukdar,dt,Jatiya Party (JaPa),dt=1854,Md. Humayun Kabir Talukder,"ds,tbs",Jatiya Party (JaPa),ds=0; tbs=1854,1.00,name+party match (sim=1.00) [vote-boosted]
Tangail 2,1,Md. Abdus Salam Pintu,ds,Bangladesh Nationalist Party (BNP),ds=198213,Md. Abdus Salam Pintu,tbs,Bangladesh Nationalist Party (BNP),tbs=198213,1.00,name+party match (sim=1.00) [vote-boosted]
Tangail 2,1,Md. Abdus Salam Pintu,bss,Bangladesh Nationalist Party (BNP),bss=198213,Md. Abdus Salam Pintu,"ds,tbs",Bangladesh Nationalist Party (BNP),ds=198213; tbs=198213,1.00,name+party match (sim=1.00) [vote-boosted]
Tangail 2,1,Md. Abdus Salam Pintu,dt,Bangladesh Nationalist Party (BNP),dt=198213,Md. Abdus Salam Pintu,"bss,ds,tbs",Bangladesh Nationalist Party (BNP),bss=198213; ds=198213; tbs=198213,1.00,name+party match (sim=1.00) [vote-boosted]
Tangail 2,1,Md. Humayon Kabir,ds,Bangladesh Jamaat-e-Islami (Jamaat),ds=60871,Md. Humayun Kabir,tbs,Bangladesh Jamaat-e-Islami (Jamaat),tbs=60871,1.00,name+party match (sim=1.00) [vote-boosted]
Tangail 2,1,Md. Humayun Kabir,bss,Bangladesh Jamaat-e-Islami (Jamaat),bss=60871,Md. Humayun Kabir,"ds,tbs",Bangladesh Jamaat-e-Islami (Jamaat),ds=60871; tbs=60871,1.00,name+party match (sim=1.00) [vote-boosted]
Tangail 2,1,Md. Humayun Kabir,dt,Bangladesh Jamaat-e-Islami (Jamaat),dt=60871,Md. Humayun Kabir,"bss,ds,tbs",Bangladesh Jamaat-e-Islami (Jamaat),bss=60871; ds=60871; tbs=60871,1.00,name+party match (sim=1.00) [vote-boosted]
Tangail 2,1,Md. Moniar Hossen Sagor,ds,Islami Andolan Bangladesh (IAB),ds=0,Md. Monowar Hossain Sagar,tbs,Islami Andolan Bangladesh (IAB),tbs=4777,0.96,name+party match (sim=0.96)
Tangail 2,1,Md. Monowar Hossain Sagar,dt,Islami Andolan Bangladesh (IAB),dt=4777,Md. Monowar Hossain Sagar,"ds,tbs",Islami Andolan Bangladesh (IAB),ds=0; tbs=4777,1.00,name+party match (sim=1.00) [vote-boosted]
Tangail 3,1,Saifullah Hyder,ds,National Citizen Party (NCP),ds=0,Saifullah Haider,tbs,National Citizen Party (NCP),tbs=34588,0.94,name+party match (sim=0.94)
Tangail 3,1,Saifullah Haider,dt,National Citizen Party (NCP),dt=34588,Saifullah Haider,"ds,tbs",National Citizen Party (NCP),ds=0; tbs=34588,1.00,name+party match (sim=1.00) [vote-boosted]
Tangail 3,1,Sm Obaidul Haque,ds,Bangladesh Nationalist Party (BNP),ds=82769,Sm Obaidul Haque,tbs,Bangladesh Nationalist Party (BNP),tbs=82769,1.00,name+party match (sim=1.00) [vote-boosted]
Tangail 3,1,SM Obaidul Haque,bss,Bangladesh Nationalist Party (BNP),bss=82769,Sm Obaidul Haque,"ds,tbs",Bangladesh Nationalist Party (BNP),ds=82769; tbs=82769,1.00,name+party match (sim=1.00) [vote-boosted]
Tangail 3,1,S. M. Obaidul Haque,dt,Bangladesh Nationalist Party (BNP),dt=82769,Sm Obaidul Haque,"bss,ds,tbs",Bangladesh Nationalist Party (BNP),bss=82769; ds=82769; tbs=82769,1.00,name+party match (sim=1.00) [vote-boosted]
Tangail 3,1,Md. Lutfar Rahman Khan Azad,ds,Independent Candidate (Independent),ds=107901,Md. Lutfar Rahman Khan Azad,tbs,Independent Candidate (Independent),tbs=107901,1.00,name+party match (sim=1.00) [vote-boosted]
Tangail 3,1,Md. Lutfar Rahman Khan Azad,bss,Independent Candidate (Independent),bss=107901,Md. Lutfar Rahman Khan Azad,"ds,tbs",Independent Candidate (Independent),ds=107901; tbs=107901,1.00,name+party match (sim=1.00) [vote-boosted]
Tangail 3,1,Md. Lutfar Rahman Khan Azad,dt,Independent Candidate (Independent),dt=107901,Md. Lutfar Rahman Khan Azad,"bss,ds,tbs",Independent Candidate (Independent),bss=107901; ds=107901; tbs=107901,1.00,name+party match (sim=1.00) [vote-boosted]
Tangail 3,1,Md. Rajaul Karim,ds,Islami Andolan Bangladesh (IAB),ds=0,Md. Rezaul Karim,tbs,Islami Andolan Bangladesh (IAB),tbs=107901,0.88,name+party match (sim=0.88)
Tangail 3,1,Md. Rezaul Karim,dt,Islami Andolan Bangladesh (IAB),dt=4075,Md. Rezaul Karim,"ds,tbs",Islami Andolan Bangladesh (IAB),ds=0; tbs=107901,1.00,name+party match (sim=1.00)
Tangail 3,1,Ainin Nahar,ds,Independent Candidate (Independent),ds=0,Ainin Nahar,tbs,Independent Candidate (Independent),tbs=1087,1.00,name+party match (sim=1.00)
Tangail 3,1,Ainin Nahar,dt,Independent Candidate (Independent),dt=1087,Ainin Nahar,"ds,tbs",Independent Candidate (Independent),ds=0; tbs=1087,1.00,name+party match (sim=1.00) [vote-boosted]
Tangail 4,1,Md. Liakot Ali,ds,Jatiya Party (JaPa),ds=0,Md. Liaquat Ali,tbs,Jatiya Party (JaPa),tbs=758,0.83,name+party match (sim=0.83)
Tangail 4,1,Md. Liaqat Ali,dt,Jatiya Party (JaPa),dt=758,Md. Liaquat Ali,"ds,tbs",Jatiya Party (JaPa),ds=0; tbs=758,1.00,name+party match (sim=1.00) [vote-boosted]
Tangail 4,1,Md. Abdul Halim Mia,ds,Independent Candidate (Independent),ds=0,Md. Abdul Halim Mia,tbs,Independent Candidate (Independent),tbs=4152,1.00,name+party match (sim=1.00)
Tangail 4,1,Md. Abdul Halim Mia,dt,Independent Candidate (Independent),dt=4152,Md. Abdul Halim Mia,"ds,tbs",Independent Candidate (Independent),ds=0; tbs=4152,1.00,name+party match (sim=1.00) [vote-boosted]
Tangail 4,1,Abdul Latif Siddiqui,ds,Independent Candidate (Independent),ds=62509,Abdul Latif Siddiqui,tbs,Independent Candidate (Independent),tbs=62509,1.00,name+party match (sim=1.00) [vote-boosted]
Tangail 4,1,Abdul Latif Siddiqui,bss,Independent Candidate (Independent),bss=62509,Abdul Latif Siddiqui,"ds,tbs",Independent Candidate (Independent),ds=62509; tbs=62509,1.00,name+party match (sim=1.00) [vote-boosted]
Tangail 4,1,Md. Lutfar Rahman,ds,Bangladesh Nationalist Party (BNP),ds=105342,Md. Lutfar Rahman,tbs,Bangladesh Nationalist Party (BNP),tbs=105342,1.00,name+party match (sim=1.00) [vote-boosted]
Tangail 4,1,Md. Lutfar Rahman,bss,Bangladesh Nationalist Party (BNP),bss=105342,Md. Lutfar Rahman,"ds,tbs",Bangladesh Nationalist Party (BNP),ds=105342; tbs=105342,1.00,name+party match (sim=1.00) [vote-boosted]
Tangail 4,1,Md. Lutfar Rahman,dt,Bangladesh Nationalist Party (BNP),dt=105342,Md. Lutfar Rahman,"bss,ds,tbs",Bangladesh Nationalist Party (BNP),bss=105342; ds=105342; tbs=105342,1.00,name+party match (sim=1.00) [vote-boosted]
Tangail 4,1,Khandaker Abdur Razzaque,ds,Bangladesh Jamaat-e-Islami (Jamaat),ds=0,Khandaker Abdur Razzak,tbs,Bangladesh Jamaat-e-Islami (Jamaat),tbs=50192,0.92,name+party match (sim=0.92)
Tangail 4,1,Khandaker Abdur Razzak,dt,Bangladesh Jamaat-e-Islami (Jamaat),dt=50192,Khandaker Abdur Razzaque,"ds,tbs",Bangladesh Jamaat-e-Islami (Jamaat),ds=0; tbs=50192,0.92,name+party match (sim=0.92) [vote-boosted]
Tangail 4,1,Ali Amzad Hossain,ds,Islami Andolan Bangladesh (IAB),ds=0,Ali Amjad Hossain,tbs,Islami Andolan Bangladesh (IAB),tbs=1822,0.94,name+party match (sim=0.94)
Tangail 4,1,Ali Amjad Hossain,dt,Islami Andolan Bangladesh (IAB),dt=1822,Ali Amjad Hossain,"ds,tbs",Islami Andolan Bangladesh (IAB),ds=0; tbs=1822,1.00,name+party match (sim=1.00) [vote-boosted]
Tangail 4,2,Abdul Latif Siddiqui,dt,Bangladesh Jamaat-e-Islami (Jamaat),dt=62509,Abdul Latif Siddiqui,"bss,ds,tbs",Independent Candidate (Independent),bss=62509; ds=62509; tbs=62509,1.00,"name+votes match, party differs: Bangladesh Jamaat-e-Islami (Jamaat) → Independent Candidate (Independent)"
Tangail 5,1,Md. Hasrat Khan Bhasani,ds,Bangladesh Supreme Party (BSP),ds=0,Md. Hasrat Khan Bhasani,tbs,Bangladesh Supreme Party (BSP),tbs=1189,1.00,name+party match (sim=1.00)
Tangail 5,1,Md. Hasrat Khan Bhasani,dt,Bangladesh Supreme Party (BSP),dt=1189,Md. Hasrat Khan Bhasani,"ds,tbs",Bangladesh Supreme Party (BSP),ds=0; tbs=1189,1.00,name+party match (sim=1.00) [vote-boosted]
Tangail 5,1,Md. Shafiqul Islam,ds,Gono Odhikar Parishad (GOP),ds=0,Md. Shafiqul Islam,tbs,Gono Odhikar Parishad (GOP),tbs=263,1.00,name+party match (sim=1.00)
Tangail 5,1,Md. Shafiqul Islam,dt,Gono Odhikar Parishad (GOP),dt=263,Md. Shafiqul Islam,"ds,tbs",Gono Odhikar Parishad (GOP),ds=0; tbs=263,1.00,name+party match (sim=1.00) [vote-boosted]
Tangail 5,1,Khandaker Jakir Hossain,ds,Islami Andolan Bangladesh (IAB),ds=0,Khandaker Zakir Hossain,tbs,Islami Andolan Bangladesh (IAB),tbs=2600,0.96,name+party match (sim=0.96)
Tangail 5,1,Khandaker Zakir Hossain,dt,Islami Andolan Bangladesh (IAB),dt=2600,Khandaker Zakir Hossain,"ds,tbs",Islami Andolan Bangladesh (IAB),ds=0; tbs=2600,1.00,name+party match (sim=1.00) [vote-boosted]
Tangail 5,1,Syed Khalakuzzaman Mostafa,ds,Jatiya Samajtantrik Dal (JSD),ds=0,Syed Khalequzzaman Mustafa,tbs,Jatiya Samajtantrik Dal (JSD),tbs=1092,0.93,name+party match (sim=0.93)
Tangail 5,1,Syed Khalekuzzaman Mostafa,dt,Jatiya Samajtantrik Dal (JSD),dt=1092,Syed Khalequzzaman Mustafa,"ds,tbs",Jatiya Samajtantrik Dal (JSD),ds=0; tbs=1092,0.93,name+party match (sim=0.93) [vote-boosted]
Tangail 5,1,Md. Farhad Iqbal,ds,Independent Candidate (Independent),ds=0,Md. Farhad Iqbal,tbs,Independent Candidate (Independent),tbs=69408,1.00,name+party match (sim=1.00)
Tangail 5,1,Ahsan Habib,ds,Bangladesh Jamaat-e-Islami (Jamaat),ds=80283,Ahsan Habib,tbs,Bangladesh Jamaat-e-Islami (Jamaat),tbs=80283,1.00,name+party match (sim=1.00) [vote-boosted]
Tangail 5,1,Ahsan Habib,bss,Bangladesh Jamaat-e-Islami (Jamaat),bss=80283,Ahsan Habib,"ds,tbs",Bangladesh Jamaat-e-Islami (Jamaat),ds=80283; tbs=80283,1.00,name+party match (sim=1.00) [vote-boosted]
Tangail 5,1,Ahsan Habib,dt,Bangladesh Jamaat-e-Islami (Jamaat),dt=80283,Ahsan Habib,"bss,ds,tbs",Bangladesh Jamaat-e-Islami (Jamaat),bss=80283; ds=80283; tbs=80283,1.00,name+party match (sim=1.00) [vote-boosted]
Tangail 5,1,Md. Mozammel Hoque,ds,Jatiya Party (JaPa),ds=0,Md. Mozammel Haque,tbs,Jatiya Party (JaPa),tbs=1636,1.00,name+party match (sim=1.00)
Tangail 5,1,Md. Mozammel Haque,dt,Jatiya Party (JaPa),dt=1636,Md. Mozammel Haque,"ds,tbs",Jatiya Party (JaPa),ds=0; tbs=1636,1.00,name+party match (sim=1.00) [vote-boosted]
Tangail 5,1,Sultan Salahuddin Tuku,ds,Bangladesh Nationalist Party (BNP),ds=131279,Sultan Saladin Tuku,tbs,Bangladesh Nationalist Party (BNP),tbs=131279,0.93,name+party match (sim=0.93) [vote-boosted]
Tangail 5,1,Sultan Saladin Tuku,bss,Bangladesh Nationalist Party (BNP),bss=131279,Sultan Salahuddin Tuku,"ds,tbs",Bangladesh Nationalist Party (BNP),ds=131279; tbs=131279,0.93,name+party match (sim=0.93) [vote-boosted]
Tangail 5,1,Sultan Salauddin Tuku,dt,Bangladesh Nationalist Party (BNP),dt=131279,Sultan Salahuddin Tuku,"bss,ds,tbs",Bangladesh Nationalist Party (BNP),bss=131279; ds=131279; tbs=131279,1.00,name+party match (sim=1.00) [vote-boosted]
Tangail 5,1,A. K. M. Shafiqul Islam,dt,Bangladesh Congress,dt=109,A. K. M. Shafiqul Islam,tbs,Bangladesh Congress,tbs=109,1.00,name+party match (sim=1.00) [vote-boosted]
Tangail 5,1,Fatema Akter,ds,Ganosanhati Andolan (GSA),ds=0,Fatema Akter,tbs,Ganosanhati Andolan (GSA),tbs=221,1.00,name+party match (sim=1.00)
Tangail 5,1,Fatema Akter,dt,Ganosanhati Andolan (GSA),dt=221,Fatema Akter,"ds,tbs",Ganosanhati Andolan (GSA),ds=0; tbs=221,1.00,name+party match (sim=1.00) [vote-boosted]
Tangail 5,2,Md. Farhad Iqbal,dt,Jatiya Party (JaPa),dt=69408,Md. Farhad Iqbal,"ds,tbs",Independent Candidate (Independent),ds=0; tbs=69408,1.00,"name+votes match, party differs: Jatiya Party (JaPa) → Independent Candidate (Independent)"
Tangail 6,1,Md. Akhinur Mia,ds,Islami Andolan Bangladesh (IAB),ds=0,Md. Akhinur Mia,tbs,Islami Andolan Bangladesh (IAB),tbs=12068,1.00,name+party match (sim=1.00)
Tangail 6,1,Md. Akhinur Mia,dt,Islami Andolan Bangladesh (IAB),dt=12068,Md. Akhinur Mia,"ds,tbs",Islami Andolan Bangladesh (IAB),ds=0; tbs=12068,1.00,name+party match (sim=1.00) [vote-boosted]
Tangail 6,1,Md. Mamunur Rahim,ds,Jatiya Party (JaPa),ds=0,Md. Mamunur Rahim,tbs,Jatiya Party (JaPa),tbs=1166,1.00,name+party match (sim=1.00)
Tangail 6,1,Mohammad Mamunur Rahim,dt,Jatiya Party (JaPa),dt=1166,Md. Mamunur Rahim,"ds,tbs",Jatiya Party (JaPa),ds=0; tbs=1166,1.00,name+party match (sim=1.00) [vote-boosted]
Tangail 6,1,Tareque Shams Khan,ds,Jatiya Party (Manju) (JP–Manju),ds=0,Tareq Shams Khan,tbs,Jatiya Party (Manju) (JP–Manju),tbs=3489,1.00,name+party match (sim=1.00)
Tangail 6,1,Md. Robiul Awal,ds,Bangladesh Nationalist Party (BNP),ds=150952,Md. Rabiul Awal,tbs,Bangladesh Nationalist Party (BNP),tbs=150952,1.00,name+party match (sim=1.00) [vote-boosted]
Tangail 6,1,Md Rabiul Awal,bss,Bangladesh Nationalist Party (BNP),bss=150952,Md. Rabiul Awal,"ds,tbs",Bangladesh Nationalist Party (BNP),ds=150952; tbs=150952,1.00,name+party match (sim=1.00) [vote-boosted]
Tangail 6,1,Md. Rabiul Awal,dt,Bangladesh Nationalist Party (BNP),dt=150952,Md. Rabiul Awal,"bss,ds,tbs",Bangladesh Nationalist Party (BNP),bss=150952; ds=150952; tbs=150952,1.00,name+party match (sim=1.00) [vote-boosted]
Tangail 6,1,Md. Jewel Sarkar,ds,Independent Candidate (Independent),ds=0,Md. Jewel Sarkar,tbs,Independent Candidate (Independent),tbs=15161,1.00,name+party match (sim=1.00)
Tangail 6,1,Md. Jewel Sarkar,dt,Independent Candidate (Independent),dt=15161,Md. Jewel Sarkar,"ds,tbs",Independent Candidate (Independent),ds=0; tbs=15161,1.00,name+party match (sim=1.00) [vote-boosted]
Tangail 6,1,A. K. M. Abdul Hamid,ds,Bangladesh Jamaat-e-Islami (Jamaat),ds=91914,A. K. M. Abdul Hamid,tbs,Bangladesh Jamaat-e-Islami (Jamaat),tbs=91914,1.00,name+party match (sim=1.00) [vote-boosted]
Tangail 6,1,"AK, M Abdul Hamid",bss,Bangladesh Jamaat-e-Islami (Jamaat),bss=91914,A. K. M. Abdul Hamid,"ds,tbs",Bangladesh Jamaat-e-Islami (Jamaat),ds=91914; tbs=91914,1.00,name+party match (sim=1.00) [vote-boosted]
Tangail 6,1,A. K. M. Abdul Hamid,dt,Bangladesh Jamaat-e-Islami (Jamaat),dt=91914,A. K. M. Abdul Hamid,"bss,ds,tbs",Bangladesh Jamaat-e-Islami (Jamaat),bss=91914; ds=91914; tbs=91914,1.00,name+party match (sim=1.00) [vote-boosted]
Tangail 6,1,Md. Ashraful Islam,ds,Independent Candidate (Independent),ds=0,Md. Ashraful Islam,tbs,Independent Candidate (Independent),tbs=2996,1.00,name+party match (sim=1.00)
Tangail 6,1,Muhammad Ashraful Islam,dt,Independent Candidate (Independent),dt=2996,Md. Ashraful Islam,"ds,tbs",Independent Candidate (Independent),ds=0; tbs=2996,1.00,name+party match (sim=1.00) [vote-boosted]
Tangail 6,2,Tarek Shams Khan,dt,Jatiya Party (JaPa),dt=3489,Tareque Shams Khan,"ds,tbs",Jatiya Party (Manju) (JP–Manju),ds=0; tbs=3489,0.90,"name+votes match, party differs: Jatiya Party (JaPa) → Jatiya Party (Manju) (JP–Manju)"
Tangail 7,1,Md. Tofazzal Hossain,ds,Bangladesh Republican Party (BRP),ds=1492,Md. Tofazzal Hossain,tbs,Bangladesh Republican Party (BRP),tbs=1492,1.00,name+party match (sim=1.00) [vote-boosted]
Tangail 7,1,Md. Tofazzal Hossain,dt,Bangladesh Republican Party (BRP),dt=1492,Md. Tofazzal Hossain,"ds,tbs",Bangladesh Republican Party (BRP),ds=1492; tbs=1492,1.00,name+party match (sim=1.00) [vote-boosted]
Tangail 7,1,Abul Kalam Azad Siddiqui,ds,Bangladesh Nationalist Party (BNP),ds=141253,Abul Kalam Azad Siddiqui,tbs,Bangladesh Nationalist Party (BNP),tbs=141253,1.00,name+party match (sim=1.00) [vote-boosted]
Tangail 7,1,Abul Kalam Azad Siddiqui,bss,Bangladesh Nationalist Party (BNP),bss=141253,Abul Kalam Azad Siddiqui,"ds,tbs",Bangladesh Nationalist Party (BNP),ds=141253; tbs=141253,1.00,name+party match (sim=1.00) [vote-boosted]
Tangail 7,1,Abul Kalam Azad Siddiqui,dt,Bangladesh Nationalist Party (BNP),dt=141253,Abul Kalam Azad Siddiqui,"bss,ds,tbs",Bangladesh Nationalist Party (BNP),bss=141253; ds=141253; tbs=141253,1.00,name+party match (sim=1.00) [vote-boosted]
Tangail 7,1,Md. Abdullah Ibne Abul Hosain,ds,Bangladesh Jamaat-e-Islami (Jamaat),ds=71040,Md. Abdullah Ebneh Abul Hossain,tbs,Bangladesh Jamaat-e-Islami (Jamaat),tbs=71040,0.93,name+party match (sim=0.93) [vote-boosted]
Tangail 7,1,Mohammad Abdullah ibn Abul Hossain,bss,Bangladesh Jamaat-e-Islami (Jamaat),bss=71040,Md. Abdullah Ebneh Abul Hossain,"ds,tbs",Bangladesh Jamaat-e-Islami (Jamaat),ds=71040; tbs=71040,0.97,name+party match (sim=0.97) [vote-boosted]
Tangail 7,1,Mohammad Abdullah Ebne Abul Hossain,dt,Bangladesh Jamaat-e-Islami (Jamaat),dt=71040,Mohammad Abdullah ibn Abul Hossain,"bss,ds,tbs",Bangladesh Jamaat-e-Islami (Jamaat),bss=71040; ds=71040; tbs=71040,1.00,name+party match (sim=1.00) [vote-boosted]
Tangail 8,1,Md. Nazmul Hasan,ds,Jatiya Party (JaPa),ds=0,Md. Nazmul Hasan,tbs,Jatiya Party (JaPa),tbs=565,1.00,name+party match (sim=1.00)
Tangail 8,1,Md. Nazmul Hasan,dt,Jatiya Party (JaPa),dt=565,Md. Nazmul Hasan,"ds,tbs",Jatiya Party (JaPa),ds=0; tbs=565,1.00,name+party match (sim=1.00) [vote-boosted]
Tangail 8,1,Awal Mahmud,ds,Revolutionary Workers Party of Bangladesh (RWPB),ds=0,Awal Mahmud,tbs,Revolutionary Workers Party of Bangladesh (RWPB),tbs=510,1.00,name+party match (sim=1.00)
Tangail 8,1,Awal Mahmud,dt,Revolutionary Workers Party of Bangladesh (RWPB),dt=510,Awal Mahmud,"ds,tbs",Revolutionary Workers Party of Bangladesh (RWPB),ds=0; tbs=510,1.00,name+party match (sim=1.00) [vote-boosted]
Tangail 8,1,Ahmed Azam Khan,ds,Bangladesh Nationalist Party (BNP),ds=114217,Ahmed Azam Khan,tbs,Bangladesh Nationalist Party (BNP),tbs=114217,1.00,name+party match (sim=1.00) [vote-boosted]
Tangail 8,1,Ahmed Azam Khan,bss,Bangladesh Nationalist Party (BNP),bss=114217,Ahmed Azam Khan,"ds,tbs",Bangladesh Nationalist Party (BNP),ds=114217; tbs=114217,1.00,name+party match (sim=1.00) [vote-boosted]
Tangail 8,1,Ahmed Azam Khan,dt,Bangladesh Nationalist Party (BNP),dt=114217,Ahmed Azam Khan,"bss,ds,tbs",Bangladesh Nationalist Party (BNP),bss=114217; ds=114217; tbs=114217,1.00,name+party match (sim=1.00) [vote-boosted]
Tangail 8,1,Md. Alamgir Hossin,ds,Amjanatar Dol,ds=0,Md. Alamgir Hossain,tbs,Amjanatar Dol,tbs=330,1.00,name+party match (sim=1.00)
Tangail 8,1,Md. Alamgir Hossain,dt,Amjanatar Dol,dt=330,Md. Alamgir Hossain,"ds,tbs",Amjanatar Dol,ds=0; tbs=330,1.00,name+party match (sim=1.00) [vote-boosted]
Tangail 8,1,Md. Shafiqul Islam Khan,ds,Bangladesh Jamaat-e-Islami (Jamaat),ds=0,Md. Shafiqul Islam Khan,tbs,Bangladesh Jamaat-e-Islami (Jamaat),tbs=55709,1.00,name+party match (sim=1.00)
Tangail 8,1,Md. Shafiqul Islam Khan,dt,Bangladesh Jamaat-e-Islami (Jamaat),dt=55709,Md. Shafiqul Islam Khan,"ds,tbs",Bangladesh Jamaat-e-Islami (Jamaat),ds=0; tbs=55709,1.00,name+party match (sim=1.00) [vote-boosted]
Tangail 8,1,Salahuddin Alamgir,ds,Independent Candidate (Independent),ds=77130,Salahuddin Alamgir,tbs,Independent Candidate (Independent),tbs=77130,1.00,name+party match (sim=1.00) [vote-boosted]
Tangail 8,1,Salahuddin Alamgir,bss,Independent Candidate (Independent),bss=77130,Salahuddin Alamgir,"ds,tbs",Independent Candidate (Independent),ds=77130; tbs=77130,1.00,name+party match (sim=1.00) [vote-boosted]
Tangail 8,2,Salauddin Alamgir,dt,Jatiya Party (JaPa),dt=77130,Salahuddin Alamgir,"bss,ds,tbs",Independent Candidate (Independent),bss=77130; ds=77130; tbs=77130,1.00,"name+votes match, party differs: Jatiya Party (JaPa) → Independent Candidate (Independent)"
Thakurgaon 1,1,Delwar Hossain,ds,Bangladesh Jamaat-e-Islami (Jamaat),ds=141017,Delowar Hossain,tbs,Bangladesh Jamaat-e-Islami (Jamaat),tbs=141017,1.00,name+party match (sim=1.00) [vote-boosted]
Thakurgaon 1,1,Delawar Hossain,bss,Bangladesh Jamaat-e-Islami (Jamaat),bss=141017,Delowar Hossain,"ds,tbs",Bangladesh Jamaat-e-Islami (Jamaat),ds=141017; tbs=141017,1.00,name+party match (sim=1.00) [vote-boosted]
Thakurgaon 1,1,Delwar Hossain,dt,Bangladesh Jamaat-e-Islami (Jamaat),dt=141017,Delowar Hossain,"bss,ds,tbs",Bangladesh Jamaat-e-Islami (Jamaat),bss=141017; ds=141017; tbs=141017,1.00,name+party match (sim=1.00) [vote-boosted]
Thakurgaon 1,1,Mirza Fakhrul Islam Alamgir,ds,Bangladesh Nationalist Party (BNP),ds=238836,Mirza Fakhrul Islam Alamgir,tbs,Bangladesh Nationalist Party (BNP),tbs=238836,1.00,name+party match (sim=1.00) [vote-boosted]
Thakurgaon 1,1,Mirza Fakhrul Islam Alamgir,bss,Bangladesh Nationalist Party (BNP),bss=238836,Mirza Fakhrul Islam Alamgir,"ds,tbs",Bangladesh Nationalist Party (BNP),ds=238836; tbs=238836,1.00,name+party match (sim=1.00) [vote-boosted]
Thakurgaon 1,1,Mirza Fakhrul Islam Alamgir,dt,Bangladesh Nationalist Party (BNP),dt=238836,Mirza Fakhrul Islam Alamgir,"bss,ds,tbs",Bangladesh Nationalist Party (BNP),bss=238836; ds=238836; tbs=238836,1.00,name+party match (sim=1.00) [vote-boosted]
Thakurgaon 1,1,Md. Khademul Islam,ds,Islami Andolan Bangladesh (IAB),ds=0,Md. Khademul Islam,tbs,Islami Andolan Bangladesh (IAB),tbs=3851,1.00,name+party match (sim=1.00)
Thakurgaon 1,1,Md. Khademul Islam,dt,Islami Andolan Bangladesh (IAB),dt=3951,Md. Khademul Islam,"ds,tbs",Islami Andolan Bangladesh (IAB),ds=0; tbs=3851,1.00,name+party match (sim=1.00)
Thakurgaon 2,1,Mst. Nurun Nahar Begum,ds,Jatiya Party (JaPa),ds=0,Nurunnahar Begum,tbs,Jatiya Party (JaPa),tbs=2876,0.86,name+party match (sim=0.86)
Thakurgaon 2,1,Nurun Nahar Begum,dt,Jatiya Party (JaPa),dt=2876,Mst. Nurun Nahar Begum,"ds,tbs",Jatiya Party (JaPa),ds=0; tbs=2876,1.00,name+party match (sim=1.00) [vote-boosted]
Thakurgaon 2,1,Md. Abdul Hakim,ds,Bangladesh Jamaat-e-Islami (Jamaat),ds=115707,Md. Abdul Hakim,tbs,Bangladesh Jamaat-e-Islami (Jamaat),tbs=115707,1.00,name+party match (sim=1.00) [vote-boosted]
Thakurgaon 2,1,Md. Abdul Hakim,bss,Bangladesh Jamaat-e-Islami (Jamaat),bss=115707,Md. Abdul Hakim,"ds,tbs",Bangladesh Jamaat-e-Islami (Jamaat),ds=115707; tbs=115707,1.00,name+party match (sim=1.00) [vote-boosted]
Thakurgaon 2,1,Md. Abdul Hakim,dt,Bangladesh Jamaat-e-Islami (Jamaat),dt=115707,Md. Abdul Hakim,"bss,ds,tbs",Bangladesh Jamaat-e-Islami (Jamaat),bss=115707; ds=115707; tbs=115707,1.00,name+party match (sim=1.00) [vote-boosted]
Thakurgaon 2,1,Md. Abdus Salam,ds,Bangladesh Nationalist Party (BNP),ds=121017,Md. Abdus Salam,tbs,Bangladesh Nationalist Party (BNP),tbs=121017,1.00,name+party match (sim=1.00) [vote-boosted]
Thakurgaon 2,1,Md. Abdus Salam,bss,Bangladesh Nationalist Party (BNP),bss=121017,Md. Abdus Salam,"ds,tbs",Bangladesh Nationalist Party (BNP),ds=121017; tbs=121017,1.00,name+party match (sim=1.00) [vote-boosted]
Thakurgaon 2,1,Md. Abdus Salam,dt,Bangladesh Nationalist Party (BNP),dt=121017,Md. Abdus Salam,"bss,ds,tbs",Bangladesh Nationalist Party (BNP),bss=121017; ds=121017; tbs=121017,1.00,name+party match (sim=1.00) [vote-boosted]
Thakurgaon 2,1,Md. Nahid Rana,ds,Amar Bangladesh Party (AB),ds=0,Md. Nahid Rana,tbs,Amar Bangladesh Party (AB),tbs=451,1.00,name+party match (sim=1.00)
Thakurgaon 2,1,Md. Nahid-Rana,dt,Amar Bangladesh Party (AB),dt=451,Md. Nahid Rana,"ds,tbs",Amar Bangladesh Party (AB),ds=0; tbs=451,1.00,name+party match (sim=1.00) [vote-boosted]
Thakurgaon 2,1,Md. Faruk Hosen,ds,Gono Odhikar Parishad (GOP),ds=0,Md. Faruk Hossain,tbs,Gono Odhikar Parishad (GOP),tbs=1843,0.94,name+party match (sim=0.94)
Thakurgaon 2,1,Md. Faruk Hossain,dt,Gono Odhikar Parishad (GOP),dt=1843,Md. Faruk Hossain,"ds,tbs",Gono Odhikar Parishad (GOP),ds=0; tbs=1843,1.00,name+party match (sim=1.00) [vote-boosted]
Thakurgaon 2,1,Md. Rejaul Karim,ds,Islami Andolan Bangladesh (IAB),ds=0,Md. Rezaul Karim,tbs,Islami Andolan Bangladesh (IAB),tbs=437,0.94,name+party match (sim=0.94)
Thakurgaon 2,1,Md. Rezaul Karim,dt,Islami Andolan Bangladesh (IAB),dt=437,Md. Rezaul Karim,"ds,tbs",Islami Andolan Bangladesh (IAB),ds=0; tbs=437,1.00,name+party match (sim=1.00) [vote-boosted]
Thakurgaon 2,1,Shahab Uddin Ahmed,ds,Communist Party of Bangladesh (CPB),ds=0,Sahabuddin Ahned,tbs,Communist Party of Bangladesh (CPB),tbs=380,0.88,name+party match (sim=0.88)
Thakurgaon 2,1,Sahabuddin Ahmed,dt,Communist Party of Bangladesh (CPB),dt=380,Shahab Uddin Ahmed,"ds,tbs",Communist Party of Bangladesh (CPB),ds=0; tbs=380,0.95,name+party match (sim=0.95) [vote-boosted]
Thakurgaon 3,1,Sm Khalilur Rahman Sarkar,ds,Bangladesh Muslim League (BML),ds=0,S. M. Khalilur Rahman Sarkar,tbs,Bangladesh Muslim League (BML),tbs=113,1.00,name+party match (sim=1.00)
Thakurgaon 3,1,S. M. Khalilur Rahman Sarkar,dt,Bangladesh Muslim League (BML),dt=113,S. M. Khalilur Rahman Sarkar,"ds,tbs",Bangladesh Muslim League (BML),ds=0; tbs=113,1.00,name+party match (sim=1.00) [vote-boosted]
Thakurgaon 3,1,Probhat Somir Sahjahan Alom,ds,Communist Party of Bangladesh (CPB),ds=0,Provat Somir Shahjahan Alam,tbs,Communist Party of Bangladesh (CPB),tbs=1548,0.89,name+party match (sim=0.89)
Thakurgaon 3,1,Prabhat Samir Shahjahan Alam,dt,Communist Party of Bangladesh (CPB),dt=1548,Provat Somir Shahjahan Alam,"ds,tbs",Communist Party of Bangladesh (CPB),ds=0; tbs=1548,0.90,name+party match (sim=0.90) [vote-boosted]
Thakurgaon 3,1,Mst. Asha Moni,ds,Independent Candidate (Independent),ds=0,Mst. Asha Moni,tbs,Independent Candidate (Independent),tbs=279,1.00,name+party match (sim=1.00)
Thakurgaon 3,1,Mosammat Asha Moni,dt,Independent Candidate (Independent),dt=279,Mst. Asha Moni,"ds,tbs",Independent Candidate (Independent),ds=0; tbs=279,1.00,name+party match (sim=1.00) [vote-boosted]
Thakurgaon 3,1,Md. Abul Kalam Azad,ds,Bangladesh Supreme Party (BSP),ds=0,Md. Abul Kalam Azad,tbs,Bangladesh Supreme Party (BSP),tbs=503,1.00,name+party match (sim=1.00)
Thakurgaon 3,1,Md. Abul Kalam Azad,dt,Bangladesh Supreme Party (BSP),dt=503,Md. Abul Kalam Azad,"ds,tbs",Bangladesh Supreme Party (BSP),ds=0; tbs=503,1.00,name+party match (sim=1.00) [vote-boosted]
Thakurgaon 3,1,Md. Al Amin,ds,Islami Andolan Bangladesh (IAB),ds=0,Md. Al Amin,tbs,Islami Andolan Bangladesh (IAB),tbs=1295,1.00,name+party match (sim=1.00)
Thakurgaon 3,1,Md. Al Amin,dt,Islami Andolan Bangladesh (IAB),dt=1295,Md. Al Amin,"ds,tbs",Islami Andolan Bangladesh (IAB),ds=0; tbs=1295,1.00,name+party match (sim=1.00) [vote-boosted]
Thakurgaon 3,1,Md. Jahidur Rahman,ds,Bangladesh Nationalist Party (BNP),ds=132797,Md. Zahidur Rahman,tbs,Bangladesh Nationalist Party (BNP),tbs=132797,0.94,name+party match (sim=0.94) [vote-boosted]
Thakurgaon 3,1,Md. Zahidur Rahman,bss,Bangladesh Nationalist Party (BNP),bss=132797,Md. Zahidur Rahman,"ds,tbs",Bangladesh Nationalist Party (BNP),ds=132797; tbs=132797,1.00,name+party match (sim=1.00) [vote-boosted]
Thakurgaon 3,1,Md. Zahidur Rahman,dt,Bangladesh Nationalist Party (BNP),dt=132797,Md. Zahidur Rahman,"bss,ds,tbs",Bangladesh Nationalist Party (BNP),bss=132797; ds=132797; tbs=132797,1.00,name+party match (sim=1.00) [vote-boosted]
Thakurgaon 3,1,Md. Mamunur Rashid Mamun,ds,Gono Odhikar Parishad (GOP),ds=0,Md. Mamunur Rashid Mamun,tbs,Gono Odhikar Parishad (GOP),tbs=552,1.00,name+party match (sim=1.00)
Thakurgaon 3,1,Md. Mamunur Rashid Mamun,dt,Gono Odhikar Parishad (GOP),dt=552,Md. Mamunur Rashid Mamun,"ds,tbs",Gono Odhikar Parishad (GOP),ds=0; tbs=552,1.00,name+party match (sim=1.00) [vote-boosted]
Thakurgaon 3,1,Md. Mizanur Rahman,ds,Bangladesh Jamaat-e-Islami (Jamaat),ds=91934,Md. Mizanur Rahman,tbs,Bangladesh Jamaat-e-Islami (Jamaat),tbs=91934,1.00,name+party match (sim=1.00) [vote-boosted]
Thakurgaon 3,1,Md. Mizanur Rahman,bss,Bangladesh Jamaat-e-Islami (Jamaat),bss=91934,Md. Mizanur Rahman,"ds,tbs",Bangladesh Jamaat-e-Islami (Jamaat),ds=91934; tbs=91934,1.00,name+party match (sim=1.00) [vote-boosted]
Thakurgaon 3,1,Md. Mizanur Rahman,dt,Bangladesh Jamaat-e-Islami (Jamaat),dt=91934,Md. Mizanur Rahman,"bss,ds,tbs",Bangladesh Jamaat-e-Islami (Jamaat),bss=91934; ds=91934; tbs=91934,1.00,name+party match (sim=1.00) [vote-boosted]
Thakurgaon 3,1,Hafiz Uddin Ahmed,ds,Jatiya Party (JaPa),ds=0,Hafiz Uddin Ahmed,tbs,Jatiya Party (JaPa),tbs=27133,1.00,name+party match (sim=1.00)
Thakurgaon 3,1,Hafiz Uddin Ahmed,dt,Jatiya Party (JaPa),dt=27133,Hafiz Uddin Ahmed,"ds,tbs",Jatiya Party (JaPa),ds=0; tbs=27133,1.00,name+party match (sim=1.00) [vote-boosted]
Thakurgaon 3,1,Kamala Kanta Roy,ds,Bangladesh Minority Janata Party (BMJP),ds=0,Kamala Kanto Roy,tbs,Bangladesh Minority Janata Party (BMJP),tbs=680,1.00,name+party match (sim=1.00)
Thakurgaon 3,1,Kamala Kanta Roy,dt,Bangladesh Minority Janata Party (BMJP),dt=680,Kamala Kanto Roy,"ds,tbs",Bangladesh Minority Janata Party (BMJP),ds=0; tbs=680,1.00,name+party match (sim=1.00) [vote-boosted]
