seat_name,candidate,party,votes
Panchagarh 1,Nazmul Haque Pradhan,Jatiya Samajtantrik Dal (JSD),3009
Panchagarh 1,Md. Nawshad Zamir,Bangladesh Nationalist Party (BNP),176169
Panchagarh 1,Md. Abdul Wadud,Bangladesh Supreme Party (BSP),1018
Panchagarh 1,Md. Mahfuzar Rahman,Gono Odhikar Parishad (GOP),836
Panchagarh 1,Md. Sarjis Alam,National Citizen Party (NCP),168049
Panchagarh 1,Md. Ferdous Alam,Bangladesh Labour Party,683
Panchagarh 1,Md. Sirajul Islam,Bangladesh Nationalist Front (BNF),261
Panchagarh 2,Farhad Hossain Azad,Bangladesh Nationalist Party (BNP),174650
Panchagarh 2,Mahmud Hossain Sumon,Independent Candidate (Independent),1854
Panchagarh 2,Md. Ashraful Alam,Communist Party of Bangladesh (CPB),935
Panchagarh 2,Mdf.Emran Al Amin,Jatiya Samajtantrik Dal (JSD),953
Panchagarh 2,Md. Kamrul Hasan Pradhan,Islami Andolan Bangladesh (IAB),4391
Panchagarh 2,Md. Delwar Hossain,Bangladesh Supreme Party (BSP),1352
Panchagarh 2,Lutfur Rahman Ripon,Jatiya Party (JaPa),2152
Panchagarh 2,Md. Shafiul Alam,Bangladesh Jamaat-e-Islami (Jamaat),128862
Thakurgaon 1,Delowar Hossain,Bangladesh Jamaat-e-Islami (Jamaat),141017
Thakurgaon 1,Mirza Fakhrul Islam Alamgir,Bangladesh Nationalist Party (BNP),238836
Thakurgaon 1,Md. Khademul Islam,Islami Andolan Bangladesh (IAB),3851
Thakurgaon 2,Nurunnahar Begum,Jatiya Party (JaPa),2876
Thakurgaon 2,Md. Abdul Hakim,Bangladesh Jamaat-e-Islami (Jamaat),115707
Thakurgaon 2,Md. Abdus Salam,Bangladesh Nationalist Party (BNP),121017
Thakurgaon 2,Md. Nahid Rana,Amar Bangladesh Party (AB),451
Thakurgaon 2,Md. Faruk Hossain,Gono Odhikar Parishad (GOP),1843
Thakurgaon 2,Md. Rezaul Karim,Islami Andolan Bangladesh (IAB),437
Thakurgaon 2,Sahabuddin Ahned,Communist Party of Bangladesh (CPB),380
Thakurgaon 3,S. M. Khalilur Rahman Sarkar,Bangladesh Muslim League (BML),113
Thakurgaon 3,Provat Somir Shahjahan Alam,Communist Party of Bangladesh (CPB),1548
Thakurgaon 3,Mst. Asha Moni,Independent Candidate (Independent),279
Thakurgaon 3,Md. Abul Kalam Azad,Bangladesh Supreme Party (BSP),503
Thakurgaon 3,Md. Al Amin,Islami Andolan Bangladesh (IAB),1295
Thakurgaon 3,Md. Zahidur Rahman,Bangladesh Nationalist Party (BNP),132797
Thakurgaon 3,Md. Mamunur Rashid Mamun,Gono Odhikar Parishad (GOP),552
Thakurgaon 3,Md. Mizanur Rahman,Bangladesh Jamaat-e-Islami (Jamaat),91934
Thakurgaon 3,Hafiz Uddin Ahmed,Jatiya Party (JaPa),27133
Thakurgaon 3,Kamala Kanto Roy,Bangladesh Minority Janata Party (BMJP),680
Dinajpur 1,Md. Chan Mia,Islami Andolan Bangladesh (IAB),3095
Dinajpur 1,Md. Matiur Rahman,Bangladesh Jamaat-e-Islami (Jamaat),117481
Dinajpur 1,Md. Manzurul Islam,Bangladesh Nationalist Party (BNP),179314
Dinajpur 1,Md. Rizwanul Islam,Gono Odhikar Parishad (GOP),395
Dinajpur 1,Md. Shahinur Islam,Jatiya Party (JaPa),1530
Dinajpur 1,Raghunath Chandra Roy,Zaker Party (ZP),2280
Dinajpur 2,Anwar Chowdhury Jibon,Independent Candidate (Independent),3857
Dinajpur 2,Akm Afzalul Anam,Bangladesh Jamaat-e-Islami (Jamaat),104887
Dinajpur 2,Jobayer Sayed,Khelafat Majlis,1046
Dinajpur 2,Md. Redwanul Karim Rabid,Islami Andolan Bangladesh (IAB),1061
Dinajpur 2,Anm Bazlur Rashid,Independent Candidate (Independent),15618
Dinajpur 2,Md. Zulfikar Hossain,Jatiya Party (JaPa),4647
Dinajpur 2,Md. Mokaram Hossain,Bangladesh Muslim League (BML),4610
Dinajpur 2,Md. Sadiq Riaz,Bangladesh Nationalist Party (BNP),139622
Dinajpur 3,Amrit Kumar Roy,Communist Party of Bangladesh (CPB),701
Dinajpur 3,Ahmed Shafi Rubel,Jatiya Party (JaPa),3838
Dinajpur 3,Md. Khairuzzaman,Islami Andolan Bangladesh (IAB),1408
Dinajpur 3,Md. Mainul Alam,Bangladesh Jamaat-e-Islami (Jamaat),136239
Dinajpur 3,Syed Jahangir Alam,Bangladesh Nationalist Party (BNP),140608
Dinajpur 3,Md. Rabiul Islam,Janotar Dol,337
Dinajpur 3,Kibria Hossain,Bangladesh Samajtantrik Dal (Basad),283
Dinajpur 4,Md. Akhtaruzzaman Mia,Bangladesh Nationalist Party (BNP),166717
Dinajpur 4,Md. Anwar Hossain,Islami Andolan Bangladesh (IAB),1699
Dinajpur 4,Md. Aftabuddin Molla,Bangladesh Jamaat-e-Islami (Jamaat),129056
Dinajpur 4,Md. Nurul Amin Shah,Jatiya Party (JaPa),3152
Dinajpur 5,Akm Kamruzzaman,Bangladesh Nationalist Party (BNP),98544
Dinajpur 5,Azm Rezwanul Haque,Independent Candidate (Independent),114484
Dinajpur 5,S. M. Zakaria Bacchu,Independent Candidate (Independent),4725
Dinajpur 5,Md. Kazi Abdul Gafur,Jatiya Party (JaPa),1503
Dinajpur 5,Md. Rustam Ali,Independent Candidate (Independent),567
Dinajpur 5,Md. Hazrat Ali Belal,Independent Candidate (Independent),3027
Dinajpur 5,Md. Abdul Ahad,National Citizen Party (NCP),110195
Dinajpur 6,Abu Jafar Md. Zahid Hossain,Bangladesh Nationalist Party (BNP),205118
Dinajpur 6,Md. Abdullah,Independent Candidate (Independent),418
Dinajpur 6,Md. Nur Alam Siddiqui,Islami Andolan Bangladesh (IAB),1659
Dinajpur 6,Md. Rezaul Haque,Jatiya Party (JaPa),2689
Dinajpur 6,Md. Shahnewaz Firoz Shuvo Shah,Independent Candidate (Independent),152
Dinajpur 6,Md. Anwarul Islam,Bangladesh Jamaat-e-Islami (Jamaat),190703
Dinajpur 6,Md. Abdul Hakim,Bangladesh Samajtantrik Dal (Basad),449
Nilphamari 1,Jebel Rahman Ghaani,Bangladesh National Awami Party–Bangladesh NAP (BNAP),4477
Nilphamari 1,Mawlana Md. Monzurul Islam,Jamiat Ulema-e-Islam Bangladesh (JUIB),119059
Nilphamari 1,Md. Abdus Sattar,Bangladesh Jamaat-e-Islami (Jamaat),150824
Nilphamari 1,Md. Abdul Jalil,Islami Andolan Bangladesh (IAB),1871
Nilphamari 1,Md. Makhdum Azam Mashrafe,Jatiya Party (Manju) (JP–Manju),4501
Nilphamari 1,Md. Taslim Uddin,Jatiya Party (JaPa),12276
Nilphamari 1,Md. Rafiqul Islam,Socialist Party of Bangladesh (Marxist) (SPB-M),312
Nilphamari 1,Md. Sirajul Islam,Bangladesh Nationalist Front (BNF),210
Nilphamari 1,Md. Taslim Uddin,Jatiya Party (JaPa),12276
Nilphamari 2,Alfaruq Abdul Latif,Bangladesh Jamaat-e-Islami (Jamaat),146430
Nilphamari 2,Md. Minhazul Islam Minhaz,Independent Candidate (Independent),307
Nilphamari 2,Md. Sarwarul Alam,Khelafat Majlis,351
Nilphamari 2,Shahrin Islam,Bangladesh Nationalist Party (BNP),135418
Nilphamari 2,Md. Sirajul Islam,Bangladesh Nationalist Front (BNF),193
Nilphamari 2,Hasibul Islam,Islami Andolan Bangladesh (IAB),3260
Nilphamari 3,Alhaz Sayed Ali,Bangladesh Nationalist Party (BNP),89807
Nilphamari 3,Obaidullah Salafi,Bangladesh Jamaat-e-Islami (Jamaat),109686
Nilphamari 3,Amzad Hossain Sarker,Islami Andolan Bangladesh (IAB),990
Nilphamari 3,Rohan Chowdhury,Jatiya Party (JaPa),3391
Nilphamari 4,Abdul Muttakim,Bangladesh Jamaat-e-Islami (Jamaat),126222
Nilphamari 4,S. M. Mamunur Rashid,Independent Candidate (Independent),436
Nilphamari 4,Jobaidur Rahman Hira,Independent Candidate (Independent),1008
Nilphamari 4,Md. Abdul Gafur Sarkar,Bangladesh Nationalist Party (BNP),82086
Nilphamari 4,Md. Riyad Arfan Sarkar,Independent Candidate (Independent),3826
Nilphamari 4,Md. Shahidul Islam,Islami Andolan Bangladesh (IAB),8335
Nilphamari 4,Md. Siddiqul Alam,Jatiya Party (JaPa),67757
Nilphamari 4,Md. Maidul Islam,Socialist Party of Bangladesh (Marxist) (SPB-M),630
Nilphamari 4,Mirza Md. Shawkat Akbar,Bangladesh Jatiya Party (BJP),97
Lalmonirhat 1,Anowarul Islam Razu,Bangladesh Jamaat-e-Islami (Jamaat),129572
Lalmonirhat 1,Md. Hasan Razib Prodhan,Bangladesh Nationalist Party (BNP),138686
Lalmonirhat 2,Md. Firoz Haidar,Bangladesh Jamaat-e-Islami (Jamaat),107886
Lalmonirhat 2,Md. Rokon Uddin Babul,Bangladesh Nationalist Party (BNP),118359
Lalmonirhat 3,Asadul Habib Dulu,Bangladesh Nationalist Party (BNP),139651
Lalmonirhat 3,Md. Abu Taher,Bangladesh Jamaat-e-Islami (Jamaat),56244
Rangpur 1,Md. Mokarram Hossain Sujon,Bangladesh Nationalist Party (BNP),69407
Rangpur 1,Md. Raihan Siraji,Bangladesh Jamaat-e-Islami (Jamaat),145088
Rangpur 2,Anisul Islam Mondol,Jatiya Party (JaPa),19693
Rangpur 2,A. T. M. Azharul Islam,Bangladesh Jamaat-e-Islami (Jamaat),89456
Rangpur 2,Md. Ali Sarkar,Bangladesh Nationalist Party (BNP),53626
Rangpur 3,Mahbubur Rahman Belal,Bangladesh Jamaat-e-Islami (Jamaat),175827
Rangpur 3,Shamsuzzaman Shamu,Bangladesh Nationalist Party (BNP),84578
Rangpur 4,Akhter Hossain,National Citizen Party (NCP),149966
Rangpur 4,Md. Emdadul Haque Varosha,Bangladesh Nationalist Party (BNP),140564
Rangpur 5,S. M. Fakhruz Zaman,Jatiya Party (JaPa),14944
Rangpur 5,Md. Golam Rabbani,Bangladesh Nationalist Party (BNP),115116
Rangpur 5,Md. Golam Rabbani,Bangladesh Jamaat-e-Islami (Jamaat),176411
Rangpur 6,Md. Nurul Amin,Bangladesh Jamaat-e-Islami (Jamaat),120128
Rangpur 6,Md. Saiful Islam,Bangladesh Nationalist Party (BNP),117703
Kurigram 1,Md. Anowarul Islam,Bangladesh Jamaat-e-Islami (Jamaat),141090
Kurigram 1,Saifur Rahman Rana,Bangladesh Nationalist Party (BNP),123025
Kurigram 2,Atiqur Rahman Mujahid,National Citizen Party (NCP),178869
Kurigram 2,Md. Sohel Hossain Kaikobad,Bangladesh Nationalist Party (BNP),170335
Kurigram 3,Md. Akkas Ali Sarker,Islami Andolan Bangladesh (IAB),33380
Kurigram 3,Tasvir Ul Islam,Bangladesh Nationalist Party (BNP),672
Kurigram 3,Md. Mahbubul Alam,Bangladesh Jamaat-e-Islami (Jamaat),106923
Kurigram 4,Md. Azizur Rahman,Bangladesh Nationalist Party (BNP),83762
Kurigram 4,Md. Mostafizur Rahman,Bangladesh Jamaat-e-Islami (Jamaat),106347
Kurigram 4,Md. Hafizur Rahman,Islami Andolan Bangladesh (IAB),9449
Gaibandha 1,Khondokar Ziaul Islam Md. Ali,Bangladesh Nationalist Party (BNP),37997
Gaibandha 1,Md. Mazedur Rahman,Bangladesh Jamaat-e-Islami (Jamaat),140726
Gaibandha 2,Md. Anisuzzam Khan Babu,Bangladesh Nationalist Party (BNP),92890
Gaibandha 2,Md. Abdul Karim,Bangladesh Jamaat-e-Islami (Jamaat),122630
Gaibandha 3,Prof Mainul Hasan Sadik,Bangladesh Nationalist Party (BNP),139864
Gaibandha 3,Abul Kaowsar Md. Nazrul Islam,Bangladesh Jamaat-e-Islami (Jamaat),162457
Gaibandha 4,Md. Shamim Kaisar,Bangladesh Nationalist Party (BNP),142772
Gaibandha 4,Md. Abdur Rahim Sarkar,Bangladesh Jamaat-e-Islami (Jamaat),139738
Gaibandha 5,Md. Abdul Wareth,Bangladesh Jamaat-e-Islami (Jamaat),89274
Gaibandha 5,Md. Faruk Alam Sarkar,Bangladesh Nationalist Party (BNP),73483
Joypurhat 1,Md. Wazed Parvej,Bangladesh Samajtantrik Dal (Basad),578
Joypurhat 1,Towfika Dewan,Socialist Party of Bangladesh (Marxist) (SPB-M),617
Joypurhat 1,Md. Fazlur Rahman Sayed,Bangladesh Jamaat-e-Islami (Jamaat),165192
Joypurhat 1,Md. Masud Rana Prodhan,Bangladesh Nationalist Party (BNP),155309
Joypurhat 1,Sabekun Nahar,Independent Candidate (Independent),13286
Joypurhat 2,S. A. Zahid,Amar Bangladesh Party (AB),1555
Joypurhat 2,S. M. Rashedul Alam,Bangladesh Jamaat-e-Islami (Jamaat),92517
Joypurhat 2,Md. Abdul Bari,Bangladesh Nationalist Party (BNP),158065
Bogura 1,Abm Mostofa Kamal Pasha,Islami Andolan Bangladesh (IAB),1026
Bogura 1,Kazi Rafiqul Islam,Bangladesh Nationalist Party (BNP),171440
Bogura 1,Md. Zulfiqar Ali,Gono Forum (GF),298
Bogura 1,Md. Shahabuddin,Bangladesh Jamaat-e-Islami (Jamaat),57959
Bogura 1,Md. Asadul Haque,Bangladesh Congress,597
Bogura 2,Abul Azad Md. Shaduzzam,Bangladesh Jamaat-e-Islami (Jamaat),93548
Bogura 2,Mir Shahe Alam,Bangladesh Nationalist Party (BNP),145137
Bogura 2,Md. Jamal Uddin,Islami Andolan Bangladesh (IAB),913
Bogura 2,Md. Rezaul Karim Talu,Independent Candidate (Independent),183
Bogura 2,Md. Selim Sarkar,Gono Odhikar Parishad (GOP),274
Bogura 2,Shariful Islam Jinnah,Jatiya Party (JaPa),434
Bogura 2,Mahmudur Rahman Manna,Nagorik Oikya (NO),3426
Bogura 3,Nur Mohhammad,Bangladesh Jamaat-e-Islami (Jamaat),111026
Bogura 3,Md. Abdul Muhit Talukdar,Bangladesh Nationalist Party (BNP),127406
Bogura 3,Md. Shahjahan Ali Talukdar,Islami Andolan Bangladesh (IAB),1789
Bogura 3,Md. Shahinul Islam,Jatiya Party (JaPa),1495
Bogura 4,Muha. Idris Ali,Islami Andolan Bangladesh (IAB),2954
Bogura 4,Md. Mosharraf Hossain,Bangladesh Nationalist Party (BNP),155339
Bogura 4,Md. Mostafa Faisal,Bangladesh Jamaat-e-Islami (Jamaat),108978
Bogura 4,Shaheen Mostafa Kamal,Jatiya Party (JaPa),1107
Bogura 5,Khan Qudrat E Sakrain,Bangladesh Liberal Democratic Party (LDP),1134
Bogura 5,Golam Md. Siraj,Bangladesh Nationalist Party (BNP),248841
Bogura 5,Mir Md. Mahmudur Rahman,Islami Andolan Bangladesh (IAB),5558
Bogura 5,Md. Dabibur Rahman,Bangladesh Jamaat-e-Islami (Jamaat),143329
Bogura 5,Shipon Kumar Rabidas,Communist Party of Bangladesh (CPB),1782
Bogura 6,Abdullah Al Waki,Jatiya Samajtantrik Dal (JSD),276
Bogura 6,Abu Numan Md. Mamunur Rashid,Islami Andolan Bangladesh (IAB),2508
Bogura 6,Dilruba,Bangladesh Samajtantrik Dal (Basad),795
Bogura 6,Md. Abidur Rahman,Bangladesh Jamaat-e-Islami (Jamaat),97626
Bogura 6,Tarique Rahman,Bangladesh Nationalist Party (BNP),216284
Bogura 7,Morshed Milton,Bangladesh Nationalist Party (BNP),264212
Bogura 7,Md. Ansar Ali,Bangladesh Muslim League (BML),536
Bogura 7,Md. Golam Rabbani,Bangladesh Jamaat-e-Islami (Jamaat),116665
Bogura 7,Md. Shafiqul Islam,Islami Andolan Bangladesh (IAB),2061
Chapainawabganj 1,Nabab Md. Shamsul Hoda,Bangladesh Islami Front (BIF),446
Chapainawabganj 1,Moha. Afzal Hossain,Jatiya Party (JaPa),2263
Chapainawabganj 1,Md. Abdul Halim,Bangladesh Sangskritik Muktijote (BSM),557
Chapainawabganj 1,Md. Keramat Ali,Bangladesh Jamaat-e-Islami (Jamaat),206893
Chapainawabganj 1,Md. Monirul Islam,Islami Andolan Bangladesh (IAB),1083
Chapainawabganj 1,Md. Shahjahan Mia,Bangladesh Nationalist Party (BNP),162515
Chapainawabganj 2,Mu. Khurshid Alam,Jatiya Party (JaPa),8175
Chapainawabganj 2,Mu.Mizanur Rahman,Bangladesh Jamaat-e-Islami (Jamaat),171227
Chapainawabganj 2,Md. Aminul Islam,Bangladesh Nationalist Party (BNP),155119
Chapainawabganj 2,Md. Ibrahim Khalil,Islami Andolan Bangladesh (IAB),1069
Chapainawabganj 2,Md. Sadekul Isalm,Communist Party of Bangladesh (CPB),626
Chapainawabganj 3,Md. Nurul Islam,Bangladesh Jamaat-e-Islami (Jamaat),189640
Chapainawabganj 3,Md. Fazlul Islam Khan,Jatiya Samajtantrik Dal (JSD),637
Chapainawabganj 3,Md. Monirul Islam,Islami Andolan Bangladesh (IAB),820
Chapainawabganj 3,Md. Shofiqul Islam,Gono Odhikar Parishad (GOP),361
Chapainawabganj 3,Md. Harunur Rashid,Bangladesh Nationalist Party (BNP),127037
Naogaon 1,Md. Mahbubul Alam,Bangladesh Jamaat-e-Islami (Jamaat),153816
Naogaon 1,Md. Akber Ali,Jatiya Party (JaPa),4243
Naogaon 1,Md. A. H. Shah,Islami Andolan Bangladesh (IAB),9058
Naogaon 1,Md. Shalek Chowdhury,Independent Candidate (Independent),18088
Naogaon 1,Md. Mostafizur Rahman,Bangladesh Nationalist Party (BNP),173864
Naogaon 2,Md. Enamul Haque,Bangladesh Jamaat-e-Islami (Jamaat),141526
Naogaon 2,Md. Matibul Islam,Amar Bangladesh Party (AB),2680
Naogaon 2,Md. Samsujjoha Khan,Bangladesh Nationalist Party (BNP),134533
Naogaon 3,Kalipada Sarkar,Bangladesh Samajtantrik Dal (Basad),1233
Naogaon 3,Nasir Bin Asgar,Islami Andolan Bangladesh (IAB),3643
Naogaon 3,Parvez Arefin Siddiqui,Independent Candidate (Independent),17129
Naogaon 3,Md. Fazle Huda,Bangladesh Nationalist Party (BNP),166889
Naogaon 3,Md. Masud Rana,Jatiya Party (JaPa),4869
Naogaon 3,Md. Mahfuzur Rahman,Bangladesh Jamaat-e-Islami (Jamaat),119421
Naogaon 3,Md. Saddam Hossain,Independent Candidate (Independent),823
Naogaon 3,Abdullah Al Mamun Soikot,Bangladesh Nationalist Front (BNF),195
Naogaon 4,Ekramul Bari Tipu,Bangladesh Nationalist Party (BNP),133928
Naogaon 4,S. M. Fazlur Rahman,Communist Party of Bangladesh (CPB),2313
Naogaon 4,Md. Abdur Rakib,Bangladesh Jamaat-e-Islami (Jamaat),97585
Naogaon 4,Md. Altaf Hossain,Jatiya Party (JaPa),1327
Naogaon 4,Sohrab Hossain,Islami Andolan Bangladesh (IAB),609
Naogaon 4,Mst. Arfana Begum,Independent Candidate (Independent),712
Naogaon 5,Abu Sadat Md. Sayem,Bangladesh Jamaat-e-Islami (Jamaat),104747
Naogaon 5,Md. Anwar Hossain,Jatiya Party (JaPa),2176
Naogaon 5,Md. Abdur Rahman,Islami Andolan Bangladesh (IAB),4101
Naogaon 5,Md. Zahidul Islam Dhalu,Bangladesh Nationalist Party (BNP),129385
Naogaon 5,Shafiqul Islam,Communist Party of Bangladesh (CPB),741
Naogaon 6,Atikur Rahman Ratan Molla,Bangladesh Republican Party (BRP),555
Naogaon 6,Alamgir Kabir,Independent Candidate (Independent),19638
Naogaon 6,Md. Khobirul Islam,Bangladesh Jamaat-e-Islami (Jamaat),97629
Naogaon 6,Md. Rafiqul Islam,Islami Andolan Bangladesh (IAB),1833
Naogaon 6,Sheikh Md. Rezaul Islam,Bangladesh Nationalist Party (BNP),108866
Rajshahi 1,Md. Al Saad,Independent Candidate (Independent),663
Rajshahi 1,Mir Md. Shahjahan,Gono Odhikar Parishad (GOP),407
Rajshahi 1,Md. Sharif Uddin,Bangladesh Nationalist Party (BNP),169902
Rajshahi 1,Md. Mujibur Rahman,Bangladesh Jamaat-e-Islami (Jamaat),171786
Rajshahi 1,Md. Abdur Rahman,Amar Bangladesh Party (AB),1100
Rajshahi 2,Md. Shamsul Alam,Nagorik Oikya (NO),552
Rajshahi 2,Md. Mizanur Rahman Minu,Bangladesh Nationalist Party (BNP),128546
Rajshahi 2,Md. Jahangir,Bangladesh Jamaat-e-Islami (Jamaat),100370
Rajshahi 2,Saleh Ahmed,Independent Candidate (Independent),801
Rajshahi 2,Mu Saeed Noman,Amar Bangladesh Party (AB),796
Rajshahi 3,Md. Afzal Hossain,Jatiya Party (JaPa),2390
Rajshahi 3,Md. Shafiqul Haque Milon,Bangladesh Nationalist Party (BNP),176318
Rajshahi 3,Md. Fazlur Rahman,Islami Andolan Bangladesh (IAB),1154
Rajshahi 3,Md. Abul Kalam Azad,Bangladesh Jamaat-e-Islami (Jamaat),137927
Rajshahi 3,Mst. Habiba Begum,Independent Candidate (Independent),1177
Rajshahi 4,D. M. D. Ziaur Rahman,Bangladesh Nationalist Party (BNP),109461
Rajshahi 4,Md. Abdul Bari Sardar,Bangladesh Jamaat-e-Islami (Jamaat),115226
Rajshahi 4,Md. Tajul Islam Khan,Islami Andolan Bangladesh (IAB),670
Rajshahi 4,Md. Fazlul Haque,Jatiya Party (JaPa),1759
Rajshahi 5,Md. Altaf Hossain Molla,Bangladesh Supreme Party (BSP),938
Rajshahi 5,Prof. Nazrul Islam,Bangladesh Nationalist Party (BNP),153425
Rajshahi 5,Md. Ruhul Amin,Islami Andolan Bangladesh (IAB),620
Rajshahi 5,Md. Raihan Kawsar,Independent Candidate (Independent),442
Rajshahi 5,Md. Isfa Khairul Haque,Independent Candidate (Independent),2496
Rajshahi 5,Manjur Rahman,Bangladesh Jamaat-e-Islami (Jamaat),73445
Rajshahi 5,Rezaul Karim,Independent Candidate (Independent),6432
Rajshahi 6,Abu Sayed Chand,Bangladesh Nationalist Party (BNP),148672
Rajshahi 6,Md. Iqbal Hossain,Jatiya Party (JaPa),2930
Rajshahi 6,Md. Nazmul Haque,Bangladesh Jamaat-e-Islami (Jamaat),92965
Rajshahi 6,Abdus Salam Suruj,Islami Andolan Bangladesh (IAB),1628
Natore 1,Md. Mehedi Hasan,Gono Odhikar Parishad (GOP),298
Natore 1,Md. Yasir Arshad,Independent Candidate (Independent),80
Natore 1,Md. Abul Kalam Azad,Bangladesh Jamaat-e-Islami (Jamaat),90568
Natore 1,Farzana Sharmin,Bangladesh Nationalist Party (BNP),102726
Natore 1,Taiful Islam Tipu,Independent Candidate (Independent),73173
Natore 1,Abdullah Hil Baki,Islami Andolan Bangladesh (IAB),1269
Natore 1,Md. . Shahed Ali Jinnah,Jatiya Party (JaPa),552
Natore 1,Md. Moazzem Hossain,Independent Candidate (Independent),115
Natore 2,M. Ruhul Quddus Talukder Dulu,Bangladesh Nationalist Party (BNP),162841
Natore 2,Tahamida Islam Tania,Ganosanhati Andolan (GSA),464
Natore 2,Md. Yunus Ali,Bangladesh Jamaat-e-Islami (Jamaat),130066
Natore 2,Md. Nurunnabi Mridha,Independent Candidate (Independent),621
Natore 2,Md. Rakib Uddin,Jatiya Party (JaPa),2587
Natore 2,Md. Ali Siddiqui,Islami Andolan Bangladesh (IAB),2757
Natore 3,S. M. Jarjis Kadir,National Citizen Party (NCP),20707
Natore 3,Md. Anwarul Islam,Bangladesh Nationalist Party (BNP),119768
Natore 3,Md. Ashik Iqbal,Jatiya Party (JaPa),2119
Natore 3,Md. Khalilur Rahman,Islami Andolan Bangladesh (IAB),19105
Natore 3,Md. Delowar Hossain,Independent Candidate (Independent),372
Natore 3,Md. Daudar Mahmud,Independent Candidate (Independent),66492
Natore 4,Md. Abdul Aziz,Bangladesh Nationalist Party (BNP),170551
Natore 4,Md. Abdul Hakim,Bangladesh Jamaat-e-Islami (Jamaat),135386
Natore 4,Md. Emdadullah,Islami Andolan Bangladesh (IAB),3845
Natore 4,Md. Mokshedul Momin,Amar Bangladesh Party (AB),259
Natore 4,M. Yusuf Ahmed,Jatiya Party (JaPa),2799
Sirajganj 1,Md. Selim Reza,Bangladesh Nationalist Party (BNP),115132
Sirajganj 1,Md. Nazmus Sakib,Nagorik Oikya (NO),321
Sirajganj 1,Md. Zahurul Islam,Jatiya Party (JaPa),2234
Sirajganj 1,Md. Shahinur Alam,Bangladesh Jamaat-e-Islami (Jamaat),106732
Sirajganj 1,Md. Abdus Sabur,Independent Candidate (Independent),263
Sirajganj 1,Mst. Mallika Khatun,Gono Odhikar Parishad (GOP),1170
Sirajganj 2,Iqbal Hasan Mahmud,Bangladesh Nationalist Party (BNP),177578
Sirajganj 2,S. M. Abdullah Al Mamun,Bangladesh Samajtantrik Dal (Basad),864
Sirajganj 2,Md. Sohel Rana,Janotar Dol,181
Sirajganj 2,Md. Mahfuzur Rahman,Gono Odhikar Parishad (GOP),410
Sirajganj 2,Md. Jahidul Islam,Bangladesh Jamaat-e-Islami (Jamaat),138797
Sirajganj 2,Md. Mohibullah,Islami Andolan Bangladesh (IAB),2167
Sirajganj 2,Md. Anwar Hossain,Communist Party of Bangladesh (CPB),769
Sirajganj 3,Md. Fazlul Haque,Jatiya Party (JaPa),1658
Sirajganj 3,Md. Aynul Haque,Bangladesh Nationalist Party (BNP),174430
Sirajganj 3,Muha. Abdur Rouf Sarkar,Khelafat Majlis,116802
Sirajganj 3,Md. Elias Reza Robin,Independent Candidate (Independent),1006
Sirajganj 4,Md. Rafiqul Islam Khan,Bangladesh Jamaat-e-Islami (Jamaat),161872
Sirajganj 4,M. Akbar Ali,Bangladesh Nationalist Party (BNP),161278
Sirajganj 5,Md. Motiar Rahman,Communist Party of Bangladesh (CPB),328
Sirajganj 5,Md. Akbar Hossain,Jatiya Party (JaPa),1224
Sirajganj 5,Md. Amirul Islam Khan,Bangladesh Nationalist Party (BNP),134989
Sirajganj 5,Nurun Nabi,Islami Andolan Bangladesh (IAB),5759
Sirajganj 5,Md. Yusuf Ali,Gono Odhikar Parishad (GOP),235
Sirajganj 5,Md. Ali Alam,Bangladesh Jamaat-e-Islami (Jamaat),106805
Sirajganj 6,M. A. Muhit,Bangladesh Nationalist Party (BNP),171508
Sirajganj 6,S. M. Saif Mostafiz,National Citizen Party (NCP),103884
Pabna 1,Md. Shamsur Rahman,Bangladesh Nationalist Party (BNP),104245
Pabna 1,Md. Nazibur Rahman,Bangladesh Jamaat-e-Islami (Jamaat),129974
Pabna 1,Md. Abdul Gani,Islami Andolan Bangladesh (IAB),1114
Pabna 1,Md. Tajul Islam,Independent Candidate (Independent),1033
Pabna 2,Sheikh Nasir Uddin,Gono Forum (GF),333
Pabna 2,Md. Mehedi Hasan Rubel,Jatiya Party (JaPa),2260
Pabna 2,Md. Hesab Uddin,Bangladesh Jamaat-e-Islami (Jamaat),77242
Pabna 2,Md. Afzal Hossain Khan Kashemi,Islami Andolan Bangladesh (IAB),5884
Pabna 2,A. K. M. Selim Reza Habib,Bangladesh Nationalist Party (BNP),215406
Pabna 3,K. M. Anwarul Islam,Independent Candidate (Independent),38027
Pabna 3,Md. Hasanul Islam,Gono Odhikar Parishad (GOP),986
Pabna 3,Md. Abdul Khalek,Islami Andolan Bangladesh (IAB),1769
Pabna 3,Md. Mahbubur Rahman Joy Chowdhury,Bangladesh Supreme Party (BSP),1420
Pabna 3,Md. Ali Asgar,Bangladesh Jamaat-e-Islami (Jamaat),147475
Pabna 3,Md. Hasan Zafir Tuhin,Bangladesh Nationalist Party (BNP),144206
Pabna 3,Sardar Asha Parvez,Gono Forum (GF),173
Pabna 3,Mir Nadim Md. Dablu,Jatiya Party (JaPa),1072
Pabna 4,Md. Sohag Hosen,Communist Party of Bangladesh (CPB),459
Pabna 4,Md. Zakaria Pintu,Independent Candidate (Independent),27970
Pabna 4,Shahnaz Haque,Nagorik Oikya (NO),182
Pabna 4,Md. Saiful Azad Mallik,Jatiya Party (JaPa),955
Pabna 4,Md. Abu Taleb Mondol,Bangladesh Jamaat-e-Islami (Jamaat),137675
Pabna 4,Md. Habibur Rahman,Bangladesh Nationalist Party (BNP),133874
Pabna 4,Md. Anwar Shah,Islami Andolan Bangladesh (IAB),2688
Pabna 5,Md. Najmul Hossain,Islami Andolan Bangladesh (IAB),4268
Pabna 5,Md. Shamshur Rahman Shimul Biswas,Bangladesh Nationalist Party (BNP),181925
Pabna 5,Md. Iqbal Hossain,Bangladesh Jamaat-e-Islami (Jamaat),164994
Pabna 5,Md. Abdul Majid Molla,Amar Bangladesh Party (AB),442
Meherpur 1,Md. Abdul Hamid,Jatiya Party (JaPa),1429
Meherpur 1,Masud Arun,Bangladesh Nationalist Party (BNP),105441
Meherpur 1,Md. Tajuddin Khan,Bangladesh Jamaat-e-Islami (Jamaat),123271
Meherpur 1,Moha Mizanur Rahman,Communist Party of Bangladesh (CPB),792
Meherpur 2,Md. Amzad Hossain,Bangladesh Nationalist Party (BNP),85988
Meherpur 2,Md. Nazmul Huda,Bangladesh Jamaat-e-Islami (Jamaat),96306
Kushtia 1,Md. Shahriar Jamil,Jatiya Party (JaPa),1094
Kushtia 1,Md. Shahabul Islam,Gono Odhikar Parishad (GOP),613
Kushtia 1,Md. Gias Uddin,Jatiya Samajtantrik Dal (JSD),203
Kushtia 1,Md. Belal Uddin,Bangladesh Jamaat-e-Islami (Jamaat),86682
Kushtia 1,Md. Aminul Islam,Islami Andolan Bangladesh (IAB),4063
Kushtia 1,Md. Nuruzzaman,Independent Candidate (Independent),17864
Kushtia 1,Reza Ahammed,Bangladesh Nationalist Party (BNP),165909
Kushtia 1,Moha Badiruzzaman,Bangladesh Islami Front (BIF),241
Kushtia 2,Ragib Rauf Chowdhury,Bangladesh Nationalist Party (BNP),143821
Kushtia 2,Md. Ali,Islami Andolan Bangladesh (IAB),3887
Kushtia 2,Md. Babul Akter,Bangladesh Islami Front (BIF),1123
Kushtia 2,Nur Uddin Ahmed,Communist Party of Bangladesh (CPB),805
Kushtia 2,Md. Abdul Gafur,Bangladesh Jamaat-e-Islami (Jamaat),192083
Kushtia 3,Md. Amir Hamza,Bangladesh Jamaat-e-Islami (Jamaat),182476
Kushtia 3,Md. Abdullah Akhand,Islami Andolan Bangladesh (IAB),5153
Kushtia 3,Mir Nazmul Islam,Bangladesh Samajtantrik Dal (Basad),442
Kushtia 3,Moha Shariful Islam,Gono Odhikar Parishad (GOP),299
Kushtia 3,Md. Zakir Hossain Sarkar,Bangladesh Nationalist Party (BNP),127559
Kushtia 3,Mosammat Rumpa Khatun,Bangladesh Republican Party (BRP),475
Kushtia 4,Syed Mehdi Ahmed Rumi,Bangladesh Nationalist Party (BNP),139603
Kushtia 4,Md. Afzal Hossain,Bangladesh Jamaat-e-Islami (Jamaat),148201
Kushtia 4,Md. Abdul Hakim Mia,Gono Forum (GF),255
Kushtia 4,Anwar Khan,Islami Andolan Bangladesh (IAB),13739
Kushtia 4,Tarun Kumar Ghosh,Bangladesh Minority Janata Party (BMJP),671
Kushtia 4,Md. Shahidul Islam,Bangladesh Labour Party,308
Chuadanga 1,Md. Masud Parvez,Bangladesh Jamaat-e-Islami (Jamaat),211041
Chuadanga 1,Md. Sharifuzzaman,Bangladesh Nationalist Party (BNP),153193
Chuadanga 1,Md. Zahurul Islam,Islami Andolan Bangladesh (IAB),10122
Chuadanga 2,Md. Ruhul Amin,Bangladesh Jamaat-e-Islami (Jamaat),208011
Chuadanga 2,Md. Hasanuzzaman,Islami Andolan Bangladesh (IAB),6374
Chuadanga 2,Mahmud Hasan Khan,Bangladesh Nationalist Party (BNP),163877
Jhenaidah 1,Md. Asaduzzaman,Bangladesh Nationalist Party (BNP),173381
Jhenaidah 1,Abu Saleh Md. Matiur Rahman,Bangladesh Jamaat-e-Islami (Jamaat),57055
Jhenaidah 1,Monika Alam,Jatiya Party (JaPa),969
Jhenaidah 1,Md. Matiar Rahman,Amar Bangladesh Party (AB),610
Jhenaidah 1,Shahidul Enam Pallab Mia,Socialist Party of Bangladesh (Marxist) (SPB-M),309
Jhenaidah 2,Hm Momtajur Rahman,Islami Andolan Bangladesh (IAB),4571
Jhenaidah 2,Md. Abdul Majid,Bangladesh Nationalist Party (BNP),175984
Jhenaidah 2,Md. Asadul Islam,Bangladesh Samajtantrik Dal (Basad),340
Jhenaidah 2,Ali Azam Md. Abu Bakar,Bangladesh Jamaat-e-Islami (Jamaat),195702
Jhenaidah 2,Saogat Ul Islam,Jatiya Party (JaPa),994
Jhenaidah 2,Md. Abu Towab,Communist Party of Bangladesh (CPB),557
Jhenaidah 3,Md. Mehedi Hasan,Bangladesh Nationalist Party (BNP),149821
Jhenaidah 3,Md. Matiar Rahman,Bangladesh Jamaat-e-Islami (Jamaat),175857
Jhenaidah 3,Md. Suman Kabir,Gono Odhikar Parishad (GOP),388
Jhenaidah 3,Sarwar Hossain,Islami Andolan Bangladesh (IAB),3820
Jhenaidah 4,Md. Abu Talib,Bangladesh Jamaat-e-Islami (Jamaat),105999
Jhenaidah 4,Md. Saiful Islam Firoz,Independent Candidate (Independent),77104
Jhenaidah 4,Emdadul Islam,Jatiya Party (JaPa),613
Jhenaidah 4,Khaniya Khanam,Gono Forum (GF),267
Jhenaidah 4,Abdul Jalil,Islami Andolan Bangladesh (IAB),3907
Jhenaidah 4,Md. Rashed Khan,Bangladesh Nationalist Party (BNP),77104
Jashore 1,Md. Baktiar Rahman,Islami Andolan Bangladesh (IAB),1768
Jashore 1,Md. Azizur Rahman,Bangladesh Jamaat-e-Islami (Jamaat),119093
Jashore 1,Md. Nuruzzaman Liton,Bangladesh Nationalist Party (BNP),93542
Jashore 1,Md. Jahangir Alam Chonchol,Jatiya Party (JaPa),1398
Jashore 2,Md. Shamsul Haque,Bangladesh Nationalist Front (BNF),203
Jashore 2,Md. Mehedi Hasan,Independent Candidate (Independent),389
Jashore 2,Md. Zahurul Islam,Independent Candidate (Independent),188
Jashore 2,Md. Moslehuddin Farid,Bangladesh Jamaat-e-Islami (Jamaat),180965
Jashore 2,Md. Idris Ali,Islami Andolan Bangladesh (IAB),5781
Jashore 2,Md. Imran Khan,Bangladesh Samajtantrik Dal (Basad),472
Jashore 2,Ripon Mahmud,Amar Bangladesh Party (AB),416
Jashore 2,Mst. Sabira Sultana,Bangladesh Nationalist Party (BNP),146447
Jashore 3,Md. Abdul Qader,Bangladesh Jamaat-e-Islami (Jamaat),187463
Jashore 3,Md. Rashed Khan,Communist Party of Bangladesh (CPB),753
Jashore 3,Md. Khobir Gazi,Jatiya Party (JaPa),3404
Jashore 3,Md. Nizamuddin Amit,Jatiya Ganatantrik Party (JAGPA),1772
Jashore 3,Anindya Islam Amit,Bangladesh Nationalist Party (BNP),201339
Jashore 3,Md. Shoaib Hossain,Islami Andolan Bangladesh (IAB),13322
Jashore 4,M. Nazim Uddin Al Azad,Independent Candidate (Independent),797
Jashore 4,Md. Golam Rasool,Bangladesh Jamaat-e-Islami (Jamaat),176912
Jashore 4,Md. Matiar Rahman Farazi,Bangladesh Nationalist Party (BNP),131917
Jashore 4,Sukriti Kumar Mandal,Bangladesh Minority Janata Party (BMJP),1510
Jashore 4,Md. Zahurul Haque,Jatiya Party (JaPa),1751
Jashore 4,Md. Asheq Elahi,Khelafat Majlis,301
Jashore 5,Md. Zainal Abedin,Islami Andolan Bangladesh (IAB),4400
Jashore 5,Rashid Ahmad,Bangladesh Nationalist Party (BNP),54875
Jashore 5,Gazi Enamul Haque,Bangladesh Jamaat-e-Islami (Jamaat),132876
Jashore 5,Md. Iqbal Hossain,Independent Candidate (Independent),85045
Jashore 5,Md. A. Halim,Jatiya Party (JaPa),2245
Jashore 6,Md. Moktar Ali,Bangladesh Jamaat-e-Islami (Jamaat),92234
Jashore 6,Md. Mahmud Hasan,Amar Bangladesh Party (AB),672
Jashore 6,Md. Abul Hossain Azad,Bangladesh Nationalist Party (BNP),80141
Jashore 6,Md. Shahidul Islam,Islami Andolan Bangladesh (IAB),1285
Jashore 6,G. M. Hasan,Jatiya Party (JaPa),990
Magura 1,Abdul Matin,Bangladesh Jamaat-e-Islami (Jamaat),89691
Magura 1,Md. Nazirul Islam,Islami Andolan Bangladesh (IAB),13414
Magura 1,Md. Khalilur Rahman,Gono Odhikar Parishad (GOP),292
Magura 1,Md. Monowar Hossain,Bangladesh Nationalist Party (BNP),185338
Magura 1,Kazi Rezaul Hossain,Bangladesh Congress,821
Magura 1,Md. Zakir Hossain Molla,Jatiya Party (JaPa),1767
Magura 1,Shompa Basu,Bangladesh Samajtantrik Dal (Basad),1237
Magura 2,Md. Mushtarshed Billah,Bangladesh Jamaat-e-Islami (Jamaat),117018
Magura 2,Moshiyar Rahman,Jatiya Party (JaPa),2947
Magura 2,Mostofa Kamal,Islami Andolan Bangladesh (IAB),16223
Magura 2,Nitai Roy Chowdhury,Bangladesh Nationalist Party (BNP),147896
Narail 1,S. M. Sajjad Hossain,Independent Candidate (Independent),898
Narail 1,Ujjal Molla,Independent Candidate (Independent),230
Narail 1,Bishwas Jahangir Alam,Bangladesh Nationalist Party (BNP),99975
Narail 1,Md. Obaidullah,Bangladesh Jamaat-e-Islami (Jamaat),75225
Narail 1,B. M. Nagib Hossain,Independent Candidate (Independent),1113
Narail 1,Abdul Aziz,Islami Andolan Bangladesh (IAB),6352
Narail 1,Md. Milton Molla,Jatiya Party (JaPa),461
Narail 1,Sukesh Saha Ananda,Independent Candidate (Independent),864
Narail 2,Md. Ataur Rahman,Bangladesh Jamaat-e-Islami (Jamaat),118142
Narail 2,A. Z. M. Fariduzzaman,Bangladesh Nationalist Party (BNP),45463
Narail 2,Md. Tajul Islam,Islami Andolan Bangladesh (IAB),4729
Narail 2,Khandaker Fayekuzzaman,Jatiya Party (JaPa),688
Narail 2,Md. Nur Islam,Gono Odhikar Parishad (GOP),339
Narail 2,Md. Monirul Islam,Independent Candidate (Independent),78457
Narail 2,Mst. Farida Yasmin,Independent Candidate (Independent),219
Narail 2,Md. Shoaib Ali,Bangladesh Sangskritik Muktijote (BSM),220
Bagerhat 1,S. M. Golam Sarwar,Jatiya Party (JaPa),571
Bagerhat 1,M. D. Shamsul Haque,Bangladesh Muslim League (BML),242
Bagerhat 1,Kapil Krishna Mondal,Bangladesh Nationalist Party (BNP),114323
Bagerhat 1,A. Sabur Sheikh,Bangladesh Muslim League (BML),167
Bagerhat 1,Md. Aminul Islam,Amar Bangladesh Party (AB),291
Bagerhat 1,Md. Sheikh Masud Rana,Independent Candidate (Independent),6467
Bagerhat 1,Md. Mashiur Rahman Khan,Bangladesh Jamaat-e-Islami (Jamaat),117527
Bagerhat 1,M. A. H. Selim,Independent Candidate (Independent),5283
Bagerhat 2,M. A. H. Selim,Independent Candidate (Independent),48965
Bagerhat 2,Sheikh Md. Zakir Hossain,Bangladesh Nationalist Party (BNP),66409
Bagerhat 2,Sheikh Atiar Rahman,Islami Andolan Bangladesh (IAB),4313
Bagerhat 2,Sheikh Manjurul Haque,Bangladesh Jamaat-e-Islami (Jamaat),117709
Bagerhat 3,M. A. H. Selim,Independent Candidate (Independent),425
Bagerhat 3,Md. Abdul Wadud Sheikh,Bangladesh Jamaat-e-Islami (Jamaat),83550
Bagerhat 3,Md. Habibur Rahman Master,Jatiya Samajtantrik Dal (JSD),349
Bagerhat 3,Sheikh Faridul Islam,Bangladesh Nationalist Party (BNP),102661
Bagerhat 3,Sheikh Zillur Rahman,Islami Andolan Bangladesh (IAB),3640
Bagerhat 4,Md. Omar Faruk,Islami Andolan Bangladesh (IAB),8501
Bagerhat 4,Md. Abdul Alim,Bangladesh Jamaat-e-Islami (Jamaat),116067
Bagerhat 4,Md. A. Latif Khan,Jatiya Samajtantrik Dal (JSD),315
Bagerhat 4,Kazi Khairuzzaman,Independent Candidate (Independent),229
Bagerhat 4,Sajon Kumar Mistri,Jatiya Party (JaPa),1147
Bagerhat 4,Som Nath De,Bangladesh Nationalist Party (BNP),98326
Khulna 1,Kishor Kumar Roy,Communist Party of Bangladesh (CPB),4742
Khulna 1,G. M. Rokonuzzaman,Gono Odhikar Parishad (GOP),84
Khulna 1,Achintya Kumar Mondal,Independent Candidate (Independent),710
Khulna 1,Md. Jahangir Hossain,Jatiya Party (JaPa),630
Khulna 1,Krishna Nandi,Bangladesh Jamaat-e-Islami (Jamaat),70346
Khulna 1,Gobinda Halder,Independent Candidate (Independent),894
Khulna 1,Prosenjit Dutta,Jatiya Samajtantrik Dal (JSD),513
Khulna 1,Amir Ejaz Khan,Bangladesh Nationalist Party (BNP),121352
Khulna 1,Md. Abu Sayed,Islami Andolan Bangladesh (IAB),5619
Khulna 1,Subrata Mondal,Bangladesh Somo Odhikar Party (BEP),169
Khulna 1,Prabir Gopal Roy,Bangladesh Minority Janata Party (BMJP),567
Khulna 1,Sunil Shubho Roy,Bangladesh Islami Front (BIF),881
Khulna 2,Sheikh Jahangir Hossain Helal,Bangladesh Jamaat-e-Islami (Jamaat),93789
Khulna 2,Nazrul Islam Manju,Bangladesh Nationalist Party (BNP),88197
Khulna 2,Amanullah,Islami Andolan Bangladesh (IAB),7298
Khulna 3,Md. A. A. Auwal,Islami Andolan Bangladesh (IAB),5705
Khulna 3,Rakibul Islam,Bangladesh Nationalist Party (BNP),74845
Khulna 3,Md. Mahfuzur Rahman,Bangladesh Jamaat-e-Islami (Jamaat),66010
Khulna 3,Moin Md. Mayaz,Independent Candidate (Independent),98
Khulna 3,Md. Abul Hasnat Siddiqui,Independent Candidate (Independent),68
Khulna 3,Md. Murad Khan Liton,Independent Candidate (Independent),83
Khulna 3,Md. Abdullah Al Mamun,Jatiya Party (JaPa),1070
Khulna 3,S. M. Arifur Rahman,Independent Candidate (Independent),838
Khulna 3,Janardan Dutta,Bangladesh Samajtantrik Dal (Basad),246
Khulna 3,Sheikh Arman Hossain,Nationalist Democratic Movement (NDM),141
Khulna 4,S. M. Sakhaowat Hossain,Khelafat Majlis,109530
Khulna 4,Yunus Ahmed Sheikh,Islami Andolan Bangladesh (IAB),13345
Khulna 4,S. K. Azizul Bari,Bangladesh Nationalist Party (BNP),123162
Khulna 4,S. M. Azmal Hossain,Independent Candidate (Independent),859
Khulna 5,Shamim Ara Parvin,Jatiya Party (JaPa),1319
Khulna 5,Mia Golam Parwar,Bangladesh Jamaat-e-Islami (Jamaat),146246
Khulna 5,Md. Ali Asgar,Bangladesh Nationalist Party (BNP),148854
Khulna 5,Chitta Ranjan Goldar,Communist Party of Bangladesh (CPB),1790
Khulna 6,Md. Abul Kalam Azad,Bangladesh Jamaat-e-Islami (Jamaat),150724
Khulna 6,Md. Mostafa Kamal Jahangir,Jatiya Party (JaPa),2717
Khulna 6,S. M. Monirul Hasan,Bangladesh Nationalist Party (BNP),124710
Khulna 6,Md. Asadullah Fakir,Islami Andolan Bangladesh (IAB),2950
Khulna 6,Prashanta Kumar Mondal,Communist Party of Bangladesh (CPB),1571
Satkhira 1,Md. Iyarul Islam,Bangladesh Congress,715
Satkhira 1,Sheikh Md. Rezaul Karim,Islami Andolan Bangladesh (IAB),2071
Satkhira 1,Md. Izzat Ullah,Bangladesh Jamaat-e-Islami (Jamaat),193772
Satkhira 1,Md. Habibul Islam Habib,Bangladesh Nationalist Party (BNP),169995
Satkhira 1,Ziaur Rahman,Jatiya Party (JaPa),2544
Satkhira 2,Md. Abdur Rauf,Bangladesh Nationalist Party (BNP),116293
Satkhira 2,Md. Abdul Khalek,Bangladesh Jamaat-e-Islami (Jamaat),266959
Satkhira 2,Mufti Rabiul Islam,Islami Andolan Bangladesh (IAB),1976
Satkhira 2,Md. Idris Ali,Jatiya Samajtantrik Dal (JSD),317
Satkhira 2,Md. Ashrafuzzaman,Jatiya Party (JaPa),4278
Satkhira 3,Md. Waj Qurani,Islami Andolan Bangladesh (IAB),2497
Satkhira 3,Hafez Md. Rabiul Bashar,Bangladesh Jamaat-e-Islami (Jamaat),184233
Satkhira 3,Rubel Hossain,Bangladesh Minority Janata Party (BMJP),583
Satkhira 3,Md. Shahidul Alam,Independent Candidate (Independent),105379
Satkhira 3,Md. Alip Hossain,Jatiya Party (JaPa),722
Satkhira 3,Kazi Alauddin,Bangladesh Nationalist Party (BNP),56819
Satkhira 4,S. M. Mostafa Al Mamun,Islami Andolan Bangladesh (IAB),4902
Satkhira 4,G. M. Nazrul Islam,Bangladesh Jamaat-e-Islami (Jamaat),106913
Satkhira 4,Md. Abdur Rashid,Jatiya Party (JaPa),1142
Satkhira 4,Md. Moniruzzaman,Bangladesh Nationalist Party (BNP),85426
Barguna 1,Md. Nazrul Islam Molla,Bangladesh Nationalist Party (BNP),136145
Barguna 1,Md. Jahangir Hossain,Khelafat Majlis,6232
Barguna 1,Md. Ali Ullah,Islami Andolan Bangladesh (IAB),140291
Barguna 1,Md. Jamal Hossain,Jatiya Party (Manju) (JP–Manju),981
Barguna 2,Md. Nurul Islam,Bangladesh Nationalist Party (BNP),90643
Barguna 2,Md. Mizanur Rahman,Islami Andolan Bangladesh (IAB),16463
Barguna 2,Md. Sabbir Ahmed,Bangladesh Congress,219
Barguna 2,Md. Kamruzzaman Liton,Bangladesh Jatiya Party (BJP),115
Barguna 2,Abdul Latif Faraji,Jatiya Party (JaPa),1248
Barguna 2,Md. Najes Afroze,Nationalist Democratic Movement (NDM),294
Barguna 2,Sultan Ahmed,Bangladesh Jamaat-e-Islami (Jamaat),85247
Barguna 2,Md. Solaiman,National People's Party (NPP),95
Barguna 2,Md. Rashed Ud Zaman,Independent Candidate (Independent),298
Patuakhali 1,Altaf Hossain Chowdhury,Bangladesh Nationalist Party (BNP),152087
Patuakhali 1,Md. Firoz Alam,Islami Andolan Bangladesh (IAB),58161
Patuakhali 1,Goutam Chandra Shil,Jatiya Samajtantrik Dal (JSD),1334
Patuakhali 1,Md. Shahidul Islam Fahim,Gono Odhikar Parishad (GOP),347
Patuakhali 1,Md. Abdul Ohab,Amar Bangladesh Party (AB),46010
Patuakhali 1,A. Mannan Hawladar,Jatiya Party (JaPa),1055
Patuakhali 2,Md. Shafiqul Islam,Bangladesh Jamaat-e-Islami (Jamaat),100750
Patuakhali 2,Malek Hossain,Islami Andolan Bangladesh (IAB),14418
Patuakhali 2,Md. Ruhul Amin,Amar Bangladesh Party (AB),410
Patuakhali 2,Md. Habibur Rahman,Gono Odhikar Parishad (GOP),353
Patuakhali 2,Md. Shahidul Alam Talukdar,Bangladesh Nationalist Party (BNP),72676
Patuakhali 3,Md. Shah Alam,Bangladesh Jamaat-e-Islami (Jamaat),16255
Patuakhali 3,Md. Nurul Haque,Gono Odhikar Parishad (GOP),97323
Patuakhali 3,Md. Hasan Mamun,Independent Candidate (Independent),81361
Patuakhali 3,Md. Abu Bakar Siddiqui,Islami Andolan Bangladesh (IAB),38188
Patuakhali 3,Sm Fazlul Haque,Independent Candidate (Independent),978
Patuakhali 4,Mostafizur Rahman,Islami Andolan Bangladesh (IAB),70127
Patuakhali 4,A. B. M. Mosharraf Hossain,Bangladesh Nationalist Party (BNP),124013
Patuakhali 4,Zahir Uddin Ahmed,Khelafat Majlis,14985
Patuakhali 4,Md. Rabiul Hasan,Gono Odhikar Parishad (GOP),202
Bhola 1,Andaleeve Rahman,Bangladesh Jatiya Party (BJP),105543
Bhola 1,Md. Nazrul Islam,Bangladesh Jamaat-e-Islami (Jamaat),75337
Bhola 1,Md. Ashraf Ali,Bangladesh Islami Front (BIF),303
Bhola 1,Md. Obaidur Rahman,Islami Andolan Bangladesh (IAB),25245
Bhola 1,Md. Akbar Hossain,Jatiya Party (JaPa),599
Bhola 1,Md. Ainur Rahman Jewel Mia,Gono Odhikar Parishad (GOP),1103
Bhola 1,Rafizul Hossain,Independent Candidate (Independent),134
Bhola 1,Md. Mizanur Rahman,National People's Party (NPP),217
Bhola 2,Md. Hafiz Ibrahim,Bangladesh Nationalist Party (BNP),119085
Bhola 2,Mokfar Uddin Chowdhury,Bangladesh Liberal Democratic Party (LDP),381
Bhola 2,Taslima Begum,Independent Candidate (Independent),291
Bhola 2,Md. Ala Uddin,Amjanatar Dol,370
Bhola 2,Md. Jahangir Alam Ritu,Jatiya Party (JaPa),450
Bhola 2,Md. Fazlul Karim,Bangladesh Jamaat-e-Islami (Jamaat),93703
Bhola 2,Md. Zakir Hossain Khandaker,Independent Candidate (Independent),596
Bhola 2,Mohibullah Khokon,Independent Candidate (Independent),546
Bhola 3,Hafiz Uddin Ahmed Bir Bikram,Bangladesh Nationalist Party (BNP),145990
Bhola 3,Md. Mosleh Uddin,Islami Andolan Bangladesh (IAB),7255
Bhola 3,Md. Kamal Uddin,Jatiya Party (JaPa),789
Bhola 3,Md. Abu Taiyeb,Gono Odhikar Parishad (GOP),260
Bhola 3,Md. Nizamul Haque,Bangladesh Development Party (BDP),57351
Bhola 3,Md. Rahmat Ullah,Independent Candidate (Independent),508
Bhola 4,Md. Mostofa Kamal,Bangladesh Jamaat-e-Islami (Jamaat),81937
Bhola 4,Md. Jalal Uddin Rumi,Amjanatar Dol,176
Bhola 4,Abul Mokarram Md. Kamal Uddin,Islami Andolan Bangladesh (IAB),24935
Bhola 4,Md. Nurul Islam,Bangladesh Nationalist Party (BNP),189351
Bhola 4,Md. Mizanur Rahman,Jatiya Party (JaPa),545
Bhola 4,Md. Abul Kalam,Nationalist Democratic Movement (NDM),208
Bhola 4,Md. Rafiqul Islam,Independent Candidate (Independent),235
Barishal 1,Md. Kamrul Islam Khan,Bangladesh Jamaat-e-Islami (Jamaat),46263
Barishal 1,Zahir Uddin Swapon,Bangladesh Nationalist Party (BNP),100552
Barishal 1,Abdus Sobhan,Independent Candidate (Independent),44188
Barishal 1,Md. Rasel Sardar,Islami Andolan Bangladesh (IAB),6846
Barishal 1,Cherniabat Sekandar Ali,Jatiya Party (Manju) (JP–Manju),1736
Barishal 2,Sardar Sarfuddin Ahmed,Bangladesh Nationalist Party (BNP),141622
Barishal 2,Md. Nesar Uddin,Islami Andolan Bangladesh (IAB),6021
Barishal 2,Abdul Mannan,Bangladesh Jamaat-e-Islami (Jamaat),78082
Barishal 2,M. A. Jalil,Jatiya Party (JaPa),1199
Barishal 2,Saheb Ali,National People's Party (NPP),185
Barishal 2,Ranjit Kumar Baroi,Gono Odhikar Parishad (GOP),700
Barishal 2,Md. Abul Kalam Azad,Jatiya Samajtantrik Dal (JSD),135
Barishal 2,A. Haque,Jatiya Party (Manju) (JP–Manju),2329
Barishal 3,Md. Sirajul Islam,Islami Andolan Bangladesh (IAB),16325
Barishal 3,Zainul Abedin,Bangladesh Nationalist Party (BNP),80930
Barishal 3,Yamin Hm Fardin,Gono Odhikar Parishad (GOP),860
Barishal 3,Md. Asaduzzaman Bhuiya,Amar Bangladesh Party (AB),61192
Barishal 3,Golam Kibria Tipu,Jatiya Party (JaPa),14184
Barishal 3,Md. Azmul Hasan Jihad,Bangladesh Samajtantrik Dal (Basad),214
Barishal 4,Abdul Jalil,Bangladesh Sangskritik Muktijote (BSM),413
Barishal 4,Abdus Salam Khokon,Jatiya Samajtantrik Dal (JSD),334
Barishal 4,Syed Eshak Md. Abul Khayer,Islami Andolan Bangladesh (IAB),36753
Barishal 4,Md. Rajib Ahsan,Bangladesh Nationalist Party (BNP),128322
Barishal 4,Md. Abdul Jabbar,Bangladesh Jamaat-e-Islami (Jamaat),74684
Barishal 5,Abdul Hannan Sikdar,National People's Party (NPP),494
Barishal 5,Monisha Chakraborty,Bangladesh Samajtantrik Dal (Basad),22486
Barishal 5,Md. Mojibur Rahman Sarwar,Bangladesh Nationalist Party (BNP),135146
Barishal 5,Akhtar Rahman,Jatiya Party (JaPa),909
Barishal 5,Mufti Syed Md. Faizul Karim,Islami Andolan Bangladesh (IAB),95044
Barishal 5,Md. Saidur Rahman,Socialist Party of Bangladesh (Marxist) (SPB-M),300
Barishal 6,Mufti Syed Md. Faizul Karim,Islami Andolan Bangladesh (IAB),29146
Barishal 6,Abdul Quddus,Bangladesh Muslim League (BML),244
Barishal 6,Md. Salahuddin Mia,Gono Odhikar Parishad (GOP),139
Barishal 6,Md. Mahmudun Nabi,Bangladesh Jamaat-e-Islami (Jamaat),55988
Barishal 6,Abul Hossain Khan,Bangladesh Nationalist Party (BNP),82217
Barishal 6,Md. Kamrul Islam Khan,Independent Candidate (Independent),366
Jhalokathi 1,M. Moin Alam Firozi,Independent Candidate (Independent),593
Jhalokathi 1,Rafiqul Islam Jamal,Bangladesh Nationalist Party (BNP),62010
Jhalokathi 1,Md. Jasim Uddin Talukdar,Janotar Dol,63
Jhalokathi 1,Md. Kamruzzaman Khan,Jatiya Party (JaPa),321
Jhalokathi 1,Faizul Haq,Bangladesh Jamaat-e-Islami (Jamaat),55120
Jhalokathi 1,Ibrahim,Islami Andolan Bangladesh (IAB),7744
Jhalokathi 1,Md. Sohrab Hossain,Jatiya Samajtantrik Dal (JSD),110
Jhalokathi 1,Md. Shahadat Hossain,Gono Odhikar Parishad (GOP),132
Jhalokathi 1,Md. Sabbir Ahmed,Independent Candidate (Independent),345
Jhalokathi 2,Israt Sultana Elen Bhutto,Bangladesh Nationalist Party (BNP),113419
Jhalokathi 2,Syed Razzak Ali,Independent Candidate (Independent),3125
Jhalokathi 2,Md. Mahmudul Islam Sagar,Gono Odhikar Parishad (GOP),212
Jhalokathi 2,Md. Sirajul Islam Siraji,Islami Andolan Bangladesh (IAB),24543
Jhalokathi 2,S. M. Neyamul Karim,Bangladesh Jamaat-e-Islami (Jamaat),70556
Jhalokathi 2,Md. Nuruddin Sardar,Independent Candidate (Independent),77
Jhalokathi 2,Forkan Hossain,National People's Party (NPP),127
Jhalokathi 2,Masud Parvez,Jatiya Samajtantrik Dal (JSD),105
Pirojpur 1,Masud Sayeedi,Bangladesh Jamaat-e-Islami (Jamaat),132659
Pirojpur 1,Alamgir Hossain,Bangladesh Nationalist Party (BNP),107105
Pirojpur 2,Faisal Khan,Amar Bangladesh Party (AB),390
Pirojpur 2,Md. Abul Kalam Azad,Islami Andolan Bangladesh (IAB),6697
Pirojpur 2,Md. Anisur Rahman,Gono Odhikar Parishad (GOP),145
Pirojpur 2,Md. Mahibul Hossain,Jatiya Party (JaPa),4705
Pirojpur 2,Mahmud Hossain,Independent Candidate (Independent),16219
Pirojpur 2,Shamim Saeedi,Bangladesh Jamaat-e-Islami (Jamaat),96897
Pirojpur 2,Ahmed Sohail Manzur,Bangladesh Nationalist Party (BNP),105185
Pirojpur 3,Md. Rustam Ali Farazi,Islami Andolan Bangladesh (IAB),35968
Pirojpur 3,Md. Ruhul Amin Dulal,Bangladesh Nationalist Party (BNP),63791
Pirojpur 3,Tauhiduzzaman,Independent Candidate (Independent),231
Pirojpur 3,Md. Shamim Hamidi,National Citizen Party (NCP),36616
Pirojpur 3,Karim Sikdar,Jatiya Samajtantrik Dal (JSD),212
Pirojpur 3,Md. Mashreful Azam,Jatiya Party (JaPa),169
Tangail 1,Md. Ilyas Hossain,Jatiya Party (JaPa),2194
Tangail 1,Md. Abdullah Kafi,Bangladesh Jamaat-e-Islami (Jamaat),94462
Tangail 1,Md. Harun Or Rashid,Islami Andolan Bangladesh (IAB),1731
Tangail 1,Fakir Mahbub Anam,Bangladesh Nationalist Party (BNP),153932
Tangail 1,Md. Ali,Independent Candidate (Independent),723
Tangail 1,Md. Asadul Islam,Independent Candidate (Independent),28259
Tangail 2,Md. Humayun Kabir Talukder,Jatiya Party (JaPa),1854
Tangail 2,Md. Abdus Salam Pintu,Bangladesh Nationalist Party (BNP),198213
Tangail 2,Md. Humayun Kabir,Bangladesh Jamaat-e-Islami (Jamaat),60871
Tangail 2,Md. Monowar Hossain Sagar,Islami Andolan Bangladesh (IAB),4777
Tangail 3,Saifullah Haider,National Citizen Party (NCP),34588
Tangail 3,Sm Obaidul Haque,Bangladesh Nationalist Party (BNP),82769
Tangail 3,Md. Lutfar Rahman Khan Azad,Independent Candidate (Independent),107901
Tangail 3,Md. Rezaul Karim,Islami Andolan Bangladesh (IAB),107901
Tangail 3,Ainin Nahar,Independent Candidate (Independent),1087
Tangail 4,Md. Liaquat Ali,Jatiya Party (JaPa),758
Tangail 4,Md. Abdul Halim Mia,Independent Candidate (Independent),4152
Tangail 4,Abdul Latif Siddiqui,Independent Candidate (Independent),62509
Tangail 4,Md. Lutfar Rahman,Bangladesh Nationalist Party (BNP),105342
Tangail 4,Khandaker Abdur Razzak,Bangladesh Jamaat-e-Islami (Jamaat),50192
Tangail 4,Ali Amjad Hossain,Islami Andolan Bangladesh (IAB),1822
Tangail 5,Md. Hasrat Khan Bhasani,Bangladesh Supreme Party (BSP),1189
Tangail 5,Md. Shafiqul Islam,Gono Odhikar Parishad (GOP),263
Tangail 5,Khandaker Zakir Hossain,Islami Andolan Bangladesh (IAB),2600
Tangail 5,Syed Khalequzzaman Mustafa,Jatiya Samajtantrik Dal (JSD),1092
Tangail 5,Md. Farhad Iqbal,Independent Candidate (Independent),69408
Tangail 5,Ahsan Habib,Bangladesh Jamaat-e-Islami (Jamaat),80283
Tangail 5,Md. Mozammel Haque,Jatiya Party (JaPa),1636
Tangail 5,Sultan Saladin Tuku,Bangladesh Nationalist Party (BNP),131279
Tangail 5,A. K. M. Shafiqul Islam,Bangladesh Congress,109
Tangail 5,Fatema Akter,Ganosanhati Andolan (GSA),221
Tangail 6,Md. Akhinur Mia,Islami Andolan Bangladesh (IAB),12068
Tangail 6,Md. Mamunur Rahim,Jatiya Party (JaPa),1166
Tangail 6,Tareq Shams Khan,Jatiya Party (Manju) (JP–Manju),3489
Tangail 6,Md. Rabiul Awal,Bangladesh Nationalist Party (BNP),150952
Tangail 6,Md. Jewel Sarkar,Independent Candidate (Independent),15161
Tangail 6,A. K. M. Abdul Hamid,Bangladesh Jamaat-e-Islami (Jamaat),91914
Tangail 6,Md. Ashraful Islam,Independent Candidate (Independent),2996
Tangail 7,Md. Tofazzal Hossain,Bangladesh Republican Party (BRP),1492
Tangail 7,Abul Kalam Azad Siddiqui,Bangladesh Nationalist Party (BNP),141253
Tangail 7,Md. Abdullah Ebneh Abul Hossain,Bangladesh Jamaat-e-Islami (Jamaat),71040
Tangail 8,Md. Nazmul Hasan,Jatiya Party (JaPa),565
Tangail 8,Awal Mahmud,Revolutionary Workers Party of Bangladesh (RWPB),510
Tangail 8,Ahmed Azam Khan,Bangladesh Nationalist Party (BNP),114217
Tangail 8,Md. Alamgir Hossain,Amjanatar Dol,330
Tangail 8,Md. Shafiqul Islam Khan,Bangladesh Jamaat-e-Islami (Jamaat),55709
Tangail 8,Salahuddin Alamgir,Independent Candidate (Independent),77130
Jamalpur 1,Md. Nazmul Haque Sayedee,Bangladesh Jamaat-e-Islami (Jamaat),93661
Jamalpur 1,M. Rashiduzzaman Millat,Bangladesh Nationalist Party (BNP),172115
Jamalpur 2,"A. , E. , Sultan Mahmud Babu",Bangladesh Nationalist Party (BNP),95860
Jamalpur 2,Md. Chamiul Haque,Bangladesh Jamaat-e-Islami (Jamaat),62434
Jamalpur 2,Sultan Mahmud,Islami Andolan Bangladesh (IAB),1713
Jamalpur 2,Arnab Wares Khan,Independent Candidate (Independent),174
Jamalpur 3,Shiblul Bari Raju,Independent Candidate (Independent),10523
Jamalpur 3,Farzana Farid,Independent Candidate (Independent),284
Jamalpur 3,Md. Daulatuzzaman Ansari,Islami Andolan Bangladesh (IAB),2546
Jamalpur 3,Md. Mujibur Rahman Azadi,Bangladesh Jamaat-e-Islami (Jamaat),81430
Jamalpur 3,Md. Mostafizur Rahman Babul,Bangladesh Nationalist Party (BNP),207412
Jamalpur 3,Mir Shamsul Alam,Jatiya Party (JaPa),844
Jamalpur 3,Liton Mia,Gono Odhikar Parishad (GOP),412
Jamalpur 3,Fidel Naim,Ganosanhati Andolan (GSA),643
Jamalpur 4,Md. Mahbub Zaman Jewel,Communist Party of Bangladesh (CPB),1314
Jamalpur 4,Md. Iqbal Hossain,Gono Odhikar Parishad (GOP),383
Jamalpur 4,Md. Abdul Awal,Bangladesh Jamaat-e-Islami (Jamaat),44947
Jamalpur 4,Md. Ali Akbar,Islami Andolan Bangladesh (IAB),1302
Jamalpur 4,Md. Faridul Kabir Talukder,Bangladesh Nationalist Party (BNP),147406
Jamalpur 4,Md. Kabir Hasan,Nagorik Oikya (NO),379
Jamalpur 5,Shah Md. Wares Ali Mamun,Bangladesh Nationalist Party (BNP),199344
Jamalpur 5,Abu Sayem Md. Sa' Adat Ul Karim,Bangladesh Congress,225
Jamalpur 5,Md. Babar Ali Khan,Jatiya Party (Manju) (JP–Manju),3739
Jamalpur 5,Zakir Hossain,Gono Odhikar Parishad (GOP),539
Jamalpur 5,Md. Abdus Sattar,Bangladesh Jamaat-e-Islami (Jamaat),113201
Jamalpur 5,Md. Amir Uddin,Jatiya Samajtantrik Dal (JSD),580
Jamalpur 5,Syed Yunus Ahmed,Islami Andolan Bangladesh (IAB),4282
Jamalpur 5,Sheikh Md. Akkas Ali,Communist Party of Bangladesh (CPB),547
Sherpur 1,Md. Rashedul Islam Rashed,Bangladesh Jamaat-e-Islami (Jamaat),127811
Sherpur 1,Sansila Zebrin,Bangladesh Nationalist Party (BNP),78342
Sherpur 2,Md. Fahim Chowdhury,Bangladesh Nationalist Party (BNP),118472
Sherpur 2,Md. Abdullah Al Kayes,Islami Andolan Bangladesh (IAB),4877
Sherpur 2,Md. Golam Kibria,Bangladesh Jamaat-e-Islami (Jamaat),108335
Sherpur 2,Md. Abdullah,Amar Bangladesh Party (AB),1038
Mymensingh 1,Md. Tajul Islam,Khelafat Majlis,53222
Mymensingh 1,Md. Salman Omar,Independent Candidate (Independent),108265
Mymensingh 1,Md. A. Razzaq,Socialist Party of Bangladesh (Marxist) (SPB-M),224
Mymensingh 1,Syed Imran Saleh,Bangladesh Nationalist Party (BNP),101926
Mymensingh 1,Azharul Islam,Communist Party of Bangladesh (CPB),174
Mymensingh 1,: Md. Zillur Rahman,Islami Andolan Bangladesh (IAB),315
Mymensingh 1,Md. Rashedul Huq,Bangladesh Labour Party,274
Mymensingh 2,Md. Emdadul Haque Khan,Jatiya Party (JaPa),725
Mymensingh 2,Md. Julhas Uddin Sheikh,Bangladesh Supreme Party (BSP),1071
Mymensingh 2,Muhammadullah,Khelafat Majlis,146202
Mymensingh 2,Shah Shahid Sarwar,Independent Candidate (Independent),48874
Mymensingh 2,Motahar Hossain Talukder,Bangladesh Nationalist Party (BNP),118438
Mymensingh 2,Md. Abu Bakr Siddiqui,Independent Candidate (Independent),494
Mymensingh 2,Golam Maula Bhuiyan,Islami Andolan Bangladesh (IAB),3857
Mymensingh 2,Md. Abu Bakar Siddiq,Independent Candidate (Independent),494
Mymensingh 3,Ahmed Tayebur Rahman,Independent Candidate (Independent),65995
Mymensingh 3,Akm Ariful Hasan,Socialist Party of Bangladesh (Marxist) (SPB-M),354
Mymensingh 3,Md. Shariful Islam,Islami Andolan Bangladesh (IAB),2745
Mymensingh 3,M. Iqbal Hossain,Bangladesh Nationalist Party (BNP),75320
Mymensingh 3,Md. Abu Taher Khan,Bangladesh Nezame Islam Party (BNIP),25706
Mymensingh 4,Md. Nasir Uddin,Islami Andolan Bangladesh (IAB),8701
Mymensingh 4,Md. Kamrul Ahsan,Bangladesh Jamaat-e-Islami (Jamaat),171880
Mymensingh 4,Md. Abu Wahab Akand Wahid,Bangladesh Nationalist Party (BNP),179688
Mymensingh 4,Emdadul Haque Millat,Communist Party of Bangladesh (CPB),1397
Mymensingh 4,Abu Md. Musa Sarkar,Jatiya Party (JaPa),3845
Mymensingh 4,Shekhar Kumar Roy,Socialist Party of Bangladesh (Marxist) (SPB-M),1397
Mymensingh 4,Md. Liaquat Ali,Bangladesh Supreme Party (BSP),892
Mymensingh 4,Md. Hamidul Islam,National People's Party (NPP),373
Mymensingh 5,Md. Sirajul Islam,Islami Andolan Bangladesh (IAB),6646
Mymensingh 5,Md. Rafiqul Islam,Amar Bangladesh Party (AB),348
Mymensingh 5,Md. Zakir Hossain,Bangladesh Nationalist Party (BNP),128898
Mymensingh 5,Md. Matiur Rahman Akand,Bangladesh Jamaat-e-Islami (Jamaat),102228
Mymensingh 6,Md. Akhtarul Alam,Bangladesh Nationalist Party (BNP),49476
Mymensingh 6,Md. Jasim Uddin,Independent Candidate (Independent),51970
Mymensingh 6,Md. Kamrul Hasan,Bangladesh Jamaat-e-Islami (Jamaat),77325
Mymensingh 6,Md. Noor Alam Siddiqui,Islami Andolan Bangladesh (IAB),1967
Mymensingh 6,Akhtar Sultana,Independent Candidate (Independent),53331
Mymensingh 7,Md. Zahirul Islam,Jatiya Party (JaPa),579
Mymensingh 7,Md. Anwar Sadat,Independent Candidate (Independent),33328
Mymensingh 7,Md. Mahabubur Rahman,Bangladesh Nationalist Party (BNP),99049
Mymensingh 7,Md. Joynal Abdin,Independent Candidate (Independent),1044
Mymensingh 7,Md. Asaduzzaman Sohel,Bangladesh Jamaat-e-Islami (Jamaat),84851
Mymensingh 7,Md. Ibrahim Khalilullah,Islami Andolan Bangladesh (IAB),4058
Mymensingh 8,Lutfullahil Mazid,Bangladesh Nationalist Party (BNP),108685
Mymensingh 8,Fakhrul Imam,Jatiya Party (JaPa),1761
Mymensingh 8,Md. Aurangzeb Belal,Bangladesh Liberal Democratic Party (LDP),46515
Mymensingh 8,Shah Nurul Kabir,Islami Andolan Bangladesh (IAB),33029
Mymensingh 9,Yaser Khan Chowdhury,Bangladesh Nationalist Party (BNP),85761
Mymensingh 9,Md. Latiful Bari,Gono Forum (GF),252
Mymensingh 9,Akm Anwarul Islam,Bangladesh Development Party (BDP),71168
Mymensingh 9,Hasina Khan Chowdhury,Independent Candidate (Independent),30509
Mymensingh 9,Hasmat Mahmud,Jatiya Party (JaPa),798
Mymensingh 9,Md. Saidur Rahman,Islami Andolan Bangladesh (IAB),5595
Mymensingh 10,Md. Akhtaruzzaman,Bangladesh Nationalist Party (BNP),75585
Mymensingh 10,Md. Al Amin,Jatiya Party (JaPa),945
Mymensingh 10,Md. Ismail,Bangladesh Jamaat-e-Islami (Jamaat),66063
Mymensingh 10,Md. Saifus Salehin,Communist Party of Bangladesh (CPB),299
Mymensingh 10,Syed Mahmud Morshed,Bangladesh Liberal Democratic Party (LDP),322
Mymensingh 10,Md. Habibullah Belali,Islami Andolan Bangladesh (IAB),2504
Mymensingh 10,Abu Bakr Siddiqur Rahman,Independent Candidate (Independent),67013
Mymensingh 10,"A. , K. , M. , Shamsul Alam",Ganosanhati Andolan (GSA),364
Mymensingh 11,Fakhr Uddin Ahmed,Bangladesh Nationalist Party (BNP),111230
Mymensingh 11,Md. Anwarul Islam,Gono Odhikar Parishad (GOP),391
Mymensingh 11,Md. Mustafa Kamal,Islami Andolan Bangladesh (IAB),1855
Mymensingh 11,Zahidul Islam,National Citizen Party (NCP),22195
Mymensingh 11,Md. Morshed Alam,Independent Candidate (Independent),66016
Netrakona 1,Kaiser Kamal,Bangladesh Nationalist Party (BNP),158343
Netrakona 1,Md. Alkas Uddin Mir,Communist Party of Bangladesh (CPB),4429
Netrakona 1,Ghulam Rabbani,Khelafat Majlis,87488
Netrakona 1,Md. Anwar Hossain Khan,Jatiya Party (JaPa),1023
Netrakona 1,Md. A. Mannan,Islami Andolan Bangladesh (IAB),2220
Netrakona 1,Md. Belal Hossain,Jatiya Samajtantrik Dal (JSD),335
Netrakona 2,Abdur Rahim,Islami Andolan Bangladesh (IAB),15220
Netrakona 2,Md. Fahim Rahman Khan Pathan,National Citizen Party (NCP),67367
Netrakona 2,Md. Anwarul Haque,Bangladesh Nationalist Party (BNP),171399
Netrakona 2,"A. , B. , M. Rafiqul Haque Talukder",Jatiya Party (JaPa),4845
Netrakona 2,Abdul Qayyum,Islami Andolan Bangladesh (IAB),15220
Netrakona 3,Md. Zakir Hossain,Islami Andolan Bangladesh (IAB),2760
Netrakona 3,Md. Abul Hossain Talukder,Jatiya Party (JaPa),574
Netrakona 3,Md. Shamsuddoha,Bangladesh Islami Front (BIF),358
Netrakona 3,Rafiqul Islam Hilali,Bangladesh Nationalist Party (BNP),118469
Netrakona 3,Md. Delwar Hossain Bhuiyan,Independent Candidate (Independent),68961
Netrakona 3,Md. Khairul Kabir Recruitment,Bangladesh Jamaat-e-Islami (Jamaat),41556
Netrakona 4,Jolly Talukder,Communist Party of Bangladesh (CPB),3359
Netrakona 4,Champa Rani Government,Revolutionary Workers Party of Bangladesh (RWPB),282
Netrakona 4,Md. Al Helal,Bangladesh Jamaat-e-Islami (Jamaat),39840
Netrakona 4,Md. Lutfuzzaman Babar,Bangladesh Nationalist Party (BNP),160801
Netrakona 4,Md. Mukhlesur Rahman,Islami Andolan Bangladesh (IAB),2025
Netrakona 5,Md. Abu Taher Talukder,Bangladesh Nationalist Party (BNP),79412
Netrakona 5,Md. Nurul Islam,Islami Andolan Bangladesh (IAB),3341
Netrakona 5,Masum Mustafa,Bangladesh Jamaat-e-Islami (Jamaat),82177
Kishoreganj 1,Alal Mia,Socialist Party of Bangladesh (Marxist) (SPB-M),960
Kishoreganj 1,Md. Masud Mia,Bangladesh Samajtantrik Dal (Basad),234
Kishoreganj 1,Tareq Md. Shahidul Islam,National People's Party (NPP),247
Kishoreganj 1,Mazharul Islam,Bangladesh Nationalist Party (BNP),124035
Kishoreganj 1,Md. Enamul Haque,Communist Party of Bangladesh (CPB),925
Kishoreganj 1,Ahmed Ali,Khelafat Majlis,684
Kishoreganj 1,Md. Rezaul Karim Khan,Independent Candidate (Independent),37334
Kishoreganj 1,Hedayatullah Hadi,Khelafat Majlis,101132
Kishoreganj 2,Md. Jalal Uddin,Bangladesh Nationalist Party (BNP),143669
Kishoreganj 2,Md. Anisuzzaman Khokon,Independent Candidate (Independent),363
Kishoreganj 2,Md. Billal Hossain,Bangladesh Nationalist Front (BNF),222
Kishoreganj 2,Md. Afzal Hossain Bhuiyan,Jatiya Party (JaPa),2113
Kishoreganj 2,Noor Uddin Ahmed,Independent Candidate (Independent),1313
Kishoreganj 2,Md. Shafiqul Islam,Bangladesh Jamaat-e-Islami (Jamaat),120975
Kishoreganj 2,Md. Abul Basar Rezwan,Islami Andolan Bangladesh (IAB),3566
Kishoreganj 2,Md. Shafiqul Islam,Gono Odhikar Parishad (GOP),395
Kishoreganj 3,Md. Aminul Islam,National People's Party (NPP),118
Kishoreganj 3,Jehad Khan,Bangladesh Jamaat-e-Islami (Jamaat),102476
Kishoreganj 3,A. K. M. Alamgir,Independent Candidate (Independent),1487
Kishoreganj 3,Md. Abu Bakr Siddiqui,Jatiya Party (JaPa),1249
Kishoreganj 3,Delowar Hossain Bhuiyan,Ganatantri Party (GP),191
Kishoreganj 3,Md. Alamgir Hossain,Islami Andolan Bangladesh (IAB),10777
Kishoreganj 3,Md. Osman Farooq,Bangladesh Nationalist Party (BNP),112466
Kishoreganj 4,Nurul Islam,Insaniyat Biplob Bangladesh (IBB),516
Kishoreganj 4,Khairul Islam Thakur,Khelafat Majlis,879
Kishoreganj 4,Billal Ahmed Majumdar,Islami Andolan Bangladesh (IAB),2487
Kishoreganj 4,Md. Zainal Abedin,National People's Party (NPP),105
Kishoreganj 4,Md. Shahin Reza Chowdhury,Independent Candidate (Independent),2537
Kishoreganj 4,Kazi Reha Kabir,Independent Candidate (Independent),2972
Kishoreganj 4,Md. Fazlur Rahman,Bangladesh Nationalist Party (BNP),132472
Kishoreganj 4,Md. Rokon Reza Sheikh,Bangladesh Jamaat-e-Islami (Jamaat),57829
Kishoreganj 5,Syed Ehsanul Huda,Bangladesh Nationalist Party (BNP),66450
Kishoreganj 5,Md. Ramzan Ali,Bangladesh Jamaat-e-Islami (Jamaat),54400
Kishoreganj 5,Ahm Qaiyum,Independent Candidate (Independent),1897
Kishoreganj 5,Sheikh Mujibur Rahman Iqbal,Independent Candidate (Independent),79604
Kishoreganj 5,Md. Delawar Hossain,Islami Andolan Bangladesh (IAB),2688
Kishoreganj 5,Md. Mahbubul Alam,Jatiya Party (JaPa),295
Kishoreganj 5,Md. Sazzad Hossain,Bangladesh Muslim League (BML),135
Kishoreganj 5,Md. Oli Ullah,Bangladesh Islami Front (BIF),1313
Kishoreganj 6,Md. Shariful Alam,Bangladesh Nationalist Party (BNP),187159
Kishoreganj 6,Shafi Uddin Ahmad,Gono Forum (GF),220
Kishoreganj 6,Md. Habil Mia,Communist Party of Bangladesh (CPB),312
Kishoreganj 6,Md. Nazrul Islam,National People's Party (NPP),185
Kishoreganj 6,Md. Musa Khan,Islami Andolan Bangladesh (IAB),2411
Kishoreganj 6,Ataullah Amin,Khelafat Majlis,44095
Kishoreganj 6,Naimul Hasan,Insaniyat Biplob Bangladesh (IBB),630
Kishoreganj 6,Md. Rubel Hossain,Bangladesh Islami Front (BIF),2172
Kishoreganj 6,Md. Ayub Hossain,Jatiya Party (JaPa),806
Manikganj 1,S. A. Jinnah Kabir,Bangladesh Nationalist Party (BNP),137773
Manikganj 1,Md. Elias Hossain,Gono Odhikar Parishad (GOP),1066
Manikganj 1,Abu Bakar Siddiqui,Bangladesh Jamaat-e-Islami (Jamaat),71310
Manikganj 1,Md. Khorshed Alam,Islami Andolan Bangladesh (IAB),3247
Manikganj 1,Abdul Ali Bepari,Independent Candidate (Independent),6966
Manikganj 1,Md. Tozammel Hoque,Independent Candidate (Independent),77818
Manikganj 1,Md. Shahjahan Khan,Janotar Dol,283
Manikganj 2,Md. Salah Uddin,Khelafat Majlis,81531
Manikganj 2,Moinul Islam Khan,Bangladesh Nationalist Party (BNP),175776
Manikganj 2,Md. Ali,Islami Andolan Bangladesh (IAB),3847
Manikganj 2,S. M. Abdul Mannan,Jatiya Party (JaPa),7081
Manikganj 3,Moazzem Hossain Khan Majlish,Jatiya Party (Manju) (JP–Manju),1327
Manikganj 3,Afroza Khanam,Bangladesh Nationalist Party (BNP),167345
Manikganj 3,Shamsuddin,Islami Andolan Bangladesh (IAB),2787
Manikganj 3,Md. Saidanur,Khelafat Majlis,64242
Manikganj 3,Rafiqul Islam Khan,Independent Candidate (Independent),3610
Manikganj 3,Mofizul Islam Khan Kamal,Independent Candidate (Independent),684
Manikganj 3,Md. Ataur Rahman Ata,Independent Candidate (Independent),20551
Manikganj 3,Md. Shahjahan Ali,Jatiya Samajtantrik Dal (JSD),3510
Manikganj 3,Abul Bashar Badsha,Jatiya Party (JaPa),1966
Munshiganj 1,Md. Momin Ali,Independent Candidate (Independent),30678
Munshiganj 1,Abdur Rahman,Communist Party of Bangladesh (CPB),443
Munshiganj 1,Md. Atiqur Rahman Khan,Islami Andolan Bangladesh (IAB),9039
Munshiganj 1,Rokeya Akter,Insaniyat Biplob Bangladesh (IBB),320
Munshiganj 1,Md. Abdullah,Bangladesh Nationalist Party (BNP),167562
Munshiganj 1,Akm Fakhruddin Raji,Bangladesh Jamaat-e-Islami (Jamaat),101568
Munshiganj 2,Majedul Islam,National Citizen Party (NCP),58573
Munshiganj 2,Ashiq Mahmud,Bangladesh Islami Front (BIF),651
Munshiganj 2,Abdus Salam Azad,Bangladesh Nationalist Party (BNP),121154
Munshiganj 2,"K. , M. , Billal",Islami Andolan Bangladesh (IAB),13367
Munshiganj 2,Md. Noman Mia,Jatiya Party (JaPa),2857
Munshiganj 3,Sheikh Md. Kamal Hossain,Communist Party of Bangladesh (CPB),304
Munshiganj 3,Sheikh Md. Shimul,Revolutionary Workers Party of Bangladesh (RWPB),174
Munshiganj 3,Md. Arifuzzaman,Jatiya Party (JaPa),804
Munshiganj 3,Suman Dewan,Islami Andolan Bangladesh (IAB),6392
Munshiganj 3,Md. Kamruzzaman,Bangladesh Nationalist Party (BNP),124691
Munshiganj 3,Nur Hossain Nurani,Khelafat Majlis,54456
Munshiganj 3,Md. Mohiuddin,Independent Candidate (Independent),88936
Munshiganj 3,Anis Molla,Bangladesh Labour Party,294
Dhaka 1,Md. Nasir Uddin Molla,Jatiya Party (JaPa),1362
Dhaka 1,Md. Nazrul Islam,Bangladesh Jamaat-e-Islami (Jamaat),112622
Dhaka 1,Khondoker Abu Ashfaq,Bangladesh Nationalist Party (BNP),173781
Dhaka 1,Nurul Islam,Islami Andolan Bangladesh (IAB),6607
Dhaka 1,Antara Selima Huda,Independent Candidate (Independent),4880
Dhaka 1,Sheikh Md. Ali,Bangladesh Labour Party,271
Dhaka 2,Md. Jahirul Islam,Islami Andolan Bangladesh (IAB),6352
Dhaka 2,Md. Amanullah Aman,Bangladesh Nationalist Party (BNP),163793
Dhaka 2,Md. Abdul Huq,Bangladesh Jamaat-e-Islami (Jamaat),80053
Dhaka 3,Goyeswar Chandra Roy,Bangladesh Nationalist Party (BNP),99163
Dhaka 3,Md. Faruk,Jatiya Party (JaPa),1075
Dhaka 3,Md. Sultan Ahmed Khan,Islami Andolan Bangladesh (IAB),6286
Dhaka 3,Md. Shahinur Islam,Bangladesh Jamaat-e-Islami (Jamaat),83264
Dhaka 3,Md. Monir Hossain,Independent Candidate (Independent),313
Dhaka 3,Mojibur Howladar,Bangladesh Samajtantrik Dal (Basad),196
Dhaka 3,Md. Bachchu Bhuiyan,Ganosanhati Andolan (GSA),387
Dhaka 3,Md. Zafar,Bangladesh Congress,155
Dhaka 3,Md. Sajjad,Gono Odhikar Parishad (GOP),97
Dhaka 3,Md. Roshan Yazdani,Gono Forum (GF),182
Dhaka 4,Tanvir Ahmed,Bangladesh Nationalist Party (BNP),74447
Dhaka 4,Md. Firoz Alam,Communist Party of Bangladesh (CPB),367
Dhaka 4,Md. Mizanur Rahman,Independent Candidate (Independent),2867
Dhaka 4,Md. Abul Kalam Azad,Janotar Dol,191
Dhaka 4,Md. Zakir Hosen,Bangladesh Samajtantrik Dal (Basad),184
Dhaka 4,Sahel Ahmed Shohel,Bangladesh Sangskritik Muktijote (BSM),128
Dhaka 4,Sayed Joynul Abedin,Bangladesh Jamaat-e-Islami (Jamaat),77367
Dhaka 4,Sayed Md. Mosaddek Billah,Islami Andolan Bangladesh (IAB),6518
Dhaka 5,Tofazzal Hossain Mostofa,Communist Party of Bangladesh (CPB),206
Dhaka 5,Mir Abdus Sabur,Jatiya Party (JaPa),1346
Dhaka 5,Md. Kamal Hossain,Bangladesh Jamaat-e-Islami (Jamaat),96641
Dhaka 5,Md. Ibrahim,Islami Andolan Bangladesh (IAB),14204
Dhaka 5,Md. Golam Azom,Bangladesh Labour Party,81
Dhaka 5,Md. Taifur Rahman Rahi,Bangladesh Sangskritik Muktijote (BSM),35
Dhaka 5,Md. Nabi Ullah,Bangladesh Nationalist Party (BNP),87491
Dhaka 5,Md. Saiful Alam,Bangladesh Congress,262
Dhaka 5,Md. Humayun Kabir,Bangladesh Liberal Democratic Party (LDP),788
Dhaka 5,Sahinur Akter Sumi,Socialist Party of Bangladesh (Marxist) (SPB-M),221
Dhaka 5,Sayed Md. Ibrahim,Gono Odhikar Parishad (GOP),93
Dhaka 6,Amir Uddin Ahmed,Jatiya Party (JaPa),1778
Dhaka 6,Ahmed Ali Sheikh,Gono Front (GF),152
Dhaka 6,Ishraque Hossain,Bangladesh Nationalist Party (BNP),78850
Dhaka 6,Md. Aktar Hossain,Bangladesh Muslim League (BML),245
Dhaka 6,Md. Abdul Mannan,Bangladesh Jamaat-e-Islami (Jamaat),55697
Dhaka 6,Md. Yunus Ali Akand,Bangladesh Congress,319
Dhaka 6,Md. Fakhrul Islam,Gono Odhikar Parishad (GOP),138
Dhaka 7,Maksudur Rahman,Bangladesh Sangskritik Muktijote (BSM),150
Dhaka 7,Md. Ishak Sarkar,Independent Candidate (Independent),11517
Dhaka 7,Md. Saifuddin Ahmed Milon,Jatiya Party (JaPa),2294
Dhaka 7,Md. Abdur Rahman,Islami Andolan Bangladesh (IAB),5081
Dhaka 7,Md. Enayet Ullah,Bangladesh Jamaat-e-Islami (Jamaat),98483
Dhaka 7,Md. Shahidul Islam,Bangladesh Jatiya Party (BJP),98
Dhaka 7,Md. Habibullah,Bangladesh Khelafat Andolon (BKA),2783
Dhaka 7,Shafiqur Rahman,Bangladesh Republican Party (BRP),218
Dhaka 7,Shahana Selim,Jatiya Samajtantrik Dal (JSD),208
Dhaka 7,Sima Dutta,Socialist Party of Bangladesh (Marxist) (SPB-M),677
Dhaka 7,Hamidur Rahman,Bangladesh Nationalist Party (BNP),104666
Dhaka 8,A. H. M. Rafiquzzaman Akanda,Socialist Party of Bangladesh (Marxist) (SPB-M),96
Dhaka 8,A. F. M. Ismail Chowdhury,Jatiya Samajtantrik Dal (JSD),56
Dhaka 8,S. M. Sarowar,Bangladesh Islami Front (BIF),326
Dhaka 8,Kefayet Ullah,Islami Andolan Bangladesh (IAB),1436
Dhaka 8,Tridip Kumar Saha,Communist Party of Bangladesh (CPB),714
Dhaka 8,Mirza Abbas Uddin Ahmed,Bangladesh Nationalist Party (BNP),59366
Dhaka 8,Md. Nasiruddin Patwary,National Citizen Party (NCP),54127
Dhaka 8,Meghna Alam,Gono Odhikar Parishad (GOP),608
Dhaka 8,Md. Golam Sarowar,Janotar Dol,129
Dhaka 8,Md. Juber Alam Khan,Jatiya Party (JaPa),731
Dhaka 8,Md. Russel Kabir,Bangladesh Sangskritik Muktijote (BSM),78
Dhaka 9,Kazi Abul Khair,Jatiya Party (JaPa),1202
Dhaka 9,Tasnim Jara,Independent Candidate (Independent),44684
Dhaka 9,Khandaker Mizanur Rahman,Socialist Party of Bangladesh (Marxist) (SPB-M),93
Dhaka 9,Md. Shafi Ullah Chowdhury,Bangladesh Nationalist Front (BNF),124
Dhaka 9,Nazma Akhtar,Gono Forum (GF),171
Dhaka 9,Nahid Hasan Chowdhury Junaid,Insaniyat Biplob Bangladesh (IBB),131
Dhaka 9,Masud Hossain,Bangladesh Muslim League (BML),118
Dhaka 9,Javed Rasin,National Citizen Party (NCP),53460
Dhaka 9,Md. Moniruzzaman,Communist Party of Bangladesh (CPB),462
Dhaka 9,Shah Iftekhar Ahsan,Islami Andolan Bangladesh (IAB),5827
Dhaka 9,Shaheen Khan,National People's Party (NPP),204
Dhaka 9,Habibur Rashid,Bangladesh Nationalist Party (BNP),111212
Dhaka 10,Md. Jasim Uddin Sarkar,Bangladesh Jamaat-e-Islami (Jamaat),77136
Dhaka 10,Sheikh Rabiul Alam,Bangladesh Nationalist Party (BNP),80436
Dhaka 11,M. A. Quayum,Bangladesh Nationalist Party (BNP),91833
Dhaka 11,Kazi Md. Shahidullah,Bangladesh Sangskritik Muktijote (BSM),196
Dhaka 11,Md. Abdul Kader,Gono Forum (GF),130
Dhaka 11,Md. Arifur Rahman,Gono Odhikar Parishad (GOP),81
Dhaka 11,Md. Zakir Hossain,Bangladesh Republican Party (BRP),283
Dhaka 11,Md. Nahid Islam,National Citizen Party (NCP),93872
Dhaka 11,Md. Mizanur Rahman,National People's Party (NPP),241
Dhaka 11,Shamim Ahmed,Jatiya Party (JaPa),1048
Dhaka 11,Sheikh Md. Fazle Bari Masud,Islami Andolan Bangladesh (IAB),4375
Dhaka 11,Kohinoor Akhter Bithi,Independent Candidate (Independent),794
Dhaka 12,Abul Bashar Chowdhury,Gono Odhikar Parishad (GOP),115
Dhaka 12,Kallol Banik,Communist Party of Bangladesh (CPB),453
Dhaka 12,Taslima Akhter,Ganosanhati Andolan (GSA),1511
Dhaka 12,Farid Ahmed,Janotar Dol,175
Dhaka 12,Mahmudul Hasan,Islami Andolan Bangladesh (IAB),2058
Dhaka 12,Muntasir Mahmud,Bangladesh Sangskritik Muktijote (BSM),115
Dhaka 12,Md. Shahjalal,Bangladesh Islami Front (BIF),184
Dhaka 12,Md. Tarek Rahman,Amjanatar Dol,1044
Dhaka 12,Md. Saiful Alam,Bangladesh Jamaat-e-Islami (Jamaat),53773
Dhaka 12,Saiful Huq,Revolutionary Workers Party of Bangladesh (RWPB),30963
Dhaka 12,Saiful Alam Nirob,Independent Candidate (Independent),29869
Dhaka 12,Mominul Amin,Nationalist Democratic Movement (NDM),58
Dhaka 12,Sarkar Md. Salahuddin,Jatiya Party (JaPa),1770
Dhaka 12,Mst. Salma Akter,Insaniyat Biplob Bangladesh (IBB),133
Dhaka 12,Md. Naeem Hasan,Bangladesh Jatiya Party (BJP),47
Dhaka 13,Mizanur Rahman,Gono Odhikar Parishad (GOP),336
Dhaka 13,Sohel Rana,Independent Candidate (Independent),711
Dhaka 13,Md. Shahabuddin,Bangladesh Minority Janata Party (BMJP),331
Dhaka 13,Md. Khalekuzzaman,Bangladesh Samajtantrik Dal (Basad),486
Dhaka 13,Md. Mamunul Haque,Khelafat Majlis,86067
Dhaka 13,Bobby Hajjaj,Bangladesh Nationalist Party (BNP),88387
Dhaka 13,Shahriar Iftekhar,Bangladesh Muslim League (BML),464
Dhaka 13,Fatema Akter Munia,Insaniyat Biplob Bangladesh (IBB),513
Dhaka 13,Sheikh Md. Robiul Islam,Independent Candidate (Independent),972
Dhaka 14,Nurul Amin,Jatiya Samajtantrik Dal (JSD),219
Dhaka 14,Mir Ahmad Bin Quasem,Bangladesh Jamaat-e-Islami (Jamaat),101113
Dhaka 14,Md. Moniruzzaman,Amar Bangladesh Party (AB),138
Dhaka 14,Md. Abu Yusuf,Islami Andolan Bangladesh (IAB),3760
Dhaka 14,Md. Osman Ali,Bangladesh Supreme Party (BSP),302
Dhaka 14,Md. Jasim Uddin,Gono Forum (GF),79
Dhaka 14,Md. Liton,Bangladesh Republican Party (BRP),83
Dhaka 14,Md. Helal Uddin,Jatiya Party (JaPa),857
Dhaka 14,Sanjida Islam,Bangladesh Nationalist Party (BNP),83323
Dhaka 14,Syed Abu Bakar Siddiqui,Independent Candidate (Independent),16328
Dhaka 14,Riaz Uddin,Communist Party of Bangladesh (CPB),369
Dhaka 14,Md. Sohel Rana,Bangladesh Liberal Democratic Party (LDP),385
Dhaka 15,Md. Shafiqur Rahman,Bangladesh Jamaat-e-Islami (Jamaat),85131
Dhaka 15,Md. Safiqul Islam Khan,Bangladesh Nationalist Party (BNP),63517
Dhaka 15,Md. Shamsul Haque,Jatiya Party (JaPa),1421
Dhaka 15,Md. Nilav Parvez,Communist Party of Bangladesh (CPB),705
Dhaka 15,Mubarak Hossain,Bangladesh Supreme Party (BSP),326
Dhaka 15,Khan Shoaib Amanullah,Janotar Dol,378
Dhaka 15,Md. Ashfaqur Rahman,Jatiya Samajtantrik Dal (JSD),210
Dhaka 15,Ahmed Sajedul Haque,Communist Party of Bangladesh (CPB),796
Dhaka 16,Md. Sultan Ahmed Selim,Jatiya Party (JaPa),1464
Dhaka 16,Md. Aminul Huq,Bangladesh Nationalist Party (BNP),85467
Dhaka 16,Md. Abdul Baten,Bangladesh Jamaat-e-Islami (Jamaat),88828
Dhaka 16,Md. Saiful Islam,Islami Andolan Bangladesh (IAB),3679
Dhaka 16,Md. Touhiduzzaman,Bangladesh Khelafat Andolon (BKA),102
Dhaka 16,Md. Abdul Quader Jilani,Bangladesh Sangskritik Muktijote (BSM),142
Dhaka 16,Md. Mamun Hossain,Gono Odhikar Parishad (GOP),109
Dhaka 16,Alhajj A. K. M. Moazzem Hossain,Bangladesh Labour Party,494
Dhaka 16,Md. Tariqul Islam,National People's Party (NPP),167
Dhaka 16,Md. Nazmul Haque,Bangladesh Jatiya Party (BJP),138
Dhaka 16,Md. Rashidul Islam,Socialist Party of Bangladesh (Marxist) (SPB-M),209
Dhaka 17,Tarique Rahman,Bangladesh Nationalist Party (BNP),72699
Dhaka 17,S. M. Khalekuzzaman,Bangladesh Jamaat-e-Islami (Jamaat),68300
Dhaka 17,Atiq Ahmed,Jatiya Party (JaPa),1168
Dhaka 17,Md. Ullah,Islami Andolan Bangladesh (IAB),1768
Dhaka 17,Kamrul Hasan Nasim,Bangladesh Jatiya Party (BJP),92
Dhaka 17,Manzoor Humayun,Insaniyat Biplob Bangladesh (IBB),80
Dhaka 17,Md. Anisuzzaman Khokon,Independent Candidate (Independent),111
Dhaka 17,Tapu Raihan,Jatiya Party (Manju) (JP–Manju),1041
Dhaka 17,Kazi Enayet Ullah,Independent Candidate (Independent),167
Dhaka 17,Md. Shamim Ahmed,Bangladesh Congress,130
Dhaka 17,Md. Rashedul Haque,Bangladesh Labour Party,60
Dhaka 17,S. M. Abul Kalam Azad,Bangladesh Nationalist Front (BNF),61
Dhaka 18,Ariful Islam,National Citizen Party (NCP),111297
Dhaka 18,S. M. Jahangir Hossain,Bangladesh Nationalist Party (BNP),144715
Dhaka 18,Md. Anwar Hossain,Islami Andolan Bangladesh (IAB),4727
Dhaka 18,Md. Zakir Hossain,Jatiya Party (JaPa),2557
Dhaka 18,Md. Mohiuddin Howlader,Independent Candidate (Independent),3205
Dhaka 18,Syed Harun Ur Rashid,Bangladesh Samajtantrik Dal (Basad),260
Dhaka 18,Mrs. Sabina Javed,National People's Party (NPP),301
Dhaka 18,Md. Jasim Uddin,Bangladesh Islami Front (BIF),1647
Dhaka 18,Md. Ismail Hossain,Independent Candidate (Independent),930
Dhaka 18,Mahmudur Rahman Manna,Nagorik Oikya (NO),350
Dhaka 19,Dilshana Parul,National Citizen Party (NCP),125283
Dhaka 19,Dewan Md. Salahuddin,Bangladesh Nationalist Party (BNP),190976
Dhaka 20,Md. Tamiz Uddin,Bangladesh Nationalist Party (BNP),162504
Dhaka 20,Ahsan Khan,Jatiya Party (JaPa),3135
Dhaka 20,Md. Ashraf Ali,Khelafat Majlis,9255
Dhaka 20,Helal Uddin Ahmed,Amar Bangladesh Party (AB),492
Dhaka 20,Nabila Tasnid,National Citizen Party (NCP),57787
Dhaka 20,Md. Arzu Mia,Jatiya Samajtantrik Dal (JSD),207
Gazipur 1,Md. Mojibur Rahman,Bangladesh Nationalist Party (BNP),208688
Gazipur 1,Md. Imarat Hossain Khan,Independent Candidate (Independent),6703
Gazipur 1,S. M. Shafiqul Islam,Jatiya Party (JaPa),3325
Gazipur 1,Chowdhury Irad Ahmed Siddiqui,Bangladesh Labour Party,168
Gazipur 1,Atiqul Islam,Gono Front (GF),129
Gazipur 1,Taslima Akhter,Socialist Party of Bangladesh (Marxist) (SPB-M),232
Gazipur 1,Md. Shah Alam Bakshi,Bangladesh Jamaat-e-Islami (Jamaat),149553
Gazipur 1,Ruhul Amin,Islami Andolan Bangladesh (IAB),5696
Gazipur 2,Atiqul Islam,Gono Front (GF),200
Gazipur 2,Hanif Sarkar,Islami Andolan Bangladesh (IAB),12657
Gazipur 2,Md. Ziaul Kabir,Communist Party of Bangladesh (CPB),1397
Gazipur 2,Sarkar Taslima Afroz,Insaniyat Biplob Bangladesh (IBB),417
Gazipur 2,Masud Reza,Socialist Party of Bangladesh (Marxist) (SPB-M),250
Gazipur 2,M. Manjurul Karim Roni,Bangladesh Nationalist Party (BNP),188606
Gazipur 2,Md. Mahbub Alam,Jatiya Party (JaPa),4125
Gazipur 2,Ali Nasser Khan,National Citizen Party (NCP),140950
Gazipur 2,Jeet Barua,Independent Candidate (Independent),444
Gazipur 2,Md. Abdul Qayyum,Bangladesh Samajtantrik Dal (Basad),1155
Gazipur 2,Md. Shariful Islam,Janotar Dol,537
Gazipur 2,Mahfuzur Rahman Khan,Gono Odhikar Parishad (GOP),245
Gazipur 3,S. M. Rafiqul Islam,Bangladesh Nationalist Party (BNP),162343
Gazipur 3,Md. Nazim Uddin,Jatiya Party (JaPa),1995
Gazipur 3,Ha. Mao. Mufti Shamim Ahmed,Islami Oikya Jote (IOJ),2332
Gazipur 3,Md. Ehsanul Haque,Khelafat Majlis,100539
Gazipur 3,Md. Izadur Rahman Chowdhury,Independent Candidate (Independent),21963
Gazipur 3,Ashiqul Islam Piyal,Bangladesh Samajtantrik Dal (Basad),484
Gazipur 3,Alamgir Hossain,Islami Andolan Bangladesh (IAB),6036
Gazipur 4,Shah Riazul Hannan,Bangladesh Nationalist Party (BNP),90390
Gazipur 4,Md. Zakir Hossain,Amjanatar Dol,278
Gazipur 4,Md. Kazim Uddin,Islami Andolan Bangladesh (IAB),2348
Gazipur 4,Md. Shafiullah,Independent Candidate (Independent),1521
Gazipur 4,Monir Hossain,National People's Party (NPP),135
Gazipur 4,Salah Uddin,Bangladesh Jamaat-e-Islami (Jamaat),101779
Gazipur 4,Enamul Kabir,Jatiya Party (JaPa),2147
Gazipur 4,Manabendra Dev,Communist Party of Bangladesh (CPB),1091
Gazipur 5,Md. Khairul Hasan,Bangladesh Jamaat-e-Islami (Jamaat),78123
Gazipur 5,Gazi Ataur Rahman,Islami Andolan Bangladesh (IAB),4411
Gazipur 5,A. K. M. Fazlul Haque Milon,Bangladesh Nationalist Party (BNP),133869
Gazipur 5,Md. Azam Khan,Janotar Dol,6592
Gazipur 5,Md. Kajal Bhuya,Gono Forum (GF),223
Gazipur 5,Md. Al Amin Dewan,Bangladesh Islami Front (BIF),837
Gazipur 5,Md. Shafiuddin Sarkar,Jatiya Party (JaPa),1497
Narsingdi 1,Khairul Kabir Khokon,Bangladesh Nationalist Party (BNP),161405
Narsingdi 1,Hamidul Haque Parvez,Insaniyat Biplob Bangladesh (IBB),207
Narsingdi 1,Md. Ibrahim Bhuya,Bangladesh Jamaat-e-Islami (Jamaat),95349
Narsingdi 1,Sakhawat Hossain,Bangladesh Islami Front (BIF),955
Narsingdi 1,Md. Mustafa Jamal,Jatiya Party (JaPa),1012
Narsingdi 1,Md. Ashraf Hossain Bhuya,Islami Andolan Bangladesh (IAB),13547
Narsingdi 1,Shireen Akter,Gono Odhikar Parishad (GOP),485
Narsingdi 1,Shahiduzzaman Chowdhury,Gono Forum (GF),179
Narsingdi 2,Md. Amjad Hossain,Bangladesh Jamaat-e-Islami (Jamaat),55920
Narsingdi 2,Md. Ibrahim,Insaniyat Biplob Bangladesh (IBB),235
Narsingdi 2,A. N. M. Rafiqul Alam Saleem,Jatiya Party (JaPa),1285
Narsingdi 2,Md. Golam Sarwar,National Citizen Party (NCP),53460
Narsingdi 2,Abdul Moin Khan,Bangladesh Nationalist Party (BNP),92739
Narsingdi 2,Asif Iqbal,Bangladesh Islami Front (BIF),708
Narsingdi 3,Abu Sadat Md. Sayem Ali Pathan,Zaker Party (ZP),1748
Narsingdi 3,Raihan Mia,Insaniyat Biplob Bangladesh (IBB),622
Narsingdi 3,A. K. M. Rezaul Karim,Jatiya Party (JaPa),266
Narsingdi 3,Manzoor Elahi,Bangladesh Nationalist Party (BNP),82061
Narsingdi 3,Md. Mostafizur Rahman,Bangladesh Jamaat-e-Islami (Jamaat),5066
Narsingdi 3,Md. Rakibul Islam,Khelafat Majlis,25493
Narsingdi 3,Md. Wayez Hossain Bhuiyan,Islami Andolan Bangladesh (IAB),6483
Narsingdi 3,Md. Ariful Islam Mridha,Independent Candidate (Independent),45682
Narsingdi 4,Md. Kamal Uddin,Jatiya Party (JaPa),1172
Narsingdi 4,Kazi Shariful Islam,Bangladesh Congress,163
Narsingdi 4,Md. Saifullah,Islami Andolan Bangladesh (IAB),7079
Narsingdi 4,Sardar Md. Sakhawat Hossain,Bangladesh Nationalist Party (BNP),163392
Narsingdi 4,Md. Milan Mia,Insaniyat Biplob Bangladesh (IBB),1728
Narsingdi 4,Kazi Sajjad Zahir,Communist Party of Bangladesh (CPB),839
Narsingdi 4,Md. Nasir Uddin,Khelafat Majlis,464
Narsingdi 4,Abu Darda Md. Maj,Janotar Dol,454
Narsingdi 4,Md. Jahangir Alam,Bangladesh Jamaat-e-Islami (Jamaat),78744
Narsingdi 5,Taufiqur Rahman,Independent Candidate (Independent),1256
Narsingdi 5,Meherun Nesha Khan Hena,Jatiya Party (JaPa),500
Narsingdi 5,Tajul Islam,Khelafat Majlis,44981
Narsingdi 5,Tahmina Akhter,Insaniyat Biplob Bangladesh (IBB),1076
Narsingdi 5,Md. Ashraf Uddin,Bangladesh Nationalist Party (BNP),137690
Narsingdi 5,Badruzzaman Ujjal,Islami Andolan Bangladesh (IAB),33109
Narsingdi 5,Jamal Ahmed Chowdhury,Independent Candidate (Independent),5419
Narsingdi 5,Md. Solaiman Khandaker,Independent Candidate (Independent),300
Narsingdi 5,Mashiur Rahman,Bangladesh Islami Front (BIF),2424
Narayanganj 1,Mustafizur Rahman Bhuiyan,Bangladesh Nationalist Party (BNP),158358
Narayanganj 1,Md. Imdadullah,Islami Andolan Bangladesh (IAB),7186
Narayanganj 1,Md. Anwar Hosen Molla,Bangladesh Jamaat-e-Islami (Jamaat),91690
Narayanganj 1,Md. Dulal,Independent Candidate (Independent),463
Narayanganj 1,Wasim Uddin,Gono Odhikar Parishad (GOP),219
Narayanganj 1,Md. Moniruzzaman Chandan,Communist Party of Bangladesh (CPB),261
Narayanganj 1,Md. Rehan Afzal,Insaniyat Biplob Bangladesh (IBB),207
Narayanganj 2,Md. Abu Hanif Hridoy,Bangladesh Republican Party (BRP),227
Narayanganj 2,Md. Nazrul Islam Azad,Bangladesh Nationalist Party (BNP),124291
Narayanganj 2,Md. Elias Molla,Bangladesh Jamaat-e-Islami (Jamaat),81054
Narayanganj 2,Md. Habibullah,Islami Andolan Bangladesh (IAB),5265
Narayanganj 2,Md. Ataur Rahman Khan,Independent Candidate (Independent),18744
Narayanganj 2,Kamrul Mia,Gono Odhikar Parishad (GOP),142
Narayanganj 2,Md. Hafizul Islam,Communist Party of Bangladesh (CPB),350
Narayanganj 3,Azharul Islam Mannan,Bangladesh Nationalist Party (BNP),155400
Narayanganj 3,Md. Iqbal Kartim Bhuiyan,Bangladesh Jamaat-e-Islami (Jamaat),134918
Narayanganj 3,Golam Messiah,Islami Andolan Bangladesh (IAB),14223
Narayanganj 3,Md. Shahjahan,Khelafat Majlis,1193
Narayanganj 3,Ariful Islam,Amar Bangladesh Party (AB),137
Narayanganj 3,Md. Rezaul Karim,Independent Candidate (Independent),4596
Narayanganj 3,Anjan Das,Ganosanhati Andolan (GSA),838
Narayanganj 3,Md. Atiqur Rahman Nannu Munshi,Bangladesh Khelafat Andolon (BKA),769
Narayanganj 3,Abdul Karim Munshi,Janotar Dol,285
Narayanganj 3,Md. Ghiyas Uddin,Independent Candidate (Independent),20379
Narayanganj 3,Md. Wahidur Rahman Milky,Gono Odhikar Parishad (GOP),314
Narayanganj 4,Abdullah Al Amin,National Citizen Party (NCP),106171
Narayanganj 4,Ismail Hossain Kawsar,Islami Andolan Bangladesh (IAB),16746
Narayanganj 4,Md. Salahuddin Khoka,Jatiya Party (JaPa),817
Narayanganj 4,Iqbal Hossain,Communist Party of Bangladesh (CPB),479
Narayanganj 4,Salim Mahmud,Bangladesh Samajtantrik Dal (Basad),282
Narayanganj 4,Md. Arif Bhuiyan,Gono Odhikar Parishad (GOP),106
Narayanganj 4,Md. Ali,Bangladesh Republican Party (BRP),11328
Narayanganj 4,Anwar Hossain,Khelafat Majlis,800
Narayanganj 4,Md. Ghiyas Uddin,Independent Candidate (Independent),9779
Narayanganj 4,Md. Shah Alam,Independent Candidate (Independent),31589
Narayanganj 4,Monir Hossain,Jamiat Ulema-e-Islam Bangladesh (JUIB),80619
Narayanganj 4,Md. Selim Ahmed,Bangladesh Supreme Party (BSP),643
Narayanganj 5,Abul Kalam,Bangladesh Nationalist Party (BNP),114799
Narayanganj 5,Md. Masum Billah,Islami Andolan Bangladesh (IAB),7708
Narayanganj 5,Abm Shirajul Mamun,Khelafat Majlis,101196
Narayanganj 5,Abu Naeem Khan Biplob,Bangladesh Samajtantrik Dal (Basad),370
Narayanganj 5,H. M. Amjad Hossain Molla,Bangladesh Sangskritik Muktijote (BSM),242
Narayanganj 5,Md. Maksud Hossain,Independent Candidate (Independent),34151
Narayanganj 5,Md. Nahid Hossain,Gono Odhikar Parishad (GOP),643
Narayanganj 5,Montu Chandra Ghosh,Communist Party of Bangladesh (CPB),1575
Narayanganj 5,Tariqul Islam,Ganosanhati Andolan (GSA),1023
Narayanganj 5,Syed Bahadur Shah Mujaddidi,Bangladesh Islami Front (BIF),4650
Rajbari 1,Md. Ali Biswas,Zaker Party (ZP),8087
Rajbari 1,Ali Newaz Mahmud Khaiyam,Bangladesh Nationalist Party (BNP),154541
Rajbari 1,Md. Nurul Islam,Bangladesh Jamaat-e-Islami (Jamaat),101092
Rajbari 1,Khondokar Habibur Rahman,Jatiya Party (JaPa),2586
Rajbari 2,Nasirul Haque Sabu,Independent Candidate (Independent),36338
Rajbari 2,Sohel Molla,Independent Candidate (Independent),1219
Rajbari 2,Jahid Sheikh,Gono Odhikar Parishad (GOP),633
Rajbari 2,Jamil Hijazi,National Citizen Party (NCP),67299
Rajbari 2,Md. Harun Or Rashid,Bangladesh Nationalist Party (BNP),237254
Rajbari 2,Md. Abdul Malek,Islami Andolan Bangladesh (IAB),8503
Rajbari 2,Kazi Minhazul Alam,Khelafat Majlis,321
Rajbari 2,Md. Abdul Malek Mondal,Bangladesh Sangskritik Muktijote (BSM),266
Rajbari 2,Md. Shafiul Azam Khan,Jatiya Party (JaPa),2052
Faridpur 1,Khandaker Nasirul Islam,Bangladesh Nationalist Party (BNP),126476
Faridpur 1,Md. Hasibur Rahman,Independent Candidate (Independent),455
Faridpur 1,Sheikh Abdur Rahman Jiko,Independent Candidate (Independent),84
Faridpur 1,Sultan Ahmed Khan,Jatiya Party (JaPa),506
Faridpur 1,Md. Golam Kabir Mia,Independent Candidate (Independent),2159
Faridpur 1,Md. Abul Bashar Khan,Independent Candidate (Independent),34387
Faridpur 1,Md. Elias Molla,Bangladesh Jamaat-e-Islami (Jamaat),154145
Faridpur 1,Mrinmoy Kanti Das,Bangladesh Minority Janata Party (BMJP),786
Faridpur 2,Shah Md. Jamal Uddin,Islami Andolan Bangladesh (IAB),2368
Faridpur 2,Akramuzzaman,Insaniyat Biplob Bangladesh (IBB),617
Faridpur 2,Shama Obaid Islam,Bangladesh Nationalist Party (BNP),121694
Faridpur 2,Md. Akram Ali,Khelafat Majlis,89305
Faridpur 2,Faruk Fakir,Gono Odhikar Parishad (GOP),675
Faridpur 2,Md. Nazmul Hasan,Bangladesh Congress,257
Faridpur 3,Arifa Akter Baby,Jatiya Samajtantrik Dal (JSD),251
Faridpur 3,Nayab Yusuf Ahmed,Bangladesh Nationalist Party (BNP),148545
Faridpur 3,Morshedul Islam Asif,Independent Candidate (Independent),1253
Faridpur 3,Md. Abdut Tawab,Bangladesh Jamaat-e-Islami (Jamaat),124115
Faridpur 3,Km Sarwar,Islami Andolan Bangladesh (IAB),4022
Faridpur 3,Md. Rafiquzzaman Mia,Communist Party of Bangladesh (CPB),957
Faridpur 4,Mizanur Rahman,Khelafat Majlis,1118
Faridpur 4,Md. Sarwar Hossain,Bangladesh Jamaat-e-Islami (Jamaat),75805
Faridpur 4,Rayhan Jamil,Jatiya Party (JaPa),550
Faridpur 4,Aam Mujahid Beg,Independent Candidate (Independent),56160
Faridpur 4,Md. Mujibur Hossain,Independent Candidate (Independent),1708
Faridpur 4,Md. Shahidul Islam,Bangladesh Nationalist Party (BNP),127443
Faridpur 4,Md. Ishak Chokdar,Islami Andolan Bangladesh (IAB),11498
Faridpur 4,Ataur Rahman,Communist Party of Bangladesh (CPB),714
Gopalganj 1,Md. Mizanur Rahman,Islami Andolan Bangladesh (IAB),5870
Gopalganj 1,M. Anisul Islam,Independent Candidate (Independent),3257
Gopalganj 1,Ashraful Alom,Independent Candidate (Independent),21276
Gopalganj 1,Md. Selimuzzaman Molla,Bangladesh Nationalist Party (BNP),69462
Gopalganj 1,Md. Kayyum Ali Khan,Independent Candidate (Independent),2180
Gopalganj 1,Md. Abdul Hamid Molla,Bangladesh Jamaat-e-Islami (Jamaat),34635
Gopalganj 1,Nirod Baran Majumder,Communist Party of Bangladesh (CPB),349
Gopalganj 1,Md. Kabir Mia,Gono Odhikar Parishad (GOP),54329
Gopalganj 1,Sultan Zaman Khan,Jatiya Party (JaPa),621
Gopalganj 2,Kamruzzaman Bhuiyan,Independent Candidate (Independent),27891
Gopalganj 2,Rony Molla,Independent Candidate (Independent),403
Gopalganj 2,Sipon Bhuiyan,Independent Candidate (Independent),1931
Gopalganj 2,Shuaib Ibrahim,Khelafat Majlis,28604
Gopalganj 2,Md. Sirajul Islam Siraj,Independent Candidate (Independent),2819
Gopalganj 2,Utpal Biswas,Independent Candidate (Independent),8665
Gopalganj 2,Mh Khan Monju,Independent Candidate (Independent),33039
Gopalganj 2,Shah Mofiz,Gono Forum (GF),215
Gopalganj 2,Km Babar,Bangladesh Nationalist Party (BNP),40048
Gopalganj 2,Taslim Sikder,Islami Andolan Bangladesh (IAB),2911
Gopalganj 2,Riaz Sarwar Molla,Jatiya Party (JaPa),419
Gopalganj 2,Mahmud Hasan,Zaker Party (ZP),1371
Gopalganj 2,Deen Md.,Gono Odhikar Parishad (GOP),305
Gopalganj 3,Gobinda Chandra Pramanik,Independent Candidate (Independent),34339
Gopalganj 3,Abdul Aziz,Khelafat Majlis,25153
Gopalganj 3,Sm Jilani,Bangladesh Nationalist Party (BNP),60991
Gopalganj 3,Abul Bashar,Gono Odhikar Parishad (GOP),2600
Gopalganj 3,Md. Habibur Rahman,Independent Candidate (Independent),3805
Gopalganj 3,Sheikh Salahuddin,National People's Party (NPP),591
Gopalganj 3,Dulal Chandra Biswas,Gono Forum (GF),269
Madaripur 1,Rajib Molla,Gono Odhikar Parishad (GOP),3026
Madaripur 1,Kamal Zaman Molla,Independent Candidate (Independent),36564
Madaripur 1,Nadira Akhter,Bangladesh Nationalist Party (BNP),64524
Madaripur 1,Abdul Ali,Communist Party of Bangladesh (CPB),208
Madaripur 1,Akram Hossain,Islami Andolan Bangladesh (IAB),6205
Madaripur 1,Sajjad Hossain Siddiqui,Independent Candidate (Independent),3059
Madaripur 1,Md. Imran Hasan,Independent Candidate (Independent),247
Madaripur 1,Md. Zahirul Islam Mintu,Jatiya Party (JaPa),180
Madaripur 1,Md. Hafizur Rahman,Bangladesh Labour Party,69
Madaripur 1,Sayed Uddin Ahmad Hanzala,Khelafat Majlis,64909
Madaripur 2,Md. Mohidul Islam,Jatiya Party (JaPa),646
Madaripur 2,Md. Didar Hossain,Bangladesh Samajtantrik Dal (Basad),128
Madaripur 2,Abdus Sobhan,Khelafat Majlis,36169
Madaripur 2,Md. Jahandar Ali Mia,Bangladesh Nationalist Party (BNP),61744
Madaripur 2,Subal Chandra Majumder,Bangladesh Kallyan Party (BKP),301
Madaripur 2,Ali Ahmed Chowdhury,Islami Andolan Bangladesh (IAB),16865
Madaripur 2,Md. Reazul Islam,Independent Candidate (Independent),2779
Madaripur 2,Md. Kamrul Islam Sayed,Independent Candidate (Independent),14519
Madaripur 2,Milton Baidya,Independent Candidate (Independent),46476
Madaripur 2,Sahidul Islam Khan,Independent Candidate (Independent),6043
Madaripur 3,Md. Azizul Haque,Islami Andolan Bangladesh (IAB),13058
Madaripur 3,Nitai Chakrabarty,Bangladesh Supreme Party (BSP),2507
Madaripur 3,Anisur Rahman,Bangladesh Nationalist Party (BNP),96188
Madaripur 3,Aminul Islam,Bangladesh Samajtantrik Dal (Basad),363
Madaripur 3,Md. Rafiqul Islam,Bangladesh Jamaat-e-Islami (Jamaat),84646
Shariatpur 1,Md. Abdur Rahman,National Citizen Party (NCP),475
Shariatpur 1,Md. Tofayel Ahmed,Islami Andolan Bangladesh (IAB),10817
Shariatpur 1,Nur Md. Mia,Bangladesh Supreme Party (BSP),616
Shariatpur 1,Firoz Ahmed,Gono Odhikar Parishad (GOP),551
Shariatpur 1,Saeed Ahmed,Bangladesh Nationalist Party (BNP),77398
Shariatpur 1,Jalaluddin Ahmad,Khelafat Majlis,62717
Shariatpur 1,Syed Nazrul Islam,Independent Candidate (Independent),14644
Shariatpur 1,Md. Golam Mostafa,Independent Candidate (Independent),359
Shariatpur 2,Md. Safiqur Rahman Kiran,Bangladesh Nationalist Party (BNP),129814
Shariatpur 2,Akhtaruzzaman Samrat,Gono Odhikar Parishad (GOP),283
Shariatpur 2,Jasim Uddin,Jatiya Party (JaPa),2547
Shariatpur 2,Md. Nasir,Independent Candidate (Independent),206
Shariatpur 2,Mahmudul Hasan,Bangladesh Khelafat Andolon (BKA),313
Shariatpur 2,Mahmud Hossain,Bangladesh Jamaat-e-Islami (Jamaat),70892
Shariatpur 2,Md. Alamgir Hossain,Independent Candidate (Independent),246
Shariatpur 2,Parvez Musharraf,Janotar Dol,442
Shariatpur 2,Imran Hossain,Islami Andolan Bangladesh (IAB),6505
Shariatpur 3,Hanif Mia,Islami Andolan Bangladesh (IAB),9814
Shariatpur 3,Abdul Hannan,Jatiya Party (JaPa),2064
Shariatpur 3,Mia Nuruddin Ahmed Apu,Bangladesh Nationalist Party (BNP),107516
Shariatpur 3,Md. Azharul Islam,Bangladesh Jamaat-e-Islami (Jamaat),69684
Sunamganj 1,Kamruzzaman Kamrul,Bangladesh Nationalist Party (BNP),161774
Sunamganj 1,Tofael Ahmed,Bangladesh Jamaat-e-Islami (Jamaat),92966
Sunamganj 1,Muzammil Haque Talukdar,Bangladesh Nezame Islam Party (BNIP),1184
Sunamganj 2,Niranjan Das,Communist Party of Bangladesh (CPB),1232
Sunamganj 2,Md. Nasir Chowdhury,Bangladesh Nationalist Party (BNP),99522
Sunamganj 2,Md. Shishir Manir,Bangladesh Jamaat-e-Islami (Jamaat),63220
Sunamganj 3,Sheikh Mushtaq Ahmed,Khelafat Majlis,237
Sunamganj 3,Md. Anwar Hossain,Independent Candidate (Independent),42226
Sunamganj 3,Md. Koyshar Ahmed,Bangladesh Nationalist Party (BNP),97313
Sunamganj 3,Md. Shahinur Pasha Chowdhury,Khelafat Majlis,14203
Sunamganj 3,Hussain Ahmed,Independent Candidate (Independent),177
Sunamganj 3,Syed Talha Alam,Amar Bangladesh Party (AB),4937
Sunamganj 3,Md. Mahfuzur Rahman Khaled,Independent Candidate (Independent),237
Sunamganj 4,Md. Nazmul Huda,Jatiya Party (JaPa),1789
Sunamganj 4,Nurul Islam,Bangladesh Nationalist Party (BNP),98092
Sunamganj 4,Dewan Zainul Zakerin,Independent Candidate (Independent),26307
Sunamganj 4,Md. Shams Uddin,Bangladesh Jamaat-e-Islami (Jamaat),75735
Sunamganj 4,Shahidul Islam,Islami Andolan Bangladesh (IAB),1935
Sunamganj 5,Md. Jahangir Alam,Jatiya Party (JaPa),1524
Sunamganj 5,Abu Tahir Md. Abdus Salam,Bangladesh Jamaat-e-Islami (Jamaat),102121
Sunamganj 5,Kalim Uddin Ahmed,Bangladesh Nationalist Party (BNP),151915
Sunamganj 5,Md. Azizul Haque,National People's Party (NPP),433
Sunamganj 5,Md. Abdul Qadir,Khelafat Majlis,2278
Sylhet 1,Mahmudul Hasan,Islami Andolan Bangladesh (IAB),2701
Sylhet 1,Khandaker Abdul Muktadir,Bangladesh Nationalist Party (BNP),176936
Sylhet 1,Habibur Rahman,Bangladesh Jamaat-e-Islami (Jamaat),134983
Sylhet 1,Sanjay Kanta Das,Socialist Party of Bangladesh (Marxist) (SPB-M),801
Sylhet 1,Md. Anwar Hossain,Communist Party of Bangladesh (CPB),908
Sylhet 1,Akmal Hossain,Gono Odhikar Parishad (GOP),314
Sylhet 1,Pranab Jyoti Pal,Bangladesh Samajtantrik Dal (Basad),1113
Sylhet 2,Tahsina Rushdir,Bangladesh Nationalist Party (BNP),116697
Sylhet 2,Md. Muntasir Ali,Khelafat Majlis,37446
Sylhet 3,Musleh Uddin Raju,Khelafat Majlis,73614
Sylhet 3,Abdul Malik,Bangladesh Nationalist Party (BNP),114255
Sylhet 4,Md. Joynal Abedin,Bangladesh Jamaat-e-Islami (Jamaat),65776
Sylhet 4,Ariful Haque Chowdhury,Bangladesh Nationalist Party (BNP),181609
Sylhet 5,Ubaydullah Faruq,Jamiat Ulema-e-Islam Bangladesh (JUIB),69774
Sylhet 5,Md. Abul Hasan,Khelafat Majlis,79355
Sylhet 5,Mamunur Rashid,Independent Candidate (Independent),54614
Sylhet 6,Md. Selim Uddin,Bangladesh Jamaat-e-Islami (Jamaat),97748
Sylhet 6,Emran Ahmad Chowdhury,Bangladesh Nationalist Party (BNP),108612
Moulvibazar 1,Md. Aminul Islam,Bangladesh Jamaat-e-Islami (Jamaat),83013
Moulvibazar 1,Nasir Uddin Ahmed,Bangladesh Nationalist Party (BNP),98282
Moulvibazar 2,Md. Shawkatul Islam,Bangladesh Nationalist Party (BNP),88381
Moulvibazar 2,Md. Syed Ali,Bangladesh Jamaat-e-Islami (Jamaat),53458
Moulvibazar 3,Naser Rahman,Bangladesh Nationalist Party (BNP),156757
Moulvibazar 3,Md. Abdul Mannan,Bangladesh Jamaat-e-Islami (Jamaat),77636
Moulvibazar 4,Md. Mujibur Rahman Chowdhury,Bangladesh Nationalist Party (BNP),170877
Moulvibazar 4,Sheikh Nure Alam Hamidi,Khelafat Majlis,50204
Habiganj 1,Reza Kibria,Bangladesh Nationalist Party (BNP),111999
Habiganj 1,Sirajul Islam,Khelafat Majlis,56132
Habiganj 2,Abdul Basit Azad,Khelafat Majlis,65762
Habiganj 2,Abu Mansur Sakhawat Hasan,Bangladesh Nationalist Party (BNP),126583
Habiganj 3,Kazi Mohsin Ahmed,Bangladesh Jamaat-e-Islami (Jamaat),45568
Habiganj 3,Gk Gaus,Bangladesh Nationalist Party (BNP),142348
Habiganj 4,Md. Rashedul Islam Khokon,Bangladesh Sangskritik Muktijote (BSM),484
Habiganj 4,Md. Gias Uddin,Bangladesh Islami Front (BIF),84323
Habiganj 4,Md. Mujibur Rahman,Bangladesh Samajtantrik Dal (Basad),329
Habiganj 4,Md. Mizanur Rahman Chowdhury,Independent Candidate (Independent),652
Habiganj 4,Sm Faisal,Bangladesh Nationalist Party (BNP),188072
Habiganj 4,Saleh Ahmed Sajan,Independent Candidate (Independent),619
Habiganj 4,Md. Rezaul Mustafa,Insaniyat Biplob Bangladesh (IBB),484
Habiganj 4,Ahmed Abdul Quader,Khelafat Majlis,26466
Habiganj 4,Shah Md. Al Amin,Bangladesh Muslim League (BML),536
Brahmanbaria 1,Iqbal Chowdhury,Independent Candidate (Independent),17666
Brahmanbaria 1,Akm Kamruzzaman,Independent Candidate (Independent),35220
Brahmanbaria 1,Md. Sharif Mridha,Insaniyat Biplob Bangladesh (IBB),139
Brahmanbaria 1,Hussain Ahmed,Islami Andolan Bangladesh (IAB),907
Brahmanbaria 1,Akm Aminul Islam,Bangladesh Jamaat-e-Islami (Jamaat),24430
Brahmanbaria 1,Md. Shah Alam,Jatiya Party (JaPa),265
Brahmanbaria 1,Md. Habibur Rahman,Independent Candidate (Independent),106
Brahmanbaria 1,M. A. Hannan,Bangladesh Nationalist Party (BNP),68092
Brahmanbaria 2,Ad. Md. Ziaul Haque Mridha,Jatiya Party (JaPa),199
Brahmanbaria 2,S. N. Tarun Dey,Independent Candidate (Independent),12560
Brahmanbaria 2,Taimur Reza Md. Shahjad,Jatiya Samajtantrik Dal (JSD),384
Brahmanbaria 2,Nesar Ahmed,Islami Andolan Bangladesh (IAB),3851
Brahmanbaria 2,Sharifa Akter,Amjanatar Dol,181
Brahmanbaria 2,Ashraf Uddin,National Citizen Party (NCP),20401
Brahmanbaria 2,Md. Main Uddin,Insaniyat Biplob Bangladesh (IBB),1419
Brahmanbaria 2,Md. Junayed Al Habib,Jamiat Ulema-e-Islam Bangladesh (JUIB),80434
Brahmanbaria 2,Rumin Farhana,Independent Candidate (Independent),118547
Brahmanbaria 3,Ataullah,National Citizen Party (NCP),62547
Brahmanbaria 3,Md. Abu Hanif,Insaniyat Biplob Bangladesh (IBB),3345
Brahmanbaria 3,Niazul Karim,Islami Andolan Bangladesh (IAB),6231
Brahmanbaria 3,Md. Omar Yousuf Khan,Independent Candidate (Independent),278
Brahmanbaria 3,Md. Rezaul Islam Bhuiyan,Jatiya Party (JaPa),3891
Brahmanbaria 3,Md. Khaled Hossain Mahbub,Bangladesh Nationalist Party (BNP),209636
Brahmanbaria 3,Ayesha Akter,Bangladesh Islami Front (BIF),1344
Brahmanbaria 4,Md. Jasim,Islami Andolan Bangladesh (IAB),2277
Brahmanbaria 4,Md. Zahirul Haque Chowdhury,Gono Odhikar Parishad (GOP),117
Brahmanbaria 4,Rafi Uddin,Insaniyat Biplob Bangladesh (IBB),773
Brahmanbaria 4,Mushfiqur Rahman,Bangladesh Nationalist Party (BNP),139842
Brahmanbaria 4,Shahin Khan,National People's Party (NPP),109
Brahmanbaria 4,Md. Ataur Rahman Sarkar,Bangladesh Jamaat-e-Islami (Jamaat),91796
Brahmanbaria 4,Md. Zahirul Haque Khan,Jatiya Party (JaPa),2453
Brahmanbaria 5,Nazrul Isam,Islami Andolan Bangladesh (IAB),20696
Brahmanbaria 5,Md. Ashraful Haque,Insaniyat Biplob Bangladesh (IBB),257
Brahmanbaria 5,Amzad Hossain,Khelafat Majlis,60857
Brahmanbaria 5,Kazi Nazmul Hossain,Independent Candidate (Independent),84708
Brahmanbaria 5,Md. Shahin Khan,Communist Party of Bangladesh (CPB),359
Brahmanbaria 5,Md. Kamrul Islam,Jatiya Party (JaPa),372
Brahmanbaria 5,Md. Abdul Mannan,Bangladesh Nationalist Party (BNP),85769
Brahmanbaria 5,Nahida Jahan,Ganosanhati Andolan (GSA),266
Brahmanbaria 6,Md. Mohsin,Bangladesh Jamaat-e-Islami (Jamaat),39976
Brahmanbaria 6,Md. Shafiqul Islam,National People's Party (NPP),106
Brahmanbaria 6,Sayed Uddin Khan,Islami Andolan Bangladesh (IAB),8572
Brahmanbaria 6,Md. Habibur Rahman,Insaniyat Biplob Bangladesh (IBB),139
Brahmanbaria 6,Shafiqul Islam,Gono Odhikar Parishad (GOP),289
Brahmanbaria 6,Md. Jonayed Abdur Rahim Shaki,Ganosanhati Andolan (GSA),95342
Brahmanbaria 6,K. M. Jabir,Jatiya Samajtantrik Dal (JSD),167
Brahmanbaria 6,Md. Abu Kayes Shikdar,Independent Candidate (Independent),666
Brahmanbaria 6,Md. Abu Naser,Bangladesh Islami Front (BIF),2353
Brahmanbaria 6,Md. Sayeduzzaman Kamal,Independent Candidate (Independent),1926
Cumilla 1,Sayed Md. Ifthekhar Ahsan,Jatiya Party (JaPa),631
Cumilla 1,Khandaker Mosharrof Hossain,Bangladesh Nationalist Party (BNP),141440
Cumilla 1,Barua Monojit Dhiman,Bangladesh Samajtantrik Dal (Basad),144
Cumilla 1,Md. Abul Kalam Azad,Bangladesh Republican Party (BRP),411
Cumilla 1,Abu Zayed Al Mahnud,Independent Candidate (Independent),201
Cumilla 1,Bashir Ahmed,Islami Andolan Bangladesh (IAB),6502
Cumilla 1,Omar Farooq,Independent Candidate (Independent),205
Cumilla 1,Md. Moniruzzaman,Bangladesh Jamaat-e-Islami (Jamaat),94845
Cumilla 1,Md. Shafiul Basar,Amar Bangladesh Party (AB),511
Cumilla 2,Md. Abdus Salam,Bangladesh Islami Front (BIF),767
Cumilla 2,Md. Nazim Uddin,Bangladesh Jamaat-e-Islami (Jamaat),53384
Cumilla 2,Md. Ashraful Alam,Islami Andolan Bangladesh (IAB),6611
Cumilla 2,Md. Selim Bhuiyan,Bangladesh Nationalist Party (BNP),77037
Cumilla 2,Md. Abdul Matin,Independent Candidate (Independent),63045
Cumilla 2,Md. Amir Hossain,Jatiya Party (JaPa),570
Cumilla 3,Md. Yousuf Sohel,Bangladesh Jamaat-e-Islami (Jamaat),109599
Cumilla 3,Md. Sharif Uddin Sarkar,Insaniyat Biplob Bangladesh (IBB),167
Cumilla 3,Md. Khorshed Alam,Bangladesh Congress,717
Cumilla 3,Md. Emdadul Haque,Bangladesh Republican Party (BRP),111
Cumilla 3,Moniruzzaman,Gono Odhikar Parishad (GOP),633
Cumilla 3,Ahmed Abdul Kaiyum,Islami Andolan Bangladesh (IAB),3593
Cumilla 3,Riaz Md. Sharif,Nationalist Democratic Movement (NDM),152
Cumilla 3,Kazi Shah Mofazzal Hossain Kaikobad,Bangladesh Nationalist Party (BNP),159291
Cumilla 3,Chowdhury Rakibul Haque,Amjanatar Dol,244
Cumilla 4,Irfanul Haque Sarkar,Insaniyat Biplob Bangladesh (IBB),427
Cumilla 4,Md. Abdul Karim,Islami Andolan Bangladesh (IAB),2232
Cumilla 4,Md. Mujibur Rahman,Khelafat Majlis,248
Cumilla 4,Md. A. Jasim Uddin,Gono Odhikar Parishad (GOP),49885
Cumilla 4,Md. Abul Hasnat,National Citizen Party (NCP),166583
Cumilla 5,Abdullah Al Kafi,Communist Party of Bangladesh (CPB),342
Cumilla 5,Md. Emranul Haque,Jatiya Party (JaPa),124547
Cumilla 5,Md. Jashim Uddin,Bangladesh Nationalist Party (BNP),134485
Cumilla 5,Md. Rashedul Islam,Islami Andolan Bangladesh (IAB),1505
Cumilla 5,Shirin Akhter,Jatiya Samajtantrik Dal (JSD),153
Cumilla 5,Abul Kalam Idris,Bangladesh Muslim League (BML),147
Cumilla 5,Md. Abul Basar,National People's Party (NPP),104
Cumilla 5,Mobarak Hussain,Bangladesh Jamaat-e-Islami (Jamaat),124547
Cumilla 5,Tanzil Ahmed,Insaniyat Biplob Bangladesh (IBB),167
Cumilla 5,Jobair Ahmed Bhuiyan,Amar Bangladesh Party (AB),2029
Chandpur 3,Md. Zakir Hossain,Gono Odhikar Parishad (GOP),132
Chandpur 3,Md. Joynal Abedin Sheikh,Islami Andolan Bangladesh (IAB),14181
Chandpur 3,A. H. M. Ahsan Ullah,Bangladesh Islami Front (BIF),2274
Chandpur 3,Sheikh Farid Ahmed,Bangladesh Nationalist Party (BNP),165404
Chandpur 3,Md. Jahangir Hossain,Communist Party of Bangladesh (CPB),676
Chandpur 3,Md. Shahjahan Mia,Bangladesh Jamaat-e-Islami (Jamaat),100865
Chandpur 3,Selim Akbar,Gono Forum (GF),307
Chandpur 4,Md. Billal Hossain Miyaji,Bangladesh Jamaat-e-Islami (Jamaat),66692
Chandpur 4,Md. Munir Chowdhury,Gono Forum (GF),240
Chandpur 4,Maqbul Hossain,Islami Andolan Bangladesh (IAB),5261
Chandpur 4,Md. Abdul Malek,Bangladesh Islami Front (BIF),509
Chandpur 4,Zakir Hossain,Independent Candidate (Independent),184
Chandpur 4,Md. Harunur Rashid,Bangladesh Nationalist Party (BNP),69155
Chandpur 4,Mahmud Alam,Jatiya Party (JaPa),277
Chandpur 4,Md. Abdul Hannan,Independent Candidate (Independent),74175
Chandpur 5,Md. Mominul Haque,Bangladesh Nationalist Party (BNP),185404
Chandpur 5,Md. Mahmud Hasan Nayon,Insaniyat Biplob Bangladesh (IBB),256
Chandpur 5,Md. Ali Patwari,Islami Andolan Bangladesh (IAB),6671
Chandpur 5,Md. Neyamul Bashir,Bangladesh Liberal Democratic Party (LDP),75660
Chandpur 5,Mirza Gias Uddin,Jatiya Party (JaPa),1516
Chandpur 5,Md. Zakir Hossain Pradhani,Independent Candidate (Independent),268
Feni 1,Motaher Hossain Chowdhury,Jatiya Party (JaPa),940
Feni 1,Kazi Golam Kibria,Islami Andolan Bangladesh (IAB),5323
Feni 1,Md. Firoz Uddin Chowdhury,Bangladesh Congress,215
Feni 1,Anwar Ullah Bhuiya,Bangladesh Khelafat Andolon (BKA),310
Feni 1,Mahbub Morshed Majumdar,Bangladesh Muslim League (BML),188
Feni 1,Munshi Rafiqul Alam,Bangladesh Nationalist Party (BNP),119904
Feni 1,Sm Kamal Uddin,Bangladesh Jamaat-e-Islami (Jamaat),85615
Feni 2,Md. Harunur Rashid Bhuiya,Khelafat Majlis,820
Feni 2,Md. Tarekul Islam Bhuiya,Gono Odhikar Parishad (GOP),409
Feni 2,Saiful Karim Majumdar,Amjanatar Dol,801
Feni 2,Zainal Abedin,Bangladesh Nationalist Party (BNP),131210
Feni 2,Jasim Uddin,Socialist Party of Bangladesh (Marxist) (SPB-M),322
Feni 2,Md. Mujibur Rahman Bhuiya,Amar Bangladesh Party (AB),80058
Feni 2,Md. Ekramul Haq Bhuiyan,Islami Andolan Bangladesh (IAB),6849
Feni 2,Md. Abul Hossain,Bangladesh Khelafat Andolon (BKA),304
Feni 2,Taherul Islam,Insaniyat Biplob Bangladesh (IBB),239
Feni 2,Samsuddin Majumdar,Jatiya Samajtantrik Dal (JSD),240
Feni 3,Md. Hasan Ahmad,Insaniyat Biplob Bangladesh (IBB),327
Feni 3,Md. Abu Sufian,Jatiya Party (JaPa),1427
Feni 3,Abdul Awal Mintu,Bangladesh Nationalist Party (BNP),157825
Feni 3,Md. Saif Uddin,Islami Andolan Bangladesh (IAB),6701
Feni 3,Md. Abu Nasir,Bangladesh Islami Front (BIF),531
Feni 3,Md. Fakhruddin,Bangladesh Jamaat-e-Islami (Jamaat),108160
Feni 3,Abdul Malek,Bangladesh Samajtantrik Dal (Basad),731
Feni 3,Md. Khalekuzzaman Patwary,Bangladesh Khelafat Andolon (BKA),320
Noakhali 1,Am Mahbub Uddin,Bangladesh Nationalist Party (BNP),126833
Noakhali 1,Rehana Begum,Jatiya Samajtantrik Dal (JSD),482
Noakhali 1,Jahirul Islam,Islami Andolan Bangladesh (IAB),19289
Noakhali 1,Md. Mominul Islam,Bangladesh Congress,274
Noakhali 1,Md. Saif Ullah,Bangladesh Jamaat-e-Islami (Jamaat),98036
Noakhali 1,Md. Mashiur Rahman,Insaniyat Biplob Bangladesh (IBB),188
Noakhali 1,Md. Nurul Amin,Jatiya Party (JaPa),1075
Noakhali 2,Zainul Abdin Farroque,Bangladesh Nationalist Party (BNP),83982
Noakhali 2,Sultan Md. Zakaria Mazumder,National Citizen Party (NCP),67054
Noakhali 2,Kazi Md. Mofizur Rahman,Independent Candidate (Independent),44712
Noakhali 2,Md. Shahadat Hossain,Jatiya Party (JaPa),1075
Noakhali 2,Khalilur Rahman,Islami Andolan Bangladesh (IAB),19289
Noakhali 3,Md. Barkatullah Bulu,Bangladesh Nationalist Party (BNP),141031
Noakhali 3,Md. Siraj Mia,Jatiya Samajtantrik Dal (JSD),747
Noakhali 3,Sharif Ahmed,Independent Candidate (Independent),260
Noakhali 3,Morshed Alam,Khelafat Majlis,800
Noakhali 3,Md. Nur Uddin,Islami Andolan Bangladesh (IAB),9861
Noakhali 3,Md. Rajib Uddoula Chowdhury,Independent Candidate (Independent),534
Noakhali 3,Md. Borhan Uddin,Bangladesh Jamaat-e-Islami (Jamaat),123941
Noakhali 4,Md. Shariful Islam,Jatiya Party (JaPa),2344
Noakhali 4,Md. Shahjahan,Bangladesh Nationalist Party (BNP),219182
Noakhali 4,Bitul Chandra Talukdar,Socialist Party of Bangladesh (Marxist) (SPB-M),917
Noakhali 4,Md. Ishak Khandaker,Bangladesh Jamaat-e-Islami (Jamaat),148989
Noakhali 4,Md. Yunus Nabi,Insaniyat Biplob Bangladesh (IBB),493
Noakhali 4,Md. Firoz Alam Masud,Islami Andolan Bangladesh (IAB),14783
Noakhali 4,Abduz Zaher,Gono Odhikar Parishad (GOP),542
Noakhali 5,Muntahar Begum,Socialist Party of Bangladesh (Marxist) (SPB-M),173
Noakhali 5,Abu Naser,Islami Andolan Bangladesh (IAB),6224
Noakhali 5,Md. Yunus,Independent Candidate (Independent),133
Noakhali 5,Md. Anisul Huq,Bangladesh Republican Party (BRP),141
Noakhali 5,Md. Kamal Uddin Patwari,Jatiya Samajtantrik Dal (JSD),298
Noakhali 5,Omar Ali,Independent Candidate (Independent),814
Noakhali 5,Md. Fakhrul Islam,Bangladesh Nationalist Party (BNP),147808
Noakhali 5,Md. Belayet Hossain,Bangladesh Jamaat-e-Islami (Jamaat),120453
Noakhali 5,Md. Shawkat Hossain,Janotar Dol,4855
Noakhali 5,Touhidul Islam,Insaniyat Biplob Bangladesh (IBB),162
Noakhali 5,Khawaja Tanvir Ahmed,Jatiya Party (JaPa),1684
Noakhali 5,Md. Shamsuddoha,Bangladesh Islami Front (BIF),277
Noakhali 6,Amirul Islam Md. Abdul Malek,Bangladesh Supreme Party (BSP),505
Noakhali 6,Md. Fazlul Azim,Independent Candidate (Independent),4783
Noakhali 6,Md. Abdul Motaleb,Jatiya Samajtantrik Dal (JSD),1239
Noakhali 6,Atm Nabi Ullah,Jatiya Party (JaPa),280
Noakhali 6,Md. Azhar Uddin,Gono Odhikar Parishad (GOP),191
Noakhali 6,Md. Abul Hossain,Bangladesh Liberal Democratic Party (LDP),86
Noakhali 6,Abdul Hannan Masood,National Citizen Party (NCP),91899
Noakhali 6,Md. Mahbuber Rahman,Bangladesh Nationalist Party (BNP),64021
Noakhali 6,Md. Nurul Islam Sharif,Islami Andolan Bangladesh (IAB),2197
Noakhali 6,Tanvir Uddin Rajib,Independent Candidate (Independent),3764
Lakshmipur 1,Md. Mahmudur Rahman Mahmud,Jatiya Party (JaPa),414
Lakshmipur 1,Md. Kausar Alam,Gono Odhikar Parishad (GOP),106
Lakshmipur 1,Md. Shahadat Hossain,Bangladesh Nationalist Party (BNP),86811
Lakshmipur 1,Md. Billal Hossain,Bangladesh Samajtantrik Dal (Basad),203
Lakshmipur 1,Md. Alamgir Hossain,Nationalist Democratic Movement (NDM),106
Lakshmipur 1,Md. Zakir Hossain Patwari,Islami Andolan Bangladesh (IAB),11156
Lakshmipur 1,Md. Mahbub Alam,National Citizen Party (NCP),59265
Lakshmipur 2,Md. Ibrahim Mia,Bangladesh Supreme Party (BSP),1780
Lakshmipur 2,Abul Bashar,Gono Odhikar Parishad (GOP),424
Lakshmipur 2,Md. Rezaul Karim,Nagorik Oikya (NO),253
Lakshmipur 2,Md. Farhad Mia,Bangladesh Kallyan Party (BKP),288
Lakshmipur 2,Md. Abul Khair Bhuiyan,Bangladesh Nationalist Party (BNP),146321
Lakshmipur 2,S. U. M. Ruhul Amin Bhuiyan,Bangladesh Jamaat-e-Islami (Jamaat),133698
Lakshmipur 2,Helal Uddin,Islami Andolan Bangladesh (IAB),6774
Lakshmipur 3,Md. Shamsuddin,Bangladesh Liberal Democratic Party (LDP),488
Lakshmipur 3,Md. Ibrahim,Islami Andolan Bangladesh (IAB),5051
Lakshmipur 3,Md. Rezaul Karim,Bangladesh Jamaat-e-Islami (Jamaat),122802
Lakshmipur 3,Salim Mahmud,National People's Party (NPP),289
Lakshmipur 3,Md. Shahid Uddin Chowdhury Anne,Bangladesh Nationalist Party (BNP),135612
Lakshmipur 3,A. K. M. Mohi Uddin,Jatiya Party (JaPa),1339
Lakshmipur 4,Milan Krishna Mondal,Bangladesh Samajtantrik Dal (Basad),440
Lakshmipur 4,A. B. M. Ashraf Uddin Nizan,Bangladesh Nationalist Party (BNP),115199
Lakshmipur 4,Md. Ashrafur Rahman Hafizullah,Bangladesh Jamaat-e-Islami (Jamaat),73756
Lakshmipur 4,Tania Rob,Jatiya Samajtantrik Dal (JSD),22040
Lakshmipur 4,Khaled Saifullah,Islami Andolan Bangladesh (IAB),21103
Lakshmipur 4,Anm Manzoor Morshed,Independent Candidate (Independent),396
Lakshmipur 4,Nurul Huda Chowdhury,Independent Candidate (Independent),422
Lakshmipur 4,Md. Redwan Ullah,Gono Odhikar Parishad (GOP),259
Chattogram 1,Saifur Rahman,Bangladesh Jamaat-e-Islami (Jamaat),84538
Chattogram 1,Nurul Amin,Bangladesh Nationalist Party (BNP),128799
Chattogram 1,Syed Shahadat Hossain,Jatiya Party (JaPa),1659
Chattogram 1,Ferdous Ahmed Chowdhury,Islami Andolan Bangladesh (IAB),2108
Chattogram 1,A. K. M. Abu Yusuf,Jatiya Samajtantrik Dal (JSD),258
Chattogram 1,Rezaul Karim,Insaniyat Biplob Bangladesh (IBB),780
Chattogram 1,Sheikh Zulfikar Bulbul Chowdhury,Bangladesh Muslim League (BML),269
Chattogram 3,Md. Alauddin,Bangladesh Jamaat-e-Islami (Jamaat),39662
Chattogram 3,Mostafa Kamal Pasha,Bangladesh Nationalist Party (BNP),73037
Chattogram 5,Mir Md. Helal Uddin,Bangladesh Nationalist Party (BNP),147054
Chattogram 5,Md. Nasir Uddin,Khelafat Majlis,46589
Chattogram 6,Nasir Uddin Talukder,Ganosanhati Andolan (GSA),829
Chattogram 6,Md. Shahjahan Manju,Bangladesh Jamaat-e-Islami (Jamaat),22118
Chattogram 6,Gias Uddin Quader Chowdhury,Bangladesh Nationalist Party (BNP),112237
Chattogram 6,Md. Ilyas Noori,Bangladesh Islami Front (BIF),27146
Chattogram 7,Md. Mehdi Rashed,Jatiya Party (JaPa),411
Chattogram 7,Md. Belal Uddin,Gono Odhikar Parishad (GOP),129
Chattogram 7,Abdullah Al Haroon,Islami Andolan Bangladesh (IAB),1307
Chattogram 7,Humam Quader Chowdhury,Bangladesh Nationalist Party (BNP),101445
Chattogram 7,Md. Iqbal Hasan,Bangladesh Islami Front (BIF),30239
Chattogram 7,Md. Abdur Rahman,Amar Bangladesh Party (AB),158
Chattogram 7,Pramod Baran Barua,Communist Party of Bangladesh (CPB),441
Chattogram 7,Atm Rezaul Karim,Bangladesh Jamaat-e-Islami (Jamaat),41719
Chattogram 8,Ershad Ullah,Bangladesh Nationalist Party (BNP),152969
Chattogram 8,Md. Emdadul Haque,Insaniyat Biplob Bangladesh (IBB),884
Chattogram 8,Md. Nurul Alam,Islami Andolan Bangladesh (IAB),1208
Chattogram 8,Md. Abu Naser,Bangladesh Jamaat-e-Islami (Jamaat),53564
Chattogram 8,Md. Jobairul Hasan Arif,National Citizen Party (NCP),3349
Chattogram 8,Syed Md. Hassan,Bangladesh Islami Front (BIF),42585
Chattogram 9,Md. Nurul Abshar Majumder,Nagorik Oikya (NO),107
Chattogram 9,Syed Md. Hassan Maruf,Ganosanhati Andolan (GSA),1040
Chattogram 9,Md. Haider Ali Chowdhury,Janotar Dol,561
Chattogram 9,Abdus Shukkur,Islami Andolan Bangladesh (IAB),941
Chattogram 9,Abdul Momen Chowdhury,Jatiya Samajtantrik Dal (JSD),128
Chattogram 9,Md. Waheed Murad,Bangladesh Islami Front (BIF),4204
Chattogram 9,Akm Fazlul Haque,Bangladesh Jamaat-e-Islami (Jamaat),53807
Chattogram 9,Md. Abu Sufyan,Bangladesh Nationalist Party (BNP),109388
Chattogram 9,Md. Shafi Uddin Kabir,Socialist Party of Bangladesh (Marxist) (SPB-M),494
Chattogram 9,Md. Naeem Uddin,Insaniyat Biplob Bangladesh (IBB),112
Cumilla 10,Hasan Mahmud,Bangladesh Congress,400
Cumilla 10,Ramiz Bin Arif,Gono Odhikar Parishad (GOP),293
Cumilla 10,Md. Abdullah Al Noman,Amjanatar Dol,373
Cumilla 10,Md. Mobasher Alam Bhuiyan,Bangladesh Nationalist Party (BNP),163667
Cumilla 10,Kazi Nur E Alam Siddiqui,Bangladesh Sangskritik Muktijote (BSM),422
Cumilla 10,Md. Yasin Arafat,Bangladesh Jamaat-e-Islami (Jamaat),123733
Cumilla 10,Md. Shamsuddoha,Islami Andolan Bangladesh (IAB),7959
Cumilla 11,Md. Mohiuddin,Islami Andolan Bangladesh (IAB),2766
Cumilla 11,A. F. M. Abdur Rahim,Bangladesh Congress,194
Cumilla 11,Md. Alamgir,Gono Front (GF),98
Cumilla 11,Md. Yusuf,Bangladesh Sangskritik Muktijote (BSM),186
Cumilla 11,Syed Abdullah Md. Taher,Bangladesh Jamaat-e-Islami (Jamaat),133308
Cumilla 11,Md. Main Uddin,Jatiya Party (JaPa),704
Cumilla 11,Md. Kamrul Huda,Bangladesh Nationalist Party (BNP),76638
Chattogram 12,Md. Enamul Haque,Bangladesh Nationalist Party (BNP),135044
Chattogram 12,Md. Faridul Alam,Bangladesh Jamaat-e-Islami (Jamaat),21706
Chattogram 12,Md. Shakhawat Hossain,Independent Candidate (Independent),243
Chattogram 12,Md. Abu Taleb Helali,Insaniyat Biplob Bangladesh (IBB),929
Chattogram 12,Farid Ahmed Chowdhury,Jatiya Party (JaPa),732
Chattogram 12,M. Eyakub Ali,Bangladesh Liberal Democratic Party (LDP),118
Chattogram 12,Syed Air Md. Payaru,Bangladesh Islami Front (BIF),28999
Chattogram 12,S. M. Belal Noor,Islami Andolan Bangladesh (IAB),901
Chattogram 13,Md. Mujibur Rahman Chong,Gono Odhikar Parishad (GOP),168
Chattogram 13,Md. Rezaul Mustafa,Insaniyat Biplob Bangladesh (IBB),191
Chattogram 13,Sarwar Jamal Nizam,Bangladesh Nationalist Party (BNP),126192
Chattogram 13,Abdur Rob Chowdhury,Jatiya Party (JaPa),440
Chattogram 13,Mahmudul Hasan,Bangladesh Jamaat-e-Islami (Jamaat),35030
Chattogram 13,S. M. Shahjahan,Bangladesh Islami Front (BIF),51450
Chattogram 13,Md. Emran,Nationalist Democratic Movement (NDM),204
Chattogram 14,Omar Farooq,Bangladesh Liberal Democratic Party (LDP),75467
Chattogram 14,Alhaj Jasim Uddin Ahmed,Bangladesh Nationalist Party (BNP),76493
Chattogram 14,Shafiqul Islam Rahi,Independent Candidate (Independent),1165
Chattogram 14,Md. Abdul Hamid,Islami Andolan Bangladesh (IAB),1539
Chattogram 14,Md. Mizanul Haque Chowdhury,Independent Candidate (Independent),3630
Chattogram 14,Md. Solaiman,Bangladesh Islami Front (BIF),22992
Chattogram 14,H. M. Elias,Insaniyat Biplob Bangladesh (IBB),149
Chattogram 14,Md. Badshah Mia,Jatiya Party (JaPa),293
Chattogram 15,Nazmul Mustafa Amin,Bangladesh Nationalist Party (BNP),130661
Chattogram 15,Shariful Alam Chowdhury,Islami Andolan Bangladesh (IAB),2909
Chattogram 15,Shahjahan Chowdhury,Bangladesh Jamaat-e-Islami (Jamaat),181238
Chattogram 16,Abdul Malek,Bangladesh Islami Front (BIF),844
Chattogram 16,Md. Leaquat Ali,Independent Candidate (Independent),55492
Chattogram 16,Ehsanul Haq,Bangladesh Muslim League (BML),105
Chattogram 16,Md. Ariful Haque,Gono Odhikar Parishad (GOP),243
Chattogram 16,Mishkatul Islam Chowdhury,Bangladesh Nationalist Party (BNP),83105
Chattogram 16,Hafez Ruhullah,Islami Andolan Bangladesh (IAB),4054
Chattogram 16,Md. Zahirul Islam,Bangladesh Jamaat-e-Islami (Jamaat),93167
Cox's Bazar 1,Salahuddin Ahmed,Bangladesh Nationalist Party (BNP),222019
Cox's Bazar 1,Abdullah Al Farukh,Bangladesh Jamaat-e-Islami (Jamaat),129728
Cox's Bazar 1,Sarwar Alam Kutubi,Islami Andolan Bangladesh (IAB),4528
Cox's Bazar 2,Alamgir Md. Mahfuz Ullah Farid,Bangladesh Nationalist Party (BNP),125543
Cox's Bazar 2,Ahm Hamidur Rahman Azad,Bangladesh Jamaat-e-Islami (Jamaat),91889
Cox's Bazar 2,Mahmudul Karim,Jatiya Party (JaPa),757
Cox's Bazar 2,Ziaul Haque,Islami Andolan Bangladesh (IAB),8799
Cox's Bazar 2,S. M. Roknuzzaman Khan,Gono Odhikar Parishad (GOP),197
Cox's Bazar 3,Lutfur Rahman,Bangladesh Nationalist Party (BNP),182096
Cox's Bazar 3,Shahidul Alam,Bangladesh Jamaat-e-Islami (Jamaat),161827
Cox's Bazar 3,Amirul Islam,Islami Andolan Bangladesh (IAB),5149
Cox's Bazar 3,Jagadish Barua,Bangladesh Labour Party,602
Cox's Bazar 3,Nurul Abshar,Amjanatar Dol,367
Cox's Bazar 3,Md. Elias Mia,Independent Candidate (Independent),947
Cox's Bazar 4,Shahjahan Chowdhury,Bangladesh Nationalist Party (BNP),123582
Cox's Bazar 4,Nur Ahmed Anwari,Bangladesh Jamaat-e-Islami (Jamaat),122033
Cox's Bazar 4,Nurul Haque,Islami Andolan Bangladesh (IAB),4338
Cox's Bazar 4,Saifuddin Khaled,Nationalist Democratic Movement (NDM),379
Khagrachhari 1,Abdul Wadud Bhuiyan,Bangladesh Nationalist Party (BNP),151040
Khagrachhari 1,Md. Yeakub Ali,Bangladesh Jamaat-e-Islami (Jamaat),58545
Khagrachhari 1,Md. Kawsar,Islami Andolan Bangladesh (IAB),3089
Khagrachhari 1,Mithila Roaza,Jatiya Party (JaPa),1024
Khagrachhari 1,Jiruna Tripura,Independent Candidate (Independent),934
Khagrachhari 1,Ushyapru Marma,Bangladesh Minority Janata Party (BMJP),1030
Khagrachhari 1,Dharma Jyoti Chakma,Independent Candidate (Independent),68315
Khagrachhari 1,Md. Noor Islam,Insaniyat Biplob Bangladesh (IBB),683
Khagrachhari 1,Md. Mustafa,Bangladesh Muslim League (BML),184
Khagrachhari 1,Dinmaya Royaja,Gono Odhikar Parishad (GOP),755
Khagrachhari 1,Samiran Dewan,Independent Candidate (Independent),447910
Rangamati 1,Dipen Dewan,Bangladesh Nationalist Party (BNP),201544
Rangamati 1,Md. Jasim Uddin,Islami Andolan Bangladesh (IAB),3672
Rangamati 1,Md. Abu Baqar Siddiqui,Khelafat Majlis,22715
Rangamati 1,Ashok Talukdar,Jatiya Party (JaPa),2974
Rangamati 1,Jui Chakma,Revolutionary Workers Party of Bangladesh (RWPB),1071
Rangamati 1,Md. Abul Bashar,Gono Odhikar Parishad (GOP),449
Rangamati 1,Pahel Chakma,Independent Candidate (Independent),31222
Bandarban 1,Saching Prue,Bangladesh Nationalist Party (BNP),141455
Bandarban 1,Abu Sayed Md. Suja Uddin,National Citizen Party (NCP),26162
Bandarban 1,Md. Abul Kalam Azad,Islami Andolan Bangladesh (IAB),4718
Bandarban 1,Abu Zafar Md. Wali Ullah,Jatiya Party (JaPa),2435
Chandpur 1,Habib Khan,Jatiya Party (JaPa),652
Chandpur 1,Abu Nasr Md. Maqbul Ahmed,Bangladesh Jamaat-e-Islami (Jamaat),70368
Chandpur 1,Md. Enayet Hossain,Gono Odhikar Parishad (GOP),217
Chandpur 1,Md. Azad Hossain,Gono Forum (GF),329
Chandpur 1,Md. Nasir Uddin,Bangladesh Islami Front (BIF),4371
Chandpur 1,Anm Ehsanul Haque Milon,Bangladesh Nationalist Party (BNP),133032
Chandpur 2,Md. Faizunnur,Bangladesh Republican Party (BRP),509
Chandpur 2,Mansur,Islami Andolan Bangladesh (IAB),12307
Chandpur 2,Md. Emran Hossain Mia,Jatiya Party (JaPa),1328
Chandpur 2,Nasima Naznin Sarkar,Bangladesh Labour Party,283
Chandpur 2,Md. Jalal Uddin,Bangladesh Nationalist Party (BNP),172506
Chandpur 2,Md. Billal Hossain,Bangladesh Liberal Democratic Party (LDP),57473
Chandpur 2,Md. Enamul Haque,Nagorik Oikya (NO),143
Chandpur 2,Md. Golap Hossain,Gono Odhikar Parishad (GOP),315
Cumilla 6,Obaidul Kabir Mohan,Jatiya Samajtantrik Dal (JSD),453
Cumilla 6,Md. Harunur Rashid,Islami Andolan Bangladesh (IAB),2476
Cumilla 6,Kazi Deen Md.,Bangladesh Jamaat-e-Islami (Jamaat),119851
Cumilla 6,Md. Monirul Haque Chowdhury,Bangladesh Nationalist Party (BNP),201706
Cumilla 6,Md. Amir Hossain Farayezi,Bangladesh Sangskritik Muktijote (BSM),153
Cumilla 6,Kamrunnahar Shathi,Bangladesh Samajtantrik Dal (Basad),515
Cumilla 6,Md. Masum Bilya Miaji,Bangladesh Islami Front (BIF),4648
Cumilla 6,Mubarak Hossain,Gono Odhikar Parishad (GOP),215
Cumilla 6,Md. Yeasin,Bangladesh Muslim League (BML),1597
Cumilla 7,Sulaiman Khan,Khelafat Majlis,26319
Cumilla 7,Ehteshamul Haque,Islami Andolan Bangladesh (IAB),14277
Cumilla 7,Sajal Kumar Kar,Bangladesh Sangskritik Muktijote (BSM),261
Cumilla 7,Atiqul Alam,Independent Candidate (Independent),91690
Cumilla 7,Redwan Ahmed,Bangladesh Nationalist Party (BNP),48509
Cumilla 8,Md. Mofiz Uddin Ahmed,Bangladesh Republican Party (BRP),161
Cumilla 8,Md. Golam Morshed,Bangladesh Supreme Party (BSP),3224
Cumilla 8,Md. Shafiqul Alam Helal,Bangladesh Jamaat-e-Islami (Jamaat),45091
Cumilla 8,Md. Ali Ashraf,Bangladesh Samajtantrik Dal (Basad),160
Cumilla 8,Zakaria Taher,Bangladesh Nationalist Party (BNP),169178
Cumilla 8,Md. Golam Sadek,Islami Andolan Bangladesh (IAB),2276
Cumilla 8,Abdul Kader,Islami Oikya Jote (IOJ),279
Cumilla 9,Md. Abul Kashem,Independent Candidate (Independent),335
Cumilla 9,Samira Azim,Independent Candidate (Independent),476
Cumilla 9,Md. Abu Bakr Siddiqui,Bangladesh Islami Front (BIF),3919
Cumilla 9,Syed Akm Sarwar Uddin Siddiqui,Bangladesh Jamaat-e-Islami (Jamaat),118961
Cumilla 9,Selim Mahmud,Islami Andolan Bangladesh (IAB),7626
Cumilla 9,Md. Abul Kalam,Bangladesh Nationalist Party (BNP),170008
Cumilla 9,Md. Golam Mustafa Kamal,Jatiya Party (JaPa),1216
Cumilla 9,Md. Mizanur Rahman Chowdhury,Bangladesh Sangskritik Muktijote (BSM),124
Chattogram 10,Md. Arman Ali,Independent Candidate (Independent),357
Chattogram 10,Asma Akhtar,Socialist Party of Bangladesh (Marxist) (SPB-M),305
Chattogram 10,Md. Liaquat Ali,Bangladesh Islami Front (BIF),2441
Chattogram 10,Saeed Al Noman,Bangladesh Nationalist Party (BNP),122978
Chattogram 10,Md. Emdad Hossain Chowdhury,Jatiya Party (JaPa),1079
Chattogram 10,Sabina Khatun,Insaniyat Biplob Bangladesh (IBB),960
Chattogram 10,Md. Osman Ghani,Bangladesh Labour Party,161
Chattogram 10,Md. Shamsuzzaman Helali,Bangladesh Jamaat-e-Islami (Jamaat),76919
Chattogram 10,Md. Jannatul Islam,Islami Andolan Bangladesh (IAB),3880
Chattogram 11,Md. Noor Uddin,Islami Andolan Bangladesh (IAB),2557
Chattogram 11,Md. Nezam Uddin,Gono Odhikar Parishad (GOP),104
Chattogram 11,Md. Jahangir Bhuiyan,Independent Candidate (Independent),178
Chattogram 11,Md. Shafiul Alam,Bangladesh Jamaat-e-Islami (Jamaat),76681
Chattogram 11,Deepa Majumder,Socialist Party of Bangladesh (Marxist) (SPB-M),231
Chattogram 11,Ujjal Bhowmik,Gono Forum (GF),307
Chattogram 11,Abu Taher,Jatiya Party (JaPa),1004
Chattogram 11,Md. Abu Taher,Bangladesh Islami Front (BIF),5127
Chattogram 11,Md. Nizamul Haque Al Qaderi,Bangladesh Samajtantrik Dal (Basad),120
Chattogram 11,Md. Aziz Mia,Insaniyat Biplob Bangladesh (IBB),210
Chattogram 11,Amir Khasru Mahmud Chowdhury,Bangladesh Nationalist Party (BNP),115999
