seat_name,division,district,party,candidate,votes
Bagerhat 1,Khulna,Bagerhat,Bangladesh Muslim League - BML,A. Sabur Sheikh,-
Bagerhat 1,Khulna,Bagerhat,BNP,Kapil Krishna Mandal,114323.0
Bagerhat 1,Khulna,Bagerhat,Independent,M. A. H. Selim,-
Bagerhat 1,Khulna,Bagerhat,Bangladesh Muslim League - BML,M.D. Shamsul Haque,-
Bagerhat 1,Khulna,Bagerhat,Amar Bangladesh Party (AB Party),Md. Aminul Islam,-
Bagerhat 1,Khulna,Bagerhat,Bangladesh Jamaat-e-Islami,Md. Mashiur Rahman Khan,117527.0
Bagerhat 1,Khulna,Bagerhat,Independent,Md. Sheikh Masud Rana,-
Bagerhat 1,Khulna,Bagerhat,Jatiya Party,S. M. Golam Sorrowar,-
Bagerhat 2,Khulna,Bagerhat,Independent,M. A. H. Selim,-
Bagerhat 2,Khulna,Bagerhat,Islamic Andolon Bangladesh,Sheikh Atiyar Rahman,-
Bagerhat 2,Khulna,Bagerhat,Bangladesh Jamaat-e-Islami,Sheikh Manjurul Haque (Rahad),117709.0
Bagerhat 2,Khulna,Bagerhat,BNP,Sheikh Mohammad Zakir Hossain,66409.0
Bagerhat 3,Khulna,Bagerhat,Independent,M. A. H. Selim,-
Bagerhat 3,Khulna,Bagerhat,Jatiya Samajtantrik Dal (JSD Rab),Md. Habibur Rahman Master,-
Bagerhat 3,Khulna,Bagerhat,Bangladesh Jamaat-e-Islami,Mohammed Abdul Wadud Sheikh,83705.0
Bagerhat 3,Khulna,Bagerhat,BNP,Sheikh Faridul Islam,103711.0
Bagerhat 3,Khulna,Bagerhat,Islamic Andolon Bangladesh,Sheikh Zillur Rahman,-
Bagerhat 4,Khulna,Bagerhat,Independent,Kazi Khairuzzaman (Shipan),-
Bagerhat 4,Khulna,Bagerhat,Jatiya Samajtantrik Dal (JSD Rab),Md. A. Latif Khan,-
Bagerhat 4,Khulna,Bagerhat,Bangladesh Jamaat-e-Islami,Md. Abdul Alim,116067.0
Bagerhat 4,Khulna,Bagerhat,Islamic Andolon Bangladesh,Md. Omar Farooq,-
Bagerhat 4,Khulna,Bagerhat,Jatiya Party,Sajan Kumar Mistry,-
Bagerhat 4,Khulna,Bagerhat,BNP,Somnath Dey,98326.0
Bandarban 1,Chattogram,Bandarban,Jatiya Party,Abu Jafar Mohammad Wali Ullah,2435.0
Bandarban 1,Chattogram,Bandarban,National Citizens Party - NCP,Abu Saeed Md. Sujauddin,26162.0
Bandarban 1,Chattogram,Bandarban,Islamic Andolon Bangladesh,Md. Abul Kalam Azad,4718.0
Bandarban 1,Chattogram,Bandarban,BNP,Saching Prue,141455.0
Barguna 1,Barisal,Barguna,Islamic Andolon Bangladesh,Md. Ali Ullah,140291.0
Barguna 1,Barisal,Barguna,Khilafat Majlis,Md. Jahangir Hossain,6232.0
Barguna 1,Barisal,Barguna,Jatiya Party,Md. Jamal Hossain,981.0
Barguna 1,Barisal,Barguna,BNP,Md. Nazrul Islam Molla,136145.0
Barguna 2,Barisal,Barguna,Jatiya Party,Abdul Latif Farazi,-
Barguna 2,Barisal,Barguna,Bangladesh Jamaat-e-Islami,Dr. Sultan Ahmed,85247.0
Barguna 2,Barisal,Barguna,Bangladesh National Party - BJP,Md. Kamruzzaman Liton,-
Barguna 2,Barisal,Barguna,Islamic Andolon Bangladesh,Md. Mizanur Rahman,16463.0
Barguna 2,Barisal,Barguna,BNP,Md. Nurul Islam,90643.0
Barguna 2,Barisal,Barguna,Independent,Md. Rashed Ud Zaman,-
Barguna 2,Barisal,Barguna,Bangladesh Congress,Md. Sabbir Ahmed,-
Barguna 2,Barisal,Barguna,National People's Party - NPP,Md. Solaiman,-
Barguna 2,Barisal,Barguna,Nationalist Democratic Movement - NDM,Syed Md. Nazis Afroz,-
Barishal 1,Barisal,Barishal,Independent,Abdus Sobhan,-
Barishal 1,Barisal,Barishal,Bangladesh Jamaat-e-Islami,Md. Kamrul Islam Khan,46263.0
Barishal 1,Barisal,Barishal,Islamic Andolon Bangladesh,Md. Russell Sardar,-
Barishal 1,Barisal,Barishal,Jatiya Party,Sernabiat Sekandar Ali,-
Barishal 1,Barisal,Barishal,BNP,Zahir Uddin Swapan,100552.0
Barishal 2,Barisal,Barishal,Jatiya Party,A. A. Jalil,-
Barishal 2,Barisal,Barishal,Jatiya Party,A. Haq,-
Barishal 2,Barisal,Barishal,Bangladesh Jamaat-e-Islami,Abdul Mannan,74082.0
Barishal 2,Barisal,Barishal,Bangladesh Jasod,Md. Abul Kamal Azad,-
Barishal 2,Barisal,Barishal,Islamic Andolon Bangladesh,Mohammad Nesar Uddin,-
Barishal 2,Barisal,Barishal,National People's Party - NPP,Mr. Ali,-
Barishal 2,Barisal,Barishal,Gono Odhikar Parishad,Ranjit Kumar Baroi,-
Barishal 2,Barisal,Barishal,BNP,Sardar Sarfuddin Ahmed,141622.0
Barishal 3,Barisal,Barishal,Jatiya Party,Golam Kibria Tipu,-
Barishal 3,Barisal,Barishal,Bangladesher Samajtantrik Dal (BSD),Md. Azmul Hasan Jihad,-
Barishal 3,Barisal,Barishal,Amar Bangladesh Party (AB Party),Mohammad Asaduzzaman Bhuiyan,61192.0
Barishal 3,Barisal,Barishal,Islamic Andolon Bangladesh,Muhammad Sirajul Islam,-
Barishal 3,Barisal,Barishal,Gono Odhikar Parishad,Yamin H.M. Fardin,-
Barishal 3,Barisal,Barishal,BNP,Zainul Abedin,80930.0
Barishal 4,Barisal,Barishal,Bangladesh Sangskritik Muktijote,Abdul Jalil,-
Barishal 4,Barisal,Barishal,Bangladesh Jasod,Abdus Sattar (Dokon),-
Barishal 4,Barisal,Barishal,BNP,Md. Rajib Ahsan,128322.0
Barishal 4,Barisal,Barishal,Bangladesh Jamaat-e-Islami,Mohammad Abdul Jabbar,74684.0
Barishal 4,Barisal,Barishal,Islamic Andolon Bangladesh,Syed Ishaq Md. Abul Khair,-
Barishal 5,Barisal,Barishal,National People's Party - NPP,Abdul Hannan Sikder,-
Barishal 5,Barisal,Barishal,Jatiya Party,Akhtar Rahman,-
Barishal 5,Barisal,Barishal,Bangladesher Samajtantrik Dal (BSD),Manisha Chakraborty,-
Barishal 5,Barisal,Barishal,BNP,Md. Mujibur Rahman Sarwar,135146.0
Barishal 5,Barisal,Barishal,Bangladesher Samajtantrik Dal (Marxist),Md. Saidur Rahman,-
Barishal 5,Barisal,Barishal,Islamic Andolon Bangladesh,Mufti Syed Md. Faizul Karim,95044.0
Barishal 6,Barisal,Barishal,Bangladesh Muslim League - BML,Abdul Quddus,-
Barishal 6,Barisal,Barishal,BNP,Abul Hossain Khan,82217.0
Barishal 6,Barisal,Barishal,Independent,Md. Kamrul Islam Khan,-
Barishal 6,Barisal,Barishal,Bangladesh Jamaat-e-Islami,Md. Mahmudunnabi,55988.0
Barishal 6,Barisal,Barishal,Gono Odhikar Parishad,Md. Salauddin Mia,-
Barishal 6,Barisal,Barishal,Islamic Andolon Bangladesh,Mufti Syed Md. Faizul Karim,-
Bhola 1,Barisal,Bhola,Bangladesh National Party - BJP,Andalib Rahman,105543.0
Bhola 1,Barisal,Bhola,Gono Odhikar Parishad,Md. Ainur Rahman Jewel Mia,-
Bhola 1,Barisal,Bhola,Jatiya Party,Md. Akbar Hossain,-
Bhola 1,Barisal,Bhola,National People's Party - NPP,Md. Mizanur Rahman,-
Bhola 1,Barisal,Bhola,Bangladesh Jamaat-e-Islami,Md. Nazrul Islam,75337.0
Bhola 1,Barisal,Bhola,Islamic Andolon Bangladesh,Md. Obaidul Rahman,-
Bhola 1,Barisal,Bhola,Islamic Front Bangladesh - IFB,Mohammad Ashraf Ali,-
Bhola 1,Barisal,Bhola,Independent,Rafizul Hossain,-
Bhola 2,Barisal,Bhola,Jatiya Party,Advocate Md. Jahangir Alam Rintu,-
Bhola 2,Barisal,Bhola,Amjanatar Dal,Md. Ala Uddin,-
Bhola 2,Barisal,Bhola,BNP,Md. Hafiz Ibrahim,119085.0
Bhola 2,Barisal,Bhola,Independent,Md. Zakir Hossain Laskar,-
Bhola 2,Barisal,Bhola,Bangladesh Jamaat-e-Islami,Mohammad Fazlul Karim,93703.0
Bhola 2,Barisal,Bhola,Independent,Mohibullah Khokon,-
Bhola 2,Barisal,Bhola,Liberal Democratic Party - LDP,Mokfar Uddin Chowdhury,-
Bhola 2,Barisal,Bhola,Independent,Tashlima Begum,-
Bhola 3,Barisal,Bhola,BNP,Hafiz Uddin Ahmed,145990.0
Bhola 3,Barisal,Bhola,Gono Odhikar Parishad,Md. Abu Tayyab,-
Bhola 3,Barisal,Bhola,Jatiya Party,Md. Kamal Uddin,-
Bhola 3,Barisal,Bhola,Islamic Andolon Bangladesh,Md. Mosleh Uddin,-
Bhola 3,Barisal,Bhola,Bangladesh Development Party - BDP,Md. Nizamul Haque,57351.0
Bhola 4,Barisal,Bhola,Nationalist Democratic Movement - NDM,Abul Kalam,-
Bhola 4,Barisal,Bhola,Islamic Andolon Bangladesh,Abul Mukarram Md. Kamal Uddin,-
Bhola 4,Barisal,Bhola,Amjanatar Dal,Md. Jalal Uddin Rumi,-
Bhola 4,Barisal,Bhola,Jatiya Party,Md. Mizanur Rahman,-
Bhola 4,Barisal,Bhola,Bangladesh Jamaat-e-Islami,Mohammad Mustafa Kamal,81437.0
Bhola 4,Barisal,Bhola,BNP,Mohammad Nurul Islam,189351.0
Bhola 4,Barisal,Bhola,Independent,Muhammad Rafiqul Islam,-
Bogura 1,Rajshahi,Bogura,Islamic Andolon Bangladesh,A. B. M. Mustafa Kemal Pasha,-
Bogura 1,Rajshahi,Bogura,BNP,Kazi Rafiqul Islam,171440.0
Bogura 1,Rajshahi,Bogura,Bangladesh Congress,Md. Asadul Haque,-
Bogura 1,Rajshahi,Bogura,Bangladesh Jamaat-e-Islami,Md. Shahabuddin,57959.0
Bogura 1,Rajshahi,Bogura,Gono Forum,Md. Zulfiqar Ali,-
Bogura 2,Rajshahi,Bogura,Bangladesh Jamaat-e-Islami,Abul Azad Mohammad Shahaduzzaman,93548.0
Bogura 2,Rajshahi,Bogura,Nagorik Oikko,Mahmudur Rahman Manna,-
Bogura 2,Rajshahi,Bogura,Islamic Andolon Bangladesh,Md. Jamal Uddin,-
Bogura 2,Rajshahi,Bogura,Independent,Md. Rezaul Karim Talu,-
Bogura 2,Rajshahi,Bogura,Gono Odhikar Parishad,Md. Selim Sarkar,-
Bogura 2,Rajshahi,Bogura,BNP,Mir Shah Alam,145024.0
Bogura 2,Rajshahi,Bogura,Jatiya Party,Shariful Islam Jinnah,-
Bogura 3,Rajshahi,Bogura,BNP,Md. Abdul Mohit Talukder,127406.0
Bogura 3,Rajshahi,Bogura,Bangladesh Jamaat-e-Islami,Md. Noor Mohammad,111026.0
Bogura 3,Rajshahi,Bogura,Jatiya Party,Md. Shahinul Islam,-
Bogura 3,Rajshahi,Bogura,Islamic Andolon Bangladesh,Md. Shahjahan Ali Talukder,-
Bogura 4,Rajshahi,Bogura,Islamic Andolon Bangladesh,Md. Idris Ali,-
Bogura 4,Rajshahi,Bogura,BNP,Md. Mosharraf Hossain,155339.0
Bogura 4,Rajshahi,Bogura,Bangladesh Jamaat-e-Islami,Md. Mustafa Faisal,108978.0
Bogura 4,Rajshahi,Bogura,Jatiya Party,Shahin Mustafa Kamal,-
Bogura 5,Rajshahi,Bogura,BNP,Gulam Mohammad Siraj,248841.0
Bogura 5,Rajshahi,Bogura,Liberal Democratic Party - LDP,Khan Qudrat-E-Saqlain,-
Bogura 5,Rajshahi,Bogura,Bangladesh Jamaat-e-Islami,Md. Dabibur Rahman,143329.0
Bogura 5,Rajshahi,Bogura,Islamic Andolon Bangladesh,Mir Md. Mahmudur Rahman,-
Bogura 5,Rajshahi,Bogura,Communist Party of Bangladesh,Shipan Kumar Ravidas,-
Bogura 6,Rajshahi,Bogura,Jatiya Samajtantrik Dal (JSD Rab),Abdullah Al-Waqi,-
Bogura 6,Rajshahi,Bogura,Islamic Andolon Bangladesh,Abu Numan Md. Mamunur Rashid,-
Bogura 6,Rajshahi,Bogura,Bangladesher Samajtantrik Dal (BSD),Dilruba,-
Bogura 6,Rajshahi,Bogura,Bangladesh Jamaat-e-Islami,Md. Abidur Rahman,-
Bogura 6,Rajshahi,Bogura,BNP,Tarique Rahman,-
Bogura 7,Rajshahi,Bogura,Bangladesh Muslim League - BML,Md. Ansar Ali,-
Bogura 7,Rajshahi,Bogura,Bangladesh Jamaat-e-Islami,Md. Golam Rabbani,-
Bogura 7,Rajshahi,Bogura,Islamic Andolon Bangladesh,Md. Shafiqul Islam,-
Bogura 7,Rajshahi,Bogura,BNP,Morshed Milton,158196.0
Brahmanbaria 1,Chattogram,Brahmanbaria,Bangladesh Jamaat-e-Islami,A. K. M. Aminul Islam,24430.0
Brahmanbaria 1,Chattogram,Brahmanbaria,Independent,A.K.M. Kamruzzaman,35220.0
Brahmanbaria 1,Chattogram,Brahmanbaria,Islamic Andolon Bangladesh,Hussain Ahmed,907.0
Brahmanbaria 1,Chattogram,Brahmanbaria,Independent,Iqbal Chowdhury,17666.0
Brahmanbaria 1,Chattogram,Brahmanbaria,BNP,M. A. Hannan,68092.0
Brahmanbaria 1,Chattogram,Brahmanbaria,Independent,Md. Habibur Rahman,106.0
Brahmanbaria 1,Chattogram,Brahmanbaria,Jatiya Party,Md. Shah Alam,265.0
Brahmanbaria 1,Chattogram,Brahmanbaria,Insaniat Biplob Bangladesh - Insaniat Biplob,Md. Sharif Mridha,139.0
Brahmanbaria 2,Chattogram,Brahmanbaria,National Citizens Party - NCP,Ashraf Uddin,-
Brahmanbaria 2,Chattogram,Brahmanbaria,Jatiya Party,Ed. Md. Ziaul Haque Mridha,-
Brahmanbaria 2,Chattogram,Brahmanbaria,Insaniat Biplob Bangladesh - Insaniat Biplob,Md. Main Uddin,-
Brahmanbaria 2,Chattogram,Brahmanbaria,Jamiat Ulama-e-Islam Bangladesh,Mohammed Junaid Al Habib,80434.0
Brahmanbaria 2,Chattogram,Brahmanbaria,Islamic Andolon Bangladesh,Nesar Ahmad,-
Brahmanbaria 2,Chattogram,Brahmanbaria,Independent,Rumin Farhana,118547.0
Brahmanbaria 2,Chattogram,Brahmanbaria,Independent,SN Tarun Dey,-
Brahmanbaria 2,Chattogram,Brahmanbaria,Amjanatar Dal,Sharifa Akhter,-
Brahmanbaria 2,Chattogram,Brahmanbaria,Jatiya Samajtantrik Dal (JSD Rab),Taimur Reza Md. Shahzad,-
Brahmanbaria 3,Chattogram,Brahmanbaria,National Citizens Party - NCP,Ataullah,62547.0
Brahmanbaria 3,Chattogram,Brahmanbaria,Islamic Front Bangladesh,Ayesha Akhter,-
Brahmanbaria 3,Chattogram,Brahmanbaria,Insaniat Biplob Bangladesh - Insaniat Biplob,Md. Abu Hanif,-
Brahmanbaria 3,Chattogram,Brahmanbaria,BNP,Md. Khaled Hossain Mahbub,209636.0
Brahmanbaria 3,Chattogram,Brahmanbaria,Independent,Md. Omar Yusuf Khan,-
Brahmanbaria 3,Chattogram,Brahmanbaria,Jatiya Party,Md. Rezaul Islam Bhuiyan,-
Brahmanbaria 3,Chattogram,Brahmanbaria,Islamic Andolon Bangladesh,Niazul Karim,-
Brahmanbaria 4,Chattogram,Brahmanbaria,Bangladesh Jamaat-e-Islami,Md. Ataur Rahman Sarker,91796.0
Brahmanbaria 4,Chattogram,Brahmanbaria,Islamic Andolon Bangladesh,Md. Jasim,-
Brahmanbaria 4,Chattogram,Brahmanbaria,Gono Odhikar Parishad,Md. Zahirul Haque Chowdhury,-
Brahmanbaria 4,Chattogram,Brahmanbaria,Jatiya Party,Md. Zahirul Haque Khan,-
Brahmanbaria 4,Chattogram,Brahmanbaria,BNP,Mushfiqur Rahman,139842.0
Brahmanbaria 4,Chattogram,Brahmanbaria,Insaniat Biplob Bangladesh - Insaniat Biplob,Rafi Uddin,-
Brahmanbaria 4,Chattogram,Brahmanbaria,National People's Party - NPP,Shaheen Khan,-
Brahmanbaria 5,Chattogram,Brahmanbaria,Bangladesh Khilafat Majlis,Amjad Hossain,-
Brahmanbaria 5,Chattogram,Brahmanbaria,Independent,Kazi Nazmul Hossain,84708.0
Brahmanbaria 5,Chattogram,Brahmanbaria,BNP,Md. Abdul Mannan,85769.0
Brahmanbaria 5,Chattogram,Brahmanbaria,Communist Party of Bangladesh,Md. Shaheen Khan,-
Brahmanbaria 5,Chattogram,Brahmanbaria,Insaniat Biplob Bangladesh - Insaniat Biplob,Mohammad Ashraful Haque,-
Brahmanbaria 5,Chattogram,Brahmanbaria,Jatiya Party,Mohammad Kamrul Islam,-
Brahmanbaria 5,Chattogram,Brahmanbaria,Ganosamhati Andolon,Nahida Jahan,-
Brahmanbaria 5,Chattogram,Brahmanbaria,Islamic Andolon Bangladesh,Nazrul Islam,-
Brahmanbaria 6,Chattogram,Brahmanbaria,Independent,Dr. Md. Saiduzzaman Kamal,-
Brahmanbaria 6,Chattogram,Brahmanbaria,Jatiya Samajtantrik Dal (JSD Rab),K. M. Jabir,-
Brahmanbaria 6,Chattogram,Brahmanbaria,Bangladesh Islamic Front,Md. Abu Naser,2353.0
Brahmanbaria 6,Chattogram,Brahmanbaria,Insaniat Biplob Bangladesh - Insaniat Biplob,Md. Habibur Rahman,-
Brahmanbaria 6,Chattogram,Brahmanbaria,Ganosamhati Andolon,Md. Jonayed Abdur Rahim Saki,95342.0
Brahmanbaria 6,Chattogram,Brahmanbaria,Bangladesh Jamaat-e-Islami,Md. Mohsin,39976.0
Brahmanbaria 6,Chattogram,Brahmanbaria,National People's Party - NPP,Md. Shafiqul Islam,-
Brahmanbaria 6,Chattogram,Brahmanbaria,Independent,Mohammad Abu Kayes Sikder,-
Brahmanbaria 6,Chattogram,Brahmanbaria,Islamic Andolon Bangladesh,Saeed Uddin Khan,-
Brahmanbaria 6,Chattogram,Brahmanbaria,Gono Odhikar Parishad,Shafiqul Islam,-
Chandpur 1,Chattogram,Chandpur,BNP,A N M Ehsanul Hoque Milon,133032.0
Chandpur 1,Chattogram,Chandpur,Bangladesh Jamaat-e-Islami,Abu Nasar Mohammad Makbol Ahmad,70368.0
Chandpur 1,Chattogram,Chandpur,Jatiya Party,Habib Khan,-
Chandpur 1,Chattogram,Chandpur,Gono Odhikar Parishad,Md. Anayet Hossen,-
Chandpur 1,Chattogram,Chandpur,Gono Forum,Mohammad Azad Hossain,-
Chandpur 1,Chattogram,Chandpur,Bangladesh Islamic Front,Mohammed Nasir Uddin,-
Chandpur 2,Chattogram,Chandpur,Islamic Andolon Bangladesh,Mansur,-
Chandpur 2,Chattogram,Chandpur,Jatiya Party,Md. Amran Hossain Mia,-
Chandpur 2,Chattogram,Chandpur,Nagorik Oikko,Md. Anamul Hoque,-
Chandpur 2,Chattogram,Chandpur,Liberal Democratic Party - LDP,Md. Billal Hosion,57473.0
Chandpur 2,Chattogram,Chandpur,Bangladesh Republican Party - BRP,Md. Faijunnur,-
Chandpur 2,Chattogram,Chandpur,Gono Odhikar Parishad,Md. Golaf Hossain,-
Chandpur 2,Chattogram,Chandpur,BNP,Md. Jalal Uddin,172506.0
Chandpur 2,Chattogram,Chandpur,Bangladesh Labor Party,Nasima Nazneen Sarker,-
Chandpur 3,Chattogram,Chandpur,Bangladesh Islamic Front,A. H. M. Ahsan Ullah,-
Chandpur 3,Chattogram,Chandpur,Communist Party of Bangladesh,Md. Jahangir Hossain,-
Chandpur 3,Chattogram,Chandpur,Islamic Andolon Bangladesh,Md. Jaynal Abdin Shakh,-
Chandpur 3,Chattogram,Chandpur,Bangladesh Jamaat-e-Islami,Md. Shahjahan Miah,100865.0
Chandpur 3,Chattogram,Chandpur,Gono Odhikar Parishad,Md. Zakir Hossain,-
Chandpur 3,Chattogram,Chandpur,Gono Forum,Salim Akbar,-
Chandpur 3,Chattogram,Chandpur,BNP,Sk Farid Ahmed,165404.0
Chandpur 4,Chattogram,Chandpur,Jatiya Party,Mahmud Alam,-
Chandpur 4,Chattogram,Chandpur,Independent,Md. Abdul Hannan,74175.0
Chandpur 4,Chattogram,Chandpur,Bangladesh Islamic Front,Md. Abdul Malek,-
Chandpur 4,Chattogram,Chandpur,Bangladesh Jamaat-e-Islami,Md. Billal Hossain Miaji,-
Chandpur 4,Chattogram,Chandpur,BNP,Md. Harunur Rashid,69155.0
Chandpur 4,Chattogram,Chandpur,Gono Forum,Md. Munir Chowdhury,-
Chandpur 4,Chattogram,Chandpur,Islamic Andolon Bangladesh,Mokbul Hossain,-
Chandpur 4,Chattogram,Chandpur,Independent,Zakir Hossain,-
Chandpur 5,Chattogram,Chandpur,Insaniat Biplob Bangladesh - Insaniat Biplob,Md. Mahmud Hasan Nayan,-
Chandpur 5,Chattogram,Chandpur,BNP,Md. Maminul Haque,185404.0
Chandpur 5,Chattogram,Chandpur,Liberal Democratic Party - LDP,Md. Neamul Bashir,75660.0
Chandpur 5,Chattogram,Chandpur,Independent,Md. jakir Hossain Prodhania,-
Chandpur 5,Chattogram,Chandpur,Jatiya Party,Mirza Gious Uddin,-
Chandpur 5,Chattogram,Chandpur,Islamic Andolon Bangladesh,Mohammad Ali Patwary,-
Chandpur 5,Chattogram,Chandpur,Islamic Front Bangladesh - IFB,Sayed Bahadur Shah Mujaddedi,-
Chapainawabganj 1,Rajshahi,Chapainawabganj,Bangladesh Sangskritik Muktijote,Md. Abdul Halim,-
Chapainawabganj 1,Rajshahi,Chapainawabganj,Jatiya Party,Md. Afzal Hossain,-
Chapainawabganj 1,Rajshahi,Chapainawabganj,Bangladesh Jamaat-e-Islami,Md. Keramat Ali,206893.0
Chapainawabganj 1,Rajshahi,Chapainawabganj,Islamic Andolon Bangladesh,Md. Monirul Islam (Moniur),-
Chapainawabganj 1,Rajshahi,Chapainawabganj,BNP,Md. Shahjahan Mia,162515.0
Chapainawabganj 1,Rajshahi,Chapainawabganj,Bangladesh Islamic Front,Nawab Md. Shamsul Hoda,-
Chapainawabganj 2,Rajshahi,Chapainawabganj,BNP,Md. Aminul Islam,155119.0
Chapainawabganj 2,Rajshahi,Chapainawabganj,Islamic Andolon Bangladesh,Md. Ibrahim Khalil,-
Chapainawabganj 2,Rajshahi,Chapainawabganj,Bangladesh Jamaat-e-Islami,Md. Mizanur Rahman,171227.0
Chapainawabganj 2,Rajshahi,Chapainawabganj,Communist Party of Bangladesh,Md. Sadequl Islam,-
Chapainawabganj 2,Rajshahi,Chapainawabganj,Jatiya Party,Mohamod Khurshid Alam,-
Chapainawabganj 3,Rajshahi,Chapainawabganj,Jatiya Samajtantrik Dal (JSD Rab),Md. Fazlur Islam Khan,-
Chapainawabganj 3,Rajshahi,Chapainawabganj,BNP,Md. Harunur Rashid,127037.0
Chapainawabganj 3,Rajshahi,Chapainawabganj,Islamic Andolon Bangladesh,Md. Monirul Islam,-
Chapainawabganj 3,Rajshahi,Chapainawabganj,Bangladesh Jamaat-e-Islami,Md. Nurul Islam,189640.0
Chapainawabganj 3,Rajshahi,Chapainawabganj,Gono Odhikar Parishad,Md. Shofikul Islam,-
Chattogram 1,Chattogram,Chattogram,Jatiya Samajtantrik Dal (JSD Rab),A. K. M. Abu Yusufe,-
Chattogram 1,Chattogram,Chattogram,Islamic Andolon Bangladesh,Ferdaus Ahmed Chowdhury,-
Chattogram 1,Chattogram,Chattogram,Bangladesh Jamaat-e-Islami,Mohammad Saifur Rahaman,84538.0
Chattogram 1,Chattogram,Chattogram,BNP,Nurul Amin,128799.0
Chattogram 1,Chattogram,Chattogram,Insaniat Biplob Bangladesh - Insaniat Biplob,Rezaul Karim,-
Chattogram 1,Chattogram,Chattogram,Bangladesh Muslim League - BML,Sk. Zulfiqur Bulbul Chowdhury,-
Chattogram 1,Chattogram,Chattogram,Jatiya Party,Syed Sahadat Hossain,-
Chattogram 2,Chattogram,Chattogram,Independent,Ahamed Kabir,-
Chattogram 2,Chattogram,Chattogram,Independent,Jinnat Akter,-
Chattogram 2,Chattogram,Chattogram,Janotar Dol,Md Golam Nowsher Ali,-
Chattogram 2,Chattogram,Chattogram,BNP,Md. Sarowar Alamgir,-
Chattogram 2,Chattogram,Chattogram,Bangladesh Jamaat-e-Islami,Mohammad Nurul Amin,-
Chattogram 2,Chattogram,Chattogram,Islamic Andolon Bangladesh,Mohammed Julfikar Ali Mannan,-
Chattogram 2,Chattogram,Chattogram,Gono Odhikar Parishad,Rabiul Hasan,-
Chattogram 2,Chattogram,Chattogram,Bangladesh Supreme Party - BSP,Shajada Syed Saifuddin Ahmed,-
Chattogram 3,Chattogram,Chattogram,Independent,Md. Moahedul Mawla,-
Chattogram 3,Chattogram,Chattogram,Islamic Andolon Bangladesh,Mohammad Amzad Hossain,-
Chattogram 3,Chattogram,Chattogram,BNP,Mostafa Kamal Pasha,73037.0
Chattogram 3,Chattogram,Chattogram,Bangladesh Jamaat-e-Islami,Muhammed Ala Uddin,39662.0
Chattogram 4,Chattogram,Chattogram,Gono Odhikar Parishad,A T M Parvez,-
Chattogram 4,Chattogram,Chattogram,Ganosamhati Andolon,Jahidul Alam,-
Chattogram 4,Chattogram,Chattogram,BNP,Md Aslam Chowdhury,-
Chattogram 4,Chattogram,Chattogram,Bangladesh Jamaat-e-Islami,Md. Anwar Siddique,-
Chattogram 4,Chattogram,Chattogram,Islamic Andolon Bangladesh,Md. Didarul Mowla,-
Chattogram 4,Chattogram,Chattogram,Communist Party of Bangladesh,Md. Mosiuddowlah,-
Chattogram 4,Chattogram,Chattogram,Bangladesh Supreme Party - BSP,Md. Shahidul Islam Chowdhury,-
Chattogram 4,Chattogram,Chattogram,Bangladesh Islamic Front,Md. Sirajudollah,-
Chattogram 4,Chattogram,Chattogram,Bangladesh Nezam Islam Party,Md. Zakaria Khaled,-
Chattogram 5,Chattogram,Chattogram,Islamic Andolon Bangladesh,Mati Ullah Noori,-
Chattogram 5,Chattogram,Chattogram,Bangladesh Labor Party,Md. Alauddin,-
Chattogram 5,Chattogram,Chattogram,Bangladesh Khilafat Majlis,Md. Nasir Uddin,46589.0
Chattogram 5,Chattogram,Chattogram,BNP,Mir Mohammed Helal Uddin,147054.0
Chattogram 5,Chattogram,Chattogram,Independent,Mohammed Imam Uddin Riad,-
Chattogram 5,Chattogram,Chattogram,Islamic Front Bangladesh - IFB,Muhammad Rafiqul Islam,-
Chattogram 6,Chattogram,Chattogram,BNP,Gias Uddin Quader Chowdhury,112237.0
Chattogram 6,Chattogram,Chattogram,Bangladesh Jamaat-e-Islami,Md. Shahajahan Monjo,-
Chattogram 6,Chattogram,Chattogram,Bangladesh Islamic Front,Mohammad Elias Nuri,27146.0
Chattogram 6,Chattogram,Chattogram,Ganosamhati Andolon,Nasir Uddin Talukder,-
Chattogram 7,Chattogram,Chattogram,Bangladesh Jamaat-e-Islami,A T M Rezaul Karim,41719.0
Chattogram 7,Chattogram,Chattogram,Islamic Andolon Bangladesh,Abdullah Al Harun,-
Chattogram 7,Chattogram,Chattogram,BNP,Humam Quader Chowdhury,101445.0
Chattogram 7,Chattogram,Chattogram,Amar Bangladesh Party (AB Party),Md. Abdur Rahman,-
Chattogram 7,Chattogram,Chattogram,Gono Odhikar Parishad,Md. Belal Uddin,-
Chattogram 7,Chattogram,Chattogram,Jatiya Party,Md. Mahade Rashed,-
Chattogram 7,Chattogram,Chattogram,Bangladesh Islamic Front,Muhammad Ikbal Hasan,-
Chattogram 7,Chattogram,Chattogram,Communist Party of Bangladesh,Pramode Baran Barua,-
Chattogram 8,Chattogram,Chattogram,BNP,Ershad Ullah,152969.0
Chattogram 8,Chattogram,Chattogram,Bangladesh Jamaat-e-Islami,Md. Abu Naser,53564.0
Chattogram 8,Chattogram,Chattogram,National Citizens Party - NCP,Md. Jubairul Hasan Arif,-
Chattogram 8,Chattogram,Chattogram,Insaniat Biplob Bangladesh - Insaniat Biplob,Mohammad Amdadul Huq,-
Chattogram 8,Chattogram,Chattogram,Islamic Andolon Bangladesh,Mohammad Nurul Alam,-
Chattogram 8,Chattogram,Chattogram,Bangladesh Islamic Front,Syed Muhammad Hassan,-
Chattogram 9,Chattogram,Chattogram,Jatiya Samajtantrik Dal (JSD Rab),Abdul Momen Chowdhury,-
Chattogram 9,Chattogram,Chattogram,Islamic Andolon Bangladesh,Abdus Sukkur,-
Chattogram 9,Chattogram,Chattogram,Bangladesh Jamaat-e-Islami,Dr. A. K. M. Fazlul Hoque,53807.0
Chattogram 9,Chattogram,Chattogram,Janotar Dol,Md. Haider Ali Chowdhury,-
Chattogram 9,Chattogram,Chattogram,Bangladesher Samajtantrik Dal (Marxist),Md. Shafi Uddin Kabir,-
Chattogram 9,Chattogram,Chattogram,Insaniat Biplob Bangladesh - Insaniat Biplob,Mohammad Naim Uddin,-
Chattogram 9,Chattogram,Chattogram,BNP,Muhammad Abu Sufian,109388.0
Chattogram 9,Chattogram,Chattogram,Islamic Front Bangladesh - IFB,Muhammad Wahed Murad,-
Chattogram 9,Chattogram,Chattogram,Nagorik Oikko,Nurul Afsar Mazumder,-
Chattogram 9,Chattogram,Chattogram,Ganosamhati Andolon,Sayed Mohammad Hasan Maruf,-
Chattogram 10,Chattogram,Chattogram,Bangladesher Samajtantrik Dal (Marxist),Asma Akther,-
Chattogram 10,Chattogram,Chattogram,Islamic Front Bangladesh - IFB,Md Liaket Ali,-
Chattogram 10,Chattogram,Chattogram,Bangladesh Labor Party,Md. Usman Gani,-
Chattogram 10,Chattogram,Chattogram,Independent,Mohammed Arman Ali,-
Chattogram 10,Chattogram,Chattogram,Jatiya Party,Muhammad Emdad Hossain,-
Chattogram 10,Chattogram,Chattogram,Bangladesh Jamaat-e-Islami,Muhammad Shamsuzzaman Helaly,76919.0
Chattogram 10,Chattogram,Chattogram,Islamic Andolon Bangladesh,Muhammed Jannatul Islam,-
Chattogram 10,Chattogram,Chattogram,Insaniat Biplob Bangladesh - Insaniat Biplob,Sabina Khatun,-
Chattogram 10,Chattogram,Chattogram,BNP,Sayeed Al Noman,122978.0
Chattogram 11,Chattogram,Chattogram,Jatiya Party,Abu Taher,-
Chattogram 11,Chattogram,Chattogram,BNP,Amir Khosru Mahmud Chowdhury,115999.0
Chattogram 11,Chattogram,Chattogram,Bangladesher Samajtantrik Dal (Marxist),Dipa Majumder,-
Chattogram 11,Chattogram,Chattogram,Independent,Md Jahangir Bhuiyan,-
Chattogram 11,Chattogram,Chattogram,Insaniat Biplob Bangladesh - Insaniat Biplob,Md. Aziz Meah,-
Chattogram 11,Chattogram,Chattogram,Bangladesher Samajtantrik Dal (BSD),Md. Nizamul Hoq All kaderi,-
Chattogram 11,Chattogram,Chattogram,Islamic Andolon Bangladesh,Md. Nur Uddin,-
Chattogram 11,Chattogram,Chattogram,Bangladesh Jamaat-e-Islami,Mohammad Shafiul Alam,76681.0
Chattogram 11,Chattogram,Chattogram,Islamic Front Bangladesh - IFB,Muhammad Abu Taher,-
Chattogram 11,Chattogram,Chattogram,Gono Odhikar Parishad,Muhammed Nezam Uddin,-
Chattogram 11,Chattogram,Chattogram,Gono Forum,Uzzwal Bhowmik,-
Chattogram 12,Chattogram,Chattogram,Jatiya Party,Farid Ahammed Chowdhury,-
Chattogram 12,Chattogram,Chattogram,Liberal Democratic Party - LDP,M. Yakub Ali,-
Chattogram 12,Chattogram,Chattogram,BNP,Md Enamul Hoque,135044.0
Chattogram 12,Chattogram,Chattogram,Bangladesh Jamaat-e-Islami,Md Faridul Alam,-
Chattogram 12,Chattogram,Chattogram,Independent,Md Shakawat Hossain,-
Chattogram 12,Chattogram,Chattogram,Insaniat Biplob Bangladesh - Insaniat Biplob,Mohammad Abu Talab Halaly,-
Chattogram 12,Chattogram,Chattogram,Islamic Andolon Bangladesh,SM Belal Nur,-
Chattogram 12,Chattogram,Chattogram,Bangladesh Islamic Front,Sayed Ayar Mohammad Peyaru,28999.0
Chattogram 13,Chattogram,Chattogram,Jatiya Party,Abdur Rob Chowdhury,-
Chattogram 13,Chattogram,Chattogram,Bangladesh Jamaat-e-Islami,Mahmudul Hassan,-
Chattogram 13,Chattogram,Chattogram,Gono Odhikar Parishad,Md. Mujibur Rahaman Chy.,-
Chattogram 13,Chattogram,Chattogram,Insaniat Biplob Bangladesh - Insaniat Biplob,Md. Rezaul Mustafa,-
Chattogram 13,Chattogram,Chattogram,Nationalist Democratic Movement - NDM,Mohammad Amran,-
Chattogram 13,Chattogram,Chattogram,Bangladesh Islamic Front,S. M. Shahjahan,51450.0
Chattogram 13,Chattogram,Chattogram,BNP,Sarwar Jamal Nizam,126192.0
Chattogram 14,Chattogram,Chattogram,BNP,Alhajj Jashim Uddin Ahammed,76493.0
Chattogram 14,Chattogram,Chattogram,Insaniat Biplob Bangladesh - Insaniat Biplob,H. M. Elias,-
Chattogram 14,Chattogram,Chattogram,Islamic Andolon Bangladesh,Mohammad Abdul Hamid,-
Chattogram 14,Chattogram,Chattogram,Jatiya Party,Mohammad Badsha Meah,-
Chattogram 14,Chattogram,Chattogram,Independent,Mohammd Mizanul Hoque Chowdhury,-
Chattogram 14,Chattogram,Chattogram,Bangladesh Islamic Front,Mow. Md. Solaiman,-
Chattogram 14,Chattogram,Chattogram,Liberal Democratic Party - LDP,Omar Faruq,75467.0
Chattogram 14,Chattogram,Chattogram,Independent,Shafiqul Islam Rahi,-
Chattogram 15,Chattogram,Chattogram,BNP,Najmul Mostafa Amin,130661.0
Chattogram 15,Chattogram,Chattogram,Bangladesh Jamaat-e-Islami,Shahjahan Chowdhury,181238.0
Chattogram 15,Chattogram,Chattogram,Islamic Andolon Bangladesh,Shariful Alam Chowdhury,-
Chattogram 16,Chattogram,Chattogram,Islamic Front Bangladesh - IFB,Abdul Malak,844.0
Chattogram 16,Chattogram,Chattogram,Bangladesh Muslim League - BML,Ehsanul Hoque,105.0
Chattogram 16,Chattogram,Chattogram,Islamic Andolon Bangladesh,Haez Rufiullah,4054.0
Chattogram 16,Chattogram,Chattogram,Gono Odhikar Parishad,Md. Ariful Hoque,243.0
Chattogram 16,Chattogram,Chattogram,BNP,Miskatul Islam Chowdhury,83105.0
Chattogram 16,Chattogram,Chattogram,Bangladesh Jamaat-e-Islami,Mohammad Zahirul Islam,93167.0
Chattogram 16,Chattogram,Chattogram,Independent,Mohammed Liaquat Ali,55492.0
Chuadanga 1,Khulna,Chuadanga,Bangladesh Jamaat-e-Islami,Md. Masud Parves,211041.0
Chuadanga 1,Khulna,Chuadanga,BNP,Md. Sharifuzzaman,153193.0
Chuadanga 1,Khulna,Chuadanga,Islamic Andolon Bangladesh,Mohammad Zahurul Islam,10122.0
Chuadanga 2,Khulna,Chuadanga,BNP,Mahmud Hasan Khan,163877.0
Chuadanga 2,Khulna,Chuadanga,Islamic Andolon Bangladesh,Md. Hasanuzzaman,-
Chuadanga 2,Khulna,Chuadanga,Bangladesh Jamaat-e-Islami,Md. Ruhul Amin,208011.0
Coxs Bazar 1,Chattogram,Coxs bazar,Bangladesh Jamaat-e-Islami,Abdullah Al Faruk,129728.0
Coxs Bazar 1,Chattogram,Coxs bazar,Islamic Andolon Bangladesh,Md. Sarwar Alam Kotobi,4528.0
Coxs Bazar 1,Chattogram,Coxs bazar,BNP,Salahuddin Ahmed,222019.0
Coxs Bazar 2,Chattogram,Coxs bazar,Bangladesh Jamaat-e-Islami,A. H. M. Hamidur Rahaman Azad,89817.0
Coxs Bazar 2,Chattogram,Coxs bazar,BNP,Alamgir Mohammad Mahfuzullah Farid,124660.0
Coxs Bazar 2,Chattogram,Coxs bazar,Jatiya Party,Md. Mahmudul Karim,-
Coxs Bazar 2,Chattogram,Coxs bazar,Gono Odhikar Parishad,S. M. Rukunuzzaman Khan,-
Coxs Bazar 2,Chattogram,Coxs bazar,Islamic Andolon Bangladesh,Ziaul Haque,-
Coxs Bazar 3,Chattogram,Coxs bazar,Islamic Andolon Bangladesh,Amirul Islam,-
Coxs Bazar 3,Chattogram,Coxs bazar,Bangladesh Labor Party,Jagadish Barua,-
Coxs Bazar 3,Chattogram,Coxs bazar,BNP,Lutfur Rahman,182096.0
Coxs Bazar 3,Chattogram,Coxs bazar,Independent,Md. Ilias Miah,-
Coxs Bazar 3,Chattogram,Coxs bazar,Amjanatar Dal,Nurul Absar,-
Coxs Bazar 3,Chattogram,Coxs bazar,Bangladesh Jamaat-e-Islami,Shahidul Alam (Bahadur),161827.0
Coxs Bazar 4,Chattogram,Coxs bazar,Bangladesh Jamaat-e-Islami,Nur Ahmed Anwary,122033.0
Coxs Bazar 4,Chattogram,Coxs bazar,Islamic Andolon Bangladesh,Nurul Haque,-
Coxs Bazar 4,Chattogram,Coxs bazar,BNP,Shahjahan Chowdhury,123582.0
Coxs Bazar 4,Chattogram,Coxs bazar,Nationalist Democratic Movement - NDM,Sifuddin Khaled,-
Cumilla 1,Chattogram,Cumilla,Independent,Abu Zayed Al Mahmud,-
Cumilla 1,Chattogram,Cumilla,Bangladesh Jasod,Barua Monojit Dhimon,-
Cumilla 1,Chattogram,Cumilla,Islamic Andolon Bangladesh,Bashir Ahmed,-
Cumilla 1,Chattogram,Cumilla,BNP,Dr. Khandaker Mosharraf Hossain,141440.0
Cumilla 1,Chattogram,Cumilla,Bangladesh Jamaat-e-Islami,Md. Moniruzzaman,94845.0
Cumilla 1,Chattogram,Cumilla,Amar Bangladesh Party (AB Party),Md. Shafiul Bashar,-
Cumilla 1,Chattogram,Cumilla,Bangladesh Republican Party - BRP,Mohammad Abul Kalam,-
Cumilla 1,Chattogram,Cumilla,Independent,Omar Faruk,-
Cumilla 1,Chattogram,Cumilla,Jatiya Party,Sayed Md. Iftaker Ahsan,-
Cumilla 2,Chattogram,Cumilla,Bangladesh Islamic Front,Abdus Salam,-
Cumilla 2,Chattogram,Cumilla,Independent,Md. Abdul Matin,63045.0
Cumilla 2,Chattogram,Cumilla,Jatiya Party,Md. Amir Hossain,-
Cumilla 2,Chattogram,Cumilla,Bangladesh Jamaat-e-Islami,Md. Nazim Uddin,-
Cumilla 2,Chattogram,Cumilla,BNP,Md. Selim Bhuiyan,77037.0
Cumilla 2,Chattogram,Cumilla,Islamic Andolon Bangladesh,Mohammad Ashraful Alam,-
Cumilla 3,Chattogram,Cumilla,Islamic Andolon Bangladesh,Ahmad Abdul Kaiyum,-
Cumilla 3,Chattogram,Cumilla,Amjanatar Dal,Chowdhury Rakibul Hoque,-
Cumilla 3,Chattogram,Cumilla,BNP,Kazi Shah Mofazzal Hossain (Kaikobad),159291.0
Cumilla 3,Chattogram,Cumilla,Bangladesh Republican Party - BRP,Md. Amdadoll Huque,-
Cumilla 3,Chattogram,Cumilla,Bangladesh Congress,Md. Khurshed Alam,-
Cumilla 3,Chattogram,Cumilla,Insaniat Biplob Bangladesh - Insaniat Biplob,Md. Sarifuddin Sarker,-
Cumilla 3,Chattogram,Cumilla,Bangladesh Jamaat-e-Islami,Md. Yousuf Sohel,109599.0
Cumilla 3,Chattogram,Cumilla,Gono Odhikar Parishad,Moniruzaman,-
Cumilla 3,Chattogram,Cumilla,Nationalist Democratic Movement - NDM,Riaz Md Sharif,-
Cumilla 4,Chattogram,Cumilla,Islamic Andolon Bangladesh,Abdul Karim,-
Cumilla 4,Chattogram,Cumilla,Insaniat Biplob Bangladesh - Insaniat Biplob,Erfanul Hoque Sarker,-
Cumilla 4,Chattogram,Cumilla,Khilafat Majlis,Md Mazibur Rahaman Farazi,-
Cumilla 4,Chattogram,Cumilla,Gono Odhikar Parishad,Md. A. Jasim Uddin,49885.0
Cumilla 4,Chattogram,Cumilla,National Citizens Party - NCP,Md. Abul Hasnat,166583.0
Cumilla 5,Chattogram,Cumilla,Communist Party of Bangladesh,Abdullah Al Kafee,-
Cumilla 5,Chattogram,Cumilla,Bangladesh Muslim League - BML,Abul Kalam Idrish,-
Cumilla 5,Chattogram,Cumilla,National People's Party - NPP,Md. Abul Bashar,-
Cumilla 5,Chattogram,Cumilla,Jatiya Party,Md. Emranul Hoque,-
Cumilla 5,Chattogram,Cumilla,BNP,Md. Jashim Uddin,134485.0
Cumilla 5,Chattogram,Cumilla,Islamic Andolon Bangladesh,Md. Rashedul Islam,-
Cumilla 5,Chattogram,Cumilla,Bangladesh Jamaat-e-Islami,Mobarak Hossen,124547.0
Cumilla 5,Chattogram,Cumilla,Jatiya Samajtantrik Dal (JSD Rab),Sherin Akter,-
Cumilla 5,Chattogram,Cumilla,Insaniat Biplob Bangladesh - Insaniat Biplob,Tanzil Ahmed,-
Cumilla 5,Chattogram,Cumilla,Amar Bangladesh Party (AB Party),Zubair Ahmed Bhuiyan,-
Cumilla 6,Chattogram,Cumilla,Bangladesher Samajtantrik Dal (BSD),Kamrunnaher Sathi,-
Cumilla 6,Chattogram,Cumilla,Bangladesh Jamaat-e-Islami,Kazi Din Mohammed,119851.0
Cumilla 6,Chattogram,Cumilla,Bangladesh Sangskritik Muktijote,Md. Amir Hossain Farazi,-
Cumilla 6,Chattogram,Cumilla,Bangladesh Islamic Front,Md. Mashum Billah Miazi,-
Cumilla 6,Chattogram,Cumilla,BNP,Md. Monirul Haque Chowdhury,201706.0
Cumilla 6,Chattogram,Cumilla,Bangladesh Muslim League - BML,Md. Yeasin,-
Cumilla 6,Chattogram,Cumilla,Islamic Andolon Bangladesh,Mohammad Harunur Rashid,-
Cumilla 6,Chattogram,Cumilla,Gono Odhikar Parishad,Mubarak Hossain,-
Cumilla 6,Chattogram,Cumilla,Jatiya Samajtantrik Dal (JSD Rab),Obaidul Kabir Mohan,-
Cumilla 7,Chattogram,Cumilla,Independent,Atikul Alam,91690.0
Cumilla 7,Chattogram,Cumilla,Islamic Andolon Bangladesh,Maolana Ehteshamul Hoque,-
Cumilla 7,Chattogram,Cumilla,BNP,Redwan Ahmed,48509.0
Cumilla 7,Chattogram,Cumilla,Bangladesh Sangskritik Muktijote,Sajal Kumar Kar,-
Cumilla 7,Chattogram,Cumilla,Khilafat Majlis,Soliman Khan,-
Cumilla 8,Chattogram,Cumilla,Islamic Oikkojot,Abdul Kadir,-
Cumilla 8,Chattogram,Cumilla,Jatiya Party,H M M Erfan,-
Cumilla 8,Chattogram,Cumilla,Bangladesher Samajtantrik Dal (BSD),Md. Ali Asraf,-
Cumilla 8,Chattogram,Cumilla,Bangladesh Republican Party - BRP,Md. Mafiz Uddin Ahmed,-
Cumilla 8,Chattogram,Cumilla,Bangladesh Jamaat-e-Islami,Md. Shafiqul Alam Helal,45091.0
Cumilla 8,Chattogram,Cumilla,Bangladesh Supreme Party - BSP,Mohammad Golam Morshad,-
Cumilla 8,Chattogram,Cumilla,Islamic Andolon Bangladesh,Mohammad Golam Shadek,-
Cumilla 8,Chattogram,Cumilla,BNP,Zakaria Taher,169178.0
Cumilla 9,Chattogram,Cumilla,Islamic Front Bangladesh - IFB,Md. Abu Bakar Siddeq,-
Cumilla 9,Chattogram,Cumilla,BNP,Md. Abul Kalam,170008.0
Cumilla 9,Chattogram,Cumilla,Independent,Md. Abul Kashem,-
Cumilla 9,Chattogram,Cumilla,Jatiya Party,Md. Golam Mostafa Kamal,-
Cumilla 9,Chattogram,Cumilla,Bangladesh Sangskritik Muktijote,Md. Mizanur Rahman Chowdury,-
Cumilla 9,Chattogram,Cumilla,Islamic Andolon Bangladesh,Salim Mahmud,-
Cumilla 9,Chattogram,Cumilla,Independent,Samira Hossain,-
Cumilla 9,Chattogram,Cumilla,Bangladesh Jamaat-e-Islami,Syed A. K. M. Sarowar Uddin Seddique,118961.0
Cumilla 10,Chattogram,Cumilla,Bangladesh Congress,Hasan Ahmed,-
Cumilla 10,Chattogram,Cumilla,Bangladesh Sangskritik Muktijote,Kazi Nure Alam Siddik,-
Cumilla 10,Chattogram,Cumilla,Amjanatar Dal,Md. Abdullah Al Noman,-
Cumilla 10,Chattogram,Cumilla,BNP,Md. Mobasher Alam Bhuiyan,163667.0
Cumilla 10,Chattogram,Cumilla,Islamic Andolon Bangladesh,Md. Shamsuddoha,-
Cumilla 10,Chattogram,Cumilla,Bangladesh Jamaat-e-Islami,Muhammad Yasin Arafath,123733.0
Cumilla 10,Chattogram,Cumilla,Gono Odhikar Parishad,Romiz Bin Arif,-
Cumilla 11,Chattogram,Cumilla,Bangladesh Congress,A F M Abdur Rahim,-
Cumilla 11,Chattogram,Cumilla,Bangladesh Gonofront,Md. Alamgir,-
Cumilla 11,Chattogram,Cumilla,BNP,Md. Kamrul Huda,76638.0
Cumilla 11,Chattogram,Cumilla,Jatiya Party,Md. Main Uddin,-
Cumilla 11,Chattogram,Cumilla,Islamic Andolon Bangladesh,Md. Mohiuddin (Shohid),-
Cumilla 11,Chattogram,Cumilla,Bangladesh Sangskritik Muktijote,Mohammad Yousuf,-
Cumilla 11,Chattogram,Cumilla,Bangladesh Jamaat-e-Islami,Syed Abdullah Mohammed Taher,133308.0
Dhaka 1,Dhaka,Dhaka,Independent,Antara Selima Huda,-
Dhaka 1,Dhaka,Dhaka,BNP,Khondaker Abu Ashfaque,173781.0
Dhaka 1,Dhaka,Dhaka,Jatiya Party,Md. Nasir Uddin Mollah,-
Dhaka 1,Dhaka,Dhaka,Bangladesh Jamaat-e-Islami,Mohammad Nazrul Islam,112622.0
Dhaka 1,Dhaka,Dhaka,Islamic Andolon Bangladesh,Nurul Islam,-
Dhaka 1,Dhaka,Dhaka,Bangladesh Labor Party,Shakh Mohammed Ali,-
Dhaka 2,Dhaka,Dhaka,Bangladesh Jamaat-e-Islami,Md. Abdul Haque,80053.0
Dhaka 2,Dhaka,Dhaka,BNP,Md. Amanullah Aman,163793.0
Dhaka 2,Dhaka,Dhaka,Islamic Andolon Bangladesh,Md. Jahirul Islam,-
Dhaka 3,Dhaka,Dhaka,BNP,Goyasawar Chandra Roy,99163.0
Dhaka 3,Dhaka,Dhaka,Ganosamhati Andolon,Md. Bacchu Buya,-
Dhaka 3,Dhaka,Dhaka,Jatiya Party,Md. Faruk,-
Dhaka 3,Dhaka,Dhaka,Independent,Md. Manir Hossin,-
Dhaka 3,Dhaka,Dhaka,Gono Odhikar Parishad,Md. Sajjad,-
Dhaka 3,Dhaka,Dhaka,Bangladesh Jamaat-e-Islami,Md. Shahinur Islam,83264.0
Dhaka 3,Dhaka,Dhaka,Islamic Andolon Bangladesh,Md. Sultan Ahamed Khan,-
Dhaka 3,Dhaka,Dhaka,Bangladesh Congress,Mohammad Jafor,-
Dhaka 3,Dhaka,Dhaka,Bangladesher Samajtantrik Dal (BSD),Mozibor Howlader,-
Dhaka 3,Dhaka,Dhaka,Gono Forum,Muhammad Rowshen Yesdani,-
Dhaka 4,Dhaka,Dhaka,Janotar Dol,Md. Abul Kalam Azad,-
Dhaka 4,Dhaka,Dhaka,Bangladesher Samajtantrik Dal (BSD),Md. Zakir Hossain,-
Dhaka 4,Dhaka,Dhaka,Communist Party of Bangladesh,Mohammad Firoz Alam,-
Dhaka 4,Dhaka,Dhaka,Independent,Mohammad Mizanur Rahaman,-
Dhaka 4,Dhaka,Dhaka,Bangladesh Sangskritik Muktijote,Sahel Ahmed Sohel,-
Dhaka 4,Dhaka,Dhaka,Bangladesh Jamaat-e-Islami,Syed Joynul Abedin,77367.0
Dhaka 4,Dhaka,Dhaka,Islamic Andolon Bangladesh,Syed Md. Mosaddek Billah,-
Dhaka 4,Dhaka,Dhaka,BNP,Tanveer Ahmed,74447.0
Dhaka 5,Dhaka,Dhaka,Bangladesh Labor Party,Md. Golam Azam,-
Dhaka 5,Dhaka,Dhaka,Liberal Democratic Party - LDP,Md. Humayun Kabir,-
Dhaka 5,Dhaka,Dhaka,Islamic Andolon Bangladesh,Md. Ibrahim,-
Dhaka 5,Dhaka,Dhaka,BNP,Md. Nabi Ullah,87491.0
Dhaka 5,Dhaka,Dhaka,Bangladesh Congress,Md. Saiful Alam,-
Dhaka 5,Dhaka,Dhaka,Bangladesh Sangskritik Muktijote,Md. Taifur Rahman Rahi,-
Dhaka 5,Dhaka,Dhaka,Jatiya Party,Mir Abdus Sabur,-
Dhaka 5,Dhaka,Dhaka,Bangladesh Jamaat-e-Islami,Mohammed Kamal Hossain,96641.0
Dhaka 5,Dhaka,Dhaka,Bangladesher Samajtantrik Dal (Marxist),Sahinur Akter Sumi,-
Dhaka 5,Dhaka,Dhaka,Gono Odhikar Parishad,Syed Mohammad Ibrahim,-
Dhaka 5,Dhaka,Dhaka,Communist Party of Bangladesh,Tofazzal Hossain Mostafa,-
Dhaka 6,Dhaka,Dhaka,Bangladesh Gonofront,Ahmed Ali Sheikh,-
Dhaka 6,Dhaka,Dhaka,Jatiya Party,Amir Uddin Ahmed (Dalu),-
Dhaka 6,Dhaka,Dhaka,BNP,Ishraque Hossain,78850.0
Dhaka 6,Dhaka,Dhaka,Bangladesh Jamaat-e-Islami,Md. Abdul Mannan,55697.0
Dhaka 6,Dhaka,Dhaka,Bangladesh Muslim League - BML,Md. Akter Hossain,-
Dhaka 6,Dhaka,Dhaka,Gono Odhikar Parishad,Md. Fakrul Islam,-
Dhaka 7,Dhaka,Dhaka,BNP,Hamidur Rahman,104666.0
Dhaka 7,Dhaka,Dhaka,Bangladesh Sangskritik Muktijote,Maksudur Rahman,-
Dhaka 7,Dhaka,Dhaka,Islamic Andolon Bangladesh,Md. Abdur Rahman,-
Dhaka 7,Dhaka,Dhaka,Bangladesh Jamaat-e-Islami,Md. Enayat Ullah,98483.0
Dhaka 7,Dhaka,Dhaka,Bangladesh Khelafat Andolon,Md. Habibullah,-
Dhaka 7,Dhaka,Dhaka,Bangladesh National Party - BJP,Md. Shahidul Islam,-
Dhaka 7,Dhaka,Dhaka,Independent,Mohammad Ishaque Sarker,-
Dhaka 7,Dhaka,Dhaka,Jatiya Party,Mohammad Saifuddin Ahmed Milon,-
Dhaka 7,Dhaka,Dhaka,Bangladesh Republican Party - BRP,Shafiqur Rahman,-
Dhaka 7,Dhaka,Dhaka,Jatiya Samajtantrik Dal (JSD Rab),Shana Salim,-
Dhaka 7,Dhaka,Dhaka,Bangladesher Samajtantrik Dal (Marxist),Shima Dutta,-
Dhaka 8,Dhaka,Dhaka,Bangladesh Jasod,A. F. M. Ismail Chowdhury,-
Dhaka 8,Dhaka,Dhaka,Bangladesher Samajtantrik Dal (Marxist),AHM Rafiquzzaman Akhand,-
Dhaka 8,Dhaka,Dhaka,Islamic Andolon Bangladesh,Kafait Ullah,-
Dhaka 8,Dhaka,Dhaka,Janotar Dol,Md. Golam Sarwar,-
Dhaka 8,Dhaka,Dhaka,Bangladesh Sangskritik Muktijote,Md. Rasel Kabir,-
Dhaka 8,Dhaka,Dhaka,Jatiya Party,Md. Zuber Alam Khan,-
Dhaka 8,Dhaka,Dhaka,Gono Odhikar Parishad,Meghna Alam,-
Dhaka 8,Dhaka,Dhaka,BNP,Mirza Abbas Uddin Ahmed,59366.0
Dhaka 8,Dhaka,Dhaka,National Citizens Party - NCP,Muhammad Nasiruddin Patwary,54127.0
Dhaka 8,Dhaka,Dhaka,Bangladesh Islamic Front,S. M. Sarwar,-
Dhaka 8,Dhaka,Dhaka,Communist Party of Bangladesh,Tridip Kumar Saha,-
Dhaka 9,Dhaka,Dhaka,BNP,Habibur Rashid,111212.0
Dhaka 9,Dhaka,Dhaka,Jatiya Party,Kazi Abul Khair,-
Dhaka 9,Dhaka,Dhaka,Bangladesher Samajtantrik Dal (Marxist),Khandoker Mizanur Rahman,-
Dhaka 9,Dhaka,Dhaka,Bangladesh Muslim League - BML,Masud Hossain,-
Dhaka 9,Dhaka,Dhaka,Communist Party of Bangladesh,Md. Moniruzzaman,-
Dhaka 9,Dhaka,Dhaka,National Citizens Party - NCP,Mohammad Javed Mia,53460.0
Dhaka 9,Dhaka,Dhaka,Bangladesh Nationalist Front - BNF,Mohammad Shafi Ullah Chowdhury,-
Dhaka 9,Dhaka,Dhaka,Insaniat Biplob Bangladesh - Insaniat Biplob,Nahid Hasan Chowdhury Jonayed,-
Dhaka 9,Dhaka,Dhaka,Gono Forum,Nazma Akhter,-
Dhaka 9,Dhaka,Dhaka,Islamic Andolon Bangladesh,Shah Iftekhar Ahsan,-
Dhaka 9,Dhaka,Dhaka,National People's Party - NPP,Shaheen Khan,-
Dhaka 9,Dhaka,Dhaka,Independent,Tasneem Jara,-
Dhaka 10,Dhaka,Dhaka,Bangladesh Labor Party,Abul Kalam Azad,-
Dhaka 10,Dhaka,Dhaka,Jatiya Party,Banhi Bepari,-
Dhaka 10,Dhaka,Dhaka,Islamic Andolon Bangladesh,Md. Abdul Awal,-
Dhaka 10,Dhaka,Dhaka,Bangladesh Republican Party - BRP,Md. Abu Hanif Redoy,-
Dhaka 10,Dhaka,Dhaka,Bangladesh Sangskritik Muktijote,Md. Anisur Rahman,-
Dhaka 10,Dhaka,Dhaka,Bangladesh Jamaat-e-Islami,Md. Jashim Uddin Sarker,77136.0
Dhaka 10,Dhaka,Dhaka,Janotar Dol,Md. Zakir Hossain,-
Dhaka 10,Dhaka,Dhaka,Amar Bangladesh Party (AB Party),Nasreen Sultana,-
Dhaka 10,Dhaka,Dhaka,BNP,Shaikh Rabiul Alam,80436.0
Dhaka 11,Dhaka,Dhaka,Bangladesh Sangskritik Muktijote,Kazi Md. Shahidullah,-
Dhaka 11,Dhaka,Dhaka,Independent,Kohinoor Akter Bithi,-
Dhaka 11,Dhaka,Dhaka,BNP,M. A. Quayum,91833.0
Dhaka 11,Dhaka,Dhaka,Gono Forum,Md. Abdul Kader,-
Dhaka 11,Dhaka,Dhaka,Gono Odhikar Parishad,Md. Arifur Rahman,-
Dhaka 11,Dhaka,Dhaka,National People's Party - NPP,Md. Mizanur Rahman,-
Dhaka 11,Dhaka,Dhaka,National Citizens Party - NCP,Md. Nahid Islam,93872.0
Dhaka 11,Dhaka,Dhaka,Bangladesh Republican Party - BRP,Md. Zakir Hossain,-
Dhaka 11,Dhaka,Dhaka,Islamic Andolon Bangladesh,Shake Md. Fazlay Bari Masud,-
Dhaka 11,Dhaka,Dhaka,Jatiya Party,Shameem Ahmed,-
Dhaka 12,Dhaka,Dhaka,Gono Odhikar Parishad,Abul Bashar Chowdhury,-
Dhaka 12,Dhaka,Dhaka,Janotar Dol,Farid Ahmed,-
Dhaka 12,Dhaka,Dhaka,Communist Party of Bangladesh,Kallol Banik,-
Dhaka 12,Dhaka,Dhaka,Islamic Andolon Bangladesh,Mahamudul Hasan,-
Dhaka 12,Dhaka,Dhaka,Bangladesh National Party - BJP,Md Nayem Hasan,-
Dhaka 12,Dhaka,Dhaka,Bangladesh Jamaat-e-Islami,Md. Saiful Alam,53773.0
Dhaka 12,Dhaka,Dhaka,Amjanatar Dal,Md. Tarek Rahman,-
Dhaka 12,Dhaka,Dhaka,Bangladesh Islamic Front,Mohammad Shahjalal,-
Dhaka 12,Dhaka,Dhaka,Nationalist Democratic Movement - NDM,Mominul Amin,-
Dhaka 12,Dhaka,Dhaka,Insaniat Biplob Bangladesh - Insaniat Biplob,Mst Salma Akhter,-
Dhaka 12,Dhaka,Dhaka,Bangladesh Sangskritik Muktijote,Muntasir Mahmud,-
Dhaka 12,Dhaka,Dhaka,Independent,Saiful Alam Nirob,-
Dhaka 12,Dhaka,Dhaka,Bangladesher Biplobi Workers Party,Saiful Haq,30963.0
Dhaka 12,Dhaka,Dhaka,Jatiya Party,Sarker Mohammad Salauddin,-
Dhaka 12,Dhaka,Dhaka,Ganosamhati Andolon,Taslima Akhter,-
Dhaka 13,Dhaka,Dhaka,BNP,Bobby Hajjaj,88387.0
Dhaka 13,Dhaka,Dhaka,Insaniat Biplob Bangladesh - Insaniat Biplob,Fatema Akhter Monia,-
Dhaka 13,Dhaka,Dhaka,Bangladesh Khilafat Majlis,Md Mamunul Haque,86067.0
Dhaka 13,Dhaka,Dhaka,Bangladesher Samajtantrik Dal (BSD),Md. Khalequzzaman,-
Dhaka 13,Dhaka,Dhaka,Bangladesh Minority Janata Party - BMJP,Md. Shahabuddin,-
Dhaka 13,Dhaka,Dhaka,Gono Odhikar Parishad,Mizanur Rahman,-
Dhaka 13,Dhaka,Dhaka,Bangladesh Muslim League - BML,Shahriar Iftekhar,-
Dhaka 13,Dhaka,Dhaka,Independent,Sheikh Md. Rabiul Islam,-
Dhaka 13,Dhaka,Dhaka,Independent,Sohel Rana,-
Dhaka 14,Dhaka,Dhaka,Islamic Andolon Bangladesh,Md. Abu Yousuf,-
Dhaka 14,Dhaka,Dhaka,Jatiya Party,Md. Helal Uddin,-
Dhaka 14,Dhaka,Dhaka,Gono Forum,Md. Jashim Uddin,-
Dhaka 14,Dhaka,Dhaka,Bangladesh Republican Party - BRP,Md. Liton,-
Dhaka 14,Dhaka,Dhaka,Bangladesh Supreme Party - BSP,Md. Osman Ali,-
Dhaka 14,Dhaka,Dhaka,Liberal Democratic Party - LDP,Md. Sohel Rana,-
Dhaka 14,Dhaka,Dhaka,Bangladesh Jamaat-e-Islami,Mir Ahmad Binqasem,101113.0
Dhaka 14,Dhaka,Dhaka,Amar Bangladesh Party (AB Party),Mohammad Moniruzzaman,-
Dhaka 14,Dhaka,Dhaka,Jatiya Samajtantrik Dal (JSD Rab),Nurul Amin,-
Dhaka 14,Dhaka,Dhaka,Communist Party of Bangladesh,Reaz Uddin,-
Dhaka 14,Dhaka,Dhaka,BNP,Sanjida Islam,83323.0
Dhaka 14,Dhaka,Dhaka,Independent,Syed Abu Bakar Siddique,-
Dhaka 15,Dhaka,Dhaka,Communist Party of Bangladesh,Ahmmad Sajedul Haq,-
Dhaka 15,Dhaka,Dhaka,Bangladesh Jamaat-e-Islami,Dr. Md. Shafiqur Rahman,85131.0
Dhaka 15,Dhaka,Dhaka,Janotar Dol,Khan Shoeb Aman Ullah,-
Dhaka 15,Dhaka,Dhaka,Bangladesh Jasod,Md. Asfaqur Rahman,-
Dhaka 15,Dhaka,Dhaka,BNP,Md. Shafiqul Islam Khan,63517.0
Dhaka 15,Dhaka,Dhaka,Jatiya Party,Md. Shamsul Haque,-
Dhaka 15,Dhaka,Dhaka,Bangladesh Supreme Party - BSP,Mubarak Hossain,-
Dhaka 16,Dhaka,Dhaka,Bangladesh Labor Party,Alhajj A. K. M. Moazzem Hossain,-
Dhaka 16,Dhaka,Dhaka,Bangladesh Jamaat-e-Islami,Md. Abdul Baten,88828.0
Dhaka 16,Dhaka,Dhaka,Bangladesh Sangskritik Muktijote,Md. Abdul Quader Jilani,-
Dhaka 16,Dhaka,Dhaka,BNP,Md. Aminul Haque,85467.0
Dhaka 16,Dhaka,Dhaka,Gono Odhikar Parishad,Md. Mamun Hossain,-
Dhaka 16,Dhaka,Dhaka,Bangladesh National Party - BJP,Md. Nazmul Haque,-
Dhaka 16,Dhaka,Dhaka,Bangladesher Samajtantrik Dal (Marxist),Md. Rashidul Islam,-
Dhaka 16,Dhaka,Dhaka,Islamic Andolon Bangladesh,Md. Saiful Islam,-
Dhaka 16,Dhaka,Dhaka,Jatiya Party,Md. Sultan Ahmed Selim,-
Dhaka 16,Dhaka,Dhaka,National People's Party - NPP,Md. Tariqul Islam,-
Dhaka 16,Dhaka,Dhaka,Bangladesh Khelafat Andolon,Mohammad Tuhiduzzaman,-
Dhaka 17,Dhaka,Dhaka,Jatiya Party,Atique Ahmed,-
Dhaka 17,Dhaka,Dhaka,Bangladesh National Party - BJP,Kamrul Hasan Nasim,-
Dhaka 17,Dhaka,Dhaka,Independent,Kazi Enayet Ullah,-
Dhaka 17,Dhaka,Dhaka,Independent,Md. Anisuzzaman Khokon,-
Dhaka 17,Dhaka,Dhaka,Bangladesh Congress,Md. Shamim Ahmed,-
Dhaka 17,Dhaka,Dhaka,Islamic Andolon Bangladesh,Mohammad Ullah,-
Dhaka 17,Dhaka,Dhaka,Insaniat Biplob Bangladesh - Insaniat Biplob,Monjur Humayun,-
Dhaka 17,Dhaka,Dhaka,Bangladesh Labor Party,Muhammad Rashedul Haque,-
Dhaka 17,Dhaka,Dhaka,Bangladesh Jamaat-e-Islami,S. M. Khaliduzzaman,68300.0
Dhaka 17,Dhaka,Dhaka,Bangladesh Nationalist Front - BNF,SM Abul Kalam Azad,-
Dhaka 17,Dhaka,Dhaka,Jatiya Party,Tapu Raihan,-
Dhaka 17,Dhaka,Dhaka,BNP,Tarique Rahman,72699.0
Dhaka 18,Dhaka,Dhaka,National Citizens Party - NCP,Ariful Islam,111297.0
Dhaka 18,Dhaka,Dhaka,Nagorik Oikko,Mahmudur Rahman Manna,-
Dhaka 18,Dhaka,Dhaka,Islamic Andolon Bangladesh,Md. Anwar Hossain,-
Dhaka 18,Dhaka,Dhaka,Independent,Md. Ismail Hossain,-
Dhaka 18,Dhaka,Dhaka,Jatiya Party,Md. Jakir Hossain,-
Dhaka 18,Dhaka,Dhaka,Bangladesh Islamic Front,Md. Jasim Uddin,-
Dhaka 18,Dhaka,Dhaka,Independent,Md. Mohiuddin Howlader,-
Dhaka 18,Dhaka,Dhaka,National People's Party - NPP,Mrs. Sabina Javed,-
Dhaka 18,Dhaka,Dhaka,BNP,S. M. Jahangir Hossain,144715.0
Dhaka 18,Dhaka,Dhaka,Bangladesher Samajtantrik Dal (BSD),Syed Harun-Or-Rashid,-
Dhaka 19,Dhaka,Dhaka,Liberal Democratic Party - LDP,Chowdhury Hasan Sarwardy,-
Dhaka 19,Dhaka,Dhaka,BNP,Dewan Mohammad Salahuddin,190976.0
Dhaka 19,Dhaka,Dhaka,National Citizens Party - NCP,Dilshana Parul,123283.0
Dhaka 19,Dhaka,Dhaka,Jatiya Party,Md. Bahadur Islam,-
Dhaka 19,Dhaka,Dhaka,National People's Party - NPP,Md. Israfil Hossain Shavery,-
Dhaka 19,Dhaka,Dhaka,Bangladesh Muslim League - BML,Md. Kamrul,-
Dhaka 19,Dhaka,Dhaka,Islamic Andolon Bangladesh,Mohammad Faruq Khan,-
Dhaka 19,Dhaka,Dhaka,Gono Odhikar Parishad,Sheikh Shawkat Hossain,-
Dhaka 20,Dhaka,Dhaka,Jatiya Party,Ahsan Khan,-
Dhaka 20,Dhaka,Dhaka,Amar Bangladesh Party (AB Party),Helal Uddin Ahmed,-
Dhaka 20,Dhaka,Dhaka,Bangladesh Jasod,Md. Arju Mia,-
Dhaka 20,Dhaka,Dhaka,Khilafat Majlis,Md. Ashraf Ali,-
Dhaka 20,Dhaka,Dhaka,BNP,Md. Tamiz Uddin,162504.0
Dhaka 20,Dhaka,Dhaka,National Citizens Party - NCP,Nabila Tasnid,57787.0
Dinajpur 1,Rangpur,Dinajpur,Islamic Andolon Bangladesh,Md. Chan Mia,-
Dinajpur 1,Rangpur,Dinajpur,Bangladesh Jamaat-e-Islami,Md. Matiur Rahman,117481.0
Dinajpur 1,Rangpur,Dinajpur,BNP,Md. Monjurul Islam,179314.0
Dinajpur 1,Rangpur,Dinajpur,Gono Odhikar Parishad,Md. Rezuwanul Islam,-
Dinajpur 1,Rangpur,Dinajpur,Jatiya Party,Md. Shahinur Islam,-
Dinajpur 1,Rangpur,Dinajpur,Zaker Party,Raghunath Chandra Roy,-
Dinajpur 2,Rangpur,Dinajpur,Bangladesh Jamaat-e-Islami,A. K. M. Afjalul Anam,101831.0
Dinajpur 2,Rangpur,Dinajpur,Independent,Anowar Chowdhury jibon,-
Dinajpur 2,Rangpur,Dinajpur,Bangladesh Khilafat Majlis,Jobaier Sayed,-
Dinajpur 2,Rangpur,Dinajpur,Independent,Md. ANM Bazlur Rashid,-
Dinajpur 2,Rangpur,Dinajpur,Bangladesh Muslim League - BML,Md. Mokaram Hossain,-
Dinajpur 2,Rangpur,Dinajpur,BNP,Md. Sadiq Reaz,144317.0
Dinajpur 2,Rangpur,Dinajpur,Jatiya Party,Md. Zulfikar Hossain,-
Dinajpur 2,Rangpur,Dinajpur,Islamic Andolon Bangladesh,Muha Redwanul Karim Rabid,-
Dinajpur 3,Rangpur,Dinajpur,Jatiya Party,Ahmed Shafi Rubel,-
Dinajpur 3,Rangpur,Dinajpur,Communist Party of Bangladesh,Amrit Kumar Roy,-
Dinajpur 3,Rangpur,Dinajpur,Bangladesher Samajtantrik Dal (BSD),Kibria Hossain,-
Dinajpur 3,Rangpur,Dinajpur,Bangladesh Muslim League - BML,Laila Tul Rima,-
Dinajpur 3,Rangpur,Dinajpur,Islamic Andolon Bangladesh,Md. Khairuzzaman,-
Dinajpur 3,Rangpur,Dinajpur,Bangladesh Jamaat-e-Islami,Md. Maynul Alam,134618.0
Dinajpur 3,Rangpur,Dinajpur,Janotar Dol,Md. Rabiul Islam,-
Dinajpur 3,Rangpur,Dinajpur,BNP,Syed Jahangir Alam,139207.0
Dinajpur 4,Rangpur,Dinajpur,BNP,Akhtaruzzaman Mia,165577.0
Dinajpur 4,Rangpur,Dinajpur,Bangladesh Jamaat-e-Islami,Md. Aftab Uddin Mollah,127666.0
Dinajpur 4,Rangpur,Dinajpur,Islamic Andolon Bangladesh,Md. Anwar Hossain,-
Dinajpur 4,Rangpur,Dinajpur,Jatiya Party,Md. Nurul Amin Shah,-
Dinajpur 5,Rangpur,Dinajpur,Independent,A. Z. M. Rezwanul Haque,113650.0
Dinajpur 5,Rangpur,Dinajpur,BNP,AKM Qamruzzaman,-
Dinajpur 5,Rangpur,Dinajpur,National Citizens Party - NCP,Md. Abdul Ahad,108948.0
Dinajpur 5,Rangpur,Dinajpur,Independent,Md. Hazrat Ali Belal,-
Dinajpur 5,Rangpur,Dinajpur,Jatiya Party,Md. Kazi Abdul Gafur,-
Dinajpur 5,Rangpur,Dinajpur,Independent,Md. Rustom Ali,-
Dinajpur 5,Rangpur,Dinajpur,Independent,SM Zakaria Bacchu,-
Dinajpur 6,Rangpur,Dinajpur,BNP,Abu Zafar Md. Zahid Hossain,203887.0
Dinajpur 6,Rangpur,Dinajpur,Bangladesher Samajtantrik Dal (BSD),Md. Abdul Hakim,-
Dinajpur 6,Rangpur,Dinajpur,Independent,Md. Abdullah,-
Dinajpur 6,Rangpur,Dinajpur,Bangladesh Jamaat-e-Islami,Md. Anowarul Islam,188719.0
Dinajpur 6,Rangpur,Dinajpur,Islamic Andolon Bangladesh,Md. Nur Alam Siddik,-
Dinajpur 6,Rangpur,Dinajpur,Jatiya Party,Md. Rezaul Haque,-
Dinajpur 6,Rangpur,Dinajpur,Independent,Md. Shahnaoj Feroze Shuvo Shah,-
Faridpur 1,Dhaka,Faridpur,BNP,Khandaker Nasirul Islam,126475.0
Faridpur 1,Dhaka,Faridpur,Independent,Md. Abul Basar Khan,-
Faridpur 1,Dhaka,Faridpur,Bangladesh Jamaat-e-Islami,Md. Elias Molla,154772.0
Faridpur 1,Dhaka,Faridpur,Independent,Md. Golam Kabir Mia,-
Faridpur 1,Dhaka,Faridpur,Independent,Md. Hasibur Rahman,-
Faridpur 1,Dhaka,Faridpur,Independent,Mohammad Arifur Rahman,-
Faridpur 1,Dhaka,Faridpur,Bangladesh Minority Janata Party - BMJP,Mrinmoy Kanti Das,-
Faridpur 1,Dhaka,Faridpur,Independent,Sheikh Abdur Rahman Ziko,-
Faridpur 1,Dhaka,Faridpur,Jatiya Party,Sultan Ahmed Khan,-
Faridpur 2,Dhaka,Faridpur,Insaniat Biplob Bangladesh - Insaniat Biplob,Akramuzzaman,-
Faridpur 2,Dhaka,Faridpur,Gono Odhikar Parishad,Farooq Fakir,-
Faridpur 2,Dhaka,Faridpur,Bangladesh Khilafat Majlis,Md. Akram Ali,89305.0
Faridpur 2,Dhaka,Faridpur,Bangladesh Congress,Md. Nazmul Hasan,-
Faridpur 2,Dhaka,Faridpur,Islamic Andolon Bangladesh,Shah Md. Jamal Uddin,-
Faridpur 2,Dhaka,Faridpur,BNP,Shama Obaid Islam,121694.0
Faridpur 3,Dhaka,Faridpur,Jatiya Samajtantrik Dal (JSD Rab),Arifa Akhter Baby,-
Faridpur 3,Dhaka,Faridpur,Islamic Andolon Bangladesh,K. M. Sarowar,-
Faridpur 3,Dhaka,Faridpur,Bangladesh Jamaat-e-Islami,Md. Abdut Tawab,124115.0
Faridpur 3,Dhaka,Faridpur,Communist Party of Bangladesh,Md. Rafiquzzaman Mia,-
Faridpur 3,Dhaka,Faridpur,Independent,Morshedul Islam Asif,-
Faridpur 3,Dhaka,Faridpur,BNP,Nayab Yusuf Ahmed,148545.0
Faridpur 4,Dhaka,Faridpur,Independent,A. A. M. Mujahid Beg,-
Faridpur 4,Dhaka,Faridpur,Communist Party of Bangladesh,Ataur Rahman,-
Faridpur 4,Dhaka,Faridpur,Islamic Andolon Bangladesh,Md. Ishaq Chokder,-
Faridpur 4,Dhaka,Faridpur,Bangladesh Jamaat-e-Islami,Md. Sarwar Hossain,75805.0
Faridpur 4,Dhaka,Faridpur,BNP,Md. Shahidul Islam,127443.0
Faridpur 4,Dhaka,Faridpur,Bangladesh Khilafat Majlis,Mizanur Rahman,-
Faridpur 4,Dhaka,Faridpur,Independent,Muhammad Mujibur Hossain,-
Faridpur 4,Dhaka,Faridpur,Jatiya Party,Raihan Jamil,-
Feni 1,Chattogram,Feni,Bangladesh Khelafat Andolon,Anwar Ullah Bhuiyan,310.0
Feni 1,Chattogram,Feni,Islamic Andolon Bangladesh,Kazi Golam Kibria,5323.0
Feni 1,Chattogram,Feni,Bangladesh Muslim League - BML,Mahbub Morshed Majumder,188.0
Feni 1,Chattogram,Feni,Bangladesh Congress,Md. Firoz Uddin Chowdhury,215.0
Feni 1,Chattogram,Feni,Jatiya Party,Motaher Hossain Chowdhury,940.0
Feni 1,Chattogram,Feni,BNP,Munshi Rafiqul Alam,119904.0
Feni 1,Chattogram,Feni,Bangladesh Jamaat-e-Islami,S. M. Kamal Uddin,85615.0
Feni 2,Chattogram,Feni,Bangladesher Samajtantrik Dal (Marxist),Jasim Uddin,-
Feni 2,Chattogram,Feni,BNP,Joynal Abdin,131210.0
Feni 2,Chattogram,Feni,Bangladesh Khilafat Majlis,Md. Harunur Rashid Bhuiyan,-
Feni 2,Chattogram,Feni,Gono Odhikar Parishad,Md. Tarequl Islam Bhuiyan,-
Feni 2,Chattogram,Feni,Bangladesh Khelafat Andolon,Mohammad Abul Hossain,-
Feni 2,Chattogram,Feni,Islamic Andolon Bangladesh,Mohammad Ekramul Haque Bhuiyan,-
Feni 2,Chattogram,Feni,Amar Bangladesh Party (AB Party),Mohammad Mujibur Rahman Bhuiyan,80058.0
Feni 2,Chattogram,Feni,Amjanatar Dal,Saiful Karim Majumder,-
Feni 2,Chattogram,Feni,Jatiya Samajtantrik Dal (JSD Rab),Shamsuddin Majumder,-
Feni 2,Chattogram,Feni,Insaniat Biplob Bangladesh - Insaniat Biplob,Taherul Islam,-
Feni 3,Chattogram,Feni,Bangladesher Samajtantrik Dal (BSD),Abdul Malek,-
Feni 3,Chattogram,Feni,Islamic Front Bangladesh - IFB,Md. Abu Naser,-
Feni 3,Chattogram,Feni,Jatiya Party,Md. Abu Sufian,-
Feni 3,Chattogram,Feni,Insaniat Biplob Bangladesh - Insaniat Biplob,Md. Hasan Ahmed,-
Feni 3,Chattogram,Feni,Islamic Andolon Bangladesh,Md. Saif Uddin,-
Feni 3,Chattogram,Feni,Bangladesh Jamaat-e-Islami,Mohammad Fakhruddin,108160.0
Feni 3,Chattogram,Feni,Bangladesh Khelafat Andolon,Mohammad Khalequzzaman Patwari,-
Feni 3,Chattogram,Feni,BNP,Mr. Abdul Awal Mintu,157425.0
Gaibandha 1,Rangpur,Gaibandha,BNP,Khandoker Ziaul Islam Mohammad Ali,37997.0
Gaibandha 1,Rangpur,Gaibandha,Amjanatar Dal,Md. Kausor Azam Hannu,-
Gaibandha 1,Rangpur,Gaibandha,Bangladesh Jamaat-e-Islami,Md. Mazedur Rahman,140726.0
Gaibandha 1,Rangpur,Gaibandha,Independent,Md. Mostafa Mohsin,-
Gaibandha 1,Rangpur,Gaibandha,Islamic Andolon Bangladesh,Md. Ramzan Ali,-
Gaibandha 1,Rangpur,Gaibandha,Independent,Mst Salma Akter,-
Gaibandha 1,Rangpur,Gaibandha,Bangladesher Samajtantrik Dal (Marxist),Parmanando Das,-
Gaibandha 1,Rangpur,Gaibandha,Jatiya Party,Shameem haider patwary,-
Gaibandha 2,Rangpur,Gaibandha,Bangladesher Samajtantrik Dal (Marxist),Ahsanul Habib Sayeed,-
Gaibandha 2,Rangpur,Gaibandha,Bangladesh Jamaat-e-Islami,Md. Abdul Karim,122630.0
Gaibandha 2,Rangpur,Gaibandha,Jatiya Party,Md. Abdur Rashid Sarker,-
Gaibandha 2,Rangpur,Gaibandha,BNP,Md. Anisuzzaman Khan Babu,92890.0
Gaibandha 2,Rangpur,Gaibandha,Janotar Dol,Md. Shahedur Jahan,-
Gaibandha 2,Rangpur,Gaibandha,Communist Party of Bangladesh,Mihir Kumar Ghosh,-
Gaibandha 2,Rangpur,Gaibandha,Islamic Andolon Bangladesh,Mohammad Abdul Majed,-
Gaibandha 3,Rangpur,Gaibandha,Islamic Andolon Bangladesh,ATM Aowlad Hossain,-
Gaibandha 3,Rangpur,Gaibandha,Bangladesh Jamaat-e-Islami,Abul Kausar Mohammad Nazrul Islam,163457.0
Gaibandha 3,Rangpur,Gaibandha,Communist Party of Bangladesh,Md. Abdullah Adil,-
Gaibandha 3,Rangpur,Gaibandha,Independent,Md. Azizar Rahman,-
Gaibandha 3,Rangpur,Gaibandha,Janotar Dol,Md. Mongorul Hoque,-
Gaibandha 3,Rangpur,Gaibandha,Insaniat Biplob Bangladesh - Insaniat Biplob,Md. Mosaddiqual Islam,-
Gaibandha 3,Rangpur,Gaibandha,Gono Odhikar Parishad,Md. Shoruj Miah,-
Gaibandha 3,Rangpur,Gaibandha,Jatiya Party,Moinur Rabbi Chowdhury,-
Gaibandha 3,Rangpur,Gaibandha,BNP,Professor Dr. Syed Mainul Hassain Sadik,139864.0
Gaibandha 3,Rangpur,Gaibandha,Independent,S M Khademul Islam Khude,-
Gaibandha 4,Rangpur,Gaibandha,Jatiya Party,Kazi Md. Mashiur Rahman,-
Gaibandha 4,Rangpur,Gaibandha,Bangladesh Jamaat-e-Islami,Md. Abdur Rahim Sarkar,139738.0
Gaibandha 4,Rangpur,Gaibandha,Independent,Md. Abdur Rouf Akanda,-
Gaibandha 4,Rangpur,Gaibandha,Bangladesh Revolutionary Workers Party,Md. Atoarul Islam,-
Gaibandha 4,Rangpur,Gaibandha,BNP,Mohammad Shamim Kaiser,142772.0
Gaibandha 4,Rangpur,Gaibandha,Islamic Andolon Bangladesh,Said Touhidul Islam Tuhin,-
Gaibandha 5,Rangpur,Gaibandha,Independent,A H M Golam Shahid Ranju,-
Gaibandha 5,Rangpur,Gaibandha,Independent,Hasan Mehdi biddut,-
Gaibandha 5,Rangpur,Gaibandha,Independent,Md Nahiduzzaman (Nishad),-
Gaibandha 5,Rangpur,Gaibandha,Bangladesh Jamaat-e-Islami,Md. Abdul Wares,89274.0
Gaibandha 5,Rangpur,Gaibandha,Islamic Andolon Bangladesh,Md. Azizul Islam,-
Gaibandha 5,Rangpur,Gaibandha,BNP,Md. Faruk Alam Sarker,73483.0
Gaibandha 5,Rangpur,Gaibandha,Bangladesher Samajtantrik Dal (Marxist),Mst. Rahela Khatun,-
Gaibandha 5,Rangpur,Gaibandha,Jatiya Party,Shameem Haider Patwary,-
Gaibandha 5,Rangpur,Gaibandha,Communist Party of Bangladesh,Sree Nirmol,-
Gazipur 1,Dhaka,Gazipur,Bangladesh Gonofront,Atiqul Islam,-
Gazipur 1,Dhaka,Gazipur,Bangladesh Labor Party,Chowdhury Irad Ahmed Siddiky,-
Gazipur 1,Dhaka,Gazipur,Independent,Md. Emarat Hossain Khan,-
Gazipur 1,Dhaka,Gazipur,BNP,Md. Muzibur Rahman,208688.0
Gazipur 1,Dhaka,Gazipur,Bangladesh Jamaat-e-Islami,Md. Shah Alam Bakshi,149553.0
Gazipur 1,Dhaka,Gazipur,Islamic Andolon Bangladesh,Ruhul Amin,-
Gazipur 1,Dhaka,Gazipur,Jatiya Party,S.M. Shafiqul Islam,-
Gazipur 1,Dhaka,Gazipur,Bangladesher Samajtantrik Dal (Marxist),Taslima Akter,-
Gazipur 2,Dhaka,Gazipur,National Citizens Party - NCP,Ali Naser Khan,140950.0
Gazipur 2,Dhaka,Gazipur,Bangladesh Gonofront,Atiqul Islam,-
Gazipur 2,Dhaka,Gazipur,Islamic Andolon Bangladesh,Hanif Sorker,-
Gazipur 2,Dhaka,Gazipur,Independent,Jithe Barua,-
Gazipur 2,Dhaka,Gazipur,BNP,M. Manjurul Karim Roni,188606.0
Gazipur 2,Dhaka,Gazipur,Bangladesher Samajtantrik Dal (Marxist),Masud Reza,-
Gazipur 2,Dhaka,Gazipur,Bangladesher Samajtantrik Dal (BSD),Md. Abdul kayum,-
Gazipur 2,Dhaka,Gazipur,Jatiya Party,Md. Mahbub Alam,-
Gazipur 2,Dhaka,Gazipur,Communist Party of Bangladesh,Md. Ziaul Kabir,-
Gazipur 2,Dhaka,Gazipur,Janotar Dol,Mohammad Shariful Islam,-
Gazipur 2,Dhaka,Gazipur,Insaniat Biplob Bangladesh - Insaniat Biplob,Sarker Taslima Afruz,-
Gazipur 3,Dhaka,Gazipur,Islamic Andolon Bangladesh,Alamgir Hossain,-
Gazipur 3,Dhaka,Gazipur,Bangladesher Samajtantrik Dal (BSD),Ashikul Islam Piyal,-
Gazipur 3,Dhaka,Gazipur,Islamic Oikkojot,Ha. Ma. Mufti Shamim Ahamd,-
Gazipur 3,Dhaka,Gazipur,Independent,Md. Ezadur Rahman Chowdhury,-
Gazipur 3,Dhaka,Gazipur,Jatiya Party,Md. Nazim Uddin,-
Gazipur 3,Dhaka,Gazipur,Bangladesh Khilafat Majlis,Muhammad Ehsanul Haque,100539.0
Gazipur 3,Dhaka,Gazipur,BNP,S. M. Rafiqul Islam,162343.0
Gazipur 4,Dhaka,Gazipur,Jatiya Party,Anamul Kabir,-
Gazipur 4,Dhaka,Gazipur,Communist Party of Bangladesh,Manabendra Deb,-
Gazipur 4,Dhaka,Gazipur,Islamic Andolon Bangladesh,Md. Kazim Uddn,-
Gazipur 4,Dhaka,Gazipur,Independent,Md. Shafiullah,-
Gazipur 4,Dhaka,Gazipur,Amjanatar Dal,Md. Zakir Hossan,-
Gazipur 4,Dhaka,Gazipur,National People's Party - NPP,Monir Hossain,-
Gazipur 4,Dhaka,Gazipur,Bangladesh Jamaat-e-Islami,Salah Uddin,101779.0
Gazipur 4,Dhaka,Gazipur,BNP,Shah Reazul Hannan,90390.0
Gazipur 5,Dhaka,Gazipur,BNP,A. K. M. Fazlul Haque Milan,133869.0
Gazipur 5,Dhaka,Gazipur,Islamic Andolon Bangladesh,Gazi Ataur Rahman,-
Gazipur 5,Dhaka,Gazipur,Islamic Front Bangladesh - IFB,Md. Al Amin Dewan,-
Gazipur 5,Dhaka,Gazipur,Janotar Dol,Md. Azam Khan,-
Gazipur 5,Dhaka,Gazipur,Gono Forum,Md. Kajal Bhuyia,-
Gazipur 5,Dhaka,Gazipur,Bangladesh Jamaat-e-Islami,Md. Khairul Hassan,78123.0
Gopalganj 1,Dhaka,Gopalganj,Independent,Asarful Alam,-
Gopalganj 1,Dhaka,Gopalganj,Independent,M. Anisul Islam,-
Gopalganj 1,Dhaka,Gopalganj,Gono Odhikar Parishad,Md. Kabir Miah,54329.0
Gopalganj 1,Dhaka,Gopalganj,Islamic Andolon Bangladesh,Md. Mizanur Rahaman,-
Gopalganj 1,Dhaka,Gopalganj,Independent,Md. Qayyum Ali Khan,-
Gopalganj 1,Dhaka,Gopalganj,BNP,Md. Selimuzzaman Mollah,69462.0
Gopalganj 1,Dhaka,Gopalganj,Bangladesh Jamaat-e-Islami,Muhammad Abdul Hamid Molla,-
Gopalganj 1,Dhaka,Gopalganj,Communist Party of Bangladesh,Nirod Baron Mazumdar,-
Gopalganj 1,Dhaka,Gopalganj,Jatiya Party,Sultan Jaman Khan,-
Gopalganj 2,Dhaka,Gopalganj,Gono Odhikar Parishad,Din Muhammad,-
Gopalganj 2,Dhaka,Gopalganj,BNP,K. M. Babar,40048.0
Gopalganj 2,Dhaka,Gopalganj,Independent,Kamruzzaman Bhuiyan,-
Gopalganj 2,Dhaka,Gopalganj,Independent,M.H. Khan Manju,33039.0
Gopalganj 2,Dhaka,Gopalganj,Zaker Party,Mahamud Hasan,-
Gopalganj 2,Dhaka,Gopalganj,Independent,Md. Sirajul Islam Siraj,-
Gopalganj 2,Dhaka,Gopalganj,Independent,Rone Molla,-
Gopalganj 2,Dhaka,Gopalganj,Gono Forum,Shah Mofiz,-
Gopalganj 2,Dhaka,Gopalganj,Independent,Shipon Bhuiyan,-
Gopalganj 2,Dhaka,Gopalganj,Bangladesh Khilafat Majlis,Shuaib Ibrahim,-
Gopalganj 2,Dhaka,Gopalganj,Islamic Andolon Bangladesh,Taslim Sikder,-
Gopalganj 2,Dhaka,Gopalganj,Independent,Utpal Biswas,-
Gopalganj 3,Dhaka,Gopalganj,Bangladesh Khilafat Majlis,Abdul Aziz,-
Gopalganj 3,Dhaka,Gopalganj,Gono Odhikar Parishad,Abul Bashar,-
Gopalganj 3,Dhaka,Gopalganj,Gono Forum,Dulal Chandra Biwas,-
Gopalganj 3,Dhaka,Gopalganj,Independent,Gobinda Chandra Pramanik,34339.0
Gopalganj 3,Dhaka,Gopalganj,Independent,Md. Habibur Rahman,-
Gopalganj 3,Dhaka,Gopalganj,Islamic Andolon Bangladesh,Md. Maruf Sheikh,-
Gopalganj 3,Dhaka,Gopalganj,BNP,S. M. Zilany,60991.0
Gopalganj 3,Dhaka,Gopalganj,National People's Party - NPP,SK. Sala Uddin,-
Habiganj 1,Sylhet,Habiganj,Bangladesh Jasod,Kazi Tofael Ahmed,-
Habiganj 1,Sylhet,Habiganj,Bangladesh Khilafat Majlis,Maulana Sirajul Islam,56132.0
Habiganj 1,Sylhet,Habiganj,Islamic Front Bangladesh - IFB,Mohammad Badrur Reza,-
Habiganj 1,Sylhet,Habiganj,BNP,Reza Kibria,111999.0
Habiganj 1,Sylhet,Habiganj,Independent,Sheikh Shujat Mia,-
Habiganj 2,Sylhet,Habiganj,Khilafat Majlis,Abdul Basit Azad,65762.0
Habiganj 2,Sylhet,Habiganj,Jatiya Party,Abdul Muktadir Chowdhury,-
Habiganj 2,Sylhet,Habiganj,BNP,Abu Mansur Sakhawat Hasan,126583.0
Habiganj 2,Sylhet,Habiganj,Independent,Afsar Ahmed,-
Habiganj 2,Sylhet,Habiganj,Bangladesher Samajtantrik Dal (BSD),Lukman Ahmed Talukder,-
Habiganj 3,Sylhet,Habiganj,Jatiya Party,Abdul Mumin Chowdhury,1259.0
Habiganj 3,Sylhet,Habiganj,BNP,Alhaj Md. G.K. Gaus,142348.0
Habiganj 3,Sylhet,Habiganj,Bangladesh Jamaat-e-Islami,Kazi Mohsin Ahmed,45568.0
Habiganj 3,Sylhet,Habiganj,Bangladesh Sangskritik Muktijote,Md. Shahinur Rahman,132.0
Habiganj 3,Sylhet,Habiganj,Islamic Andolon Bangladesh,Mohib Uddin Ahmed Sohel,5443.0
Habiganj 3,Sylhet,Habiganj,Bangladesh Islamic Front,S. M. Sarwar,14133.0
Habiganj 4,Sylhet,Habiganj,Khilafat Majlis,Ahmed Abdul Quader,26466.0
Habiganj 4,Sylhet,Habiganj,Bangladesh Islamic Front,Md. Gias Uddin,84323.0
Habiganj 4,Sylhet,Habiganj,Independent,Md. Mizanur Rahman Chowdhury,652.0
Habiganj 4,Sylhet,Habiganj,Bangladesher Samajtantrik Dal (BSD),Md. Mujibur Rahman,329.0
Habiganj 4,Sylhet,Habiganj,Bangladesh Sangskritik Muktijote,Md. Rashedul Islam Khokon,484.0
Habiganj 4,Sylhet,Habiganj,Insaniat Biplob Bangladesh - Insaniat Biplob,Md. Rezaul Mostafa,484.0
Habiganj 4,Sylhet,Habiganj,BNP,S. M. Faisal,188072.0
Habiganj 4,Sylhet,Habiganj,Independent,Saleh Ahmed Sajan,619.0
Habiganj 4,Sylhet,Habiganj,Bangladesh Muslim League - BML,Shah Md. Al Amin,536.0
Jamalpur 1,Mymensingh,Jamalpur,Jatiya Party,A. K. M. Fazlul Hoque,-
Jamalpur 1,Mymensingh,Jamalpur,BNP,M Rashiduzzaman Millat,173656.0
Jamalpur 1,Mymensingh,Jamalpur,Islamic Andolon Bangladesh,Md. Abdur Rouf Talukder,-
Jamalpur 1,Mymensingh,Jamalpur,Bangladesh Jamaat-e-Islami,Muhammad Nazmul Haque Sayeedi,97820.0
Jamalpur 2,Mymensingh,Jamalpur,BNP,A. E. Sultan Mahmud Babu,95860.0
Jamalpur 2,Mymensingh,Jamalpur,Bangladesh Jamaat-e-Islami,Md. Samiul Haque,62434.0
Jamalpur 2,Mymensingh,Jamalpur,Islamic Andolon Bangladesh,Sultan Mahmud,-
Jamalpur 3,Mymensingh,Jamalpur,Independent,Farzana Forid,-
Jamalpur 3,Mymensingh,Jamalpur,Ganosamhati Andolon,Fidel Naim,-
Jamalpur 3,Mymensingh,Jamalpur,Gono Odhikar Parishad,Liton Mia,-
Jamalpur 3,Mymensingh,Jamalpur,Bangladesh Jamaat-e-Islami,Md. Mujibur Rahman Azadi,81430.0
Jamalpur 3,Mymensingh,Jamalpur,BNP,Md. Mustafizur Rahman Babul,207412.0
Jamalpur 3,Mymensingh,Jamalpur,Independent,Md. Sadikur Rahman,-
Jamalpur 3,Mymensingh,Jamalpur,Jatiya Party,Mir Samsul Alam,-
Jamalpur 3,Mymensingh,Jamalpur,Islamic Andolon Bangladesh,Mohammad Daulatuzzaman Ansary,-
Jamalpur 3,Mymensingh,Jamalpur,Independent,Shiblul Bari Raju,-
Jamalpur 4,Mymensingh,Jamalpur,Nagorik Oikko,Kabir Hassan,-
Jamalpur 4,Mymensingh,Jamalpur,Islamic Andolon Bangladesh,Md. Ali Akbor,-
Jamalpur 4,Mymensingh,Jamalpur,BNP,Md. Faridul Kabir Talukder,147406.0
Jamalpur 4,Mymensingh,Jamalpur,Gono Odhikar Parishad,Md. Iqbal Hossain,-
Jamalpur 4,Mymensingh,Jamalpur,Communist Party of Bangladesh,Md. Mahbub Jaman Jewel,-
Jamalpur 5,Mymensingh,Jamalpur,Bangladesh Congress,Abu Sayem Muhammad Saadat Ul Karim,-
Jamalpur 5,Mymensingh,Jamalpur,Gono Odhikar Parishad,Jakir Hossain,-
Jamalpur 5,Mymensingh,Jamalpur,Jatiya Samajtantrik Dal (JSD Rab),Md. Amir Uddin,-
Jamalpur 5,Mymensingh,Jamalpur,Jatiya Party,Md. Babar Ali Khan,-
Jamalpur 5,Mymensingh,Jamalpur,Bangladesh Jamaat-e-Islami,Muhammad Abdus Sattar,113201.0
Jamalpur 5,Mymensingh,Jamalpur,BNP,Shah Md. Wares Ali Mamun,199344.0
Jamalpur 5,Mymensingh,Jamalpur,Communist Party of Bangladesh,Shekh Md. Akkas Ali,-
Jamalpur 5,Mymensingh,Jamalpur,Islamic Andolon Bangladesh,Syed Younus Ahmed,-
Jashore 1,Khulna,Jashore,Islamic Andolon Bangladesh,Md. Baktiar Rahman,1768.0
Jashore 1,Khulna,Jashore,Jatiya Party,Md. Jahangir Alam Chanchal,1398.0
Jashore 1,Khulna,Jashore,BNP,Md. Nuruzzaman Liton,93542.0
Jashore 1,Khulna,Jashore,Bangladesh Jamaat-e-Islami,Muhammad Azizur Rahman,119093.0
Jashore 2,Khulna,Jashore,Islamic Andolon Bangladesh,Md. Idris Ali,5781.0
Jashore 2,Khulna,Jashore,Bangladesher Samajtantrik Dal (BSD),Md. Imran Khan,472.0
Jashore 2,Khulna,Jashore,Independent,Md. Mehedi Hasan,389.0
Jashore 2,Khulna,Jashore,Bangladesh Nationalist Front - BNF,Md. Shamsul Haque,233.0
Jashore 2,Khulna,Jashore,Independent,Md. Zahurul Islam,188.0
Jashore 2,Khulna,Jashore,Bangladesh Jamaat-e-Islami,Mohammad Moslehuddin Farid,180965.0
Jashore 2,Khulna,Jashore,BNP,Ms. Sabira Sultana,146447.0
Jashore 2,Khulna,Jashore,Amar Bangladesh Party (AB Party),Ripon Mahmud,416.0
Jashore 3,Khulna,Jashore,BNP,Anindya Islam Amit,201339.0
Jashore 3,Khulna,Jashore,Bangladesh Jamaat-e-Islami,Md. Abdul Quader,187463.0
Jashore 3,Khulna,Jashore,Jatiya Party,Md. Khabir Gazi,-
Jashore 3,Khulna,Jashore,National Democratic Party - JDP,Md. Nizamuddin Amit,-
Jashore 3,Khulna,Jashore,Communist Party of Bangladesh,Md. Rashed Khan,-
Jashore 3,Khulna,Jashore,Islamic Andolon Bangladesh,Muhammad Shoaib Hossain,-
Jashore 4,Khulna,Jashore,Islamic Andolon Bangladesh,Bayezid Hossain,-
Jashore 4,Khulna,Jashore,Independent,M. Nazim Uddin-al-Azad,-
Jashore 4,Khulna,Jashore,Khilafat Majlis,Maolana Ashek Elahi,-
Jashore 4,Khulna,Jashore,BNP,Matiar Rahman Faraji,131917.0
Jashore 4,Khulna,Jashore,Bangladesh Jamaat-e-Islami,Md. Golam Rasul,176912.0
Jashore 4,Khulna,Jashore,Jatiya Party,Md. Zahurul Haque,-
Jashore 4,Khulna,Jashore,Bangladesh Minority Janata Party - BMJP,Sukriti Kumar Mandal,-
Jashore 5,Khulna,Jashore,Bangladesh Jamaat-e-Islami,Gazi Enamul Haque,132876.0
Jashore 5,Khulna,Jashore,Jatiya Party,M.A. Halim,-
Jashore 5,Khulna,Jashore,Islamic Andolon Bangladesh,Md. Joynal Abedin,-
Jashore 5,Khulna,Jashore,Independent,Md. Kamruzzaman,-
Jashore 5,Khulna,Jashore,BNP,Rashid Ahmad,54875.0
Jashore 5,Khulna,Jashore,Independent,Shaheed Md. Iqbal Hossain,-
Jashore 6,Khulna,Jashore,BNP,Abul Hossain Azad,80141.0
Jashore 6,Khulna,Jashore,Jatiya Party,GM Hassan,-
Jashore 6,Khulna,Jashore,Amar Bangladesh Party (AB Party),Md. Mahmud Hasan,-
Jashore 6,Khulna,Jashore,Bangladesh Jamaat-e-Islami,Md. Moktar Ali,92234.0
Jashore 6,Khulna,Jashore,Islamic Andolon Bangladesh,Md. Shahidul Islam,-
Jhalokathi 1,Barisal,Jhalokathi,Bangladesh Jamaat-e-Islami,Fayzul Huq,55120.0
Jhalokathi 1,Barisal,Jhalokathi,Islamic Andolon Bangladesh,Ibrahim,-
Jhalokathi 1,Barisal,Jhalokathi,Independent,M. Moyeen Alam Firozee,-
Jhalokathi 1,Barisal,Jhalokathi,Janotar Dol,Md. Jashim Uddin Talukder,-
Jhalokathi 1,Barisal,Jhalokathi,Jatiya Party,Md. Kamruzzaman Khan,-
Jhalokathi 1,Barisal,Jhalokathi,Jatiya Party,Md. Rubel Howlader,-
Jhalokathi 1,Barisal,Jhalokathi,Independent,Md. Shabbir Ahmed,-
Jhalokathi 1,Barisal,Jhalokathi,Gono Odhikar Parishad,Md. Shahadat Hossain,-
Jhalokathi 1,Barisal,Jhalokathi,Jatiya Samajtantrik Dal (JSD Rab),Md. Sohrab Hossain,-
Jhalokathi 1,Barisal,Jhalokathi,BNP,Rafiqul Islam Jamal,62010.0
Jhalokathi 2,Barisal,Jhalokathi,BNP,Esrat Sultana Elen Bhutto,113419.0
Jhalokathi 2,Barisal,Jhalokathi,National People's Party - NPP,Forkan Hossain,-
Jhalokathi 2,Barisal,Jhalokathi,Jatiya Samajtantrik Dal (JSD Rab),Masud Parvez,-
Jhalokathi 2,Barisal,Jhalokathi,Gono Odhikar Parishad,Md. Mahmudul Islam Sagor,-
Jhalokathi 2,Barisal,Jhalokathi,Independent,Md. Nuruddin Sarder,-
Jhalokathi 2,Barisal,Jhalokathi,Islamic Andolon Bangladesh,Muhammad Sirajul Islam Siraji,-
Jhalokathi 2,Barisal,Jhalokathi,Bangladesh Jamaat-e-Islami,SM Neamul Karim,70556.0
Jhalokathi 2,Barisal,Jhalokathi,Independent,Syed Razzaque Ali,-
Jhenaidah 1,Khulna,Jhenaidah,Bangladesh Jamaat-e-Islami,Abu Salah Md. Motiur Rahman,57055.0
Jhenaidah 1,Khulna,Jhenaidah,BNP,Md. Asaduzzaman,173381.0
Jhenaidah 1,Khulna,Jhenaidah,Amar Bangladesh Party (AB Party),Md. Motiar Rahman,-
Jhenaidah 1,Khulna,Jhenaidah,Bangladesher Samajtantrik Dal (Marxist),Md. Shedul Enam Pallob Mia,-
Jhenaidah 1,Khulna,Jhenaidah,Jatiya Party,Monika Alam,-
Jhenaidah 2,Khulna,Jhenaidah,Bangladesh Jamaat-e-Islami,Ali Azam Md. Abu Bakr,195702.0
Jhenaidah 2,Khulna,Jhenaidah,Islamic Andolon Bangladesh,H.M. Momtazur Rahman,-
Jhenaidah 2,Khulna,Jhenaidah,BNP,Md. Abdul Mazid,175984.0
Jhenaidah 2,Khulna,Jhenaidah,Communist Party of Bangladesh,Md. Abu Toab,-
Jhenaidah 2,Khulna,Jhenaidah,Bangladesher Samajtantrik Dal (BSD),Md. Assadul Islam,-
Jhenaidah 2,Khulna,Jhenaidah,Jatiya Party,Shawgatul Islam,-
Jhenaidah 3,Khulna,Jhenaidah,Islamic Andolon Bangladesh,Mao. Sorwar Hossain,-
Jhenaidah 3,Khulna,Jhenaidah,Bangladesh Jamaat-e-Islami,Md. Motiar Rahman,175857.0
Jhenaidah 3,Khulna,Jhenaidah,Gono Odhikar Parishad,Md. Sumon Kabir,-
Jhenaidah 3,Khulna,Jhenaidah,BNP,Mohammad Mahadi Hassan,149821.0
Jhenaidah 4,Khulna,Jhenaidah,Islamic Andolon Bangladesh,Abdul Jalil,-
Jhenaidah 4,Khulna,Jhenaidah,Jatiya Party,Amdadul Islam (Bacchu),-
Jhenaidah 4,Khulna,Jhenaidah,Gono Forum,Khania Khanam,-
Jhenaidah 4,Khulna,Jhenaidah,Bangladesh Jamaat-e-Islami,Md. Abu Taleb,105999.0
Jhenaidah 4,Khulna,Jhenaidah,BNP,Md. Rashed Khan,-
Jhenaidah 4,Khulna,Jhenaidah,Independent,Md. Saiful Islam Firoz,77140.0
Joypurhat 1,Rajshahi,Joypurhat,Bangladesh Jamaat-e-Islami,Md. Fazlur Rahman Sayed,165192.0
Joypurhat 1,Rajshahi,Joypurhat,BNP,Md. Masud Rana Prodhan,155309.0
Joypurhat 1,Rajshahi,Joypurhat,Bangladesher Samajtantrik Dal (BSD),Md. Wazed Pervaz,-
Joypurhat 1,Rajshahi,Joypurhat,Independent,Sabekun Nahar,-
Joypurhat 1,Rajshahi,Joypurhat,Bangladesher Samajtantrik Dal (Marxist),Toufiqua Dewan,-
Joypurhat 2,Rajshahi,Joypurhat,BNP,Md. Abdul Bari,158065.0
Joypurhat 2,Rajshahi,Joypurhat,Amar Bangladesh Party (AB Party),S. A. Jahid,1555.0
Joypurhat 2,Rajshahi,Joypurhat,Bangladesh Jamaat-e-Islami,SM Rashedul Alom,92517.0
Khagrachhari 1,Chattogram,Khagrachhari,BNP,Abdul Wadud Bhuiyan,151040.0
Khagrachhari 1,Chattogram,Khagrachhari,Independent,Dharma Jyoti Chakma,68315.0
Khagrachhari 1,Chattogram,Khagrachhari,Gono Odhikar Parishad,Dinmoy Roaza,-
Khagrachhari 1,Chattogram,Khagrachhari,Independent,Jiruna Tripura,-
Khagrachhari 1,Chattogram,Khagrachhari,Bangladesh Jamaat-e-Islami,Md. Eyakub Ali,-
Khagrachhari 1,Chattogram,Khagrachhari,Islamic Andolon Bangladesh,Md. Kowsar,-
Khagrachhari 1,Chattogram,Khagrachhari,Bangladesh Muslim League - BML,Md. Mostafa,-
Khagrachhari 1,Chattogram,Khagrachhari,Insaniat Biplob Bangladesh - Insaniat Biplob,Md. Nur Islam,-
Khagrachhari 1,Chattogram,Khagrachhari,Jatiya Party,Mithila Raoza,-
Khagrachhari 1,Chattogram,Khagrachhari,Independent,Samiran Dewan,-
Khagrachhari 1,Chattogram,Khagrachhari,Bangladesh Minority Janata Party - BMJP,Usheapru Marma,-
Khulna 1,Khulna,Khulna,Independent,Achintya Kumar Mondal,-
Khulna 1,Khulna,Khulna,BNP,Amir Ezaz Khan,121352.0
Khulna 1,Khulna,Khulna,Gono Odhikar Parishad,G. M. Rokonuzzaman,-
Khulna 1,Khulna,Khulna,Independent,Gobindo Haldar,-
Khulna 1,Khulna,Khulna,Communist Party of Bangladesh,Kishore Kumar Ray,-
Khulna 1,Khulna,Khulna,Bangladesh Jamaat-e-Islami,Krishno Nandy,70346.0
Khulna 1,Khulna,Khulna,Islamic Andolon Bangladesh,Md. Abu Saeed,-
Khulna 1,Khulna,Khulna,Jatiya Party,Md. Jahangir Hossain,-
Khulna 1,Khulna,Khulna,Bangladesh Minority Janata Party - BMJP,Probir Gopal Roy,-
Khulna 1,Khulna,Khulna,Jatiya Samajtantrik Dal (JSD Rab),Prosenjit Dutta,-
Khulna 1,Khulna,Khulna,Bangladesh Equal Rights Party,Subrota Mondol,-
Khulna 1,Khulna,Khulna,Bangladesh Islamic Front,Sunil Shuvo Roy,-
Khulna 2,Khulna,Khulna,Islamic Andolon Bangladesh,Amanullah,-
Khulna 2,Khulna,Khulna,BNP,Nazrul Islam Manju,88197.0
Khulna 2,Khulna,Khulna,Bangladesh Jamaat-e-Islami,Sk. Zahangir Hossain Helal,93789.0
Khulna 3,Khulna,Khulna,Bangladesher Samajtantrik Dal (BSD),Janardon Datta,-
Khulna 3,Khulna,Khulna,Islamic Andolon Bangladesh,Md. Abdul Aual,-
Khulna 3,Khulna,Khulna,Jatiya Party,Md. Abdullah Al Mamun,-
Khulna 3,Khulna,Khulna,Independent,Md. Abul Hasnat Siddique,-
Khulna 3,Khulna,Khulna,Independent,Md. Murad Khan Liton,-
Khulna 3,Khulna,Khulna,Bangladesh Jamaat-e-Islami,Mohammad Mahfuzur Rahman,66010.0
Khulna 3,Khulna,Khulna,Independent,Moyain Mohammad Mayaz,-
Khulna 3,Khulna,Khulna,BNP,Rakibul Islam,74845.0
Khulna 3,Khulna,Khulna,Independent,S. M. Arifur Rahman (Mithu),-
Khulna 3,Khulna,Khulna,Nationalist Democratic Movement - NDM,Sk Arman Hossain,-
Khulna 4,Khulna,Khulna,BNP,Azizul Baree Helal,123162.0
Khulna 4,Khulna,Khulna,Khilafat Majlis,S. M. Sakhawat Hossain,109530.0
Khulna 4,Khulna,Khulna,Independent,S.M. Azmal Hossain,-
Khulna 4,Khulna,Khulna,Islamic Andolon Bangladesh,Younus Ahammad Sheikh,-
Khulna 5,Khulna,Khulna,Communist Party of Bangladesh,Chitta Ranjan Golder,-
Khulna 5,Khulna,Khulna,Bangladesh Jamaat-e-Islami,Mia Golam Porwar,146246.0
Khulna 5,Khulna,Khulna,BNP,Mohammad Ali Asghar,148854.0
Khulna 5,Khulna,Khulna,Jatiya Party,Shamim Ara Parvin (Yasmin),-
Khulna 6,Khulna,Khulna,Bangladesh Jamaat-e-Islami,Md. Abul Kalam Azad,150724.0
Khulna 6,Khulna,Khulna,Islamic Andolon Bangladesh,Md. Asadullah Fakir,-
Khulna 6,Khulna,Khulna,Jatiya Party,Md. Mostafa Kamal Jahangir,-
Khulna 6,Khulna,Khulna,Communist Party of Bangladesh,Prosanto Kumar Mondal,-
Khulna 6,Khulna,Khulna,BNP,S M Monirul Hassan (Bappi),124710.0
Kishoreganj 1,Dhaka,Kishoreganj,Khilafat Majlis,Ahmad Ali,-
Kishoreganj 1,Dhaka,Kishoreganj,Bangladesher Samajtantrik Dal (Marxist),Alal Mia,-
Kishoreganj 1,Dhaka,Kishoreganj,Bangladesh Khilafat Majlis,Hedayatullah Hadi,101132.0
Kishoreganj 1,Dhaka,Kishoreganj,Communist Party of Bangladesh,Md. Enamul Haque,-
Kishoreganj 1,Dhaka,Kishoreganj,Bangladesher Samajtantrik Dal (BSD),Md. Masud Miah,-
Kishoreganj 1,Dhaka,Kishoreganj,Independent,Md. Rezaul Karim Khan,-
Kishoreganj 1,Dhaka,Kishoreganj,BNP,Mohammad Mazharul Islam,124035.0
Kishoreganj 1,Dhaka,Kishoreganj,National People's Party - NPP,Tarek Muhammad Shohidul Islam,-
Kishoreganj 2,Dhaka,Kishoreganj,BNP,Advocat Md. Jalal Uddin,143669.0
Kishoreganj 2,Dhaka,Kishoreganj,Islamic Andolon Bangladesh,Md. Abul Basar Rajoan,-
Kishoreganj 2,Dhaka,Kishoreganj,Jatiya Party,Md. Afzal Hussain Bhuyan,-
Kishoreganj 2,Dhaka,Kishoreganj,Independent,Md. Anisuzzaman Khokon,-
Kishoreganj 2,Dhaka,Kishoreganj,Bangladesh Nationalist Front - BNF,Md. Billal Hossain,-
Kishoreganj 2,Dhaka,Kishoreganj,Gono Odhikar Parishad,Md. Safiqul Islam,-
Kishoreganj 2,Dhaka,Kishoreganj,Bangladesh Jamaat-e-Islami,Mohammed Shafiqul Islam,120975.0
Kishoreganj 2,Dhaka,Kishoreganj,Independent,Nuruddin Ahmed,-
Kishoreganj 3,Dhaka,Kishoreganj,Independent,A.K.M. Alamgir,-
Kishoreganj 3,Dhaka,Kishoreganj,Democratic Party,Deluare Hossain Bhuiyan,-
Kishoreganj 3,Dhaka,Kishoreganj,BNP,Dr. Muhammad Osman Farruk,112466.0
Kishoreganj 3,Dhaka,Kishoreganj,Jatiya Party,Md. Abu Bokor Siddique,-
Kishoreganj 3,Dhaka,Kishoreganj,Islamic Andolon Bangladesh,Md. Alomgir Hossain,-
Kishoreganj 3,Dhaka,Kishoreganj,National People's Party - NPP,Mohammad Aminul Islam,-
Kishoreganj 3,Dhaka,Kishoreganj,Bangladesh Jamaat-e-Islami,Zehad Khan,102476.0
Kishoreganj 4,Dhaka,Kishoreganj,Islamic Andolon Bangladesh,Billal Ahmed Majumder,-
Kishoreganj 4,Dhaka,Kishoreganj,Independent,Kazi Reha Kabir,-
Kishoreganj 4,Dhaka,Kishoreganj,Bangladesh Khilafat Majlis,Khairul Islam Thakur,-
Kishoreganj 4,Dhaka,Kishoreganj,BNP,Md. Fazlur Rahman,132472.0
Kishoreganj 4,Dhaka,Kishoreganj,National People's Party - NPP,Md. Joynal Abdin,-
Kishoreganj 4,Dhaka,Kishoreganj,Bangladesh Jamaat-e-Islami,Md. Rokan Reza Sheikh,57829.0
Kishoreganj 4,Dhaka,Kishoreganj,Independent,Md. Shaheen Reza Chowdhury,-
Kishoreganj 4,Dhaka,Kishoreganj,Insaniat Biplob Bangladesh - Insaniat Biplob,Nurul Islam,-
Kishoreganj 5,Dhaka,Kishoreganj,Independent,A.H.M. Quaiyum (Hasnat Quaiyum),-
Kishoreganj 5,Dhaka,Kishoreganj,Jatiya Party,Md. Mahabobul Alam,-
Kishoreganj 5,Dhaka,Kishoreganj,Bangladesh Jamaat-e-Islami,Md. Ramjan Ali,-
Kishoreganj 5,Dhaka,Kishoreganj,Bangladesh Muslim League - BML,Md. Sajjad Hossain,-
Kishoreganj 5,Dhaka,Kishoreganj,Bangladesh Islamic Front,Md. Wali Ullah,-
Kishoreganj 5,Dhaka,Kishoreganj,Islamic Andolon Bangladesh,Mohammad Delawar Hossain,-
Kishoreganj 5,Dhaka,Kishoreganj,BNP,Sayed Ehsanul Huda,66450.0
Kishoreganj 5,Dhaka,Kishoreganj,Independent,Sk Mozibur Rahman Iqbal,79604.0
Kishoreganj 6,Dhaka,Kishoreganj,Bangladesh Khilafat Majlis,Ataullah Amin,44095.0
Kishoreganj 6,Dhaka,Kishoreganj,Communist Party of Bangladesh,Dr. Mohammad Habil Mia,-
Kishoreganj 6,Dhaka,Kishoreganj,Bangladesh Islamic Front,Md. Rubel Hossain,-
Kishoreganj 6,Dhaka,Kishoreganj,BNP,Md. Shariful Alam,187159.0
Kishoreganj 6,Dhaka,Kishoreganj,Jatiya Party - JAPA,Mohammed Ayub Hussain,-
Kishoreganj 6,Dhaka,Kishoreganj,Islamic Andolon Bangladesh,Muhammed Musa Khan,-
Kishoreganj 6,Dhaka,Kishoreganj,Insaniat Biplob Bangladesh - Insaniat Biplob,Naimul Hasan,-
Kishoreganj 6,Dhaka,Kishoreganj,National People's Party - NPP,Nazrul Islam,-
Kishoreganj 6,Dhaka,Kishoreganj,Gano Forum,Shafi Uddin Ahmed,-
Kurigram 1,Rangpur,Kurigram,Jatiya Party,A K M Mostafizur Rahman,-
Kurigram 1,Rangpur,Kurigram,Zaker Party,Md. Abdul Hye,-
Kurigram 1,Rangpur,Kurigram,Bangladesh Jamaat-e-Islami,Md. Anwarul Islam,141090.0
Kurigram 1,Rangpur,Kurigram,Gono Odhikar Parishad,Md. Bin Yamin Mollah,-
Kurigram 1,Rangpur,Kurigram,Islamic Andolon Bangladesh,Md. Haresul Bari,-
Kurigram 1,Rangpur,Kurigram,BNP,Saifur Rahman Rana,123025.0
Kurigram 2,Rangpur,Kurigram,National Citizens Party - NCP,Atiqur Rahman Mujahid,178869.0
Kurigram 2,Rangpur,Kurigram,Jatiya Party,Md. Atiqur Rahman,-
Kurigram 2,Rangpur,Kurigram,Amar Bangladesh Party (AB Party),Md. Nazrul Islam Khan,-
Kurigram 2,Rangpur,Kurigram,Islamic Andolon Bangladesh,Md. Nur Bakta Mian,-
Kurigram 2,Rangpur,Kurigram,BNP,Md. Sohel Hosnain Kaikobad,170335.0
Kurigram 2,Rangpur,Kurigram,Nagorik Oikko,Muhammad Abdus Salam,-
Kurigram 2,Rangpur,Kurigram,Communist Party of Bangladesh,Noor Mohammad,-
Kurigram 2,Rangpur,Kurigram,Jatiya Party,Panir Uddin Ahmed,-
Kurigram 3,Rangpur,Kurigram,Jatiya Party,Abdus Sobhan,-
Kurigram 3,Rangpur,Kurigram,Islamic Andolon Bangladesh,Dr. Md. Akkas Ali Sarkar,-
Kurigram 3,Rangpur,Kurigram,Bangladesh Jamaat-e-Islami,Md. Mahbubul Alam,107930.0
Kurigram 3,Rangpur,Kurigram,Gono Odhikar Parishad,Sarker Md. Nure Ershad Siddiki,-
Kurigram 3,Rangpur,Kurigram,BNP,Tasvir Ul Islam,79352.0
Kurigram 4,Rangpur,Kurigram,Jatiya Party,K. M. Fazlul Haque Mandul,-
Kurigram 4,Rangpur,Kurigram,BNP,Md. Azizur Rahman,84423.0
Kurigram 4,Rangpur,Kurigram,Islamic Andolon Bangladesh,Md. Hafizur Rahman,-
Kurigram 4,Rangpur,Kurigram,Bangladesh Jamaat-e-Islami,Md. Mostafizur Rahman,108210.0
Kurigram 4,Rangpur,Kurigram,Independent,Md. Ruknuzzaman,-
Kurigram 4,Rangpur,Kurigram,Bangladesher Samajtantrik Dal (Marxist),Raju Ahmed,-
Kurigram 4,Rangpur,Kurigram,Bangladesher Samajtantrik Dal (BSD),Sheake Mohammad Abdul Khaleque,-
Kushtia 1,Khulna,Kushtia,Islamic Andolon Bangladesh,Md. Aminul Islam,-
Kushtia 1,Khulna,Kushtia,Bangladesh Islamic Front,Md. Badiruzzaman,-
Kushtia 1,Khulna,Kushtia,Jatiya Samajtantrik Dal (JSD Rab),Md. Gias Uddin,-
Kushtia 1,Khulna,Kushtia,Independent,Md. Nuruzzaman,-
Kushtia 1,Khulna,Kushtia,Gono Odhikar Parishad,Md. Sahabul Islam,-
Kushtia 1,Khulna,Kushtia,Jatiya Party,Md. Shahriar Jamil,-
Kushtia 1,Khulna,Kushtia,Bangladesh Jamaat-e-Islami,Muhommad Belal Uddin,86682.0
Kushtia 1,Khulna,Kushtia,BNP,Reza Ahammed,165909.0
Kushtia 2,Khulna,Kushtia,Bangladesh Jamaat-e-Islami,Md. Abdul Gafur,192083.0
Kushtia 2,Khulna,Kushtia,Islamic Front Bangladesh - IFB,Md. Babul Aktar,-
Kushtia 2,Khulna,Kushtia,Islamic Andolon Bangladesh,Muhammad Ali,-
Kushtia 2,Khulna,Kushtia,Communist Party of Bangladesh,Noor Uddin Ahmed,-
Kushtia 2,Khulna,Kushtia,BNP,Raghib Rauf Chowdhury,143821.0
Kushtia 3,Khulna,Kushtia,Islamic Andolon Bangladesh,Md. Abdullah Akhunda,-
Kushtia 3,Khulna,Kushtia,Bangladesh Jamaat-e-Islami,Md. Amir Hamza,180690.0
Kushtia 3,Khulna,Kushtia,BNP,Md. Zakir Hossain Sarker,126909.0
Kushtia 3,Khulna,Kushtia,Bangladesher Samajtantrik Dal (BSD),Mir Najmul Islam,-
Kushtia 3,Khulna,Kushtia,Gono Odhikar Parishad,Mohd. Shariful Islam,-
Kushtia 3,Khulna,Kushtia,Bangladesh Republican Party - BRP,Mst Rumpa Khatun,-
Kushtia 4,Khulna,Kushtia,Islamic Andolon Bangladesh,Anwar Khan,-
Kushtia 4,Khulna,Kushtia,Gono Forum,Md. Abdul Hakim Miah,-
Kushtia 4,Khulna,Kushtia,Bangladesh Jamaat-e-Islami,Md. Afjal Hossain,148201.0
Kushtia 4,Khulna,Kushtia,Bangladesh Labor Party,Md. Sohidul Islam,-
Kushtia 4,Khulna,Kushtia,BNP,Syed Mehdi Ahmed Roomy,139603.0
Kushtia 4,Khulna,Kushtia,Bangladesh Minority Janata Party - BMJP,Tarun Kumar Ghosh,-
Lakshmipur 1,Chattogram,Lakshmipur,Nationalist Democratic Movement - NDM,Md. Alamgir Hossain,-
Lakshmipur 1,Chattogram,Lakshmipur,Bangladesher Samajtantrik Dal (BSD),Md. Billal Hossain,-
Lakshmipur 1,Chattogram,Lakshmipur,Gono Odhikar Parishad,Md. Kausar Alam,-
Lakshmipur 1,Chattogram,Lakshmipur,National Citizens Party - NCP,Md. Mahbub Alam,59265.0
Lakshmipur 1,Chattogram,Lakshmipur,BNP,Md. Shahadat Hossain,86811.0
Lakshmipur 1,Chattogram,Lakshmipur,Islamic Andolon Bangladesh,Md. Zakir Hossain Patwary,-
Lakshmipur 1,Chattogram,Lakshmipur,Jatiya Party,Mohammad Mahmudur Rahman Mahmud,-
Lakshmipur 2,Chattogram,Lakshmipur,Gono Odhikar Parishad,Abul Bashar,-
Lakshmipur 2,Chattogram,Lakshmipur,Islamic Andolon Bangladesh,Helal Uddin,-
Lakshmipur 2,Chattogram,Lakshmipur,BNP,Md. Abul Khair Bhuiyan,146321.0
Lakshmipur 2,Chattogram,Lakshmipur,Bangladesh Kalyan Party,Md. Farhad Mia,-
Lakshmipur 2,Chattogram,Lakshmipur,Bangladesh Supreme Party - BSP,Md. Ibrahim Mia,-
Lakshmipur 2,Chattogram,Lakshmipur,Nagorik Oikko,Mohammad Rezaul Karim,-
Lakshmipur 2,Chattogram,Lakshmipur,Bangladesh Jamaat-e-Islami,S. U. M Ruhul Amin Bhuiyan,133698.0
Lakshmipur 3,Chattogram,Lakshmipur,Jatiya Party,A. K. M. Mohi Uddin,-
Lakshmipur 3,Chattogram,Lakshmipur,Islamic Andolon Bangladesh,Md. Ibrahim,-
Lakshmipur 3,Chattogram,Lakshmipur,Bangladesh Jamaat-e-Islami,Md. Rezaul Karim,122802.0
Lakshmipur 3,Chattogram,Lakshmipur,BNP,Md. Shahiduddin Chowdhury Annie,135612.0
Lakshmipur 3,Chattogram,Lakshmipur,Liberal Democratic Party - LDP,Md. Shamsuddin,-
Lakshmipur 3,Chattogram,Lakshmipur,National People's Party - NPP,Salim Mahmud,-
Lakshmipur 4,Chattogram,Lakshmipur,BNP,A. B. M Ashraf Uddin (Nizan),115199.0
Lakshmipur 4,Chattogram,Lakshmipur,Independent,Anam Manzoor Morshed,-
Lakshmipur 4,Chattogram,Lakshmipur,Islamic Andolon Bangladesh,Khaled Saifullah,-
Lakshmipur 4,Chattogram,Lakshmipur,Bangladesh Jamaat-e-Islami,Md. Ashrafur Rahman Hafizullah,73756.0
Lakshmipur 4,Chattogram,Lakshmipur,Gono Odhikar Parishad,Md. Redwan Ullah,-
Lakshmipur 4,Chattogram,Lakshmipur,Bangladesher Samajtantrik Dal (BSD),Milan Krishna Mandal,-
Lakshmipur 4,Chattogram,Lakshmipur,Independent,Nurul Huda Chowdhury,-
Lakshmipur 4,Chattogram,Lakshmipur,Independent,Sharaf Uddin Azad,-
Lakshmipur 4,Chattogram,Lakshmipur,Jatiya Samajtantrik Dal (JSD Rab),Tania Robb,-
Lalmonirhat 1,Rangpur,Lalmonirhat,Independent,Abu Sama Md. Redwanul Haque,-
Lalmonirhat 1,Rangpur,Lalmonirhat,Bangladesh Jasod,Habib Md. Farooq,-
Lalmonirhat 1,Rangpur,Lalmonirhat,Bangladesh Jamaat-e-Islami,Md. Anwarul Islam Raju,129572.0
Lalmonirhat 1,Rangpur,Lalmonirhat,BNP,Md. Hasan Rajib Prodhan,138686.0
Lalmonirhat 1,Rangpur,Lalmonirhat,Jatiya Party,Md. Mashiur Rahman Ranga,-
Lalmonirhat 1,Rangpur,Lalmonirhat,Independent,Md. Rezaul Karim Sarkar,-
Lalmonirhat 1,Rangpur,Lalmonirhat,Bangladesh Labor Party,Md. Shuvo Ahmed,-
Lalmonirhat 1,Rangpur,Lalmonirhat,Islamic Andolon Bangladesh,Muhammad Fazlul Karim Shaharia,-
Lalmonirhat 1,Rangpur,Lalmonirhat,Independent,Shihab Ahmed,-
Lalmonirhat 2,Rangpur,Lalmonirhat,Jatiya Party,Md. Elahan Uddin,-
Lalmonirhat 2,Rangpur,Lalmonirhat,Bangladesh Jamaat-e-Islami,Md. Firoz Haider,117252.0
Lalmonirhat 2,Rangpur,Lalmonirhat,Islamic Andolon Bangladesh,Md. Mahfuzur Rahman,-
Lalmonirhat 2,Rangpur,Lalmonirhat,Independent,Md. Momtaz Ali,-
Lalmonirhat 2,Rangpur,Lalmonirhat,BNP,Md. Rokon Uddin Babul,123946.0
Lalmonirhat 2,Rangpur,Lalmonirhat,Janotar Dol,Md. Shamim Kamal,-
Lalmonirhat 2,Rangpur,Lalmonirhat,Communist Party of Bangladesh,Nimai Chandra Roy,-
Lalmonirhat 3,Rangpur,Lalmonirhat,BNP,Asadul Habib Dulu,139651.0
Lalmonirhat 3,Rangpur,Lalmonirhat,Ganosamhati Andolon,Deepak Kumar Roy,-
Lalmonirhat 3,Rangpur,Lalmonirhat,Communist Party of Bangladesh,Madhu Sudan Roy,-
Lalmonirhat 3,Rangpur,Lalmonirhat,Bangladesh Jamaat-e-Islami,Md. Abu Taher,56244.0
Lalmonirhat 3,Rangpur,Lalmonirhat,Islamic Andolon Bangladesh,Md. Aminul Islam,-
Lalmonirhat 3,Rangpur,Lalmonirhat,Jatiya Party,Md. Zahid Hasan,-
Madaripur 1,Dhaka,Madaripur,Communist Party of Bangladesh,Abdul Ali,-
Madaripur 1,Dhaka,Madaripur,Islamic Andolon Bangladesh,Akram Hossain,-
Madaripur 1,Dhaka,Madaripur,Independent,Kamal Zaman Molla,-
Madaripur 1,Dhaka,Madaripur,Bangladesh Labor Party,Md. Hafizur Rahman,-
Madaripur 1,Dhaka,Madaripur,Independent,Md. Imran Hasan,-
Madaripur 1,Dhaka,Madaripur,Jatiya Party,Mohammad Zahirul Islam Mintu,-
Madaripur 1,Dhaka,Madaripur,BNP,Nadira Akhter,64524.0
Madaripur 1,Dhaka,Madaripur,Gono Odhikar Parishad,Rajib Mollah,-
Madaripur 1,Dhaka,Madaripur,Independent,Sajjad Hossain Siddiqui,-
Madaripur 1,Dhaka,Madaripur,Bangladesh Khilafat Majlis,Sayed Uddin Ahmad Hanzala,64909.0
Madaripur 2,Dhaka,Madaripur,Bangladesh Khilafat Majlis,Abdus Sobahan,-
Madaripur 2,Dhaka,Madaripur,Islamic Andolon Bangladesh,Ali Ahmad Chowdhury,-
Madaripur 2,Dhaka,Madaripur,BNP,Md. Jahandar Ali Mia,61744.0
Madaripur 2,Dhaka,Madaripur,Jatiya Party,Md. Mohidul Islam,-
Madaripur 2,Dhaka,Madaripur,Independent,Md. Reazul Islam,-
Madaripur 2,Dhaka,Madaripur,Independent,Milton Baidya,46476.0
Madaripur 2,Dhaka,Madaripur,Bangladesher Samajtantrik Dal (Marxist),Mohammad Didar Hossain,-
Madaripur 2,Dhaka,Madaripur,Independent,Muha Kamrul Islam Sayeed,-
Madaripur 2,Dhaka,Madaripur,Independent,Shahidul Islam Khan,-
Madaripur 2,Dhaka,Madaripur,Bangladesh Kalyan Party,Subal Chandra Majumder,-
Madaripur 3,Dhaka,Madaripur,Bangladesher Samajtantrik Dal (BSD),Aminul Islam,-
Madaripur 3,Dhaka,Madaripur,BNP,Anisur Rahman,96188.0
Madaripur 3,Dhaka,Madaripur,Islamic Andolon Bangladesh,Md. Azizul Haque,-
Madaripur 3,Dhaka,Madaripur,Bangladesh Jamaat-e-Islami,Md. Rafiqul Islam,84646.0
Madaripur 3,Dhaka,Madaripur,Bangladesh Supreme Party - BSP,Nitai Chakraborty,-
Magura 1,Khulna,Magura,Bangladesh Jamaat-e-Islami,Abdul Matin,89691.0
Magura 1,Khulna,Magura,Bangladesh Congress,Kazi Rezaul Hossain,821.0
Magura 1,Khulna,Magura,Gono Odhikar Parishad,Md. Khalilur Rahman,292.0
Magura 1,Khulna,Magura,BNP,Md. Monowar Hossain,185338.0
Magura 1,Khulna,Magura,Islamic Andolon Bangladesh,Md. Nazirul Islam,13414.0
Magura 1,Khulna,Magura,Jatiya Party,Md. Zakir Hossain Mollah,1767.0
Magura 1,Khulna,Magura,Bangladesher Samajtantrik Dal (BSD),Shampa Basu,1237.0
Magura 2,Khulna,Magura,Bangladesh Jamaat-e-Islami,Md. Mushtarshed Billah,117018.0
Magura 2,Khulna,Magura,Jatiya Party,Moshiar Rahman,2947.0
Magura 2,Khulna,Magura,Islamic Andolon Bangladesh,Mustafa Kamal,16223.0
Magura 2,Khulna,Magura,BNP,Nitai Roy Chowdhury,147896.0
Manikganj 1,Dhaka,Manikganj,Bangladesh Jamaat-e-Islami,Abu Bakr Siddique,71310.0
Manikganj 1,Dhaka,Manikganj,Islamic Andolon Bangladesh,Md. Khorshed Alam,3247.0
Manikganj 1,Dhaka,Manikganj,Independent,Md. Tozammel Haque,77818.0
Manikganj 1,Dhaka,Manikganj,Gono Odhikar Parishad,Mohammad Elias Hussain,1066.0
Manikganj 1,Dhaka,Manikganj,Janotar Dol,Mohammad Shahjahan Khan,283.0
Manikganj 1,Dhaka,Manikganj,BNP,S. A. Jinnah Kabir,137773.0
Manikganj 2,Dhaka,Manikganj,Khilafat Majlis,Md. Salauddin,81531.0
Manikganj 2,Dhaka,Manikganj,BNP,Moinul Islam Khan,175776.0
Manikganj 2,Dhaka,Manikganj,Islamic Andolon Bangladesh,Muhammad Ali,3847.0
Manikganj 2,Dhaka,Manikganj,Jatiya Party,S. M. Abdul Mannan,7081.0
Manikganj 3,Dhaka,Manikganj,Jatiya Party,Abul Bashar Badhsha,-
Manikganj 3,Dhaka,Manikganj,BNP,Afroza Khanam,167345.0
Manikganj 3,Dhaka,Manikganj,Independent,Md. Ataur Rahman Ata,-
Manikganj 3,Dhaka,Manikganj,Bangladesh Jasod,Md. Shahjahan Ali,-
Manikganj 3,Dhaka,Manikganj,Jatiya Party,Moazzem Hossain Khan Majlish,-
Manikganj 3,Dhaka,Manikganj,Independent,Mofizul Islam Khan Kamal,-
Manikganj 3,Dhaka,Manikganj,Bangladesh Khilafat Majlis,Muhammad Saeed Noor,64242.0
Manikganj 3,Dhaka,Manikganj,Independent,Rafiqul Islam Khan,-
Manikganj 3,Dhaka,Manikganj,Islamic Andolon Bangladesh,Shamsuddin,-
Meherpur 1,Khulna,Meherpur,BNP,Masud Arun,105441.0
Meherpur 1,Khulna,Meherpur,Jatiya Party,Md. Abdul Hamid,-
Meherpur 1,Khulna,Meherpur,Communist Party of Bangladesh,Md. Mijanur Rahman,-
Meherpur 1,Khulna,Meherpur,Bangladesh Jamaat-e-Islami,Md. Tajuddin Khan,123271.0
Meherpur 2,Khulna,Meherpur,Jatiya Party,Md. Abdul Baki,-
Meherpur 2,Khulna,Meherpur,BNP,Md. Amjad Hossain,85988.0
Meherpur 2,Khulna,Meherpur,Bangladesh Jamaat-e-Islami,Md. Nazmul Huda,96306.0
Moulvibazar 1,Sylhet,Moulvibazar,Jatiya Party,Ahmed Riaz Uddin,-
Moulvibazar 1,Sylhet,Moulvibazar,Independent,Belal Ahmed,-
Moulvibazar 1,Sylhet,Moulvibazar,Gono Odhikar Parishad,Md. Abdun Noor,-
Moulvibazar 1,Sylhet,Moulvibazar,Bangladesh Gonofront,Md. Shariful Islam,-
Moulvibazar 1,Sylhet,Moulvibazar,Bangladesh Jamaat-e-Islami,Mohammad Aminul Islam,83013.0
Moulvibazar 1,Sylhet,Moulvibazar,BNP,Nasir Uddin Ahmed,98282.0
Moulvibazar 2,Sylhet,Moulvibazar,Islamic Andolon Bangladesh,Abdul Quddus,-
Moulvibazar 2,Sylhet,Moulvibazar,Independent,M. Jimiur Rahman Chowdhury,-
Moulvibazar 2,Sylhet,Moulvibazar,Jatiya Party,Md. Abdul Malik,-
Moulvibazar 2,Sylhet,Moulvibazar,Independent,Md. Fazlul Haque Khan,-
Moulvibazar 2,Sylhet,Moulvibazar,Bangladesh Jamaat-e-Islami,Md. Sayed Ali,53458.0
Moulvibazar 2,Sylhet,Moulvibazar,BNP,Md. Shawkatul Islam,88381.0
Moulvibazar 2,Sylhet,Moulvibazar,Independent,Nawab Ali Abbas Khan,-
Moulvibazar 2,Sylhet,Moulvibazar,Bangladesher Samajtantrik Dal (Marxist),Sadia Noshin Tasnim Chowdhury,-
Moulvibazar 3,Sylhet,Moulvibazar,Khilafat Majlis,Ahmed Bilal,-
Moulvibazar 3,Sylhet,Moulvibazar,Communist Party of Bangladesh,Jahar Lal Dutt,-
Moulvibazar 3,Sylhet,Moulvibazar,Bangladesh Jamaat-e-Islami,Md. Abdul Mannan,77636.0
Moulvibazar 3,Sylhet,Moulvibazar,BNP,Nasser Rahman,156757.0
Moulvibazar 4,Sylhet,Moulvibazar,Bangladesher Samajtantrik Dal (BSD),Md. Abul Hasan,-
Moulvibazar 4,Sylhet,Moulvibazar,Independent,Md. Mohsin Mia,-
Moulvibazar 4,Sylhet,Moulvibazar,BNP,Md. Mujibur Rahman Chowdhury,169608.0
Moulvibazar 4,Sylhet,Moulvibazar,Jatiya Party,Mohammad Zarif Hossain,-
Moulvibazar 4,Sylhet,Moulvibazar,National Citizens Party - NCP,Pritam Das,-
Moulvibazar 4,Sylhet,Moulvibazar,Bangladesh Khilafat Majlis,Sheikh Noor-e-Alam Hamidi,49189.0
Munshiganj 1,Dhaka,Munshiganj,Bangladesh Jamaat-e-Islami,AKM Fakhruddin Raji,101568.0
Munshiganj 1,Dhaka,Munshiganj,Communist Party of Bangladesh,Abdur Rahman,-
Munshiganj 1,Dhaka,Munshiganj,BNP,Md. Abdullah,167562.0
Munshiganj 1,Dhaka,Munshiganj,Islamic Andolon Bangladesh,Md. Atiqur Rahman Khan,-
Munshiganj 1,Dhaka,Munshiganj,Independent,Mohammad Momin Ali,-
Munshiganj 1,Dhaka,Munshiganj,Insaniat Biplob Bangladesh - Insaniat Biplob,Rokeya Akhtar,-
Munshiganj 2,Dhaka,Munshiganj,BNP,Abdus Salam Azad,121154.0
Munshiganj 2,Dhaka,Munshiganj,Islamic Front Bangladesh - IFB,Ashiq Mahmud,-
Munshiganj 2,Dhaka,Munshiganj,Islamic Andolon Bangladesh,K. M. Billal,-
Munshiganj 2,Dhaka,Munshiganj,National Citizens Party - NCP,Majedul Islam,58573.0
Munshiganj 2,Dhaka,Munshiganj,Jatiya Party,Md. Noman Mia,-
Munshiganj 3,Dhaka,Munshiganj,Bangladesh Labor Party,Anis Molla,-
Munshiganj 3,Dhaka,Munshiganj,Jatiya Party,Md. Arifuzzaman (Didar),-
Munshiganj 3,Dhaka,Munshiganj,BNP,Md. Kamruzzaman,124691.0
Munshiganj 3,Dhaka,Munshiganj,Independent,Md. Mohiuddin,88936.0
Munshiganj 3,Dhaka,Munshiganj,Bangladesh Khilafat Majlis,Noor Hossain Noorani,-
Munshiganj 3,Dhaka,Munshiganj,Communist Party of Bangladesh,Sheikh Md. Kamal Hossain,-
Munshiganj 3,Dhaka,Munshiganj,Bangladesher Biplobi Workers Party,Sheikh Md. Shimul,-
Munshiganj 3,Dhaka,Munshiganj,Islamic Andolon Bangladesh,Suman Dewan,-
Mymensingh 1,Mymensingh,Mymensingh,Communist Party of Bangladesh,Azharul Islam,-
Mymensingh 1,Mymensingh,Mymensingh,Bangladesher Samajtantrik Dal (Marxist),Md. A. Razzaq,-
Mymensingh 1,Mymensingh,Mymensingh,Bangladesh Khilafat Majlis,Md. Tajul Islam,-
Mymensingh 1,Mymensingh,Mymensingh,Islamic Andolon Bangladesh,Md. Zillur Rahman,-
Mymensingh 1,Mymensingh,Mymensingh,Independent,Mohammad Salman Omar,108265.0
Mymensingh 1,Mymensingh,Mymensingh,BNP,Syed Imran Saleh,101926.0
Mymensingh 2,Mymensingh,Mymensingh,Islamic Andolon Bangladesh,Golam Maula Bhuiyan,-
Mymensingh 2,Mymensingh,Mymensingh,Jatiya Party,Md. Emdadul Haque Khan,-
Mymensingh 2,Mymensingh,Mymensingh,Bangladesh Supreme Party - BSP,Md. Julhas Uddin Sheikh,-
Mymensingh 2,Mymensingh,Mymensingh,BNP,Motahar Hossain Talukder,118438.0
Mymensingh 2,Mymensingh,Mymensingh,Independent,Muhammad Abu Bakr Siddique,-
Mymensingh 2,Mymensingh,Mymensingh,Bangladesh Khilafat Majlis,Muhammadullah,146202.0
Mymensingh 2,Mymensingh,Mymensingh,Independent,Shah Shahid Sarwar,-
Mymensingh 3,Mymensingh,Mymensingh,Bangladesher Samajtantrik Dal (Marxist),A. K. M. Ariful Hasan,-
Mymensingh 3,Mymensingh,Mymensingh,Independent,Ahmed Tayebur Rahman,65995.0
Mymensingh 3,Mymensingh,Mymensingh,BNP,M Iqbal Hossain,75320.0
Mymensingh 3,Mymensingh,Mymensingh,Bangladesh Nezam Islam Party,Md. Abu Taher Khan,-
Mymensingh 3,Mymensingh,Mymensingh,Islamic Andolon Bangladesh,Md. Shariful Islam,-
Mymensingh 4,Mymensingh,Mymensingh,Jatiya Party,Abu Md. Musa Sarkar,-
Mymensingh 4,Mymensingh,Mymensingh,Communist Party of Bangladesh,Emdadul Haque Millat,-
Mymensingh 4,Mymensingh,Mymensingh,BNP,Md. Abu Wahab Akand Wahid,179668.0
Mymensingh 4,Mymensingh,Mymensingh,Bangladesh Supreme Party - BSP,Md. Liaquat Ali,-
Mymensingh 4,Mymensingh,Mymensingh,Islamic Andolon Bangladesh,Md. Nasir Uddin,-
Mymensingh 4,Mymensingh,Mymensingh,Bangladesh Jamaat-e-Islami,Mohammad Kamrul Ahsan,171880.0
Mymensingh 4,Mymensingh,Mymensingh,Ganosamhati Andolon,Mostafizur Rahman,-
Mymensingh 4,Mymensingh,Mymensingh,Bangladesher Samajtantrik Dal (Marxist),Shekhar Kumar Roy,-
Mymensingh 5,Mymensingh,Mymensingh,Bangladesh Jamaat-e-Islami,Md. Matiur Rahman Akand,102226.0
Mymensingh 5,Mymensingh,Mymensingh,Amar Bangladesh Party (AB Party),Md. Rafiqul Islam,-
Mymensingh 5,Mymensingh,Mymensingh,Ganosamhati Andolon,Mohammad Nazrul Islam,-
Mymensingh 5,Mymensingh,Mymensingh,BNP,Mohammad Zakir Hossain,128896.0
Mymensingh 5,Mymensingh,Mymensingh,Islamic Andolon Bangladesh,Muhammad Sirajul Islam,-
Mymensingh 6,Mymensingh,Mymensingh,Independent,Akhtar Sultana,53331.0
Mymensingh 6,Mymensingh,Mymensingh,BNP,Md. Akhtarul Alam,-
Mymensingh 6,Mymensingh,Mymensingh,Bangladesh Jamaat-e-Islami,Md. Kamrul Hasan,77325.0
Mymensingh 6,Mymensingh,Mymensingh,Islamic Andolon Bangladesh,Md. Noor Alam Siddiqui,-
Mymensingh 6,Mymensingh,Mymensingh,Independent,Professor Md. Jasim Uddin,-
Mymensingh 7,Mymensingh,Mymensingh,BNP,Dr. Md. Mahabubur Rahman,99049.0
Mymensingh 7,Mymensingh,Mymensingh,Bangladesh Jamaat-e-Islami,Md. Asaduzzaman,84851.0
Mymensingh 7,Mymensingh,Mymensingh,Islamic Andolon Bangladesh,Md. Ibrahim Khalilullah,-
Mymensingh 7,Mymensingh,Mymensingh,Independent,Md. Joynal Abdin,-
Mymensingh 7,Mymensingh,Mymensingh,Jatiya Party,Md. Zahirul Islam,-
Mymensingh 7,Mymensingh,Mymensingh,Independent,Muhammad Anwar Sadat,-
Mymensingh 8,Mymensingh,Mymensingh,Jatiya Party,Fakhrul Imam,-
Mymensingh 8,Mymensingh,Mymensingh,BNP,Lutfullahel Majed,108685.0
Mymensingh 8,Mymensingh,Mymensingh,Liberal Democratic Party - LDP,Md. Aurangzeb Belal,46515.0
Mymensingh 8,Mymensingh,Mymensingh,Islamic Andolon Bangladesh,Shah Nurul Kabir,-
Mymensingh 9,Mymensingh,Mymensingh,Bangladesh Development Party - BDP,AKM Anwarul Islam,71168.0
Mymensingh 9,Mymensingh,Mymensingh,Independent,Hasina Khan Chowdhury,-
Mymensingh 9,Mymensingh,Mymensingh,Jatiya Party,Hasmot Mahmud,-
Mymensingh 9,Mymensingh,Mymensingh,Gono Forum,Md. Latiful Bari (Hamim),-
Mymensingh 9,Mymensingh,Mymensingh,Islamic Andolon Bangladesh,Md. Saidur Rahman,-
Mymensingh 9,Mymensingh,Mymensingh,BNP,Yaser Khan Chowdhury,85761.0
Mymensingh 10,Mymensingh,Mymensingh,Ganosamhati Andolon,A.K.M. Shamsul Alam,-
Mymensingh 10,Mymensingh,Mymensingh,Independent,Abu Bakr Siddiqur Rahman,67013.0
Mymensingh 10,Mymensingh,Mymensingh,Jatiya Party,Md. Al Amin (Sohan),-
Mymensingh 10,Mymensingh,Mymensingh,Islamic Andolon Bangladesh,Md. Habibullah Belali,-
Mymensingh 10,Mymensingh,Mymensingh,Bangladesh Jamaat-e-Islami,Md. Ismail,-
Mymensingh 10,Mymensingh,Mymensingh,Independent,Md. Matiur Rahman,-
Mymensingh 10,Mymensingh,Mymensingh,Communist Party of Bangladesh,Md. Saifus Salehin,-
Mymensingh 10,Mymensingh,Mymensingh,BNP,Mohammad Akhtaruzzaman,75585.0
Mymensingh 10,Mymensingh,Mymensingh,Liberal Democratic Party - LDP,Syed Mahmud Morshed,-
Mymensingh 11,Mymensingh,Mymensingh,BNP,Fakhr Uddin Ahmed,111230.0
Mymensingh 11,Mymensingh,Mymensingh,Islamic Andolon Bangladesh,Md. Mustafa Kamal,-
Mymensingh 11,Mymensingh,Mymensingh,Gono Odhikar Parishad,Mohammad Anwarul Islam,-
Mymensingh 11,Mymensingh,Mymensingh,Independent,Muhammad Morshed Alam,66016.0
Mymensingh 11,Mymensingh,Mymensingh,National Citizens Party - NCP,Zahidul Islam,-
Naogaon 1,Rajshahi,Naogaon,Jatiya Party,Md. Akbar Ali,-
Naogaon 1,Rajshahi,Naogaon,Bangladesh Jamaat-e-Islami,Md. Mahbubul Alam,153816.0
Naogaon 1,Rajshahi,Naogaon,BNP,Md. Mostafizur Rahman,173864.0
Naogaon 1,Rajshahi,Naogaon,Independent,Md. Saleque Chowdhury,-
Naogaon 2,Rajshahi,Naogaon,Bangladesh Jamaat-e-Islami,Md. Enamul Haque,141526.0
Naogaon 2,Rajshahi,Naogaon,Amar Bangladesh Party (AB Party),Md. Motibul Islam,-
Naogaon 2,Rajshahi,Naogaon,BNP,Md. Shamsuzzoha Khan,134533.0
Naogaon 3,Rajshahi,Naogaon,Bangladesh Nationalist Front - BNF,Abdullah Al Mamun Sykat,-
Naogaon 3,Rajshahi,Naogaon,Bangladesher Samajtantrik Dal (BSD),Kalipada Sarker,-
Naogaon 3,Rajshahi,Naogaon,BNP,Md. Fazle Huda,166889.0
Naogaon 3,Rajshahi,Naogaon,Bangladesh Jamaat-e-Islami,Md. Mahfuzur Rahman,119421.0
Naogaon 3,Rajshahi,Naogaon,Jatiya Party,Md. Masud Rana,-
Naogaon 3,Rajshahi,Naogaon,Independent,Md. Saddam Hossain,-
Naogaon 3,Rajshahi,Naogaon,Islamic Andolon Bangladesh,Nasir bin Asghar,-
Naogaon 3,Rajshahi,Naogaon,Independent,Parvez Arefin Siddiqui,-
Naogaon 4,Rajshahi,Naogaon,Communist Party of Bangladesh,Dr. S. M. Fazlur Rahman,-
Naogaon 4,Rajshahi,Naogaon,BNP,Ekramul Bari Tipu,133924.0
Naogaon 4,Rajshahi,Naogaon,Bangladesh Jamaat-e-Islami,Md. Abdur Rakib,97585.0
Naogaon 4,Rajshahi,Naogaon,Jatiya Party,Md. Altaf Hossain,-
Naogaon 4,Rajshahi,Naogaon,Independent,Mst. Arfana Begum,-
Naogaon 4,Rajshahi,Naogaon,Islamic Andolon Bangladesh,Sohrab Hossain,-
Naogaon 5,Rajshahi,Naogaon,Bangladesh Jamaat-e-Islami,Abu Sadat Md. Sayem,104747.0
Naogaon 5,Rajshahi,Naogaon,Islamic Andolon Bangladesh,Md. Abdur Rahman,-
Naogaon 5,Rajshahi,Naogaon,Jatiya Party,Md. Anwar Hossain,-
Naogaon 5,Rajshahi,Naogaon,BNP,Md. Zahidul Islam Dhulu,129358.0
Naogaon 5,Rajshahi,Naogaon,Communist Party of Bangladesh,Shafiqul Islam,-
Naogaon 6,Rajshahi,Naogaon,Independent,Alamgir Kabir,-
Naogaon 6,Rajshahi,Naogaon,Bangladesher Biplobi Workers Party,Atiqur Rahman Ratan Mollah,-
Naogaon 6,Rajshahi,Naogaon,Bangladesh Jamaat-e-Islami,Md. Khabirul Islam,97629.0
Naogaon 6,Rajshahi,Naogaon,Islamic Andolon Bangladesh,Md. Rafiqul Islam,-
Naogaon 6,Rajshahi,Naogaon,BNP,Sheikh Md. Rezaul Islam,108866.0
Narail 1,Khulna,Narail,Islamic Andolon Bangladesh,Abdul Aziz,-
Narail 1,Khulna,Narail,Independent,B.M. Nagib Hossain,-
Narail 1,Khulna,Narail,BNP,Biswas Jahangir Alam,99975.0
Narail 1,Khulna,Narail,Jatiya Party,Md. Milton Mollah,-
Narail 1,Khulna,Narail,Bangladesh Jamaat-e-Islami,Md. Obaidullah,75225.0
Narail 1,Khulna,Narail,Independent,Md. Ujjal Mollah,-
Narail 1,Khulna,Narail,Independent,SM Sajjad Hossain,-
Narail 1,Khulna,Narail,Independent,Sukesh Saha Anand,-
Narail 2,Khulna,Narail,BNP,A. Z. M. Fariduzzaman,-
Narail 2,Khulna,Narail,Bangladesh Jamaat-e-Islami,Ataur Rahman,118142.0
Narail 2,Khulna,Narail,Jatiya Party,Khandaker Fayequzzaman,-
Narail 2,Khulna,Narail,Independent,Md. Monirul Islam,78457.0
Narail 2,Khulna,Narail,Gono Odhikar Parishad,Md. Noor Islam,-
Narail 2,Khulna,Narail,Bangladesh Sangskritik Muktijote,Md. Shoaib Ali,-
Narail 2,Khulna,Narail,Islamic Andolon Bangladesh,Md. Tajul Islam,-
Narail 2,Khulna,Narail,Independent,Ms. Farida Yasmin,-
Narayanganj 1,Dhaka,Narayanganj,Bangladesh Jamaat-e-Islami,Md. Anwar Hossain Mollah,91690.0
Narayanganj 1,Dhaka,Narayanganj,Islamic Andolon Bangladesh,Md. Imdadullah,-
Narayanganj 1,Dhaka,Narayanganj,Communist Party of Bangladesh,Md. Moniruzzaman Chandan,-
Narayanganj 1,Dhaka,Narayanganj,Insaniat Biplob Bangladesh - Insaniat Biplob,Md. Rehan Afzal,-
Narayanganj 1,Dhaka,Narayanganj,Independent,Mohammad Dulal,-
Narayanganj 1,Dhaka,Narayanganj,BNP,Mostafizur Rahman Bhuiyan,158358.0
Narayanganj 1,Dhaka,Narayanganj,Gono Odhikar Parishad,Wasim Uddin,-
Narayanganj 2,Dhaka,Narayanganj,Islamic Andolon Bangladesh,Maulana Md. Habibullah,-
Narayanganj 2,Dhaka,Narayanganj,Bangladesh Republican Party - BRP,Md. Abu Hanif Hridoy,-
Narayanganj 2,Dhaka,Narayanganj,Independent,Md. Ataur Rahman Khan,-
Narayanganj 2,Dhaka,Narayanganj,Communist Party of Bangladesh,Md. Hafizul Islam,-
Narayanganj 2,Dhaka,Narayanganj,Bangladesh Jamaat-e-Islami,Md. Ilias Mollah,81054.0
Narayanganj 2,Dhaka,Narayanganj,Gono Odhikar Parishad,Md. Kamrul Mia,-
Narayanganj 2,Dhaka,Narayanganj,BNP,Nazrul Islam Azad,124291.0
Narayanganj 3,Dhaka,Narayanganj,Janotar Dol,Abdul Karim Munshi,-
Narayanganj 3,Dhaka,Narayanganj,Ganosamhati Andolon,Anjan Das,-
Narayanganj 3,Dhaka,Narayanganj,Amar Bangladesh Party (AB Party),Ariful Islam,-
Narayanganj 3,Dhaka,Narayanganj,BNP,Azharul Islam Mannan,155400.0
Narayanganj 3,Dhaka,Narayanganj,Islamic Andolon Bangladesh,Golam Moshi,-
Narayanganj 3,Dhaka,Narayanganj,Bangladesh Khelafat Andolon,Md. Atiqur Rahman Nannu Munshi,-
Narayanganj 3,Dhaka,Narayanganj,Bangladesh Jamaat-e-Islami,Md. Iqbal Hossain Bhuiyan,134918.0
Narayanganj 3,Dhaka,Narayanganj,Bangladesh Khilafat Majlis,Md. Shahjahan,-
Narayanganj 3,Dhaka,Narayanganj,Gono Odhikar Parishad,Md. Wahidur Rahman Milky,-
Narayanganj 3,Dhaka,Narayanganj,Independent,Muhammad Ghiyas Uddin,-
Narayanganj 3,Dhaka,Narayanganj,Independent,Professor Md. Rezaul Karim,-
Narayanganj 4,Dhaka,Narayanganj,National Citizens Party - NCP,Abdullah Al Amin,106171.0
Narayanganj 4,Dhaka,Narayanganj,Bangladesh Khilafat Majlis,Anwar Hossain,-
Narayanganj 4,Dhaka,Narayanganj,Communist Party of Bangladesh,Iqbal Hossain,-
Narayanganj 4,Dhaka,Narayanganj,Gono Odhikar Parishad,Md. Arif Bhuiyan,-
Narayanganj 4,Dhaka,Narayanganj,Islamic Andolon Bangladesh,Md. Ismail Hossain Kausar,-
Narayanganj 4,Dhaka,Narayanganj,Jatiya Party,Md. Salauddin Khoka,-
Narayanganj 4,Dhaka,Narayanganj,Bangladesh Supreme Party - BSP,Md. Salim Ahmed,-
Narayanganj 4,Dhaka,Narayanganj,Independent,Md. Shah Alam,-
Narayanganj 4,Dhaka,Narayanganj,Bangladesh Jasod,Md. Sulaiman Dewan,-
Narayanganj 4,Dhaka,Narayanganj,Jamiat Ulama-e-Islam Bangladesh,Monir Hossain,80619.0
Narayanganj 4,Dhaka,Narayanganj,Bangladesh Republican Party - BRP,Muhammad Ali,-
Narayanganj 4,Dhaka,Narayanganj,Independent,Muhammad Ghiyas Uddin,-
Narayanganj 4,Dhaka,Narayanganj,Bangladesher Samajtantrik Dal (BSD),Salim Mahmud,-
Narayanganj 5,Dhaka,Narayanganj,Khilafat Majlis,ABM Sirajul Mamun,101196.0
Narayanganj 5,Dhaka,Narayanganj,Bangladesher Samajtantrik Dal (BSD),Abu Naeem Khan Biplob,-
Narayanganj 5,Dhaka,Narayanganj,BNP,Abul Kalam,114799.0
Narayanganj 5,Dhaka,Narayanganj,Bangladesh Sangskritik Muktijote,H.M. Amjad Hossain Mollah,-
Narayanganj 5,Dhaka,Narayanganj,Islamic Andolon Bangladesh,Mao Md. Masum Billah,-
Narayanganj 5,Dhaka,Narayanganj,Independent,Md. Maksud Hossain,-
Narayanganj 5,Dhaka,Narayanganj,Gono Odhikar Parishad,Md. Nahid Hossain,-
Narayanganj 5,Dhaka,Narayanganj,Communist Party of Bangladesh,Montu Chandra Ghosh,-
Narayanganj 5,Dhaka,Narayanganj,Islamic Front Bangladesh - IFB,Syed Bahadur Shah Mujaddidi,-
Narayanganj 5,Dhaka,Narayanganj,Ganosamhati Andolon,Tariqul Islam,-
Narsingdi 1,Dhaka,Narsingdi,Insaniat Biplob Bangladesh - Insaniat Biplob,Hamidul Haque Parvez,-
Narsingdi 1,Dhaka,Narsingdi,BNP,Khairul Kabir Khokon,161405.0
Narsingdi 1,Dhaka,Narsingdi,Islamic Andolon Bangladesh,Md. Ashraf Hossain Bhuiyan,-
Narsingdi 1,Dhaka,Narsingdi,Bangladesh Jamaat-e-Islami,Md. Ibrahim Bhuiyan,95349.0
Narsingdi 1,Dhaka,Narsingdi,Jatiya Party,Mohammad Mustafa Zaman,-
Narsingdi 1,Dhaka,Narsingdi,Bangladesh Islamic Front,Sakhawat Hossain,-
Narsingdi 1,Dhaka,Narsingdi,Gono Forum,Shahiduzzaman Chowdhury,-
Narsingdi 1,Dhaka,Narsingdi,Gono Odhikar Parishad,Shirin Akhter,-
Narsingdi 2,Dhaka,Narsingdi,Jatiya Party,A. N. M. Rafiqul Alam Selim,-
Narsingdi 2,Dhaka,Narsingdi,Islamic Front Bangladesh - IFB,Asif Iqbal,-
Narsingdi 2,Dhaka,Narsingdi,BNP,Dr. Abdul Moin Khan,92739.0
Narsingdi 2,Dhaka,Narsingdi,Bangladesh Jamaat-e-Islami,Md. Amjad Hossain,55920.0
Narsingdi 2,Dhaka,Narsingdi,National Citizens Party - NCP,Md. Golam Sarwar,-
Narsingdi 2,Dhaka,Narsingdi,Insaniat Biplob Bangladesh - Insaniat Biplob,Muhammad Ibrahim,-
Narsingdi 3,Dhaka,Narsingdi,Jatiya Party,AKM Rezaul Karim,-
Narsingdi 3,Dhaka,Narsingdi,Zaker Party,Abu Sadat Mohammad Sayem Ali Pathan,-
Narsingdi 3,Dhaka,Narsingdi,BNP,Manzoor Elahi,82061.0
Narsingdi 3,Dhaka,Narsingdi,Independent,Md. Ariful Islam Mridha,45682.0
Narsingdi 3,Dhaka,Narsingdi,Bangladesh Jamaat-e-Islami,Md. Mostafizur Rahman,-
Narsingdi 3,Dhaka,Narsingdi,Bangladesh Khilafat Majlis,Md. Rakibul Islam Rakib,-
Narsingdi 3,Dhaka,Narsingdi,Islamic Andolon Bangladesh,Md. Warez Hossain Bhuiyan,-
Narsingdi 3,Dhaka,Narsingdi,Insaniat Biplob Bangladesh - Insaniat Biplob,Raihan Mia,-
Narsingdi 4,Dhaka,Narsingdi,Janotar Dol,Abu Darda Md. Maaz,-
Narsingdi 4,Dhaka,Narsingdi,Communist Party of Bangladesh,Kazi Sajjad Zahir,-
Narsingdi 4,Dhaka,Narsingdi,Bangladesh Congress,Kazi Shariful Islam,-
Narsingdi 4,Dhaka,Narsingdi,Bangladesh Jamaat-e-Islami,Md. Jahangir Alam,78744.0
Narsingdi 4,Dhaka,Narsingdi,Jatiya Party,Md. Kamal Uddin,-
Narsingdi 4,Dhaka,Narsingdi,Islamic Andolon Bangladesh,Md. Saifullah,-
Narsingdi 4,Dhaka,Narsingdi,Bangladesh Khilafat Majlis,Mohammad Nasir Uddin,-
Narsingdi 4,Dhaka,Narsingdi,Insaniat Biplob Bangladesh - Insaniat Biplob,Muhammad Milan Mia,-
Narsingdi 4,Dhaka,Narsingdi,BNP,Sardar Md. Sakhawat Hossain,163392.0
Narsingdi 5,Dhaka,Narsingdi,Islamic Andolon Bangladesh,Badruzzaman Ujjal,-
Narsingdi 5,Dhaka,Narsingdi,Bangladesh Islamic Front,Mashiur Rahman,-
Narsingdi 5,Dhaka,Narsingdi,BNP,Md. Ashraf Uddin,137690.0
Narsingdi 5,Dhaka,Narsingdi,Independent,Md. Jamal Ahmed Chowdhury,-
Narsingdi 5,Dhaka,Narsingdi,Independent,Md. Solaiman Khandaker,-
Narsingdi 5,Dhaka,Narsingdi,Jatiya Party,Mehrun Nesa Khan Hena,-
Narsingdi 5,Dhaka,Narsingdi,Independent,Muhammad Panir Hossain,-
Narsingdi 5,Dhaka,Narsingdi,Insaniat Biplob Bangladesh - Insaniat Biplob,Tahmina Akhter,-
Narsingdi 5,Dhaka,Narsingdi,Bangladesh Khilafat Majlis,Tajul Islam,44981.0
Narsingdi 5,Dhaka,Narsingdi,Independent,Taufiqur Rahman,-
Natore 1,Rajshahi,Natore,BNP,Farzana Sharmin,102726.0
Natore 1,Rajshahi,Natore,Islamic Andolon Bangladesh,Md. Abdullahil Baki,-
Natore 1,Rajshahi,Natore,Bangladesh Jamaat-e-Islami,Md. Abul Kalam Azad,90568.0
Natore 1,Rajshahi,Natore,Bangladesher Biplobi Workers Party,Md. Ansar Ali,-
Natore 1,Rajshahi,Natore,Gono Odhikar Parishad,Md. Mehedi Hasan,-
Natore 1,Rajshahi,Natore,Independent,Md. Moazzem Hossain,-
Natore 1,Rajshahi,Natore,Ganosamhati Andolon,Md. Sentu Ali,-
Natore 1,Rajshahi,Natore,Independent,Md. Taiful Islam Tipu,73173.0
Natore 1,Rajshahi,Natore,Independent,Mohammad Yasir Arshad,-
Natore 2,Rajshahi,Natore,Independent,Dr. Md. Noorannabi Mridha,621.0
Natore 2,Rajshahi,Natore,BNP,M. Ruhul Quddus Talukder Dulu,162841.0
Natore 2,Rajshahi,Natore,Jatiya Party,Md. Kabir Uddin (Kamal),2587.0
Natore 2,Rajshahi,Natore,Bangladesh Jamaat-e-Islami,Md. Yunus Ali,130066.0
Natore 2,Rajshahi,Natore,Islamic Andolon Bangladesh,Mohammad Ali Siddiqui,2757.0
Natore 2,Rajshahi,Natore,Ganosamhati Andolon,Tahamida Islam Tania,464.0
Natore 3,Rajshahi,Natore,BNP,Md. Anwarul Islam,119768.0
Natore 3,Rajshahi,Natore,Jatiya Party,Md. Ashiq Iqbal,2119.0
Natore 3,Rajshahi,Natore,Independent,Md. Daudar Mahmud,66492.0
Natore 3,Rajshahi,Natore,Islamic Andolon Bangladesh,Md. Khalilur Rahman,19105.0
Natore 3,Rajshahi,Natore,National Citizens Party - NCP,S. M. Zarzis Kadir,20707.0
Natore 4,Rajshahi,Natore,Jatiya Party,M Yusuf Ahmed,2799.0
Natore 4,Rajshahi,Natore,Amar Bangladesh Party (AB Party),MD. MOKSEDUL MOMIN,259.0
Natore 4,Rajshahi,Natore,BNP,Md. Abdul Aziz,170551.0
Natore 4,Rajshahi,Natore,Bangladesh Jamaat-e-Islami,Md. Abdul Hakim,135386.0
Natore 4,Rajshahi,Natore,Islamic Andolon Bangladesh,Md. Emdadullah,3845.0
Netrakona 1,Mymensingh,Netrakona,BNP,Barrister Kaiser Kamal,158343.0
Netrakona 1,Mymensingh,Netrakona,Bangladesh Khilafat Majlis,Ghulam Rabbani,87488.0
Netrakona 1,Mymensingh,Netrakona,Islamic Andolon Bangladesh,Md. A. Mannan (Sohag),-
Netrakona 1,Mymensingh,Netrakona,Communist Party of Bangladesh,Md. Alkas Uddin Mir,-
Netrakona 1,Mymensingh,Netrakona,Jatiya Party,Md. Anwar Hossain Khan,-
Netrakona 1,Mymensingh,Netrakona,Jatiya Samajtantrik Dal (JSD Rab),Md. Belal Hossain,-
Netrakona 2,Mymensingh,Netrakona,Jatiya Party,A. B. M. Rafiqul Haque Talukder,-
Netrakona 2,Mymensingh,Netrakona,Islamic Andolon Bangladesh,Abdul Qayyum,-
Netrakona 2,Mymensingh,Netrakona,Bangladesh Khelafat Andolon,Abdur Rahim,-
Netrakona 2,Mymensingh,Netrakona,BNP,Md. Anwarul Haque,171399.0
Netrakona 2,Mymensingh,Netrakona,National Citizens Party - NCP,Md. Fahim Rahman Khan Pathan,67367.0
Netrakona 3,Mymensingh,Netrakona,Jatiya Party,Abul Hossain Talukder,-
Netrakona 3,Mymensingh,Netrakona,Independent,Md. Delwar Hossain Bhuiyan,68961.0
Netrakona 3,Mymensingh,Netrakona,Bangladesh Jamaat-e-Islami,Md. Khairul Kabir Niyogi,-
Netrakona 3,Mymensingh,Netrakona,Islamic Front Bangladesh - IFB,Md. Shamsuddoha,-
Netrakona 3,Mymensingh,Netrakona,Islamic Andolon Bangladesh,Md. Zakir Hossain,-
Netrakona 3,Mymensingh,Netrakona,BNP,Rafiqul Islam Hilali,118469.0
Netrakona 4,Mymensingh,Netrakona,Bangladesher Biplobi Workers Party,Champa Rani Sarker,-
Netrakona 4,Mymensingh,Netrakona,Communist Party of Bangladesh,Jolly Talukder,-
Netrakona 4,Mymensingh,Netrakona,Bangladesh Jamaat-e-Islami,Md. Al-Helal,39840.0
Netrakona 4,Mymensingh,Netrakona,BNP,Md. Lutfuzzaman Babar,160801.0
Netrakona 4,Mymensingh,Netrakona,Islamic Andolon Bangladesh,Md. Mukhlesur Rahman,-
Netrakona 5,Mymensingh,Netrakona,Bangladesh Jamaat-e-Islami,Masum Mustafa,82177.0
Netrakona 5,Mymensingh,Netrakona,Islamic Andolon Bangladesh,Md. Nurul Islam,-
Nilphamari 1,Rangpur,Nilphamari,Bangladesh Nap,Jebel Rahman Ghaani,-
Nilphamari 1,Rangpur,Nilphamari,Jamiat Ulama-e-Islam Bangladesh,Maolana Md. Monjurul Islam,118160.0
Nilphamari 1,Rangpur,Nilphamari,Islamic Andolon Bangladesh,Md. Abdul Jolil,-
Nilphamari 1,Rangpur,Nilphamari,Bangladesh Jamaat-e-Islami,Md. Abdus Sattar,149224.0
Nilphamari 1,Rangpur,Nilphamari,Jatiya Party,Md. Mokhdum Azam Mushrafe,-
Nilphamari 1,Rangpur,Nilphamari,Bangladesher Samajtantrik Dal (Marxist),Md. Rafiqul Islam,-
Nilphamari 1,Rangpur,Nilphamari,Bangladesh Nationalist Front - BNF,Md. Sirajul Islam,-
Nilphamari 1,Rangpur,Nilphamari,Jatiya Party,Md. Taslim Uddin,-
Nilphamari 2,Rangpur,Nilphamari,Bangladesh Jamaat-e-Islami,Al Faruq Abdul Latif,145202.0
Nilphamari 2,Rangpur,Nilphamari,Islamic Andolon Bangladesh,Hasibul Islam,-
Nilphamari 2,Rangpur,Nilphamari,Independent,Md. Minhajul Islam Minhaj,-
Nilphamari 2,Rangpur,Nilphamari,Khilafat Majlis,Md. Sarwarul Alam,-
Nilphamari 2,Rangpur,Nilphamari,Bangladesh Nationalist Front - BNF,Md. Shirajul Islam,-
Nilphamari 2,Rangpur,Nilphamari,BNP,Shahrin Islam,134579.0
Nilphamari 3,Rangpur,Nilphamari,BNP,Alhaj Syed Ali,89102.0
Nilphamari 3,Rangpur,Nilphamari,Islamic Andolon Bangladesh,Md. Amjad Hossain (Sarker),-
Nilphamari 3,Rangpur,Nilphamari,Bangladesh National Party - BJP,Md. Rohan Chowdhury,-
Nilphamari 3,Rangpur,Nilphamari,Bangladesh Jamaat-e-Islami,Obaidullah Salafi,108560.0
Nilphamari 4,Rangpur,Nilphamari,Bangladesh Jamaat-e-Islami,Abdul Muntakim,124865.0
Nilphamari 4,Rangpur,Nilphamari,Independent,Jobaidur Rahman (Hira),-
Nilphamari 4,Rangpur,Nilphamari,BNP,Md. Abdul Gafur Sarker,81526.0
Nilphamari 4,Rangpur,Nilphamari,Bangladesher Samajtantrik Dal (Marxist),Md. Maidul Islam,-
Nilphamari 4,Rangpur,Nilphamari,Independent,Md. Riyad Arfan Sarkar,-
Nilphamari 4,Rangpur,Nilphamari,Islamic Andolon Bangladesh,Md. Shahidul Islam,-
Nilphamari 4,Rangpur,Nilphamari,Jatiya Party,Md. Siddiqul Alam,-
Nilphamari 4,Rangpur,Nilphamari,Bangladesh National Party - BJP,Mirza Md. Shawkat Akhbar Rawshan,-
Nilphamari 4,Rangpur,Nilphamari,Independent,S. M. Mamunur Rashid,-
Noakhali 1,Chattogram,Noakhali,BNP,A. M. Mahbub Uddin,126833.0
Noakhali 1,Chattogram,Noakhali,Bangladesh Congress,Md. Mominul Islam,-
Noakhali 1,Chattogram,Noakhali,Insaniat Biplob Bangladesh - Insaniat Biplob,Md. Moshiur Rahman,-
Noakhali 1,Chattogram,Noakhali,Jatiya Party,Md. Nurul Amin,-
Noakhali 1,Chattogram,Noakhali,Bangladesh Jamaat-e-Islami,Md. Saif Ullah,98036.0
Noakhali 1,Chattogram,Noakhali,Jatiya Samajtantrik Dal (JSD Rab),Rehana Begum,-
Noakhali 1,Chattogram,Noakhali,Islamic Andolon Bangladesh,Zahirul Islam,-
Noakhali 2,Chattogram,Noakhali,Independent,Kazi Mohammad Mofizur Rahman,-
Noakhali 2,Chattogram,Noakhali,Islamic Andolon Bangladesh,Khalilur Rahman,-
Noakhali 2,Chattogram,Noakhali,Jatiya Party,Md. Shahadat Hossain,-
Noakhali 2,Chattogram,Noakhali,National Citizens Party - NCP,Sultan Muhammad Zakaria Majumder,67054.0
Noakhali 2,Chattogram,Noakhali,BNP,Zainul Abdin Farooq,83982.0
Noakhali 3,Chattogram,Noakhali,BNP,Md. Barkat Ullah Bulu,141031.0
Noakhali 3,Chattogram,Noakhali,Bangladesh Jamaat-e-Islami,Md. Borhan Uddin,123941.0
Noakhali 3,Chattogram,Noakhali,Independent,Md. Rajib Uddaula Chowdhury,-
Noakhali 3,Chattogram,Noakhali,Jatiya Samajtantrik Dal (JSD Rab),Md. Siraj Mia,-
Noakhali 3,Chattogram,Noakhali,Islamic Andolon Bangladesh,Mohammad Nur Uddin,-
Noakhali 3,Chattogram,Noakhali,Khilafat Majlis,Morshed Alam,-
Noakhali 3,Chattogram,Noakhali,Independent,Sharif Ahmed,-
Noakhali 4,Chattogram,Noakhali,Gono Odhikar Parishad,Abduz Zaher,-
Noakhali 4,Chattogram,Noakhali,Bangladesher Samajtantrik Dal (Marxist),Bitul Chandra Talukder,-
Noakhali 4,Chattogram,Noakhali,Islamic Andolon Bangladesh,Md. Firoz Alam Masud,-
Noakhali 4,Chattogram,Noakhali,Bangladesh Jamaat-e-Islami,Md. Ishaq Khandaker,148989.0
Noakhali 4,Chattogram,Noakhali,BNP,Md. Shahjahan,219182.0
Noakhali 4,Chattogram,Noakhali,Jatiya Party,Md. Shariful Islam,-
Noakhali 4,Chattogram,Noakhali,Insaniat Biplob Bangladesh - Insaniat Biplob,Muhammad Yunus Nabi,-
Noakhali 5,Chattogram,Noakhali,Islamic Andolon Bangladesh,Abu Nasser,-
Noakhali 5,Chattogram,Noakhali,Jatiya Party,Khwaja Tanvir Ahmed,-
Noakhali 5,Chattogram,Noakhali,Jatiya Samajtantrik Dal (JSD Rab),Md. Kamal Uddin Patwari,-
Noakhali 5,Chattogram,Noakhali,Janatar Dal,Md. Shawkat Hossain,-
Noakhali 5,Chattogram,Noakhali,Bangladesh Republican Party - BRP,Mohammad Anisul Haque,-
Noakhali 5,Chattogram,Noakhali,Bangladesh Jamaat-e-Islami,Mohammad Belayet Hossain,120453.0
Noakhali 5,Chattogram,Noakhali,BNP,Mohammad Fakhrul Islam,147808.0
Noakhali 5,Chattogram,Noakhali,Islamic Front Bangladesh - IFB,Mohammad Shamsuddoha,-
Noakhali 5,Chattogram,Noakhali,Bangladesher Samajtantrik Dal (Marxist),Moon Tahar Begum,-
Noakhali 5,Chattogram,Noakhali,Independent,Muhammad Yunus,-
Noakhali 5,Chattogram,Noakhali,Independent,Omar Ali,-
Noakhali 5,Chattogram,Noakhali,Insaniat Biplob Bangladesh - Insaniat Biplob,Touhidul Islam,-
Noakhali 6,Chattogram,Noakhali,Jatiya Party,A. T. M. Nabi Ullah,-
Noakhali 6,Chattogram,Noakhali,National Citizens Party - NCP,Abdul Hannan Masood,91899.0
Noakhali 6,Chattogram,Noakhali,Bangladesh Supreme Party - BSP,Amirul Islam Mohammad Abdul Malek,-
Noakhali 6,Chattogram,Noakhali,BNP,Md. Mahbuber Rahman,64021.0
Noakhali 6,Chattogram,Noakhali,Jatiya Samajtantrik Dal (JSD Rab),Mohammad Abdul Motaleb,-
Noakhali 6,Chattogram,Noakhali,Liberal Democratic Party - LDP,Mohammad Abul Hossain,-
Noakhali 6,Chattogram,Noakhali,Gono Odhikar Parishad,Mohammad Azhar Uddin,-
Noakhali 6,Chattogram,Noakhali,Independent,Mohammad Fazlul Azim,-
Noakhali 6,Chattogram,Noakhali,Islamic Andolon Bangladesh,Mohammad Nurul Islam Sharif,-
Noakhali 6,Chattogram,Noakhali,Independent,Tanbir Uddin Rajib,-
Pabna 1,Rajshahi,Pabna,Islamic Andolon Bangladesh,Md. Abdul Ghani,-
Pabna 1,Rajshahi,Pabna,BNP,Md. Shamsur Rahman,104245.0
Pabna 1,Rajshahi,Pabna,Independent,Md. Tajul Islam,-
Pabna 1,Rajshahi,Pabna,Bangladesh Jamaat-e-Islami,Mohammad Nojibur Rahman,129974.0
Pabna 2,Rajshahi,Pabna,BNP,A. K. M. Selim Reza Habib,215406.0
Pabna 2,Rajshahi,Pabna,Islamic Andolon Bangladesh,Md. Afzal Hossain Khan Qashemi,-
Pabna 2,Rajshahi,Pabna,Bangladesh Jamaat-e-Islami,Md. Hesab Uddin,77242.0
Pabna 2,Rajshahi,Pabna,Jatiya Party,Md. Mehedi Hasan Rubel,-
Pabna 2,Rajshahi,Pabna,Gono Forum,Md. Nasir Uddin,-
Pabna 3,Rajshahi,Pabna,Independent,K. M. Anwarul Islam,-
Pabna 3,Rajshahi,Pabna,Islamic Andolon Bangladesh,Md. Abdul Khalek,-
Pabna 3,Rajshahi,Pabna,BNP,Md. Hasan Zafir Tuhin,144206.0
Pabna 3,Rajshahi,Pabna,Gono Odhikar Parishad,Md. Hasanul Islam,-
Pabna 3,Rajshahi,Pabna,Bangladesh Supreme Party - BSP,Md. Mahbubur Rahman Joy Chowdhury,-
Pabna 3,Rajshahi,Pabna,Jatiya Party,Mir Nadir Mohammad Dablu,-
Pabna 3,Rajshahi,Pabna,Bangladesh Jamaat-e-Islami,Muhammad Ali Asghar,147465.0
Pabna 3,Rajshahi,Pabna,Gono Forum,Sarkar Asha Parvez,-
Pabna 4,Rajshahi,Pabna,Bangladesh Jamaat-e-Islami,Md. Abu Taleb Mandal,137675.0
Pabna 4,Rajshahi,Pabna,Islamic Andolon Bangladesh,Md. Anwar Shah,-
Pabna 4,Rajshahi,Pabna,BNP,Md. Habibur Rahman (Habib),133874.0
Pabna 4,Rajshahi,Pabna,Jatiya Party,Md. Saiful Azad Mallick,-
Pabna 4,Rajshahi,Pabna,Communist Party of Bangladesh,Md. Sohag Hossain,-
Pabna 4,Rajshahi,Pabna,Independent,Md. Zakaria Pintu,-
Pabna 4,Rajshahi,Pabna,Nagorik Oikko,Shahnaz Haque,-
Pabna 5,Rajshahi,Pabna,Amar Bangladesh Party (AB Party),Md. Abdul Majid Mollah,-
Pabna 5,Rajshahi,Pabna,Bangladesh Jamaat-e-Islami,Md. Iqbal Hossain,164994.0
Pabna 5,Rajshahi,Pabna,Islamic Andolon Bangladesh,Md. Nazmul Hossain,-
Pabna 5,Rajshahi,Pabna,BNP,Md. Shamsur Rahman Shimul Biswas,181925.0
Panchagarh 1,Rangpur,Panchagarh,BNP,Barrister Muhammad Nawshad Zamir,176169.0
Panchagarh 1,Rangpur,Panchagarh,Bangladesh Supreme Party - BSP,Md. Abdul Weadud,-
Panchagarh 1,Rangpur,Panchagarh,Bangladesh Labor Party,Md. Ferdaus Alam,-
Panchagarh 1,Rangpur,Panchagarh,Gono Odhikar Parishad,Md. Mahafuzar Rahaman,-
Panchagarh 1,Rangpur,Panchagarh,National Citizens Party - NCP,Md. Sarjis Alam,168049.0
Panchagarh 1,Rangpur,Panchagarh,Bangladesh Nationalist Front - BNF,Md. Shirajul Islam,-
Panchagarh 1,Rangpur,Panchagarh,Bangladesh Jasod,Nazmul Haque Prodhan,-
Panchagarh 2,Rangpur,Panchagarh,BNP,Farhad Hossain Azad,174650.0
Panchagarh 2,Rangpur,Panchagarh,Independent,Mahmud Hossan Sumon,-
Panchagarh 2,Rangpur,Panchagarh,Communist Party of Bangladesh,Md. Ashraful Alam,-
Panchagarh 2,Rangpur,Panchagarh,Bangladesh Supreme Party - BSP,Md. Delowar Hossan,-
Panchagarh 2,Rangpur,Panchagarh,Bangladesh Jasod,Md. Emran Al Amin,-
Panchagarh 2,Rangpur,Panchagarh,Islamic Andolon Bangladesh,Md. Kamrul Hasan Prodhan,-
Panchagarh 2,Rangpur,Panchagarh,Jatiya Party,Md. Lutfar Rahman Ripon,-
Panchagarh 2,Rangpur,Panchagarh,Bangladesh Jamaat-e-Islami,Md. Shafiul Alam,128862.0
Patuakhali 1,Barisal,Patuakhali,Jatiya Party,A. Mannan Howlader,1055.0
Patuakhali 1,Barisal,Patuakhali,BNP,Altaf Hossain Chowdhury,152087.0
Patuakhali 1,Barisal,Patuakhali,Bangladesh Jasod,Gautam Chandra Shil,1334.0
Patuakhali 1,Barisal,Patuakhali,Islamic Andolon Bangladesh,Md. Firoz Alam,58161.0
Patuakhali 1,Barisal,Patuakhali,Gono Odhikar Parishad,Md. Shahidul Islam Fahim,347.0
Patuakhali 1,Barisal,Patuakhali,Amar Bangladesh Party (AB Party),Mohammad Abdul Wahab,46310.0
Patuakhali 2,Barisal,Patuakhali,Islamic Andolon Bangladesh,Malek Hossain,14418.0
Patuakhali 2,Barisal,Patuakhali,Gono Odhikar Parishad,Md. Habibur Rahman,353.0
Patuakhali 2,Barisal,Patuakhali,Amar Bangladesh Party (AB Party),Md. Ruhul Amin,410.0
Patuakhali 2,Barisal,Patuakhali,Bangladesh Jamaat-e-Islami,Md. Shafiqul Islam,100750.0
Patuakhali 2,Barisal,Patuakhali,BNP,Md. Shahidul Alam Talukder,72676.0
Patuakhali 3,Barisal,Patuakhali,Independent,Md. Hasan Mamun,81361.0
Patuakhali 3,Barisal,Patuakhali,Gono Odhikar Parishad,Md. Nurul Haque,97323.0
Patuakhali 3,Barisal,Patuakhali,Islamic Andolon Bangladesh,Muhammad Abu Bakr Siddiqui,38188.0
Patuakhali 3,Barisal,Patuakhali,Bangladesh Jamaat-e-Islami,Muhammad Shah Alam,16255.0
Patuakhali 4,Barisal,Patuakhali,BNP,ABM Mosharraf Hossain,124013.0
Patuakhali 4,Barisal,Patuakhali,Bangladesh Khilafat Majlis,Dr. Zahir Uddin Ahmed,14985.0
Patuakhali 4,Barisal,Patuakhali,Gono Odhikar Parishad,Md. Rabiul Hossain,202.0
Patuakhali 4,Barisal,Patuakhali,Islamic Andolon Bangladesh,Mostafizur Rahman,70127.0
Pirojpur 1,Barisal,Pirojpur,BNP,Alamgir Hossain,107105.0
Pirojpur 1,Barisal,Pirojpur,Bangladesh Jamaat-e-Islami,Masud Sayeedi,132659.0
Pirojpur 2,Barisal,Pirojpur,BNP,Ahmed Sohel Monjur,105185.0
Pirojpur 2,Barisal,Pirojpur,Amar Bangladesh Party (AB Party),Faisal Khan,390.0
Pirojpur 2,Barisal,Pirojpur,Independent,Mahmud Hossain,16219.0
Pirojpur 2,Barisal,Pirojpur,Islamic Andolon Bangladesh,Md. Abul Kalam Azad,6697.0
Pirojpur 2,Barisal,Pirojpur,Jatiya Party,Md. Mahibul Hossain,4705.0
Pirojpur 2,Barisal,Pirojpur,Bangladesh Jamaat-e-Islami,Shamim Sayeedi,96897.0
Pirojpur 3,Barisal,Pirojpur,Bangladesh Jasod,Karim Sikder,-
Pirojpur 3,Barisal,Pirojpur,Jatiya Party,Md. Mashrequl Azam (Rabi),-
Pirojpur 3,Barisal,Pirojpur,BNP,Md. Ruhul Amin Dulal,63791.0
Pirojpur 3,Barisal,Pirojpur,Islamic Andolon Bangladesh,Md. Rustom Ali Faraji,35968.0
Pirojpur 3,Barisal,Pirojpur,National Citizens Party - NCP,Md. Shamim Hamidi,36616.0
Pirojpur 3,Barisal,Pirojpur,Independent,Touhiduzzaman,-
Rajbari 1,Dhaka,Rajbari,BNP,Ali Nawaz Mahmud Khayum,154541.0
Rajbari 1,Dhaka,Rajbari,Jatiya Party,Khondaker Habibur Rahman,-
Rajbari 1,Dhaka,Rajbari,Bangladesh Jamaat-e-Islami,Md. Nurul Islam,101092.0
Rajbari 1,Dhaka,Rajbari,Zaker Party,Mohammad Ali Biswas,-
Rajbari 2,Dhaka,Rajbari,National Citizens Party - NCP,Jamil Hijazi,67299.0
Rajbari 2,Dhaka,Rajbari,Khilafat Majlis,Kazi Minhajul Alam,-
Rajbari 2,Dhaka,Rajbari,Bangladesh Sangskritik Muktijote,Md. Abdul Malek Mondal,-
Rajbari 2,Dhaka,Rajbari,BNP,Md. Harun-ur-Rashid,237254.0
Rajbari 2,Dhaka,Rajbari,Independent,Md. Nasirul Haque Sabu,-
Rajbari 2,Dhaka,Rajbari,Jatiya Party,Md. Shafiul Azam Khan,-
Rajbari 2,Dhaka,Rajbari,Islamic Andolon Bangladesh,Mohd. Abdul Malek,-
Rajbari 2,Dhaka,Rajbari,Independent,Sohel Molla,-
Rajbari 2,Dhaka,Rajbari,Gono Odhikar Parishad,Zahid Sheikh,-
Rajshahi 1,Rajshahi,Rajshahi,Amar Bangladesh Party (AB Party),Md. Abdur Rahman,-
Rajshahi 1,Rajshahi,Rajshahi,Independent,Md. Al-Saad,-
Rajshahi 1,Rajshahi,Rajshahi,Bangladesh Jamaat-e-Islami,Md. Mujibur Rahman,171786.0
Rajshahi 1,Rajshahi,Rajshahi,BNP,Md. Sharif Uddin,169902.0
Rajshahi 1,Rajshahi,Rajshahi,Gono Odhikar Parishad,Mir Md. Shahjahan,-
Rajshahi 2,Rajshahi,Rajshahi,Bangladesh Labor Party,Md. Mejbaul Islam,-
Rajshahi 2,Rajshahi,Rajshahi,BNP,Md. Mizanur Rahman,188546.0
Rajshahi 2,Rajshahi,Rajshahi,Amar Bangladesh Party (AB Party),Md. Saeed Noman,-
Rajshahi 2,Rajshahi,Rajshahi,Bangladesh Jamaat-e-Islami,Mohammad Jahangir,100370.0
Rajshahi 2,Rajshahi,Rajshahi,Nagorik Oikko,Mohammad Shamsul Alam,-
Rajshahi 2,Rajshahi,Rajshahi,Independent,Saleh Ahmed,-
Rajshahi 3,Rajshahi,Rajshahi,Bangladesh Jamaat-e-Islami,Md. Abul Kalam Azad,137927.0
Rajshahi 3,Rajshahi,Rajshahi,Jatiya Party,Md. Afzal Hossain,-
Rajshahi 3,Rajshahi,Rajshahi,Islamic Andolon Bangladesh,Md. Fazlur Rahman,-
Rajshahi 3,Rajshahi,Rajshahi,Amjanatar Dal,Md. Saeed Parvez,-
Rajshahi 3,Rajshahi,Rajshahi,BNP,Mohammad Shafiqul Haque Milon,176318.0
Rajshahi 4,Rajshahi,Rajshahi,BNP,D. M. D. Ziaur Rahman,109461.0
Rajshahi 4,Rajshahi,Rajshahi,Bangladesh Jamaat-e-Islami,Md. Abdul Bari Sarkar,115226.0
Rajshahi 4,Rajshahi,Rajshahi,Islamic Andolon Bangladesh,Md. Tajul Islam Khan,-
Rajshahi 5,Rajshahi,Rajshahi,Bangladesh Jamaat-e-Islami,Manjur Rahman,73445.0
Rajshahi 5,Rajshahi,Rajshahi,Bangladesh Supreme Party - BSP,Md. Altaf Hossain Mollah,-
Rajshahi 5,Rajshahi,Rajshahi,Independent,Md. Isfa Khairul Haque,-
Rajshahi 5,Rajshahi,Rajshahi,Independent,Md. Raihan Kawsar,-
Rajshahi 5,Rajshahi,Rajshahi,Islamic Andolon Bangladesh,Md. Ruhul Amin,-
Rajshahi 5,Rajshahi,Rajshahi,BNP,Professor Nazrul Islam,153425.0
Rajshahi 5,Rajshahi,Rajshahi,Independent,Rezaul Karim,-
Rajshahi 6,Rajshahi,Rajshahi,Islamic Andolon Bangladesh,Md. Abdus Salam Suraj,-
Rajshahi 6,Rajshahi,Rajshahi,BNP,Md. Abu Sayed Chad,147672.0
Rajshahi 6,Rajshahi,Rajshahi,Jatiya Party,Md. Iqbal Hossain,-
Rajshahi 6,Rajshahi,Rajshahi,Bangladesh Jamaat-e-Islami,Md. Nazmul Haque,92965.0
Rangamati 1,Chattogram,Rangamati,Jatiya Party,Ashok Talukder,2974.0
Rangamati 1,Chattogram,Rangamati,BNP,Dipen Dewan,201544.0
Rangamati 1,Chattogram,Rangamati,Bangladesher Biplobi Workers Party,Jui Chakma,1071.0
Rangamati 1,Chattogram,Rangamati,Gono Odhikar Parishad,Md. Abul Bashar (Badhsha),449.0
Rangamati 1,Chattogram,Rangamati,Islamic Andolon Bangladesh,Md. Jasim Uddin,3672.0
Rangamati 1,Chattogram,Rangamati,Bangladesh Khilafat Majlis,Muhammad Abu Bakr Siddique,22715.0
Rangamati 1,Chattogram,Rangamati,Independent,Pahel Chakma,31222.0
Rangpur 1,Rangpur,Rangpur,Islamic Andolon Bangladesh,ATM Golam Mustafa,-
Rangpur 1,Rangpur,Rangpur,Bangladesher Samajtantrik Dal (Marxist),Ahsanul Arefin,-
Rangpur 1,Rangpur,Rangpur,Islamic Front Bangladesh - IFB,Md. Anas,-
Rangpur 1,Rangpur,Rangpur,BNP,Md. Mokarram Hossain Sujan,69407.0
Rangpur 1,Rangpur,Rangpur,Jatiya Party,Md. Monjum Ali,-
Rangpur 1,Rangpur,Rangpur,Bangladesh Jamaat-e-Islami,Md. Raihan Siraji,145088.0
Rangpur 2,Rangpur,Rangpur,Bangladesh Jamaat-e-Islami,ATM Azharul Islam,43076.0
Rangpur 2,Rangpur,Rangpur,Jatiya Party,Anisul Islam Mandal,-
Rangpur 2,Rangpur,Rangpur,Islamic Andolon Bangladesh,Md. Ashraf Ali,-
Rangpur 2,Rangpur,Rangpur,Jatiya Samajtantrik Dal (JSD Rab),Md. Azizur Rahman,-
Rangpur 2,Rangpur,Rangpur,BNP,Mohammad Ali Sarkar,22100.0
Rangpur 3,Rangpur,Rangpur,Jatiya Party,Ghulam Mohammad Quader,-
Rangpur 3,Rangpur,Rangpur,Bangladesher Samajtantrik Dal (BSD),Md. Abdul Quddus,-
Rangpur 3,Rangpur,Rangpur,Islamic Andolon Bangladesh,Md. Amiruzzaman,-
Rangpur 3,Rangpur,Rangpur,Bangladesher Samajtantrik Dal (Marxist),Md. Anwar Hossain Bablu,-
Rangpur 3,Rangpur,Rangpur,Bangladesh Jamaat-e-Islami,Md. Mahbubur Rahman (Belal),175827.0
Rangpur 3,Rangpur,Rangpur,BNP,Md. Shamsuzzaman Samu,84578.0
Rangpur 3,Rangpur,Rangpur,Independent,Ms. Anwara Islam Rani,-
Rangpur 3,Rangpur,Rangpur,Independent,Rita Rahman,-
Rangpur 4,Rangpur,Rangpur,Jatiya Party,Abu Naser Shah Md. Mahbubar Rahman,-
Rangpur 4,Rangpur,Rangpur,Bangladesh Khilafat Majlis,Abu Sahma,-
Rangpur 4,Rangpur,Rangpur,National Citizens Party - NCP,Akhtar Hossain,147947.0
Rangpur 4,Rangpur,Rangpur,Independent,Md. Shah Alam Basar,-
Rangpur 4,Rangpur,Rangpur,Islamic Andolon Bangladesh,Md. Zahid Hossain,-
Rangpur 4,Rangpur,Rangpur,BNP,Mohammad Emdadul Haque Bhorsa,139616.0
Rangpur 4,Rangpur,Rangpur,Bangladesher Samajtantrik Dal (Marxist),Pragati Barman Tama,-
Rangpur 4,Rangpur,Rangpur,Bangladesh Congress,Ujjal Chandra Roy,-
Rangpur 5,Rangpur,Rangpur,Independent,Khandaker Mukit Al Mahmud,-
Rangpur 5,Rangpur,Rangpur,Amar Bangladesh Party (AB Party),Md. Abdul Bashet,-
Rangpur 5,Rangpur,Rangpur,Communist Party of Bangladesh,Md. Abu Helal,-
Rangpur 5,Rangpur,Rangpur,Bangladesher Samajtantrik Dal (Marxist),Md. Babul Akhter,-
Rangpur 5,Rangpur,Rangpur,Bangladesh Jamaat-e-Islami,Md. Golam Rabbani,175208.0
Rangpur 5,Rangpur,Rangpur,BNP,Md. Golam Rabbani,114141.0
Rangpur 5,Rangpur,Rangpur,Islamic Andolon Bangladesh,Md. Golzar Hossain,-
Rangpur 5,Rangpur,Rangpur,Nagorik Oikko,Mofakhkharul Islam Nawab,-
Rangpur 5,Rangpur,Rangpur,Jatiya Party,SM Fakhar Uz Zaman,-
Rangpur 6,Rangpur,Rangpur,Independent,Abu Jafar Md. Zahid,-
Rangpur 6,Rangpur,Rangpur,Independent,Khandaker Shahidul Islam,-
Rangpur 6,Rangpur,Rangpur,Jatiya Party,Md. Noor Alam Mia,-
Rangpur 6,Rangpur,Rangpur,Bangladesh Jamaat-e-Islami,Md. Nurul Amin,118890.0
Rangpur 6,Rangpur,Rangpur,Amar Bangladesh Party (AB Party),Md. Sadequl Islam,-
Rangpur 6,Rangpur,Rangpur,BNP,Md. Saiful Islam,116919.0
Rangpur 6,Rangpur,Rangpur,Islamic Andolon Bangladesh,Sultan Mahmud,-
Rangpur 6,Rangpur,Rangpur,Independent,Takia Jahan Chowdhury,-
Satkhira 1,Khulna,Satkhira,Jatiya Party,Md. Habibul Islam Habib,169995.0
Satkhira 1,Khulna,Satkhira,Bangladesh Jamaat-e-Islami,Md. Izzat Ullah,193772.0
Satkhira 1,Khulna,Satkhira,Bangladesh Congress,Md. Yarul Islam,-
Satkhira 1,Khulna,Satkhira,Islamic Andolon Bangladesh,Sheikh Md. Rezaul Karim,-
Satkhira 1,Khulna,Satkhira,Jatiya Party,Ziaur Rahman,-
Satkhira 2,Khulna,Satkhira,BNP,Md. Abdur Rouf,116293.0
Satkhira 2,Khulna,Satkhira,Jatiya Party,Md. Ashrafuzzaman,-
Satkhira 2,Khulna,Satkhira,Bangladesh Jasod,Md. Idris Ali,-
Satkhira 2,Khulna,Satkhira,Islamic Andolon Bangladesh,Mufti Rabiul Islam,-
Satkhira 2,Khulna,Satkhira,Bangladesh Jamaat-e-Islami,Muhammad Abdul Khaliq,266959.0
Satkhira 3,Khulna,Satkhira,Bangladesh Jamaat-e-Islami,Hafez Muhaj Rabiul Bashar,184233.0
Satkhira 3,Khulna,Satkhira,BNP,Kazi Alauddin,-
Satkhira 3,Khulna,Satkhira,Jatiya Party,Md. Alif Hossain,-
Satkhira 3,Khulna,Satkhira,Independent,Md. Shahidul Alam,105379.0
Satkhira 3,Khulna,Satkhira,Islamic Andolon Bangladesh,Md. Waze Qurni,-
Satkhira 3,Khulna,Satkhira,Bangladesh Minority Janata Party - BMJP,Rubel Hossain,-
Satkhira 4,Khulna,Satkhira,Bangladesh Jamaat-e-Islami,G. M. Nazrul Islam,105805.0
Satkhira 4,Khulna,Satkhira,Jatiya Party,Md. Abdur Rashid,-
Satkhira 4,Khulna,Satkhira,BNP,Md. Moniruzzaman,84868.0
Satkhira 4,Khulna,Satkhira,Islamic Andolon Bangladesh,S. M. Mustafa Al Mamun,-
Shariatpur 1,Dhaka,Shariatpur,Gono Odhikar Parishad,Firoz Ahmed,-
Shariatpur 1,Dhaka,Shariatpur,Bangladesh Khilafat Majlis,Jalaluddin Ahmed,62717.0
Shariatpur 1,Dhaka,Shariatpur,National Citizens Party - NCP,Md. Abdur Rahman,-
Shariatpur 1,Dhaka,Shariatpur,Islamic Andolon Bangladesh,Md. Tofail Ahmed,-
Shariatpur 1,Dhaka,Shariatpur,Independent,Mohammad Gulam Mustafa,-
Shariatpur 1,Dhaka,Shariatpur,Bangladesh Supreme Party - BSP,Noor Mohammad Mia,-
Shariatpur 1,Dhaka,Shariatpur,BNP,Sayeed Ahmed,77398.0
Shariatpur 1,Dhaka,Shariatpur,Independent,Syed Nazrul Islam,-
Shariatpur 2,Dhaka,Shariatpur,Gono Odhikar Parishad,Akhtaruzzaman Samrat,-
Shariatpur 2,Dhaka,Shariatpur,Islamic Andolon Bangladesh,Imran Hossain,-
Shariatpur 2,Dhaka,Shariatpur,Jatiya Party,Jasim Uddin,-
Shariatpur 2,Dhaka,Shariatpur,Bangladesh Jamaat-e-Islami,Mahmud Hossain,70892.0
Shariatpur 2,Dhaka,Shariatpur,Bangladesh Khelafat Andolon,Mahmudul Hasan,-
Shariatpur 2,Dhaka,Shariatpur,Independent,Md. Alamgir Hossain,-
Shariatpur 2,Dhaka,Shariatpur,Independent,Md. Nasir,-
Shariatpur 2,Dhaka,Shariatpur,BNP,Md. Shafiqur Rahman (Kiran),129814.0
Shariatpur 2,Dhaka,Shariatpur,Janotar Dol,Pervez Mosharraf,-
Shariatpur 3,Dhaka,Shariatpur,Islamic Andolon Bangladesh,Hanif Mia,-
Shariatpur 3,Dhaka,Shariatpur,Jatiya Party,Md. Abdul Hannan,-
Shariatpur 3,Dhaka,Shariatpur,BNP,Mia Nuruddin Ahmed Apu,107516.0
Shariatpur 3,Dhaka,Shariatpur,Bangladesh Jamaat-e-Islami,Muhammad Azaharul Islam,69684.0
Sherpur 1,Mymensingh,Sherpur,Independent,Md. Ilias Uddin,205.0
Sherpur 1,Mymensingh,Sherpur,National Citizens Party - NCP,Md. Likhon Mia,456.0
Sherpur 1,Mymensingh,Sherpur,Jatiya Party,Md. Mahmudul Haque Moni,751.0
Sherpur 1,Mymensingh,Sherpur,Bangladesh Jamaat-e-Islami,Md. Rashidul Islam Rashed,127811.0
Sherpur 1,Mymensingh,Sherpur,Independent,Md. Shafiqul Islam Masud,62415.0
Sherpur 1,Mymensingh,Sherpur,BNP,Sansila Zebrin,78342.0
Sherpur 2,Mymensingh,Sherpur,Islamic Andolon Bangladesh,Md. Abdullah Al Kayes,4877.0
Sherpur 2,Mymensingh,Sherpur,Bangladesh Jamaat-e-Islami,Md. Golam Kibria,108335.0
Sherpur 2,Mymensingh,Sherpur,BNP,Mohammad Fahim Chowdhury,118472.0
Sherpur 3,Mymensingh,Sherpur,Islamic Andolon Bangladesh,Abu Taleb Md. Saifuddin,-
Sherpur 3,Mymensingh,Sherpur,Independent,Md. Aminul Islam,-
Sherpur 3,Mymensingh,Sherpur,BNP,Md. Mahmudul Haque Rubel,-
Sherpur 3,Mymensingh,Sherpur,Bangladesh Jamaat-e-Islami,Mohammad Nuruzzaman,-
Sirajganj 1,Rajshahi,Sirajganj,Independent,Md. Abdus Sabur,-
Sirajganj 1,Rajshahi,Sirajganj,Nagorik Oikko,Md. Nazmus Shakib,-
Sirajganj 1,Rajshahi,Sirajganj,BNP,Md. Selim Reza,116613.0
Sirajganj 1,Rajshahi,Sirajganj,Bangladesh Jamaat-e-Islami,Md. Shahinur Alam,108815.0
Sirajganj 1,Rajshahi,Sirajganj,Jatiya Party,Md. Zahurul Islam,-
Sirajganj 1,Rajshahi,Sirajganj,Gono Odhikar Parishad,Mst Mallika Khatun,-
Sirajganj 2,Rajshahi,Sirajganj,BNP,Iqbal Hassan Mahmud,177578.0
Sirajganj 2,Rajshahi,Sirajganj,Communist Party of Bangladesh,Md. Anwar Hossain,-
Sirajganj 2,Rajshahi,Sirajganj,Islamic Andolon Bangladesh,Md. Mohibullah,-
Sirajganj 2,Rajshahi,Sirajganj,Janotar Dol,Md. Sohel Rana,-
Sirajganj 2,Rajshahi,Sirajganj,Gono Odhikar Parishad,Mohammad Mahfuzur Rahman,-
Sirajganj 2,Rajshahi,Sirajganj,Bangladesh Jamaat-e-Islami,Muhammad Zahidul Islam,138797.0
Sirajganj 2,Rajshahi,Sirajganj,Bangladesher Samajtantrik Dal (BSD),S. M Abdullah Al Mamun,-
Sirajganj 3,Rajshahi,Sirajganj,Bangladesh Khilafat Majlis,Md. Abdur Rauf Sarkar,116802.0
Sirajganj 3,Rajshahi,Sirajganj,BNP,Md. Aynul Haque,174430.0
Sirajganj 3,Rajshahi,Sirajganj,Independent,Md. Elias Reza Robin,1006.0
Sirajganj 3,Rajshahi,Sirajganj,Jatiya Party,Md. Fazlul Haque,1658.0
Sirajganj 4,Rajshahi,Sirajganj,Islamic Andolon Bangladesh,Abdur Rahman,2216.0
Sirajganj 4,Rajshahi,Sirajganj,BNP,M Akbar Ali,161278.0
Sirajganj 4,Rajshahi,Sirajganj,Communist Party of Bangladesh,Md. Abdul Hakim,695.0
Sirajganj 4,Rajshahi,Sirajganj,Jatiya Party,Md. Hilton Pramanik,1213.0
Sirajganj 4,Rajshahi,Sirajganj,Bangladesh Jamaat-e-Islami,Md. Rafiqul Islam Khan,161872.0
Sirajganj 5,Rajshahi,Sirajganj,Jatiya Party,Md. Akbar Hossain,-
Sirajganj 5,Rajshahi,Sirajganj,Bangladesh Jamaat-e-Islami,Md. Ali Alam,106805.0
Sirajganj 5,Rajshahi,Sirajganj,BNP,Md. Amirul Islam Khan,134989.0
Sirajganj 5,Rajshahi,Sirajganj,Communist Party of Bangladesh,Md. Matiar Rahman,-
Sirajganj 5,Rajshahi,Sirajganj,Gono Odhikar Parishad,Md. Yusuf Ali,-
Sirajganj 5,Rajshahi,Sirajganj,Islamic Andolon Bangladesh,Nurun Nabi,-
Sirajganj 6,Rajshahi,Sirajganj,Amar Bangladesh Party (AB Party),Abu Jafar Md. Anwarus Sadat,-
Sirajganj 6,Rajshahi,Sirajganj,Jatiya Samajtantrik Dal (JSD Rab),Elora Khatun,-
Sirajganj 6,Rajshahi,Sirajganj,BNP,M.A. Muhit,171508.0
Sirajganj 6,Rajshahi,Sirajganj,Bangladesher Samajtantrik Dal (BSD),Md. Anwar Hossain,-
Sirajganj 6,Rajshahi,Sirajganj,Amjanatar Dal,Md. Asadul Haque,-
Sirajganj 6,Rajshahi,Sirajganj,Independent,Md. Humayun Kabir,-
Sirajganj 6,Rajshahi,Sirajganj,Jatiya Party,Md. Moktar Hossain,-
Sirajganj 6,Rajshahi,Sirajganj,Bangladesh Islamic Front,Md. Mosharraf Hossain Shahidul,-
Sirajganj 6,Rajshahi,Sirajganj,Independent,Md. Waseeq Iqbal Khan Majlis,-
Sirajganj 6,Rajshahi,Sirajganj,Islamic Andolon Bangladesh,Misbah Uddin,-
Sirajganj 6,Rajshahi,Sirajganj,National Citizens Party - NCP,S. M. Saif Mostafiz,103884.0
Sunamganj 1,Sylhet,Sunamganj,BNP,Kamruzzaman Kamrul,161774.0
Sunamganj 1,Sylhet,Sunamganj,Bangladesh Nezam Islam Party,Maulana Muzzammil Haque Talukder,-
Sunamganj 1,Sylhet,Sunamganj,Bangladesh Jamaat-e-Islami,Tofael Ahmed,92966.0
Sunamganj 2,Sylhet,Sunamganj,BNP,Md. Nasir Chowdhury,99522.0
Sunamganj 2,Sylhet,Sunamganj,Bangladesh Jamaat-e-Islami,Mohammad Shishir Monir,63220.0
Sunamganj 2,Sylhet,Sunamganj,Communist Party of Bangladesh,Niranjan Das,-
Sunamganj 3,Sylhet,Sunamganj,Independent,Hussain Ahmed,-
Sunamganj 3,Sylhet,Sunamganj,Independent,Md. Anwar Hossain,42226.0
Sunamganj 3,Sylhet,Sunamganj,Independent,Md. Mahfuzur Rahman Khaled (Tushar),-
Sunamganj 3,Sylhet,Sunamganj,BNP,Mohammad Kayshar Ahmed,97313.0
Sunamganj 3,Sylhet,Sunamganj,Bangladesh Khilafat Majlis,Mohammad Shahinur Pasha Chowdhury,-
Sunamganj 3,Sylhet,Sunamganj,Khilafat Majlis,Sheikh Mushtaq Ahmed,-
Sunamganj 3,Sylhet,Sunamganj,Amar Bangladesh Party (AB Party),Syed Talha Alam,-
Sunamganj 4,Sylhet,Sunamganj,Independent,Dewan Zainul Zakerin,-
Sunamganj 4,Sylhet,Sunamganj,Jatiya Party,Md. Nazmul Huda,-
Sunamganj 4,Sylhet,Sunamganj,Bangladesh Jamaat-e-Islami,Md. Shams Uddin,75735.0
Sunamganj 4,Sylhet,Sunamganj,BNP,Nurul Islam,98092.0
Sunamganj 4,Sylhet,Sunamganj,Islamic Andolon Bangladesh,Shahidul Islam,-
Sunamganj 5,Sylhet,Sunamganj,Bangladesh Jamaat-e-Islami,Abu Tahir Muhammad Abdus Salam,102121.0
Sunamganj 5,Sylhet,Sunamganj,BNP,Kalim Uddin Ahmed,151915.0
Sunamganj 5,Sylhet,Sunamganj,National People's Party - NPP,Md. Azizul Haque,-
Sunamganj 5,Sylhet,Sunamganj,Khilafat Majlis,Mohammad Abdul Qadir,-
Sunamganj 5,Sylhet,Sunamganj,Jatiya Party,Mohammad Jahangir Alam,-
Sylhet 1,Sylhet,Sylhet,Gono Odhikar Parishad,Akmal Hossain,-
Sylhet 1,Sylhet,Sylhet,BNP,Khandaker Abdul Muktadir,173932.0
Sylhet 1,Sylhet,Sylhet,Islamic Andolon Bangladesh,Mahmudul Hasan,-
Sylhet 1,Sylhet,Sylhet,Bangladesh Jamaat-e-Islami,Maulana Habibur Rahman,134983.0
Sylhet 1,Sylhet,Sylhet,Insaniat Biplob Bangladesh - Insaniat Biplob,Md. Shamim Mia,-
Sylhet 1,Sylhet,Sylhet,Communist Party of Bangladesh,Mohammad Anwar Hossain,-
Sylhet 1,Sylhet,Sylhet,Bangladesher Samajtantrik Dal (BSD),Pranab Jyoti Pal,-
Sylhet 1,Sylhet,Sylhet,Bangladesher Samajtantrik Dal (Marxist),Sanjay Kanti Das,-
Sylhet 2,Sylhet,Sylhet,Jatiya Party,Mahbubur Rahman Chowdhury,-
Sylhet 2,Sylhet,Sylhet,Islamic Andolon Bangladesh,Md. Amir Uddin,-
Sylhet 2,Sylhet,Sylhet,Gono Forum,Md. Mujibul Haque,-
Sylhet 2,Sylhet,Sylhet,BNP,Ms. Tahsina Rushdeer,117956.0
Sylhet 2,Sylhet,Sylhet,Khilafat Majlis,Muhammad Muntasir Ali,38635.0
Sylhet 3,Sylhet,Sylhet,Independent,Mainul Bakar,-
Sylhet 3,Sylhet,Sylhet,BNP,Mohammad Abdul Malik,115450.0
Sylhet 3,Sylhet,Sylhet,Jatiya Party,Mohammad Atiqur Rahman,-
Sylhet 3,Sylhet,Sylhet,Independent,Mostakim Raja Chowdhury,-
Sylhet 3,Sylhet,Sylhet,Bangladesh Khilafat Majlis,Musleh Uddin Raju,73614.0
Sylhet 3,Sylhet,Sylhet,Islamic Andolon Bangladesh,Redwanul Haque Chowdhury,-
Sylhet 4,Sylhet,Sylhet,BNP,Ariful Haque Chowdhury,186846.0
Sylhet 4,Sylhet,Sylhet,Islamic Andolon Bangladesh,Maulana Syed Ahmed,-
Sylhet 4,Sylhet,Sylhet,Bangladesh Jamaat-e-Islami,Md. Joynal Abedin,71391.0
Sylhet 4,Sylhet,Sylhet,Jatiya Party,Mohammad Mujibur Rahman,-
Sylhet 4,Sylhet,Sylhet,Gono Odhikar Parishad,Zahirul Islam,-
Sylhet 5,Sylhet,Sylhet,Independent,Mamunur Rashid,-
Sylhet 5,Sylhet,Sylhet,Bangladesh Muslim League - BML,Md. Bilal Uddin,-
Sylhet 5,Sylhet,Sylhet,Khilafat Majlis,Mohammad Abul Hasan,79355.0
Sylhet 5,Sylhet,Sylhet,Jamiat Ulama-e-Islam Bangladesh,Ubaidullah Farooq,69774.0
Sylhet 6,Sylhet,Sylhet,BNP,Emran Ahmed Chowdhury,109917.0
Sylhet 6,Sylhet,Sylhet,Independent,Md. Fakhrul Islam,-
Sylhet 6,Sylhet,Sylhet,Jatiya Party,Mohammad Abdun Noor,-
Sylhet 6,Sylhet,Sylhet,Bangladesh Jamaat-e-Islami,Mohammad Selim Uddin,101569.0
Sylhet 6,Sylhet,Sylhet,Gono Odhikar Parishad,Zahidur Rahman,-
Tangail 1,Dhaka,Tangail,BNP,Faqir Mahbub Anam,153932.0
Tangail 1,Dhaka,Tangail,Independent,Md. Asadul Islam,-
Tangail 1,Dhaka,Tangail,Islamic Andolon Bangladesh,Md. Harun Or Rashid,-
Tangail 1,Dhaka,Tangail,Bangladesh Jamaat-e-Islami,Muhammad Abdullahel Kafi,94462.0
Tangail 1,Dhaka,Tangail,Independent,Muhammad Ali,-
Tangail 1,Dhaka,Tangail,Jatiya Party,Muhammad Ilias Hossain,-
Tangail 2,Dhaka,Tangail,BNP,Md. Abdus Salam Pintu,198213.0
Tangail 2,Dhaka,Tangail,Bangladesh Jamaat-e-Islami,Md. Humayon Kabir,60871.0
Tangail 2,Dhaka,Tangail,Jatiya Party,Md. Humayun Kabir Talukder,-
Tangail 2,Dhaka,Tangail,Islamic Andolon Bangladesh,Md. Moniar Hossen Sagor,-
Tangail 3,Dhaka,Tangail,Independent,Ainin Nahar,-
Tangail 3,Dhaka,Tangail,Independent,Md. Lutfor Rahman Khan Azad,107901.0
Tangail 3,Dhaka,Tangail,Islamic Andolon Bangladesh,Md. Rajaul Karim,-
Tangail 3,Dhaka,Tangail,BNP,SM Obaidul Haque,82769.0
Tangail 3,Dhaka,Tangail,National Citizens Party - NCP,Saifullah Hyder,-
Tangail 4,Dhaka,Tangail,Independent,Abdul Latif Siddique,62509.0
Tangail 4,Dhaka,Tangail,Islamic Andolon Bangladesh,Ali Amzad Hossain,-
Tangail 4,Dhaka,Tangail,Bangladesh Jamaat-e-Islami,Khandaker Abdur Razzaque,-
Tangail 4,Dhaka,Tangail,Independent,Md. Abdul Halim Miah,-
Tangail 4,Dhaka,Tangail,Jatiya Party,Md. Liakot Ali,-
Tangail 4,Dhaka,Tangail,BNP,Md. Lutfor Rahman,105342.0
Tangail 5,Dhaka,Tangail,Bangladesh Jamaat-e-Islami,Ahsan Habib,80283.0
Tangail 5,Dhaka,Tangail,Ganosamhati Andolon,Fatema Akter,-
Tangail 5,Dhaka,Tangail,Islamic Andolon Bangladesh,Khandakar Jakir Hossain,-
Tangail 5,Dhaka,Tangail,Independent,Md. Farhad Iqbal,-
Tangail 5,Dhaka,Tangail,Bangladesh Supreme Party - BSP,Md. Hasrat Khan Bhasani,-
Tangail 5,Dhaka,Tangail,Jatiya Party,Md. Mozammel Hoque,-
Tangail 5,Dhaka,Tangail,Gono Odhikar Porishad- GOP,Md. Shafiqul Islam,-
Tangail 5,Dhaka,Tangail,BNP,Sultan Salauddin Tuku,131279.0
Tangail 5,Dhaka,Tangail,Jatiya Samajtantrik Dal (JSD Rab),Syed Khalakuzzaman Mostafa,-
Tangail 6,Dhaka,Tangail,Bangladesh Jamaat-e-Islami,A.K.M. Abdul Hamid,91914.0
Tangail 6,Dhaka,Tangail,Independent,Barrister Muhammad Ashraful Islam,-
Tangail 6,Dhaka,Tangail,Islamic Andolon Bangladesh,Md. Akhinur Miah,-
Tangail 6,Dhaka,Tangail,Independent,Md. Jewel Sarkar,-
Tangail 6,Dhaka,Tangail,BNP,Md. Robiul Awal,150952.0
Tangail 6,Dhaka,Tangail,Jatiya Party,Mohammad Mamunur Rahim,-
Tangail 6,Dhaka,Tangail,Jatiya Party,Tareque Shams Khan (Himu),-
Tangail 7,Dhaka,Tangail,BNP,Abul Kalam Azad Siddique,141253.0
Tangail 7,Dhaka,Tangail,Bangladesh Republican Party - BRP,Md. Tofazzal Hossain,1492.0
Tangail 7,Dhaka,Tangail,Bangladesh Jamaat-e-Islami,Mohammad Abdullah Ibne Abul Hosain,71040.0
Tangail 8,Dhaka,Tangail,BNP,Ahmed Azam Khan,114217.0
Tangail 8,Dhaka,Tangail,Bangladesher Biplobi Workers Party,Awal Mahmud,-
Tangail 8,Dhaka,Tangail,Amjanatar Dal,Md. Alamgir Hossin,-
Tangail 8,Dhaka,Tangail,Jatiya Party,Md. Nazmul Hasan,-
Tangail 8,Dhaka,Tangail,Bangladesh Jamaat-e-Islami,Md. Shafiqul Islam Khan,-
Tangail 8,Dhaka,Tangail,Independent,Salahuddin Alamgir,77130.0
Thakurgaon 1,Rangpur,Thakurgaon,Bangladesh Jamaat-e-Islami,Delwar Hossain,141017.0
Thakurgaon 1,Rangpur,Thakurgaon,Islamic Andolon Bangladesh,Md. Khademul Islam,-
Thakurgaon 1,Rangpur,Thakurgaon,BNP,Mirza Fakhrul Islam Alamgir,238836.0
Thakurgaon 2,Rangpur,Thakurgaon,BNP,Dr. Md. Abdus Salam,121017.0
Thakurgaon 2,Rangpur,Thakurgaon,Islamic Andolon Bangladesh,Md Rejaul Karim,-
Thakurgaon 2,Rangpur,Thakurgaon,Bangladesh Jamaat-e-Islami,Md. Abdul Hakim,115707.0
Thakurgaon 2,Rangpur,Thakurgaon,Gono Odhikar Parishad,Md. Faruk Hosen,-
Thakurgaon 2,Rangpur,Thakurgaon,Amar Bangladesh Party (AB Party),Md. Nahid-Rana,-
Thakurgaon 2,Rangpur,Thakurgaon,Jatiya Party,Mst Nurun Nahar Begum,-
Thakurgaon 2,Rangpur,Thakurgaon,Communist Party of Bangladesh,Shahab Uddin Ahmed,-
Thakurgaon 3,Rangpur,Thakurgaon,Jatiya Party,Hafiz Uddin Ahmed,-
Thakurgaon 3,Rangpur,Thakurgaon,Bangladesh Minority Janata Party - BMJP,Kamala Kanta Roy,-
Thakurgaon 3,Rangpur,Thakurgaon,Bangladesh Supreme Party - BSP,Md. Abul Kalam Azad,-
Thakurgaon 3,Rangpur,Thakurgaon,Islamic Andolon Bangladesh,Md. Al Amin,-
Thakurgaon 3,Rangpur,Thakurgaon,BNP,Md. Jahidur Rahaman,132797.0
Thakurgaon 3,Rangpur,Thakurgaon,Gono Odhikar Parishad,Md. Mamunur Rashid Mamun,-
Thakurgaon 3,Rangpur,Thakurgaon,Bangladesh Jamaat-e-Islami,Md. Mizanur Rahman,91934.0
Thakurgaon 3,Rangpur,Thakurgaon,Independent,Mst. Asha Moni,-
Thakurgaon 3,Rangpur,Thakurgaon,Communist Party of Bangladesh,Probhat Somir Sahjahan Alom,-
Thakurgaon 3,Rangpur,Thakurgaon,Bangladesh Muslim League - BML,SM Khalilur Rahman Sarkar,-
