seat_name,party,candidate,votes
Barguna 1,Islami Andolan Bangladesh (IAB),Md. Oli Ullah,140291
Barguna 1,Bangladesh Nationalist Party (BNP),Md. Nazrul Islam Mollah,136145
Barguna 1,Khelafat Majlis,Md. Jahangir Hossain,6232
Barguna 1,Jatiya Party (JaPa),Md. Jamal Hossain,981
Barguna 2,Bangladesh Nationalist Party (BNP),Md. Nurul Islam,90643
Barguna 2,Bangladesh Jamaat-e-Islami (Jamaat),Dr. Sultan Ahmed,85247
Barguna 2,Islami Andolan Bangladesh (IAB),Md. Mizanur Rahman,16463
Barguna 2,Jatiya Party (JaPa),Abdul Latif Farazi,1248
Barguna 2,Independent Candidate (Independent),Md. Rashed Ud Zaman,298
Barguna 2,Nationalist Democratic Movement (NDM),Syed Md. Najesh Afroz,294
Barguna 2,Bangladesh Congress,Md. Sabbir Ahmed,219
Barguna 2,Bangladesh Jatiya Party (BJP),Md. Kamruzzaman Liton,115
Barguna 2,National People's Party (NPP),Md. Solaiman,95
Patuakhali 1,Bangladesh Nationalist Party (BNP),Altaf Hossain Chowdhury,152087
Patuakhali 1,Islami Andolan Bangladesh (IAB),Md. Firoz Alam,58161
Patuakhali 1,Amar Bangladesh Party (AB),Mohammad Abdul Wahab,46310
Patuakhali 1,Bangladesh Jatiya Samajtantrik Dal (Bangladesh JaSad),Gautam Chandra Shil,1334
Patuakhali 1,Jatiya Party (JaPa),Abdul Mannan Hawladar,1055
Patuakhali 1,Gono Odhikar Parishad (GOP),Md. Shahidul Islam Fahim,347
Patuakhali 2,Bangladesh Jamaat-e-Islami (Jamaat),Md. Shafiqul Islam,100750
Patuakhali 2,Bangladesh Nationalist Party (BNP),Md. Shahidul Alam Talukder,72676
Patuakhali 2,Islami Andolan Bangladesh (IAB),Malek Hossain,14418
Patuakhali 2,Amar Bangladesh Party (AB),Md. Ruhul Amin,410
Patuakhali 2,Gono Odhikar Parishad (GOP),Md. Habibur Rahman,353
Patuakhali 3,Gono Odhikar Parishad (GOP),Md. Nurul Haque,97323
Patuakhali 3,Independent Candidate (Independent),Md. Hasan Mamun,81361
Patuakhali 3,Islami Andolan Bangladesh (IAB),Md. Abu Bakkar Siddiqui,38188
Patuakhali 3,Bangladesh Jamaat-e-Islami (Jamaat),Mohammad Shah Alam,16255
Patuakhali 3,Independent Candidate (Independent),S. M. Fazlul Haque,978
Patuakhali 4,Bangladesh Nationalist Party (BNP),A. B. M. Mosharraf Hossain,124013
Patuakhali 4,Islami Andolan Bangladesh (IAB),Mostafizur Rahman,70124
Patuakhali 4,Khelafat Majlis,Dr. Jahir Uddin Ahmed,14985
Patuakhali 4,Gono Odhikar Parishad (GOP),Md. Rabiul Hasan,202
Bhola 1,Bangladesh Jatiya Party (BJP),Andaleeb Rahman,105543
Bhola 1,Bangladesh Jamaat-e-Islami (Jamaat),Md. Nazrul Islam,63352
Bhola 1,Islami Andolan Bangladesh (IAB),Md. Obaidur Rahman,25245
Bhola 1,Gono Odhikar Parishad (GOP),Md. Ainur Rahman (Jewel) Mia,1103
Bhola 1,Jatiya Party (JaPa),Md. Akbar Hossain,599
Bhola 1,Islamic Front Bangladesh (IFB),Mohammad Ashraf Ali,303
Bhola 1,National People's Party (NPP),Md. Mizanur Rahman,217
Bhola 1,Independent Candidate (Independent),Rafizul Hossain,134
Bhola 2,Bangladesh Nationalist Party (BNP),Md. Hafiz Ibrahim,119085
Bhola 2,Bangladesh Jamaat-e-Islami (Jamaat),Mohammad Fazlul Karim,93703
Bhola 2,Independent Candidate (Independent),Md. Zakir Hossain Khandakar,596
Bhola 2,Independent Candidate (Independent),Mahibullah Khokon,546
Bhola 2,Jatiya Party (JaPa),Advocate Md. Jahangir Alam Ritu,450
Bhola 2,Liberal Democratic Party (LDP),Mokfar Uddin Chowdhury,381
Bhola 2,Am Janata Party,Md. Ala Uddin,370
Bhola 2,Independent Candidate (Independent),Taslima Begum,291
Bhola 3,Bangladesh Nationalist Party (BNP),"Hafiz Uddin Ahmed, Bir Bikram",145990
Bhola 3,Bangladesh Development Party,Md. Nizamul Haque,57351
Bhola 3,Islami Andolan Bangladesh (IAB),Md. Mosleh Uddin,7255
Bhola 3,Jatiya Party (JaPa),Md. Kamal Uddin,789
Bhola 3,Independent Candidate (Independent),Md. Rahmatullah,508
Bhola 3,Gono Odhikar Parishad (GOP),Md. Abu Taiyab,260
Bhola 4,Bangladesh Nationalist Party (BNP),Mohammad Nurul Islam,189351
Bhola 4,Bangladesh Jamaat-e-Islami (Jamaat),Mohammad Mostafa Kamal,81437
Bhola 4,Islami Andolan Bangladesh (IAB),Abul Mokarram Md. Kamal Uddin,24935
Bhola 4,Jatiya Party (JaPa),Md. Mizanur Rahman,585
Bhola 4,Independent Candidate (Independent),Mohammad Rafiqul Islam,235
Bhola 4,Nationalist Democratic Movement (NDM),Abul Kalam,208
Bhola 4,Am Janata Party,Md. Jalal Uddin Rumi,176
Barishal 1,Bangladesh Nationalist Party (BNP),Zahir Uddin Swapan,100552
Barishal 1,Bangladesh Jamaat-e-Islami (Jamaat),Md. Kamrul Islam Khan,46263
Barishal 1,Independent Candidate (Independent),Abdus Sobhan,44188
Barishal 1,Islami Andolan Bangladesh (IAB),Md. Rasel Sardar,6846
Barishal 1,Jatiya Party (JaPa),Sher-e-Niabath Sekendar Ali,1736
Barishal 2,Bangladesh Nationalist Party (BNP),Sardar Sarfuddin Ahmed,141622
Barishal 2,Bangladesh Jamaat-e-Islami (Jamaat),Abdul Mannan,74082
Barishal 2,Islami Andolan Bangladesh (IAB),Mohammad Nesar Uddin,6021
Barishal 2,Jatiya Party (JaPa),A. Haque,2329
Barishal 2,Jatiya Party (JaPa),M. A. Jalil,1199
Barishal 2,Gono Odhikar Parishad (GOP),Ranjit Kumar Barai,700
Barishal 2,National People's Party (NPP),Saheb Ali,185
Barishal 2,Bangladesh Jatiya Samajtantrik Dal (Bangladesh JaSad),Md. Abul Kalam Azad,135
Barishal 3,Bangladesh Nationalist Party (BNP),Zainul Abedin,80930
Barishal 3,Amar Bangladesh Party (AB),Mohammad Asaduzzaman Bhuiyan,61192
Barishal 3,Islami Andolan Bangladesh (IAB),Muhammad Sirajul Islam,16325
Barishal 3,Jatiya Party (JaPa),Golam Kibria Tipu,14184
Barishal 3,Gono Odhikar Parishad (GOP),Yamin H. M. Fardin,860
Barishal 3,Bangladesh Socialist Party (BASAD),Md. Azmul Hasan Jihad,214
Barishal 4,Bangladesh Nationalist Party (BNP),Md. Rajib Ahsan,128322
Barishal 4,Bangladesh Jamaat-e-Islami (Jamaat),Mohammad Abdul Jabbar,74684
Barishal 4,Islami Andolan Bangladesh (IAB),Syed Eshaq Md. Abul Khayer,36753
Barishal 4,Bangladesh Cultural Liberation Front (Muktijot),Abdul Jalil,413
Barishal 4,Bangladesh Jatiya Samajtantrik Dal (Bangladesh JaSad),Abdus Salam (Khokon),334
Barishal 5,Bangladesh Nationalist Party (BNP),Md. Mojibur Rahman Sarwar,135146
Barishal 5,Islami Andolan Bangladesh (IAB),Mufti Syed Md. Fayzul Karim,95044
Barishal 5,Bangladesh Socialist Party (BASAD),Monisha Chakraborty,22486
Barishal 5,Jatiya Party (JaPa),Akhtar Rahman,909
Barishal 5,National People's Party (NPP),Abdul Hannan Sikder,494
Barishal 5,Bangladesh Socialist Party (Marxist),Md. Saidur Rahman,300
Barishal 6,Bangladesh Nationalist Party (BNP),Abul Hossain Khan,82217
Barishal 6,Bangladesh Jamaat-e-Islami (Jamaat),Md. Mahmudunnabi,55988
Barishal 6,Islami Andolan Bangladesh (IAB),Mufti Syed Md. Fayzul Karim,29146
Barishal 6,Independent Candidate (Independent),Md. Kamrul Islam Khan,366
Barishal 6,Bangladesh Muslim League (BML),Abdul Quddus,244
Barishal 6,Gono Odhikar Parishad (GOP),Md. Salauddin Mia,139
Jhalokathi 1,Bangladesh Nationalist Party (BNP),Rafiqul Islam Jamal,62010
Jhalokathi 1,Bangladesh Jamaat-e-Islami (Jamaat),Foyzul Haque,55120
Jhalokathi 1,Islami Andolan Bangladesh (IAB),Ibrahim,7744
Jhalokathi 1,Jatiya Party (JaPa),Md. Rubel Howladar,2562
Jhalokathi 1,Jatiya Party (JaPa),M. Main Alam Firozi,593
Jhalokathi 1,Jatiya Party (JaPa),Md. Sabbir Ahmed,345
Jhalokathi 1,Jatiya Party (JaPa),Md. Kamruzzaman Khan,321
Jhalokathi 1,Gono Odhikar Parishad (GOP),Md. Shahadat Hossain,132
Jhalokathi 1,Jatiya Samajtantrik Dal (JSD),Md. Sohrab Hossain,110
Jhalokathi 1,Janata Party,Md. Jasim Uddin Talukdar,63
Jhalokathi 2,Bangladesh Nationalist Party (BNP),Israt Sultana Elen Bhutto,113419
Jhalokathi 2,Bangladesh Jamaat-e-Islami (Jamaat),S. M. Niamul Karim,70556
Jhalokathi 2,Islami Andolan Bangladesh (IAB),Muhammad Sirajul Islam Siraji,24543
Jhalokathi 2,Independent Candidate (Independent),Syed Razzak Ali,3125
Jhalokathi 2,Gono Odhikar Parishad (GOP),Md. Mahmudul Islam Sagar,212
Jhalokathi 2,National People's Party (NPP),Forkan Hossain,127
Jhalokathi 2,Jatiya Samajtantrik Dal (JSD),Masud Parvez,105
Jhalokathi 2,Independent Candidate (Independent),Md. Nuruddin Sardar,77
Pirojpur 1,Bangladesh Jamaat-e-Islami (Jamaat),Masud Saeedi,132659
Pirojpur 1,Bangladesh Nationalist Party (BNP),Alamgir Hossain,107105
Pirojpur 2,Bangladesh Nationalist Party (BNP),Ahmed Sohel Manjur,105185
Pirojpur 2,Bangladesh Jamaat-e-Islami (Jamaat),Shamim Saeedi,96897
Pirojpur 2,Independent Candidate (Independent),Mahmud Hossain,16219
Pirojpur 2,Islami Andolan Bangladesh (IAB),Md. Abul Kalam Azad,6697
Pirojpur 2,Jatiya Party (JaPa),Md. Mahibul Hossain,4705
Pirojpur 2,Amar Bangladesh Party (AB),Faisal Khan,390
Pirojpur 2,Gono Odhikar Parishad (GOP),Md. Anisur Rahman,145
Pirojpur 3,Bangladesh Nationalist Party (BNP),Md. Ruhul Amin Dulal,63791
Pirojpur 3,National Citizen Party (NCP),Md. Shamim Hamidi,36616
Pirojpur 3,Islami Andolan Bangladesh (IAB),Md. Rustam Ali Farazi,35968
Pirojpur 3,Independent Candidate (Independent),Touhiduzzaman,231
Pirojpur 3,Bangladesh Jatiya Samajtantrik Dal (Bangladesh JaSad),Karim Sikder,212
Pirojpur 3,Jatiya Party (JaPa),Md. Mashrekul Azam (Rabi),169
Brahmanbaria 1,Bangladesh Nationalist Party (BNP),M. A. Hannan,68092
Brahmanbaria 1,Independent Candidate (Independent),A. K. M. Kamruzzaman,35220
Brahmanbaria 1,Bangladesh Jamaat-e-Islami (Jamaat),A. K. M. Aminul Islam,24430
Brahmanbaria 1,Independent Candidate (Independent),Iqbal Chowdhury,17666
Brahmanbaria 1,Islami Andolan Bangladesh (IAB),Hussain Ahmed,907
Brahmanbaria 1,Jatiya Party (JaPa),Md. Shah Alam,265
Brahmanbaria 1,Insaniyat Biplob Bangladesh,Md. Sharif Mridha,139
Brahmanbaria 1,Independent Candidate (Independent),Md. Habibur Rahman,106
Brahmanbaria 2,Independent Candidate (Independent),Rumin Farhana,118547
Brahmanbaria 2,Jamiat Ulema-e-Islam Bangladesh,Mohammad Junayed Al Habib,80434
Brahmanbaria 2,National Citizen Party (NCP),Ashraf Uddin,20401
Brahmanbaria 2,Independent Candidate (Independent),S. N. Tarun Dey,12560
Brahmanbaria 2,Islami Andolan Bangladesh (IAB),Nesar Ahmad,3851
Brahmanbaria 2,Insaniyat Biplob Bangladesh,Md. Main Uddin,1419
Brahmanbaria 2,Jatiya Party (JaPa),Adv. Md. Ziaul Haque Mridha,199
Brahmanbaria 2,Am Janata Party,Sharifa Akter,181
Brahmanbaria 2,Jatiya Samajtantrik Dal (JSD),Taimur Reza Md. Shahzad,0
Brahmanbaria 3,Bangladesh Nationalist Party (BNP),Md. Khaled Hossain Mahbub,209636
Brahmanbaria 3,National Citizen Party (NCP),Ataullah,62547
Brahmanbaria 3,Islami Andolan Bangladesh (IAB),Niazul Karim,6321
Brahmanbaria 3,Jatiya Party (JaPa),Md. Rezaul Islam Bhuiyan,3891
Brahmanbaria 3,Insaniyat Biplob Bangladesh,Md. Abu Hanif,3345
Brahmanbaria 3,Islamic Front Bangladesh (IFB),Ayesha Akter,1344
Brahmanbaria 3,Independent Candidate (Independent),Md. Omar Yusuf Khan,278
Brahmanbaria 4,Bangladesh Nationalist Party (BNP),Mushfiqur Rahman,139842
Brahmanbaria 4,Bangladesh Jamaat-e-Islami (Jamaat),Md. Ataur Rahman Sarkar,91796
Brahmanbaria 4,Jatiya Party (JaPa),Md. Jahirul Haque Khan,2453
Brahmanbaria 4,Islami Andolan Bangladesh (IAB),Md. Jasim,2277
Brahmanbaria 4,Insaniyat Biplob Bangladesh,Rafi Uddin,773
Brahmanbaria 4,Gono Odhikar Parishad (GOP),Md. Jahirul Haque Chowdhury,117
Brahmanbaria 4,National People's Party (NPP),Shaheen Khan,109
Brahmanbaria 5,Bangladesh Nationalist Party (BNP),Md. Abdul Mannan,85769
Brahmanbaria 5,Independent Candidate (Independent),Kazi Nazmul Hossain,84708
Brahmanbaria 5,Bangladesh Khelafat Majlish (BKM),Amzad Hossain,60857
Brahmanbaria 5,Islami Andolan Bangladesh (IAB),Nazrul Islam,20696
Brahmanbaria 5,Jatiya Party (JaPa),Mohammad Kamrul Islam,372
Brahmanbaria 5,Communist Party of Bangladesh (CPB),Md. Shaheen Khan,359
Brahmanbaria 5,Ganosanhati Andolan (GSA),Nahida Jahan,266
Brahmanbaria 5,Insaniyat Biplob Bangladesh,Mohammad Ashraful Haque,257
Brahmanbaria 6,Ganosanhati Andolan (GSA),Md. Jonaed Abdur Rahim Saki,95342
Brahmanbaria 6,Bangladesh Jamaat-e-Islami (Jamaat),Md. Mohsin,29976
Brahmanbaria 6,Islami Andolan Bangladesh (IAB),Saiduddin Khan,8572
Brahmanbaria 6,Bangladesh Islami Front,Md. Abu Naser,2353
Brahmanbaria 6,Independent Candidate (Independent),Dr. Md. Saiduzzaman Kamal,1926
Brahmanbaria 6,Independent Candidate (Independent),Mohammad Abu Kayes Sikder,666
Brahmanbaria 6,Gono Odhikar Parishad (GOP),Safiqul Islam,289
Brahmanbaria 6,Jatiya Samajtantrik Dal (JSD),K. M. Jabir,167
Brahmanbaria 6,Insaniyat Biplob Bangladesh,Md. Habibur Rahman,139
Brahmanbaria 6,National People's Party (NPP),Md. Safiqul Islam,106
Cumilla 1,Bangladesh Nationalist Party (BNP),Dr. Khandaker Mosharraf Hossain,141440
Cumilla 1,Bangladesh Jamaat-e-Islami (Jamaat),Md. Moniruzzaman,94845
Cumilla 1,Islami Andolan Bangladesh (IAB),Bashir Ahmed,6502
Cumilla 1,Jatiya Party (JaPa),Syed Md. Iftekhar Ahsan,631
Cumilla 1,Amar Bangladesh Party (AB),Md. Safiul Basar,511
Cumilla 1,Bangladesh Republican Party (BRP),Mohammad Abul Kalam,411
Cumilla 1,Independent Candidate (Independent),Omar Faruk,205
Cumilla 1,Independent Candidate (Independent),Abu Zayed Al Mahmud,201
Cumilla 1,Bangladesh Jatiya Samajtantrik Dal (Bangladesh JaSad),Barua Manojit Dhiman,144
Cumilla 2,Bangladesh Nationalist Party (BNP),Md. Selim Bhuiyan,77037
Cumilla 2,Independent Candidate (Independent),Md. Abdul Matin,63045
Cumilla 2,Bangladesh Jamaat-e-Islami (Jamaat),Md. Nazim Uddin,53384
Cumilla 2,Islami Andolan Bangladesh (IAB),Mohammad Ashraful Alam,6611
Cumilla 2,Islamic Front Bangladesh (IFB),Md. Abdus Salam,767
Cumilla 2,Jatiya Party (JaPa),Md. Amir Hossain,570
Cumilla 3,Bangladesh Nationalist Party (BNP),Kazi Shah Mofazzal Hossain (Kaikobad),159291
Cumilla 3,Bangladesh Jamaat-e-Islami (Jamaat),Md. Yusuf Sohel,109599
Cumilla 3,Islami Andolan Bangladesh (IAB),Ahmed Abdul Qayyum,3593
Cumilla 3,Bangladesh Congress,Md. Khorshed Alam,717
Cumilla 3,Gono Odhikar Parishad (GOP),Moniruzzaman,633
Cumilla 3,Am Janata Party,Chowdhury Rakibul Haque,244
Cumilla 3,Insaniyat Biplob Bangladesh,Md. Sharif Uddin Sarkar,167
Cumilla 3,Nationalist Democratic Movement (NDM),Riyaz Md. Sharif,152
Cumilla 3,Bangladesh Republican Party (BRP),Md. Emdadul Haque,111
Cumilla 4,National Citizen Party (NCP),Md. Abul Hasnat,166583
Cumilla 4,Gono Odhikar Parishad (GOP),Md. A. Jasim Uddin,49885
Cumilla 4,Islami Andolan Bangladesh (IAB),Md. Abdul Karim,2232
Cumilla 4,Jatiya Party (JaPa),Irfanul Haque Sarkar,427
Cumilla 4,Khelafat Majlis,Mohammad Mojibur Rahman,248
Cumilla 5,Bangladesh Nationalist Party (BNP),Md. Jasim Uddin,134485
Cumilla 5,Bangladesh Jamaat-e-Islami (Jamaat),Mobarak Hossain,124547
Cumilla 5,Amar Bangladesh Party (AB),Zobaer Ahmed Bhuiyan,2029
Cumilla 5,Islami Andolan Bangladesh (IAB),Md. Rashedul Islam,1505
Cumilla 5,Jatiya Party (JaPa),Md. Emranul Haque,705
Cumilla 5,Communist Party of Bangladesh (CPB),Abdullah Al Qafi,342
Cumilla 5,Insaniyat Biplob Bangladesh,Tanzil Ahmed,167
Cumilla 5,Jatiya Samajtantrik Dal (JSD),Shirin Akter,153
Cumilla 5,Bangladesh Muslim League (BML),Abul Kalam Idris,147
Cumilla 5,National People's Party (NPP),Md. Abul Basar,104
Cumilla 6,Bangladesh Nationalist Party (BNP),Md. Monirul Haque Chowdhury,201706
Cumilla 6,Bangladesh Jamaat-e-Islami (Jamaat),Kazi Din Mohammad,119851
Cumilla 6,Bangladesh Islami Front,Md. Masum Billah Miazhi,4648
Cumilla 6,Islami Andolan Bangladesh (IAB),Mohammad Harunur Rashid,2476
Cumilla 6,Bangladesh Socialist Party (BASAD),Kamrun Nahar Sathi,515
Cumilla 6,Jatiya Samajtantrik Dal (JSD),Obaidul Kabir Mohon,453
Cumilla 6,Gono Odhikar Parishad (GOP),Mobarak Hossain,215
Cumilla 6,Bangladesh Cultural Liberation Front (Muktijot),Md. Amir Hossain Forayezi,153
Cumilla 7,Independent Candidate (Independent),Atikul Alam,91690
Cumilla 7,Bangladesh Nationalist Party (BNP),Redowan Ahmed,48509
Cumilla 7,Khelafat Majlis,Solaiman Khan,26319
Cumilla 7,Islami Andolan Bangladesh (IAB),Mawlana Ehteshamul Haque,14277
Cumilla 7,Bangladesh Cultural Liberation Front (Muktijot),Sajal Kumar Kar,261
Cumilla 8,Bangladesh Nationalist Party (BNP),Zakaria Taher,169178
Cumilla 8,Bangladesh Jamaat-e-Islami (Jamaat),Md. Shafiqul Alam Helal,45091
Cumilla 8,Bangladesh Supreme Party (BSP),Mohammad Golam Morshed,3224
Cumilla 8,Islami Andolan Bangladesh (IAB),Md. Golam Sadek,2273
Cumilla 8,Jatiya Party (JaPa),H. M. M. Irfan,727
Cumilla 8,Islamic Front Bangladesh (IFB),Abdul Qader,279
Cumilla 8,Bangladesh Republican Party (BRP),Md. Mofiz Uddin Ahmed,161
Cumilla 8,Bangladesh Socialist Party (BASAD),Md. Ali Ashraf,160
Cumilla 9,Bangladesh Nationalist Party (BNP),Md. Abul Kalam,170008
Cumilla 9,Bangladesh Jamaat-e-Islami (Jamaat),Syed A. K. M. Sarwar Uddin Siddiqui,118961
Cumilla 9,Islami Andolan Bangladesh (IAB),Selim Mahmud,7626
Cumilla 9,Islamic Front Bangladesh (IFB),Md. Abu Bakar Siddique,3919
Cumilla 9,Jatiya Party (JaPa),Md. Golam Mostafa Kamal,1216
Cumilla 9,Independent Candidate (Independent),Samira Azim,476
Cumilla 9,Independent Candidate (Independent),Md. Abul Kashem,335
Cumilla 9,Bangladesh Cultural Liberation Front (Muktijot),Md. Mizanur Rahman Chowdhury,124
Cumilla 10,Bangladesh Nationalist Party (BNP),Md. Mobasher Alam Bhuiyan,163667
Cumilla 10,Bangladesh Jamaat-e-Islami (Jamaat),Muhammad Yasin Arafat,123733
Cumilla 10,Islami Andolan Bangladesh (IAB),Md. Shamsuddoha,7959
Cumilla 10,Bangladesh Congress,Hasan Ahmed,400
Cumilla 10,Am Janata Party,Md. Abdullah Al Noman,373
Cumilla 10,Bangladesh Cultural Liberation Front (Muktijot),Kazi Nure Alam Siddiqui,322
Cumilla 10,Gono Odhikar Parishad (GOP),Ramiz Bin Arif,293
Cumilla 11,Bangladesh Jamaat-e-Islami (Jamaat),Syed Abdullah Mohammad Taher,133308
Cumilla 11,Bangladesh Nationalist Party (BNP),Md. Kamrul Huda,76638
Cumilla 11,Islami Andolan Bangladesh (IAB),Md. Mahiuddin (Shaheed),2766
Cumilla 11,Jatiya Party (JaPa),Md. Main Uddin,704
Cumilla 11,Bangladesh Congress,A. F. M. Abdur Rahim,194
Cumilla 11,Bangladesh Cultural Liberation Front (Muktijot),Mohammad Yusuf,186
Cumilla 11,Gono Front,Md. Alamgir,98
Chandpur 1,Bangladesh Nationalist Party (BNP),A. N. M. Ehsanul Haque Milon,133032
Chandpur 1,Bangladesh Jamaat-e-Islami (Jamaat),Abu Nasr Mohammad Mokbul Ahmed,70368
Chandpur 1,Bangladesh Islami Front,Mohammad Nasir Uddin,4371
Chandpur 1,Jatiya Party (JaPa),Habib Khan,652
Chandpur 1,Gono Forum (GF),Mohammad Azad Hossain,329
Chandpur 1,Gono Odhikar Parishad (GOP),Md. Enayet Hossain,217
Chandpur 2,Bangladesh Nationalist Party (BNP),Md. Jalal Uddin,172506
Chandpur 2,Liberal Democratic Party (LDP),Md. Billal Hossain,57473
Chandpur 2,Islami Andolan Bangladesh (IAB),Mansur,12307
Chandpur 2,Jatiya Party (JaPa),Md. Emran Hossain Mia,1328
Chandpur 2,Bangladesh Republican Party (BRP),Md. Fayzunnur,509
Chandpur 2,Gono Odhikar Parishad (GOP),Md. Golaf Hossain,315
Chandpur 2,Jatiya Party (JaPa),Nasima Nazneen Sarkar,283
Chandpur 2,Nagorik Oikya (NO),Md. Enamul Haque,143
Chandpur 3,Bangladesh Nationalist Party (BNP),Sheikh Farid Ahmed,165404
Chandpur 3,Bangladesh Jamaat-e-Islami (Jamaat),Md. Shahjahan Mia,100865
Chandpur 3,Islami Andolan Bangladesh (IAB),Md. Zainal Abedin Sheikh,14181
Chandpur 3,Bangladesh Islami Front,A. H. M. Ahsan Ullah,2274
Chandpur 3,Communist Party of Bangladesh (CPB),Md. Jahangir Hossain,676
Chandpur 3,Gono Forum (GF),Selim Akbar,307
Chandpur 3,Gono Odhikar Parishad (GOP),Md. Zakir Hossain,132
Chandpur 4,Independent Candidate (Independent),Md. Abdul Hannan,74175
Chandpur 4,Bangladesh Nationalist Party (BNP),Md. Harunur Rashid,69155
Chandpur 4,Bangladesh Jamaat-e-Islami (Jamaat),Md. Billal Hossain Miazhi,66692
Chandpur 4,Islami Andolan Bangladesh (IAB),Mokbul Hossain,5261
Chandpur 4,Bangladesh Islami Front,Md. Abdul Malek,509
Chandpur 4,Jatiya Party (JaPa),Mahmud Alam,277
Chandpur 4,Gono Forum (GF),Md. Munir Chowdhury,240
Chandpur 4,Independent Candidate (Independent),Zakir Hossain,184
Chandpur 5,Bangladesh Nationalist Party (BNP),Md. Mominul Haque,185404
Chandpur 5,Liberal Democratic Party (LDP),Md. Niamul Bashir,75660
Chandpur 5,Islamic Front Bangladesh (IFB),Syed Bahadur Shah Mujaddedi,13178
Chandpur 5,Islami Andolan Bangladesh (IAB),Mohammad Ali Patowary,6681
Chandpur 5,Jatiya Party (JaPa),Mirza Gias Uddin,1516
Chandpur 5,Independent Candidate (Independent),Md. Zakir Hossain Pradhania,268
Chandpur 5,Insaniyat Biplob Bangladesh,Md. Mahmud Hasan Nayan,256
Feni 1,Bangladesh Nationalist Party (BNP),Munshi Rafiqul Alam,119904
Feni 1,Bangladesh Jamaat-e-Islami (Jamaat),S. M. Kamal Uddin,85615
Feni 1,Islami Andolan Bangladesh (IAB),Kazi Golam Kibria,5323
Feni 1,Jatiya Party (JaPa),Motaher Hossain Chowdhury,940
Feni 1,Bangladesh Khelafat Andolon (BKA),Anwar Ullah Bhuiyan,310
Feni 1,Bangladesh Congress,Md. Firoz Uddin Chowdhury,215
Feni 1,Bangladesh Muslim League (BML),Mahbub Morshed Majumder,188
Feni 2,Bangladesh Nationalist Party (BNP),Zainal Abedin,131210
Feni 2,Amar Bangladesh Party (AB),Mohammad Mojibur Rahman Bhuiyan,78447
Feni 2,Islami Andolan Bangladesh (IAB),Mohammad Ekramul Haque Bhuiyan,1927
Feni 2,Bangladesh Khelafat Majlish (BKM),Md. Harunur Rashid Bhuiyan,820
Feni 2,Am Janata Party,Saiful Karim Majumder,801
Feni 2,Independent Candidate (Independent),Md. Ismail,703
Feni 2,Gono Odhikar Parishad (GOP),Md. Tarek-ul Islam Bhuiyan,409
Feni 2,Bangladesh Socialist Party (Marxist),Jasim Uddin,322
Feni 2,Bangladesh Khelafat Andolon (BKA),Mohammad Abul Hossain,304
Feni 2,Jatiya Samajtantrik Dal (JSD),Samsuddin Majumder,240
Feni 2,Insaniyat Biplob Bangladesh,Taherul Islam,239
Feni 3,Bangladesh Nationalist Party (BNP),Abdul Awwal Mintoo,157425
Feni 3,Bangladesh Jamaat-e-Islami (Jamaat),Mohammad Fakhruddin,108160
Feni 3,Islami Andolan Bangladesh (IAB),Md. Saif Uddin,6701
Feni 3,Jatiya Party (JaPa),Md. Abu Sufian,1427
Feni 3,Bangladesh Socialist Party (BASAD),Abdul Malek,731
Feni 3,Islamic Front Bangladesh (IFB),Md. Abu Nasir,531
Feni 3,Insaniyat Biplob Bangladesh,Md. Hasan Ahmed,327
Feni 3,Bangladesh Khelafat Andolon (BKA),Mohammad Khaleduzzaman Patwari,320
Noakhali 1,Bangladesh Nationalist Party (BNP),A. M. Mahbub Uddin,126833
Noakhali 1,Bangladesh Jamaat-e-Islami (Jamaat),Md. Saiful Ullah,98036
Noakhali 1,Islami Andolan Bangladesh (IAB),Jahirul Islam,19289
Noakhali 1,Jatiya Party (JaPa),Md. Nurul Amin,1075
Noakhali 1,Jatiya Samajtantrik Dal (JSD),Rehana Begum,482
Noakhali 1,Bangladesh Congress,Md. Mominul Islam,274
Noakhali 1,Insaniyat Biplob Bangladesh,Md. Mashirur Rahman,188
Noakhali 2,Bangladesh Nationalist Party (BNP),Zainul Abdin Faruk,83982
Noakhali 2,National Citizen Party (NCP),Sultan Mohammad Zakaria Majumder,67054
Noakhali 2,Independent Candidate (Independent),Kazi Mohammad Mofizur Rahman,44712
Noakhali 2,Islami Andolan Bangladesh (IAB),Khalilur Rahman,6217
Noakhali 2,Jatiya Party (JaPa),Md. Shahadat Hossain,557
Noakhali 3,Bangladesh Nationalist Party (BNP),Md. Borkot Ullah Bulu,141031
Noakhali 3,Bangladesh Jamaat-e-Islami (Jamaat),Md. Borhan Uddin,123941
Noakhali 3,Islami Andolan Bangladesh (IAB),Mohammad Nur Uddin,9861
Noakhali 3,Khelafat Majlis,Morshed Alam,800
Noakhali 3,Jatiya Samajtantrik Dal (JSD),Md. Siraj Mia,747
Noakhali 3,Independent Candidate (Independent),Md. Rajib Uddoula Chowdhury,534
Noakhali 3,Independent Candidate (Independent),Sharif Ahmed,260
Noakhali 4,Bangladesh Nationalist Party (BNP),Md. Shahjahan,219182
Noakhali 4,Bangladesh Jamaat-e-Islami (Jamaat),Md. Ishaq Khandaker,148989
Noakhali 4,Islami Andolan Bangladesh (IAB),Md. Firoz Alam Masud,14783
Noakhali 4,Jatiya Party (JaPa),Md. Shariful Islam,2344
Noakhali 4,Bangladesh Socialist Party (Marxist),Bitul Chandra Talukder,917
Noakhali 4,Gono Odhikar Parishad (GOP),Abduj Jaher,542
Noakhali 4,Insaniyat Biplob Bangladesh,Md. Yunus Nabi,493
Noakhali 5,Bangladesh Nationalist Party (BNP),Mohammad Fakhrul Islam,147808
Noakhali 5,Bangladesh Jamaat-e-Islami (Jamaat),Mohammad Belayet Hossain,120453
Noakhali 5,Islami Andolan Bangladesh (IAB),Abu Naser,6224
Noakhali 5,Janata Party,Md. Shawkat Hossain,4855
Noakhali 5,Jatiya Party (JaPa),Khaja Tanvir Ahmed,1684
Noakhali 5,Independent Candidate (Independent),Omar Ali,814
Noakhali 5,Jatiya Samajtantrik Dal (JSD),Md. Kamal Uddin Patwari,298
Noakhali 5,Islamic Front Bangladesh (IFB),Mohammad Shamchuddoha,277
Noakhali 5,Bangladesh Socialist Party (Marxist),Mun Tahar Begum,173
Noakhali 5,Insaniyat Biplob Bangladesh,Touhidul Islam,162
Noakhali 5,Bangladesh Republican Party (BRP),Mohammad Anisul Haque,141
Noakhali 5,Independent Candidate (Independent),Muhammad Yunus,133
Noakhali 6,National Citizen Party (NCP),Abdul Hannan Masud,91899
Noakhali 6,Bangladesh Nationalist Party (BNP),Mohammad Mahbuber Rahman,64021
Noakhali 6,Independent Candidate (Independent),Mohammad Fazlul Azim,4783
Noakhali 6,Independent Candidate (Independent),Tanbir Uddin Rajib,3764
Noakhali 6,Islami Andolan Bangladesh (IAB),Mohammad Nurul Islam Sharif,2197
Noakhali 6,Jatiya Samajtantrik Dal (JSD),Mohammad Abdul Motaleb,1239
Noakhali 6,Bangladesh Supreme Party (BSP),Amirul Islam Mohammad Abdul Malek,505
Noakhali 6,Jatiya Party (JaPa),A. T. M. Nabi Ullah,280
Noakhali 6,Gono Odhikar Parishad (GOP),Mohammad Azhar Uddin,191
Noakhali 6,Liberal Democratic Party (LDP),Mohammad Abul Hossain,86
Lakshmipur 1,Bangladesh Nationalist Party (BNP),Md. Shahadat Hossain,86811
Lakshmipur 1,National Citizen Party (NCP),Md. Mahbub Alam,59265
Lakshmipur 1,Islami Andolan Bangladesh (IAB),Md. Zakir Hossain Patwary,11156
Lakshmipur 1,Jatiya Party (JaPa),Mohammad Mahmudur Rahman Mahmud,414
Lakshmipur 1,Bangladesh Socialist Party (BASAD),Md. Billal Hossain,203
Lakshmipur 1,Gono Odhikar Parishad (GOP),Md. Kawsar Alam,115
Lakshmipur 1,Nationalist Democratic Movement (NDM),Md. Alamgir Hossain,106
Lakshmipur 2,Bangladesh Nationalist Party (BNP),Md. Abul Khair Bhuiyan,146321
Lakshmipur 2,Bangladesh Jamaat-e-Islami (Jamaat),S. U. M. Ruhul Amin Bhuiyan,133698
Lakshmipur 2,Islami Andolan Bangladesh (IAB),Helal Uddin,6774
Lakshmipur 2,Bangladesh Supreme Party (BSP),Md. Ibrahim Mia,1780
Lakshmipur 2,Gono Odhikar Parishad (GOP),Abul Bashar,424
Lakshmipur 2,Bangladesh Kallyan Party (BKP),Md. Farhad Mia,288
Lakshmipur 2,Nagorik Oikya (NO),Mohammad Rezaul Karim,253
Lakshmipur 3,Bangladesh Nationalist Party (BNP),Md. Shahid Uddin Chowdhury Annie,135612
Lakshmipur 3,Bangladesh Jamaat-e-Islami (Jamaat),Md. Rezaul Karim,122802
Lakshmipur 3,Islami Andolan Bangladesh (IAB),Md. Ibrahim,5051
Lakshmipur 3,Jatiya Party (JaPa),A. K. M. Mahi Uddin,1139
Lakshmipur 3,Liberal Democratic Party (LDP),Md. Samsuddin,488
Lakshmipur 3,National People's Party (NPP),Selim Mahmud,289
Lakshmipur 4,Bangladesh Nationalist Party (BNP),A. B. M. Ashraf Uddin (Nizan),115199
Lakshmipur 4,Bangladesh Jamaat-e-Islami (Jamaat),Md. Ashrafur Rahman Hafizullah,73756
Lakshmipur 4,Jatiya Samajtantrik Dal (JSD),Tania Rob,22040
Lakshmipur 4,Islami Andolan Bangladesh (IAB),Khaled Saifullah,21103
Lakshmipur 4,Bangladesh Socialist Party (BASAD),Milon Krishna Mondol,440
Lakshmipur 4,Independent Candidate (Independent),Nurul Huda Chowdhury,422
Lakshmipur 4,Independent Candidate (Independent),Sharaf Uddin Azad,411
Lakshmipur 4,Independent Candidate (Independent),A. N. M. Manjur Morshed,396
Lakshmipur 4,Gono Odhikar Parishad (GOP),Md. Redowan Ullah,259
Chattogram 1,Bangladesh Nationalist Party (BNP),Nurul Amin,128799
Chattogram 1,Bangladesh Jamaat-e-Islami (Jamaat),Mohammad Saifur Rahman,84538
Chattogram 1,Islami Andolan Bangladesh (IAB),Ferdous Ahmed Chowdhury,2108
Chattogram 1,Jatiya Party (JaPa),Syed Shahadat Hossain,1659
Chattogram 1,Insaniyat Biplob Bangladesh,Rezaul Karim,780
Chattogram 1,Bangladesh Muslim League (BML),Sheikh Zulfikar Bulbul Chowdhury,269
Chattogram 1,Jatiya Samajtantrik Dal (JSD),A. K. M. Abu Yusuf,258
Chattogram 2,Bangladesh Nationalist Party (BNP),Sarwar Alamgir,139831
Chattogram 2,Bangladesh Jamaat-e-Islami (Jamaat),Mohammad Nurul Amin,65550
Chattogram 2,Bangladesh Supreme Party (BSP),Shahzada Syed Saifuddin Ahmed,12737
Chattogram 2,Islami Andolan Bangladesh (IAB),Mohammad Zulfikar Ali Mannan,2248
Chattogram 2,Janata Party,Mohammad Golam Nawsher Ali,397
Chattogram 2,Independent Candidate (Independent),Jinnat Akter,276
Chattogram 2,Jatiya Party (JaPa),Ahmed Kabir,270
Chattogram 2,Gono Odhikar Parishad (GOP),Rabiul Hasan,266
Chattogram 3,Bangladesh Nationalist Party (BNP),Mostafa Kamal Pasha,73037
Chattogram 3,Bangladesh Jamaat-e-Islami (Jamaat),Muhammad Alauddin,39662
Chattogram 3,Islami Andolan Bangladesh (IAB),Mohammad Amzad Hossain,5145
Chattogram 3,Independent Candidate (Independent),Md. Moyahidul Mawla,308
Chattogram 4,Bangladesh Nationalist Party (BNP),Mohammad Aslam Chowdhury,143552
Chattogram 4,Bangladesh Jamaat-e-Islami (Jamaat),Md. Anwar Siddique,91404
Chattogram 4,Bangladesh Islami Front,Md. Sirajuddaula,7267
Chattogram 4,Islami Andolan Bangladesh (IAB),Md. Didarul Mawla,1337
Chattogram 4,Bangladesh Supreme Party (BSP),Md. Shahidul Islam Chowdhury,923
Chattogram 4,Communist Party of Bangladesh (CPB),Md. Masuddaula,738
Chattogram 4,Ganosanhati Andolan (GSA),Zahidul Alam,301
Chattogram 4,Bangladesh Nezam-e-Islam Party,Md. Zakaria Khaled,193
Chattogram 4,Gono Odhikar Parishad (GOP),A. T. M. Parvez,166
Chattogram 5,Bangladesh Nationalist Party (BNP),Mir Mohammad Helal Uddin,147054
Chattogram 5,Bangladesh Khelafat Majlish (BKM),Md. Nasir Uddin,46589
Chattogram 5,Islamic Front Bangladesh (IFB),Muhammad Rafiqul Islam,15420
Chattogram 5,Islami Andolan Bangladesh (IAB),Mati Ullah Nuri,2422
Chattogram 5,Jatiya Party (JaPa),Mohammad Imam Uddin Riyad,1129
Chattogram 5,Bangladesh Labour Party,Md. Alauddin,396
Chattogram 6,Bangladesh Nationalist Party (BNP),Giasuddin Qader Chowdhury,112237
Chattogram 6,Bangladesh Islami Front,Mohammad Ilias Nuri,27146
Chattogram 6,Bangladesh Jamaat-e-Islami (Jamaat),Md. Shahjahan Manju,22118
Chattogram 6,Ganosanhati Andolan (GSA),Nasir Uddin Talukdar,829
Chattogram 7,Bangladesh Nationalist Party (BNP),Humam Qader Chowdhury,101445
Chattogram 7,Bangladesh Jamaat-e-Islami (Jamaat),A. T. M. Rezaul Karim,41719
Chattogram 7,Bangladesh Islami Front,Muhammad Iqbal Hasan,30239
Chattogram 7,Islami Andolan Bangladesh (IAB),Abdullah Al Harun,1307
Chattogram 7,Communist Party of Bangladesh (CPB),Promod Baran Barua,441
Chattogram 7,Jatiya Party (JaPa),Md. Mehdi Rased,411
Chattogram 7,Amar Bangladesh Party (AB),Md. Abdur Rahman,158
Chattogram 7,Gono Odhikar Parishad (GOP),Md. Belal Uddin,129
Chattogram 8,Bangladesh Nationalist Party (BNP),Ershad Ullah,152969
Chattogram 8,Bangladesh Jamaat-e-Islami (Jamaat),Md. Abu Naser,53564
Chattogram 8,Bangladesh Islami Front,Syed Muhammad Hasan,42585
Chattogram 8,National Citizen Party (NCP),Md. Jobairul Hasan Arif,3349
Chattogram 8,Islami Andolan Bangladesh (IAB),Mohammad Nurul Alam,1208
Chattogram 8,Jatiya Party (JaPa),Mohammad Emdadul Haque,884
Chattogram 9,Bangladesh Nationalist Party (BNP),Mohammad Abu Sufian,109388
Chattogram 9,Bangladesh Jamaat-e-Islami (Jamaat),Dr. A. K. M. Fazlul Haque,53807
Chattogram 9,Islamic Front Bangladesh (IFB),Muhammad Wahed Murad,4204
Chattogram 9,Ganosanhati Andolan (GSA),Syed Mohammad Hasan Maruf,1040
Chattogram 9,Islami Andolan Bangladesh (IAB),Abdus Shukkur,941
Chattogram 9,Janata Party,Md. Haidar Ali Chowdhury,561
Chattogram 9,Bangladesh Socialist Party (Marxist),Md. Shafi Uddin Kabir,494
Chattogram 9,Jatiya Samajtantrik Dal (JSD),Abdul Momen Chowdhury,128
Chattogram 9,Jatiya Party (JaPa),Mohammad Naim Uddin,112
Chattogram 9,Nagorik Oikya (NO),Md. Nurul Absar Majumdar,107
Chattogram 10,Bangladesh Nationalist Party (BNP),Saeed Al Noman,122978
Chattogram 10,Bangladesh Jamaat-e-Islami (Jamaat),Muhammad Shamsuzzaman Helali,76919
Chattogram 10,Islami Andolan Bangladesh (IAB),Muhammad Jannatul Islam,3880
Chattogram 10,Islamic Front Bangladesh (IFB),Md. Liaqat Ali,2441
Chattogram 10,Jatiya Party (JaPa),Mohammad Emdad Hossain Chowdhury,1079
Chattogram 10,Insaniyat Biplob Bangladesh,Sabina Khatun,960
Chattogram 10,Jatiya Party (JaPa),Mohammad Arman Ali,357
Chattogram 10,Bangladesh Socialist Party (Marxist),Asma Akter,305
Chattogram 10,Bangladesh Labour Party,Md. Osman Gani,161
Chattogram 11,Bangladesh Nationalist Party (BNP),Amir Khasru Mahmud Chowdhury,115999
Chattogram 11,Bangladesh Jamaat-e-Islami (Jamaat),Mohammad Shafiul Alam,76681
Chattogram 11,Islamic Front Bangladesh (IFB),Muhammad Abu Taher,5127
Chattogram 11,Islami Andolan Bangladesh (IAB),Md. Nur Uddin,2557
Chattogram 11,Jatiya Party (JaPa),Abu Taher,1004
Chattogram 11,Gono Forum (GF),Ujjal Bhowmik,307
Chattogram 11,Bangladesh Socialist Party (Marxist),Deepa Majumdar,231
Chattogram 11,Insaniyat Biplob Bangladesh,Md. Aziz Mia,210
Chattogram 11,Independent Candidate (Independent),Mohammad Jahangir Bhuiyan,178
Chattogram 11,Bangladesh Socialist Party (BASAD),Md. Nizamul Haque Al Qaderi,120
Chattogram 11,Gono Odhikar Parishad (GOP),Muhammad Nezam Uddin,104
Chattogram 12,Bangladesh Nationalist Party (BNP),Mohammad Enamul Haque,135044
Chattogram 12,Bangladesh Islami Front,Syed Air Mohammad Peyaru,28999
Chattogram 12,Bangladesh Jamaat-e-Islami (Jamaat),Mohammad Faridul Alam,21706
Chattogram 12,Insaniyat Biplob Bangladesh,Mohammad Abu Taleb Helali,929
Chattogram 12,Islami Andolan Bangladesh (IAB),S. M. Belal Nur,901
Chattogram 12,Jatiya Party (JaPa),Farid Ahmed Chowdhury,732
Chattogram 12,Independent Candidate (Independent),Muhammad Shakhawat Hossain,243
Chattogram 12,Liberal Democratic Party (LDP),M. Yakub Ali,118
Chattogram 13,Bangladesh Nationalist Party (BNP),Sarwar Jamal Nizam,126192
Chattogram 13,Bangladesh Islami Front,S. M. Shahjahan,51450
Chattogram 13,Bangladesh Jamaat-e-Islami (Jamaat),Mahmudul Hasan,35030
Chattogram 13,Jatiya Party (JaPa),Abdur Rab Chowdhury,440
Chattogram 13,Nationalist Democratic Movement (NDM),Mohammad Emran,204
Chattogram 13,Insaniyat Biplob Bangladesh,Md. Rezaul Mostafa,191
Chattogram 13,Gono Odhikar Parishad (GOP),Md. Mujibur Rahman Chowdhury,168
Chattogram 14,Bangladesh Nationalist Party (BNP),Alhaj Jasim Uddin Ahmed,76493
Chattogram 14,Liberal Democratic Party (LDP),Omar Faruk,75467
Chattogram 14,Bangladesh Islami Front,Mawlana Md. Solaiman,22992
Chattogram 14,Independent Candidate (Independent),Mohammad Mizanul Haque Chowdhury,3630
Chattogram 14,Islami Andolan Bangladesh (IAB),Mohammad Abdul Hamid,1539
Chattogram 14,Jatiya Party (JaPa),Shafiqul Islam Rahi,1165
Chattogram 14,Jatiya Party (JaPa),Mohammad Badsha Mia,293
Chattogram 14,Insaniyat Biplob Bangladesh,H. M. Iliyas,149
Chattogram 15,Bangladesh Jamaat-e-Islami (Jamaat),Shahjahan Chowdhury,181238
Chattogram 15,Bangladesh Nationalist Party (BNP),Nazmul Mostafa Amin,130661
Chattogram 15,Islami Andolan Bangladesh (IAB),Shariful Alam Chowdhury,2909
Chattogram 16,Bangladesh Jamaat-e-Islami (Jamaat),Mohammad Jahirul Islam,93167
Chattogram 16,Bangladesh Nationalist Party (BNP),Mishkatul Islam Chowdhury,83105
Chattogram 16,Islami Andolan Bangladesh (IAB),Mohammad Liaqat Ali,55492
Chattogram 16,Islami Andolan Bangladesh (IAB),Hafez Ruhullah,4054
Chattogram 16,Islamic Front Bangladesh (IFB),Abdul Malek,844
Chattogram 16,Gono Odhikar Parishad (GOP),Md. Ariful Haque,243
Chattogram 16,Bangladesh Muslim League (BML),Ehsanul Haque,105
Cox's Bazar 1,Bangladesh Nationalist Party (BNP),Salahuddin Ahmed,222019
Cox's Bazar 1,Bangladesh Jamaat-e-Islami (Jamaat),Abdullah Al Faruq,129728
Cox's Bazar 1,Islami Andolan Bangladesh (IAB),Md. Sarwar Alam Kutubi,4528
Cox's Bazar 2,Bangladesh Nationalist Party (BNP),Alamgir Muhammad Mahfuz Ullah Farid,125543
Cox's Bazar 2,Bangladesh Jamaat-e-Islami (Jamaat),A. H. M. Hamidur Rahman Azad,91889
Cox's Bazar 2,Islami Andolan Bangladesh (IAB),Ziaul Haque,8799
Cox's Bazar 2,Jatiya Party (JaPa),Md. Mahmudul Karim,757
Cox's Bazar 2,Gono Odhikar Parishad (GOP),S. M. Rokonuzzaman Khan,197
Cox's Bazar 3,Bangladesh Nationalist Party (BNP),Lutfur Rahman,182096
Cox's Bazar 3,Bangladesh Jamaat-e-Islami (Jamaat),Shahidul Alam (Bahadur),161827
Cox's Bazar 3,Islami Andolan Bangladesh (IAB),Amirul Islam,5149
Cox's Bazar 3,Independent Candidate (Independent),Md. Ilias Mia,947
Cox's Bazar 3,Bangladesh Labour Party,Jagadish Barua,602
Cox's Bazar 3,Am Janata Party,Nurul Absar,367
Cox's Bazar 4,Bangladesh Nationalist Party (BNP),Shahjahan Chowdhury,123582
Cox's Bazar 4,Bangladesh Jamaat-e-Islami (Jamaat),Nur Ahmed Anwari,122033
Cox's Bazar 4,Islami Andolan Bangladesh (IAB),Nurul Haque,4338
Cox's Bazar 4,Nationalist Democratic Movement (NDM),Saifuddin Khaled,379
Khagrachhari 1,Bangladesh Nationalist Party (BNP),Abdul Wadud Bhuiyan,151040
Khagrachhari 1,Independent Candidate (Independent),Dharma Jyoti Chakma,68315
Khagrachhari 1,Bangladesh Jamaat-e-Islami (Jamaat),Md. Yakub Ali,58545
Khagrachhari 1,Independent Candidate (Independent),Samiran Dewan,47910
Khagrachhari 1,Islami Andolan Bangladesh (IAB),Md. Kawsar,3089
Khagrachhari 1,Bangladesh Minority People’s Party (BMJP),Ushyepru Marma,1030
Khagrachhari 1,Jatiya Party (JaPa),Mithila Roaza,1024
Khagrachhari 1,Independent Candidate (Independent),Jiruna Tripura,904
Khagrachhari 1,Gono Odhikar Parishad (GOP),Dinmoy Roaza,755
Khagrachhari 1,Insaniyat Biplob Bangladesh,Md. Nur Islam,683
Khagrachhari 1,Bangladesh Muslim League (BML),Md. Mostafa,184
Rangamati 1,Bangladesh Nationalist Party (BNP),Dipen Dewan,201544
Rangamati 1,Independent Candidate (Independent),Pahel Chakma,31222
Rangamati 1,Bangladesh Khelafat Majlish (BKM),Muhammad Abu Bakar Siddique,22715
Rangamati 1,Islami Andolan Bangladesh (IAB),Md. Jasim Uddin,3672
Rangamati 1,Jatiya Party (JaPa),Ashok Talukder,2974
Rangamati 1,Revolutionary Workers Party of Bangladesh (RWPB),Jui Chakma,1071
Rangamati 1,Gono Odhikar Parishad (GOP),Md. Abul Bashar (Badsha),449
Bandarban 1,Bangladesh Nationalist Party (BNP),Saching Pru,141455
Bandarban 1,National Citizen Party (NCP),Abu Sayeed Md. Suja Uddin,26162
Bandarban 1,Islami Andolan Bangladesh (IAB),Md. Abul Kalam Azad,4718
Bandarban 1,Jatiya Party (JaPa),Abu Zafar Mohammad Waliullah,2435
Tangail 1,Bangladesh Nationalist Party (BNP),Fakir Mahbub Anam,153932
Tangail 1,Bangladesh Jamaat-e-Islami (Jamaat),Muhammad Abdullahel Kafi,94462
Tangail 1,Independent Candidate (Independent),Md. Asadul Islam,28259
Tangail 1,Jatiya Party (JaPa),Muhammad Ilias Hossain,2194
Tangail 1,Islami Andolan Bangladesh (IAB),Md. Harun Or Rashid,1731
Tangail 1,Independent Candidate (Independent),Mohammad Ali,723
Tangail 2,Bangladesh Nationalist Party (BNP),Md. Abdus Salam Pintu,198213
Tangail 2,Bangladesh Jamaat-e-Islami (Jamaat),Md. Humayun Kabir,60871
Tangail 2,Islami Andolan Bangladesh (IAB),Md. Monowar Hossain Sagar,4777
Tangail 2,Jatiya Party (JaPa),Md. Humayun Kabir Talukdar,1854
Tangail 3,Independent Candidate (Independent),Md. Lutfar Rahman Khan Azad,107901
Tangail 3,Bangladesh Nationalist Party (BNP),S. M. Obaidul Haque,82769
Tangail 3,National Citizen Party (NCP),Saifullah Haider,34588
Tangail 3,Islami Andolan Bangladesh (IAB),Md. Rezaul Karim,4075
Tangail 3,Independent Candidate (Independent),Ainin Nahar,1087
Tangail 4,Bangladesh Nationalist Party (BNP),Md. Lutfar Rahman,105342
Tangail 4,Bangladesh Jamaat-e-Islami (Jamaat),Abdul Latif Siddiqui,62509
Tangail 4,Bangladesh Jamaat-e-Islami (Jamaat),Khandaker Abdur Razzak,50192
Tangail 4,Independent Candidate (Independent),Md. Abdul Halim Mia,4152
Tangail 4,Islami Andolan Bangladesh (IAB),Ali Amjad Hossain,1822
Tangail 4,Jatiya Party (JaPa),Md. Liaqat Ali,758
Tangail 5,Bangladesh Nationalist Party (BNP),Sultan Salauddin Tuku,131279
Tangail 5,Bangladesh Jamaat-e-Islami (Jamaat),Ahsan Habib,80283
Tangail 5,Jatiya Party (JaPa),Md. Farhad Iqbal,69408
Tangail 5,Islami Andolan Bangladesh (IAB),Khandaker Zakir Hossain,2600
Tangail 5,Jatiya Party (JaPa),Md. Mozammel Haque,1636
Tangail 5,Bangladesh Supreme Party (BSP),Md. Hasrat Khan Bhasani,1189
Tangail 5,Jatiya Samajtantrik Dal (JSD),Syed Khalekuzzaman Mostafa,1092
Tangail 5,Gono Odhikar Parishad (GOP),Md. Shafiqul Islam,263
Tangail 5,Ganosanhati Andolan (GSA),Fatema Akter,221
Tangail 5,Bangladesh Congress,A. K. M. Shafiqul Islam,109
Tangail 6,Bangladesh Nationalist Party (BNP),Md. Rabiul Awal,150952
Tangail 6,Bangladesh Jamaat-e-Islami (Jamaat),A. K. M. Abdul Hamid,91914
Tangail 6,Independent Candidate (Independent),Md. Jewel Sarkar,15161
Tangail 6,Islami Andolan Bangladesh (IAB),Md. Akhinur Mia,12068
Tangail 6,Islami Andolan Bangladesh (IAB),Md. Akhinur Mia,12068
Tangail 6,Jatiya Party (JaPa),Tarek Shams Khan,3489
Tangail 6,Independent Candidate (Independent),Muhammad Ashraful Islam,2996
Tangail 6,Jatiya Party (JaPa),Mohammad Mamunur Rahim,1166
Tangail 7,Bangladesh Nationalist Party (BNP),Abul Kalam Azad Siddiqui,141253
Tangail 7,Bangladesh Jamaat-e-Islami (Jamaat),Mohammad Abdullah Ebne Abul Hossain,71040
Tangail 7,Bangladesh Republican Party (BRP),Md. Tofazzal Hossain,1492
Tangail 8,Bangladesh Nationalist Party (BNP),Ahmed Azam Khan,114217
Tangail 8,Jatiya Party (JaPa),Salauddin Alamgir,77130
Tangail 8,Bangladesh Jamaat-e-Islami (Jamaat),Md. Shafiqul Islam Khan,55709
Tangail 8,Jatiya Party (JaPa),Md. Nazmul Hasan,565
Tangail 8,Revolutionary Workers Party of Bangladesh (RWPB),Awal Mahmud,510
Tangail 8,Am Janata Party,Md. Alamgir Hossain,330
Kishoreganj 1,Bangladesh Nationalist Party (BNP),Mazharul Islam,124035
Kishoreganj 1,Bangladesh Khelafat Majlish (BKM),Hedayatullah Hadi,101132
Kishoreganj 1,Independent Candidate (Independent),Md. Rezaul Karim Khan,37334
Kishoreganj 1,Bangladesh Socialist Party (Marxist),Alal Mia,960
Kishoreganj 1,Communist Party of Bangladesh (CPB),Md. Enamul Haque,925
Kishoreganj 1,Khelafat Majlis,Ahmed Ali,684
Kishoreganj 1,National People's Party (NPP),Tarek Mohammad Shahidul Islam,247
Kishoreganj 1,Bangladesh Socialist Party (BASAD),Md. Masud Mia,234
Kishoreganj 2,Bangladesh Nationalist Party (BNP),Advocate Md. Jalal Uddin,143669
Kishoreganj 2,Bangladesh Jamaat-e-Islami (Jamaat),Md. Shafiqul Islam,120975
Kishoreganj 2,Islami Andolan Bangladesh (IAB),Md. Abul Basar Rezwan,3566
Kishoreganj 2,Jatiya Party (JaPa),Md. Afzal Hossain Bhuiyan,2113
Kishoreganj 2,Independent Candidate (Independent),Nur Uddin Ahmed,1313
Kishoreganj 2,Gono Odhikar Parishad (GOP),Md. Shafiqul Islam,395
Kishoreganj 2,Independent Candidate (Independent),Md. Anisuzzaman Khokon,363
Kishoreganj 2,Bangladesh Nationalist Front (BNF),Md. Billal Hossain,222
Kishoreganj 3,Bangladesh Nationalist Party (BNP),Dr. Muhammad Osman Faruq,112466
Kishoreganj 3,Bangladesh Jamaat-e-Islami (Jamaat),Jihad Khan,102476
Kishoreganj 3,Islami Andolan Bangladesh (IAB),Md. Alamgir Hossain,10777
Kishoreganj 3,Independent Candidate (Independent),A. K. M. Alamgir,1487
Kishoreganj 3,Jatiya Party (JaPa),Md. Abu Bakar Siddique,1249
Kishoreganj 3,Ganatantri Party (GP),Dilowar Hossain Bhuiyan,191
Kishoreganj 3,National People's Party (NPP),Mohammad Aminul Islam,118
Kishoreganj 4,Bangladesh Nationalist Party (BNP),Md. Fazlur Rahman,132553
Kishoreganj 4,Bangladesh Jamaat-e-Islami (Jamaat),Md. Rokon Reza Sheikh,55646
Kishoreganj 4,Independent Candidate (Independent),Kazi Reha Kabir,2972
Kishoreganj 4,Independent Candidate (Independent),Md. Shaheen Reza Chowdhury,2537
Kishoreganj 4,Islami Andolan Bangladesh (IAB),Billal Ahmed Majumdar,2487
Kishoreganj 4,Bangladesh Khelafat Majlish (BKM),Khairul Islam Thakur,879
Kishoreganj 4,Jatiya Party (JaPa),Nurul Islam,516
Kishoreganj 4,National People's Party (NPP),Md. Zainal Abedin,105
Kishoreganj 5,Independent Candidate (Independent),Sheikh Mojibur Rahman Iqbal,79604
Kishoreganj 5,Bangladesh Nationalist Party (BNP),Syed Ehsanul Huda,66450
Kishoreganj 5,Bangladesh Jamaat-e-Islami (Jamaat),Md. Ramzan Ali,54400
Kishoreganj 5,Islami Andolan Bangladesh (IAB),Mohammad Delawar Hossain,2688
Kishoreganj 5,Independent Candidate (Independent),A. H. M. Qayyum (Hasnat Qayyum),1897
Kishoreganj 5,Bangladesh Islami Front,Md. Oli Ullah,1313
Kishoreganj 5,Jatiya Party (JaPa),Md. Mahbubul Alam,295
Kishoreganj 5,Bangladesh Muslim League (BML),Md. Sazzad Hossain,135
Kishoreganj 6,Bangladesh Nationalist Party (BNP),Md. Shariful Alam,187159
Kishoreganj 6,Bangladesh Khelafat Majlish (BKM),Ataullah Amin,44095
Kishoreganj 6,Islami Andolan Bangladesh (IAB),Mohammad Musa Khan,2411
Kishoreganj 6,Bangladesh Islami Front,Md. Rubel Hossain,2172
Kishoreganj 6,Jatiya Party (JaPa),Mohammad Ayub Hossain,806
Kishoreganj 6,Insaniyat Biplob Bangladesh,Naimul Hasan,630
Kishoreganj 6,Communist Party of Bangladesh (CPB),Dr. Mohammad Habil Mia,312
Kishoreganj 6,Gono Forum (GF),Shafi Uddin Ahmad,220
Kishoreganj 6,National People's Party (NPP),Md. Nazrul Islam,185
Manikganj 1,Bangladesh Nationalist Party (BNP),S. A. Jinnah Kabir,137773
Manikganj 1,Independent Candidate (Independent),Md. Tozammel Haque,77818
Manikganj 1,Bangladesh Jamaat-e-Islami (Jamaat),Abu Bakar Siddique,71310
Manikganj 1,Independent Candidate (Independent),Md. Abdul Ali Bepari,6966
Manikganj 1,Islami Andolan Bangladesh (IAB),Md. Khorshed Alam,3247
Manikganj 1,Gono Odhikar Parishad (GOP),Mohammad Ilias Hossain,1066
Manikganj 1,Janata Party,Mohammad Shahjahan Khan,283
Manikganj 2,Bangladesh Nationalist Party (BNP),Mainul Islam Khan,175776
Manikganj 2,Khelafat Majlis,Md. Salah Uddin,81531
Manikganj 2,Jatiya Party (JaPa),S. M. Abdul Mannan,7081
Manikganj 2,Islami Andolan Bangladesh (IAB),Mohammad Ali,3847
Manikganj 3,Bangladesh Nationalist Party (BNP),Afroza Khanam,167345
Manikganj 3,Bangladesh Khelafat Majlish (BKM),Muhammad Saeed Noor,64242
Manikganj 3,Independent Candidate (Independent),Md. Ataur Rahman Ata,20551
Manikganj 3,Independent Candidate (Independent),Rafiqul Islam Khan,3610
Manikganj 3,Bangladesh Jatiya Samajtantrik Dal (Bangladesh JaSad),Md. Shahjahan Ali,3510
Manikganj 3,Islami Andolan Bangladesh (IAB),Samsuddin,2787
Manikganj 3,Jatiya Party (JaPa),Abul Bashar Badsha,1966
Manikganj 3,Jatiya Party (JaPa),Moyazzem Hossain Khan Majlish,1337
Manikganj 3,Independent Candidate (Independent),Mofijul Islam Khan Kamal,684
Munshiganj 1,Bangladesh Nationalist Party (BNP),Md. Abdullah,167562
Munshiganj 1,Bangladesh Jamaat-e-Islami (Jamaat),A. K. M. Fakhruddin Razi,101568
Munshiganj 1,Independent Candidate (Independent),Mohammad Momin Ali,30678
Munshiganj 1,Islami Andolan Bangladesh (IAB),Md. Atiqur Rahman Khan,9039
Munshiganj 1,Communist Party of Bangladesh (CPB),Abdur Rahman,443
Munshiganj 1,Insaniyat Biplob Bangladesh,Rokeya Akter,320
Munshiganj 2,Bangladesh Nationalist Party (BNP),Abdus Salam Azad,121154
Munshiganj 2,National Citizen Party (NCP),Majedul Islam,58573
Munshiganj 2,Islami Andolan Bangladesh (IAB),K. M. Billal,13387
Munshiganj 2,Jatiya Party (JaPa),Md. Noman Mia,2857
Munshiganj 2,Islamic Front Bangladesh (IFB),Ashiq Mahmud,651
Munshiganj 3,Bangladesh Nationalist Party (BNP),Md. Kamruzzaman,124691
Munshiganj 3,Independent Candidate (Independent),Md. Mohiuddin,88936
Munshiganj 3,Bangladesh Khelafat Majlish (BKM),Noor Hossain Noorani,54456
Munshiganj 3,Islami Andolan Bangladesh (IAB),Suman Dewan,6392
Munshiganj 3,Jatiya Party (JaPa),Md. Arifuzzaman (Didar),804
Munshiganj 3,Communist Party of Bangladesh (CPB),Sheikh Md. Kamal Hossain,304
Munshiganj 3,Revolutionary Workers Party of Bangladesh (RWPB),Sheikh Md. Shimul,174
Munshiganj 3,Bangladesh Labour Party,Anis Mollah,155
Dhaka 1,Bangladesh Nationalist Party (BNP),Khandaker Abu Ashfaq,173781
Dhaka 1,Bangladesh Jamaat-e-Islami (Jamaat),Mohammad Nazrul Islam,112622
Dhaka 1,Islami Andolan Bangladesh (IAB),Nurul Islam,6607
Dhaka 1,Independent Candidate (Independent),Antara Selima Huda,4880
Dhaka 1,Jatiya Party (JaPa),Md. Nasir Uddin Molla,1362
Dhaka 1,Bangladesh Labour Party,Sheikh Md. Ali,271
Dhaka 2,Bangladesh Nationalist Party (BNP),Md. Amanullah Aman,163793
Dhaka 2,Bangladesh Jamaat-e-Islami (Jamaat),Md. Abdul Haque,80053
Dhaka 2,Islami Andolan Bangladesh (IAB),Md. Jahirul Islam,6352
Dhaka 3,Bangladesh Nationalist Party (BNP),Gayeshwar Chandra Roy,99163
Dhaka 3,Bangladesh Jamaat-e-Islami (Jamaat),Md. Shahinur Islam,83264
Dhaka 3,Islami Andolan Bangladesh (IAB),Md. Sultan Ahmad Khan,6286
Dhaka 3,Jatiya Party (JaPa),Md. Faruk,1075
Dhaka 3,Ganosanhati Andolan (GSA),Md. Bacchu Bhuiyan,378
Dhaka 3,Independent Candidate (Independent),Md. Monir Hossain,313
Dhaka 3,Bangladesh Socialist Party (BASAD),Mojibur Howlader,196
Dhaka 3,Gono Forum (GF),Muhammad Rawshan Yazdani,182
Dhaka 3,Bangladesh Congress,Mohammad Jafar,155
Dhaka 3,Gono Odhikar Parishad (GOP),Md. Sazzad,97
Dhaka 4,Bangladesh Jamaat-e-Islami (Jamaat),Syed Zainul Abedin,77367
Dhaka 4,Bangladesh Nationalist Party (BNP),Tanvir Ahmed,74447
Dhaka 4,Islami Andolan Bangladesh (IAB),Syed Md. Mosaddeq Billah,6518
Dhaka 4,Independent Candidate (Independent),Mohammad Mizanur Rahman,2867
Dhaka 4,Communist Party of Bangladesh (CPB),Mohammad Firoz Alam,367
Dhaka 4,Janata Party,Md. Abul Kalam Azad,191
Dhaka 4,Bangladesh Socialist Party (BASAD),Md. Zakir Hossain,184
Dhaka 4,Bangladesh Cultural Liberation Front (Muktijot),Sahel Ahmed Sohel,128
Dhaka 5,Bangladesh Jamaat-e-Islami (Jamaat),Mohammad Kamal Hossain,96641
Dhaka 5,Bangladesh Nationalist Party (BNP),Md. Nabi Ullah,87491
Dhaka 5,Islami Andolan Bangladesh (IAB),Md. Ibrahim,14206
Dhaka 5,Jatiya Party (JaPa),Mir Abdus Sabur,1346
Dhaka 5,Liberal Democratic Party (LDP),Md. Humayun Kabir,788
Dhaka 5,Bangladesh Congress,Md. Saiful Alam,262
Dhaka 5,Bangladesh Socialist Party (Marxist),Shahinur Akter Sumi,221
Dhaka 5,Communist Party of Bangladesh (CPB),Tofazzal Hossain Mostafa,206
Dhaka 5,Gono Odhikar Parishad (GOP),Syed Mohammad Ibrahim,93
Dhaka 5,Bangladesh Labour Party,Md. Golam Azam,81
Dhaka 5,Bangladesh Cultural Liberation Front (Muktijot),Md. Taifur Rahman Rahi,35
Dhaka 6,Bangladesh Nationalist Party (BNP),Ishraq Hossain,78850
Dhaka 6,Bangladesh Jamaat-e-Islami (Jamaat),Md. Abdul Mannan,55697
Dhaka 6,Jatiya Party (JaPa),Amir Uddin Ahmed (Dalu),1778
Dhaka 6,Bangladesh Congress,Md. Yunus Ali Akand,319
Dhaka 6,Bangladesh Muslim League (BML),Md. Aktar Hossain,245
Dhaka 6,Gono Front,Ahmed Ali Sheikh,152
Dhaka 6,Gono Odhikar Parishad (GOP),Md. Fakhrul Islam,138
Dhaka 7,Bangladesh Nationalist Party (BNP),Hamidur Rahman,104666
Dhaka 7,Bangladesh Jamaat-e-Islami (Jamaat),Md. Enayet Ullah,98483
Dhaka 7,Independent Candidate (Independent),Mohammad Ishaq Sarkar,11517
Dhaka 7,Islami Andolan Bangladesh (IAB),Md. Abdur Rahman,5081
Dhaka 7,Bangladesh Khelafat Andolon (BKA),Md. Habibullah,2783
Dhaka 7,Jatiya Party (JaPa),Mohammad Saifuddin Ahmed Milon,2294
Dhaka 7,Bangladesh Socialist Party (Marxist),Seema Dutta,677
Dhaka 7,Bangladesh Republican Party (BRP),Shafiqul Rahman,218
Dhaka 7,Jatiya Samajtantrik Dal (JSD),Shahana Selim,208
Dhaka 7,Bangladesh Cultural Liberation Front (Muktijot),Maksudur Rahman,150
Dhaka 7,Bangladesh Jatiya Party (BJP),Md. Shahidul Islam,98
Dhaka 8,Bangladesh Nationalist Party (BNP),Mirza Abbas Uddin Ahmed,59366
Dhaka 8,National Citizen Party (NCP),Muhammad Nasiruddin Patwari,54127
Dhaka 8,Islami Andolan Bangladesh (IAB),Kefayet Ullah,1436
Dhaka 8,Jatiya Party (JaPa),Md. Zuber Alam Khan,731
Dhaka 8,Communist Party of Bangladesh (CPB),Tridip Kumar Saha,714
Dhaka 8,Gono Odhikar Parishad (GOP),Meghna Alam,608
Dhaka 8,Bangladesh Islami Front,S. M. Sarwar,326
Dhaka 8,Janata Party,Md. Golam Sarwar,129
Dhaka 8,Bangladesh Socialist Party (Marxist),AHM Rafiquzzaman Akand,96
Dhaka 8,Bangladesh Cultural Liberation Front (Muktijot),Md. Russell Kabir,78
Dhaka 8,Bangladesh Jatiya Samajtantrik Dal (Bangladesh JaSad),AFM Ismail Chowdhury,56
Dhaka 9,Bangladesh Nationalist Party (BNP),Habibur Rashid,111212
Dhaka 9,National Citizen Party (NCP),Mohammad Jabed Mia,53460
Dhaka 9,Independent Candidate (Independent),Tasnim Jara,44684
Dhaka 9,Islami Andolan Bangladesh (IAB),Shah Iftekhar Ahsan,5827
Dhaka 9,Jatiya Party (JaPa),Kazi Abul Khair,1202
Dhaka 9,Communist Party of Bangladesh (CPB),Md. Moniruzzaman,462
Dhaka 9,National People's Party (NPP),Shahin Khan,204
Dhaka 9,Gono Forum (GF),Najma Akter,171
Dhaka 9,Insaniyat Biplob Bangladesh,Nahid Hasan Chowdhury Junaid,131
Dhaka 9,Bangladesh Nationalist Front (BNF),Mohammad Shafi Ullah Chowdhury,124
Dhaka 9,Bangladesh Muslim League (BML),Masud Hossain,118
Dhaka 9,Bangladesh Socialist Party (Marxist),Khandaker Mizanur Rahman,93
Dhaka 10,Bangladesh Nationalist Party (BNP),Sheikh Rabiul Alam,79035
Dhaka 10,Bangladesh Jamaat-e-Islami (Jamaat),Md. Jasim Uddin Sarkar,74773
Dhaka 10,Bangladesh Labour Party,Abul Kalam Azad,0
Dhaka 10,Am Janata Party,Abdullah Al Hossain,0
Dhaka 10,Amar Bangladesh Party (AB),Nasreen Sultana,0
Dhaka 10,Jatiya Party (JaPa),Bahni Bepari,0
Dhaka 10,Islami Andolan Bangladesh (IAB),Md. A. Awal,0
Dhaka 10,Bangladesh Cultural Liberation Front (Muktijot),Md. Anichur Rahman,0
Dhaka 10,Bangladesh Republican Party (BRP),Md. Abu Hanif Hridoy,0
Dhaka 10,Am Janata Party,Md. Zakir Hossain,0
Dhaka 11,National Citizen Party (NCP),Md. Nahid Islam,93872
Dhaka 11,Bangladesh Nationalist Party (BNP),M. A. Qayyum,91833
Dhaka 11,Islami Andolan Bangladesh (IAB),Sheikh Md. Fazle Bari Masud,4375
Dhaka 11,Jatiya Party (JaPa),Shamim Ahmed,1048
Dhaka 11,Independent Candidate (Independent),Kohinur Akter Bithi,794
Dhaka 11,Bangladesh Republican Party (BRP),Md. Zakir Hossain,283
Dhaka 11,National People's Party (NPP),Md. Mizanur Rahman,241
Dhaka 11,Bangladesh Cultural Liberation Front (Muktijot),Kazi Md. Shahidullah,196
Dhaka 11,Gono Forum (GF),Md. Abdul Qader,130
Dhaka 11,Gono Odhikar Parishad (GOP),Md. Arifur Rahman,81
Dhaka 12,Revolutionary Workers Party of Bangladesh (RWPB),Saiful Haque,30963
Dhaka 12,Independent Candidate (Independent),Saiful Alam Nirab,29869
Dhaka 12,Bangladesh Jamaat-e-Islami (Jamaat),Md. Saiful Alam,9741
Dhaka 12,Islami Andolan Bangladesh (IAB),Mahmudul Hasan,2058
Dhaka 12,Jatiya Party (JaPa),Sarkar Mohammad Salauddin,1770
Dhaka 12,Ganosanhati Andolan (GSA),Taslima Akhter,1511
Dhaka 12,Am Janata Party,Md. Tarek Rahman,1044
Dhaka 12,Communist Party of Bangladesh (CPB),Kallol Banik,453
Dhaka 12,Bangladesh Islami Front,Mohammad Shahjalal,184
Dhaka 12,Janata Party,Farid Ahmed,175
Dhaka 12,Insaniyat Biplob Bangladesh,Mosammat Salma Akter,133
Dhaka 12,Gono Odhikar Parishad (GOP),Abul Bashar Chowdhury,115
Dhaka 12,Bangladesh Cultural Liberation Front (Muktijot),Muntasir Mahmud,115
Dhaka 12,Nationalist Democratic Movement (NDM),Mominul Amin,58
Dhaka 12,Bangladesh Jatiya Party (BJP),Mohammad Naim Hasan,47
Dhaka 13,Bangladesh Nationalist Party (BNP),Bobby Hajjaj,88387
Dhaka 13,Bangladesh Khelafat Majlish (BKM),Md. Mamunul Haque,86067
Dhaka 13,Independent Candidate (Independent),Sheikh Md. Rabiul Islam,972
Dhaka 13,Independent Candidate (Independent),Sohel Rana,711
Dhaka 13,Insaniyat Biplob Bangladesh,Fatema Akter Munia,513
Dhaka 13,Bangladesh Socialist Party (BASAD),Md. Khalekuzzaman,486
Dhaka 13,Bangladesh Muslim League (BML),Shahriar Iftekhar,464
Dhaka 13,Gono Odhikar Parishad (GOP),Mizanur Rahman,336
Dhaka 13,Bangladesh Minority People’s Party (BMJP),Md. Shahabuddin,331
Dhaka 14,Bangladesh Jamaat-e-Islami (Jamaat),Mir Ahmad Bin Qasem,101113
Dhaka 14,Bangladesh Nationalist Party (BNP),Sanzida Islam,83323
Dhaka 14,Independent Candidate (Independent),Syed Abu Bakar Siddique,16328
Dhaka 14,Islami Andolan Bangladesh (IAB),Md. Abu Yusuf,3760
Dhaka 14,Jatiya Party (JaPa),Md. Helal Uddin,857
Dhaka 14,Liberal Democratic Party (LDP),Md. Sohel Rana,385
Dhaka 14,Communist Party of Bangladesh (CPB),Riyaz Uddin,369
Dhaka 14,Bangladesh Supreme Party (BSP),Md. Osman Ali,302
Dhaka 14,Jatiya Samajtantrik Dal (JSD),Nurul Amin,219
Dhaka 14,Amar Bangladesh Party (AB),Mohammad Moniruzzaman,138
Dhaka 14,Bangladesh Republican Party (BRP),Md. Liton,83
Dhaka 14,Gono Forum (GF),Md. Jasim Uddin,79
Dhaka 15,Bangladesh Jamaat-e-Islami (Jamaat),Md. Shafiqul Rahman,85131
Dhaka 15,Bangladesh Nationalist Party (BNP),Md. Shafiqul Islam Khan,63517
Dhaka 15,Jatiya Party (JaPa),Md. Shamsul Haque,1421
Dhaka 15,Communist Party of Bangladesh (CPB),Ahmad Sajedul Haque,796
Dhaka 15,Am Janata Party,Md. Nilav Parvez,705
Dhaka 15,Janata Party,Khan Shoaib Aman Ullah,378
Dhaka 15,Bangladesh Supreme Party (BSP),Mobarak Hossain,326
Dhaka 15,Bangladesh Jatiya Samajtantrik Dal (Bangladesh JaSad),Md. Ashfaqur Rahman,210
Dhaka 16,Bangladesh Jamaat-e-Islami (Jamaat),Md. Abdul Baten,88828
Dhaka 16,Bangladesh Nationalist Party (BNP),Md. Aminul Haque,85467
Dhaka 16,Islami Andolan Bangladesh (IAB),Md. Saiful Islam,3679
Dhaka 16,Jatiya Party (JaPa),Md. Sultan Ahmed Selim,1464
Dhaka 16,Bangladesh Labour Party,Alhajj A. K. M. Moyazzem Hossain,494
Dhaka 16,Bangladesh Socialist Party (Marxist),Md. Rashidul Islam,209
Dhaka 16,National People's Party (NPP),Md. Tarikul Islam,167
Dhaka 16,Bangladesh Cultural Liberation Front (Muktijot),Md. Abdul Qader Jilani,142
Dhaka 16,Bangladesh Jatiya Party (BJP),Md. Nazmul Haque,138
Dhaka 16,Gono Odhikar Parishad (GOP),Md. Mamun Hossain,109
Dhaka 16,Bangladesh Khelafat Andolon (BKA),Mohammad Touhiduzzaman,102
Dhaka 17,Bangladesh Nationalist Party (BNP),Tareq Rahman,72699
Dhaka 17,Bangladesh Jamaat-e-Islami (Jamaat),S. M. Khaliduzzaman,68300
Dhaka 17,Islami Andolan Bangladesh (IAB),Mohammad Ullah,1768
Dhaka 17,Jatiya Party (JaPa),Atik Ahmed,1168
Dhaka 17,Jatiya Party (JaPa),Tapu Raihan,1041
Dhaka 17,Independent Candidate (Independent),Kazi Enayet Ullah,167
Dhaka 17,Bangladesh Congress,Md. Shamim Ahmed,130
Dhaka 17,Independent Candidate (Independent),Md. Anisuzzaman Khokon,111
Dhaka 17,Bangladesh Jatiya Party (BJP),Kamrul Hasan Nasim,92
Dhaka 17,Insaniyat Biplob Bangladesh,Manjur Humayun,80
Dhaka 17,Bangladesh Nationalist Front (BNF),S. M. Abul Kalam Azad,61
Dhaka 17,Bangladesh Labour Party,Muhammad Rashidul Haque,60
Dhaka 18,Bangladesh Nationalist Party (BNP),S. M. Jahangir Hossain,144715
Dhaka 18,National Citizen Party (NCP),Ariful Islam,111297
Dhaka 18,Islami Andolan Bangladesh (IAB),Md. Anwar Hossain,4727
Dhaka 18,Independent Candidate (Independent),Md. Mohiuddin Howladar,3205
Dhaka 18,Jatiya Party (JaPa),Md. Zakir Hossain,2557
Dhaka 18,Bangladesh Islami Front,Md. Jasim Uddin,1647
Dhaka 18,Independent Candidate (Independent),Md. Ismail Hossain,930
Dhaka 18,Nagorik Oikya (NO),Mahmudur Rahman Manna,350
Dhaka 18,National People's Party (NPP),Mrs. Sabina Jabed,301
Dhaka 18,Bangladesh Socialist Party (BASAD),Syed Harun-or-Rashid,260
Dhaka 19,Bangladesh Nationalist Party (BNP),Dewan Mohammad Salauddin,101956
Dhaka 19,National Citizen Party (NCP),Dilshana Parul,61269
Dhaka 19,Liberal Democratic Party (LDP),Chowdhury Hasan Sarwardi,0
Dhaka 19,National People's Party (NPP),Md. Israfil Hossain Savari,0
Dhaka 19,Bangladesh Muslim League (BML),Md. Kamrul,0
Dhaka 19,Jatiya Party (JaPa),Md. Bahadur Islam,0
Dhaka 19,Islami Andolan Bangladesh (IAB),Mohammad Faruk Khan,0
Dhaka 19,Gono Odhikar Parishad (GOP),Sheikh Shawkat Hossain,0
Dhaka 20,Bangladesh Nationalist Party (BNP),Md. Tamij Uddin,162504
Dhaka 20,National Citizen Party (NCP),Nabila Tasnid,57787
Dhaka 20,Khelafat Majlis,Md. Ashraf Ali,9255
Dhaka 20,Jatiya Party (JaPa),Ahsan Khan,3135
Dhaka 20,Amar Bangladesh Party (AB),Helal Uddin Ahmed,492
Dhaka 20,Bangladesh Jatiya Samajtantrik Dal (Bangladesh JaSad),Md. Arju Mia,207
Gazipur 1,Bangladesh Nationalist Party (BNP),Md. Mujibur Rahman,208688
Gazipur 1,Bangladesh Jamaat-e-Islami (Jamaat),Md. Shah Alam Bokshi,149553
Gazipur 1,Independent Candidate (Independent),Md. Imarat Hossain Khan,6703
Gazipur 1,Islami Andolan Bangladesh (IAB),Ruhul Amin,5696
Gazipur 1,Jatiya Party (JaPa),S. M. Shafiqul Islam,3325
Gazipur 1,Bangladesh Socialist Party (Marxist),Taslima Akter,232
Gazipur 1,Bangladesh Labour Party,Chowdhury Erad Ahmed Siddiqui,168
Gazipur 1,Gono Front,Atikul Islam,129
Gazipur 2,Bangladesh Nationalist Party (BNP),M. Manjurul Karim Rony,188606
Gazipur 2,National Citizen Party (NCP),Ali Naser Khan,140950
Gazipur 2,Islami Andolan Bangladesh (IAB),Hanif Sarkar,12657
Gazipur 2,Jatiya Party (JaPa),Md. Mahbub Alam,4125
Gazipur 2,Communist Party of Bangladesh (CPB),Md. Ziaul Kabir,1397
Gazipur 2,Bangladesh Socialist Party (BASAD),Md. Abdul Qayyum,1155
Gazipur 2,Janata Party,Mohammad Shariful Islam,537
Gazipur 2,Independent Candidate (Independent),Jit Barua,444
Gazipur 2,Jatiya Party (JaPa),Sarkar Taslima Afroze,417
Gazipur 2,Bangladesh Socialist Party (Marxist),Masud Reza,250
Gazipur 2,Gono Odhikar Parishad (GOP),Mahfuzur Rahman Khan,245
Gazipur 2,Gono Front,Atikul Islam,200
Gazipur 3,Bangladesh Nationalist Party (BNP),S. M. Rafiqul Islam,162343
Gazipur 3,Bangladesh Khelafat Majlish (BKM),Muhammad Ehsanul Haque,100539
Gazipur 3,Independent Candidate (Independent),Md. Ejadur Rahman Chowdhury,21963
Gazipur 3,Islami Andolan Bangladesh (IAB),Alamgir Hossain,6036
Gazipur 3,Islamic Front Bangladesh (IFB),Hafiz Mawlana Mufti Shamim Ahmed,2332
Gazipur 3,Jatiya Party (JaPa),Md. Nazim Uddin,1995
Gazipur 3,Bangladesh Socialist Party (BASAD),Ashikul Islam Piyal,484
Gazipur 4,Bangladesh Jamaat-e-Islami (Jamaat),Salah Uddin,101779
Gazipur 4,Bangladesh Nationalist Party (BNP),Shah Riazul Hannan,90390
Gazipur 4,Islami Andolan Bangladesh (IAB),Md. Kazim Uddin,2348
Gazipur 4,Jatiya Party (JaPa),Enamul Kabir,2147
Gazipur 4,Independent Candidate (Independent),Md. Shafiullah,1521
Gazipur 4,Communist Party of Bangladesh (CPB),Manabendra Deb,1091
Gazipur 4,Am Janata Party,Md. Zakir Hossain,278
Gazipur 4,National People's Party (NPP),Monir Hossain,0
Gazipur 5,Bangladesh Nationalist Party (BNP),A. K. M. Fazlul Haque Milon,133869
Gazipur 5,Bangladesh Jamaat-e-Islami (Jamaat),Md. Khairul Hasan,78123
Gazipur 5,Janata Party,Md. Azam Khan,6592
Gazipur 5,Islami Andolan Bangladesh (IAB),Gazi Ataur Rahman,4411
Gazipur 5,Jatiya Party (JaPa),Dr. Md. Safiuddin Sarkar,1497
Gazipur 5,Islamic Front Bangladesh (IFB),Md. Al Amin Dewan,837
Gazipur 5,Gono Forum (GF),Md. Kajol Bhuiyan,223
Narsingdi 1,Bangladesh Nationalist Party (BNP),Khairul Kabir Khokon,161405
Narsingdi 1,Bangladesh Jamaat-e-Islami (Jamaat),Md. Ibrahim Bhuiyan,92930
Narsingdi 1,Islami Andolan Bangladesh (IAB),Md. Ashraf Hossain Bhuiyan,13547
Narsingdi 1,Jatiya Party (JaPa),Mohammad Mostafa Jamal,1012
Narsingdi 1,Bangladesh Islami Front,Sakhawat Hossain,955
Narsingdi 1,Gono Odhikar Parishad (GOP),Shirin Akter,485
Narsingdi 1,Insaniyat Biplob Bangladesh,Hamidul Haque Parvez,207
Narsingdi 1,Gono Forum (GF),Shahiduzzaman Chowdhury,179
Narsingdi 2,Bangladesh Nationalist Party (BNP),Dr. Abdul Moin Khan,92739
Narsingdi 2,Bangladesh Jamaat-e-Islami (Jamaat),Md. Amzad Hossain,55920
Narsingdi 2,National Citizen Party (NCP),Md. Golam Sarwar,19540
Narsingdi 2,Jatiya Party (JaPa),ANM Rafiqul Alam Selim,1285
Narsingdi 2,Islamic Front Bangladesh (IFB),Asif Iqbal,708
Narsingdi 2,Insaniyat Biplob Bangladesh,Mohammad Ibrahim,235
Narsingdi 3,Bangladesh Nationalist Party (BNP),Monjur Elahi,82061
Narsingdi 3,Independent Candidate (Independent),Md. Arif-ul-Islam Mridha,45682
Narsingdi 3,Bangladesh Khelafat Majlish (BKM),Md. Rakibul Islam (Rakib),25493
Narsingdi 3,Islami Andolan Bangladesh (IAB),Md. Waez Hossain Bhuiyan,6843
Narsingdi 3,Bangladesh Jamaat-e-Islami (Jamaat),Md. Mostafizur Rahman,5066
Narsingdi 3,Zaker Party (ZP),Abu Sadat Mohammad Sayem Ali Pathan,1784
Narsingdi 3,Insaniyat Biplob Bangladesh,Raihan Mia,622
Narsingdi 3,Jatiya Party (JaPa),AKM Rezaul Karim,266
Narsingdi 4,Bangladesh Nationalist Party (BNP),Sardar Md. Sakhawat Hossain,163392
Narsingdi 4,Bangladesh Jamaat-e-Islami (Jamaat),Md. Jahangir Alam,78744
Narsingdi 4,Islami Andolan Bangladesh (IAB),Md. Saifullah,7079
Narsingdi 4,Insaniyat Biplob Bangladesh,Mohammad Milon Mia,1728
Narsingdi 4,Jatiya Party (JaPa),Md. Kamal Uddin,1172
Narsingdi 4,Communist Party of Bangladesh (CPB),Kazi Sazzad Zahir,839
Narsingdi 4,Bangladesh Khelafat Majlish (BKM),Mohammad Nasir Uddin,464
Narsingdi 4,Janata Party,Abu Darda Md. Maaz,454
Narsingdi 4,Bangladesh Congress,Kazi Shariful Islam,163
Narsingdi 5,Bangladesh Nationalist Party (BNP),Md. Ashraf Uddin,137690
Narsingdi 5,Bangladesh Khelafat Majlish (BKM),Tajul Islam,44981
Narsingdi 5,Islami Andolan Bangladesh (IAB),Badruzzaman Uzzal,33109
Narsingdi 5,Independent Candidate (Independent),Mohammad Panir Hossain,20580
Narsingdi 5,Independent Candidate (Independent),Jamal Ahmed Chowdhury,5419
Narsingdi 5,Bangladesh Islami Front,Mashiur Rahman,2424
Narsingdi 5,Independent Candidate (Independent),Taufiqur Rahman,1256
Narsingdi 5,Insaniyat Biplob Bangladesh,Tahmina Akter,1076
Narsingdi 5,Jatiya Party (JaPa),Meherun Nessa Khan Hena,500
Narsingdi 5,Independent Candidate (Independent),Md. Solaiman Khandaker,300
Narayanganj 1,Bangladesh Nationalist Party (BNP),Mustafizur Rahman Bhuiyan,156358
Narayanganj 1,Bangladesh Jamaat-e-Islami (Jamaat),Md. Anwar Hossain Molla,91690
Narayanganj 1,Islami Andolan Bangladesh (IAB),Md. Imdadullah,7186
Narayanganj 1,Independent Candidate (Independent),Mohammad Dulal,463
Narayanganj 1,Communist Party of Bangladesh (CPB),Md. Moniruzzaman Chandan,261
Narayanganj 1,Gono Odhikar Parishad (GOP),Wasim Uddin,219
Narayanganj 1,Insaniyat Biplob Bangladesh,Md. Rehan Afzal,207
Narayanganj 2,Bangladesh Nationalist Party (BNP),Md. Nazrul Islam Azad,124291
Narayanganj 2,Bangladesh Jamaat-e-Islami (Jamaat),Md. Elias Molla,81054
Narayanganj 2,Independent Candidate (Independent),Md. Ataur Rahman Khan,18744
Narayanganj 2,Islami Andolan Bangladesh (IAB),Maulana Md. Habibullah,5265
Narayanganj 2,Communist Party of Bangladesh (CPB),Md. Hafizul Islam,350
Narayanganj 2,Bangladesh Republican Party (BRP),Md. Abu Hanif Hridoy,227
Narayanganj 2,Gono Odhikar Parishad (GOP),Kamrul Mia,142
Narayanganj 3,Bangladesh Nationalist Party (BNP),Azharul Islam Mannan,155400
Narayanganj 3,Bangladesh Jamaat-e-Islami (Jamaat),Md. Iqbal Hossain Bhuiyan,134918
Narayanganj 3,Independent Candidate (Independent),Mohammad Gias Uddin,20379
Narayanganj 3,Islami Andolan Bangladesh (IAB),Golam Masih,14223
Narayanganj 3,Independent Candidate (Independent),Prof. Md. Rezaul Karim,4596
Narayanganj 3,Bangladesh Khelafat Majlish (BKM),Md. Shahjahan,1193
Narayanganj 3,Bangladesh Khelafat Andolon (BKA),Md. Atikur Rahman Nannu Munshi,1193
Narayanganj 3,Ganosanhati Andolan (GSA),Anjan Das,638
Narayanganj 3,Gono Odhikar Parishad (GOP),Md. Wahidur Rahman Milki,314
Narayanganj 3,Janata Party,Abdul Karim Munshi,285
Narayanganj 3,Amar Bangladesh Party (AB),Ariful Islam,137
Narayanganj 4,National Citizen Party (NCP),Abdullah Al Amin,106171
Narayanganj 4,Jamiat Ulema-e-Islam Bangladesh,Monir Hossain,80619
Narayanganj 4,Independent Candidate (Independent),Md. Shah Alam,39589
Narayanganj 4,Islami Andolan Bangladesh (IAB),Md. Ismail Hossain Kawsar,16746
Narayanganj 4,Bangladesh Republican Party (BRP),Mohammad Ali,11328
Narayanganj 4,Independent Candidate (Independent),Mohammad Gias Uddin,8771
Narayanganj 4,Jatiya Party (JaPa),Md. Salauddin Khoka,817
Narayanganj 4,Bangladesh Khelafat Majlish (BKM),Anwar Hossain,800
Narayanganj 4,Bangladesh Supreme Party (BSP),Md. Selim Ahmed,643
Narayanganj 4,Communist Party of Bangladesh (CPB),Iqbal Hossain,479
Narayanganj 4,Bangladesh Jatiya Samajtantrik Dal (Bangladesh JaSad),Md. Sulaiman Dewan,370
Narayanganj 4,Bangladesh Socialist Party (BASAD),Selim Mahmud,282
Narayanganj 4,Gono Odhikar Parishad (GOP),Md. Arif Bhuiyan,106
Narayanganj 5,Bangladesh Nationalist Party (BNP),Abul Kalam,114799
Narayanganj 5,Khelafat Majlis,A. B. M. Sirajul Mamun,101196
Narayanganj 5,Independent Candidate (Independent),Md. Maksud Hossain,34151
Narayanganj 5,Islami Andolan Bangladesh (IAB),Mawlana Md. Masum Billah,7708
Narayanganj 5,Islamic Front Bangladesh (IFB),Syed Bahadur Shah Mujaddedi,4650
Narayanganj 5,Communist Party of Bangladesh (CPB),Montu Chandra Ghosh,1575
Narayanganj 5,Ganosanhati Andolan (GSA),Tarikul Islam,1023
Narayanganj 5,Gono Odhikar Parishad (GOP),Md. Nahid Hossain,643
Narayanganj 5,Bangladesh Socialist Party (BASAD),Abu Naim Khan Biplob,370
Narayanganj 5,Bangladesh Cultural Liberation Front (Muktijot),H. M. Amzad Hossain Molla,242
Rajbari 1,Bangladesh Nationalist Party (BNP),Ali Newaz Mahmud Khaiyam,154541
Rajbari 1,Bangladesh Jamaat-e-Islami (Jamaat),Md. Nurul Islam,101092
Rajbari 1,Zaker Party (ZP),Mohammad Ali Biswas,8087
Rajbari 1,Jatiya Party (JaPa),Khondaker Habibur Rahman,2586
Rajbari 2,Bangladesh Nationalist Party (BNP),Md. Harun-or-Rashid,237254
Rajbari 2,National Citizen Party (NCP),Jamil Hijazi,67299
Rajbari 2,Independent Candidate (Independent),Md. Nasirul Haque Sabu,36338
Rajbari 2,Islami Andolan Bangladesh (IAB),Mohammad Abdul Malek,8503
Rajbari 2,Jatiya Party (JaPa),Md. Shafiul Azam Khan,2052
Rajbari 2,Independent Candidate (Independent),Sohel Molla,1219
Rajbari 2,Gono Odhikar Parishad (GOP),Zahid Sheikh,633
Rajbari 2,Khelafat Majlis,Kazi Minhajul Alam,321
Rajbari 2,Bangladesh Cultural Liberation Front (Muktijot),Md. Abdul Malek Mondol,266
Faridpur 1,Bangladesh Jamaat-e-Islami (Jamaat),Md. Ilias Mollah,154145
Faridpur 1,Bangladesh Nationalist Party (BNP),Khandaker Nasirul Islam,126476
Faridpur 1,Independent Candidate (Independent),Md. Abul Basar Khan,34387
Faridpur 1,Independent Candidate (Independent),Md. Golam Kabir Mia,2059
Faridpur 1,Bangladesh Minority People’s Party (BMJP),Mrinmoy Kanti Das,786
Faridpur 1,Jatiya Party (JaPa),Sultan Ahmed Khan,506
Faridpur 1,Independent Candidate (Independent),Md. Hasibur Rahman,455
Faridpur 1,Independent Candidate (Independent),Sheikh Abdur Rahman Ziko,84
Faridpur 1,Independent Candidate (Independent),Mohammad Arifur Rahman,0
Faridpur 2,Bangladesh Nationalist Party (BNP),Shama Obayed Islam,121694
Faridpur 2,Bangladesh Khelafat Majlish (BKM),Md. Akram Ali,89305
Faridpur 2,Islami Andolan Bangladesh (IAB),Shah Md. Jamal Uddin,2368
Faridpur 2,Gono Odhikar Parishad (GOP),Faruk Fakir,675
Faridpur 2,Bangladesh Congress,Md. Nazmul Hasan,257
Faridpur 2,Insaniyat Biplob Bangladesh,Akramuzzaman,0
Faridpur 3,Bangladesh Nationalist Party (BNP),Nayab Yusuf Ahmed,148545
Faridpur 3,Bangladesh Jamaat-e-Islami (Jamaat),Md. Abdut Tawab,124115
Faridpur 3,Islami Andolan Bangladesh (IAB),K. M. Sarwar,4022
Faridpur 3,Independent Candidate (Independent),Morshedul Islam Asif,1253
Faridpur 3,Communist Party of Bangladesh (CPB),Md. Rafiquzzaman Mia,967
Faridpur 3,Jatiya Samajtantrik Dal (JSD),Arifa Akter Baby,251
Faridpur 4,Bangladesh Nationalist Party (BNP),Md. Shahidul Islam,127443
Faridpur 4,Bangladesh Jamaat-e-Islami (Jamaat),Md. Sarwar Hossain,75805
Faridpur 4,Independent Candidate (Independent),A. A. M. Mujahid Beg,56160
Faridpur 4,Islami Andolan Bangladesh (IAB),Md. Ishaq Chowdhury,11498
Faridpur 4,Independent Candidate (Independent),Muhammad Mujibur Hossain,1704
Faridpur 4,Bangladesh Khelafat Majlish (BKM),Mizanur Rahman,1118
Faridpur 4,Communist Party of Bangladesh (CPB),Ataur Rahman,714
Faridpur 4,Jatiya Party (JaPa),Raihan Jamil,550
Gopalganj 1,Bangladesh Nationalist Party (BNP),Md. Selimuzzaman Mollya,69462
Gopalganj 1,Gono Odhikar Parishad (GOP),Md. Kabir Mia,54329
Gopalganj 1,Independent Candidate (Independent),Md. Kaiyum Ali Khan,34635
Gopalganj 1,Bangladesh Jamaat-e-Islami (Jamaat),Muhammad Abdul Hamid Molla,34635
Gopalganj 1,Independent Candidate (Independent),Ashraful Alam,21276
Gopalganj 1,Islami Andolan Bangladesh (IAB),Mohammad Mizanur Rahman,5870
Gopalganj 1,Jatiya Party (JaPa),M. Anisul Islam,3257
Gopalganj 1,Jatiya Party (JaPa),Sultan Zaman Khan,621
Gopalganj 1,Communist Party of Bangladesh (CPB),Nirad Baran Majumdar,349
Gopalganj 2,Bangladesh Nationalist Party (BNP),K. M. Babar,40048
Gopalganj 2,Independent Candidate (Independent),M. H. Khan Manju,33039
Gopalganj 2,Bangladesh Khelafat Majlish (BKM),Shuayeb Ibrahim,28604
Gopalganj 2,Independent Candidate (Independent),Kamruzzaman Bhuiyan,27891
Gopalganj 2,Independent Candidate (Independent),Utpal Biswas,8665
Gopalganj 2,Islami Andolan Bangladesh (IAB),Taslim Shikder,2911
Gopalganj 2,Independent Candidate (Independent),Md. Sirajul Islam Siraj,2189
Gopalganj 2,Independent Candidate (Independent),Sipon Bhuiyan,1931
Gopalganj 2,Zaker Party (ZP),Mahmud Hasan,1371
Gopalganj 2,Jatiya Party (JaPa),Riyaz Sarwar Mollya,419
Gopalganj 2,Independent Candidate (Independent),Rani Molla,403
Gopalganj 2,Gono Odhikar Parishad (GOP),Din Mohammad,305
Gopalganj 2,Gono Forum (GF),Shah Mofiz,215
Gopalganj 3,Bangladesh Nationalist Party (BNP),S. M. Zilani,60991
Gopalganj 3,Independent Candidate (Independent),Gobinda Chandra Pramanik,34339
Gopalganj 3,Bangladesh Khelafat Majlish (BKM),A. Aziz,25153
Gopalganj 3,Islami Andolan Bangladesh (IAB),Md. Maruf Sheikh,4717
Gopalganj 3,Independent Candidate (Independent),Md. Habibur Rahman,3805
Gopalganj 3,Gono Odhikar Parishad (GOP),Abul Basar,2600
Gopalganj 3,National People's Party (NPP),Sheikh Salauddin,591
Gopalganj 3,Gono Forum (GF),Dulal Chandra Biswas,269
Madaripur 1,Bangladesh Khelafat Majlish (BKM),Said Uddin Ahmad Hanzala,64909
Madaripur 1,Bangladesh Nationalist Party (BNP),Nadira Akter,64524
Madaripur 1,Independent Candidate (Independent),Kamal Zaman Mollah,36564
Madaripur 1,Islami Andolan Bangladesh (IAB),Akram Hossain,6205
Madaripur 1,Independent Candidate (Independent),Sazzad Hossain Siddiquee,3059
Madaripur 1,Gono Odhikar Parishad (GOP),Rajib Mollah,3026
Madaripur 1,Independent Candidate (Independent),Md. Imran Hasan,247
Madaripur 1,Communist Party of Bangladesh (CPB),Abdul Ali,208
Madaripur 1,Jatiya Party (JaPa),Mohammad Jahirul Islam Mintu,180
Madaripur 1,Bangladesh Labour Party,Md. Hafizur Rahman,69
Madaripur 2,Bangladesh Nationalist Party (BNP),Md. Jahandar Ali Mia,61744
Madaripur 2,Independent Candidate (Independent),Milton Baidya,46476
Madaripur 2,Bangladesh Khelafat Majlish (BKM),Abdus Sobahan,36169
Madaripur 2,Islami Andolan Bangladesh (IAB),Ali Ahmad Chowdhury,16865
Madaripur 2,Independent Candidate (Independent),Md. Kamrul Islam Saeed,14519
Madaripur 2,Independent Candidate (Independent),Shahidul Islam Khan,6043
Madaripur 2,Independent Candidate (Independent),Md. Reyazul Islam,2799
Madaripur 2,Jatiya Party (JaPa),Md. Mahidul Islam,646
Madaripur 2,Bangladesh Kallyan Party (BKP),Subal Chandra Majumder,301
Madaripur 2,Bangladesh Socialist Party (Marxist),Mohammad Didar Hossain,128
Madaripur 3,Bangladesh Nationalist Party (BNP),Anisur Rahman,96188
Madaripur 3,Bangladesh Jamaat-e-Islami (Jamaat),Md. Rafiqul Islam,84646
Madaripur 3,Islami Andolan Bangladesh (IAB),Md. Azizul Haque,13058
Madaripur 3,Bangladesh Supreme Party (BSP),Nitai Chakraborty,2507
Madaripur 3,Bangladesh Socialist Party (BASAD),Aminul Islam,363
Shariatpur 1,Bangladesh Nationalist Party (BNP),Saeed Ahmed,77398
Shariatpur 1,Bangladesh Khelafat Majlish (BKM),Jalaluddin Ahmed,62717
Shariatpur 1,Independent Candidate (Independent),Syed Nazrul Islam,14644
Shariatpur 1,Islami Andolan Bangladesh (IAB),Md. Tofayel Ahmed,10817
Shariatpur 1,Bangladesh Supreme Party (BSP),Nur Mohammad Mia,616
Shariatpur 1,Gono Odhikar Parishad (GOP),Firoz Ahmed,551
Shariatpur 1,National Citizen Party (NCP),Md. Abdur Rahman,475
Shariatpur 1,Independent Candidate (Independent),Mohammad Golam Mostafa,359
Shariatpur 2,Bangladesh Nationalist Party (BNP),Md. Shafiqul Rahman (Kiron),129814
Shariatpur 2,Bangladesh Jamaat-e-Islami (Jamaat),Mahmud Hossain,70892
Shariatpur 2,Islami Andolan Bangladesh (IAB),Imran Hossain,6505
Shariatpur 2,Jatiya Party (JaPa),Jasim Uddin,2547
Shariatpur 2,Janata Party,Parvez Mosharraf,442
Shariatpur 2,Bangladesh Khelafat Andolon (BKA),Mahmudul Hasan,313
Shariatpur 2,Gono Odhikar Parishad (GOP),Akhtaruzzaman Samrat,283
Shariatpur 2,Independent Candidate (Independent),Md. Alamgir Hossain,246
Shariatpur 2,Independent Candidate (Independent),Md. Nasir,0
Shariatpur 3,Bangladesh Nationalist Party (BNP),Mia Nuruddin Ahmed Apu,75423
Shariatpur 3,Bangladesh Jamaat-e-Islami (Jamaat),Muhammad Azharul Islam,48213
Shariatpur 3,Islami Andolan Bangladesh (IAB),Hanif Mia,9814
Shariatpur 3,Jatiya Party (JaPa),Md. Abdul Hannan,2064
Meherpur 1,Bangladesh Jamaat-e-Islami (Jamaat),Md. Tajuddin Khan,123271
Meherpur 1,Bangladesh Nationalist Party (BNP),Masud Arun,105441
Meherpur 1,Jatiya Party (JaPa),Md. Abdul Hamid,1429
Meherpur 1,Communist Party of Bangladesh (CPB),Md. Mizanur Rahman,792
Meherpur 2,Bangladesh Jamaat-e-Islami (Jamaat),Md. Nazmul Huda,94658
Meherpur 2,Bangladesh Nationalist Party (BNP),Md. Amjad Hossain,85452
Meherpur 2,Jatiya Party (JaPa),Md. Abdul Baki,1791
Kushtia 1,Bangladesh Nationalist Party (BNP),Reza Ahmed,165909
Kushtia 1,Bangladesh Jamaat-e-Islami (Jamaat),Md. Belal Uddin,86682
Kushtia 1,Independent Candidate (Independent),Md. Nuruzzaman,17864
Kushtia 1,Islami Andolan Bangladesh (IAB),Md. Aminul Islam,4063
Kushtia 1,Jatiya Party (JaPa),Md. Shahriar Jamil,1094
Kushtia 1,Gono Odhikar Parishad (GOP),Md. Shahabul Islam,613
Kushtia 1,Bangladesh Islami Front,Md. Badiruzzaman,241
Kushtia 1,Jatiya Samajtantrik Dal (JSD),Dr. Md. Gias Uddin,203
Kushtia 2,Bangladesh Jamaat-e-Islami (Jamaat),Md. Abdul Gafur,192083
Kushtia 2,Bangladesh Nationalist Party (BNP),Ragib Rauf Chowdhury,143821
Kushtia 2,Islami Andolan Bangladesh (IAB),Mohammad Ali,3887
Kushtia 2,Islamic Front Bangladesh (IFB),Md. Babul Akter,1123
Kushtia 2,Communist Party of Bangladesh (CPB),Nur Uddin Ahmed,805
Kushtia 3,Bangladesh Jamaat-e-Islami (Jamaat),Md. Amir Hamza,182476
Kushtia 3,Bangladesh Nationalist Party (BNP),Md. Zakir Hossain Sarkar,127559
Kushtia 3,Islami Andolan Bangladesh (IAB),Md. Abdullah Akhand,5153
Kushtia 3,Bangladesh Republican Party (BRP),Mosammat Rumpa Khatun,475
Kushtia 3,Bangladesh Socialist Party (BASAD),Mir Nazmul Islam,442
Kushtia 3,Gono Odhikar Parishad (GOP),Md. Shariful Islam,299
Kushtia 4,Bangladesh Jamaat-e-Islami (Jamaat),Md. Afzal Hossain,148201
Kushtia 4,Bangladesh Nationalist Party (BNP),Syed Mehdi Ahmed Rumi,139603
Kushtia 4,Islami Andolan Bangladesh (IAB),Anowar Khan,13739
Kushtia 4,Jatiya Party (JaPa),Tarun Kumar Ghosh,671
Kushtia 4,Jatiya Party (JaPa),Md. Shahidul Islam,308
Kushtia 4,Jatiya Party (JaPa),Md. Abdul Hakim Mia,255
Chuadanga 1,Bangladesh Jamaat-e-Islami (Jamaat),Md. Masud Parvez,211041
Chuadanga 1,Bangladesh Nationalist Party (BNP),Md. Sharifuzzaman,153193
Chuadanga 1,Islami Andolan Bangladesh (IAB),Mohammad Zahurul Islam,10122
Chuadanga 2,Bangladesh Jamaat-e-Islami (Jamaat),Md. Ruhul Amin,208011
Chuadanga 2,Bangladesh Nationalist Party (BNP),Mahmud Hasan Khan,163877
Chuadanga 2,Islami Andolan Bangladesh (IAB),Md. Hasanuzzaman,6374
Jhenaidah 1,Bangladesh Nationalist Party (BNP),Md. Asaduzzaman,173381
Jhenaidah 1,Bangladesh Jamaat-e-Islami (Jamaat),Abu Saleh Md. Matiur Rahman,57055
Jhenaidah 1,Jatiya Party (JaPa),Monika Alam,969
Jhenaidah 1,Amar Bangladesh Party (AB),Md. Matiar Rahman,610
Jhenaidah 1,Bangladesh Socialist Party (Marxist),Md. Sahidul Enam Pallab Mia,309
Jhenaidah 2,Bangladesh Jamaat-e-Islami (Jamaat),Ali Azam Md. Abu Bakar,195702
Jhenaidah 2,Bangladesh Nationalist Party (BNP),Md. Abdul Majid,175984
Jhenaidah 2,Islami Andolan Bangladesh (IAB),H. M. Momtazur Rahman,4571
Jhenaidah 2,Jatiya Party (JaPa),Saogat Ul Islam,994
Jhenaidah 2,Communist Party of Bangladesh (CPB),Md. Abu Toyab,557
Jhenaidah 2,Bangladesh Socialist Party (BASAD),Md. Assadul Islam,340
Jhenaidah 3,Bangladesh Jamaat-e-Islami (Jamaat),Md. Matiar Rahman,175857
Jhenaidah 3,Bangladesh Nationalist Party (BNP),Mohammad Mehdi Hasan,149821
Jhenaidah 3,Islami Andolan Bangladesh (IAB),Mawlana Sarwar Hossain,3820
Jhenaidah 3,Gono Odhikar Parishad (GOP),Md. Suman Kabir,388
Jhenaidah 4,Bangladesh Jamaat-e-Islami (Jamaat),Md. Abu Talib,105999
Jhenaidah 4,Independent Candidate (Independent),Md. Saiful Islam Firoz,77104
Jhenaidah 4,Bangladesh Nationalist Party (BNP),Md. Rashed Khan,56224
Jhenaidah 4,Islami Andolan Bangladesh (IAB),Abdul Jalil,3907
Jhenaidah 4,Jatiya Party (JaPa),Emdadul Islam (Bacchu),613
Jhenaidah 4,Gono Forum (GF),Khaniya Khanam,267
Jashore 1,Bangladesh Jamaat-e-Islami (Jamaat),Mohammad Azizur Rahman,119093
Jashore 1,Bangladesh Nationalist Party (BNP),Md. Nuruzzaman Liton,93542
Jashore 1,Islami Andolan Bangladesh (IAB),Md. Bokhtiar Rahman,1768
Jashore 1,Jatiya Party (JaPa),Md. Jahangir Alam Chanchal,1398
Jashore 2,Bangladesh Jamaat-e-Islami (Jamaat),Mohammad Mosleh Uddin Farid,180965
Jashore 2,Bangladesh Nationalist Party (BNP),Mosammat Sabira Sultana,146447
Jashore 2,Islami Andolan Bangladesh (IAB),Md. Idris Ali,5781
Jashore 2,Bangladesh Socialist Party (BASAD),Md. Imran Khan,472
Jashore 2,Amar Bangladesh Party (AB),Ripon Mahmud,416
Jashore 2,Independent Candidate (Independent),Md. Mehdi Hasan,389
Jashore 2,Bangladesh Nationalist Front (BNF),Md. Shamsul Haque,233
Jashore 2,Independent Candidate (Independent),Md. Jahurul Islam,188
Jashore 3,Bangladesh Nationalist Party (BNP),Anindya Islam Amit,201339
Jashore 3,Bangladesh Jamaat-e-Islami (Jamaat),Md. Abdul Qader,187463
Jashore 3,Islami Andolan Bangladesh (IAB),Mohammad Shoaib Hossain,13322
Jashore 3,Jatiya Party (JaPa),Md. Khabir Gazi,3404
Jashore 3,JAGPA,Md. Nizamuddin Amit,1772
Jashore 3,Communist Party of Bangladesh (CPB),Md. Rashed Khan,753
Jashore 4,Bangladesh Jamaat-e-Islami (Jamaat),Md. Golam Rasul,176912
Jashore 4,Bangladesh Nationalist Party (BNP),Matiar Rahman Farazi,131917
Jashore 4,Islami Andolan Bangladesh (IAB),Bayezid Hossain,11838
Jashore 4,Jatiya Party (JaPa),Md. Jahurul Haque,1751
Jashore 4,Bangladesh Minority People’s Party (BMJP),Sukriti Kumar Mondal,1510
Jashore 4,Independent Candidate (Independent),M. Nazim Uddin Al-Azad,797
Jashore 4,Khelafat Majlis,Mawlana Asheq Elahi,301
Jashore 4,Gono Odhikar Parishad (GOP),Md. Abul Kalam Gazi,257
Jashore 5,Bangladesh Jamaat-e-Islami (Jamaat),Gazi Enamul Haque,132876
Jashore 5,Independent Candidate (Independent),Shaheed Md. Iqbal Hossain,85045
Jashore 5,Bangladesh Nationalist Party (BNP),Rashid Ahmad,54875
Jashore 5,Islami Andolan Bangladesh (IAB),Md. Zainal Abedin,4400
Jashore 5,Jatiya Party (JaPa),M. A. Halim,2245
Jashore 5,Independent Candidate (Independent),Md. Kamruzzaman,2103
Jashore 6,Bangladesh Jamaat-e-Islami (Jamaat),Md. Moktar Ali,92234
Jashore 6,Bangladesh Nationalist Party (BNP),Md. Abul Hossain Azad,80141
Jashore 6,Islami Andolan Bangladesh (IAB),Md. Shahidul Islam,1285
Jashore 6,Jatiya Party (JaPa),G. M. Hasan,990
Jashore 6,Amar Bangladesh Party (AB),Md. Mahmud Hasan,672
Magura 1,Bangladesh Nationalist Party (BNP),Md. Monowar Hossain,185338
Magura 1,Bangladesh Jamaat-e-Islami (Jamaat),Abdul Matin,89691
Magura 1,Islami Andolan Bangladesh (IAB),Md. Nazirul Islam,13414
Magura 1,Jatiya Party (JaPa),Md. Zakir Hossain Mollah,1767
Magura 1,Bangladesh Socialist Party (BASAD),Shampa Bosu,1237
Magura 1,Bangladesh Congress,Kazi Rezaul Hossain,821
Magura 1,Gono Odhikar Parishad (GOP),Md. Khalilur Rahman,292
Magura 2,Bangladesh Nationalist Party (BNP),Nitai Roy Chowdhury,147896
Magura 2,Bangladesh Jamaat-e-Islami (Jamaat),Md. Mushtarshed Billah,117018
Magura 2,Islami Andolan Bangladesh (IAB),Mostafa Kamal,16223
Magura 2,Jatiya Party (JaPa),Mashiar Rahman,2947
Narail 1,Bangladesh Nationalist Party (BNP),Biswas Jahangir Alam,99975
Narail 1,Bangladesh Jamaat-e-Islami (Jamaat),Md. Obaidullah,75225
Narail 1,Islami Andolan Bangladesh (IAB),Abdul Aziz,6352
Narail 1,Independent Candidate (Independent),B. M. Nagib Hossain,1113
Narail 1,Independent Candidate (Independent),S. M. Sazzad Hossain,898
Narail 1,Independent Candidate (Independent),Sukesh Saha Ananda,864
Narail 1,Jatiya Party (JaPa),Md. Milton Molla,461
Narail 1,Independent Candidate (Independent),Md. Uzzal Molla,230
Narail 2,Bangladesh Jamaat-e-Islami (Jamaat),Md. Ataur Rahman,118142
Narail 2,Independent Candidate (Independent),Md. Monirul Islam,78457
Narail 2,Bangladesh Nationalist Party (BNP),AZM Fariduzzaman,45463
Narail 2,Islami Andolan Bangladesh (IAB),Md. Tajul Islam,4729
Narail 2,Jatiya Party (JaPa),Khandaker Fayekuzzaman,688
Narail 2,Gono Odhikar Parishad (GOP),Md. Nur Islam,339
Narail 2,Bangladesh Cultural Liberation Front (Muktijot),Md. Shoaib Ali,220
Narail 2,Independent Candidate (Independent),Mosammat Farida Yasmin,219
Bagerhat 1,Bangladesh Jamaat-e-Islami (Jamaat),Md. Mashirur Rahman Khan,117527
Bagerhat 1,Bangladesh Nationalist Party (BNP),Kapil Krishna Mondol,114323
Bagerhat 1,Independent Candidate (Independent),Md. Sheikh Masud Rana,6467
Bagerhat 1,Independent Candidate (Independent),M. A. H. Selim,5283
Bagerhat 1,Jatiya Party (JaPa),S. M. Golam Sarwar,571
Bagerhat 1,Amar Bangladesh Party (AB),Md. Aminul Islam,291
Bagerhat 1,Bangladesh Muslim League (BML),M. D. Shamsul Haque,242
Bagerhat 1,Bangladesh Muslim League (BML),A. Sabur Sheikh,167
Bagerhat 2,Bangladesh Jamaat-e-Islami (Jamaat),Sheikh Manjurul Haque (Rahad),117709
Bagerhat 2,Bangladesh Nationalist Party (BNP),Sheikh Mohammad Zakir Hossain,66409
Bagerhat 2,Independent Candidate (Independent),M. A. H. Selim,48965
Bagerhat 2,Islami Andolan Bangladesh (IAB),Sheikh Atiar Rahman,4313
Bagerhat 3,Bangladesh Nationalist Party (BNP),Sheikh Faridul Islam,102661
Bagerhat 3,Bangladesh Jamaat-e-Islami (Jamaat),Mohammad Abdul Wadud Sheikh,83550
Bagerhat 3,Islami Andolan Bangladesh (IAB),Sheikh Jillur Rahman,3460
Bagerhat 3,Independent Candidate (Independent),M. A. H. Selim,425
Bagerhat 3,Jatiya Samajtantrik Dal (JSD),Md. Habibur Rahman Master,349
Bagerhat 4,Bangladesh Jamaat-e-Islami (Jamaat),Md. Abdul Alim,116067
Bagerhat 4,Bangladesh Nationalist Party (BNP),Somnath Dey,98326
Bagerhat 4,Islami Andolan Bangladesh (IAB),Md. Omar Faruk,8501
Bagerhat 4,Jatiya Party (JaPa),Sajan Kumar Mistry,1147
Bagerhat 4,Jatiya Samajtantrik Dal (JSD),Md. A. Latif Khan,315
Bagerhat 4,Independent Candidate (Independent),Kazi Khairuzzaman (Shipon),229
Khulna 1,Bangladesh Nationalist Party (BNP),Amir Ejaz Khan,121352
Khulna 1,Bangladesh Jamaat-e-Islami (Jamaat),Krishna Nandi,70346
Khulna 1,Islami Andolan Bangladesh (IAB),Md. Abu Sayeed,5619
Khulna 1,Communist Party of Bangladesh (CPB),Kishore Kumar Roy,4742
Khulna 1,Jatiya Party (JaPa),Gobinda Halder,894
Khulna 1,Jatiya Party (JaPa),Achintya Kumar Mondal,710
Khulna 1,Jatiya Party (JaPa),Md. Jahangir Hossain,630
Khulna 1,Jatiya Party (JaPa),Prabir Gopal Roy,567
Khulna 1,Jatiya Samajtantrik Dal (JSD),Prosenjit Dutta,513
Khulna 1,Bangladesh Islami Front,Sunil Shubho Roy,169
Khulna 1,Bangladesh Samo Odhikar Party (BEP),Subrata Mondal,169
Khulna 1,Gono Odhikar Parishad (GOP),G. M. Rokonuzzaman,84
Khulna 2,Bangladesh Jamaat-e-Islami (Jamaat),Sheikh Jahangir Hossain Helal,93789
Khulna 2,Bangladesh Nationalist Party (BNP),Nazrul Islam Manju,88197
Khulna 2,Islami Andolan Bangladesh (IAB),Amanullah,7298
Khulna 3,Bangladesh Nationalist Party (BNP),Rakibul Islam,74845
Khulna 3,Bangladesh Jamaat-e-Islami (Jamaat),Mohammad Mahfuzur Rahman,66010
Khulna 3,Islami Andolan Bangladesh (IAB),Md. A. Awal,5705
Khulna 3,Jatiya Party (JaPa),S. M. Arifur Rahman (Mithu),838
Khulna 3,Bangladesh Socialist Party (BASAD),Janardan Dutta,246
Khulna 3,Nationalist Democratic Movement (NDM),Sheikh Arman Hossain,141
Khulna 3,Independent Candidate (Independent),Main Mohammad Mayaz,98
Khulna 3,Independent Candidate (Independent),Md. Murad Khan Liton,83
Khulna 3,Independent Candidate (Independent),Md. Abul Hasnat Siddique,0
Khulna 3,Jatiya Party (JaPa),Md. Abdullah Al Mamun,0
Khulna 4,Bangladesh Nationalist Party (BNP),S. K. Azizul Bari,123162
Khulna 4,Khelafat Majlis,S. M. Sakhawat Hossain,109530
Khulna 4,Islami Andolan Bangladesh (IAB),Yunus Ahmed Sheikh,13345
Khulna 4,Jatiya Party (JaPa),S. M. Azmal Hossain,859
Khulna 5,Bangladesh Nationalist Party (BNP),Mohammad Ali Asgar,148854
Khulna 5,Bangladesh Jamaat-e-Islami (Jamaat),Mia Golam Parwar,146246
Khulna 5,Communist Party of Bangladesh (CPB),Chitta Ranjan Goldar,1790
Khulna 5,Jatiya Party (JaPa),Shamim Ara Parvin (Yasmin),1319
Khulna 6,Bangladesh Jamaat-e-Islami (Jamaat),Md. Abul Kalam Azad,150724
Khulna 6,Bangladesh Nationalist Party (BNP),S. M. Monirul Hasan (Bappi),124710
Khulna 6,Islami Andolan Bangladesh (IAB),Md. Asadullah Fakir,2950
Khulna 6,Jatiya Party (JaPa),Md. Mostafa Kamal Jahangir,2717
Khulna 6,Communist Party of Bangladesh (CPB),Prashanta Kumar Mondal,1571
Satkhira 1,Bangladesh Jamaat-e-Islami (Jamaat),Md. Izzat Ullah,193772
Satkhira 1,Bangladesh Nationalist Party (BNP),Md. Habibul Islam Habib,169995
Satkhira 1,Jatiya Party (JaPa),Ziaur Rahman,2544
Satkhira 1,Islami Andolan Bangladesh (IAB),Sheikh Md. Rezaul Karim,2071
Satkhira 1,Bangladesh Congress,Md. Iyarul Islam,715
Satkhira 2,Bangladesh Jamaat-e-Islami (Jamaat),Muhammad Abdul Khaleq,266959
Satkhira 2,Bangladesh Nationalist Party (BNP),Md. Abdur Rauf,116293
Satkhira 2,Jatiya Party (JaPa),Md. Ashrafuzzaman,4278
Satkhira 2,Islami Andolan Bangladesh (IAB),Mufti Rabiul Islam,1976
Satkhira 2,Bangladesh Jatiya Samajtantrik Dal (Bangladesh JaSad),Md. Idris Ali,317
Satkhira 3,Bangladesh Jamaat-e-Islami (Jamaat),Hafez Md. Rabiul Bashar,184233
Satkhira 3,Independent Candidate (Independent),Md. Shahidul Alam,105379
Satkhira 3,Bangladesh Nationalist Party (BNP),Kazi Alauddin,56819
Satkhira 3,Islami Andolan Bangladesh (IAB),Md. Waez Kurni,2497
Satkhira 3,Jatiya Party (JaPa),Md. Alip Hossain,722
Satkhira 3,Bangladesh Minority People’s Party (BMJP),Rubel Hossain,583
Satkhira 4,Bangladesh Jamaat-e-Islami (Jamaat),G. M. Nazrul Islam,106913
Satkhira 4,Bangladesh Nationalist Party (BNP),Md. Moniruzzaman,85426
Satkhira 4,Islami Andolan Bangladesh (IAB),S. M. Mostafa Al Mamun,4902
Satkhira 4,Jatiya Party (JaPa),Md. Abdur Rashid,1142
Joypurhat 1,Bangladesh Jamaat-e-Islami (Jamaat),Md. Fazlur Rahman Saeed,165192
Joypurhat 1,Bangladesh Nationalist Party (BNP),Md. Masud Rana Pradhan,155309
Joypurhat 1,Jatiya Party (JaPa),Sabekun Nahar,13286
Joypurhat 1,Bangladesh Socialist Party (Marxist),Taufika Dewan,617
Joypurhat 1,Bangladesh Socialist Party (BASAD),Md. Wazed Parvez,578
Joypurhat 2,Bangladesh Nationalist Party (BNP),Md. Abdul Bari,158065
Joypurhat 2,Bangladesh Jamaat-e-Islami (Jamaat),S. M. Rashedul Alam,92517
Joypurhat 2,Amar Bangladesh Party (AB),S. A. Zahid,1555
Bogura 1,Bangladesh Nationalist Party (BNP),Kazi Rafiqul Islam,171440
Bogura 1,Bangladesh Jamaat-e-Islami (Jamaat),Md. Shahabuddin,57959
Bogura 1,Islami Andolan Bangladesh (IAB),A. B. M. Mostafa Kamal Pasha,1026
Bogura 1,Bangladesh Congress,Md. Asadul Haque,597
Bogura 1,Gono Forum (GF),Md. Zulfikar Ali,298
Bogura 2,Bangladesh Nationalist Party (BNP),Mir Shahe Alam,145024
Bogura 2,Bangladesh Jamaat-e-Islami (Jamaat),Abul Azad Mohammad Shahaduzzaman,93548
Bogura 2,Nagorik Oikya (NO),Mahmudur Rahman Manna,3426
Bogura 2,Islami Andolan Bangladesh (IAB),Md. Jamal Uddin,913
Bogura 2,Jatiya Party (JaPa),Shariful Islam Jinnah,434
Bogura 2,Gono Odhikar Parishad (GOP),Md. Selim Sarkar,274
Bogura 2,Independent Candidate (Independent),Md. Rezaul Karim Talu,183
Bogura 3,Bangladesh Nationalist Party (BNP),Md. Abdul Mohit Talukdar,127406
Bogura 3,Bangladesh Jamaat-e-Islami (Jamaat),Nur Mohammad,111026
Bogura 3,Islami Andolan Bangladesh (IAB),Md. Shahjahan Ali Talukdar,1789
Bogura 3,Jatiya Party (JaPa),Md. Shahinul Islam,1495
Bogura 4,Bangladesh Nationalist Party (BNP),Md. Mosharraf Hossain,155339
Bogura 4,Bangladesh Jamaat-e-Islami (Jamaat),Md. Mostafa Faisal,108975
Bogura 4,Islami Andolan Bangladesh (IAB),Muhammad Idris Ali,2954
Bogura 4,Jatiya Party (JaPa),Shaheen Mostafa Kamal,1107
Bogura 5,Bangladesh Nationalist Party (BNP),Golam Mohammad Siraj,248841
Bogura 5,Bangladesh Jamaat-e-Islami (Jamaat),Md. Dabibur Rahman,143329
Bogura 5,Islami Andolan Bangladesh (IAB),Mir Md. Mahmudur Rahman,5558
Bogura 5,Communist Party of Bangladesh (CPB),Shipon Kumar Rabidas,1782
Bogura 5,Liberal Democratic Party (LDP),Khan Qudrat-e-Saklayen,1134
Bogura 6,Bangladesh Nationalist Party (BNP),Tarek Rahman,216284
Bogura 6,Bangladesh Jamaat-e-Islami (Jamaat),Md. Abidur Rahman,97626
Bogura 6,Islami Andolan Bangladesh (IAB),Abu Numan Md. Mamunur Rashid,2508
Bogura 6,Bangladesh Socialist Party (BASAD),Dilruba,795
Bogura 6,Jatiya Samajtantrik Dal (JSD),Abdullah-al-Waki,276
Bogura 7,Bangladesh Nationalist Party (BNP),Morshed Milton,264212
Bogura 7,Bangladesh Jamaat-e-Islami (Jamaat),Md. Golam Rabbani,116665
Bogura 7,Islami Andolan Bangladesh (IAB),Md. Shafiqul Islam,2061
Bogura 7,Bangladesh Muslim League (BML),Md. Ansar Ali,536
Chapainawabganj 1,Bangladesh Jamaat-e-Islami (Jamaat),Md. Keramat Ali,206893
Chapainawabganj 1,Bangladesh Nationalist Party (BNP),Md. Shahjahan Mia,162515
Chapainawabganj 1,Jatiya Party (JaPa),Md. Afzal Hossain,2263
Chapainawabganj 1,Islami Andolan Bangladesh (IAB),Md. Monirul Islam,1083
Chapainawabganj 1,Bangladesh Cultural Liberation Front (Muktijot),Md. Abdul Halim,557
Chapainawabganj 1,Bangladesh Islami Front,Nawab Md. Shamsul Hoda,446
Chapainawabganj 2,Bangladesh Jamaat-e-Islami (Jamaat),Md. Mizanur Rahman,171227
Chapainawabganj 2,Bangladesh Nationalist Party (BNP),Md. Aminul Islam,155119
Chapainawabganj 2,Jatiya Party (JaPa),Md. Khurshid Alam,8175
Chapainawabganj 2,Islami Andolan Bangladesh (IAB),Md. Ibrahim Khalil,1069
Chapainawabganj 2,Communist Party of Bangladesh (CPB),Md. Sadekul Islam,626
Chapainawabganj 3,Bangladesh Jamaat-e-Islami (Jamaat),Md. Nurul Islam,189640
Chapainawabganj 3,Bangladesh Nationalist Party (BNP),Md. Harunur Rashid,127037
Chapainawabganj 3,Islami Andolan Bangladesh (IAB),Md. Monirul Islam,820
Chapainawabganj 3,Jatiya Samajtantrik Dal (JSD),Md. Fazlur Islam Khan,637
Chapainawabganj 3,Gono Odhikar Parishad (GOP),Md. Shafiqul Islam,361
Naogaon 1,Bangladesh Nationalist Party (BNP),Md. Mostafizur Rahman,173864
Naogaon 1,Bangladesh Jamaat-e-Islami (Jamaat),Md. Mahbubul Alam,153816
Naogaon 1,Independent Candidate (Independent),Md. Salek Chowdhury,18088
Naogaon 1,Islami Andolan Bangladesh (IAB),Md. A. Haque Shah,9058
Naogaon 1,Jatiya Party (JaPa),Md. Akbar Ali,4243
Naogaon 2,Bangladesh Jamaat-e-Islami (Jamaat),Md. Enamul Haque,141526
Naogaon 2,Bangladesh Nationalist Party (BNP),Md. Shamsuzzoha Khan,134533
Naogaon 2,Amar Bangladesh Party (AB),Md. Matibul Islam,2580
Naogaon 3,Bangladesh Nationalist Party (BNP),Md. Fazle Huda,166889
Naogaon 3,Bangladesh Jamaat-e-Islami (Jamaat),Md. Mahfuzur Rahman,119421
Naogaon 3,Independent Candidate (Independent),Parvez Arefin Siddiqui,17129
Naogaon 3,Jatiya Party (JaPa),Md. Masud Rana,4869
Naogaon 3,Islami Andolan Bangladesh (IAB),Nasir Bin Asgar,3643
Naogaon 3,Bangladesh Socialist Party (BASAD),Kalipada Sarkar,1233
Naogaon 3,Independent Candidate (Independent),Md. Saddam Hossain,823
Naogaon 3,Bangladesh Nationalist Front (BNF),Abdullah Al-Mamun Saikat,195
Naogaon 4,Bangladesh Nationalist Party (BNP),Ikramul Bari Tipu,133924
Naogaon 4,Bangladesh Jamaat-e-Islami (Jamaat),Md. Abdur Rakib,97585
Naogaon 4,Communist Party of Bangladesh (CPB),Dr. S. M. Fazlur Rahman,2313
Naogaon 4,Jatiya Party (JaPa),Md. Altaf Hossain,1327
Naogaon 4,Independent Candidate (Independent),Mosammat Arfana Begum,712
Naogaon 4,Islami Andolan Bangladesh (IAB),Sohrab Hossain,609
Naogaon 5,Bangladesh Nationalist Party (BNP),Md. Zahidul Islam Dhalu,129385
Naogaon 5,Bangladesh Jamaat-e-Islami (Jamaat),Abu Sadat Md. Sayem,43367
Naogaon 5,Islami Andolan Bangladesh (IAB),Md. Abdur Rahman,4101
Naogaon 5,Jatiya Party (JaPa),Md. Anwar Hossain,2176
Naogaon 5,Communist Party of Bangladesh (CPB),Shafiqul Islam,741
Naogaon 6,Bangladesh Nationalist Party (BNP),Sheikh Md. Rezaul Islam,108866
Naogaon 6,Bangladesh Jamaat-e-Islami (Jamaat),Md. Khabirul Islam,97629
Naogaon 6,Independent Candidate (Independent),Alamgir Kabir,19638
Naogaon 6,Islami Andolan Bangladesh (IAB),Md. Rafiqul Islam,1833
Naogaon 6,Bangladesh Republican Party (BRP),Atikur Rahman Ratan Molla,555
Rajshahi 1,Bangladesh Jamaat-e-Islami (Jamaat),Md. Mujibur Rahman,171786
Rajshahi 1,Bangladesh Nationalist Party (BNP),Md. Sharif Uddin,169902
Rajshahi 1,Amar Bangladesh Party (AB),Md. Abdur Rahman,1100
Rajshahi 1,Independent Candidate (Independent),Md. Al-Saad,663
Rajshahi 1,Gono Odhikar Parishad (GOP),Mir Md. Shahjahan,407
Rajshahi 2,Bangladesh Nationalist Party (BNP),Md. Mizanur Rahman Minu,128546
Rajshahi 2,Bangladesh Jamaat-e-Islami (Jamaat),Mohammad Jahangir,100370
Rajshahi 2,Independent Candidate (Independent),Saleh Ahmed,801
Rajshahi 2,Amar Bangladesh Party (AB),Md. Saeed Noman,786
Rajshahi 2,Nagorik Oikya (NO),Mohammad Samsul Alam,552
Rajshahi 2,Bangladesh Labour Party,Md. Mezbaul Islam,387
Rajshahi 3,Bangladesh Nationalist Party (BNP),Mohammad Shafiqul Haque Milon,176318
Rajshahi 3,Bangladesh Jamaat-e-Islami (Jamaat),Md. Abul Kalam Azad,137927
Rajshahi 3,Jatiya Party (JaPa),Md. Afzal Hossain,2390
Rajshahi 3,Independent Candidate (Independent),Mosammat Habiba Begum,1177
Rajshahi 3,Islami Andolan Bangladesh (IAB),Md. Fazlur Rahman,1154
Rajshahi 3,Am Janata Party,Md. Said Parvez,295
Rajshahi 4,Bangladesh Jamaat-e-Islami (Jamaat),Md. Abdul Bari Sardar,115226
Rajshahi 4,Bangladesh Nationalist Party (BNP),D. M. D. Ziaur Rahman,109461
Rajshahi 4,Jatiya Party (JaPa),Md. Fazlul Haque,1759
Rajshahi 4,Islami Andolan Bangladesh (IAB),Md. Tajul Islam Khan,670
Rajshahi 5,Bangladesh Nationalist Party (BNP),Professor Nazrul Islam,153425
Rajshahi 5,Bangladesh Jamaat-e-Islami (Jamaat),Manjur Rahman,73445
Rajshahi 5,Independent Candidate (Independent),Rezaul Karim,6432
Rajshahi 5,Independent Candidate (Independent),Md. Isfa Khairul Haque,2496
Rajshahi 5,Bangladesh Supreme Party (BSP),Md. Altaf Hossain Molla,938
Rajshahi 5,Islami Andolan Bangladesh (IAB),Md. Ruhul Amin,620
Rajshahi 5,Independent Candidate (Independent),Md. Raihan Kawsar,442
Rajshahi 6,Bangladesh Nationalist Party (BNP),Md. Abu Sayeed Chand,148672
Rajshahi 6,Bangladesh Jamaat-e-Islami (Jamaat),Md. Nazmul Haque,92965
Rajshahi 6,Jatiya Party (JaPa),Md. Iqbal Hossain,2930
Rajshahi 6,Islami Andolan Bangladesh (IAB),Md. Abdus Salam Suruj,1628
Natore 1,Bangladesh Nationalist Party (BNP),Farzana Sharmin,102726
Natore 1,Bangladesh Jamaat-e-Islami (Jamaat),Md. Abul Kalam Azad,90568
Natore 1,Independent Candidate (Independent),Md. Taiful Islam Tipu,73173
Natore 1,Islami Andolan Bangladesh (IAB),Md. Abdullahil Baki,1269
Natore 1,Jatiya Party (JaPa),Md. Sahed Ali Jinnah,552
Natore 1,Gono Odhikar Parishad (GOP),Md. Mehedi Hasan,298
Natore 1,Ganosanhati Andolan (GSA),Md. Sentu Ali,281
Natore 1,Revolutionary Workers Party of Bangladesh (RWPB),Md. Ansar Ali,276
Natore 1,Independent Candidate (Independent),Md. Moyazzem Hossain,115
Natore 1,Independent Candidate (Independent),Mohammad Yasir Arshad,80
Natore 2,Bangladesh Nationalist Party (BNP),M. Ruhul Quddus Talukder Dulu,162841
Natore 2,Bangladesh Jamaat-e-Islami (Jamaat),Md. Yunus Ali,130066
Natore 2,Islami Andolan Bangladesh (IAB),Mohammad Ali Siddiqui,2757
Natore 2,Jatiya Party (JaPa),Md. Rakib Uddin (Komol),2587
Natore 2,Independent Candidate (Independent),Dr. Md. Nurnabi Mridha,621
Natore 2,Ganosanhati Andolan (GSA),Tahamida Islam Tania,464
Natore 3,Bangladesh Nationalist Party (BNP),Md. Anwarul Islam,119768
Natore 3,Independent Candidate (Independent),Md. Daudar Mahmud,66492
Natore 3,National Citizen Party (NCP),S. M. Zargis Qadir,20707
Natore 3,Islami Andolan Bangladesh (IAB),Md. Khalilur Rahman,19105
Natore 3,Jatiya Party (JaPa),Md. Ashiq Iqbal,2119
Natore 3,Independent Candidate (Independent),Md. Delowar Hossain,372
Natore 4,Bangladesh Nationalist Party (BNP),Md. Abdul Aziz,170551
Natore 4,Bangladesh Jamaat-e-Islami (Jamaat),Md. Abdul Hakim,135386
Natore 4,Islami Andolan Bangladesh (IAB),Md. Emdadullah,3845
Natore 4,Jatiya Party (JaPa),M. Yusuf Ahmed,2799
Natore 4,Amar Bangladesh Party (AB),Md. Moksedul Momin,259
Sirajganj 1,Bangladesh Nationalist Party (BNP),Md. Selim Reza,116613
Sirajganj 1,Bangladesh Jamaat-e-Islami (Jamaat),Md. Shahinur Alam,108815
Sirajganj 1,Jatiya Party (JaPa),Md. Jahurul Islam,2234
Sirajganj 1,Gono Odhikar Parishad (GOP),Mosammat Mallika Khatun,1170
Sirajganj 1,Nagorik Oikya (NO),Md. Nazmus Sakib,321
Sirajganj 1,Independent Candidate (Independent),Md. Abdus Sabur,263
Sirajganj 2,Bangladesh Nationalist Party (BNP),Iqbal Hasan Mahmud,177578
Sirajganj 2,Bangladesh Jamaat-e-Islami (Jamaat),Muhammad Zahidul Islam,138797
Sirajganj 2,Islami Andolan Bangladesh (IAB),Md. Mohibullah,2167
Sirajganj 2,Bangladesh Socialist Party (BASAD),S. M. Abdullah Al Mamun,864
Sirajganj 2,Communist Party of Bangladesh (CPB),Md. Anwar Hossain,769
Sirajganj 2,Gono Odhikar Parishad (GOP),Mohammad Mahfuzur Rahman,410
Sirajganj 2,Janata Party,Md. Sohel Rana,181
Sirajganj 3,Bangladesh Nationalist Party (BNP),Md. Ainul Haque,174430
Sirajganj 3,Bangladesh Khelafat Majlish (BKM),Md. Abdur Rauf Sarkar,116802
Sirajganj 3,Jatiya Party (JaPa),Md. Fazlul Haque,1658
Sirajganj 3,Independent Candidate (Independent),Md. Ilias Reza Robin,1006
Sirajganj 4,Bangladesh Jamaat-e-Islami (Jamaat),Md. Rafiqul Islam Khan,161872
Sirajganj 4,Bangladesh Nationalist Party (BNP),M. Akbar Ali,161278
Sirajganj 4,Islami Andolan Bangladesh (IAB),Abdur Rahman,2216
Sirajganj 4,Jatiya Party (JaPa),Md. Hilton Pramanik,1213
Sirajganj 4,Communist Party of Bangladesh (CPB),Md. Abdul Hakim,695
Sirajganj 5,Bangladesh Nationalist Party (BNP),Md. Amirul Islam Khan,588084
Sirajganj 5,Bangladesh Jamaat-e-Islami (Jamaat),Md. Ali Alam,47876
Sirajganj 5,Islami Andolan Bangladesh (IAB),Nurun Nabi,0
Sirajganj 5,Jatiya Party (JaPa),Md. Akbar Hossain,0
Sirajganj 5,Gono Odhikar Parishad (GOP),Md. Yusuf Ali,0
Sirajganj 5,Communist Party of Bangladesh (CPB),Md. Matiar Rahman,0
Sirajganj 6,Bangladesh Nationalist Party (BNP),M. A. Muhit,171508
Sirajganj 6,National Citizen Party (NCP),S. M. Saif Mostafiz,103884
Sirajganj 6,Islami Andolan Bangladesh (IAB),Misbah Uddin,2280
Sirajganj 6,Bangladesh Islami Front,Md. Mosharraf Hossain Shahidul,1133
Sirajganj 6,Jatiya Party (JaPa),Md. Moktar Hossain,1098
Sirajganj 6,Jatiya Samajtantrik Dal (JSD),Ilora Khatun,890
Sirajganj 6,Am Janata Party,Md. Asadul Haque,653
Sirajganj 6,Independent Candidate (Independent),Md. Humayun Kabir,441
Sirajganj 6,Bangladesh Socialist Party (BASAD),Md. Anwar Hossain,400
Sirajganj 6,Amar Bangladesh Party (AB),Abu Jafar Md. Anwarus Sadat,271
Sirajganj 6,Independent Candidate (Independent),Md. Wasek Iqbal Khan Majlish,252
Pabna 1,Bangladesh Jamaat-e-Islami (Jamaat),Mohammad Najibur Rahman,129974
Pabna 1,Bangladesh Nationalist Party (BNP),Md. Shamsur Rahman,104245
Pabna 1,Islami Andolan Bangladesh (IAB),Md. Abdul Gani,1114
Pabna 1,Independent Candidate (Independent),Md. Tajul Islam,1033
Pabna 2,Bangladesh Nationalist Party (BNP),A. K. M. Selim Reza Habib,215406
Pabna 2,Bangladesh Jamaat-e-Islami (Jamaat),Md. Hesab Uddin,77242
Pabna 2,Islami Andolan Bangladesh (IAB),Md. Afzal Hossain Khan Kashemi,5884
Pabna 2,Jatiya Party (JaPa),Md. Mehedi Hasan Rubel,2260
Pabna 2,Gono Forum (GF),Sheikh Nasir Uddin,333
Pabna 3,Bangladesh Jamaat-e-Islami (Jamaat),Mohammad Ali Asgar,147475
Pabna 3,Bangladesh Nationalist Party (BNP),Md. Hasan Zafir Tuhin,144206
Pabna 3,Independent Candidate (Independent),K. M. Anwarul Islam,38027
Pabna 3,Islami Andolan Bangladesh (IAB),Md. Abdul Khalek,1769
Pabna 3,Bangladesh Supreme Party (BSP),Md. Mahbubur Rahman Joy Chowdhury,1420
Pabna 3,Jatiya Party (JaPa),Mir Nadim Mohammad Dablu,1072
Pabna 3,Gono Odhikar Parishad (GOP),Md. Hasanul Islam,986
Pabna 3,Gono Forum (GF),Sardar Asha Parvez,173
Pabna 4,Bangladesh Jamaat-e-Islami (Jamaat),Md. Abu Taleb Mondol,137645
Pabna 4,Bangladesh Nationalist Party (BNP),Md. Habibur Rahman (Habib),133878
Pabna 4,Independent Candidate (Independent),Md. Zakaria Pintu,27970
Pabna 4,Islami Andolan Bangladesh (IAB),Md. Anwar Shah,2688
Pabna 4,Jatiya Party (JaPa),Md. Saiful Azad Mallik,955
Pabna 4,Communist Party of Bangladesh (CPB),Md. Sohag Hossain,459
Pabna 4,Nagorik Oikya (NO),Shahnaz Haque,182
Pabna 5,Bangladesh Nationalist Party (BNP),Md. Shamsur Rahman Shimul Biswas,181925
Pabna 5,Bangladesh Jamaat-e-Islami (Jamaat),Md. Iqbal Hossain,164994
Pabna 5,Islami Andolan Bangladesh (IAB),Md. Nazmul Hossain,4268
Pabna 5,Amar Bangladesh Party (AB),Md. Abdul Majid Mollah,442
Panchagarh 1,Bangladesh Nationalist Party (BNP),Mohammad Nawshad Zamir,176169
Panchagarh 1,National Citizen Party (NCP),Md. Sarjis Alam,168049
Panchagarh 1,Bangladesh Jatiya Samajtantrik Dal (Bangladesh JaSad),Nazmul Haque Prodhan,3009
Panchagarh 1,Bangladesh Supreme Party (BSP),Md. Abdul Wadud (Badsha),1018
Panchagarh 1,Gono Odhikar Parishad (GOP),Md. Mahafuzar Rahman,836
Panchagarh 1,Bangladesh Labour Party,Md. Ferdous Alam,683
Panchagarh 1,Bangladesh Nationalist Front (BNF),Md. Sirajul Islam,261
Panchagarh 2,Bangladesh Nationalist Party (BNP),Farhad Hossain Azad,174650
Panchagarh 2,Bangladesh Jamaat-e-Islami (Jamaat),Md. Safiul Alam,128862
Panchagarh 2,Islami Andolan Bangladesh (IAB),Md. Kamrul Hasan Prodhan,4391
Panchagarh 2,Jatiya Party (JaPa),Md. Lutfar Rahman Ripon,2152
Panchagarh 2,Independent Candidate (Independent),Mahmud Hossain Suman,1854
Panchagarh 2,Bangladesh Supreme Party (BSP),Md. Delwar Hossain,1352
Panchagarh 2,Bangladesh Jatiya Samajtantrik Dal (Bangladesh JaSad),Md. Emran Al Amin,953
Panchagarh 2,Communist Party of Bangladesh (CPB),Md. Ashraful Alam,935
Thakurgaon 1,Bangladesh Nationalist Party (BNP),Mirza Fakhrul Islam Alamgir,238836
Thakurgaon 1,Bangladesh Jamaat-e-Islami (Jamaat),Delwar Hossain,141017
Thakurgaon 1,Islami Andolan Bangladesh (IAB),Md. Khademul Islam,3951
Thakurgaon 2,Bangladesh Nationalist Party (BNP),Md. Abdus Salam,121017
Thakurgaon 2,Bangladesh Jamaat-e-Islami (Jamaat),Md. Abdul Hakim,115707
Thakurgaon 2,Jatiya Party (JaPa),Nurun Nahar Begum,2876
Thakurgaon 2,Gono Odhikar Parishad (GOP),Md. Faruk Hossain,1843
Thakurgaon 2,Amar Bangladesh Party (AB),Md. Nahid-Rana,451
Thakurgaon 2,Islami Andolan Bangladesh (IAB),Md. Rezaul Karim,437
Thakurgaon 2,Communist Party of Bangladesh (CPB),Sahabuddin Ahmed,380
Thakurgaon 3,Bangladesh Nationalist Party (BNP),Md. Zahidur Rahman,132797
Thakurgaon 3,Bangladesh Jamaat-e-Islami (Jamaat),Md. Mizanur Rahman,91934
Thakurgaon 3,Jatiya Party (JaPa),Hafiz Uddin Ahmed,27133
Thakurgaon 3,Communist Party of Bangladesh (CPB),Prabhat Samir Shahjahan Alam,1548
Thakurgaon 3,Islami Andolan Bangladesh (IAB),Md. Al Amin,1295
Thakurgaon 3,Bangladesh Minority People’s Party (BMJP),Kamala Kanta Roy,680
Thakurgaon 3,Gono Odhikar Parishad (GOP),Md. Mamunur Rashid Mamun,552
Thakurgaon 3,Bangladesh Supreme Party (BSP),Md. Abul Kalam Azad,503
Thakurgaon 3,Independent Candidate (Independent),Mosammat Asha Moni,279
Thakurgaon 3,Bangladesh Muslim League (BML),S. M. Khalilur Rahman Sarkar,113
Dinajpur 1,Bangladesh Nationalist Party (BNP),Md. Manjurul Islam,179314
Dinajpur 1,Bangladesh Jamaat-e-Islami (Jamaat),Md. Matiur Rahman,117481
Dinajpur 1,Islami Andolan Bangladesh (IAB),Md. Chan Mia,3095
Dinajpur 1,Zaker Party (ZP),Raghunath Chandra Roy,2280
Dinajpur 1,Jatiya Party (JaPa),Md. Shahinur Islam,1530
Dinajpur 1,Gono Odhikar Parishad (GOP),Md. Rizwanul Islam,395
Dinajpur 2,Bangladesh Nationalist Party (BNP),Md. Sadik Riyaz,139622
Dinajpur 2,Bangladesh Jamaat-e-Islami (Jamaat),AKM Afzalul Anam,104887
Dinajpur 2,Independent Candidate (Independent),Md. ANM Bazlur Rashid,15618
Dinajpur 2,Jatiya Party (JaPa),Md. Zulfikar Hossain,4647
Dinajpur 2,Independent Candidate (Independent),Anwar Chowdhury Jibon,3857
Dinajpur 2,Islami Andolan Bangladesh (IAB),Md. Redwanul Karim Rabid,1067
Dinajpur 2,Bangladesh Khelafat Majlish (BKM),Zobayer Sayeed,1046
Dinajpur 2,Bangladesh Muslim League (BML),Md. Mokarram Hossain,461
Dinajpur 3,Bangladesh Nationalist Party (BNP),Syed Jahangir Alam,140608
Dinajpur 3,Bangladesh Jamaat-e-Islami (Jamaat),Md. Mainul Alam,136239
Dinajpur 3,Jatiya Party (JaPa),Ahmed Shafi Rubel,3838
Dinajpur 3,Islami Andolan Bangladesh (IAB),Md. Khairuzzaman,1408
Dinajpur 3,Communist Party of Bangladesh (CPB),Amrit Kumar Roy,701
Dinajpur 3,Janata Party,Md. Rabiul Islam,337
Dinajpur 3,Bangladesh Socialist Party (BASAD),Kibria Hossain,283
Dinajpur 3,Bangladesh Muslim League (BML),Laila Tul Rima,214
Dinajpur 4,Bangladesh Nationalist Party (BNP),Md. Akhtaruzzaman Mia,166717
Dinajpur 4,Bangladesh Jamaat-e-Islami (Jamaat),Md. Aftab Uddin Molla,129056
Dinajpur 4,Jatiya Party (JaPa),Md. Nurul Amin Shah,3152
Dinajpur 4,Islami Andolan Bangladesh (IAB),Md. Anwar Hossain,1699
Dinajpur 5,Independent Candidate (Independent),AZM Rezwanul Haque,114484
Dinajpur 5,National Citizen Party (NCP),Md. Abdul Ahad,110195
Dinajpur 5,Bangladesh Nationalist Party (BNP),AKM Kamruzzaman,98544
Dinajpur 5,Independent Candidate (Independent),SM Zakaria Bacchu,4725
Dinajpur 5,Independent Candidate (Independent),Md. Hazrat Ali Belal,3027
Dinajpur 5,Jatiya Party (JaPa),Md. Kazi Abdul Gafur,1503
Dinajpur 5,Independent Candidate (Independent),Md. Rustam Ali,567
Dinajpur 6,Bangladesh Nationalist Party (BNP),Abu Zafar Md. Zahid Hossain,205118
Dinajpur 6,Bangladesh Jamaat-e-Islami (Jamaat),Md. Anwarul Islam,190703
Dinajpur 6,Jatiya Party (JaPa),Md. Rezaul Haque,2689
Dinajpur 6,Islami Andolan Bangladesh (IAB),Md. Nur Alam Siddique,1659
Dinajpur 6,Bangladesh Socialist Party (BASAD),Md. Abdul Hakim,449
Dinajpur 6,Independent Candidate (Independent),Md. Abdullah,418
Dinajpur 6,Independent Candidate (Independent),Md. Shahnewaz Firoz Shuvo Shah,152
Nilphamari 1,Bangladesh Jamaat-e-Islami (Jamaat),Md. Abdus Sattar,150824
Nilphamari 1,Jamiat Ulema-e-Islam Bangladesh,Maulana Md. Manjurul Islam,119059
Nilphamari 1,Jatiya Party (JaPa),Md. Taslim Uddin,12276
Nilphamari 1,Jatiya Party (JaPa),Md. Makhdum Azam Mashrafi,4501
Nilphamari 1,Bangladesh National Awami Party (Bangladesh NAP),Jebel Rahman Gani,4477
Nilphamari 1,Islami Andolan Bangladesh (IAB),Md. Abdul Jalil,1871
Nilphamari 1,Bangladesh Socialist Party (Marxist),Md. Rafiqul Islam,312
Nilphamari 1,Bangladesh Nationalist Front (BNF),Md. Sirajul Islam,210
Nilphamari 2,Bangladesh Jamaat-e-Islami (Jamaat),Al-Faruk Abdul Latif,146430
Nilphamari 2,Bangladesh Nationalist Party (BNP),Shaharin Islam,135418
Nilphamari 2,Islami Andolan Bangladesh (IAB),Hasibul Islam,3260
Nilphamari 2,Khelafat Majlis,Md. Sarwarul Alam,351
Nilphamari 2,Independent Candidate (Independent),Md. Minhajul Islam Minhaj,307
Nilphamari 2,Bangladesh Nationalist Front (BNF),Md. Sirajul Islam,193
Nilphamari 3,Bangladesh Jamaat-e-Islami (Jamaat),Obaidullah Salafi,109686
Nilphamari 3,Bangladesh Nationalist Party (BNP),Alhaj Syed Ali,89807
Nilphamari 3,Jatiya Party (JaPa),Md. Rohan Chowdhury,3391
Nilphamari 3,Islami Andolan Bangladesh (IAB),Md. Amzad Hossain (Sarkar),990
Nilphamari 4,Bangladesh Jamaat-e-Islami (Jamaat),Abdul Muntakim,126222
Nilphamari 4,Bangladesh Nationalist Party (BNP),Md. Abdul Gafur Sarkar,82086
Nilphamari 4,Jatiya Party (JaPa),Md. Siddiqul Alam,67557
Nilphamari 4,Islami Andolan Bangladesh (IAB),Md. Shahidul Islam,8335
Nilphamari 4,Independent Candidate (Independent),Md. Riyad Arfan Sarkar,3826
Nilphamari 4,Independent Candidate (Independent),Zobaidur Rahman (Hira),1008
Nilphamari 4,Bangladesh Socialist Party (Marxist),Md. Maidul Islam,630
Nilphamari 4,Independent Candidate (Independent),S. M. Mamunur Rashid,436
Nilphamari 4,Bangladesh Jatiya Party (BJP),Mirza Md. Shawkat Akbar (Rowshan),97
Lalmonirhat 1,Bangladesh Nationalist Party (BNP),Md. Hasan Rajib Pradhan,138686
Lalmonirhat 1,Bangladesh Jamaat-e-Islami (Jamaat),Md. Anwarul Islam Raju,129572
Lalmonirhat 1,Independent Candidate (Independent),Shihab Ahmed,7959
Lalmonirhat 1,Jatiya Party (JaPa),Md. Moshiur Rahman Ranga,5158
Lalmonirhat 1,Islami Andolan Bangladesh (IAB),Muhammad Fazlul Karim Shaharia,2242
Lalmonirhat 1,Independent Candidate (Independent),Md. Rezaul Karim Sarkar,804
Lalmonirhat 1,Bangladesh Jatiya Samajtantrik Dal (Bangladesh JaSad),Habib Md. Faruk,226
Lalmonirhat 1,Independent Candidate (Independent),Abu Sama Md. Redwanul Haque,191
Lalmonirhat 1,Bangladesh Labour Party,Md. Shubho Ahmed,143
Lalmonirhat 2,Bangladesh Nationalist Party (BNP),Md. Rokon Uddin Babul,123343
Lalmonirhat 2,Bangladesh Jamaat-e-Islami (Jamaat),Md. Firoz Haider,116236
Lalmonirhat 2,Communist Party of Bangladesh (CPB),Nimai Chandra Roy,0
Lalmonirhat 2,Jatiya Party (JaPa),Md. Elahan Uddin,0
Lalmonirhat 2,Independent Candidate (Independent),Md. Momtaz Ali,0
Lalmonirhat 2,Islami Andolan Bangladesh (IAB),Md. Mahfuzur Rahman,0
Lalmonirhat 2,Janata Party,Md. Shamim Kamal,0
Lalmonirhat 3,Bangladesh Nationalist Party (BNP),Asadul Habib Dulu,138691
Lalmonirhat 3,Bangladesh Jamaat-e-Islami (Jamaat),Md. Abu Taher,56244
Lalmonirhat 3,Islami Andolan Bangladesh (IAB),Md. Aminul Islam,3283
Lalmonirhat 3,Jatiya Party (JaPa),Md. Zahid Hasan,2150
Lalmonirhat 3,Communist Party of Bangladesh (CPB),Madhu Sudan Roy,861
Lalmonirhat 3,Ganosanhati Andolan (GSA),Dipak Kumar Roy,427
Rangpur 1,Bangladesh Jamaat-e-Islami (Jamaat),Md. Raihan Siraji,145088
Rangpur 1,Bangladesh Nationalist Party (BNP),Md. Mokarram Hossain Sujan,69407
Rangpur 1,Bangladesh Socialist Party (Marxist),Ahsanul Arefin,0
Rangpur 1,Islami Andolan Bangladesh (IAB),A. T. M. Golam Mostafa,0
Rangpur 1,Islamic Front Bangladesh (IFB),Md. Anas,0
Rangpur 1,Jatiya Party (JaPa),Md. Manjum Ali,0
Rangpur 2,Bangladesh Jamaat-e-Islami (Jamaat),A. T. M. Azharul Islam,139680
Rangpur 2,Bangladesh Nationalist Party (BNP),Mohammad Ali Sarkar,79910
Rangpur 2,Jatiya Party (JaPa),Anisul Islam Mondol,17487
Rangpur 2,Jatiya Samajtantrik Dal (JSD),Md. Azizur Rahman,0
Rangpur 2,Islami Andolan Bangladesh (IAB),Md. Ashraf Ali,0
Rangpur 3,Bangladesh Jamaat-e-Islami (Jamaat),Md. Mahbubur Rahman (Belal),157403
Rangpur 3,Bangladesh Nationalist Party (BNP),Md. Samsuzzaman Samu,74171
Rangpur 3,Jatiya Party (JaPa),Golam Mohammad Kader,37933
Rangpur 3,Bangladesh Socialist Party (Marxist),Md. Anowar Hossain Babul,0
Rangpur 3,Bangladesh Socialist Party (BASAD),Md. Abdul Quddus,0
Rangpur 3,Islami Andolan Bangladesh (IAB),Md. Amiruzzaman,0
Rangpur 3,Independent Candidate (Independent),Mosammat Anwara Islam Rani,0
Rangpur 3,Independent Candidate (Independent),Rita Rahman,0
Rangpur 4,National Citizen Party (NCP),Akhtar Hossain,147947
Rangpur 4,Bangladesh Nationalist Party (BNP),Mohammad Emdadul Haque Bhorosha,139616
Rangpur 4,Jatiya Party (JaPa),Abu Naser Shah Md. Mahbubar Rahman,499
Rangpur 4,Bangladesh Khelafat Majlish (BKM),Abu Sahma,0
Rangpur 4,Bangladesh Socialist Party (Marxist),Pragati Barman Toma,0
Rangpur 4,Islami Andolan Bangladesh (IAB),Md. Zahid Hossain,0
Rangpur 4,Independent Candidate (Independent),Md. Shah Alam Basar,0
Rangpur 5,Bangladesh Jamaat-e-Islami (Jamaat),Md. Golam Rabbani,175208
Rangpur 5,Bangladesh Nationalist Party (BNP),Md. Golam Rabbani,114141
Rangpur 5,Jatiya Party (JaPa),S. M. Fakhr Uz Zaman,15115
Rangpur 5,Independent Candidate (Independent),Khandaker Mukit Al Mahmud,0
Rangpur 5,Communist Party of Bangladesh (CPB),Md. Abu Helal,0
Rangpur 5,Amar Bangladesh Party (AB),Md. Abdul Baset,0
Rangpur 5,Islami Andolan Bangladesh (IAB),Md. Golzar Hossain,0
Rangpur 5,Nagorik Oikya (NO),Mofakkharul Islam Nawab,0
Rangpur 5,Bangladesh Socialist Party (Marxist),Md. Babul Akter,0
Rangpur 5,Bangladesh Congress,Md. Mahbubur Rahman,0
Rangpur 6,Bangladesh Jamaat-e-Islami (Jamaat),Md. Nurul Amin,118160
Rangpur 6,Bangladesh Nationalist Party (BNP),Md. Saiful Islam,116646
Rangpur 6,Independent Candidate (Independent),Abu Zafar Md. Zahid,0
Rangpur 6,Amar Bangladesh Party (AB),Md. Sadekul Islam,0
Rangpur 6,Jatiya Party (JaPa),Md. Nur Alam Mia,0
Rangpur 6,Islami Andolan Bangladesh (IAB),Sultan Mahmud,0
Kurigram 1,Bangladesh Jamaat-e-Islami (Jamaat),Md. Anwarul Islam,134648
Kurigram 1,Bangladesh Nationalist Party (BNP),Saifur Rahman Rana,117356
Kurigram 1,Islami Andolan Bangladesh (IAB),Md. Harisul Bari,3377
Kurigram 1,Jatiya Party (JaPa),A. K. M. Mostafizur Rahman,2689
Kurigram 1,Zaker Party (ZP),Md. Abdul Hai,0
Kurigram 1,Gono Odhikar Parishad (GOP),Md. Bin Yamin Molla,0
Kurigram 2,National Citizen Party (NCP),Atikur Rahman Mojahid,179786
Kurigram 2,Bangladesh Nationalist Party (BNP),Md. Sohel Hosnain Kaikobad,169386
Kurigram 2,Communist Party of Bangladesh (CPB),Nur Mohammad,0
Kurigram 2,Jatiya Party (JaPa),Panir Uddin Ahmed,0
Kurigram 2,Nagorik Oikya (NO),Muhammad Abdus Salam,0
Kurigram 2,Bangladesh Jatiya Party (BJP),Md. Atikur Rahman,0
Kurigram 2,Amar Bangladesh Party (AB),Md. Nazrul Islam Khan,0
Kurigram 2,Islami Andolan Bangladesh (IAB),Md. Nur Bakht,0
Kurigram 2,Independent Candidate (Independent),Md. Safiur Rahman,0
Kurigram 3,Bangladesh Jamaat-e-Islami (Jamaat),Md. Mahbubul Alam,105594
Kurigram 3,Bangladesh Nationalist Party (BNP),Tasvir Ul Islam,77963
Kurigram 3,Jatiya Party (JaPa),Abdus Sobhan,0
Kurigram 3,Islami Andolan Bangladesh (IAB),Dr. Md. Akkas Ali Sarkar,0
Kurigram 3,Jatiya Party (JaPa),Md. Safiur Rahman,0
Kurigram 3,Gono Odhikar Parishad (GOP),Sarkar Md. Nur-e-Ershad Siddiqui,0
Kurigram 4,Bangladesh Jamaat-e-Islami (Jamaat),Md. Mostafizur Rahman,78943
Kurigram 4,Bangladesh Nationalist Party (BNP),Md. Azizur Rahman,57947
Kurigram 4,Jatiya Party (JaPa),K. M. Fazlul Mondol,0
Kurigram 4,Independent Candidate (Independent),Md. Rukunuzzaman,0
Kurigram 4,Islami Andolan Bangladesh (IAB),Md. Hafizur Rahman,0
Kurigram 4,Bangladesh Socialist Party (Marxist),Raju Ahmed,0
Kurigram 4,Bangladesh Socialist Party (BASAD),Sheikh Mohammad Abdul Khaleq,0
Gaibandha 1,Bangladesh Jamaat-e-Islami (Jamaat),Md. Majedur Rahman,114595
Gaibandha 1,Bangladesh Nationalist Party (BNP),Khandaker Ziaul Islam Mohammad Ali,28771
Gaibandha 1,Jatiya Party (JaPa),Shamim Haider Patowary,25523
Gaibandha 1,Jatiya Party (JaPa),Md. Mostafa Mohsin,20495
Gaibandha 1,Islami Andolan Bangladesh (IAB),Md. Ramzan Ali,1557
Gaibandha 1,Bangladesh Socialist Party (Marxist),Paramananda Das,305
Gaibandha 1,Jatiya Party (JaPa),Mosammat Salma Akter,282
Gaibandha 1,Am Janata Party,Md. Kawsar Azam Hannu,141
Gaibandha 2,Bangladesh Jamaat-e-Islami (Jamaat),Md. Abdul Karim,121073
Gaibandha 2,Bangladesh Nationalist Party (BNP),Md. Anisuzzaman Khan Babu,92180
Gaibandha 2,Jatiya Party (JaPa),Md. Abdur Rashid Sarkar,21143
Gaibandha 2,Islami Andolan Bangladesh (IAB),Mohammad Abdul Majed,2351
Gaibandha 2,Communist Party of Bangladesh (CPB),Mihir Kumar Ghosh,2318
Gaibandha 2,Bangladesh Socialist Party (Marxist),Ahsanul Habib Sayeed,620
Gaibandha 2,Janata Party,Md. Shahedur Jahan,196
Gaibandha 3,Bangladesh Jamaat-e-Islami (Jamaat),Abul Kawsar Mohammad Nazrul Islam,85816
Gaibandha 3,Bangladesh Nationalist Party (BNP),Professor Dr. Syed Moinul Hasan Sadiq,55500
Gaibandha 3,Islami Andolan Bangladesh (IAB),Md. A. T. M. Awlad Hossain,1246
Gaibandha 3,Gono Odhikar Parishad (GOP),Md. Suruj Mia,995
Gaibandha 3,Jatiya Party (JaPa),Moinur Rabbi Chowdhury,904
Gaibandha 3,Jatiya Party (JaPa),Md. Azizur Rahman,588
Gaibandha 3,Communist Party of Bangladesh (CPB),Md. Abdullah Adil,298
Gaibandha 3,Jatiya Party (JaPa),S. M. Khademul Islam Khudi,265
Gaibandha 3,Janata Party,Md. Manjurul Haque,71
Gaibandha 3,Jatiya Party (JaPa),Md. Mosaddiqul Islam,49
Gaibandha 4,Bangladesh Nationalist Party (BNP),Mohammad Shamim Kaisar,72727
Gaibandha 4,Bangladesh Jamaat-e-Islami (Jamaat),Md. Abdur Rahim Sarkar,63379
Gaibandha 4,Jatiya Party (JaPa),Kazi Md. Mashiur Rahman,1174
Gaibandha 4,Jatiya Party (JaPa),Md. Abdur Rauf Akand,777
Gaibandha 4,Islami Andolan Bangladesh (IAB),Syed Touhidul Islam Tuhin,710
Gaibandha 4,Revolutionary Workers Party of Bangladesh (RWPB),Md. Atowarul Islam,98
Gaibandha 5,Bangladesh Jamaat-e-Islami (Jamaat),Md. Abdul Waresh,99378
Gaibandha 5,Bangladesh Nationalist Party (BNP),Md. Faruk Alam Sarkar,61525
Gaibandha 5,Jatiya Party (JaPa),Nahiduzzaman Nishad,33036
Gaibandha 5,Independent Candidate (Independent),A. H. M. Golam Shahid Ranjhu,8266
Gaibandha 5,Jatiya Party (JaPa),Shamim Haider Patowary,3102
Gaibandha 5,Islami Andolan Bangladesh (IAB),Md. Azizul Islam,1839
Gaibandha 5,Jatiya Party (JaPa),Hasan Mehdi Bidyut,464
Gaibandha 5,Communist Party of Bangladesh (CPB),Sri Nirmal,434
Gaibandha 5,Bangladesh Socialist Party (Marxist),Mosammat Rahela Khatun,217
Jamalpur 1,Bangladesh Nationalist Party (BNP),M. Rashiduzzaman Millat,172115
Jamalpur 1,Bangladesh Jamaat-e-Islami (Jamaat),Muhammad Nazmul Haque Saeedi,93661
Jamalpur 1,Jatiya Party (JaPa),A. K. M. Fazlul Haque,0
Jamalpur 1,Islami Andolan Bangladesh (IAB),Md. Abdur Rauf Talukdar,0
Jamalpur 1,Gono Odhikar Parishad (GOP),Md. Rafiqul Islam,0
Jamalpur 2,Bangladesh Nationalist Party (BNP),A. I. Sultan Mahmud Babu,95860
Jamalpur 2,Bangladesh Jamaat-e-Islami (Jamaat),Md. Samiul Haque,62434
Jamalpur 2,Islami Andolan Bangladesh (IAB),Sultan Mahmud,1713
Jamalpur 2,Independent Candidate (Independent),Arnob Wares Khan,174
Jamalpur 3,Bangladesh Nationalist Party (BNP),Md. Mostafizur Rahman Babul,207412
Jamalpur 3,Bangladesh Jamaat-e-Islami (Jamaat),Md. Mujibur Rahman Azadi,81430
Jamalpur 3,Independent Candidate (Independent),Md. Sadikur Rahman,12052
Jamalpur 3,Independent Candidate (Independent),Shiblul Bari Raju,10523
Jamalpur 3,Islami Andolan Bangladesh (IAB),Mohammad Daulatuzzaman Ansari,2546
Jamalpur 3,Jatiya Party (JaPa),Mir Shamsul Alam,844
Jamalpur 3,Ganosanhati Andolan (GSA),Fidel Naim,643
Jamalpur 3,Gono Odhikar Parishad (GOP),Liton Mia,412
Jamalpur 3,Jatiya Party (JaPa),Farzana Farid,284
Jamalpur 4,Bangladesh Nationalist Party (BNP),Md. Faridul Kabir Talukdar,147406
Jamalpur 4,Bangladesh Jamaat-e-Islami (Jamaat),Mohammad Abdul Awal,44947
Jamalpur 4,Communist Party of Bangladesh (CPB),Md. Mahbub Zaman Jewel,1314
Jamalpur 4,Islami Andolan Bangladesh (IAB),Md. Ali Akbar,1302
Jamalpur 4,Gono Odhikar Parishad (GOP),Md. Iqbal Hossain,383
Jamalpur 4,Nagorik Oikya (NO),Md. Kabir Hasan,379
Jamalpur 5,Bangladesh Nationalist Party (BNP),Shah Md. Waresh Ali Mamun,199344
Jamalpur 5,Bangladesh Jamaat-e-Islami (Jamaat),Muhammad Abdus Sattar,113201
Jamalpur 5,Islami Andolan Bangladesh (IAB),Syed Yunus Ahmed,4282
Jamalpur 5,Jatiya Party (JaPa),Md. Babar Ali Khan,3739
Jamalpur 5,Jatiya Samajtantrik Dal (JSD),Md. Amir Uddin,580
Jamalpur 5,Communist Party of Bangladesh (CPB),Sheikh Md. Akkas Ali,547
Jamalpur 5,Gono Odhikar Parishad (GOP),Zakir Hossain,539
Jamalpur 5,Bangladesh Congress,Abu Sayeem Mohammad Sa’adat-ul Karim,225
Sherpur 1,Bangladesh Jamaat-e-Islami (Jamaat),Md. Rashedul Islam Rashed,127811
Sherpur 1,Bangladesh Nationalist Party (BNP),Sansila Zebrin,78342
Sherpur 1,Independent Candidate (Independent),Md. Shafiqul Islam Masud,62415
Sherpur 1,Jatiya Party (JaPa),Md. Mahmudul Haque Moni,751
Sherpur 1,National Citizen Party (NCP),Md. Likhon Mia,456
Sherpur 1,Independent Candidate (Independent),Md. Ilias Uddin,205
Sherpur 2,Bangladesh Jamaat-e-Islami (Jamaat),Md. Golam Kibria,118472
Sherpur 2,Bangladesh Nationalist Party (BNP),Mohammad Fahim Chowdhury,108335
Sherpur 2,Islami Andolan Bangladesh (IAB),Md. Abdullah Al Qayes,4877
Sherpur 2,Amar Bangladesh Party (AB),Md. Abdullah,1038
Sherpur 3,Islami Andolan Bangladesh (IAB),Abu Taleb Md. Saifuddin,0
Sherpur 3,Independent Candidate (Independent),Md. Aminul Islam,0
Sherpur 3,Bangladesh Nationalist Party (BNP),Md. Mahmudul Haque Rubel,0
Sherpur 3,Bangladesh Socialist Party (Marxist),Md. Mizanur Rahman,0
Sherpur 3,Bangladesh Jamaat-e-Islami (Jamaat),Mohammad Nuruzzaman,0
Mymensingh 1,Independent Candidate (Independent),Mohammad Salman Omar,108265
Mymensingh 1,Bangladesh Nationalist Party (BNP),Syed Emran Saleh,101926
Mymensingh 1,Bangladesh Khelafat Majlish (BKM),Md. Tajul Islam,53222
Mymensingh 1,Islami Andolan Bangladesh (IAB),Md. Jillur Rahman,3125
Mymensingh 1,Bangladesh Labour Party,Mohammad Rashedul Haque,274
Mymensingh 1,Bangladesh Socialist Party (Marxist),Md. A. Razzak,224
Mymensingh 1,Communist Party of Bangladesh (CPB),Azharul Islam,174
Mymensingh 2,Bangladesh Khelafat Majlish (BKM),Mohammadullah,146202
Mymensingh 2,Bangladesh Nationalist Party (BNP),Motahar Hossain Talukder,118438
Mymensingh 2,Independent Candidate (Independent),Shah Shahid Sarwar,48874
Mymensingh 2,Islami Andolan Bangladesh (IAB),Golam Mawla Bhuiyan,3857
Mymensingh 2,Bangladesh Supreme Party (BSP),Md. Julhas Uddin Sheikh,1071
Mymensingh 2,Jatiya Party (JaPa),Md. Emdadul Haque Khan,725
Mymensingh 2,Independent Candidate (Independent),Mohammad Abu Bakar Siddique,494
Mymensingh 3,Independent Candidate (Independent),Ahmed Taiebur Rahman,85995
Mymensingh 3,Bangladesh Nationalist Party (BNP),M. Iqbal Hossain,75320
Mymensingh 3,Bangladesh Nezam-e-Islam Party,Md. Abu Taher Khan,25706
Mymensingh 3,Islami Andolan Bangladesh (IAB),Md. Shariful Islam,2745
Mymensingh 3,Bangladesh Socialist Party (Marxist),A. K. M. Ariful Hasan,354
Mymensingh 4,Bangladesh Nationalist Party (BNP),Md. Abu Wahab Akand Wahid,179668
Mymensingh 4,Bangladesh Jamaat-e-Islami (Jamaat),Mohammad Kamrul Ahsan,171880
Mymensingh 4,Islami Andolan Bangladesh (IAB),Md. Nasir Uddin,8701
Mymensingh 4,Jatiya Party (JaPa),Abu Md. Musa Sarkar,3845
Mymensingh 4,Communist Party of Bangladesh (CPB),Emdadul Haque Millat,1397
Mymensingh 4,Bangladesh Supreme Party (BSP),Md. Liaqat Ali,892
Mymensingh 4,Bangladesh Socialist Party (Marxist),Shekhar Kumar Roy,740
Mymensingh 4,Ganosanhati Andolan (GSA),Mostafizur Rahman,456
Mymensingh 4,National People's Party (NPP),Md. Hamidul Islam,373
Mymensingh 5,Bangladesh Jamaat-e-Islami (Jamaat),Md. Matiur Rahman Akand,102228
Mymensingh 5,Bangladesh Nationalist Party (BNP),Mohammad Zakir Hossain,7926
Mymensingh 5,Islami Andolan Bangladesh (IAB),Mohammad Sirajul Islam,3648
Mymensingh 5,Ganosanhati Andolan (GSA),Mohammad Nazrul Islam,815
Mymensingh 5,Amar Bangladesh Party (AB),Md. Rafiqul Islam,348
Mymensingh 6,Bangladesh Jamaat-e-Islami (Jamaat),Md. Kamrul Hasan,77325
Mymensingh 6,Independent Candidate (Independent),Akhtar Sultana,53331
Mymensingh 6,Independent Candidate (Independent),Professor Md. Jasim Uddin,51970
Mymensingh 6,Bangladesh Nationalist Party (BNP),Md. Akhtarul Alam,49475
Mymensingh 6,Islami Andolan Bangladesh (IAB),Md. Nure Alam Siddique,1967
Mymensingh 7,Bangladesh Nationalist Party (BNP),Dr. Md. Mahabubur Rahman,99049
Mymensingh 7,Bangladesh Jamaat-e-Islami (Jamaat),Md. Asaduzzaman,84851
Mymensingh 7,Independent Candidate (Independent),Mohammad Anwar Sadat,33328
Mymensingh 7,Islami Andolan Bangladesh (IAB),Md. Ibrahim Khalilullah,4058
Mymensingh 7,Independent Candidate (Independent),Md. Zainal Abedin,1044
Mymensingh 7,Jatiya Party (JaPa),Md. Jahirul Islam,579
Mymensingh 8,Bangladesh Nationalist Party (BNP),Lutfullah-el-Mazed,107577
Mymensingh 8,Liberal Democratic Party (LDP),Md. Aurangzeb Belal,45791
Mymensingh 8,Islami Andolan Bangladesh (IAB),Shah Nurul Kabir,32734
Mymensingh 8,Jatiya Party (JaPa),Fakhrul Imam,1719
Mymensingh 9,Bangladesh Nationalist Party (BNP),Yaser Khan Chowdhury,85761
Mymensingh 9,Bangladesh Development Party,A. K. M. Anwarul Islam,71168
Mymensingh 9,Independent Candidate (Independent),Hasina Khan Chowdhury,30509
Mymensingh 9,Islami Andolan Bangladesh (IAB),Md. Saeedur Rahman,5596
Mymensingh 9,Jatiya Party (JaPa),Hasmat Mahmud,798
Mymensingh 9,Gono Forum (GF),Md. Latiful Bari (Hamim),252
Mymensingh 10,Bangladesh Nationalist Party (BNP),Mohammad Akhtaruzzaman,75585
Mymensingh 10,Independent Candidate (Independent),Abu Bakar Siddiqur Rahman,67013
Mymensingh 10,Bangladesh Jamaat-e-Islami (Jamaat),Md. Ismail,66063
Mymensingh 10,Islami Andolan Bangladesh (IAB),Md. Habibullah Belali,2504
Mymensingh 10,Independent Candidate (Independent),Md. Matiur Rahman,386
Mymensingh 10,Jatiya Party (JaPa),Md. Al Amin (Sohan),369
Mymensingh 10,Ganosanhati Andolan (GSA),A. K. M. Shamsul Alam,364
Mymensingh 10,Liberal Democratic Party (LDP),Syed Mahmud Morshed,322
Mymensingh 10,Communist Party of Bangladesh (CPB),Md. Saifus Salehin,299
Mymensingh 11,Bangladesh Nationalist Party (BNP),Fakhr Uddin Ahmed,111230
Mymensingh 11,Independent Candidate (Independent),Mohammad Morshed Alam,66016
Mymensingh 11,National Citizen Party (NCP),Zahidul Islam,22195
Mymensingh 11,Gono Odhikar Parishad (GOP),Mohammad Anwarul Islam,1855
Mymensingh 11,Islami Andolan Bangladesh (IAB),Md. Mostafa Kamal,391
Netrakona 1,Bangladesh Nationalist Party (BNP),Barrister Kaiser Kamal,158434
Netrakona 1,Bangladesh Khelafat Majlish (BKM),Golam Rabbani,87388
Netrakona 1,Communist Party of Bangladesh (CPB),Md. Alkas Uddin Mir,4429
Netrakona 1,Islami Andolan Bangladesh (IAB),Md. Abdul Mannan (Sohag),2220
Netrakona 1,Jatiya Party (JaPa),Md. Anwar Hossain Khan,1023
Netrakona 1,Jatiya Samajtantrik Dal (JSD),Md. Belal Hossain,335
Netrakona 2,Bangladesh Nationalist Party (BNP),Md. Anwarul Haque,171399
Netrakona 2,National Citizen Party (NCP),Md. Fahim Rahman Khan Pathan,67367
Netrakona 2,Islami Andolan Bangladesh (IAB),Abdul Qayyum,15220
Netrakona 2,Jatiya Party (JaPa),A. B. M. Rafiqul Haque Talukder,4845
Netrakona 2,Bangladesh Khelafat Andolon (BKA),Abdur Rahim,2020
Netrakona 3,Bangladesh Nationalist Party (BNP),Rafiqul Islam Hilali,118469
Netrakona 3,Independent Candidate (Independent),Md. Delwar Hossain Bhuiyan,68961
Netrakona 3,Bangladesh Jamaat-e-Islami (Jamaat),Md. Khairul Kabir Niyogi,41556
Netrakona 3,Islami Andolan Bangladesh (IAB),Md. Zakir Hossain,2760
Netrakona 3,Jatiya Party (JaPa),Md. Abul Hossain Talukder,574
Netrakona 3,Islamic Front Bangladesh (IFB),Md. Shamchuddoha,358
Netrakona 4,Bangladesh Nationalist Party (BNP),Md. Lutfuzzaman Babar,160224
Netrakona 4,Bangladesh Jamaat-e-Islami (Jamaat),Md. Al-Helal,39840
Netrakona 4,Communist Party of Bangladesh (CPB),Jolly Talukder,3359
Netrakona 4,Islami Andolan Bangladesh (IAB),Md. Mokhlesur Rahman,2025
Netrakona 4,Revolutionary Workers Party of Bangladesh (RWPB),Champa Rani Sarkar,282
Netrakona 5,Bangladesh Jamaat-e-Islami (Jamaat),Masum Mustafa,82177
Netrakona 5,Bangladesh Nationalist Party (BNP),Md. Abu Taher Talukder,79412
Netrakona 5,Islami Andolan Bangladesh (IAB),Md. Nurul Islam,8341
Sunamganj 1,Bangladesh Nationalist Party (BNP),Kamruzzaman Kamrul,161774
Sunamganj 1,Bangladesh Jamaat-e-Islami (Jamaat),Tofayel Ahmed,92966
Sunamganj 1,Bangladesh Nezam-e-Islam Party,Maulana Mujammil Haque Talukder,1184
Sunamganj 2,Bangladesh Nationalist Party (BNP),Md. Nasir Chowdhury,99522
Sunamganj 2,Bangladesh Jamaat-e-Islami (Jamaat),Mohammad Shishir Monir,63220
Sunamganj 2,Communist Party of Bangladesh (CPB),Niranjan Das,1232
Sunamganj 3,Bangladesh Nationalist Party (BNP),Mohammad Qaisar Ahmed,97313
Sunamganj 3,Independent Candidate (Independent),Md. Anwar Hossain,42226
Sunamganj 3,Bangladesh Khelafat Majlish (BKM),Mohammad Shahinur Pasha Chowdhury,14203
Sunamganj 3,Amar Bangladesh Party (AB),Syed Talha Alam,4937
Sunamganj 3,Khelafat Majlis,Sheikh Mushtaq Ahmed,858
Sunamganj 3,Independent Candidate (Independent),Md. Mahfuzur Rahman Khaled (Tushar),237
Sunamganj 3,Independent Candidate (Independent),Hussain Ahmed,177
Sunamganj 4,Bangladesh Nationalist Party (BNP),Nurul Islam,98092
Sunamganj 4,Bangladesh Jamaat-e-Islami (Jamaat),Md. Shams Uddin,75735
Sunamganj 4,Independent Candidate (Independent),Dewan Zainul Zakerin,26307
Sunamganj 4,Islami Andolan Bangladesh (IAB),Shahidul Islam,1935
Sunamganj 4,Jatiya Party (JaPa),Md. Nazmul Huda,1789
Sunamganj 5,Bangladesh Nationalist Party (BNP),Kalim Uddin Ahmed,151915
Sunamganj 5,Bangladesh Jamaat-e-Islami (Jamaat),Abu Tahir Muhammad Abdus Salam,102121
Sunamganj 5,Khelafat Majlis,Mohammad Abdul Qadir,2278
Sunamganj 5,Jatiya Party (JaPa),Mohammad Jahangir Alam,1524
Sunamganj 5,National People's Party (NPP),Md. Azizul Haque,433
Sylhet 1,Bangladesh Nationalist Party (BNP),Khandaker Abdul Muqtadir,176936
Sylhet 1,Islami Andolan Bangladesh (IAB),Mahmudul Hasan,134983
Sylhet 1,Bangladesh Jamaat-e-Islami (Jamaat),Maulana Habibur Rahman,474
Sylhet 1,Gono Odhikar Parishad (GOP),Akmal Hossain,0
Sylhet 1,Bangladesh Socialist Party (BASAD),Pronob Jyoti Pal,0
Sylhet 1,Insaniyat Biplob Bangladesh,Md. Shamim Mia,0
Sylhet 1,Communist Party of Bangladesh (CPB),Mohammad Anwar Hossain,0
Sylhet 1,Bangladesh Socialist Party (Marxist),Sanjoy Kanta Das,0
Sylhet 2,Bangladesh Nationalist Party (BNP),Mosammat Tahsina Rushdi,116697
Sylhet 2,Khelafat Majlis,Muhammad Muntasir Ali,37446
Sylhet 2,Jatiya Party (JaPa),Mahbubur Rahman Chowdhury,0
Sylhet 2,Islami Andolan Bangladesh (IAB),Md. Amir Uddin,0
Sylhet 2,Gono Forum (GF),Md. Mujibul Haque,0
Sylhet 3,Bangladesh Nationalist Party (BNP),Mohammad Abdul Malik,114255
Sylhet 3,Bangladesh Khelafat Majlish (BKM),Mosleh Uddin Raju,76614
Sylhet 3,Islami Andolan Bangladesh (IAB),Redwanul Haque Chowdhury,76614
Sylhet 3,Independent Candidate (Independent),Moinul Bokor,0
Sylhet 3,Independent Candidate (Independent),Mostakim Raja Chowdhury,0
Sylhet 3,Jatiya Party (JaPa),Mohammad Atikur Rahman,0
Sylhet 4,Bangladesh Nationalist Party (BNP),Ariful Haque Chowdhury,181609
Sylhet 4,Bangladesh Jamaat-e-Islami (Jamaat),Md. Zainal Abedin,65776
Sylhet 4,Gono Odhikar Parishad (GOP),Jahirul Islam,10
Sylhet 4,Islami Andolan Bangladesh (IAB),Maulana Said Ahmed,0
Sylhet 4,Jatiya Party (JaPa),Mohammad Mujibur Rahman,0
Sylhet 5,Khelafat Majlis,Mohammad Abul Hasan,79355
Sylhet 5,Jamiat Ulema-e-Islam Bangladesh,Ubaidullah Faruk,69774
Sylhet 5,Independent Candidate (Independent),Mamunur Rashid,0
Sylhet 5,Bangladesh Muslim League (BML),Md. Bilal Uddin,0
Sylhet 6,Bangladesh Nationalist Party (BNP),Emran Ahmed Chowdhury,108612
Sylhet 6,Bangladesh Jamaat-e-Islami (Jamaat),Mohammad Selim Uddin,1343
Sylhet 6,Gono Odhikar Parishad (GOP),Zahidur Rahman,0
Sylhet 6,Independent Candidate (Independent),Md. Fakhrul Islam,0
Sylhet 6,Jatiya Party (JaPa),Mohammad Abdun Noor,0
Moulvibazar 1,Bangladesh Nationalist Party (BNP),Nasir Uddin Ahmed,98277
Moulvibazar 1,Bangladesh Jamaat-e-Islami (Jamaat),Mohammad Aminul Islam,78214
Moulvibazar 1,Jatiya Party (JaPa),Ahmed Riaz Uddin,0
Moulvibazar 1,Independent Candidate (Independent),Belal Ahmed,0
Moulvibazar 1,Gono Odhikar Parishad (GOP),Md. Abdun Noor,0
Moulvibazar 1,Gono Front,Md. Shariful Islam,0
Moulvibazar 2,Bangladesh Nationalist Party (BNP),Md. Shawkatul Islam,66707
Moulvibazar 2,Bangladesh Jamaat-e-Islami (Jamaat),Md. Sayeed Ali,50598
Moulvibazar 2,Islami Andolan Bangladesh (IAB),Abdul Quddus,0
Moulvibazar 2,Independent Candidate (Independent),M. Jamiur Rahman Chowdhury,0
Moulvibazar 2,Independent Candidate (Independent),Nawab Ali Abbas Khan,0
Moulvibazar 2,Jatiya Party (JaPa),Md. Abdul Malik,0
Moulvibazar 2,Independent Candidate (Independent),Md. Fazlul Haque Khan,0
Moulvibazar 2,Bangladesh Socialist Party (Marxist),Sadia Noshin Tasnim Chowdhury,0
Moulvibazar 3,Bangladesh Nationalist Party (BNP),Naser Rahman,154545
Moulvibazar 3,Bangladesh Jamaat-e-Islami (Jamaat),Md. Abdul Mannan,74362
Moulvibazar 3,Khelafat Majlis,Ahmad Bilal,1361
Moulvibazar 3,Communist Party of Bangladesh (CPB),Jahar Lal Dutta,0
Moulvibazar 4,Bangladesh Nationalist Party (BNP),Md. Mujibur Rahman Chowdhury,168958
Moulvibazar 4,Bangladesh Khelafat Majlish (BKM),Sheikh Nure Alam Hamidi,49389
Moulvibazar 4,Independent Candidate (Independent),Md. Mohsin Mia,33911
Moulvibazar 4,National Citizen Party (NCP),Pritam Das,71
Moulvibazar 4,Bangladesh Socialist Party (BASAD),Md. Abul Hasan,0
Moulvibazar 4,Jatiya Party (JaPa),Mohammad Zarif Hossain,0
Habiganj 1,Bangladesh Nationalist Party (BNP),Reza Kibria,111999
Habiganj 1,Bangladesh Khelafat Majlish (BKM),Maulana Sirajul Islam,56132
Habiganj 1,Independent Candidate (Independent),Sheikh Sujat Mia,34637
Habiganj 1,Islamic Front Bangladesh (IFB),Mohammad Badrur Reza,5272
Habiganj 1,Bangladesh Jatiya Samajtantrik Dal (Bangladesh JaSad),Kazi Tofayel Ahmed,644
Habiganj 2,Bangladesh Nationalist Party (BNP),Abu Mansur Sakhawat Hasan,126583
Habiganj 2,Khelafat Majlis,Abdul Basit Azad,65762
Habiganj 2,Independent Candidate (Independent),Afsar Ahmed,1843
Habiganj 2,Jatiya Party (JaPa),Abdul Muqtadir Chowdhury,941
Habiganj 2,Bangladesh Socialist Party (BASAD),Luqman Ahmed Talukder,448
Habiganj 3,Bangladesh Nationalist Party (BNP),Alhaj Md. G. K. Gaus,142348
Habiganj 3,Bangladesh Jamaat-e-Islami (Jamaat),Kazi Mohsin Ahmed,45568
Habiganj 3,Bangladesh Islami Front,S. M. Sarwar,14133
Habiganj 3,Islami Andolan Bangladesh (IAB),Mohib Uddin Ahmed Sohel,5443
Habiganj 3,Jatiya Party (JaPa),Abdul Mumin Chowdhury,1259
Habiganj 3,Bangladesh Cultural Liberation Front (Muktijot),Md. Shahinur Rahman,132
Habiganj 4,Bangladesh Nationalist Party (BNP),S. M. Faisal,188072
Habiganj 4,Bangladesh Islami Front,Md. Gias Uddin,84323
Habiganj 4,Khelafat Majlis,Ahmed Abdul Qader,26466
Habiganj 4,Independent Candidate (Independent),Md. Mizanur Rahman Chowdhury,652
Habiganj 4,Independent Candidate (Independent),Saleh Ahmed Sajan,619
Habiganj 4,Bangladesh Muslim League (BML),Shah Md. Al Amin,536
Habiganj 4,Insaniyat Biplob Bangladesh,Md. Rezaul Mostafa,484
Habiganj 4,Bangladesh Cultural Liberation Front (Muktijot),Md. Rashedul Islam Khokon,484
Habiganj 4,Bangladesh Socialist Party (BASAD),Md. Mujibur Rahman,329
