seat_name,total_voters,total_votes,top_three_candidates,top_three,bnp_votes,bnp_ratio,jamaat_votes,jamaat_ratio,democracy_platform_votes,democracy_platform_ratio,eleven_party_alliance_votes,eleven_party_alliance_ratio,bnp_alliance_votes,bnp_alliance_ratio,bnp_vs_eleven_party_alliance_votes,bnp_vs_eleven_party_alliance_ratio,Am Janata Party,Amar Bangladesh Party (AB),Bangladesh Congress,Bangladesh Cultural Liberation Front (Muktijot),Bangladesh Development Party,Bangladesh Islami Front,Bangladesh Jamaat-e-Islami (Jamaat),Bangladesh Jatiya Party (BJP),Bangladesh Jatiya Samajtantrik Dal (Bangladesh JaSad),Bangladesh Kallyan Party (BKP),Bangladesh Khelafat Andolon (BKA),Bangladesh Khelafat Majlish (BKM),Bangladesh Labour Party,Bangladesh Minority People’s Party (BMJP),Bangladesh Muslim League (BML),Bangladesh National Awami Party (Bangladesh NAP),Bangladesh Nationalist Front (BNF),Bangladesh Nationalist Party (BNP),Bangladesh Nezam-e-Islam Party,Bangladesh Republican Party (BRP),Bangladesh Samo Odhikar Party (BEP),Bangladesh Socialist Party (BASAD),Bangladesh Socialist Party (Marxist),Bangladesh Supreme Party (BSP),Communist Party of Bangladesh (CPB),Ganatantri Party (GP),Ganosanhati Andolan (GSA),Gono Forum (GF),Gono Front,Gono Odhikar Parishad (GOP),Independent Candidate (Independent),Insaniyat Biplob Bangladesh,Islami Andolan Bangladesh (IAB),Islamic Front Bangladesh (IFB),JAGPA,Jamiat Ulema-e-Islam Bangladesh,Janata Party,Jatiya Party (JaPa),Jatiya Samajtantrik Dal (JSD),Khelafat Majlis,Liberal Democratic Party (LDP),Nagorik Oikya (NO),National Citizen Party (NCP),National People's Party (NPP),Nationalist Democratic Movement (NDM),Revolutionary Workers Party of Bangladesh (RWPB),Zaker Party (ZP)
Barguna 1,519460,283649,"Md. Oli Ullah (Islami Andolan Bangladesh (IAB)) 49.5%, Md. Nazrul Islam Mollah (Bangladesh Nationalist Party (BNP)) 48.0%, Md. Jahangir Hossain (Khelafat Majlis) 2.2%","Islami Andolan Bangladesh (IAB) (49.5%), Bangladesh Nationalist Party (BNP) (48.0%), Khelafat Majlis (2.2%)",136145,0.479977,-,-,-,-,6232,0.021971,136145,0.479977,-,-,-,-,-,-,-,-,-,-,-,-,-,-,-,-,-,-,-,136145,-,-,-,-,-,-,-,-,-,-,-,-,-,-,140291,-,-,-,-,981,-,6232,-,-,-,-,-,-,-
Barguna 2,337744,194622,"Md. Nurul Islam (Bangladesh Nationalist Party (BNP)) 46.6%, Dr. Sultan Ahmed (Bangladesh Jamaat-e-Islami (Jamaat)) 43.8%, Md. Mizanur Rahman (Islami Andolan Bangladesh (IAB)) 8.5%","Bangladesh Nationalist Party (BNP) (46.6%), Bangladesh Jamaat-e-Islami (Jamaat) (43.8%), Islami Andolan Bangladesh (IAB) (8.5%)",90643,0.465739,85247,0.438013,-,-,85247,0.438013,90643,0.465739,-,-,-,-,219,-,-,-,85247,115,-,-,-,-,-,-,-,-,-,90643,-,-,-,-,-,-,-,-,-,-,-,-,298,-,16463,-,-,-,-,1248,-,-,-,-,-,95,294,-,-
Patuakhali 1,505840,259294,"Altaf Hossain Chowdhury (Bangladesh Nationalist Party (BNP)) 58.7%, Md. Firoz Alam (Islami Andolan Bangladesh (IAB)) 22.4%, Mohammad Abdul Wahab (Amar Bangladesh Party (AB)) 17.9%","Bangladesh Nationalist Party (BNP) (58.7%), Islami Andolan Bangladesh (IAB) (22.4%), Amar Bangladesh Party (AB) (17.9%)",152087,0.586543,-,-,1334,0.005145,46310,0.1786,152434,0.587881,-,-,-,46310,-,-,-,-,-,-,1334,-,-,-,-,-,-,-,-,152087,-,-,-,-,-,-,-,-,-,-,-,347,-,-,58161,-,-,-,-,1055,-,-,-,-,-,-,-,-,-
Patuakhali 2,315282,188607,"Md. Shafiqul Islam (Bangladesh Jamaat-e-Islami (Jamaat)) 53.4%, Md. Shahidul Alam Talukder (Bangladesh Nationalist Party (BNP)) 38.5%, Malek Hossain (Islami Andolan Bangladesh (IAB)) 7.6%","Bangladesh Jamaat-e-Islami (Jamaat) (53.4%), Bangladesh Nationalist Party (BNP) (38.5%), Islami Andolan Bangladesh (IAB) (7.6%)",72676,0.38533,100750,0.53418,-,-,101160,0.536353,73029,0.387202,-,-,-,410,-,-,-,-,100750,-,-,-,-,-,-,-,-,-,-,72676,-,-,-,-,-,-,-,-,-,-,-,353,-,-,14418,-,-,-,-,-,-,-,-,-,-,-,-,-,-
Patuakhali 3,375871,234105,"Md. Nurul Haque (Gono Odhikar Parishad (GOP)) 41.6%, Md. Hasan Mamun (Independent Candidate (Independent)) 35.2%, Md. Abu Bakkar Siddiqui (Islami Andolan Bangladesh (IAB)) 16.3%","Gono Odhikar Parishad (GOP) (41.6%), Independent Candidate (Independent) (35.2%), Islami Andolan Bangladesh (IAB) (16.3%)",-,-,16255,0.069435,-,-,16255,0.069435,97323,0.415724,-,-,-,-,-,-,-,-,16255,-,-,-,-,-,-,-,-,-,-,-,-,-,-,-,-,-,-,-,-,-,-,97323,82339,-,38188,-,-,-,-,-,-,-,-,-,-,-,-,-,-
Patuakhali 4,312603,209324,"A. B. M. Mosharraf Hossain (Bangladesh Nationalist Party (BNP)) 59.2%, Mostafizur Rahman (Islami Andolan Bangladesh (IAB)) 33.5%, Dr. Jahir Uddin Ahmed (Khelafat Majlis) 7.2%","Bangladesh Nationalist Party (BNP) (59.2%), Islami Andolan Bangladesh (IAB) (33.5%), Khelafat Majlis (7.2%)",124013,0.592445,-,-,-,-,14985,0.071588,124215,0.59341,-,-,-,-,-,-,-,-,-,-,-,-,-,-,-,-,-,-,-,124013,-,-,-,-,-,-,-,-,-,-,-,202,-,-,70124,-,-,-,-,-,-,14985,-,-,-,-,-,-,-
Bhola 1,406567,196496,"Andaleeb Rahman (Bangladesh Jatiya Party (BJP)) 53.7%, Md. Nazrul Islam (Bangladesh Jamaat-e-Islami (Jamaat)) 32.2%, Md. Obaidur Rahman (Islami Andolan Bangladesh (IAB)) 12.8%","Bangladesh Jatiya Party (BJP) (53.7%), Bangladesh Jamaat-e-Islami (Jamaat) (32.2%), Islami Andolan Bangladesh (IAB) (12.8%)",-,-,63352,0.322409,-,-,63352,0.322409,1103,0.005613,-,-,-,-,-,-,-,-,63352,105543,-,-,-,-,-,-,-,-,-,-,-,-,-,-,-,-,-,-,-,-,-,1103,134,-,25245,303,-,-,-,599,-,-,-,-,-,217,-,-,-
Bhola 2,395546,215422,"Md. Hafiz Ibrahim (Bangladesh Nationalist Party (BNP)) 55.3%, Mohammad Fazlul Karim (Bangladesh Jamaat-e-Islami (Jamaat)) 43.5%, Md. Zakir Hossain Khandakar (Independent Candidate (Independent)) 0.7%","Bangladesh Nationalist Party (BNP) (55.3%), Bangladesh Jamaat-e-Islami (Jamaat) (43.5%), Independent Candidate (Independent) (0.7%)",119085,0.552799,93703,0.434974,-,-,94084,0.436743,119085,0.552799,-,-,370,-,-,-,-,-,93703,-,-,-,-,-,-,-,-,-,-,119085,-,-,-,-,-,-,-,-,-,-,-,-,1433,-,-,-,-,-,-,450,-,-,381,-,-,-,-,-,-
Bhola 3,388550,212153,"Hafiz Uddin Ahmed, Bir Bikram (Bangladesh Nationalist Party (BNP)) 68.8%, Md. Nizamul Haque (Bangladesh Development Party) 27.0%, Md. Mosleh Uddin (Islami Andolan Bangladesh (IAB)) 3.4%","Bangladesh Nationalist Party (BNP) (68.8%), Bangladesh Development Party (27.0%), Islami Andolan Bangladesh (IAB) (3.4%)",145990,0.688135,-,-,-,-,57351,0.270328,146250,0.689361,-,-,-,-,-,-,57351,-,-,-,-,-,-,-,-,-,-,-,-,145990,-,-,-,-,-,-,-,-,-,-,-,260,508,-,7255,-,-,-,-,789,-,-,-,-,-,-,-,-,-
Bhola 4,502026,296927,"Mohammad Nurul Islam (Bangladesh Nationalist Party (BNP)) 63.8%, Mohammad Mostafa Kamal (Bangladesh Jamaat-e-Islami (Jamaat)) 27.4%, Abul Mokarram Md. Kamal Uddin (Islami Andolan Bangladesh (IAB)) 8.4%","Bangladesh Nationalist Party (BNP) (63.8%), Bangladesh Jamaat-e-Islami (Jamaat) (27.4%), Islami Andolan Bangladesh (IAB) (8.4%)",189351,0.637702,81437,0.274266,-,-,81437,0.274266,189351,0.637702,-,-,176,-,-,-,-,-,81437,-,-,-,-,-,-,-,-,-,-,189351,-,-,-,-,-,-,-,-,-,-,-,-,235,-,24935,-,-,-,-,585,-,-,-,-,-,-,208,-,-
Barishal 1,328198,199585,"Zahir Uddin Swapan (Bangladesh Nationalist Party (BNP)) 50.4%, Md. Kamrul Islam Khan (Bangladesh Jamaat-e-Islami (Jamaat)) 23.2%, Abdus Sobhan (Independent Candidate (Independent)) 22.1%","Bangladesh Nationalist Party (BNP) (50.4%), Bangladesh Jamaat-e-Islami (Jamaat) (23.2%), Independent Candidate (Independent) (22.1%)",100552,0.503805,46263,0.231796,-,-,46263,0.231796,100552,0.503805,-,-,-,-,-,-,-,-,46263,-,-,-,-,-,-,-,-,-,-,100552,-,-,-,-,-,-,-,-,-,-,-,-,44188,-,6846,-,-,-,-,1736,-,-,-,-,-,-,-,-,-
Barishal 2,385807,226273,"Sardar Sarfuddin Ahmed (Bangladesh Nationalist Party (BNP)) 62.6%, Abdul Mannan (Bangladesh Jamaat-e-Islami (Jamaat)) 32.7%, Mohammad Nesar Uddin (Islami Andolan Bangladesh (IAB)) 2.7%","Bangladesh Nationalist Party (BNP) (62.6%), Bangladesh Jamaat-e-Islami (Jamaat) (32.7%), Islami Andolan Bangladesh (IAB) (2.7%)",141622,0.62589,74082,0.327401,135,0.000597,74082,0.327401,142322,0.628984,-,-,-,-,-,-,-,-,74082,-,135,-,-,-,-,-,-,-,-,141622,-,-,-,-,-,-,-,-,-,-,-,700,-,-,6021,-,-,-,-,3528,-,-,-,-,-,185,-,-,-
Barishal 3,332097,173705,"Zainul Abedin (Bangladesh Nationalist Party (BNP)) 46.6%, Mohammad Asaduzzaman Bhuiyan (Amar Bangladesh Party (AB)) 35.2%, Muhammad Sirajul Islam (Islami Andolan Bangladesh (IAB)) 9.4%","Bangladesh Nationalist Party (BNP) (46.6%), Amar Bangladesh Party (AB) (35.2%), Islami Andolan Bangladesh (IAB) (9.4%)",80930,0.465905,-,-,-,-,61192,0.352275,81790,0.470856,-,-,-,61192,-,-,-,-,-,-,-,-,-,-,-,-,-,-,-,80930,-,-,-,214,-,-,-,-,-,-,-,860,-,-,16325,-,-,-,-,14184,-,-,-,-,-,-,-,-,-
Barishal 4,421975,240506,"Md. Rajib Ahsan (Bangladesh Nationalist Party (BNP)) 53.4%, Mohammad Abdul Jabbar (Bangladesh Jamaat-e-Islami (Jamaat)) 31.1%, Syed Eshaq Md. Abul Khayer (Islami Andolan Bangladesh (IAB)) 15.3%","Bangladesh Nationalist Party (BNP) (53.4%), Bangladesh Jamaat-e-Islami (Jamaat) (31.1%), Islami Andolan Bangladesh (IAB) (15.3%)",128322,0.53355,74684,0.310529,334,0.001389,74684,0.310529,128322,0.53355,-,-,-,-,-,413,-,-,74684,-,334,-,-,-,-,-,-,-,-,128322,-,-,-,-,-,-,-,-,-,-,-,-,-,-,36753,-,-,-,-,-,-,-,-,-,-,-,-,-,-
Barishal 5,501304,254379,"Md. Mojibur Rahman Sarwar (Bangladesh Nationalist Party (BNP)) 53.1%, Mufti Syed Md. Fayzul Karim (Islami Andolan Bangladesh (IAB)) 37.4%, Monisha Chakraborty (Bangladesh Socialist Party (BASAD)) 8.8%","Bangladesh Nationalist Party (BNP) (53.1%), Islami Andolan Bangladesh (IAB) (37.4%), Bangladesh Socialist Party (BASAD) (8.8%)",135146,0.531278,-,-,-,-,-,-,135146,0.531278,-,-,-,-,-,-,-,-,-,-,-,-,-,-,-,-,-,-,-,135146,-,-,-,22486,300,-,-,-,-,-,-,-,-,-,95044,-,-,-,-,909,-,-,-,-,-,494,-,-,-
Barishal 6,315597,168100,"Abul Hossain Khan (Bangladesh Nationalist Party (BNP)) 48.9%, Md. Mahmudunnabi (Bangladesh Jamaat-e-Islami (Jamaat)) 33.3%, Mufti Syed Md. Fayzul Karim (Islami Andolan Bangladesh (IAB)) 17.3%","Bangladesh Nationalist Party (BNP) (48.9%), Bangladesh Jamaat-e-Islami (Jamaat) (33.3%), Islami Andolan Bangladesh (IAB) (17.3%)",82217,0.489096,55988,0.333064,-,-,55988,0.333064,82356,0.489923,-,-,-,-,-,-,-,-,55988,-,-,-,-,-,-,-,244,-,-,82217,-,-,-,-,-,-,-,-,-,-,-,139,366,-,29146,-,-,-,-,-,-,-,-,-,-,-,-,-,-
Jhalokathi 1,228431,129000,"Rafiqul Islam Jamal (Bangladesh Nationalist Party (BNP)) 48.1%, Foyzul Haque (Bangladesh Jamaat-e-Islami (Jamaat)) 42.7%, Ibrahim (Islami Andolan Bangladesh (IAB)) 6.0%","Bangladesh Nationalist Party (BNP) (48.1%), Bangladesh Jamaat-e-Islami (Jamaat) (42.7%), Islami Andolan Bangladesh (IAB) (6.0%)",62010,0.480698,55120,0.427287,110,0.000853,55120,0.427287,62142,0.481721,-,-,-,-,-,-,-,-,55120,-,-,-,-,-,-,-,-,-,-,62010,-,-,-,-,-,-,-,-,-,-,-,132,-,-,7744,-,-,-,63,3821,110,-,-,-,-,-,-,-,-
Jhalokathi 2,365397,212164,"Israt Sultana Elen Bhutto (Bangladesh Nationalist Party (BNP)) 53.5%, S. M. Niamul Karim (Bangladesh Jamaat-e-Islami (Jamaat)) 33.3%, Muhammad Sirajul Islam Siraji (Islami Andolan Bangladesh (IAB)) 11.6%","Bangladesh Nationalist Party (BNP) (53.5%), Bangladesh Jamaat-e-Islami (Jamaat) (33.3%), Islami Andolan Bangladesh (IAB) (11.6%)",113419,0.534582,70556,0.332554,105,0.000495,70556,0.332554,113631,0.535581,-,-,-,-,-,-,-,-,70556,-,-,-,-,-,-,-,-,-,-,113419,-,-,-,-,-,-,-,-,-,-,-,212,3202,-,24543,-,-,-,-,-,105,-,-,-,-,127,-,-,-
Pirojpur 1,392178,239764,"Masud Saeedi (Bangladesh Jamaat-e-Islami (Jamaat)) 55.3%, Alamgir Hossain (Bangladesh Nationalist Party (BNP)) 44.7%","Bangladesh Jamaat-e-Islami (Jamaat) (55.3%), Bangladesh Nationalist Party (BNP) (44.7%)",107105,0.44671,132659,0.55329,-,-,132659,0.55329,107105,0.44671,-,-,-,-,-,-,-,-,132659,-,-,-,-,-,-,-,-,-,-,107105,-,-,-,-,-,-,-,-,-,-,-,-,-,-,-,-,-,-,-,-,-,-,-,-,-,-,-,-,-
Pirojpur 2,409288,230238,"Ahmed Sohel Manjur (Bangladesh Nationalist Party (BNP)) 45.7%, Shamim Saeedi (Bangladesh Jamaat-e-Islami (Jamaat)) 42.1%, Mahmud Hossain (Independent Candidate (Independent)) 7.0%","Bangladesh Nationalist Party (BNP) (45.7%), Bangladesh Jamaat-e-Islami (Jamaat) (42.1%), Independent Candidate (Independent) (7.0%)",105185,0.456853,96897,0.420856,-,-,97287,0.42255,105330,0.457483,-,-,-,390,-,-,-,-,96897,-,-,-,-,-,-,-,-,-,-,105185,-,-,-,-,-,-,-,-,-,-,-,145,16219,-,6697,-,-,-,-,4705,-,-,-,-,-,-,-,-,-
Pirojpur 3,241361,136987,"Md. Ruhul Amin Dulal (Bangladesh Nationalist Party (BNP)) 46.6%, Md. Shamim Hamidi (National Citizen Party (NCP)) 26.7%, Md. Rustam Ali Farazi (Islami Andolan Bangladesh (IAB)) 26.3%","Bangladesh Nationalist Party (BNP) (46.6%), National Citizen Party (NCP) (26.7%), Islami Andolan Bangladesh (IAB) (26.3%)",63791,0.465672,-,-,212,0.001548,36616,0.267295,63791,0.465672,-,-,-,-,-,-,-,-,-,-,212,-,-,-,-,-,-,-,-,63791,-,-,-,-,-,-,-,-,-,-,-,-,231,-,35968,-,-,-,-,169,-,-,-,-,36616,-,-,-,-
Brahmanbaria 1,275629,146825,"M. A. Hannan (Bangladesh Nationalist Party (BNP)) 46.4%, A. K. M. Kamruzzaman (Independent Candidate (Independent)) 36.1%, A. K. M. Aminul Islam (Bangladesh Jamaat-e-Islami (Jamaat)) 16.6%","Bangladesh Nationalist Party (BNP) (46.4%), Independent Candidate (Independent) (36.1%), Bangladesh Jamaat-e-Islami (Jamaat) (16.6%)",68092,0.463763,24430,0.166389,-,-,24430,0.166389,68092,0.463763,-,-,-,-,-,-,-,-,24430,-,-,-,-,-,-,-,-,-,-,68092,-,-,-,-,-,-,-,-,-,-,-,-,52992,139,907,-,-,-,-,265,-,-,-,-,-,-,-,-,-
Brahmanbaria 2,499448,237592,"Rumin Farhana (Independent Candidate (Independent)) 55.2%, Mohammad Junayed Al Habib (Jamiat Ulema-e-Islam Bangladesh) 33.9%, Ashraf Uddin (National Citizen Party (NCP)) 8.6%","Independent Candidate (Independent) (55.2%), Jamiat Ulema-e-Islam Bangladesh (33.9%), National Citizen Party (NCP) (8.6%)",-,-,-,-,-,-,20401,0.085866,-,-,-,-,181,-,-,-,-,-,-,-,-,-,-,-,-,-,-,-,-,-,-,-,-,-,-,-,-,-,-,-,-,-,131107,1419,3851,-,-,80434,-,199,0,-,-,-,20401,-,-,-,-
Brahmanbaria 3,624601,287362,"Md. Khaled Hossain Mahbub (Bangladesh Nationalist Party (BNP)) 73.0%, Ataullah (National Citizen Party (NCP)) 21.8%, Niazul Karim (Islami Andolan Bangladesh (IAB)) 2.2%","Bangladesh Nationalist Party (BNP) (73.0%), National Citizen Party (NCP) (21.8%), Islami Andolan Bangladesh (IAB) (2.2%)",209636,0.729519,-,-,-,-,62547,0.217659,209636,0.729519,-,-,-,-,-,-,-,-,-,-,-,-,-,-,-,-,-,-,-,209636,-,-,-,-,-,-,-,-,-,-,-,-,278,3345,6321,1344,-,-,-,3891,-,-,-,-,62547,-,-,-,-
Brahmanbaria 4,443909,237367,"Mushfiqur Rahman (Bangladesh Nationalist Party (BNP)) 58.9%, Md. Ataur Rahman Sarkar (Bangladesh Jamaat-e-Islami (Jamaat)) 38.7%, Md. Jahirul Haque Khan (Jatiya Party (JaPa)) 1.0%","Bangladesh Nationalist Party (BNP) (58.9%), Bangladesh Jamaat-e-Islami (Jamaat) (38.7%), Jatiya Party (JaPa) (1.0%)",139842,0.589138,91796,0.386726,-,-,91796,0.386726,139959,0.589631,-,-,-,-,-,-,-,-,91796,-,-,-,-,-,-,-,-,-,-,139842,-,-,-,-,-,-,-,-,-,-,-,117,-,773,2277,-,-,-,-,2453,-,-,-,-,-,109,-,-,-
Brahmanbaria 5,474826,253284,"Md. Abdul Mannan (Bangladesh Nationalist Party (BNP)) 33.9%, Kazi Nazmul Hossain (Independent Candidate (Independent)) 33.4%, Amzad Hossain (Bangladesh Khelafat Majlish (BKM)) 24.0%","Bangladesh Nationalist Party (BNP) (33.9%), Independent Candidate (Independent) (33.4%), Bangladesh Khelafat Majlish (BKM) (24.0%)",85769,0.338628,-,-,266,0.00105,60857,0.240272,86035,0.339678,-,-,-,-,-,-,-,-,-,-,-,-,-,60857,-,-,-,-,-,85769,-,-,-,-,-,-,359,-,266,-,-,-,84708,257,20696,-,-,-,-,372,-,-,-,-,-,-,-,-,-
Brahmanbaria 6,289674,139536,"Md. Jonaed Abdur Rahim Saki (Ganosanhati Andolan (GSA)) 68.3%, Md. Mohsin (Bangladesh Jamaat-e-Islami (Jamaat)) 21.5%, Saiduddin Khan (Islami Andolan Bangladesh (IAB)) 6.1%","Ganosanhati Andolan (GSA) (68.3%), Bangladesh Jamaat-e-Islami (Jamaat) (21.5%), Islami Andolan Bangladesh (IAB) (6.1%)",-,-,29976,0.214826,95509,0.684476,29976,0.214826,95631,0.68535,-,-,-,-,-,-,-,2353,29976,-,-,-,-,-,-,-,-,-,-,-,-,-,-,-,-,-,-,-,95342,-,-,289,2592,139,8572,-,-,-,-,-,167,-,-,-,-,106,-,-,-
Cumilla 1,438616,244890,"Dr. Khandaker Mosharraf Hossain (Bangladesh Nationalist Party (BNP)) 57.8%, Md. Moniruzzaman (Bangladesh Jamaat-e-Islami (Jamaat)) 38.7%, Bashir Ahmed (Islami Andolan Bangladesh (IAB)) 2.7%","Bangladesh Nationalist Party (BNP) (57.8%), Bangladesh Jamaat-e-Islami (Jamaat) (38.7%), Islami Andolan Bangladesh (IAB) (2.7%)",141440,0.577565,94845,0.387296,144,0.000588,95356,0.389383,141440,0.577565,-,-,-,511,-,-,-,-,94845,-,144,-,-,-,-,-,-,-,-,141440,-,411,-,-,-,-,-,-,-,-,-,-,406,-,6502,-,-,-,-,631,-,-,-,-,-,-,-,-,-
Cumilla 2,375067,201414,"Md. Selim Bhuiyan (Bangladesh Nationalist Party (BNP)) 38.2%, Md. Abdul Matin (Independent Candidate (Independent)) 31.3%, Md. Nazim Uddin (Bangladesh Jamaat-e-Islami (Jamaat)) 26.5%","Bangladesh Nationalist Party (BNP) (38.2%), Independent Candidate (Independent) (31.3%), Bangladesh Jamaat-e-Islami (Jamaat) (26.5%)",77037,0.382481,53384,0.265046,-,-,53384,0.265046,77037,0.382481,-,-,-,-,-,-,-,-,53384,-,-,-,-,-,-,-,-,-,-,77037,-,-,-,-,-,-,-,-,-,-,-,-,63045,-,6611,767,-,-,-,570,-,-,-,-,-,-,-,-,-
Cumilla 3,500726,274507,"Kazi Shah Mofazzal Hossain (Kaikobad) (Bangladesh Nationalist Party (BNP)) 58.0%, Md. Yusuf Sohel (Bangladesh Jamaat-e-Islami (Jamaat)) 39.9%, Ahmed Abdul Qayyum (Islami Andolan Bangladesh (IAB)) 1.3%","Bangladesh Nationalist Party (BNP) (58.0%), Bangladesh Jamaat-e-Islami (Jamaat) (39.9%), Islami Andolan Bangladesh (IAB) (1.3%)",159291,0.58028,109599,0.399258,-,-,109599,0.399258,159924,0.582586,-,-,244,-,717,-,-,-,109599,-,-,-,-,-,-,-,-,-,-,159291,-,111,-,-,-,-,-,-,-,-,-,633,-,167,3593,-,-,-,-,-,-,-,-,-,-,-,152,-,-
Cumilla 4,410559,219375,"Md. Abul Hasnat (National Citizen Party (NCP)) 75.9%, Md. A. Jasim Uddin (Gono Odhikar Parishad (GOP)) 22.7%, Md. Abdul Karim (Islami Andolan Bangladesh (IAB)) 1.0%","National Citizen Party (NCP) (75.9%), Gono Odhikar Parishad (GOP) (22.7%), Islami Andolan Bangladesh (IAB) (1.0%)",-,-,-,-,-,-,166831,0.760483,49885,0.227396,-,-,-,-,-,-,-,-,-,-,-,-,-,-,-,-,-,-,-,-,-,-,-,-,-,-,-,-,-,-,-,49885,-,-,2232,-,-,-,-,427,-,248,-,-,166583,-,-,-,-
Cumilla 5,476172,264184,"Md. Jasim Uddin (Bangladesh Nationalist Party (BNP)) 50.9%, Mobarak Hossain (Bangladesh Jamaat-e-Islami (Jamaat)) 47.1%, Zobaer Ahmed Bhuiyan (Amar Bangladesh Party (AB)) 0.8%","Bangladesh Nationalist Party (BNP) (50.9%), Bangladesh Jamaat-e-Islami (Jamaat) (47.1%), Amar Bangladesh Party (AB) (0.8%)",134485,0.509058,124547,0.47144,153,0.000579,126576,0.479121,134485,0.509058,-,-,-,2029,-,-,-,-,124547,-,-,-,-,-,-,-,147,-,-,134485,-,-,-,-,-,-,342,-,-,-,-,-,-,167,1505,-,-,-,-,705,153,-,-,-,-,104,-,-,-
Cumilla 6,644777,330017,"Md. Monirul Haque Chowdhury (Bangladesh Nationalist Party (BNP)) 61.1%, Kazi Din Mohammad (Bangladesh Jamaat-e-Islami (Jamaat)) 36.3%, Md. Masum Billah Miazhi (Bangladesh Islami Front) 1.4%","Bangladesh Nationalist Party (BNP) (61.1%), Bangladesh Jamaat-e-Islami (Jamaat) (36.3%), Bangladesh Islami Front (1.4%)",201706,0.611199,119851,0.363166,453,0.001373,119851,0.363166,201921,0.61185,-,-,-,-,-,153,-,4648,119851,-,-,-,-,-,-,-,-,-,-,201706,-,-,-,515,-,-,-,-,-,-,-,215,-,-,2476,-,-,-,-,-,453,-,-,-,-,-,-,-,-
Cumilla 7,329166,181056,"Atikul Alam (Independent Candidate (Independent)) 50.6%, Redowan Ahmed (Bangladesh Nationalist Party (BNP)) 26.8%, Solaiman Khan (Khelafat Majlis) 14.5%","Independent Candidate (Independent) (50.6%), Bangladesh Nationalist Party (BNP) (26.8%), Khelafat Majlis (14.5%)",48509,0.267923,-,-,-,-,26319,0.145364,48509,0.267923,-,-,-,-,-,261,-,-,-,-,-,-,-,-,-,-,-,-,-,48509,-,-,-,-,-,-,-,-,-,-,-,-,91690,-,14277,-,-,-,-,-,-,26319,-,-,-,-,-,-,-
Cumilla 8,380833,221093,"Zakaria Taher (Bangladesh Nationalist Party (BNP)) 76.5%, Md. Shafiqul Alam Helal (Bangladesh Jamaat-e-Islami (Jamaat)) 20.4%, Mohammad Golam Morshed (Bangladesh Supreme Party (BSP)) 1.5%","Bangladesh Nationalist Party (BNP) (76.5%), Bangladesh Jamaat-e-Islami (Jamaat) (20.4%), Bangladesh Supreme Party (BSP) (1.5%)",169178,0.765189,45091,0.203946,-,-,45091,0.203946,169178,0.765189,-,-,-,-,-,-,-,-,45091,-,-,-,-,-,-,-,-,-,-,169178,-,161,-,160,-,3224,-,-,-,-,-,-,-,-,2273,279,-,-,-,727,-,-,-,-,-,-,-,-,-
Cumilla 9,478535,302665,"Md. Abul Kalam (Bangladesh Nationalist Party (BNP)) 56.2%, Syed A. K. M. Sarwar Uddin Siddiqui (Bangladesh Jamaat-e-Islami (Jamaat)) 39.3%, Selim Mahmud (Islami Andolan Bangladesh (IAB)) 2.5%","Bangladesh Nationalist Party (BNP) (56.2%), Bangladesh Jamaat-e-Islami (Jamaat) (39.3%), Islami Andolan Bangladesh (IAB) (2.5%)",170008,0.561704,118961,0.393045,-,-,118961,0.393045,170008,0.561704,-,-,-,-,-,124,-,-,118961,-,-,-,-,-,-,-,-,-,-,170008,-,-,-,-,-,-,-,-,-,-,-,-,811,-,7626,3919,-,-,-,1216,-,-,-,-,-,-,-,-,-
Cumilla 10,536227,296747,"Md. Mobasher Alam Bhuiyan (Bangladesh Nationalist Party (BNP)) 55.2%, Muhammad Yasin Arafat (Bangladesh Jamaat-e-Islami (Jamaat)) 41.7%, Md. Shamsuddoha (Islami Andolan Bangladesh (IAB)) 2.7%","Bangladesh Nationalist Party (BNP) (55.2%), Bangladesh Jamaat-e-Islami (Jamaat) (41.7%), Islami Andolan Bangladesh (IAB) (2.7%)",163667,0.551537,123733,0.416965,-,-,123733,0.416965,163960,0.552525,-,-,373,-,400,322,-,-,123733,-,-,-,-,-,-,-,-,-,-,163667,-,-,-,-,-,-,-,-,-,-,-,293,-,-,7959,-,-,-,-,-,-,-,-,-,-,-,-,-,-
Cumilla 11,421632,213894,"Syed Abdullah Mohammad Taher (Bangladesh Jamaat-e-Islami (Jamaat)) 62.3%, Md. Kamrul Huda (Bangladesh Nationalist Party (BNP)) 35.8%, Md. Mahiuddin (Shaheed) (Islami Andolan Bangladesh (IAB)) 1.3%","Bangladesh Jamaat-e-Islami (Jamaat) (62.3%), Bangladesh Nationalist Party (BNP) (35.8%), Islami Andolan Bangladesh (IAB) (1.3%)",76638,0.358299,133308,0.623243,-,-,133308,0.623243,76638,0.358299,-,-,-,-,194,186,-,-,133308,-,-,-,-,-,-,-,-,-,-,76638,-,-,-,-,-,-,-,-,-,-,98,-,-,-,2766,-,-,-,-,704,-,-,-,-,-,-,-,-,-
Chandpur 1,356485,208969,"A. N. M. Ehsanul Haque Milon (Bangladesh Nationalist Party (BNP)) 63.7%, Abu Nasr Mohammad Mokbul Ahmed (Bangladesh Jamaat-e-Islami (Jamaat)) 33.7%, Mohammad Nasir Uddin (Bangladesh Islami Front) 2.1%","Bangladesh Nationalist Party (BNP) (63.7%), Bangladesh Jamaat-e-Islami (Jamaat) (33.7%), Bangladesh Islami Front (2.1%)",133032,0.636611,70368,0.336739,-,-,70368,0.336739,133249,0.63765,-,-,-,-,-,-,-,4371,70368,-,-,-,-,-,-,-,-,-,-,133032,-,-,-,-,-,-,-,-,-,329,-,217,-,-,-,-,-,-,-,652,-,-,-,-,-,-,-,-,-
Chandpur 2,501061,244864,"Md. Jalal Uddin (Bangladesh Nationalist Party (BNP)) 70.4%, Md. Billal Hossain (Liberal Democratic Party (LDP)) 23.5%, Mansur (Islami Andolan Bangladesh (IAB)) 5.0%","Bangladesh Nationalist Party (BNP) (70.4%), Liberal Democratic Party (LDP) (23.5%), Islami Andolan Bangladesh (IAB) (5.0%)",172506,0.704497,-,-,143,0.000584,57473,0.234714,172821,0.705784,-,-,-,-,-,-,-,-,-,-,-,-,-,-,-,-,-,-,-,172506,-,509,-,-,-,-,-,-,-,-,-,315,-,-,12307,-,-,-,-,1611,-,-,57473,143,-,-,-,-,-
Chandpur 3,546334,283839,"Sheikh Farid Ahmed (Bangladesh Nationalist Party (BNP)) 58.3%, Md. Shahjahan Mia (Bangladesh Jamaat-e-Islami (Jamaat)) 35.5%, Md. Zainal Abedin Sheikh (Islami Andolan Bangladesh (IAB)) 5.0%","Bangladesh Nationalist Party (BNP) (58.3%), Bangladesh Jamaat-e-Islami (Jamaat) (35.5%), Islami Andolan Bangladesh (IAB) (5.0%)",165404,0.582739,100865,0.35536,-,-,100865,0.35536,165536,0.583204,-,-,-,-,-,-,-,2274,100865,-,-,-,-,-,-,-,-,-,-,165404,-,-,-,-,-,-,676,-,-,307,-,132,-,-,14181,-,-,-,-,-,-,-,-,-,-,-,-,-,-
Chandpur 4,400631,216493,"Md. Abdul Hannan (Independent Candidate (Independent)) 34.3%, Md. Harunur Rashid (Bangladesh Nationalist Party (BNP)) 31.9%, Md. Billal Hossain Miazhi (Bangladesh Jamaat-e-Islami (Jamaat)) 30.8%","Independent Candidate (Independent) (34.3%), Bangladesh Nationalist Party (BNP) (31.9%), Bangladesh Jamaat-e-Islami (Jamaat) (30.8%)",69155,0.319433,66692,0.308056,-,-,66692,0.308056,69155,0.319433,-,-,-,-,-,-,-,509,66692,-,-,-,-,-,-,-,-,-,-,69155,-,-,-,-,-,-,-,-,-,240,-,-,74359,-,5261,-,-,-,-,277,-,-,-,-,-,-,-,-,-
Chandpur 5,526679,282963,"Md. Mominul Haque (Bangladesh Nationalist Party (BNP)) 65.5%, Md. Niamul Bashir (Liberal Democratic Party (LDP)) 26.7%, Syed Bahadur Shah Mujaddedi (Islamic Front Bangladesh (IFB)) 4.7%","Bangladesh Nationalist Party (BNP) (65.5%), Liberal Democratic Party (LDP) (26.7%), Islamic Front Bangladesh (IFB) (4.7%)",185404,0.655223,-,-,-,-,75660,0.267385,185404,0.655223,-,-,-,-,-,-,-,-,-,-,-,-,-,-,-,-,-,-,-,185404,-,-,-,-,-,-,-,-,-,-,-,-,268,256,6681,13178,-,-,-,1516,-,-,75660,-,-,-,-,-,-
Feni 1,385652,212495,"Munshi Rafiqul Alam (Bangladesh Nationalist Party (BNP)) 56.4%, S. M. Kamal Uddin (Bangladesh Jamaat-e-Islami (Jamaat)) 40.3%, Kazi Golam Kibria (Islami Andolan Bangladesh (IAB)) 2.5%","Bangladesh Nationalist Party (BNP) (56.4%), Bangladesh Jamaat-e-Islami (Jamaat) (40.3%), Islami Andolan Bangladesh (IAB) (2.5%)",119904,0.564267,85615,0.402904,-,-,85925,0.404362,119904,0.564267,-,-,-,-,215,-,-,-,85615,-,-,-,310,-,-,-,188,-,-,119904,-,-,-,-,-,-,-,-,-,-,-,-,-,-,5323,-,-,-,-,940,-,-,-,-,-,-,-,-,-
Feni 2,437078,215422,"Zainal Abedin (Bangladesh Nationalist Party (BNP)) 60.9%, Mohammad Mojibur Rahman Bhuiyan (Amar Bangladesh Party (AB)) 36.4%, Mohammad Ekramul Haque Bhuiyan (Islami Andolan Bangladesh (IAB)) 0.9%","Bangladesh Nationalist Party (BNP) (60.9%), Amar Bangladesh Party (AB) (36.4%), Islami Andolan Bangladesh (IAB) (0.9%)",131210,0.609084,-,-,240,0.001114,79571,0.369373,131619,0.610982,-,-,801,78447,-,-,-,-,-,-,-,-,304,820,-,-,-,-,-,131210,-,-,-,-,322,-,-,-,-,-,-,409,703,239,1927,-,-,-,-,-,240,-,-,-,-,-,-,-,-
Feni 3,508194,275622,"Abdul Awwal Mintoo (Bangladesh Nationalist Party (BNP)) 57.1%, Mohammad Fakhruddin (Bangladesh Jamaat-e-Islami (Jamaat)) 39.2%, Md. Saif Uddin (Islami Andolan Bangladesh (IAB)) 2.4%","Bangladesh Nationalist Party (BNP) (57.1%), Bangladesh Jamaat-e-Islami (Jamaat) (39.2%), Islami Andolan Bangladesh (IAB) (2.4%)",157425,0.571163,108160,0.392422,-,-,108480,0.393583,157425,0.571163,-,-,-,-,-,-,-,-,108160,-,-,-,320,-,-,-,-,-,-,157425,-,-,-,731,-,-,-,-,-,-,-,-,-,327,6701,531,-,-,-,1427,-,-,-,-,-,-,-,-,-
Noakhali 1,452425,246177,"A. M. Mahbub Uddin (Bangladesh Nationalist Party (BNP)) 51.5%, Md. Saiful Ullah (Bangladesh Jamaat-e-Islami (Jamaat)) 39.8%, Jahirul Islam (Islami Andolan Bangladesh (IAB)) 7.8%","Bangladesh Nationalist Party (BNP) (51.5%), Bangladesh Jamaat-e-Islami (Jamaat) (39.8%), Islami Andolan Bangladesh (IAB) (7.8%)",126833,0.515211,98036,0.398234,482,0.001958,98036,0.398234,126833,0.515211,-,-,-,-,274,-,-,-,98036,-,-,-,-,-,-,-,-,-,-,126833,-,-,-,-,-,-,-,-,-,-,-,-,-,188,19289,-,-,-,-,1075,482,-,-,-,-,-,-,-,-
Noakhali 2,360081,202522,"Zainul Abdin Faruk (Bangladesh Nationalist Party (BNP)) 41.5%, Sultan Mohammad Zakaria Majumder (National Citizen Party (NCP)) 33.1%, Kazi Mohammad Mofizur Rahman (Independent Candidate (Independent)) 22.1%","Bangladesh Nationalist Party (BNP) (41.5%), National Citizen Party (NCP) (33.1%), Independent Candidate (Independent) (22.1%)",83982,0.414681,-,-,-,-,67054,0.331095,83982,0.414681,-,-,-,-,-,-,-,-,-,-,-,-,-,-,-,-,-,-,-,83982,-,-,-,-,-,-,-,-,-,-,-,-,44712,-,6217,-,-,-,-,557,-,-,-,-,67054,-,-,-,-
Noakhali 3,511759,277174,"Md. Borkot Ullah Bulu (Bangladesh Nationalist Party (BNP)) 50.9%, Md. Borhan Uddin (Bangladesh Jamaat-e-Islami (Jamaat)) 44.7%, Mohammad Nur Uddin (Islami Andolan Bangladesh (IAB)) 3.6%","Bangladesh Nationalist Party (BNP) (50.9%), Bangladesh Jamaat-e-Islami (Jamaat) (44.7%), Islami Andolan Bangladesh (IAB) (3.6%)",141031,0.508818,123941,0.44716,747,0.002695,124741,0.450046,141031,0.508818,-,-,-,-,-,-,-,-,123941,-,-,-,-,-,-,-,-,-,-,141031,-,-,-,-,-,-,-,-,-,-,-,-,794,-,9861,-,-,-,-,-,747,800,-,-,-,-,-,-,-
Noakhali 4,700339,387250,"Md. Shahjahan (Bangladesh Nationalist Party (BNP)) 56.6%, Md. Ishaq Khandaker (Bangladesh Jamaat-e-Islami (Jamaat)) 38.5%, Md. Firoz Alam Masud (Islami Andolan Bangladesh (IAB)) 3.8%","Bangladesh Nationalist Party (BNP) (56.6%), Bangladesh Jamaat-e-Islami (Jamaat) (38.5%), Islami Andolan Bangladesh (IAB) (3.8%)",219182,0.565996,148989,0.384736,-,-,148989,0.384736,219724,0.567396,-,-,-,-,-,-,-,-,148989,-,-,-,-,-,-,-,-,-,-,219182,-,-,-,-,917,-,-,-,-,-,-,542,-,493,14783,-,-,-,-,2344,-,-,-,-,-,-,-,-,-
Noakhali 5,503851,283022,"Mohammad Fakhrul Islam (Bangladesh Nationalist Party (BNP)) 52.2%, Mohammad Belayet Hossain (Bangladesh Jamaat-e-Islami (Jamaat)) 42.6%, Abu Naser (Islami Andolan Bangladesh (IAB)) 2.2%","Bangladesh Nationalist Party (BNP) (52.2%), Bangladesh Jamaat-e-Islami (Jamaat) (42.6%), Islami Andolan Bangladesh (IAB) (2.2%)",147808,0.522249,120453,0.425596,298,0.001053,120453,0.425596,147808,0.522249,-,-,-,-,-,-,-,-,120453,-,-,-,-,-,-,-,-,-,-,147808,-,141,-,-,173,-,-,-,-,-,-,-,947,162,6224,277,-,-,4855,1684,298,-,-,-,-,-,-,-,-
Noakhali 6,339185,168965,"Abdul Hannan Masud (National Citizen Party (NCP)) 54.4%, Mohammad Mahbuber Rahman (Bangladesh Nationalist Party (BNP)) 37.9%, Mohammad Fazlul Azim (Independent Candidate (Independent)) 5.1%","National Citizen Party (NCP) (54.4%), Bangladesh Nationalist Party (BNP) (37.9%), Independent Candidate (Independent) (5.1%)",64021,0.378901,-,-,1239,0.007333,91985,0.544403,64212,0.380031,-,-,-,-,-,-,-,-,-,-,-,-,-,-,-,-,-,-,-,64021,-,-,-,-,-,505,-,-,-,-,-,191,8547,-,2197,-,-,-,-,280,1239,-,86,-,91899,-,-,-,-
Lakshmipur 1,281302,158070,"Md. Shahadat Hossain (Bangladesh Nationalist Party (BNP)) 54.9%, Md. Mahbub Alam (National Citizen Party (NCP)) 37.5%, Md. Zakir Hossain Patwary (Islami Andolan Bangladesh (IAB)) 7.1%","Bangladesh Nationalist Party (BNP) (54.9%), National Citizen Party (NCP) (37.5%), Islami Andolan Bangladesh (IAB) (7.1%)",86811,0.549193,-,-,-,-,59265,0.374929,86926,0.549921,-,-,-,-,-,-,-,-,-,-,-,-,-,-,-,-,-,-,-,86811,-,-,-,203,-,-,-,-,-,-,-,115,-,-,11156,-,-,-,-,414,-,-,-,-,59265,-,106,-,-
Lakshmipur 2,493970,289538,"Md. Abul Khair Bhuiyan (Bangladesh Nationalist Party (BNP)) 50.5%, S. U. M. Ruhul Amin Bhuiyan (Bangladesh Jamaat-e-Islami (Jamaat)) 46.2%, Helal Uddin (Islami Andolan Bangladesh (IAB)) 2.3%","Bangladesh Nationalist Party (BNP) (50.5%), Bangladesh Jamaat-e-Islami (Jamaat) (46.2%), Islami Andolan Bangladesh (IAB) (2.3%)",146321,0.50536,133698,0.461763,253,0.000874,133698,0.461763,146745,0.506825,-,-,-,-,-,-,-,-,133698,-,-,288,-,-,-,-,-,-,-,146321,-,-,-,-,-,1780,-,-,-,-,-,424,-,-,6774,-,-,-,-,-,-,-,-,253,-,-,-,-,-
Lakshmipur 3,444472,265381,"Md. Shahid Uddin Chowdhury Annie (Bangladesh Nationalist Party (BNP)) 51.1%, Md. Rezaul Karim (Bangladesh Jamaat-e-Islami (Jamaat)) 46.3%, Md. Ibrahim (Islami Andolan Bangladesh (IAB)) 1.9%","Bangladesh Nationalist Party (BNP) (51.1%), Bangladesh Jamaat-e-Islami (Jamaat) (46.3%), Islami Andolan Bangladesh (IAB) (1.9%)",135612,0.511009,122802,0.462738,-,-,123290,0.464577,135612,0.511009,-,-,-,-,-,-,-,-,122802,-,-,-,-,-,-,-,-,-,-,135612,-,-,-,-,-,-,-,-,-,-,-,-,-,-,5051,-,-,-,-,1139,-,-,488,-,-,289,-,-,-
Lakshmipur 4,418160,234026,"A. B. M. Ashraf Uddin (Nizan) (Bangladesh Nationalist Party (BNP)) 49.2%, Md. Ashrafur Rahman Hafizullah (Bangladesh Jamaat-e-Islami (Jamaat)) 31.5%, Tania Rob (Jatiya Samajtantrik Dal (JSD)) 9.4%","Bangladesh Nationalist Party (BNP) (49.2%), Bangladesh Jamaat-e-Islami (Jamaat) (31.5%), Jatiya Samajtantrik Dal (JSD) (9.4%)",115199,0.492249,73756,0.315162,22040,0.094178,73756,0.315162,115458,0.493355,-,-,-,-,-,-,-,-,73756,-,-,-,-,-,-,-,-,-,-,115199,-,-,-,440,-,-,-,-,-,-,-,259,1229,-,21103,-,-,-,-,-,22040,-,-,-,-,-,-,-,-
Chattogram 1,386674,218411,"Nurul Amin (Bangladesh Nationalist Party (BNP)) 59.0%, Mohammad Saifur Rahman (Bangladesh Jamaat-e-Islami (Jamaat)) 38.7%, Ferdous Ahmed Chowdhury (Islami Andolan Bangladesh (IAB)) 1.0%","Bangladesh Nationalist Party (BNP) (59.0%), Bangladesh Jamaat-e-Islami (Jamaat) (38.7%), Islami Andolan Bangladesh (IAB) (1.0%)",128799,0.589709,84538,0.387059,258,0.001181,84538,0.387059,128799,0.589709,-,-,-,-,-,-,-,-,84538,-,-,-,-,-,-,-,269,-,-,128799,-,-,-,-,-,-,-,-,-,-,-,-,-,780,2108,-,-,-,-,1659,258,-,-,-,-,-,-,-,-
Chattogram 2,488465,221575,"Sarwar Alamgir (Bangladesh Nationalist Party (BNP)) 63.1%, Mohammad Nurul Amin (Bangladesh Jamaat-e-Islami (Jamaat)) 29.6%, Shahzada Syed Saifuddin Ahmed (Bangladesh Supreme Party (BSP)) 5.7%","Bangladesh Nationalist Party (BNP) (63.1%), Bangladesh Jamaat-e-Islami (Jamaat) (29.6%), Bangladesh Supreme Party (BSP) (5.7%)",139831,0.631078,65550,0.295837,-,-,65550,0.295837,140097,0.632278,-,-,-,-,-,-,-,-,65550,-,-,-,-,-,-,-,-,-,-,139831,-,-,-,-,-,12737,-,-,-,-,-,266,276,-,2248,-,-,-,397,270,-,-,-,-,-,-,-,-,-
Chattogram 3,260485,118152,"Mostafa Kamal Pasha (Bangladesh Nationalist Party (BNP)) 61.8%, Muhammad Alauddin (Bangladesh Jamaat-e-Islami (Jamaat)) 33.6%, Mohammad Amzad Hossain (Islami Andolan Bangladesh (IAB)) 4.4%","Bangladesh Nationalist Party (BNP) (61.8%), Bangladesh Jamaat-e-Islami (Jamaat) (33.6%), Islami Andolan Bangladesh (IAB) (4.4%)",73037,0.618161,39662,0.335686,-,-,39662,0.335686,73037,0.618161,-,-,-,-,-,-,-,-,39662,-,-,-,-,-,-,-,-,-,-,73037,-,-,-,-,-,-,-,-,-,-,-,-,308,-,5145,-,-,-,-,-,-,-,-,-,-,-,-,-,-
Chattogram 4,448380,245881,"Mohammad Aslam Chowdhury (Bangladesh Nationalist Party (BNP)) 58.4%, Md. Anwar Siddique (Bangladesh Jamaat-e-Islami (Jamaat)) 37.2%, Md. Sirajuddaula (Bangladesh Islami Front) 3.0%","Bangladesh Nationalist Party (BNP) (58.4%), Bangladesh Jamaat-e-Islami (Jamaat) (37.2%), Bangladesh Islami Front (3.0%)",143552,0.583827,91404,0.371741,301,0.001224,91404,0.371741,144019,0.585726,-,-,-,-,-,-,-,7267,91404,-,-,-,-,-,-,-,-,-,-,143552,193,-,-,-,-,923,738,-,301,-,-,166,-,-,1337,-,-,-,-,-,-,-,-,-,-,-,-,-,-
Chattogram 5,501916,213010,"Mir Mohammad Helal Uddin (Bangladesh Nationalist Party (BNP)) 69.0%, Md. Nasir Uddin (Bangladesh Khelafat Majlish (BKM)) 21.9%, Muhammad Rafiqul Islam (Islamic Front Bangladesh (IFB)) 7.2%","Bangladesh Nationalist Party (BNP) (69.0%), Bangladesh Khelafat Majlish (BKM) (21.9%), Islamic Front Bangladesh (IFB) (7.2%)",147054,0.690362,-,-,-,-,46985,0.220576,147054,0.690362,-,-,-,-,-,-,-,-,-,-,-,-,-,46589,396,-,-,-,-,147054,-,-,-,-,-,-,-,-,-,-,-,-,-,-,2422,15420,-,-,-,1129,-,-,-,-,-,-,-,-,-
Chattogram 6,339988,162330,"Giasuddin Qader Chowdhury (Bangladesh Nationalist Party (BNP)) 69.1%, Mohammad Ilias Nuri (Bangladesh Islami Front) 16.7%, Md. Shahjahan Manju (Bangladesh Jamaat-e-Islami (Jamaat)) 13.6%","Bangladesh Nationalist Party (BNP) (69.1%), Bangladesh Islami Front (16.7%), Bangladesh Jamaat-e-Islami (Jamaat) (13.6%)",112237,0.691413,22118,0.136253,829,0.005107,22118,0.136253,113066,0.696519,-,-,-,-,-,-,-,27146,22118,-,-,-,-,-,-,-,-,-,-,112237,-,-,-,-,-,-,-,-,829,-,-,-,-,-,-,-,-,-,-,-,-,-,-,-,-,-,-,-,-
Chattogram 7,319008,175849,"Humam Qader Chowdhury (Bangladesh Nationalist Party (BNP)) 57.7%, A. T. M. Rezaul Karim (Bangladesh Jamaat-e-Islami (Jamaat)) 23.7%, Muhammad Iqbal Hasan (Bangladesh Islami Front) 17.2%","Bangladesh Nationalist Party (BNP) (57.7%), Bangladesh Jamaat-e-Islami (Jamaat) (23.7%), Bangladesh Islami Front (17.2%)",101445,0.576887,41719,0.237243,-,-,41877,0.238142,101574,0.577621,-,-,-,158,-,-,-,30239,41719,-,-,-,-,-,-,-,-,-,-,101445,-,-,-,-,-,-,441,-,-,-,-,129,-,-,1307,-,-,-,-,411,-,-,-,-,-,-,-,-,-
Chattogram 8,554729,254559,"Ershad Ullah (Bangladesh Nationalist Party (BNP)) 60.1%, Md. Abu Naser (Bangladesh Jamaat-e-Islami (Jamaat)) 21.0%, Syed Muhammad Hasan (Bangladesh Islami Front) 16.7%","Bangladesh Nationalist Party (BNP) (60.1%), Bangladesh Jamaat-e-Islami (Jamaat) (21.0%), Bangladesh Islami Front (16.7%)",152969,0.600918,53564,0.210419,-,-,56913,0.223575,152969,0.600918,-,-,-,-,-,-,-,42585,53564,-,-,-,-,-,-,-,-,-,-,152969,-,-,-,-,-,-,-,-,-,-,-,-,-,-,1208,-,-,-,-,884,-,-,-,-,3349,-,-,-,-
Chattogram 9,416363,170782,"Mohammad Abu Sufian (Bangladesh Nationalist Party (BNP)) 64.1%, Dr. A. K. M. Fazlul Haque (Bangladesh Jamaat-e-Islami (Jamaat)) 31.5%, Muhammad Wahed Murad (Islamic Front Bangladesh (IFB)) 2.5%","Bangladesh Nationalist Party (BNP) (64.1%), Bangladesh Jamaat-e-Islami (Jamaat) (31.5%), Islamic Front Bangladesh (IFB) (2.5%)",109388,0.640512,53807,0.315062,1275,0.007466,53807,0.315062,110428,0.646602,-,-,-,-,-,-,-,-,53807,-,-,-,-,-,-,-,-,-,-,109388,-,-,-,-,494,-,-,-,1040,-,-,-,-,-,941,4204,-,-,561,112,128,-,-,107,-,-,-,-,-
Chattogram 10,492444,209080,"Saeed Al Noman (Bangladesh Nationalist Party (BNP)) 58.8%, Muhammad Shamsuzzaman Helali (Bangladesh Jamaat-e-Islami (Jamaat)) 36.8%, Muhammad Jannatul Islam (Islami Andolan Bangladesh (IAB)) 1.9%","Bangladesh Nationalist Party (BNP) (58.8%), Bangladesh Jamaat-e-Islami (Jamaat) (36.8%), Islami Andolan Bangladesh (IAB) (1.9%)",122978,0.588186,76919,0.367893,-,-,77080,0.368663,122978,0.588186,-,-,-,-,-,-,-,-,76919,-,-,-,-,-,161,-,-,-,-,122978,-,-,-,-,305,-,-,-,-,-,-,-,-,960,3880,2441,-,-,-,1436,-,-,-,-,-,-,-,-,-
Chattogram 11,495278,202518,"Amir Khasru Mahmud Chowdhury (Bangladesh Nationalist Party (BNP)) 57.3%, Mohammad Shafiul Alam (Bangladesh Jamaat-e-Islami (Jamaat)) 37.9%, Muhammad Abu Taher (Islamic Front Bangladesh (IFB)) 2.5%","Bangladesh Nationalist Party (BNP) (57.3%), Bangladesh Jamaat-e-Islami (Jamaat) (37.9%), Islamic Front Bangladesh (IFB) (2.5%)",115999,0.572784,76681,0.378638,-,-,76681,0.378638,116103,0.573297,-,-,-,-,-,-,-,-,76681,-,-,-,-,-,-,-,-,-,-,115999,-,-,-,120,231,-,-,-,-,307,-,104,178,210,2557,5127,-,-,-,1004,-,-,-,-,-,-,-,-,-
Chattogram 12,352695,188672,"Mohammad Enamul Haque (Bangladesh Nationalist Party (BNP)) 71.6%, Syed Air Mohammad Peyaru (Bangladesh Islami Front) 15.4%, Mohammad Faridul Alam (Bangladesh Jamaat-e-Islami (Jamaat)) 11.5%","Bangladesh Nationalist Party (BNP) (71.6%), Bangladesh Islami Front (15.4%), Bangladesh Jamaat-e-Islami (Jamaat) (11.5%)",135044,0.715761,21706,0.115046,-,-,21824,0.115672,135044,0.715761,-,-,-,-,-,-,-,28999,21706,-,-,-,-,-,-,-,-,-,-,135044,-,-,-,-,-,-,-,-,-,-,-,-,243,929,901,-,-,-,-,732,-,-,118,-,-,-,-,-,-
Chattogram 13,395246,213675,"Sarwar Jamal Nizam (Bangladesh Nationalist Party (BNP)) 59.1%, S. M. Shahjahan (Bangladesh Islami Front) 24.1%, Mahmudul Hasan (Bangladesh Jamaat-e-Islami (Jamaat)) 16.4%","Bangladesh Nationalist Party (BNP) (59.1%), Bangladesh Islami Front (24.1%), Bangladesh Jamaat-e-Islami (Jamaat) (16.4%)",126192,0.590579,35030,0.163941,-,-,35030,0.163941,126360,0.591365,-,-,-,-,-,-,-,51450,35030,-,-,-,-,-,-,-,-,-,-,126192,-,-,-,-,-,-,-,-,-,-,-,168,-,191,-,-,-,-,-,440,-,-,-,-,-,-,204,-,-
Chattogram 14,313513,181728,"Alhaj Jasim Uddin Ahmed (Bangladesh Nationalist Party (BNP)) 42.1%, Omar Faruk (Liberal Democratic Party (LDP)) 41.5%, Mawlana Md. Solaiman (Bangladesh Islami Front) 12.7%","Bangladesh Nationalist Party (BNP) (42.1%), Liberal Democratic Party (LDP) (41.5%), Bangladesh Islami Front (12.7%)",76493,0.42092,-,-,-,-,75467,0.415274,76493,0.42092,-,-,-,-,-,-,-,22992,-,-,-,-,-,-,-,-,-,-,-,76493,-,-,-,-,-,-,-,-,-,-,-,-,3630,149,1539,-,-,-,-,1458,-,-,75467,-,-,-,-,-,-
Chattogram 15,506059,314808,"Shahjahan Chowdhury (Bangladesh Jamaat-e-Islami (Jamaat)) 57.6%, Nazmul Mostafa Amin (Bangladesh Nationalist Party (BNP)) 41.5%, Shariful Alam Chowdhury (Islami Andolan Bangladesh (IAB)) 0.9%","Bangladesh Jamaat-e-Islami (Jamaat) (57.6%), Bangladesh Nationalist Party (BNP) (41.5%), Islami Andolan Bangladesh (IAB) (0.9%)",130661,0.41505,181238,0.57571,-,-,181238,0.57571,130661,0.41505,-,-,-,-,-,-,-,-,181238,-,-,-,-,-,-,-,-,-,-,130661,-,-,-,-,-,-,-,-,-,-,-,-,-,-,2909,-,-,-,-,-,-,-,-,-,-,-,-,-,-
Chattogram 16,411274,237010,"Mohammad Jahirul Islam (Bangladesh Jamaat-e-Islami (Jamaat)) 39.3%, Mishkatul Islam Chowdhury (Bangladesh Nationalist Party (BNP)) 35.1%, Mohammad Liaqat Ali (Islami Andolan Bangladesh (IAB)) 25.1%","Bangladesh Jamaat-e-Islami (Jamaat) (39.3%), Bangladesh Nationalist Party (BNP) (35.1%), Islami Andolan Bangladesh (IAB) (25.1%)",83105,0.350639,93167,0.393093,-,-,93167,0.393093,83348,0.351664,-,-,-,-,-,-,-,-,93167,-,-,-,-,-,-,-,105,-,-,83105,-,-,-,-,-,-,-,-,-,-,-,243,-,-,59546,844,-,-,-,-,-,-,-,-,-,-,-,-,-
Cox's Bazar 1,540490,356275,"Salahuddin Ahmed (Bangladesh Nationalist Party (BNP)) 62.3%, Abdullah Al Faruq (Bangladesh Jamaat-e-Islami (Jamaat)) 36.4%, Md. Sarwar Alam Kutubi (Islami Andolan Bangladesh (IAB)) 1.3%","Bangladesh Nationalist Party (BNP) (62.3%), Bangladesh Jamaat-e-Islami (Jamaat) (36.4%), Islami Andolan Bangladesh (IAB) (1.3%)",222019,0.623167,129728,0.364123,-,-,129728,0.364123,222019,0.623167,-,-,-,-,-,-,-,-,129728,-,-,-,-,-,-,-,-,-,-,222019,-,-,-,-,-,-,-,-,-,-,-,-,-,-,4528,-,-,-,-,-,-,-,-,-,-,-,-,-,-
Cox's Bazar 2,387851,227185,"Alamgir Muhammad Mahfuz Ullah Farid (Bangladesh Nationalist Party (BNP)) 55.3%, A. H. M. Hamidur Rahman Azad (Bangladesh Jamaat-e-Islami (Jamaat)) 40.4%, Ziaul Haque (Islami Andolan Bangladesh (IAB)) 3.9%","Bangladesh Nationalist Party (BNP) (55.3%), Bangladesh Jamaat-e-Islami (Jamaat) (40.4%), Islami Andolan Bangladesh (IAB) (3.9%)",125543,0.552603,91889,0.404468,-,-,91889,0.404468,125740,0.55347,-,-,-,-,-,-,-,-,91889,-,-,-,-,-,-,-,-,-,-,125543,-,-,-,-,-,-,-,-,-,-,-,197,-,-,8799,-,-,-,-,757,-,-,-,-,-,-,-,-,-
Cox's Bazar 3,545962,350988,"Lutfur Rahman (Bangladesh Nationalist Party (BNP)) 51.9%, Shahidul Alam (Bahadur) (Bangladesh Jamaat-e-Islami (Jamaat)) 46.1%, Amirul Islam (Islami Andolan Bangladesh (IAB)) 1.5%","Bangladesh Nationalist Party (BNP) (51.9%), Bangladesh Jamaat-e-Islami (Jamaat) (46.1%), Islami Andolan Bangladesh (IAB) (1.5%)",182096,0.51881,161827,0.461061,-,-,162429,0.462777,182096,0.51881,-,-,367,-,-,-,-,-,161827,-,-,-,-,-,602,-,-,-,-,182096,-,-,-,-,-,-,-,-,-,-,-,-,947,-,5149,-,-,-,-,-,-,-,-,-,-,-,-,-,-
Cox's Bazar 4,375688,250332,"Shahjahan Chowdhury (Bangladesh Nationalist Party (BNP)) 49.4%, Nur Ahmed Anwari (Bangladesh Jamaat-e-Islami (Jamaat)) 48.7%, Nurul Haque (Islami Andolan Bangladesh (IAB)) 1.7%","Bangladesh Nationalist Party (BNP) (49.4%), Bangladesh Jamaat-e-Islami (Jamaat) (48.7%), Islami Andolan Bangladesh (IAB) (1.7%)",123582,0.493672,122033,0.487485,-,-,122033,0.487485,123582,0.493672,-,-,-,-,-,-,-,-,122033,-,-,-,-,-,-,-,-,-,-,123582,-,-,-,-,-,-,-,-,-,-,-,-,-,-,4338,-,-,-,-,-,-,-,-,-,-,-,379,-,-
Khagrachhari 1,554119,333479,"Abdul Wadud Bhuiyan (Bangladesh Nationalist Party (BNP)) 45.3%, Dharma Jyoti Chakma (Independent Candidate (Independent)) 35.1%, Md. Yakub Ali (Bangladesh Jamaat-e-Islami (Jamaat)) 17.6%","Bangladesh Nationalist Party (BNP) (45.3%), Independent Candidate (Independent) (35.1%), Bangladesh Jamaat-e-Islami (Jamaat) (17.6%)",151040,0.452922,58545,0.175558,-,-,58545,0.175558,151795,0.455186,-,-,-,-,-,-,-,-,58545,-,-,-,-,-,-,1030,184,-,-,151040,-,-,-,-,-,-,-,-,-,-,-,755,117129,683,3089,-,-,-,-,1024,-,-,-,-,-,-,-,-,-
Rangamati 1,509272,263647,"Dipen Dewan (Bangladesh Nationalist Party (BNP)) 76.4%, Pahel Chakma (Independent Candidate (Independent)) 11.8%, Muhammad Abu Bakar Siddique (Bangladesh Khelafat Majlish (BKM)) 8.6%","Bangladesh Nationalist Party (BNP) (76.4%), Independent Candidate (Independent) (11.8%), Bangladesh Khelafat Majlish (BKM) (8.6%)",201544,0.764446,-,-,1071,0.004062,22715,0.086157,203064,0.770212,-,-,-,-,-,-,-,-,-,-,-,-,-,22715,-,-,-,-,-,201544,-,-,-,-,-,-,-,-,-,-,-,449,31222,-,3672,-,-,-,-,2974,-,-,-,-,-,-,-,1071,-
Bandarban 1,315422,174770,"Saching Pru (Bangladesh Nationalist Party (BNP)) 80.9%, Abu Sayeed Md. Suja Uddin (National Citizen Party (NCP)) 15.0%, Md. Abul Kalam Azad (Islami Andolan Bangladesh (IAB)) 2.7%","Bangladesh Nationalist Party (BNP) (80.9%), National Citizen Party (NCP) (15.0%), Islami Andolan Bangladesh (IAB) (2.7%)",141455,0.809378,-,-,-,-,26162,0.149694,141455,0.809378,-,-,-,-,-,-,-,-,-,-,-,-,-,-,-,-,-,-,-,141455,-,-,-,-,-,-,-,-,-,-,-,-,-,-,4718,-,-,-,-,2435,-,-,-,-,26162,-,-,-,-
Tangail 1,437433,281301,"Fakir Mahbub Anam (Bangladesh Nationalist Party (BNP)) 54.7%, Muhammad Abdullahel Kafi (Bangladesh Jamaat-e-Islami (Jamaat)) 33.6%, Md. Asadul Islam (Independent Candidate (Independent)) 10.3%","Bangladesh Nationalist Party (BNP) (54.7%), Bangladesh Jamaat-e-Islami (Jamaat) (33.6%), Independent Candidate (Independent) (10.3%)",153932,0.547215,94462,0.335804,-,-,94462,0.335804,153932,0.547215,-,-,-,-,-,-,-,-,94462,-,-,-,-,-,-,-,-,-,-,153932,-,-,-,-,-,-,-,-,-,-,-,-,28982,-,1731,-,-,-,-,2194,-,-,-,-,-,-,-,-,-
Tangail 2,418606,265715,"Md. Abdus Salam Pintu (Bangladesh Nationalist Party (BNP)) 74.6%, Md. Humayun Kabir (Bangladesh Jamaat-e-Islami (Jamaat)) 22.9%, Md. Monowar Hossain Sagar (Islami Andolan Bangladesh (IAB)) 1.8%","Bangladesh Nationalist Party (BNP) (74.6%), Bangladesh Jamaat-e-Islami (Jamaat) (22.9%), Islami Andolan Bangladesh (IAB) (1.8%)",198213,0.745961,60871,0.229084,-,-,60871,0.229084,198213,0.745961,-,-,-,-,-,-,-,-,60871,-,-,-,-,-,-,-,-,-,-,198213,-,-,-,-,-,-,-,-,-,-,-,-,-,-,4777,-,-,-,-,1854,-,-,-,-,-,-,-,-,-
Tangail 3,382720,230420,"Md. Lutfar Rahman Khan Azad (Independent Candidate (Independent)) 47.3%, S. M. Obaidul Haque (Bangladesh Nationalist Party (BNP)) 35.9%, Saifullah Haider (National Citizen Party (NCP)) 15.0%","Independent Candidate (Independent) (47.3%), Bangladesh Nationalist Party (BNP) (35.9%), National Citizen Party (NCP) (15.0%)",82769,0.359209,-,-,-,-,34588,0.150108,82769,0.359209,-,-,-,-,-,-,-,-,-,-,-,-,-,-,-,-,-,-,-,82769,-,-,-,-,-,-,-,-,-,-,-,-,108988,-,4075,-,-,-,-,-,-,-,-,-,34588,-,-,-,-
Tangail 4,374917,224775,"Abdul Latif Siddiqui (Bangladesh Jamaat-e-Islami (Jamaat)) 50.1%, Md. Lutfar Rahman (Bangladesh Nationalist Party (BNP)) 46.9%, Md. Abdul Halim Mia (Independent Candidate (Independent)) 1.8%","Bangladesh Jamaat-e-Islami (Jamaat) (50.1%), Bangladesh Nationalist Party (BNP) (46.9%), Independent Candidate (Independent) (1.8%)",105342,0.468655,112701,0.501395,-,-,112701,0.501395,105342,0.468655,-,-,-,-,-,-,-,-,112701,-,-,-,-,-,-,-,-,-,-,105342,-,-,-,-,-,-,-,-,-,-,-,-,4152,-,1822,-,-,-,-,758,-,-,-,-,-,-,-,-,-
Tangail 5,462412,288080,"Sultan Salauddin Tuku (Bangladesh Nationalist Party (BNP)) 45.6%, Ahsan Habib (Bangladesh Jamaat-e-Islami (Jamaat)) 27.9%, Md. Farhad Iqbal (Jatiya Party (JaPa)) 24.7%","Bangladesh Nationalist Party (BNP) (45.6%), Bangladesh Jamaat-e-Islami (Jamaat) (27.9%), Jatiya Party (JaPa) (24.7%)",131279,0.455703,80283,0.278683,1313,0.004558,80283,0.278683,131763,0.457383,-,-,-,-,109,-,-,-,80283,-,-,-,-,-,-,-,-,-,-,131279,-,-,-,-,-,1189,-,-,221,-,-,263,-,-,2600,-,-,-,-,71044,1092,-,-,-,-,-,-,-,-
Tangail 6,468076,289814,"Md. Rabiul Awal (Bangladesh Nationalist Party (BNP)) 52.1%, A. K. M. Abdul Hamid (Bangladesh Jamaat-e-Islami (Jamaat)) 31.7%, Md. Akhinur Mia (Islami Andolan Bangladesh (IAB)) 8.3%","Bangladesh Nationalist Party (BNP) (52.1%), Bangladesh Jamaat-e-Islami (Jamaat) (31.7%), Islami Andolan Bangladesh (IAB) (8.3%)",150952,0.520858,91914,0.317148,-,-,91914,0.317148,150952,0.520858,-,-,-,-,-,-,-,-,91914,-,-,-,-,-,-,-,-,-,-,150952,-,-,-,-,-,-,-,-,-,-,-,-,18157,-,24136,-,-,-,-,4655,-,-,-,-,-,-,-,-,-
Tangail 7,375437,213785,"Abul Kalam Azad Siddiqui (Bangladesh Nationalist Party (BNP)) 66.1%, Mohammad Abdullah Ebne Abul Hossain (Bangladesh Jamaat-e-Islami (Jamaat)) 33.2%, Md. Tofazzal Hossain (Bangladesh Republican Party (BRP)) 0.7%","Bangladesh Nationalist Party (BNP) (66.1%), Bangladesh Jamaat-e-Islami (Jamaat) (33.2%), Bangladesh Republican Party (BRP) (0.7%)",141253,0.660725,71040,0.332296,-,-,71040,0.332296,141253,0.660725,-,-,-,-,-,-,-,-,71040,-,-,-,-,-,-,-,-,-,-,141253,-,1492,-,-,-,-,-,-,-,-,-,-,-,-,-,-,-,-,-,-,-,-,-,-,-,-,-,-,-
Tangail 8,414826,248461,"Ahmed Azam Khan (Bangladesh Nationalist Party (BNP)) 46.0%, Salauddin Alamgir (Jatiya Party (JaPa)) 31.3%, Md. Shafiqul Islam Khan (Bangladesh Jamaat-e-Islami (Jamaat)) 22.4%","Bangladesh Nationalist Party (BNP) (46.0%), Jatiya Party (JaPa) (31.3%), Bangladesh Jamaat-e-Islami (Jamaat) (22.4%)",114217,0.459698,55709,0.224216,510,0.002053,55709,0.224216,114727,0.461751,-,-,330,-,-,-,-,-,55709,-,-,-,-,-,-,-,-,-,-,114217,-,-,-,-,-,-,-,-,-,-,-,-,-,-,-,-,-,-,-,77695,-,-,-,-,-,-,-,510,-
Kishoreganj 1,555136,265551,"Mazharul Islam (Bangladesh Nationalist Party (BNP)) 46.7%, Hedayatullah Hadi (Bangladesh Khelafat Majlish (BKM)) 38.1%, Md. Rezaul Karim Khan (Independent Candidate (Independent)) 14.1%","Bangladesh Nationalist Party (BNP) (46.7%), Bangladesh Khelafat Majlish (BKM) (38.1%), Independent Candidate (Independent) (14.1%)",124035,0.467085,-,-,-,-,101816,0.383414,124035,0.467085,-,-,-,-,-,-,-,-,-,-,-,-,-,101132,-,-,-,-,-,124035,-,-,-,234,960,-,925,-,-,-,-,-,37334,-,-,-,-,-,-,-,-,684,-,-,-,247,-,-,-
Kishoreganj 2,532516,272616,"Advocate Md. Jalal Uddin (Bangladesh Nationalist Party (BNP)) 52.7%, Md. Shafiqul Islam (Bangladesh Jamaat-e-Islami (Jamaat)) 44.4%, Md. Abul Basar Rezwan (Islami Andolan Bangladesh (IAB)) 1.3%","Bangladesh Nationalist Party (BNP) (52.7%), Bangladesh Jamaat-e-Islami (Jamaat) (44.4%), Islami Andolan Bangladesh (IAB) (1.3%)",143669,0.527001,120975,0.443756,-,-,120975,0.443756,144064,0.52845,-,-,-,-,-,-,-,-,120975,-,-,-,-,-,-,-,-,-,222,143669,-,-,-,-,-,-,-,-,-,-,-,395,1676,-,3566,-,-,-,-,2113,-,-,-,-,-,-,-,-,-
Kishoreganj 3,448625,228764,"Dr. Muhammad Osman Faruq (Bangladesh Nationalist Party (BNP)) 49.2%, Jihad Khan (Bangladesh Jamaat-e-Islami (Jamaat)) 44.8%, Md. Alamgir Hossain (Islami Andolan Bangladesh (IAB)) 4.7%","Bangladesh Nationalist Party (BNP) (49.2%), Bangladesh Jamaat-e-Islami (Jamaat) (44.8%), Islami Andolan Bangladesh (IAB) (4.7%)",112466,0.491625,102476,0.447955,-,-,102476,0.447955,112466,0.491625,-,-,-,-,-,-,-,-,102476,-,-,-,-,-,-,-,-,-,-,112466,-,-,-,-,-,-,-,191,-,-,-,-,1487,-,10777,-,-,-,-,1249,-,-,-,-,-,118,-,-,-
Kishoreganj 4,408352,197695,"Md. Fazlur Rahman (Bangladesh Nationalist Party (BNP)) 67.0%, Md. Rokon Reza Sheikh (Bangladesh Jamaat-e-Islami (Jamaat)) 28.1%, Kazi Reha Kabir (Independent Candidate (Independent)) 2.8%","Bangladesh Nationalist Party (BNP) (67.0%), Bangladesh Jamaat-e-Islami (Jamaat) (28.1%), Independent Candidate (Independent) (2.8%)",132553,0.670492,55646,0.281474,-,-,56525,0.28592,132553,0.670492,-,-,-,-,-,-,-,-,55646,-,-,-,-,879,-,-,-,-,-,132553,-,-,-,-,-,-,-,-,-,-,-,-,5509,-,2487,-,-,-,-,516,-,-,-,-,-,105,-,-,-
Kishoreganj 5,353566,206782,"Sheikh Mojibur Rahman Iqbal (Independent Candidate (Independent)) 39.4%, Syed Ehsanul Huda (Bangladesh Nationalist Party (BNP)) 32.1%, Md. Ramzan Ali (Bangladesh Jamaat-e-Islami (Jamaat)) 26.3%","Independent Candidate (Independent) (39.4%), Bangladesh Nationalist Party (BNP) (32.1%), Bangladesh Jamaat-e-Islami (Jamaat) (26.3%)",66450,0.321353,54400,0.263079,-,-,54400,0.263079,66450,0.321353,-,-,-,-,-,-,-,1313,54400,-,-,-,-,-,-,-,135,-,-,66450,-,-,-,-,-,-,-,-,-,-,-,-,81501,-,2688,-,-,-,-,295,-,-,-,-,-,-,-,-,-
Kishoreganj 6,428804,237990,"Md. Shariful Alam (Bangladesh Nationalist Party (BNP)) 78.6%, Ataullah Amin (Bangladesh Khelafat Majlish (BKM)) 18.5%, Mohammad Musa Khan (Islami Andolan Bangladesh (IAB)) 1.0%","Bangladesh Nationalist Party (BNP) (78.6%), Bangladesh Khelafat Majlish (BKM) (18.5%), Islami Andolan Bangladesh (IAB) (1.0%)",187159,0.786415,-,-,-,-,44095,0.185281,187159,0.786415,-,-,-,-,-,-,-,2172,-,-,-,-,-,44095,-,-,-,-,-,187159,-,-,-,-,-,-,312,-,-,220,-,-,-,630,2411,-,-,-,-,806,-,-,-,-,-,185,-,-,-
Manikganj 1,461942,298463,"S. A. Jinnah Kabir (Bangladesh Nationalist Party (BNP)) 46.2%, Md. Tozammel Haque (Independent Candidate (Independent)) 28.4%, Abu Bakar Siddique (Bangladesh Jamaat-e-Islami (Jamaat)) 23.9%","Bangladesh Nationalist Party (BNP) (46.2%), Independent Candidate (Independent) (28.4%), Bangladesh Jamaat-e-Islami (Jamaat) (23.9%)",137773,0.461608,71310,0.238924,-,-,71310,0.238924,138839,0.46518,-,-,-,-,-,-,-,-,71310,-,-,-,-,-,-,-,-,-,-,137773,-,-,-,-,-,-,-,-,-,-,-,1066,84784,-,3247,-,-,-,283,-,-,-,-,-,-,-,-,-,-
Manikganj 2,472622,268235,"Mainul Islam Khan (Bangladesh Nationalist Party (BNP)) 65.5%, Md. Salah Uddin (Khelafat Majlis) 30.4%, S. M. Abdul Mannan (Jatiya Party (JaPa)) 2.6%","Bangladesh Nationalist Party (BNP) (65.5%), Khelafat Majlis (30.4%), Jatiya Party (JaPa) (2.6%)",175776,0.655306,-,-,-,-,81531,0.303954,175776,0.655306,-,-,-,-,-,-,-,-,-,-,-,-,-,-,-,-,-,-,-,175776,-,-,-,-,-,-,-,-,-,-,-,-,-,-,3847,-,-,-,-,7081,-,81531,-,-,-,-,-,-,-
Manikganj 3,400059,266032,"Afroza Khanam (Bangladesh Nationalist Party (BNP)) 62.9%, Muhammad Saeed Noor (Bangladesh Khelafat Majlish (BKM)) 24.1%, Md. Ataur Rahman Ata (Independent Candidate (Independent)) 9.3%","Bangladesh Nationalist Party (BNP) (62.9%), Bangladesh Khelafat Majlish (BKM) (24.1%), Independent Candidate (Independent) (9.3%)",167345,0.629041,-,-,3510,0.013194,64242,0.241482,167345,0.629041,-,-,-,-,-,-,-,-,-,-,3510,-,-,64242,-,-,-,-,-,167345,-,-,-,-,-,-,-,-,-,-,-,-,24845,-,2787,-,-,-,-,3303,-,-,-,-,-,-,-,-,-
Munshiganj 1,545519,309610,"Md. Abdullah (Bangladesh Nationalist Party (BNP)) 54.1%, A. K. M. Fakhruddin Razi (Bangladesh Jamaat-e-Islami (Jamaat)) 32.8%, Mohammad Momin Ali (Independent Candidate (Independent)) 9.9%","Bangladesh Nationalist Party (BNP) (54.1%), Bangladesh Jamaat-e-Islami (Jamaat) (32.8%), Independent Candidate (Independent) (9.9%)",167562,0.541203,101568,0.328051,-,-,101568,0.328051,167562,0.541203,-,-,-,-,-,-,-,-,101568,-,-,-,-,-,-,-,-,-,-,167562,-,-,-,-,-,-,443,-,-,-,-,-,30678,320,9039,-,-,-,-,-,-,-,-,-,-,-,-,-,-
Munshiganj 2,378492,196622,"Abdus Salam Azad (Bangladesh Nationalist Party (BNP)) 61.6%, Majedul Islam (National Citizen Party (NCP)) 29.8%, K. M. Billal (Islami Andolan Bangladesh (IAB)) 6.8%","Bangladesh Nationalist Party (BNP) (61.6%), National Citizen Party (NCP) (29.8%), Islami Andolan Bangladesh (IAB) (6.8%)",121154,0.616177,-,-,-,-,58573,0.297896,121154,0.616177,-,-,-,-,-,-,-,-,-,-,-,-,-,-,-,-,-,-,-,121154,-,-,-,-,-,-,-,-,-,-,-,-,-,-,13387,651,-,-,-,2857,-,-,-,-,58573,-,-,-,-
Munshiganj 3,509467,275912,"Md. Kamruzzaman (Bangladesh Nationalist Party (BNP)) 45.2%, Md. Mohiuddin (Independent Candidate (Independent)) 32.2%, Noor Hossain Noorani (Bangladesh Khelafat Majlish (BKM)) 19.7%","Bangladesh Nationalist Party (BNP) (45.2%), Independent Candidate (Independent) (32.2%), Bangladesh Khelafat Majlish (BKM) (19.7%)",124691,0.451923,-,-,174,0.000631,54611,0.197929,124865,0.452554,-,-,-,-,-,-,-,-,-,-,-,-,-,54456,155,-,-,-,-,124691,-,-,-,-,-,-,304,-,-,-,-,-,88936,-,6392,-,-,-,-,804,-,-,-,-,-,-,-,174,-
Dhaka 1,545140,299523,"Khandaker Abu Ashfaq (Bangladesh Nationalist Party (BNP)) 58.0%, Mohammad Nazrul Islam (Bangladesh Jamaat-e-Islami (Jamaat)) 37.6%, Nurul Islam (Islami Andolan Bangladesh (IAB)) 2.2%","Bangladesh Nationalist Party (BNP) (58.0%), Bangladesh Jamaat-e-Islami (Jamaat) (37.6%), Islami Andolan Bangladesh (IAB) (2.2%)",173781,0.580193,112622,0.376005,-,-,112893,0.376909,173781,0.580193,-,-,-,-,-,-,-,-,112622,-,-,-,-,-,271,-,-,-,-,173781,-,-,-,-,-,-,-,-,-,-,-,-,4880,-,6607,-,-,-,-,1362,-,-,-,-,-,-,-,-,-
Dhaka 2,419215,250198,"Md. Amanullah Aman (Bangladesh Nationalist Party (BNP)) 65.5%, Md. Abdul Haque (Bangladesh Jamaat-e-Islami (Jamaat)) 32.0%, Md. Jahirul Islam (Islami Andolan Bangladesh (IAB)) 2.5%","Bangladesh Nationalist Party (BNP) (65.5%), Bangladesh Jamaat-e-Islami (Jamaat) (32.0%), Islami Andolan Bangladesh (IAB) (2.5%)",163793,0.654654,80053,0.319959,-,-,80053,0.319959,163793,0.654654,-,-,-,-,-,-,-,-,80053,-,-,-,-,-,-,-,-,-,-,163793,-,-,-,-,-,-,-,-,-,-,-,-,-,-,6352,-,-,-,-,-,-,-,-,-,-,-,-,-,-
Dhaka 3,362159,191109,"Gayeshwar Chandra Roy (Bangladesh Nationalist Party (BNP)) 51.9%, Md. Shahinur Islam (Bangladesh Jamaat-e-Islami (Jamaat)) 43.6%, Md. Sultan Ahmad Khan (Islami Andolan Bangladesh (IAB)) 3.3%","Bangladesh Nationalist Party (BNP) (51.9%), Bangladesh Jamaat-e-Islami (Jamaat) (43.6%), Islami Andolan Bangladesh (IAB) (3.3%)",99163,0.518882,83264,0.435689,378,0.001978,83264,0.435689,99638,0.521367,-,-,-,-,155,-,-,-,83264,-,-,-,-,-,-,-,-,-,-,99163,-,-,-,196,-,-,-,-,378,182,-,97,313,-,6286,-,-,-,-,1075,-,-,-,-,-,-,-,-,-
Dhaka 4,362506,162069,"Syed Zainul Abedin (Bangladesh Jamaat-e-Islami (Jamaat)) 47.7%, Tanvir Ahmed (Bangladesh Nationalist Party (BNP)) 45.9%, Syed Md. Mosaddeq Billah (Islami Andolan Bangladesh (IAB)) 4.0%","Bangladesh Jamaat-e-Islami (Jamaat) (47.7%), Bangladesh Nationalist Party (BNP) (45.9%), Islami Andolan Bangladesh (IAB) (4.0%)",74447,0.459354,77367,0.477371,-,-,77367,0.477371,74447,0.459354,-,-,-,-,-,128,-,-,77367,-,-,-,-,-,-,-,-,-,-,74447,-,-,-,184,-,-,367,-,-,-,-,-,2867,-,6518,-,-,-,191,-,-,-,-,-,-,-,-,-,-
Dhaka 5,419996,201370,"Mohammad Kamal Hossain (Bangladesh Jamaat-e-Islami (Jamaat)) 48.0%, Md. Nabi Ullah (Bangladesh Nationalist Party (BNP)) 43.4%, Md. Ibrahim (Islami Andolan Bangladesh (IAB)) 7.1%","Bangladesh Jamaat-e-Islami (Jamaat) (48.0%), Bangladesh Nationalist Party (BNP) (43.4%), Islami Andolan Bangladesh (IAB) (7.1%)",87491,0.434479,96641,0.479918,-,-,97510,0.484233,87584,0.434941,-,-,-,-,262,35,-,-,96641,-,-,-,-,-,81,-,-,-,-,87491,-,-,-,-,221,-,206,-,-,-,-,93,-,-,14206,-,-,-,-,1346,-,-,788,-,-,-,-,-,-
Dhaka 6,292283,137179,"Ishraq Hossain (Bangladesh Nationalist Party (BNP)) 57.5%, Md. Abdul Mannan (Bangladesh Jamaat-e-Islami (Jamaat)) 40.6%, Amir Uddin Ahmed (Dalu) (Jatiya Party (JaPa)) 1.3%","Bangladesh Nationalist Party (BNP) (57.5%), Bangladesh Jamaat-e-Islami (Jamaat) (40.6%), Jatiya Party (JaPa) (1.3%)",78850,0.574796,55697,0.406017,-,-,55697,0.406017,78988,0.575802,-,-,-,-,319,-,-,-,55697,-,-,-,-,-,-,-,245,-,-,78850,-,-,-,-,-,-,-,-,-,-,152,138,-,-,-,-,-,-,-,1778,-,-,-,-,-,-,-,-,-
Dhaka 7,479376,226175,"Hamidur Rahman (Bangladesh Nationalist Party (BNP)) 46.3%, Md. Enayet Ullah (Bangladesh Jamaat-e-Islami (Jamaat)) 43.5%, Mohammad Ishaq Sarkar (Independent Candidate (Independent)) 5.1%","Bangladesh Nationalist Party (BNP) (46.3%), Bangladesh Jamaat-e-Islami (Jamaat) (43.5%), Independent Candidate (Independent) (5.1%)",104666,0.462766,98483,0.435428,208,0.00092,101266,0.447733,104666,0.462766,-,-,-,-,-,150,-,-,98483,98,-,-,2783,-,-,-,-,-,-,104666,-,218,-,-,677,-,-,-,-,-,-,-,11517,-,5081,-,-,-,-,2294,208,-,-,-,-,-,-,-,-
Dhaka 8,275471,117667,"Mirza Abbas Uddin Ahmed (Bangladesh Nationalist Party (BNP)) 50.5%, Muhammad Nasiruddin Patwari (National Citizen Party (NCP)) 46.0%, Kefayet Ullah (Islami Andolan Bangladesh (IAB)) 1.2%","Bangladesh Nationalist Party (BNP) (50.5%), National Citizen Party (NCP) (46.0%), Islami Andolan Bangladesh (IAB) (1.2%)",59366,0.504525,-,-,56,0.000476,54127,0.460002,59974,0.509693,-,-,-,-,-,78,-,326,-,-,56,-,-,-,-,-,-,-,-,59366,-,-,-,-,96,-,714,-,-,-,-,608,-,-,1436,-,-,-,129,731,-,-,-,-,54127,-,-,-,-
Dhaka 9,469360,217688,"Habibur Rashid (Bangladesh Nationalist Party (BNP)) 51.1%, Mohammad Jabed Mia (National Citizen Party (NCP)) 24.6%, Tasnim Jara (Independent Candidate (Independent)) 20.5%","Bangladesh Nationalist Party (BNP) (51.1%), National Citizen Party (NCP) (24.6%), Independent Candidate (Independent) (20.5%)",111212,0.510878,-,-,-,-,53460,0.245581,111212,0.510878,-,-,-,-,-,-,-,-,-,-,-,-,-,-,-,-,118,-,124,111212,-,-,-,-,93,-,462,-,-,171,-,-,44684,131,5827,-,-,-,-,1202,-,-,-,-,53460,204,-,-,-
Dhaka 10,388660,153808,"Sheikh Rabiul Alam (Bangladesh Nationalist Party (BNP)) 51.4%, Md. Jasim Uddin Sarkar (Bangladesh Jamaat-e-Islami (Jamaat)) 48.6%, Abul Kalam Azad (Bangladesh Labour Party) 0.0%","Bangladesh Nationalist Party (BNP) (51.4%), Bangladesh Jamaat-e-Islami (Jamaat) (48.6%), Bangladesh Labour Party (0.0%)",79035,0.513855,74773,0.486145,-,-,74773,0.486145,79035,0.513855,-,-,0,0,-,0,-,-,74773,-,-,-,-,-,0,-,-,-,-,79035,-,0,-,-,-,-,-,-,-,-,-,-,-,-,0,-,-,-,-,0,-,-,-,-,-,-,-,-,-
Dhaka 11,439078,192853,"Md. Nahid Islam (National Citizen Party (NCP)) 48.7%, M. A. Qayyum (Bangladesh Nationalist Party (BNP)) 47.6%, Sheikh Md. Fazle Bari Masud (Islami Andolan Bangladesh (IAB)) 2.3%","National Citizen Party (NCP) (48.7%), Bangladesh Nationalist Party (BNP) (47.6%), Islami Andolan Bangladesh (IAB) (2.3%)",91833,0.476181,-,-,-,-,93872,0.486754,91914,0.476601,-,-,-,-,-,196,-,-,-,-,-,-,-,-,-,-,-,-,-,91833,-,283,-,-,-,-,-,-,-,130,-,81,794,-,4375,-,-,-,-,1048,-,-,-,-,93872,241,-,-,-
Dhaka 12,333320,78236,"Saiful Haque (Revolutionary Workers Party of Bangladesh (RWPB)) 39.6%, Saiful Alam Nirab (Independent Candidate (Independent)) 38.2%, Md. Saiful Alam (Bangladesh Jamaat-e-Islami (Jamaat)) 12.5%","Revolutionary Workers Party of Bangladesh (RWPB) (39.6%), Independent Candidate (Independent) (38.2%), Bangladesh Jamaat-e-Islami (Jamaat) (12.5%)",-,-,9741,0.124508,32474,0.415077,9741,0.124508,32589,0.416547,-,-,1044,-,-,115,-,184,9741,47,-,-,-,-,-,-,-,-,-,-,-,-,-,-,-,-,453,-,1511,-,-,115,29869,133,2058,-,-,-,175,1770,-,-,-,-,-,-,58,30963,-
Dhaka 13,408791,178267,"Bobby Hajjaj (Bangladesh Nationalist Party (BNP)) 49.6%, Md. Mamunul Haque (Bangladesh Khelafat Majlish (BKM)) 48.3%, Sheikh Md. Rabiul Islam (Independent Candidate (Independent)) 0.9%","Bangladesh Nationalist Party (BNP) (49.6%), Bangladesh Khelafat Majlish (BKM) (48.3%), Independent Candidate (Independent) (0.9%)",88387,0.495812,-,-,-,-,86067,0.482798,88723,0.497697,-,-,-,-,-,-,-,-,-,-,-,-,-,86067,-,331,464,-,-,88387,-,-,-,486,-,-,-,-,-,-,-,336,1683,513,-,-,-,-,-,-,-,-,-,-,-,-,-,-,-
Dhaka 14,456044,206956,"Mir Ahmad Bin Qasem (Bangladesh Jamaat-e-Islami (Jamaat)) 48.9%, Sanzida Islam (Bangladesh Nationalist Party (BNP)) 40.3%, Syed Abu Bakar Siddique (Independent Candidate (Independent)) 7.9%","Bangladesh Jamaat-e-Islami (Jamaat) (48.9%), Bangladesh Nationalist Party (BNP) (40.3%), Independent Candidate (Independent) (7.9%)",83323,0.402612,101113,0.488572,219,0.001058,101636,0.4911,83323,0.402612,-,-,-,138,-,-,-,-,101113,-,-,-,-,-,-,-,-,-,-,83323,-,83,-,-,-,302,369,-,-,79,-,-,16328,-,3760,-,-,-,-,857,219,-,385,-,-,-,-,-,-
Dhaka 15,351718,152484,"Md. Shafiqul Rahman (Bangladesh Jamaat-e-Islami (Jamaat)) 55.8%, Md. Shafiqul Islam Khan (Bangladesh Nationalist Party (BNP)) 41.7%, Md. Shamsul Haque (Jatiya Party (JaPa)) 0.9%","Bangladesh Jamaat-e-Islami (Jamaat) (55.8%), Bangladesh Nationalist Party (BNP) (41.7%), Jatiya Party (JaPa) (0.9%)",63517,0.416549,85131,0.558295,210,0.001377,85131,0.558295,63517,0.416549,-,-,705,-,-,-,-,-,85131,-,210,-,-,-,-,-,-,-,-,63517,-,-,-,-,-,326,796,-,-,-,-,-,-,-,-,-,-,-,378,1421,-,-,-,-,-,-,-,-,-
Dhaka 16,400499,180799,"Md. Abdul Baten (Bangladesh Jamaat-e-Islami (Jamaat)) 49.1%, Md. Aminul Haque (Bangladesh Nationalist Party (BNP)) 47.3%, Md. Saiful Islam (Islami Andolan Bangladesh (IAB)) 2.0%","Bangladesh Jamaat-e-Islami (Jamaat) (49.1%), Bangladesh Nationalist Party (BNP) (47.3%), Islami Andolan Bangladesh (IAB) (2.0%)",85467,0.472718,88828,0.491308,-,-,89424,0.494605,85576,0.473321,-,-,-,-,-,142,-,-,88828,138,-,-,102,-,494,-,-,-,-,85467,-,-,-,-,209,-,-,-,-,-,-,109,-,-,3679,-,-,-,-,1464,-,-,-,-,-,167,-,-,-
Dhaka 17,333777,145677,"Tareq Rahman (Bangladesh Nationalist Party (BNP)) 49.9%, S. M. Khaliduzzaman (Bangladesh Jamaat-e-Islami (Jamaat)) 46.9%, Atik Ahmed (Jatiya Party (JaPa)) 1.5%","Bangladesh Nationalist Party (BNP) (49.9%), Bangladesh Jamaat-e-Islami (Jamaat) (46.9%), Jatiya Party (JaPa) (1.5%)",72699,0.499042,68300,0.468845,-,-,68360,0.469257,72699,0.499042,-,-,-,-,130,-,-,-,68300,92,-,-,-,-,60,-,-,-,61,72699,-,-,-,-,-,-,-,-,-,-,-,-,278,80,1768,-,-,-,-,2209,-,-,-,-,-,-,-,-,-
Dhaka 18,613883,269989,"S. M. Jahangir Hossain (Bangladesh Nationalist Party (BNP)) 53.6%, Ariful Islam (National Citizen Party (NCP)) 41.2%, Md. Anwar Hossain (Islami Andolan Bangladesh (IAB)) 1.8%","Bangladesh Nationalist Party (BNP) (53.6%), National Citizen Party (NCP) (41.2%), Islami Andolan Bangladesh (IAB) (1.8%)",144715,0.536003,-,-,350,0.001296,111297,0.412228,144715,0.536003,-,-,-,-,-,-,-,1647,-,-,-,-,-,-,-,-,-,-,-,144715,-,-,-,260,-,-,-,-,-,-,-,-,4135,-,4727,-,-,-,-,2557,-,-,-,350,111297,301,-,-,-
Dhaka 19,747070,163225,"Dewan Mohammad Salauddin (Bangladesh Nationalist Party (BNP)) 62.5%, Dilshana Parul (National Citizen Party (NCP)) 37.5%, Chowdhury Hasan Sarwardi (Liberal Democratic Party (LDP)) 0.0%","Bangladesh Nationalist Party (BNP) (62.5%), National Citizen Party (NCP) (37.5%), Liberal Democratic Party (LDP) (0.0%)",101956,0.624635,-,-,-,-,61269,0.375365,101956,0.624635,-,-,-,-,-,-,-,-,-,-,-,-,-,-,-,-,0,-,-,101956,-,-,-,-,-,-,-,-,-,-,-,0,-,-,0,-,-,-,-,0,-,-,0,-,61269,0,-,-,-
Dhaka 20,376639,233380,"Md. Tamij Uddin (Bangladesh Nationalist Party (BNP)) 69.6%, Nabila Tasnid (National Citizen Party (NCP)) 24.8%, Md. Ashraf Ali (Khelafat Majlis) 4.0%","Bangladesh Nationalist Party (BNP) (69.6%), National Citizen Party (NCP) (24.8%), Khelafat Majlis (4.0%)",162504,0.696306,-,-,207,0.000887,67534,0.289374,162504,0.696306,-,-,-,492,-,-,-,-,-,-,207,-,-,-,-,-,-,-,-,162504,-,-,-,-,-,-,-,-,-,-,-,-,-,-,-,-,-,-,-,3135,-,9255,-,-,57787,-,-,-,-
Gazipur 1,720939,374494,"Md. Mujibur Rahman (Bangladesh Nationalist Party (BNP)) 55.7%, Md. Shah Alam Bokshi (Bangladesh Jamaat-e-Islami (Jamaat)) 39.9%, Md. Imarat Hossain Khan (Independent Candidate (Independent)) 1.8%","Bangladesh Nationalist Party (BNP) (55.7%), Bangladesh Jamaat-e-Islami (Jamaat) (39.9%), Independent Candidate (Independent) (1.8%)",208688,0.557253,149553,0.399347,-,-,149721,0.399795,208688,0.557253,-,-,-,-,-,-,-,-,149553,-,-,-,-,-,168,-,-,-,-,208688,-,-,-,-,232,-,-,-,-,-,129,-,6703,-,5696,-,-,-,-,3325,-,-,-,-,-,-,-,-,-
Gazipur 2,804333,350983,"M. Manjurul Karim Rony (Bangladesh Nationalist Party (BNP)) 53.7%, Ali Naser Khan (National Citizen Party (NCP)) 40.2%, Hanif Sarkar (Islami Andolan Bangladesh (IAB)) 3.6%","Bangladesh Nationalist Party (BNP) (53.7%), National Citizen Party (NCP) (40.2%), Islami Andolan Bangladesh (IAB) (3.6%)",188606,0.537365,-,-,-,-,140950,0.401586,188851,0.538063,-,-,-,-,-,-,-,-,-,-,-,-,-,-,-,-,-,-,-,188606,-,-,-,1155,250,-,1397,-,-,-,200,245,444,-,12657,-,-,-,537,4542,-,-,-,-,140950,-,-,-,-
Gazipur 3,527360,295692,"S. M. Rafiqul Islam (Bangladesh Nationalist Party (BNP)) 54.9%, Muhammad Ehsanul Haque (Bangladesh Khelafat Majlish (BKM)) 34.0%, Md. Ejadur Rahman Chowdhury (Independent Candidate (Independent)) 7.4%","Bangladesh Nationalist Party (BNP) (54.9%), Bangladesh Khelafat Majlish (BKM) (34.0%), Independent Candidate (Independent) (7.4%)",162343,0.549027,-,-,-,-,100539,0.340013,162343,0.549027,-,-,-,-,-,-,-,-,-,-,-,-,-,100539,-,-,-,-,-,162343,-,-,-,484,-,-,-,-,-,-,-,-,21963,-,6036,2332,-,-,-,1995,-,-,-,-,-,-,-,-,-
Gazipur 4,330977,199554,"Salah Uddin (Bangladesh Jamaat-e-Islami (Jamaat)) 51.0%, Shah Riazul Hannan (Bangladesh Nationalist Party (BNP)) 45.3%, Md. Kazim Uddin (Islami Andolan Bangladesh (IAB)) 1.2%","Bangladesh Jamaat-e-Islami (Jamaat) (51.0%), Bangladesh Nationalist Party (BNP) (45.3%), Islami Andolan Bangladesh (IAB) (1.2%)",90390,0.45296,101779,0.510032,-,-,101779,0.510032,90390,0.45296,-,-,278,-,-,-,-,-,101779,-,-,-,-,-,-,-,-,-,-,90390,-,-,-,-,-,-,1091,-,-,-,-,-,1521,-,2348,-,-,-,-,2147,-,-,-,-,-,0,-,-,-
Gazipur 5,354643,225552,"A. K. M. Fazlul Haque Milon (Bangladesh Nationalist Party (BNP)) 59.4%, Md. Khairul Hasan (Bangladesh Jamaat-e-Islami (Jamaat)) 34.6%, Md. Azam Khan (Janata Party) 2.9%","Bangladesh Nationalist Party (BNP) (59.4%), Bangladesh Jamaat-e-Islami (Jamaat) (34.6%), Janata Party (2.9%)",133869,0.593517,78123,0.346364,-,-,78123,0.346364,133869,0.593517,-,-,-,-,-,-,-,-,78123,-,-,-,-,-,-,-,-,-,-,133869,-,-,-,-,-,-,-,-,-,223,-,-,-,-,4411,837,-,-,6592,1497,-,-,-,-,-,-,-,-,-
Narsingdi 1,477209,270720,"Khairul Kabir Khokon (Bangladesh Nationalist Party (BNP)) 59.6%, Md. Ibrahim Bhuiyan (Bangladesh Jamaat-e-Islami (Jamaat)) 34.3%, Md. Ashraf Hossain Bhuiyan (Islami Andolan Bangladesh (IAB)) 5.0%","Bangladesh Nationalist Party (BNP) (59.6%), Bangladesh Jamaat-e-Islami (Jamaat) (34.3%), Islami Andolan Bangladesh (IAB) (5.0%)",161405,0.596206,92930,0.34327,-,-,92930,0.34327,161890,0.597998,-,-,-,-,-,-,-,955,92930,-,-,-,-,-,-,-,-,-,-,161405,-,-,-,-,-,-,-,-,-,179,-,485,-,207,13547,-,-,-,-,1012,-,-,-,-,-,-,-,-,-
Narsingdi 2,286218,170427,"Dr. Abdul Moin Khan (Bangladesh Nationalist Party (BNP)) 54.4%, Md. Amzad Hossain (Bangladesh Jamaat-e-Islami (Jamaat)) 32.8%, Md. Golam Sarwar (National Citizen Party (NCP)) 11.5%","Bangladesh Nationalist Party (BNP) (54.4%), Bangladesh Jamaat-e-Islami (Jamaat) (32.8%), National Citizen Party (NCP) (11.5%)",92739,0.544157,55920,0.328117,-,-,75460,0.44277,92739,0.544157,-,-,-,-,-,-,-,-,55920,-,-,-,-,-,-,-,-,-,-,92739,-,-,-,-,-,-,-,-,-,-,-,-,-,235,-,708,-,-,-,1285,-,-,-,-,19540,-,-,-,-
Narsingdi 3,284248,167817,"Monjur Elahi (Bangladesh Nationalist Party (BNP)) 48.9%, Md. Arif-ul-Islam Mridha (Independent Candidate (Independent)) 27.2%, Md. Rakibul Islam (Rakib) (Bangladesh Khelafat Majlish (BKM)) 15.2%","Bangladesh Nationalist Party (BNP) (48.9%), Independent Candidate (Independent) (27.2%), Bangladesh Khelafat Majlish (BKM) (15.2%)",82061,0.488991,5066,0.030188,-,-,30559,0.182097,82061,0.488991,-,-,-,-,-,-,-,-,5066,-,-,-,-,25493,-,-,-,-,-,82061,-,-,-,-,-,-,-,-,-,-,-,-,45682,622,6843,-,-,-,-,266,-,-,-,-,-,-,-,-,1784
Narsingdi 4,428954,254035,"Sardar Md. Sakhawat Hossain (Bangladesh Nationalist Party (BNP)) 64.3%, Md. Jahangir Alam (Bangladesh Jamaat-e-Islami (Jamaat)) 31.0%, Md. Saifullah (Islami Andolan Bangladesh (IAB)) 2.8%","Bangladesh Nationalist Party (BNP) (64.3%), Bangladesh Jamaat-e-Islami (Jamaat) (31.0%), Islami Andolan Bangladesh (IAB) (2.8%)",163392,0.643187,78744,0.309973,-,-,79208,0.3118,163392,0.643187,-,-,-,-,163,-,-,-,78744,-,-,-,-,464,-,-,-,-,-,163392,-,-,-,-,-,-,839,-,-,-,-,-,-,1728,7079,-,-,-,454,1172,-,-,-,-,-,-,-,-,-
Narsingdi 5,494650,247335,"Md. Ashraf Uddin (Bangladesh Nationalist Party (BNP)) 55.7%, Tajul Islam (Bangladesh Khelafat Majlish (BKM)) 18.2%, Badruzzaman Uzzal (Islami Andolan Bangladesh (IAB)) 13.4%","Bangladesh Nationalist Party (BNP) (55.7%), Bangladesh Khelafat Majlish (BKM) (18.2%), Islami Andolan Bangladesh (IAB) (13.4%)",137690,0.556694,-,-,-,-,44981,0.181863,137690,0.556694,-,-,-,-,-,-,-,2424,-,-,-,-,-,44981,-,-,-,-,-,137690,-,-,-,-,-,-,-,-,-,-,-,-,27555,1076,33109,-,-,-,-,500,-,-,-,-,-,-,-,-,-
Narayanganj 1,408829,256384,"Mustafizur Rahman Bhuiyan (Bangladesh Nationalist Party (BNP)) 61.0%, Md. Anwar Hossain Molla (Bangladesh Jamaat-e-Islami (Jamaat)) 35.8%, Md. Imdadullah (Islami Andolan Bangladesh (IAB)) 2.8%","Bangladesh Nationalist Party (BNP) (61.0%), Bangladesh Jamaat-e-Islami (Jamaat) (35.8%), Islami Andolan Bangladesh (IAB) (2.8%)",156358,0.609859,91690,0.357628,-,-,91690,0.357628,156577,0.610713,-,-,-,-,-,-,-,-,91690,-,-,-,-,-,-,-,-,-,-,156358,-,-,-,-,-,-,261,-,-,-,-,219,463,207,7186,-,-,-,-,-,-,-,-,-,-,-,-,-,-
Narayanganj 2,364098,230073,"Md. Nazrul Islam Azad (Bangladesh Nationalist Party (BNP)) 54.0%, Md. Elias Molla (Bangladesh Jamaat-e-Islami (Jamaat)) 35.2%, Md. Ataur Rahman Khan (Independent Candidate (Independent)) 8.1%","Bangladesh Nationalist Party (BNP) (54.0%), Bangladesh Jamaat-e-Islami (Jamaat) (35.2%), Independent Candidate (Independent) (8.1%)",124291,0.540224,81054,0.352297,-,-,81054,0.352297,124433,0.540841,-,-,-,-,-,-,-,-,81054,-,-,-,-,-,-,-,-,-,-,124291,-,227,-,-,-,-,350,-,-,-,-,142,18744,-,5265,-,-,-,-,-,-,-,-,-,-,-,-,-,-
Narayanganj 3,593348,333276,"Azharul Islam Mannan (Bangladesh Nationalist Party (BNP)) 46.6%, Md. Iqbal Hossain Bhuiyan (Bangladesh Jamaat-e-Islami (Jamaat)) 40.5%, Mohammad Gias Uddin (Independent Candidate (Independent)) 7.5%","Bangladesh Nationalist Party (BNP) (46.6%), Bangladesh Jamaat-e-Islami (Jamaat) (40.5%), Independent Candidate (Independent) (7.5%)",155400,0.46628,134918,0.404824,638,0.001914,137441,0.412394,156352,0.469137,-,-,-,137,-,-,-,-,134918,-,-,-,1193,1193,-,-,-,-,-,155400,-,-,-,-,-,-,-,-,638,-,-,314,24975,-,14223,-,-,-,285,-,-,-,-,-,-,-,-,-,-
Narayanganj 4,540783,266721,"Abdullah Al Amin (National Citizen Party (NCP)) 39.8%, Monir Hossain (Jamiat Ulema-e-Islam Bangladesh) 30.2%, Md. Shah Alam (Independent Candidate (Independent)) 18.1%","National Citizen Party (NCP) (39.8%), Jamiat Ulema-e-Islam Bangladesh (30.2%), Independent Candidate (Independent) (18.1%)",-,-,-,-,370,0.001387,106971,0.40106,106,0.000397,-,-,-,-,-,-,-,-,-,-,370,-,-,800,-,-,-,-,-,-,-,11328,-,282,-,643,479,-,-,-,-,106,48360,-,16746,-,-,80619,-,817,-,-,-,-,106171,-,-,-,-
Narayanganj 5,485288,266357,"Abul Kalam (Bangladesh Nationalist Party (BNP)) 43.1%, A. B. M. Sirajul Mamun (Khelafat Majlis) 38.0%, Md. Maksud Hossain (Independent Candidate (Independent)) 12.8%","Bangladesh Nationalist Party (BNP) (43.1%), Khelafat Majlis (38.0%), Independent Candidate (Independent) (12.8%)",114799,0.430997,-,-,1023,0.003841,101196,0.379926,116465,0.437252,-,-,-,-,-,242,-,-,-,-,-,-,-,-,-,-,-,-,-,114799,-,-,-,370,-,-,1575,-,1023,-,-,643,34151,-,7708,4650,-,-,-,-,-,101196,-,-,-,-,-,-,-
Rajbari 1,430216,266306,"Ali Newaz Mahmud Khaiyam (Bangladesh Nationalist Party (BNP)) 58.0%, Md. Nurul Islam (Bangladesh Jamaat-e-Islami (Jamaat)) 38.0%, Mohammad Ali Biswas (Zaker Party (ZP)) 3.0%","Bangladesh Nationalist Party (BNP) (58.0%), Bangladesh Jamaat-e-Islami (Jamaat) (38.0%), Zaker Party (ZP) (3.0%)",154541,0.580314,101092,0.379608,-,-,101092,0.379608,154541,0.580314,-,-,-,-,-,-,-,-,101092,-,-,-,-,-,-,-,-,-,-,154541,-,-,-,-,-,-,-,-,-,-,-,-,-,-,-,-,-,-,-,2586,-,-,-,-,-,-,-,-,8087
Rajbari 2,559696,353885,"Md. Harun-or-Rashid (Bangladesh Nationalist Party (BNP)) 67.0%, Jamil Hijazi (National Citizen Party (NCP)) 19.0%, Md. Nasirul Haque Sabu (Independent Candidate (Independent)) 10.6%","Bangladesh Nationalist Party (BNP) (67.0%), National Citizen Party (NCP) (19.0%), Independent Candidate (Independent) (10.6%)",237254,0.670427,-,-,-,-,67620,0.191079,237887,0.672216,-,-,-,-,-,266,-,-,-,-,-,-,-,-,-,-,-,-,-,237254,-,-,-,-,-,-,-,-,-,-,-,633,37557,-,8503,-,-,-,-,2052,-,321,-,-,67299,-,-,-,-
Faridpur 1,510540,318898,"Md. Ilias Mollah (Bangladesh Jamaat-e-Islami (Jamaat)) 48.3%, Khandaker Nasirul Islam (Bangladesh Nationalist Party (BNP)) 39.7%, Md. Abul Basar Khan (Independent Candidate (Independent)) 11.6%","Bangladesh Jamaat-e-Islami (Jamaat) (48.3%), Bangladesh Nationalist Party (BNP) (39.7%), Independent Candidate (Independent) (11.6%)",126476,0.396603,154145,0.483368,-,-,154145,0.483368,126476,0.396603,-,-,-,-,-,-,-,-,154145,-,-,-,-,-,-,786,-,-,-,126476,-,-,-,-,-,-,-,-,-,-,-,-,36985,-,-,-,-,-,-,506,-,-,-,-,-,-,-,-,-
Faridpur 2,332041,214299,"Shama Obayed Islam (Bangladesh Nationalist Party (BNP)) 56.8%, Md. Akram Ali (Bangladesh Khelafat Majlish (BKM)) 41.7%, Shah Md. Jamal Uddin (Islami Andolan Bangladesh (IAB)) 1.1%","Bangladesh Nationalist Party (BNP) (56.8%), Bangladesh Khelafat Majlish (BKM) (41.7%), Islami Andolan Bangladesh (IAB) (1.1%)",121694,0.56787,-,-,-,-,89305,0.416731,122369,0.57102,-,-,-,-,257,-,-,-,-,-,-,-,-,89305,-,-,-,-,-,121694,-,-,-,-,-,-,-,-,-,-,-,675,-,0,2368,-,-,-,-,-,-,-,-,-,-,-,-,-,-
Faridpur 3,432628,279153,"Nayab Yusuf Ahmed (Bangladesh Nationalist Party (BNP)) 53.2%, Md. Abdut Tawab (Bangladesh Jamaat-e-Islami (Jamaat)) 44.5%, K. M. Sarwar (Islami Andolan Bangladesh (IAB)) 1.4%","Bangladesh Nationalist Party (BNP) (53.2%), Bangladesh Jamaat-e-Islami (Jamaat) (44.5%), Islami Andolan Bangladesh (IAB) (1.4%)",148545,0.532128,124115,0.444613,251,0.000899,124115,0.444613,148545,0.532128,-,-,-,-,-,-,-,-,124115,-,-,-,-,-,-,-,-,-,-,148545,-,-,-,-,-,-,967,-,-,-,-,-,1253,-,4022,-,-,-,-,-,251,-,-,-,-,-,-,-,-
Faridpur 4,496706,274992,"Md. Shahidul Islam (Bangladesh Nationalist Party (BNP)) 46.3%, Md. Sarwar Hossain (Bangladesh Jamaat-e-Islami (Jamaat)) 27.6%, A. A. M. Mujahid Beg (Independent Candidate (Independent)) 21.0%","Bangladesh Nationalist Party (BNP) (46.3%), Bangladesh Jamaat-e-Islami (Jamaat) (27.6%), Independent Candidate (Independent) (21.0%)",127443,0.463443,75805,0.275663,-,-,76923,0.279728,127443,0.463443,-,-,-,-,-,-,-,-,75805,-,-,-,-,1118,-,-,-,-,-,127443,-,-,-,-,-,-,714,-,-,-,-,-,57864,-,11498,-,-,-,-,550,-,-,-,-,-,-,-,-,-
Gopalganj 1,399510,224434,"Md. Selimuzzaman Mollya (Bangladesh Nationalist Party (BNP)) 30.9%, Md. Kaiyum Ali Khan (Independent Candidate (Independent)) 24.9%, Md. Kabir Mia (Gono Odhikar Parishad (GOP)) 24.2%","Bangladesh Nationalist Party (BNP) (30.9%), Independent Candidate (Independent) (24.9%), Gono Odhikar Parishad (GOP) (24.2%)",69462,0.309499,34635,0.154322,-,-,34635,0.154322,123791,0.55157,-,-,-,-,-,-,-,-,34635,-,-,-,-,-,-,-,-,-,-,69462,-,-,-,-,-,-,349,-,-,-,-,54329,55911,-,5870,-,-,-,-,3878,-,-,-,-,-,-,-,-,-
Gopalganj 2,384326,147991,"M. H. Khan Manju (Independent Candidate (Independent)) 50.1%, K. M. Babar (Bangladesh Nationalist Party (BNP)) 27.1%, Shuayeb Ibrahim (Bangladesh Khelafat Majlish (BKM)) 19.3%","Independent Candidate (Independent) (50.1%), Bangladesh Nationalist Party (BNP) (27.1%), Bangladesh Khelafat Majlish (BKM) (19.3%)",40048,0.270611,-,-,-,-,28604,0.193282,40353,0.272672,-,-,-,-,-,-,-,-,-,-,-,-,-,28604,-,-,-,-,-,40048,-,-,-,-,-,-,-,-,-,215,-,305,74118,-,2911,-,-,-,-,419,-,-,-,-,-,-,-,-,1371
Gopalganj 3,308784,132465,"S. M. Zilani (Bangladesh Nationalist Party (BNP)) 46.0%, Gobinda Chandra Pramanik (Independent Candidate (Independent)) 28.8%, A. Aziz (Bangladesh Khelafat Majlish (BKM)) 19.0%","Bangladesh Nationalist Party (BNP) (46.0%), Independent Candidate (Independent) (28.8%), Bangladesh Khelafat Majlish (BKM) (19.0%)",60991,0.460431,-,-,-,-,25153,0.189884,63591,0.480059,-,-,-,-,-,-,-,-,-,-,-,-,-,25153,-,-,-,-,-,60991,-,-,-,-,-,-,-,-,-,269,-,2600,38144,-,4717,-,-,-,-,-,-,-,-,-,-,591,-,-,-
Madaripur 1,324289,178991,"Said Uddin Ahmad Hanzala (Bangladesh Khelafat Majlish (BKM)) 36.3%, Nadira Akter (Bangladesh Nationalist Party (BNP)) 36.0%, Kamal Zaman Mollah (Independent Candidate (Independent)) 22.3%","Bangladesh Khelafat Majlish (BKM) (36.3%), Bangladesh Nationalist Party (BNP) (36.0%), Independent Candidate (Independent) (22.3%)",64524,0.360487,-,-,-,-,64978,0.363024,67550,0.377393,-,-,-,-,-,-,-,-,-,-,-,-,-,64909,69,-,-,-,-,64524,-,-,-,-,-,-,208,-,-,-,-,3026,39870,-,6205,-,-,-,-,180,-,-,-,-,-,-,-,-,-
Madaripur 2,436233,185690,"Milton Baidya (Independent Candidate (Independent)) 37.6%, Md. Jahandar Ali Mia (Bangladesh Nationalist Party (BNP)) 33.3%, Abdus Sobahan (Bangladesh Khelafat Majlish (BKM)) 19.5%","Independent Candidate (Independent) (37.6%), Bangladesh Nationalist Party (BNP) (33.3%), Bangladesh Khelafat Majlish (BKM) (19.5%)",61744,0.332511,-,-,-,-,36169,0.194782,61744,0.332511,-,-,-,-,-,-,-,-,-,-,-,301,-,36169,-,-,-,-,-,61744,-,-,-,-,128,-,-,-,-,-,-,-,69837,-,16865,-,-,-,-,646,-,-,-,-,-,-,-,-,-
Madaripur 3,387806,196762,"Anisur Rahman (Bangladesh Nationalist Party (BNP)) 48.9%, Md. Rafiqul Islam (Bangladesh Jamaat-e-Islami (Jamaat)) 43.0%, Md. Azizul Haque (Islami Andolan Bangladesh (IAB)) 6.6%","Bangladesh Nationalist Party (BNP) (48.9%), Bangladesh Jamaat-e-Islami (Jamaat) (43.0%), Islami Andolan Bangladesh (IAB) (6.6%)",96188,0.488855,84646,0.430195,-,-,84646,0.430195,96188,0.488855,-,-,-,-,-,-,-,-,84646,-,-,-,-,-,-,-,-,-,-,96188,-,-,-,363,-,2507,-,-,-,-,-,-,-,-,13058,-,-,-,-,-,-,-,-,-,-,-,-,-,-
Shariatpur 1,395476,167577,"Saeed Ahmed (Bangladesh Nationalist Party (BNP)) 46.2%, Jalaluddin Ahmed (Bangladesh Khelafat Majlish (BKM)) 37.4%, Syed Nazrul Islam (Independent Candidate (Independent)) 9.0%","Bangladesh Nationalist Party (BNP) (46.2%), Bangladesh Khelafat Majlish (BKM) (37.4%), Independent Candidate (Independent) (9.0%)",77398,0.461865,-,-,-,-,63192,0.377092,77949,0.465153,-,-,-,-,-,-,-,-,-,-,-,-,-,62717,-,-,-,-,-,77398,-,-,-,-,-,616,-,-,-,-,-,551,15003,-,10817,-,-,-,-,-,-,-,-,-,475,-,-,-,-
Shariatpur 2,415135,211042,"Md. Shafiqul Rahman (Kiron) (Bangladesh Nationalist Party (BNP)) 61.5%, Mahmud Hossain (Bangladesh Jamaat-e-Islami (Jamaat)) 33.6%, Imran Hossain (Islami Andolan Bangladesh (IAB)) 3.1%","Bangladesh Nationalist Party (BNP) (61.5%), Bangladesh Jamaat-e-Islami (Jamaat) (33.6%), Islami Andolan Bangladesh (IAB) (3.1%)",129814,0.61511,70892,0.335914,-,-,71205,0.337397,130097,0.616451,-,-,-,-,-,-,-,-,70892,-,-,-,313,-,-,-,-,-,-,129814,-,-,-,-,-,-,-,-,-,-,-,283,246,-,6505,-,-,-,442,2547,-,-,-,-,-,-,-,-,-
Shariatpur 3,340142,135514,"Mia Nuruddin Ahmed Apu (Bangladesh Nationalist Party (BNP)) 55.7%, Muhammad Azharul Islam (Bangladesh Jamaat-e-Islami (Jamaat)) 35.6%, Hanif Mia (Islami Andolan Bangladesh (IAB)) 7.2%","Bangladesh Nationalist Party (BNP) (55.7%), Bangladesh Jamaat-e-Islami (Jamaat) (35.6%), Islami Andolan Bangladesh (IAB) (7.2%)",75423,0.55657,48213,0.355779,-,-,48213,0.355779,75423,0.55657,-,-,-,-,-,-,-,-,48213,-,-,-,-,-,-,-,-,-,-,75423,-,-,-,-,-,-,-,-,-,-,-,-,-,-,9814,-,-,-,-,2064,-,-,-,-,-,-,-,-,-
Meherpur 1,316975,230933,"Md. Tajuddin Khan (Bangladesh Jamaat-e-Islami (Jamaat)) 53.4%, Masud Arun (Bangladesh Nationalist Party (BNP)) 45.7%, Md. Abdul Hamid (Jatiya Party (JaPa)) 0.6%","Bangladesh Jamaat-e-Islami (Jamaat) (53.4%), Bangladesh Nationalist Party (BNP) (45.7%), Jatiya Party (JaPa) (0.6%)",105441,0.456587,123271,0.533796,-,-,123271,0.533796,105441,0.456587,-,-,-,-,-,-,-,-,123271,-,-,-,-,-,-,-,-,-,-,105441,-,-,-,-,-,-,792,-,-,-,-,-,-,-,-,-,-,-,-,1429,-,-,-,-,-,-,-,-,-
Meherpur 2,270705,181901,"Md. Nazmul Huda (Bangladesh Jamaat-e-Islami (Jamaat)) 52.0%, Md. Amjad Hossain (Bangladesh Nationalist Party (BNP)) 47.0%, Md. Abdul Baki (Jatiya Party (JaPa)) 1.0%","Bangladesh Jamaat-e-Islami (Jamaat) (52.0%), Bangladesh Nationalist Party (BNP) (47.0%), Jatiya Party (JaPa) (1.0%)",85452,0.469772,94658,0.520382,-,-,94658,0.520382,85452,0.469772,-,-,-,-,-,-,-,-,94658,-,-,-,-,-,-,-,-,-,-,85452,-,-,-,-,-,-,-,-,-,-,-,-,-,-,-,-,-,-,-,1791,-,-,-,-,-,-,-,-,-
Kushtia 1,404504,276669,"Reza Ahmed (Bangladesh Nationalist Party (BNP)) 60.0%, Md. Belal Uddin (Bangladesh Jamaat-e-Islami (Jamaat)) 31.3%, Md. Nuruzzaman (Independent Candidate (Independent)) 6.5%","Bangladesh Nationalist Party (BNP) (60.0%), Bangladesh Jamaat-e-Islami (Jamaat) (31.3%), Independent Candidate (Independent) (6.5%)",165909,0.599666,86682,0.313306,203,0.000734,86682,0.313306,166522,0.601882,-,-,-,-,-,-,-,241,86682,-,-,-,-,-,-,-,-,-,-,165909,-,-,-,-,-,-,-,-,-,-,-,613,17864,-,4063,-,-,-,-,1094,203,-,-,-,-,-,-,-,-
Kushtia 2,478001,341719,"Md. Abdul Gafur (Bangladesh Jamaat-e-Islami (Jamaat)) 56.2%, Ragib Rauf Chowdhury (Bangladesh Nationalist Party (BNP)) 42.1%, Mohammad Ali (Islami Andolan Bangladesh (IAB)) 1.1%","Bangladesh Jamaat-e-Islami (Jamaat) (56.2%), Bangladesh Nationalist Party (BNP) (42.1%), Islami Andolan Bangladesh (IAB) (1.1%)",143821,0.420875,192083,0.562108,-,-,192083,0.562108,143821,0.420875,-,-,-,-,-,-,-,-,192083,-,-,-,-,-,-,-,-,-,-,143821,-,-,-,-,-,-,805,-,-,-,-,-,-,-,3887,1123,-,-,-,-,-,-,-,-,-,-,-,-,-
Kushtia 3,440842,316404,"Md. Amir Hamza (Bangladesh Jamaat-e-Islami (Jamaat)) 57.7%, Md. Zakir Hossain Sarkar (Bangladesh Nationalist Party (BNP)) 40.3%, Md. Abdullah Akhand (Islami Andolan Bangladesh (IAB)) 1.6%","Bangladesh Jamaat-e-Islami (Jamaat) (57.7%), Bangladesh Nationalist Party (BNP) (40.3%), Islami Andolan Bangladesh (IAB) (1.6%)",127559,0.403152,182476,0.576718,-,-,182476,0.576718,127858,0.404097,-,-,-,-,-,-,-,-,182476,-,-,-,-,-,-,-,-,-,-,127559,-,475,-,442,-,-,-,-,-,-,-,299,-,-,5153,-,-,-,-,-,-,-,-,-,-,-,-,-,-
Kushtia 4,424417,302777,"Md. Afzal Hossain (Bangladesh Jamaat-e-Islami (Jamaat)) 48.9%, Syed Mehdi Ahmed Rumi (Bangladesh Nationalist Party (BNP)) 46.1%, Anowar Khan (Islami Andolan Bangladesh (IAB)) 4.5%","Bangladesh Jamaat-e-Islami (Jamaat) (48.9%), Bangladesh Nationalist Party (BNP) (46.1%), Islami Andolan Bangladesh (IAB) (4.5%)",139603,0.461075,148201,0.489472,-,-,148201,0.489472,139603,0.461075,-,-,-,-,-,-,-,-,148201,-,-,-,-,-,-,-,-,-,-,139603,-,-,-,-,-,-,-,-,-,-,-,-,-,-,13739,-,-,-,-,1234,-,-,-,-,-,-,-,-,-
Chuadanga 1,511657,374356,"Md. Masud Parvez (Bangladesh Jamaat-e-Islami (Jamaat)) 56.4%, Md. Sharifuzzaman (Bangladesh Nationalist Party (BNP)) 40.9%, Mohammad Zahurul Islam (Islami Andolan Bangladesh (IAB)) 2.7%","Bangladesh Jamaat-e-Islami (Jamaat) (56.4%), Bangladesh Nationalist Party (BNP) (40.9%), Islami Andolan Bangladesh (IAB) (2.7%)",153193,0.409217,211041,0.563744,-,-,211041,0.563744,153193,0.409217,-,-,-,-,-,-,-,-,211041,-,-,-,-,-,-,-,-,-,-,153193,-,-,-,-,-,-,-,-,-,-,-,-,-,-,10122,-,-,-,-,-,-,-,-,-,-,-,-,-,-
Chuadanga 2,492431,378262,"Md. Ruhul Amin (Bangladesh Jamaat-e-Islami (Jamaat)) 55.0%, Mahmud Hasan Khan (Bangladesh Nationalist Party (BNP)) 43.3%, Md. Hasanuzzaman (Islami Andolan Bangladesh (IAB)) 1.7%","Bangladesh Jamaat-e-Islami (Jamaat) (55.0%), Bangladesh Nationalist Party (BNP) (43.3%), Islami Andolan Bangladesh (IAB) (1.7%)",163877,0.433237,208011,0.549912,-,-,208011,0.549912,163877,0.433237,-,-,-,-,-,-,-,-,208011,-,-,-,-,-,-,-,-,-,-,163877,-,-,-,-,-,-,-,-,-,-,-,-,-,-,6374,-,-,-,-,-,-,-,-,-,-,-,-,-,-
Jhenaidah 1,325278,232324,"Md. Asaduzzaman (Bangladesh Nationalist Party (BNP)) 74.6%, Abu Saleh Md. Matiur Rahman (Bangladesh Jamaat-e-Islami (Jamaat)) 24.6%, Monika Alam (Jatiya Party (JaPa)) 0.4%","Bangladesh Nationalist Party (BNP) (74.6%), Bangladesh Jamaat-e-Islami (Jamaat) (24.6%), Jatiya Party (JaPa) (0.4%)",173381,0.74629,57055,0.245584,-,-,57665,0.248209,173381,0.74629,-,-,-,610,-,-,-,-,57055,-,-,-,-,-,-,-,-,-,-,173381,-,-,-,-,309,-,-,-,-,-,-,-,-,-,-,-,-,-,-,969,-,-,-,-,-,-,-,-,-
Jhenaidah 2,506640,378148,"Ali Azam Md. Abu Bakar (Bangladesh Jamaat-e-Islami (Jamaat)) 51.8%, Md. Abdul Majid (Bangladesh Nationalist Party (BNP)) 46.5%, H. M. Momtazur Rahman (Islami Andolan Bangladesh (IAB)) 1.2%","Bangladesh Jamaat-e-Islami (Jamaat) (51.8%), Bangladesh Nationalist Party (BNP) (46.5%), Islami Andolan Bangladesh (IAB) (1.2%)",175984,0.465384,195702,0.517528,-,-,195702,0.517528,175984,0.465384,-,-,-,-,-,-,-,-,195702,-,-,-,-,-,-,-,-,-,-,175984,-,-,-,340,-,-,557,-,-,-,-,-,-,-,4571,-,-,-,-,994,-,-,-,-,-,-,-,-,-
Jhenaidah 3,431015,329886,"Md. Matiar Rahman (Bangladesh Jamaat-e-Islami (Jamaat)) 53.3%, Mohammad Mehdi Hasan (Bangladesh Nationalist Party (BNP)) 45.4%, Mawlana Sarwar Hossain (Islami Andolan Bangladesh (IAB)) 1.2%","Bangladesh Jamaat-e-Islami (Jamaat) (53.3%), Bangladesh Nationalist Party (BNP) (45.4%), Islami Andolan Bangladesh (IAB) (1.2%)",149821,0.45416,175857,0.533084,-,-,175857,0.533084,150209,0.455336,-,-,-,-,-,-,-,-,175857,-,-,-,-,-,-,-,-,-,-,149821,-,-,-,-,-,-,-,-,-,-,-,388,-,-,3820,-,-,-,-,-,-,-,-,-,-,-,-,-,-
Jhenaidah 4,333464,244114,"Md. Abu Talib (Bangladesh Jamaat-e-Islami (Jamaat)) 43.4%, Md. Saiful Islam Firoz (Independent Candidate (Independent)) 31.6%, Md. Rashed Khan (Bangladesh Nationalist Party (BNP)) 23.0%","Bangladesh Jamaat-e-Islami (Jamaat) (43.4%), Independent Candidate (Independent) (31.6%), Bangladesh Nationalist Party (BNP) (23.0%)",56224,0.230319,105999,0.434219,-,-,105999,0.434219,56224,0.230319,-,-,-,-,-,-,-,-,105999,-,-,-,-,-,-,-,-,-,-,56224,-,-,-,-,-,-,-,-,-,267,-,-,77104,-,3907,-,-,-,-,613,-,-,-,-,-,-,-,-,-
Jashore 1,311633,215801,"Mohammad Azizur Rahman (Bangladesh Jamaat-e-Islami (Jamaat)) 55.2%, Md. Nuruzzaman Liton (Bangladesh Nationalist Party (BNP)) 43.3%, Md. Bokhtiar Rahman (Islami Andolan Bangladesh (IAB)) 0.8%","Bangladesh Jamaat-e-Islami (Jamaat) (55.2%), Bangladesh Nationalist Party (BNP) (43.3%), Islami Andolan Bangladesh (IAB) (0.8%)",93542,0.433464,119093,0.551865,-,-,119093,0.551865,93542,0.433464,-,-,-,-,-,-,-,-,119093,-,-,-,-,-,-,-,-,-,-,93542,-,-,-,-,-,-,-,-,-,-,-,-,-,-,1768,-,-,-,-,1398,-,-,-,-,-,-,-,-,-
Jashore 2,484866,334891,"Mohammad Mosleh Uddin Farid (Bangladesh Jamaat-e-Islami (Jamaat)) 54.0%, Mosammat Sabira Sultana (Bangladesh Nationalist Party (BNP)) 43.7%, Md. Idris Ali (Islami Andolan Bangladesh (IAB)) 1.7%","Bangladesh Jamaat-e-Islami (Jamaat) (54.0%), Bangladesh Nationalist Party (BNP) (43.7%), Islami Andolan Bangladesh (IAB) (1.7%)",146447,0.437298,180965,0.54037,-,-,181381,0.541612,146447,0.437298,-,-,-,416,-,-,-,-,180965,-,-,-,-,-,-,-,-,-,233,146447,-,-,-,472,-,-,-,-,-,-,-,-,577,-,5781,-,-,-,-,-,-,-,-,-,-,-,-,-,-
Jashore 3,613460,408053,"Anindya Islam Amit (Bangladesh Nationalist Party (BNP)) 49.3%, Md. Abdul Qader (Bangladesh Jamaat-e-Islami (Jamaat)) 45.9%, Mohammad Shoaib Hossain (Islami Andolan Bangladesh (IAB)) 3.3%","Bangladesh Nationalist Party (BNP) (49.3%), Bangladesh Jamaat-e-Islami (Jamaat) (45.9%), Islami Andolan Bangladesh (IAB) (3.3%)",201339,0.493414,187463,0.459408,-,-,187463,0.459408,201339,0.493414,-,-,-,-,-,-,-,-,187463,-,-,-,-,-,-,-,-,-,-,201339,-,-,-,-,-,-,753,-,-,-,-,-,-,-,13322,-,1772,-,-,3404,-,-,-,-,-,-,-,-,-
Jashore 4,458531,325283,"Md. Golam Rasul (Bangladesh Jamaat-e-Islami (Jamaat)) 54.4%, Matiar Rahman Farazi (Bangladesh Nationalist Party (BNP)) 40.6%, Bayezid Hossain (Islami Andolan Bangladesh (IAB)) 3.6%","Bangladesh Jamaat-e-Islami (Jamaat) (54.4%), Bangladesh Nationalist Party (BNP) (40.6%), Islami Andolan Bangladesh (IAB) (3.6%)",131917,0.405545,176912,0.543871,-,-,177213,0.544796,132174,0.406335,-,-,-,-,-,-,-,-,176912,-,-,-,-,-,-,1510,-,-,-,131917,-,-,-,-,-,-,-,-,-,-,-,257,797,-,11838,-,-,-,-,1751,-,301,-,-,-,-,-,-,-
Jashore 5,374252,281544,"Gazi Enamul Haque (Bangladesh Jamaat-e-Islami (Jamaat)) 47.2%, Shaheed Md. Iqbal Hossain (Independent Candidate (Independent)) 31.0%, Rashid Ahmad (Bangladesh Nationalist Party (BNP)) 19.5%","Bangladesh Jamaat-e-Islami (Jamaat) (47.2%), Independent Candidate (Independent) (31.0%), Bangladesh Nationalist Party (BNP) (19.5%)",54875,0.194907,132876,0.471955,-,-,132876,0.471955,54875,0.194907,-,-,-,-,-,-,-,-,132876,-,-,-,-,-,-,-,-,-,-,54875,-,-,-,-,-,-,-,-,-,-,-,-,87148,-,4400,-,-,-,-,2245,-,-,-,-,-,-,-,-,-
Jashore 6,229163,175322,"Md. Moktar Ali (Bangladesh Jamaat-e-Islami (Jamaat)) 52.6%, Md. Abul Hossain Azad (Bangladesh Nationalist Party (BNP)) 45.7%, Md. Shahidul Islam (Islami Andolan Bangladesh (IAB)) 0.7%","Bangladesh Jamaat-e-Islami (Jamaat) (52.6%), Bangladesh Nationalist Party (BNP) (45.7%), Islami Andolan Bangladesh (IAB) (0.7%)",80141,0.457107,92234,0.526083,-,-,92906,0.529916,80141,0.457107,-,-,-,672,-,-,-,-,92234,-,-,-,-,-,-,-,-,-,-,80141,-,-,-,-,-,-,-,-,-,-,-,-,-,-,1285,-,-,-,-,990,-,-,-,-,-,-,-,-,-
Magura 1,430775,292560,"Md. Monowar Hossain (Bangladesh Nationalist Party (BNP)) 63.4%, Abdul Matin (Bangladesh Jamaat-e-Islami (Jamaat)) 30.7%, Md. Nazirul Islam (Islami Andolan Bangladesh (IAB)) 4.6%","Bangladesh Nationalist Party (BNP) (63.4%), Bangladesh Jamaat-e-Islami (Jamaat) (30.7%), Islami Andolan Bangladesh (IAB) (4.6%)",185338,0.633504,89691,0.306573,-,-,89691,0.306573,185630,0.634502,-,-,-,-,821,-,-,-,89691,-,-,-,-,-,-,-,-,-,-,185338,-,-,-,1237,-,-,-,-,-,-,-,292,-,-,13414,-,-,-,-,1767,-,-,-,-,-,-,-,-,-
Magura 2,416634,284084,"Nitai Roy Chowdhury (Bangladesh Nationalist Party (BNP)) 52.1%, Md. Mushtarshed Billah (Bangladesh Jamaat-e-Islami (Jamaat)) 41.2%, Mostafa Kamal (Islami Andolan Bangladesh (IAB)) 5.7%","Bangladesh Nationalist Party (BNP) (52.1%), Bangladesh Jamaat-e-Islami (Jamaat) (41.2%), Islami Andolan Bangladesh (IAB) (5.7%)",147896,0.520607,117018,0.411913,-,-,117018,0.411913,147896,0.520607,-,-,-,-,-,-,-,-,117018,-,-,-,-,-,-,-,-,-,-,147896,-,-,-,-,-,-,-,-,-,-,-,-,-,-,16223,-,-,-,-,2947,-,-,-,-,-,-,-,-,-
Narail 1,294155,185118,"Biswas Jahangir Alam (Bangladesh Nationalist Party (BNP)) 54.0%, Md. Obaidullah (Bangladesh Jamaat-e-Islami (Jamaat)) 40.6%, Abdul Aziz (Islami Andolan Bangladesh (IAB)) 3.4%","Bangladesh Nationalist Party (BNP) (54.0%), Bangladesh Jamaat-e-Islami (Jamaat) (40.6%), Islami Andolan Bangladesh (IAB) (3.4%)",99975,0.540061,75225,0.406362,-,-,75225,0.406362,99975,0.540061,-,-,-,-,-,-,-,-,75225,-,-,-,-,-,-,-,-,-,-,99975,-,-,-,-,-,-,-,-,-,-,-,-,3105,-,6352,-,-,-,-,461,-,-,-,-,-,-,-,-,-
Narail 2,390988,248257,"Md. Ataur Rahman (Bangladesh Jamaat-e-Islami (Jamaat)) 47.6%, Md. Monirul Islam (Independent Candidate (Independent)) 31.7%, AZM Fariduzzaman (Bangladesh Nationalist Party (BNP)) 18.3%","Bangladesh Jamaat-e-Islami (Jamaat) (47.6%), Independent Candidate (Independent) (31.7%), Bangladesh Nationalist Party (BNP) (18.3%)",45463,0.183129,118142,0.475886,-,-,118142,0.475886,45802,0.184494,-,-,-,-,-,220,-,-,118142,-,-,-,-,-,-,-,-,-,-,45463,-,-,-,-,-,-,-,-,-,-,-,339,78676,-,4729,-,-,-,-,688,-,-,-,-,-,-,-,-,-
Bagerhat 1,375560,244871,"Md. Mashirur Rahman Khan (Bangladesh Jamaat-e-Islami (Jamaat)) 48.0%, Kapil Krishna Mondol (Bangladesh Nationalist Party (BNP)) 46.7%, Md. Sheikh Masud Rana (Independent Candidate (Independent)) 4.8%","Bangladesh Jamaat-e-Islami (Jamaat) (48.0%), Bangladesh Nationalist Party (BNP) (46.7%), Independent Candidate (Independent) (4.8%)",114323,0.46687,117527,0.479955,-,-,117818,0.481143,114323,0.46687,-,-,-,291,-,-,-,-,117527,-,-,-,-,-,-,-,409,-,-,114323,-,-,-,-,-,-,-,-,-,-,-,-,11750,-,-,-,-,-,-,571,-,-,-,-,-,-,-,-,-
Bagerhat 2,338009,237396,"Sheikh Manjurul Haque (Rahad) (Bangladesh Jamaat-e-Islami (Jamaat)) 49.6%, Sheikh Mohammad Zakir Hossain (Bangladesh Nationalist Party (BNP)) 28.0%, M. A. H. Selim (Independent Candidate (Independent)) 20.6%","Bangladesh Jamaat-e-Islami (Jamaat) (49.6%), Bangladesh Nationalist Party (BNP) (28.0%), Independent Candidate (Independent) (20.6%)",66409,0.279739,117709,0.495834,-,-,117709,0.495834,66409,0.279739,-,-,-,-,-,-,-,-,117709,-,-,-,-,-,-,-,-,-,-,66409,-,-,-,-,-,-,-,-,-,-,-,-,48965,-,4313,-,-,-,-,-,-,-,-,-,-,-,-,-,-
Bagerhat 3,266864,190445,"Sheikh Faridul Islam (Bangladesh Nationalist Party (BNP)) 53.9%, Mohammad Abdul Wadud Sheikh (Bangladesh Jamaat-e-Islami (Jamaat)) 43.9%, Sheikh Jillur Rahman (Islami Andolan Bangladesh (IAB)) 1.8%","Bangladesh Nationalist Party (BNP) (53.9%), Bangladesh Jamaat-e-Islami (Jamaat) (43.9%), Islami Andolan Bangladesh (IAB) (1.8%)",102661,0.539059,83550,0.438709,349,0.001833,83550,0.438709,102661,0.539059,-,-,-,-,-,-,-,-,83550,-,-,-,-,-,-,-,-,-,-,102661,-,-,-,-,-,-,-,-,-,-,-,-,425,-,3460,-,-,-,-,-,349,-,-,-,-,-,-,-,-
Bagerhat 4,380679,224585,"Md. Abdul Alim (Bangladesh Jamaat-e-Islami (Jamaat)) 51.7%, Somnath Dey (Bangladesh Nationalist Party (BNP)) 43.8%, Md. Omar Faruk (Islami Andolan Bangladesh (IAB)) 3.8%","Bangladesh Jamaat-e-Islami (Jamaat) (51.7%), Bangladesh Nationalist Party (BNP) (43.8%), Islami Andolan Bangladesh (IAB) (3.8%)",98326,0.437812,116067,0.516807,315,0.001403,116067,0.516807,98326,0.437812,-,-,-,-,-,-,-,-,116067,-,-,-,-,-,-,-,-,-,-,98326,-,-,-,-,-,-,-,-,-,-,-,-,229,-,8501,-,-,-,-,1147,315,-,-,-,-,-,-,-,-
Khulna 1,307103,205795,"Amir Ejaz Khan (Bangladesh Nationalist Party (BNP)) 59.0%, Krishna Nandi (Bangladesh Jamaat-e-Islami (Jamaat)) 34.2%, Md. Abu Sayeed (Islami Andolan Bangladesh (IAB)) 2.7%","Bangladesh Nationalist Party (BNP) (59.0%), Bangladesh Jamaat-e-Islami (Jamaat) (34.2%), Islami Andolan Bangladesh (IAB) (2.7%)",121352,0.589674,70346,0.341826,513,0.002493,70346,0.341826,121436,0.590082,-,-,-,-,-,-,-,169,70346,-,-,-,-,-,-,-,-,-,-,121352,-,-,169,-,-,-,4742,-,-,-,-,84,-,-,5619,-,-,-,-,2801,513,-,-,-,-,-,-,-,-
Khulna 2,335241,189284,"Sheikh Jahangir Hossain Helal (Bangladesh Jamaat-e-Islami (Jamaat)) 49.5%, Nazrul Islam Manju (Bangladesh Nationalist Party (BNP)) 46.6%, Amanullah (Islami Andolan Bangladesh (IAB)) 3.9%","Bangladesh Jamaat-e-Islami (Jamaat) (49.5%), Bangladesh Nationalist Party (BNP) (46.6%), Islami Andolan Bangladesh (IAB) (3.9%)",88197,0.465951,93789,0.495494,-,-,93789,0.495494,88197,0.465951,-,-,-,-,-,-,-,-,93789,-,-,-,-,-,-,-,-,-,-,88197,-,-,-,-,-,-,-,-,-,-,-,-,-,-,7298,-,-,-,-,-,-,-,-,-,-,-,-,-,-
Khulna 3,254409,147966,"Rakibul Islam (Bangladesh Nationalist Party (BNP)) 50.6%, Mohammad Mahfuzur Rahman (Bangladesh Jamaat-e-Islami (Jamaat)) 44.6%, Md. A. Awal (Islami Andolan Bangladesh (IAB)) 3.9%","Bangladesh Nationalist Party (BNP) (50.6%), Bangladesh Jamaat-e-Islami (Jamaat) (44.6%), Islami Andolan Bangladesh (IAB) (3.9%)",74845,0.505826,66010,0.446116,-,-,66010,0.446116,74845,0.505826,-,-,-,-,-,-,-,-,66010,-,-,-,-,-,-,-,-,-,-,74845,-,-,-,246,-,-,-,-,-,-,-,-,181,-,5705,-,-,-,-,838,-,-,-,-,-,-,141,-,-
Khulna 4,378453,246896,"S. K. Azizul Bari (Bangladesh Nationalist Party (BNP)) 49.9%, S. M. Sakhawat Hossain (Khelafat Majlis) 44.4%, Yunus Ahmed Sheikh (Islami Andolan Bangladesh (IAB)) 5.4%","Bangladesh Nationalist Party (BNP) (49.9%), Khelafat Majlis (44.4%), Islami Andolan Bangladesh (IAB) (5.4%)",123162,0.498842,-,-,-,-,109530,0.443628,123162,0.498842,-,-,-,-,-,-,-,-,-,-,-,-,-,-,-,-,-,-,-,123162,-,-,-,-,-,-,-,-,-,-,-,-,-,-,13345,-,-,-,-,859,-,109530,-,-,-,-,-,-,-
Khulna 5,402798,298209,"Mohammad Ali Asgar (Bangladesh Nationalist Party (BNP)) 49.9%, Mia Golam Parwar (Bangladesh Jamaat-e-Islami (Jamaat)) 49.0%, Chitta Ranjan Goldar (Communist Party of Bangladesh (CPB)) 0.6%","Bangladesh Nationalist Party (BNP) (49.9%), Bangladesh Jamaat-e-Islami (Jamaat) (49.0%), Communist Party of Bangladesh (CPB) (0.6%)",148854,0.49916,146246,0.490414,-,-,146246,0.490414,148854,0.49916,-,-,-,-,-,-,-,-,146246,-,-,-,-,-,-,-,-,-,-,148854,-,-,-,-,-,-,1790,-,-,-,-,-,-,-,-,-,-,-,-,1319,-,-,-,-,-,-,-,-,-
Khulna 6,423331,282672,"Md. Abul Kalam Azad (Bangladesh Jamaat-e-Islami (Jamaat)) 53.3%, S. M. Monirul Hasan (Bappi) (Bangladesh Nationalist Party (BNP)) 44.1%, Md. Asadullah Fakir (Islami Andolan Bangladesh (IAB)) 1.0%","Bangladesh Jamaat-e-Islami (Jamaat) (53.3%), Bangladesh Nationalist Party (BNP) (44.1%), Islami Andolan Bangladesh (IAB) (1.0%)",124710,0.441183,150724,0.533212,-,-,150724,0.533212,124710,0.441183,-,-,-,-,-,-,-,-,150724,-,-,-,-,-,-,-,-,-,-,124710,-,-,-,-,-,-,1571,-,-,-,-,-,-,-,2950,-,-,-,-,2717,-,-,-,-,-,-,-,-,-
Satkhira 1,496848,369097,"Md. Izzat Ullah (Bangladesh Jamaat-e-Islami (Jamaat)) 52.5%, Md. Habibul Islam Habib (Bangladesh Nationalist Party (BNP)) 46.1%, Ziaur Rahman (Jatiya Party (JaPa)) 0.7%","Bangladesh Jamaat-e-Islami (Jamaat) (52.5%), Bangladesh Nationalist Party (BNP) (46.1%), Jatiya Party (JaPa) (0.7%)",169995,0.46057,193772,0.524989,-,-,193772,0.524989,169995,0.46057,-,-,-,-,715,-,-,-,193772,-,-,-,-,-,-,-,-,-,-,169995,-,-,-,-,-,-,-,-,-,-,-,-,-,-,2071,-,-,-,-,2544,-,-,-,-,-,-,-,-,-
Satkhira 2,535654,389823,"Muhammad Abdul Khaleq (Bangladesh Jamaat-e-Islami (Jamaat)) 68.5%, Md. Abdur Rauf (Bangladesh Nationalist Party (BNP)) 29.8%, Md. Ashrafuzzaman (Jatiya Party (JaPa)) 1.1%","Bangladesh Jamaat-e-Islami (Jamaat) (68.5%), Bangladesh Nationalist Party (BNP) (29.8%), Jatiya Party (JaPa) (1.1%)",116293,0.298323,266959,0.684821,317,0.000813,266959,0.684821,116293,0.298323,-,-,-,-,-,-,-,-,266959,-,317,-,-,-,-,-,-,-,-,116293,-,-,-,-,-,-,-,-,-,-,-,-,-,-,1976,-,-,-,-,4278,-,-,-,-,-,-,-,-,-
Satkhira 3,502222,350233,"Hafez Md. Rabiul Bashar (Bangladesh Jamaat-e-Islami (Jamaat)) 52.6%, Md. Shahidul Alam (Independent Candidate (Independent)) 30.1%, Kazi Alauddin (Bangladesh Nationalist Party (BNP)) 16.2%","Bangladesh Jamaat-e-Islami (Jamaat) (52.6%), Independent Candidate (Independent) (30.1%), Bangladesh Nationalist Party (BNP) (16.2%)",56819,0.162232,184233,0.52603,-,-,184233,0.52603,56819,0.162232,-,-,-,-,-,-,-,-,184233,-,-,-,-,-,-,583,-,-,-,56819,-,-,-,-,-,-,-,-,-,-,-,-,105379,-,2497,-,-,-,-,722,-,-,-,-,-,-,-,-,-
Satkhira 4,298050,198383,"G. M. Nazrul Islam (Bangladesh Jamaat-e-Islami (Jamaat)) 53.9%, Md. Moniruzzaman (Bangladesh Nationalist Party (BNP)) 43.1%, S. M. Mostafa Al Mamun (Islami Andolan Bangladesh (IAB)) 2.5%","Bangladesh Jamaat-e-Islami (Jamaat) (53.9%), Bangladesh Nationalist Party (BNP) (43.1%), Islami Andolan Bangladesh (IAB) (2.5%)",85426,0.430611,106913,0.538922,-,-,106913,0.538922,85426,0.430611,-,-,-,-,-,-,-,-,106913,-,-,-,-,-,-,-,-,-,-,85426,-,-,-,-,-,-,-,-,-,-,-,-,-,-,4902,-,-,-,-,1142,-,-,-,-,-,-,-,-,-
Joypurhat 1,466274,334982,"Md. Fazlur Rahman Saeed (Bangladesh Jamaat-e-Islami (Jamaat)) 49.3%, Md. Masud Rana Pradhan (Bangladesh Nationalist Party (BNP)) 46.4%, Sabekun Nahar (Jatiya Party (JaPa)) 4.0%","Bangladesh Jamaat-e-Islami (Jamaat) (49.3%), Bangladesh Nationalist Party (BNP) (46.4%), Jatiya Party (JaPa) (4.0%)",155309,0.463634,165192,0.493137,-,-,165192,0.493137,155309,0.463634,-,-,-,-,-,-,-,-,165192,-,-,-,-,-,-,-,-,-,-,155309,-,-,-,578,617,-,-,-,-,-,-,-,-,-,-,-,-,-,-,13286,-,-,-,-,-,-,-,-,-
Joypurhat 2,351572,252137,"Md. Abdul Bari (Bangladesh Nationalist Party (BNP)) 62.7%, S. M. Rashedul Alam (Bangladesh Jamaat-e-Islami (Jamaat)) 36.7%, S. A. Zahid (Amar Bangladesh Party (AB)) 0.6%","Bangladesh Nationalist Party (BNP) (62.7%), Bangladesh Jamaat-e-Islami (Jamaat) (36.7%), Amar Bangladesh Party (AB) (0.6%)",158065,0.626901,92517,0.366931,-,-,94072,0.373099,158065,0.626901,-,-,-,1555,-,-,-,-,92517,-,-,-,-,-,-,-,-,-,-,158065,-,-,-,-,-,-,-,-,-,-,-,-,-,-,-,-,-,-,-,-,-,-,-,-,-,-,-,-,-
Bogura 1,376019,231320,"Kazi Rafiqul Islam (Bangladesh Nationalist Party (BNP)) 74.1%, Md. Shahabuddin (Bangladesh Jamaat-e-Islami (Jamaat)) 25.1%, A. B. M. Mostafa Kamal Pasha (Islami Andolan Bangladesh (IAB)) 0.4%","Bangladesh Nationalist Party (BNP) (74.1%), Bangladesh Jamaat-e-Islami (Jamaat) (25.1%), Islami Andolan Bangladesh (IAB) (0.4%)",171440,0.741138,57959,0.250558,-,-,57959,0.250558,171440,0.741138,-,-,-,-,597,-,-,-,57959,-,-,-,-,-,-,-,-,-,-,171440,-,-,-,-,-,-,-,-,-,298,-,-,-,-,1026,-,-,-,-,-,-,-,-,-,-,-,-,-,-
Bogura 2,342155,243802,"Mir Shahe Alam (Bangladesh Nationalist Party (BNP)) 59.5%, Abul Azad Mohammad Shahaduzzaman (Bangladesh Jamaat-e-Islami (Jamaat)) 38.4%, Mahmudur Rahman Manna (Nagorik Oikya (NO)) 1.4%","Bangladesh Nationalist Party (BNP) (59.5%), Bangladesh Jamaat-e-Islami (Jamaat) (38.4%), Nagorik Oikya (NO) (1.4%)",145024,0.594843,93548,0.383705,3426,0.014052,93548,0.383705,145298,0.595967,-,-,-,-,-,-,-,-,93548,-,-,-,-,-,-,-,-,-,-,145024,-,-,-,-,-,-,-,-,-,-,-,274,183,-,913,-,-,-,-,434,-,-,-,3426,-,-,-,-,-
Bogura 3,339181,241716,"Md. Abdul Mohit Talukdar (Bangladesh Nationalist Party (BNP)) 52.7%, Nur Mohammad (Bangladesh Jamaat-e-Islami (Jamaat)) 45.9%, Md. Shahjahan Ali Talukdar (Islami Andolan Bangladesh (IAB)) 0.7%","Bangladesh Nationalist Party (BNP) (52.7%), Bangladesh Jamaat-e-Islami (Jamaat) (45.9%), Islami Andolan Bangladesh (IAB) (0.7%)",127406,0.52709,111026,0.459324,-,-,111026,0.459324,127406,0.52709,-,-,-,-,-,-,-,-,111026,-,-,-,-,-,-,-,-,-,-,127406,-,-,-,-,-,-,-,-,-,-,-,-,-,-,1789,-,-,-,-,1495,-,-,-,-,-,-,-,-,-
Bogura 4,359523,268375,"Md. Mosharraf Hossain (Bangladesh Nationalist Party (BNP)) 57.9%, Md. Mostafa Faisal (Bangladesh Jamaat-e-Islami (Jamaat)) 40.6%, Muhammad Idris Ali (Islami Andolan Bangladesh (IAB)) 1.1%","Bangladesh Nationalist Party (BNP) (57.9%), Bangladesh Jamaat-e-Islami (Jamaat) (40.6%), Islami Andolan Bangladesh (IAB) (1.1%)",155339,0.578813,108975,0.406055,-,-,108975,0.406055,155339,0.578813,-,-,-,-,-,-,-,-,108975,-,-,-,-,-,-,-,-,-,-,155339,-,-,-,-,-,-,-,-,-,-,-,-,-,-,2954,-,-,-,-,1107,-,-,-,-,-,-,-,-,-
Bogura 5,572340,400644,"Golam Mohammad Siraj (Bangladesh Nationalist Party (BNP)) 62.1%, Md. Dabibur Rahman (Bangladesh Jamaat-e-Islami (Jamaat)) 35.8%, Mir Md. Mahmudur Rahman (Islami Andolan Bangladesh (IAB)) 1.4%","Bangladesh Nationalist Party (BNP) (62.1%), Bangladesh Jamaat-e-Islami (Jamaat) (35.8%), Islami Andolan Bangladesh (IAB) (1.4%)",248841,0.621103,143329,0.357747,-,-,144463,0.360577,248841,0.621103,-,-,-,-,-,-,-,-,143329,-,-,-,-,-,-,-,-,-,-,248841,-,-,-,-,-,-,1782,-,-,-,-,-,-,-,5558,-,-,-,-,-,-,-,1134,-,-,-,-,-,-
Bogura 6,454043,317489,"Tarek Rahman (Bangladesh Nationalist Party (BNP)) 68.1%, Md. Abidur Rahman (Bangladesh Jamaat-e-Islami (Jamaat)) 30.7%, Abu Numan Md. Mamunur Rashid (Islami Andolan Bangladesh (IAB)) 0.8%","Bangladesh Nationalist Party (BNP) (68.1%), Bangladesh Jamaat-e-Islami (Jamaat) (30.7%), Islami Andolan Bangladesh (IAB) (0.8%)",216284,0.681233,97626,0.307494,276,0.000869,97626,0.307494,216284,0.681233,-,-,-,-,-,-,-,-,97626,-,-,-,-,-,-,-,-,-,-,216284,-,-,-,795,-,-,-,-,-,-,-,-,-,-,2508,-,-,-,-,-,276,-,-,-,-,-,-,-,-
Bogura 7,538092,383474,"Morshed Milton (Bangladesh Nationalist Party (BNP)) 68.9%, Md. Golam Rabbani (Bangladesh Jamaat-e-Islami (Jamaat)) 30.4%, Md. Shafiqul Islam (Islami Andolan Bangladesh (IAB)) 0.5%","Bangladesh Nationalist Party (BNP) (68.9%), Bangladesh Jamaat-e-Islami (Jamaat) (30.4%), Islami Andolan Bangladesh (IAB) (0.5%)",264212,0.688996,116665,0.304232,-,-,116665,0.304232,264212,0.688996,-,-,-,-,-,-,-,-,116665,-,-,-,-,-,-,-,536,-,-,264212,-,-,-,-,-,-,-,-,-,-,-,-,-,-,2061,-,-,-,-,-,-,-,-,-,-,-,-,-,-
Chapainawabganj 1,500181,373757,"Md. Keramat Ali (Bangladesh Jamaat-e-Islami (Jamaat)) 55.4%, Md. Shahjahan Mia (Bangladesh Nationalist Party (BNP)) 43.5%, Md. Afzal Hossain (Jatiya Party (JaPa)) 0.6%","Bangladesh Jamaat-e-Islami (Jamaat) (55.4%), Bangladesh Nationalist Party (BNP) (43.5%), Jatiya Party (JaPa) (0.6%)",162515,0.434815,206893,0.553549,-,-,206893,0.553549,162515,0.434815,-,-,-,-,-,557,-,446,206893,-,-,-,-,-,-,-,-,-,-,162515,-,-,-,-,-,-,-,-,-,-,-,-,-,-,1083,-,-,-,-,2263,-,-,-,-,-,-,-,-,-
Chapainawabganj 2,461000,336216,"Md. Mizanur Rahman (Bangladesh Jamaat-e-Islami (Jamaat)) 50.9%, Md. Aminul Islam (Bangladesh Nationalist Party (BNP)) 46.1%, Md. Khurshid Alam (Jatiya Party (JaPa)) 2.4%","Bangladesh Jamaat-e-Islami (Jamaat) (50.9%), Bangladesh Nationalist Party (BNP) (46.1%), Jatiya Party (JaPa) (2.4%)",155119,0.461367,171227,0.509277,-,-,171227,0.509277,155119,0.461367,-,-,-,-,-,-,-,-,171227,-,-,-,-,-,-,-,-,-,-,155119,-,-,-,-,-,-,626,-,-,-,-,-,-,-,1069,-,-,-,-,8175,-,-,-,-,-,-,-,-,-
Chapainawabganj 3,468479,318495,"Md. Nurul Islam (Bangladesh Jamaat-e-Islami (Jamaat)) 59.5%, Md. Harunur Rashid (Bangladesh Nationalist Party (BNP)) 39.9%, Md. Monirul Islam (Islami Andolan Bangladesh (IAB)) 0.3%","Bangladesh Jamaat-e-Islami (Jamaat) (59.5%), Bangladesh Nationalist Party (BNP) (39.9%), Islami Andolan Bangladesh (IAB) (0.3%)",127037,0.398867,189640,0.595425,637,0.002,189640,0.595425,127398,0.4,-,-,-,-,-,-,-,-,189640,-,-,-,-,-,-,-,-,-,-,127037,-,-,-,-,-,-,-,-,-,-,-,361,-,-,820,-,-,-,-,-,637,-,-,-,-,-,-,-,-
Naogaon 1,474067,359069,"Md. Mostafizur Rahman (Bangladesh Nationalist Party (BNP)) 48.4%, Md. Mahbubul Alam (Bangladesh Jamaat-e-Islami (Jamaat)) 42.8%, Md. Salek Chowdhury (Independent Candidate (Independent)) 5.0%","Bangladesh Nationalist Party (BNP) (48.4%), Bangladesh Jamaat-e-Islami (Jamaat) (42.8%), Independent Candidate (Independent) (5.0%)",173864,0.484208,153816,0.428374,-,-,153816,0.428374,173864,0.484208,-,-,-,-,-,-,-,-,153816,-,-,-,-,-,-,-,-,-,-,173864,-,-,-,-,-,-,-,-,-,-,-,-,18088,-,9058,-,-,-,-,4243,-,-,-,-,-,-,-,-,-
Naogaon 2,372436,278639,"Md. Enamul Haque (Bangladesh Jamaat-e-Islami (Jamaat)) 50.8%, Md. Shamsuzzoha Khan (Bangladesh Nationalist Party (BNP)) 48.3%, Md. Matibul Islam (Amar Bangladesh Party (AB)) 0.9%","Bangladesh Jamaat-e-Islami (Jamaat) (50.8%), Bangladesh Nationalist Party (BNP) (48.3%), Amar Bangladesh Party (AB) (0.9%)",134533,0.482822,141526,0.507919,-,-,144106,0.517178,134533,0.482822,-,-,-,2580,-,-,-,-,141526,-,-,-,-,-,-,-,-,-,-,134533,-,-,-,-,-,-,-,-,-,-,-,-,-,-,-,-,-,-,-,-,-,-,-,-,-,-,-,-,-
Naogaon 3,440785,314202,"Md. Fazle Huda (Bangladesh Nationalist Party (BNP)) 53.1%, Md. Mahfuzur Rahman (Bangladesh Jamaat-e-Islami (Jamaat)) 38.0%, Parvez Arefin Siddiqui (Independent Candidate (Independent)) 5.7%","Bangladesh Nationalist Party (BNP) (53.1%), Bangladesh Jamaat-e-Islami (Jamaat) (38.0%), Independent Candidate (Independent) (5.7%)",166889,0.531152,119421,0.380077,-,-,119421,0.380077,166889,0.531152,-,-,-,-,-,-,-,-,119421,-,-,-,-,-,-,-,-,-,195,166889,-,-,-,1233,-,-,-,-,-,-,-,-,17952,-,3643,-,-,-,-,4869,-,-,-,-,-,-,-,-,-
Naogaon 4,333862,236470,"Ikramul Bari Tipu (Bangladesh Nationalist Party (BNP)) 56.6%, Md. Abdur Rakib (Bangladesh Jamaat-e-Islami (Jamaat)) 41.3%, Dr. S. M. Fazlur Rahman (Communist Party of Bangladesh (CPB)) 1.0%","Bangladesh Nationalist Party (BNP) (56.6%), Bangladesh Jamaat-e-Islami (Jamaat) (41.3%), Communist Party of Bangladesh (CPB) (1.0%)",133924,0.566347,97585,0.412674,-,-,97585,0.412674,133924,0.566347,-,-,-,-,-,-,-,-,97585,-,-,-,-,-,-,-,-,-,-,133924,-,-,-,-,-,-,2313,-,-,-,-,-,712,-,609,-,-,-,-,1327,-,-,-,-,-,-,-,-,-
Naogaon 5,363030,179770,"Md. Zahidul Islam Dhalu (Bangladesh Nationalist Party (BNP)) 72.0%, Abu Sadat Md. Sayem (Bangladesh Jamaat-e-Islami (Jamaat)) 24.1%, Md. Abdur Rahman (Islami Andolan Bangladesh (IAB)) 2.3%","Bangladesh Nationalist Party (BNP) (72.0%), Bangladesh Jamaat-e-Islami (Jamaat) (24.1%), Islami Andolan Bangladesh (IAB) (2.3%)",129385,0.719725,43367,0.241236,-,-,43367,0.241236,129385,0.719725,-,-,-,-,-,-,-,-,43367,-,-,-,-,-,-,-,-,-,-,129385,-,-,-,-,-,-,741,-,-,-,-,-,-,-,4101,-,-,-,-,2176,-,-,-,-,-,-,-,-,-
Naogaon 6,345416,228521,"Sheikh Md. Rezaul Islam (Bangladesh Nationalist Party (BNP)) 47.6%, Md. Khabirul Islam (Bangladesh Jamaat-e-Islami (Jamaat)) 42.7%, Alamgir Kabir (Independent Candidate (Independent)) 8.6%","Bangladesh Nationalist Party (BNP) (47.6%), Bangladesh Jamaat-e-Islami (Jamaat) (42.7%), Independent Candidate (Independent) (8.6%)",108866,0.476394,97629,0.427221,-,-,97629,0.427221,108866,0.476394,-,-,-,-,-,-,-,-,97629,-,-,-,-,-,-,-,-,-,-,108866,-,555,-,-,-,-,-,-,-,-,-,-,19638,-,1833,-,-,-,-,-,-,-,-,-,-,-,-,-,-
Rajshahi 1,468780,343858,"Md. Mujibur Rahman (Bangladesh Jamaat-e-Islami (Jamaat)) 50.0%, Md. Sharif Uddin (Bangladesh Nationalist Party (BNP)) 49.4%, Md. Abdur Rahman (Amar Bangladesh Party (AB)) 0.3%","Bangladesh Jamaat-e-Islami (Jamaat) (50.0%), Bangladesh Nationalist Party (BNP) (49.4%), Amar Bangladesh Party (AB) (0.3%)",169902,0.494105,171786,0.499584,-,-,172886,0.502783,170309,0.495289,-,-,-,1100,-,-,-,-,171786,-,-,-,-,-,-,-,-,-,-,169902,-,-,-,-,-,-,-,-,-,-,-,407,663,-,-,-,-,-,-,-,-,-,-,-,-,-,-,-,-
Rajshahi 2,369564,231442,"Md. Mizanur Rahman Minu (Bangladesh Nationalist Party (BNP)) 55.5%, Mohammad Jahangir (Bangladesh Jamaat-e-Islami (Jamaat)) 43.4%, Saleh Ahmed (Independent Candidate (Independent)) 0.3%","Bangladesh Nationalist Party (BNP) (55.5%), Bangladesh Jamaat-e-Islami (Jamaat) (43.4%), Independent Candidate (Independent) (0.3%)",128546,0.555413,100370,0.433672,552,0.002385,101543,0.438741,128546,0.555413,-,-,-,786,-,-,-,-,100370,-,-,-,-,-,387,-,-,-,-,128546,-,-,-,-,-,-,-,-,-,-,-,-,801,-,-,-,-,-,-,-,-,-,-,552,-,-,-,-,-
Rajshahi 3,423738,319261,"Mohammad Shafiqul Haque Milon (Bangladesh Nationalist Party (BNP)) 55.2%, Md. Abul Kalam Azad (Bangladesh Jamaat-e-Islami (Jamaat)) 43.2%, Md. Afzal Hossain (Jatiya Party (JaPa)) 0.7%","Bangladesh Nationalist Party (BNP) (55.2%), Bangladesh Jamaat-e-Islami (Jamaat) (43.2%), Jatiya Party (JaPa) (0.7%)",176318,0.552269,137927,0.43202,-,-,137927,0.43202,176318,0.552269,-,-,295,-,-,-,-,-,137927,-,-,-,-,-,-,-,-,-,-,176318,-,-,-,-,-,-,-,-,-,-,-,-,1177,-,1154,-,-,-,-,2390,-,-,-,-,-,-,-,-,-
Rajshahi 4,319909,227116,"Md. Abdul Bari Sardar (Bangladesh Jamaat-e-Islami (Jamaat)) 50.7%, D. M. D. Ziaur Rahman (Bangladesh Nationalist Party (BNP)) 48.2%, Md. Fazlul Haque (Jatiya Party (JaPa)) 0.8%","Bangladesh Jamaat-e-Islami (Jamaat) (50.7%), Bangladesh Nationalist Party (BNP) (48.2%), Jatiya Party (JaPa) (0.8%)",109461,0.481961,115226,0.507344,-,-,115226,0.507344,109461,0.481961,-,-,-,-,-,-,-,-,115226,-,-,-,-,-,-,-,-,-,-,109461,-,-,-,-,-,-,-,-,-,-,-,-,-,-,670,-,-,-,-,1759,-,-,-,-,-,-,-,-,-
Rajshahi 5,353174,237798,"Professor Nazrul Islam (Bangladesh Nationalist Party (BNP)) 64.5%, Manjur Rahman (Bangladesh Jamaat-e-Islami (Jamaat)) 30.9%, Rezaul Karim (Independent Candidate (Independent)) 3.9%","Bangladesh Nationalist Party (BNP) (64.5%), Bangladesh Jamaat-e-Islami (Jamaat) (30.9%), Independent Candidate (Independent) (3.9%)",153425,0.64519,73445,0.308855,-,-,73445,0.308855,153425,0.64519,-,-,-,-,-,-,-,-,73445,-,-,-,-,-,-,-,-,-,-,153425,-,-,-,-,-,938,-,-,-,-,-,-,9370,-,620,-,-,-,-,-,-,-,-,-,-,-,-,-,-
Rajshahi 6,357054,246195,"Md. Abu Sayeed Chand (Bangladesh Nationalist Party (BNP)) 60.4%, Md. Nazmul Haque (Bangladesh Jamaat-e-Islami (Jamaat)) 37.8%, Md. Iqbal Hossain (Jatiya Party (JaPa)) 1.2%","Bangladesh Nationalist Party (BNP) (60.4%), Bangladesh Jamaat-e-Islami (Jamaat) (37.8%), Jatiya Party (JaPa) (1.2%)",148672,0.603879,92965,0.377607,-,-,92965,0.377607,148672,0.603879,-,-,-,-,-,-,-,-,92965,-,-,-,-,-,-,-,-,-,-,148672,-,-,-,-,-,-,-,-,-,-,-,-,-,-,1628,-,-,-,-,2930,-,-,-,-,-,-,-,-,-
Natore 1,368276,269338,"Farzana Sharmin (Bangladesh Nationalist Party (BNP)) 38.1%, Md. Abul Kalam Azad (Bangladesh Jamaat-e-Islami (Jamaat)) 33.6%, Md. Taiful Islam Tipu (Independent Candidate (Independent)) 27.2%","Bangladesh Nationalist Party (BNP) (38.1%), Bangladesh Jamaat-e-Islami (Jamaat) (33.6%), Independent Candidate (Independent) (27.2%)",102726,0.381402,90568,0.336262,557,0.002068,90568,0.336262,103581,0.384576,-,-,-,-,-,-,-,-,90568,-,-,-,-,-,-,-,-,-,-,102726,-,-,-,-,-,-,-,-,281,-,-,298,73368,-,1269,-,-,-,-,552,-,-,-,-,-,-,-,276,-
Natore 2,406886,299336,"M. Ruhul Quddus Talukder Dulu (Bangladesh Nationalist Party (BNP)) 54.4%, Md. Yunus Ali (Bangladesh Jamaat-e-Islami (Jamaat)) 43.5%, Mohammad Ali Siddiqui (Islami Andolan Bangladesh (IAB)) 0.9%","Bangladesh Nationalist Party (BNP) (54.4%), Bangladesh Jamaat-e-Islami (Jamaat) (43.5%), Islami Andolan Bangladesh (IAB) (0.9%)",162841,0.544007,130066,0.434515,464,0.00155,130066,0.434515,163305,0.545558,-,-,-,-,-,-,-,-,130066,-,-,-,-,-,-,-,-,-,-,162841,-,-,-,-,-,-,-,-,464,-,-,-,621,-,2757,-,-,-,-,2587,-,-,-,-,-,-,-,-,-
Natore 3,326872,228563,"Md. Anwarul Islam (Bangladesh Nationalist Party (BNP)) 52.4%, Md. Daudar Mahmud (Independent Candidate (Independent)) 29.3%, S. M. Zargis Qadir (National Citizen Party (NCP)) 9.1%","Bangladesh Nationalist Party (BNP) (52.4%), Independent Candidate (Independent) (29.3%), National Citizen Party (NCP) (9.1%)",119768,0.524004,-,-,-,-,20707,0.090596,119768,0.524004,-,-,-,-,-,-,-,-,-,-,-,-,-,-,-,-,-,-,-,119768,-,-,-,-,-,-,-,-,-,-,-,-,66864,-,19105,-,-,-,-,2119,-,-,-,-,20707,-,-,-,-
Natore 4,445172,312840,"Md. Abdul Aziz (Bangladesh Nationalist Party (BNP)) 54.5%, Md. Abdul Hakim (Bangladesh Jamaat-e-Islami (Jamaat)) 43.3%, Md. Emdadullah (Islami Andolan Bangladesh (IAB)) 1.2%","Bangladesh Nationalist Party (BNP) (54.5%), Bangladesh Jamaat-e-Islami (Jamaat) (43.3%), Islami Andolan Bangladesh (IAB) (1.2%)",170551,0.54517,135386,0.432764,-,-,135645,0.433592,170551,0.54517,-,-,-,259,-,-,-,-,135386,-,-,-,-,-,-,-,-,-,-,170551,-,-,-,-,-,-,-,-,-,-,-,-,-,-,3845,-,-,-,-,2799,-,-,-,-,-,-,-,-,-
Sirajganj 1,385024,229416,"Md. Selim Reza (Bangladesh Nationalist Party (BNP)) 50.8%, Md. Shahinur Alam (Bangladesh Jamaat-e-Islami (Jamaat)) 47.4%, Md. Jahurul Islam (Jatiya Party (JaPa)) 1.0%","Bangladesh Nationalist Party (BNP) (50.8%), Bangladesh Jamaat-e-Islami (Jamaat) (47.4%), Jatiya Party (JaPa) (1.0%)",116613,0.508304,108815,0.474313,321,0.001399,108815,0.474313,117783,0.513404,-,-,-,-,-,-,-,-,108815,-,-,-,-,-,-,-,-,-,-,116613,-,-,-,-,-,-,-,-,-,-,-,1170,263,-,-,-,-,-,-,2234,-,-,-,321,-,-,-,-,-
Sirajganj 2,469878,320766,"Iqbal Hasan Mahmud (Bangladesh Nationalist Party (BNP)) 55.4%, Muhammad Zahidul Islam (Bangladesh Jamaat-e-Islami (Jamaat)) 43.3%, Md. Mohibullah (Islami Andolan Bangladesh (IAB)) 0.7%","Bangladesh Nationalist Party (BNP) (55.4%), Bangladesh Jamaat-e-Islami (Jamaat) (43.3%), Islami Andolan Bangladesh (IAB) (0.7%)",177578,0.553606,138797,0.432705,-,-,138797,0.432705,177988,0.554884,-,-,-,-,-,-,-,-,138797,-,-,-,-,-,-,-,-,-,-,177578,-,-,-,864,-,-,769,-,-,-,-,410,-,-,2167,-,-,-,181,-,-,-,-,-,-,-,-,-,-
Sirajganj 3,444427,293896,"Md. Ainul Haque (Bangladesh Nationalist Party (BNP)) 59.4%, Md. Abdur Rauf Sarkar (Bangladesh Khelafat Majlish (BKM)) 39.7%, Md. Fazlul Haque (Jatiya Party (JaPa)) 0.6%","Bangladesh Nationalist Party (BNP) (59.4%), Bangladesh Khelafat Majlish (BKM) (39.7%), Jatiya Party (JaPa) (0.6%)",174430,0.593509,-,-,-,-,116802,0.397426,174430,0.593509,-,-,-,-,-,-,-,-,-,-,-,-,-,116802,-,-,-,-,-,174430,-,-,-,-,-,-,-,-,-,-,-,-,1006,-,-,-,-,-,-,1658,-,-,-,-,-,-,-,-,-
Sirajganj 4,475821,327274,"Md. Rafiqul Islam Khan (Bangladesh Jamaat-e-Islami (Jamaat)) 49.5%, M. Akbar Ali (Bangladesh Nationalist Party (BNP)) 49.3%, Abdur Rahman (Islami Andolan Bangladesh (IAB)) 0.7%","Bangladesh Jamaat-e-Islami (Jamaat) (49.5%), Bangladesh Nationalist Party (BNP) (49.3%), Islami Andolan Bangladesh (IAB) (0.7%)",161278,0.492792,161872,0.494607,-,-,161872,0.494607,161278,0.492792,-,-,-,-,-,-,-,-,161872,-,-,-,-,-,-,-,-,-,-,161278,-,-,-,-,-,-,695,-,-,-,-,-,-,-,2216,-,-,-,-,1213,-,-,-,-,-,-,-,-,-
Sirajganj 5,426321,635960,"Md. Amirul Islam Khan (Bangladesh Nationalist Party (BNP)) 92.5%, Md. Ali Alam (Bangladesh Jamaat-e-Islami (Jamaat)) 7.5%, Nurun Nabi (Islami Andolan Bangladesh (IAB)) 0.0%","Bangladesh Nationalist Party (BNP) (92.5%), Bangladesh Jamaat-e-Islami (Jamaat) (7.5%), Islami Andolan Bangladesh (IAB) (0.0%)",588084,0.924719,47876,0.075281,-,-,47876,0.075281,588084,0.924719,-,-,-,-,-,-,-,-,47876,-,-,-,-,-,-,-,-,-,-,588084,-,-,-,-,-,-,0,-,-,-,-,0,-,-,0,-,-,-,-,0,-,-,-,-,-,-,-,-,-
Sirajganj 6,485387,282810,"M. A. Muhit (Bangladesh Nationalist Party (BNP)) 60.6%, S. M. Saif Mostafiz (National Citizen Party (NCP)) 36.7%, Misbah Uddin (Islami Andolan Bangladesh (IAB)) 0.8%","Bangladesh Nationalist Party (BNP) (60.6%), National Citizen Party (NCP) (36.7%), Islami Andolan Bangladesh (IAB) (0.8%)",171508,0.606442,-,-,890,0.003147,104155,0.368286,171508,0.606442,-,-,653,271,-,-,-,1133,-,-,-,-,-,-,-,-,-,-,-,171508,-,-,-,400,-,-,-,-,-,-,-,-,693,-,2280,-,-,-,-,1098,890,-,-,-,103884,-,-,-,-
Pabna 1,464904,236366,"Mohammad Najibur Rahman (Bangladesh Jamaat-e-Islami (Jamaat)) 55.0%, Md. Shamsur Rahman (Bangladesh Nationalist Party (BNP)) 44.1%, Md. Abdul Gani (Islami Andolan Bangladesh (IAB)) 0.5%","Bangladesh Jamaat-e-Islami (Jamaat) (55.0%), Bangladesh Nationalist Party (BNP) (44.1%), Islami Andolan Bangladesh (IAB) (0.5%)",104245,0.441032,129974,0.549885,-,-,129974,0.549885,104245,0.441032,-,-,-,-,-,-,-,-,129974,-,-,-,-,-,-,-,-,-,-,104245,-,-,-,-,-,-,-,-,-,-,-,-,1033,-,1114,-,-,-,-,-,-,-,-,-,-,-,-,-,-
Pabna 2,373425,301125,"A. K. M. Selim Reza Habib (Bangladesh Nationalist Party (BNP)) 71.5%, Md. Hesab Uddin (Bangladesh Jamaat-e-Islami (Jamaat)) 25.7%, Md. Afzal Hossain Khan Kashemi (Islami Andolan Bangladesh (IAB)) 2.0%","Bangladesh Nationalist Party (BNP) (71.5%), Bangladesh Jamaat-e-Islami (Jamaat) (25.7%), Islami Andolan Bangladesh (IAB) (2.0%)",215406,0.715337,77242,0.256511,-,-,77242,0.256511,215406,0.715337,-,-,-,-,-,-,-,-,77242,-,-,-,-,-,-,-,-,-,-,215406,-,-,-,-,-,-,-,-,-,333,-,-,-,-,5884,-,-,-,-,2260,-,-,-,-,-,-,-,-,-
Pabna 3,486806,335128,"Mohammad Ali Asgar (Bangladesh Jamaat-e-Islami (Jamaat)) 44.0%, Md. Hasan Zafir Tuhin (Bangladesh Nationalist Party (BNP)) 43.0%, K. M. Anwarul Islam (Independent Candidate (Independent)) 11.3%","Bangladesh Jamaat-e-Islami (Jamaat) (44.0%), Bangladesh Nationalist Party (BNP) (43.0%), Independent Candidate (Independent) (11.3%)",144206,0.430301,147475,0.440056,-,-,147475,0.440056,145192,0.433243,-,-,-,-,-,-,-,-,147475,-,-,-,-,-,-,-,-,-,-,144206,-,-,-,-,-,1420,-,-,-,173,-,986,38027,-,1769,-,-,-,-,1072,-,-,-,-,-,-,-,-,-
Pabna 4,440168,303777,"Md. Abu Taleb Mondol (Bangladesh Jamaat-e-Islami (Jamaat)) 45.3%, Md. Habibur Rahman (Habib) (Bangladesh Nationalist Party (BNP)) 44.1%, Md. Zakaria Pintu (Independent Candidate (Independent)) 9.2%","Bangladesh Jamaat-e-Islami (Jamaat) (45.3%), Bangladesh Nationalist Party (BNP) (44.1%), Independent Candidate (Independent) (9.2%)",133878,0.440711,137645,0.453112,182,0.000599,137645,0.453112,133878,0.440711,-,-,-,-,-,-,-,-,137645,-,-,-,-,-,-,-,-,-,-,133878,-,-,-,-,-,-,459,-,-,-,-,-,27970,-,2688,-,-,-,-,955,-,-,-,182,-,-,-,-,-
Pabna 5,528044,351629,"Md. Shamsur Rahman Shimul Biswas (Bangladesh Nationalist Party (BNP)) 51.7%, Md. Iqbal Hossain (Bangladesh Jamaat-e-Islami (Jamaat)) 46.9%, Md. Nazmul Hossain (Islami Andolan Bangladesh (IAB)) 1.2%","Bangladesh Nationalist Party (BNP) (51.7%), Bangladesh Jamaat-e-Islami (Jamaat) (46.9%), Islami Andolan Bangladesh (IAB) (1.2%)",181925,0.517378,164994,0.469228,-,-,165436,0.470485,181925,0.517378,-,-,-,442,-,-,-,-,164994,-,-,-,-,-,-,-,-,-,-,181925,-,-,-,-,-,-,-,-,-,-,-,-,-,-,4268,-,-,-,-,-,-,-,-,-,-,-,-,-,-
Panchagarh 1,463700,350025,"Mohammad Nawshad Zamir (Bangladesh Nationalist Party (BNP)) 50.3%, Md. Sarjis Alam (National Citizen Party (NCP)) 48.0%, Nazmul Haque Prodhan (Bangladesh Jatiya Samajtantrik Dal (Bangladesh JaSad)) 0.9%","Bangladesh Nationalist Party (BNP) (50.3%), National Citizen Party (NCP) (48.0%), Bangladesh Jatiya Samajtantrik Dal (Bangladesh JaSad) (0.9%)",176169,0.503304,-,-,3009,0.008597,168732,0.482057,177005,0.505692,-,-,-,-,-,-,-,-,-,-,3009,-,-,-,683,-,-,-,261,176169,-,-,-,-,-,1018,-,-,-,-,-,836,-,-,-,-,-,-,-,-,-,-,-,-,168049,-,-,-,-
Panchagarh 2,417529,315149,"Farhad Hossain Azad (Bangladesh Nationalist Party (BNP)) 55.4%, Md. Safiul Alam (Bangladesh Jamaat-e-Islami (Jamaat)) 40.9%, Md. Kamrul Hasan Prodhan (Islami Andolan Bangladesh (IAB)) 1.4%","Bangladesh Nationalist Party (BNP) (55.4%), Bangladesh Jamaat-e-Islami (Jamaat) (40.9%), Islami Andolan Bangladesh (IAB) (1.4%)",174650,0.554182,128862,0.408892,953,0.003024,128862,0.408892,174650,0.554182,-,-,-,-,-,-,-,-,128862,-,953,-,-,-,-,-,-,-,-,174650,-,-,-,-,-,1352,935,-,-,-,-,-,1854,-,4391,-,-,-,-,2152,-,-,-,-,-,-,-,-,-
Thakurgaon 1,511629,383804,"Mirza Fakhrul Islam Alamgir (Bangladesh Nationalist Party (BNP)) 62.2%, Delwar Hossain (Bangladesh Jamaat-e-Islami (Jamaat)) 36.7%, Md. Khademul Islam (Islami Andolan Bangladesh (IAB)) 1.0%","Bangladesh Nationalist Party (BNP) (62.2%), Bangladesh Jamaat-e-Islami (Jamaat) (36.7%), Islami Andolan Bangladesh (IAB) (1.0%)",238836,0.622286,141017,0.367419,-,-,141017,0.367419,238836,0.622286,-,-,-,-,-,-,-,-,141017,-,-,-,-,-,-,-,-,-,-,238836,-,-,-,-,-,-,-,-,-,-,-,-,-,-,3951,-,-,-,-,-,-,-,-,-,-,-,-,-,-
Thakurgaon 2,340049,242711,"Md. Abdus Salam (Bangladesh Nationalist Party (BNP)) 49.9%, Md. Abdul Hakim (Bangladesh Jamaat-e-Islami (Jamaat)) 47.7%, Nurun Nahar Begum (Jatiya Party (JaPa)) 1.2%","Bangladesh Nationalist Party (BNP) (49.9%), Bangladesh Jamaat-e-Islami (Jamaat) (47.7%), Jatiya Party (JaPa) (1.2%)",121017,0.498605,115707,0.476727,-,-,116158,0.478586,122860,0.506199,-,-,-,451,-,-,-,-,115707,-,-,-,-,-,-,-,-,-,-,121017,-,-,-,-,-,-,380,-,-,-,-,1843,-,-,437,-,-,-,-,2876,-,-,-,-,-,-,-,-,-
Thakurgaon 3,364129,256834,"Md. Zahidur Rahman (Bangladesh Nationalist Party (BNP)) 51.7%, Md. Mizanur Rahman (Bangladesh Jamaat-e-Islami (Jamaat)) 35.8%, Hafiz Uddin Ahmed (Jatiya Party (JaPa)) 10.6%","Bangladesh Nationalist Party (BNP) (51.7%), Bangladesh Jamaat-e-Islami (Jamaat) (35.8%), Jatiya Party (JaPa) (10.6%)",132797,0.517054,91934,0.357951,-,-,91934,0.357951,133349,0.519203,-,-,-,-,-,-,-,-,91934,-,-,-,-,-,-,680,113,-,-,132797,-,-,-,-,-,503,1548,-,-,-,-,552,279,-,1295,-,-,-,-,27133,-,-,-,-,-,-,-,-,-
Dinajpur 1,417133,304095,"Md. Manjurul Islam (Bangladesh Nationalist Party (BNP)) 59.0%, Md. Matiur Rahman (Bangladesh Jamaat-e-Islami (Jamaat)) 38.6%, Md. Chan Mia (Islami Andolan Bangladesh (IAB)) 1.0%","Bangladesh Nationalist Party (BNP) (59.0%), Bangladesh Jamaat-e-Islami (Jamaat) (38.6%), Islami Andolan Bangladesh (IAB) (1.0%)",179314,0.589664,117481,0.38633,-,-,117481,0.38633,179709,0.590963,-,-,-,-,-,-,-,-,117481,-,-,-,-,-,-,-,-,-,-,179314,-,-,-,-,-,-,-,-,-,-,-,395,-,-,3095,-,-,-,-,1530,-,-,-,-,-,-,-,-,2280
Dinajpur 2,371478,271205,"Md. Sadik Riyaz (Bangladesh Nationalist Party (BNP)) 51.5%, AKM Afzalul Anam (Bangladesh Jamaat-e-Islami (Jamaat)) 38.7%, Md. ANM Bazlur Rashid (Independent Candidate (Independent)) 7.2%","Bangladesh Nationalist Party (BNP) (51.5%), Bangladesh Jamaat-e-Islami (Jamaat) (38.7%), Independent Candidate (Independent) (7.2%)",139622,0.514821,104887,0.386744,-,-,105933,0.390601,139622,0.514821,-,-,-,-,-,-,-,-,104887,-,-,-,-,1046,-,-,461,-,-,139622,-,-,-,-,-,-,-,-,-,-,-,-,19475,-,1067,-,-,-,-,4647,-,-,-,-,-,-,-,-,-
Dinajpur 3,415636,283628,"Syed Jahangir Alam (Bangladesh Nationalist Party (BNP)) 49.6%, Md. Mainul Alam (Bangladesh Jamaat-e-Islami (Jamaat)) 48.0%, Ahmed Shafi Rubel (Jatiya Party (JaPa)) 1.4%","Bangladesh Nationalist Party (BNP) (49.6%), Bangladesh Jamaat-e-Islami (Jamaat) (48.0%), Jatiya Party (JaPa) (1.4%)",140608,0.495748,136239,0.480344,-,-,136239,0.480344,140608,0.495748,-,-,-,-,-,-,-,-,136239,-,-,-,-,-,-,-,214,-,-,140608,-,-,-,283,-,-,701,-,-,-,-,-,-,-,1408,-,-,-,337,3838,-,-,-,-,-,-,-,-,-
Dinajpur 4,421278,300624,"Md. Akhtaruzzaman Mia (Bangladesh Nationalist Party (BNP)) 55.5%, Md. Aftab Uddin Molla (Bangladesh Jamaat-e-Islami (Jamaat)) 42.9%, Md. Nurul Amin Shah (Jatiya Party (JaPa)) 1.0%","Bangladesh Nationalist Party (BNP) (55.5%), Bangladesh Jamaat-e-Islami (Jamaat) (42.9%), Jatiya Party (JaPa) (1.0%)",166717,0.55457,129056,0.429294,-,-,129056,0.429294,166717,0.55457,-,-,-,-,-,-,-,-,129056,-,-,-,-,-,-,-,-,-,-,166717,-,-,-,-,-,-,-,-,-,-,-,-,-,-,1699,-,-,-,-,3152,-,-,-,-,-,-,-,-,-
Dinajpur 5,477516,333045,"AZM Rezwanul Haque (Independent Candidate (Independent)) 36.9%, Md. Abdul Ahad (National Citizen Party (NCP)) 33.1%, AKM Kamruzzaman (Bangladesh Nationalist Party (BNP)) 29.6%","Independent Candidate (Independent) (36.9%), National Citizen Party (NCP) (33.1%), Bangladesh Nationalist Party (BNP) (29.6%)",98544,0.295888,-,-,-,-,110195,0.330871,98544,0.295888,-,-,-,-,-,-,-,-,-,-,-,-,-,-,-,-,-,-,-,98544,-,-,-,-,-,-,-,-,-,-,-,-,122803,-,-,-,-,-,-,1503,-,-,-,-,110195,-,-,-,-
Dinajpur 6,557692,401188,"Abu Zafar Md. Zahid Hossain (Bangladesh Nationalist Party (BNP)) 51.1%, Md. Anwarul Islam (Bangladesh Jamaat-e-Islami (Jamaat)) 47.5%, Md. Rezaul Haque (Jatiya Party (JaPa)) 0.7%","Bangladesh Nationalist Party (BNP) (51.1%), Bangladesh Jamaat-e-Islami (Jamaat) (47.5%), Jatiya Party (JaPa) (0.7%)",205118,0.511277,190703,0.475346,-,-,190703,0.475346,205118,0.511277,-,-,-,-,-,-,-,-,190703,-,-,-,-,-,-,-,-,-,-,205118,-,-,-,449,-,-,-,-,-,-,-,-,570,-,1659,-,-,-,-,2689,-,-,-,-,-,-,-,-,-
Nilphamari 1,460271,293530,"Md. Abdus Sattar (Bangladesh Jamaat-e-Islami (Jamaat)) 51.4%, Maulana Md. Manjurul Islam (Jamiat Ulema-e-Islam Bangladesh) 40.6%, Md. Taslim Uddin (Jatiya Party (JaPa)) 5.7%","Bangladesh Jamaat-e-Islami (Jamaat) (51.4%), Jamiat Ulema-e-Islam Bangladesh (40.6%), Jatiya Party (JaPa) (5.7%)",-,-,150824,0.513828,-,-,150824,0.513828,-,-,-,-,-,-,-,-,-,-,150824,-,-,-,-,-,-,-,-,4477,210,-,-,-,-,-,312,-,-,-,-,-,-,-,-,-,1871,-,-,119059,-,16777,-,-,-,-,-,-,-,-,-
Nilphamari 2,385785,285959,"Al-Faruk Abdul Latif (Bangladesh Jamaat-e-Islami (Jamaat)) 51.2%, Shaharin Islam (Bangladesh Nationalist Party (BNP)) 47.4%, Hasibul Islam (Islami Andolan Bangladesh (IAB)) 1.1%","Bangladesh Jamaat-e-Islami (Jamaat) (51.2%), Bangladesh Nationalist Party (BNP) (47.4%), Islami Andolan Bangladesh (IAB) (1.1%)",135418,0.473557,146430,0.512066,-,-,146781,0.513294,135418,0.473557,-,-,-,-,-,-,-,-,146430,-,-,-,-,-,-,-,-,-,193,135418,-,-,-,-,-,-,-,-,-,-,-,-,307,-,3260,-,-,-,-,-,-,351,-,-,-,-,-,-,-
Nilphamari 3,294446,203874,"Obaidullah Salafi (Bangladesh Jamaat-e-Islami (Jamaat)) 53.8%, Alhaj Syed Ali (Bangladesh Nationalist Party (BNP)) 44.1%, Md. Rohan Chowdhury (Jatiya Party (JaPa)) 1.7%","Bangladesh Jamaat-e-Islami (Jamaat) (53.8%), Bangladesh Nationalist Party (BNP) (44.1%), Jatiya Party (JaPa) (1.7%)",89807,0.440502,109686,0.538009,-,-,109686,0.538009,89807,0.440502,-,-,-,-,-,-,-,-,109686,-,-,-,-,-,-,-,-,-,-,89807,-,-,-,-,-,-,-,-,-,-,-,-,-,-,990,-,-,-,-,3391,-,-,-,-,-,-,-,-,-
Nilphamari 4,451814,290197,"Abdul Muntakim (Bangladesh Jamaat-e-Islami (Jamaat)) 43.5%, Md. Abdul Gafur Sarkar (Bangladesh Nationalist Party (BNP)) 28.3%, Md. Siddiqul Alam (Jatiya Party (JaPa)) 23.3%","Bangladesh Jamaat-e-Islami (Jamaat) (43.5%), Bangladesh Nationalist Party (BNP) (28.3%), Jatiya Party (JaPa) (23.3%)",82086,0.282863,126222,0.434953,-,-,126222,0.434953,82086,0.282863,-,-,-,-,-,-,-,-,126222,97,-,-,-,-,-,-,-,-,-,82086,-,-,-,-,630,-,-,-,-,-,-,-,5270,-,8335,-,-,-,-,67557,-,-,-,-,-,-,-,-,-
Lalmonirhat 1,403561,284981,"Md. Hasan Rajib Pradhan (Bangladesh Nationalist Party (BNP)) 48.7%, Md. Anwarul Islam Raju (Bangladesh Jamaat-e-Islami (Jamaat)) 45.5%, Shihab Ahmed (Independent Candidate (Independent)) 3.1%","Bangladesh Nationalist Party (BNP) (48.7%), Bangladesh Jamaat-e-Islami (Jamaat) (45.5%), Independent Candidate (Independent) (3.1%)",138686,0.48665,129572,0.454669,226,0.000793,129715,0.455171,138686,0.48665,-,-,-,-,-,-,-,-,129572,-,226,-,-,-,143,-,-,-,-,138686,-,-,-,-,-,-,-,-,-,-,-,-,8954,-,2242,-,-,-,-,5158,-,-,-,-,-,-,-,-,-
Lalmonirhat 2,432964,239579,"Md. Rokon Uddin Babul (Bangladesh Nationalist Party (BNP)) 51.5%, Md. Firoz Haider (Bangladesh Jamaat-e-Islami (Jamaat)) 48.5%, Nimai Chandra Roy (Communist Party of Bangladesh (CPB)) 0.0%","Bangladesh Nationalist Party (BNP) (51.5%), Bangladesh Jamaat-e-Islami (Jamaat) (48.5%), Communist Party of Bangladesh (CPB) (0.0%)",123343,0.514832,116236,0.485168,-,-,116236,0.485168,123343,0.514832,-,-,-,-,-,-,-,-,116236,-,-,-,-,-,-,-,-,-,-,123343,-,-,-,-,-,-,0,-,-,-,-,-,0,-,0,-,-,-,0,0,-,-,-,-,-,-,-,-,-
Lalmonirhat 3,307970,201656,"Asadul Habib Dulu (Bangladesh Nationalist Party (BNP)) 68.8%, Md. Abu Taher (Bangladesh Jamaat-e-Islami (Jamaat)) 27.9%, Md. Aminul Islam (Islami Andolan Bangladesh (IAB)) 1.6%","Bangladesh Nationalist Party (BNP) (68.8%), Bangladesh Jamaat-e-Islami (Jamaat) (27.9%), Islami Andolan Bangladesh (IAB) (1.6%)",138691,0.68776,56244,0.278911,427,0.002117,56244,0.278911,139118,0.689878,-,-,-,-,-,-,-,-,56244,-,-,-,-,-,-,-,-,-,-,138691,-,-,-,-,-,-,861,-,427,-,-,-,-,-,3283,-,-,-,-,2150,-,-,-,-,-,-,-,-,-
Rangpur 1,375227,214495,"Md. Raihan Siraji (Bangladesh Jamaat-e-Islami (Jamaat)) 67.6%, Md. Mokarram Hossain Sujan (Bangladesh Nationalist Party (BNP)) 32.4%, Ahsanul Arefin (Bangladesh Socialist Party (Marxist)) 0.0%","Bangladesh Jamaat-e-Islami (Jamaat) (67.6%), Bangladesh Nationalist Party (BNP) (32.4%), Bangladesh Socialist Party (Marxist) (0.0%)",69407,0.323583,145088,0.676417,-,-,145088,0.676417,69407,0.323583,-,-,-,-,-,-,-,-,145088,-,-,-,-,-,-,-,-,-,-,69407,-,-,-,-,0,-,-,-,-,-,-,-,-,-,0,0,-,-,-,0,-,-,-,-,-,-,-,-,-
Rangpur 2,380921,237077,"A. T. M. Azharul Islam (Bangladesh Jamaat-e-Islami (Jamaat)) 58.9%, Mohammad Ali Sarkar (Bangladesh Nationalist Party (BNP)) 33.7%, Anisul Islam Mondol (Jatiya Party (JaPa)) 7.4%","Bangladesh Jamaat-e-Islami (Jamaat) (58.9%), Bangladesh Nationalist Party (BNP) (33.7%), Jatiya Party (JaPa) (7.4%)",79910,0.337063,139680,0.589176,-,-,139680,0.589176,79910,0.337063,-,-,-,-,-,-,-,-,139680,-,-,-,-,-,-,-,-,-,-,79910,-,-,-,-,-,-,-,-,-,-,-,-,-,-,0,-,-,-,-,17487,0,-,-,-,-,-,-,-,-
Rangpur 3,508223,269507,"Md. Mahbubur Rahman (Belal) (Bangladesh Jamaat-e-Islami (Jamaat)) 58.4%, Md. Samsuzzaman Samu (Bangladesh Nationalist Party (BNP)) 27.5%, Golam Mohammad Kader (Jatiya Party (JaPa)) 14.1%","Bangladesh Jamaat-e-Islami (Jamaat) (58.4%), Bangladesh Nationalist Party (BNP) (27.5%), Jatiya Party (JaPa) (14.1%)",74171,0.27521,157403,0.58404,-,-,157403,0.58404,74171,0.27521,-,-,-,-,-,-,-,-,157403,-,-,-,-,-,-,-,-,-,-,74171,-,-,-,0,0,-,-,-,-,-,-,-,0,-,0,-,-,-,-,37933,-,-,-,-,-,-,-,-,-
Rangpur 4,509905,288062,"Akhtar Hossain (National Citizen Party (NCP)) 51.4%, Mohammad Emdadul Haque Bhorosha (Bangladesh Nationalist Party (BNP)) 48.5%, Abu Naser Shah Md. Mahbubar Rahman (Jatiya Party (JaPa)) 0.2%","National Citizen Party (NCP) (51.4%), Bangladesh Nationalist Party (BNP) (48.5%), Jatiya Party (JaPa) (0.2%)",139616,0.484673,-,-,-,-,147947,0.513594,139616,0.484673,-,-,-,-,-,-,-,-,-,-,-,-,-,0,-,-,-,-,-,139616,-,-,-,-,0,-,-,-,-,-,-,-,0,-,0,-,-,-,-,499,-,-,-,-,147947,-,-,-,-
Rangpur 5,469189,304464,"Md. Golam Rabbani (Bangladesh Jamaat-e-Islami (Jamaat)) 57.5%, Md. Golam Rabbani (Bangladesh Nationalist Party (BNP)) 37.5%, S. M. Fakhr Uz Zaman (Jatiya Party (JaPa)) 5.0%","Bangladesh Jamaat-e-Islami (Jamaat) (57.5%), Bangladesh Nationalist Party (BNP) (37.5%), Jatiya Party (JaPa) (5.0%)",114141,0.374892,175208,0.575464,-,-,175208,0.575464,114141,0.374892,-,-,-,0,0,-,-,-,175208,-,-,-,-,-,-,-,-,-,-,114141,-,-,-,-,0,-,0,-,-,-,-,-,0,-,0,-,-,-,-,15115,-,-,-,0,-,-,-,-,-
Rangpur 6,355737,234806,"Md. Nurul Amin (Bangladesh Jamaat-e-Islami (Jamaat)) 50.3%, Md. Saiful Islam (Bangladesh Nationalist Party (BNP)) 49.7%, Abu Zafar Md. Zahid (Independent Candidate (Independent)) 0.0%","Bangladesh Jamaat-e-Islami (Jamaat) (50.3%), Bangladesh Nationalist Party (BNP) (49.7%), Independent Candidate (Independent) (0.0%)",116646,0.496776,118160,0.503224,-,-,118160,0.503224,116646,0.496776,-,-,-,0,-,-,-,-,118160,-,-,-,-,-,-,-,-,-,-,116646,-,-,-,-,-,-,-,-,-,-,-,-,0,-,0,-,-,-,-,0,-,-,-,-,-,-,-,-,-
Kurigram 1,563978,258070,"Md. Anwarul Islam (Bangladesh Jamaat-e-Islami (Jamaat)) 52.2%, Saifur Rahman Rana (Bangladesh Nationalist Party (BNP)) 45.5%, Md. Harisul Bari (Islami Andolan Bangladesh (IAB)) 1.3%","Bangladesh Jamaat-e-Islami (Jamaat) (52.2%), Bangladesh Nationalist Party (BNP) (45.5%), Islami Andolan Bangladesh (IAB) (1.3%)",117356,0.454745,134648,0.52175,-,-,134648,0.52175,117356,0.454745,-,-,-,-,-,-,-,-,134648,-,-,-,-,-,-,-,-,-,-,117356,-,-,-,-,-,-,-,-,-,-,-,0,-,-,3377,-,-,-,-,2689,-,-,-,-,-,-,-,-,0
Kurigram 2,604738,349172,"Atikur Rahman Mojahid (National Citizen Party (NCP)) 51.5%, Md. Sohel Hosnain Kaikobad (Bangladesh Nationalist Party (BNP)) 48.5%, Nur Mohammad (Communist Party of Bangladesh (CPB)) 0.0%","National Citizen Party (NCP) (51.5%), Bangladesh Nationalist Party (BNP) (48.5%), Communist Party of Bangladesh (CPB) (0.0%)",169386,0.485108,-,-,-,-,179786,0.514892,169386,0.485108,-,-,-,0,-,-,-,-,-,0,-,-,-,-,-,-,-,-,-,169386,-,-,-,-,-,-,0,-,-,-,-,-,0,-,0,-,-,-,-,0,-,-,-,0,179786,-,-,-,-
Kurigram 3,368470,183557,"Md. Mahbubul Alam (Bangladesh Jamaat-e-Islami (Jamaat)) 57.5%, Tasvir Ul Islam (Bangladesh Nationalist Party (BNP)) 42.5%, Abdus Sobhan (Jatiya Party (JaPa)) 0.0%","Bangladesh Jamaat-e-Islami (Jamaat) (57.5%), Bangladesh Nationalist Party (BNP) (42.5%), Jatiya Party (JaPa) (0.0%)",77963,0.424735,105594,0.575265,-,-,105594,0.575265,77963,0.424735,-,-,-,-,-,-,-,-,105594,-,-,-,-,-,-,-,-,-,-,77963,-,-,-,-,-,-,-,-,-,-,-,0,-,-,0,-,-,-,-,0,-,-,-,-,-,-,-,-,-
Kurigram 4,362753,136890,"Md. Mostafizur Rahman (Bangladesh Jamaat-e-Islami (Jamaat)) 57.7%, Md. Azizur Rahman (Bangladesh Nationalist Party (BNP)) 42.3%, K. M. Fazlul Mondol (Jatiya Party (JaPa)) 0.0%","Bangladesh Jamaat-e-Islami (Jamaat) (57.7%), Bangladesh Nationalist Party (BNP) (42.3%), Jatiya Party (JaPa) (0.0%)",57947,0.423311,78943,0.576689,-,-,78943,0.576689,57947,0.423311,-,-,-,-,-,-,-,-,78943,-,-,-,-,-,-,-,-,-,-,57947,-,-,-,0,0,-,-,-,-,-,-,-,0,-,0,-,-,-,-,0,-,-,-,-,-,-,-,-,-
Gaibandha 1,419111,191669,"Md. Majedur Rahman (Bangladesh Jamaat-e-Islami (Jamaat)) 59.8%, Shamim Haider Patowary (Jatiya Party (JaPa)) 24.2%, Khandaker Ziaul Islam Mohammad Ali (Bangladesh Nationalist Party (BNP)) 15.0%","Bangladesh Jamaat-e-Islami (Jamaat) (59.8%), Jatiya Party (JaPa) (24.2%), Bangladesh Nationalist Party (BNP) (15.0%)",28771,0.150108,114595,0.59788,-,-,114595,0.59788,28771,0.150108,-,-,141,-,-,-,-,-,114595,-,-,-,-,-,-,-,-,-,-,28771,-,-,-,-,305,-,-,-,-,-,-,-,-,-,1557,-,-,-,-,46300,-,-,-,-,-,-,-,-,-
Gaibandha 2,411460,239881,"Md. Abdul Karim (Bangladesh Jamaat-e-Islami (Jamaat)) 50.5%, Md. Anisuzzaman Khan Babu (Bangladesh Nationalist Party (BNP)) 38.4%, Md. Abdur Rashid Sarkar (Jatiya Party (JaPa)) 8.8%","Bangladesh Jamaat-e-Islami (Jamaat) (50.5%), Bangladesh Nationalist Party (BNP) (38.4%), Jatiya Party (JaPa) (8.8%)",92180,0.384274,121073,0.504721,-,-,121073,0.504721,92180,0.384274,-,-,-,-,-,-,-,-,121073,-,-,-,-,-,-,-,-,-,-,92180,-,-,-,-,620,-,2318,-,-,-,-,-,-,-,2351,-,-,-,196,21143,-,-,-,-,-,-,-,-,-
Gaibandha 3,506185,145732,"Abul Kawsar Mohammad Nazrul Islam (Bangladesh Jamaat-e-Islami (Jamaat)) 58.9%, Professor Dr. Syed Moinul Hasan Sadiq (Bangladesh Nationalist Party (BNP)) 38.1%, Moinur Rabbi Chowdhury (Jatiya Party (JaPa)) 1.2%","Bangladesh Jamaat-e-Islami (Jamaat) (58.9%), Bangladesh Nationalist Party (BNP) (38.1%), Jatiya Party (JaPa) (1.2%)",55500,0.380836,85816,0.588862,-,-,85816,0.588862,56495,0.387664,-,-,-,-,-,-,-,-,85816,-,-,-,-,-,-,-,-,-,-,55500,-,-,-,-,-,-,298,-,-,-,-,995,-,-,1246,-,-,-,71,1806,-,-,-,-,-,-,-,-,-
Gaibandha 4,468384,138865,"Mohammad Shamim Kaisar (Bangladesh Nationalist Party (BNP)) 52.4%, Md. Abdur Rahim Sarkar (Bangladesh Jamaat-e-Islami (Jamaat)) 45.6%, Kazi Md. Mashiur Rahman (Jatiya Party (JaPa)) 1.4%","Bangladesh Nationalist Party (BNP) (52.4%), Bangladesh Jamaat-e-Islami (Jamaat) (45.6%), Jatiya Party (JaPa) (1.4%)",72727,0.523724,63379,0.456407,98,0.000706,63379,0.456407,72825,0.52443,-,-,-,-,-,-,-,-,63379,-,-,-,-,-,-,-,-,-,-,72727,-,-,-,-,-,-,-,-,-,-,-,-,-,-,710,-,-,-,-,1951,-,-,-,-,-,-,-,98,-
Gaibandha 5,385261,208261,"Md. Abdul Waresh (Bangladesh Jamaat-e-Islami (Jamaat)) 47.7%, Md. Faruk Alam Sarkar (Bangladesh Nationalist Party (BNP)) 29.5%, Nahiduzzaman Nishad (Jatiya Party (JaPa)) 17.6%","Bangladesh Jamaat-e-Islami (Jamaat) (47.7%), Bangladesh Nationalist Party (BNP) (29.5%), Jatiya Party (JaPa) (17.6%)",61525,0.295423,99378,0.47718,-,-,99378,0.47718,61525,0.295423,-,-,-,-,-,-,-,-,99378,-,-,-,-,-,-,-,-,-,-,61525,-,-,-,-,217,-,434,-,-,-,-,-,8266,-,1839,-,-,-,-,36602,-,-,-,-,-,-,-,-,-
Jamalpur 1,431707,265776,"M. Rashiduzzaman Millat (Bangladesh Nationalist Party (BNP)) 64.8%, Muhammad Nazmul Haque Saeedi (Bangladesh Jamaat-e-Islami (Jamaat)) 35.2%, A. K. M. Fazlul Haque (Jatiya Party (JaPa)) 0.0%","Bangladesh Nationalist Party (BNP) (64.8%), Bangladesh Jamaat-e-Islami (Jamaat) (35.2%), Jatiya Party (JaPa) (0.0%)",172115,0.647594,93661,0.352406,-,-,93661,0.352406,172115,0.647594,-,-,-,-,-,-,-,-,93661,-,-,-,-,-,-,-,-,-,-,172115,-,-,-,-,-,-,-,-,-,-,-,0,-,-,0,-,-,-,-,0,-,-,-,-,-,-,-,-,-
Jamalpur 2,282103,160181,"A. I. Sultan Mahmud Babu (Bangladesh Nationalist Party (BNP)) 59.8%, Md. Samiul Haque (Bangladesh Jamaat-e-Islami (Jamaat)) 39.0%, Sultan Mahmud (Islami Andolan Bangladesh (IAB)) 1.1%","Bangladesh Nationalist Party (BNP) (59.8%), Bangladesh Jamaat-e-Islami (Jamaat) (39.0%), Islami Andolan Bangladesh (IAB) (1.1%)",95860,0.598448,62434,0.389772,-,-,62434,0.389772,95860,0.598448,-,-,-,-,-,-,-,-,62434,-,-,-,-,-,-,-,-,-,-,95860,-,-,-,-,-,-,-,-,-,-,-,-,174,-,1713,-,-,-,-,-,-,-,-,-,-,-,-,-,-
Jamalpur 3,539504,316146,"Md. Mostafizur Rahman Babul (Bangladesh Nationalist Party (BNP)) 65.6%, Md. Mujibur Rahman Azadi (Bangladesh Jamaat-e-Islami (Jamaat)) 25.8%, Md. Sadikur Rahman (Independent Candidate (Independent)) 7.1%","Bangladesh Nationalist Party (BNP) (65.6%), Bangladesh Jamaat-e-Islami (Jamaat) (25.8%), Independent Candidate (Independent) (7.1%)",207412,0.656064,81430,0.257571,643,0.002034,81430,0.257571,208467,0.659401,-,-,-,-,-,-,-,-,81430,-,-,-,-,-,-,-,-,-,-,207412,-,-,-,-,-,-,-,-,643,-,-,412,22575,-,2546,-,-,-,-,1128,-,-,-,-,-,-,-,-,-
Jamalpur 4,304992,195731,"Md. Faridul Kabir Talukdar (Bangladesh Nationalist Party (BNP)) 75.3%, Mohammad Abdul Awal (Bangladesh Jamaat-e-Islami (Jamaat)) 23.0%, Md. Mahbub Zaman Jewel (Communist Party of Bangladesh (CPB)) 0.7%","Bangladesh Nationalist Party (BNP) (75.3%), Bangladesh Jamaat-e-Islami (Jamaat) (23.0%), Communist Party of Bangladesh (CPB) (0.7%)",147406,0.753105,44947,0.229637,379,0.001936,44947,0.229637,147789,0.755062,-,-,-,-,-,-,-,-,44947,-,-,-,-,-,-,-,-,-,-,147406,-,-,-,-,-,-,1314,-,-,-,-,383,-,-,1302,-,-,-,-,-,-,-,-,379,-,-,-,-,-
Jamalpur 5,576810,322457,"Shah Md. Waresh Ali Mamun (Bangladesh Nationalist Party (BNP)) 61.8%, Muhammad Abdus Sattar (Bangladesh Jamaat-e-Islami (Jamaat)) 35.1%, Syed Yunus Ahmed (Islami Andolan Bangladesh (IAB)) 1.3%","Bangladesh Nationalist Party (BNP) (61.8%), Bangladesh Jamaat-e-Islami (Jamaat) (35.1%), Islami Andolan Bangladesh (IAB) (1.3%)",199344,0.618203,113201,0.351058,580,0.001799,113201,0.351058,199883,0.619875,-,-,-,-,225,-,-,-,113201,-,-,-,-,-,-,-,-,-,-,199344,-,-,-,-,-,-,547,-,-,-,-,539,-,-,4282,-,-,-,-,3739,580,-,-,-,-,-,-,-,-
Sherpur 1,450489,269980,"Md. Rashedul Islam Rashed (Bangladesh Jamaat-e-Islami (Jamaat)) 47.3%, Sansila Zebrin (Bangladesh Nationalist Party (BNP)) 29.0%, Md. Shafiqul Islam Masud (Independent Candidate (Independent)) 23.2%","Bangladesh Jamaat-e-Islami (Jamaat) (47.3%), Bangladesh Nationalist Party (BNP) (29.0%), Independent Candidate (Independent) (23.2%)",78342,0.290177,127811,0.473409,-,-,128267,0.475098,78342,0.290177,-,-,-,-,-,-,-,-,127811,-,-,-,-,-,-,-,-,-,-,78342,-,-,-,-,-,-,-,-,-,-,-,-,62620,-,-,-,-,-,-,751,-,-,-,-,456,-,-,-,-
Sherpur 2,440035,232722,"Md. Golam Kibria (Bangladesh Jamaat-e-Islami (Jamaat)) 50.9%, Mohammad Fahim Chowdhury (Bangladesh Nationalist Party (BNP)) 46.6%, Md. Abdullah Al Qayes (Islami Andolan Bangladesh (IAB)) 2.1%","Bangladesh Jamaat-e-Islami (Jamaat) (50.9%), Bangladesh Nationalist Party (BNP) (46.6%), Islami Andolan Bangladesh (IAB) (2.1%)",108335,0.465512,118472,0.509071,-,-,119510,0.513531,108335,0.465512,-,-,-,1038,-,-,-,-,118472,-,-,-,-,-,-,-,-,-,-,108335,-,-,-,-,-,-,-,-,-,-,-,-,-,-,4877,-,-,-,-,-,-,-,-,-,-,-,-,-,-
Sherpur 3,413377,-,"Abu Taleb Md. Saifuddin (Islami Andolan Bangladesh (IAB)) 0.0%, Md. Aminul Islam (Independent Candidate (Independent)) 0.0%, Md. Mahmudul Haque Rubel (Bangladesh Nationalist Party (BNP)) 0.0%","Islami Andolan Bangladesh (IAB) (0.0%), Independent Candidate (Independent) (0.0%), Bangladesh Nationalist Party (BNP) (0.0%)",-,-,-,-,-,-,-,-,-,-,-,-,-,-,-,-,-,-,0,-,-,-,-,-,-,-,-,-,-,0,-,-,-,-,0,-,-,-,-,-,-,-,0,-,0,-,-,-,-,-,-,-,-,-,-,-,-,-,-
Mymensingh 1,483712,267210,"Mohammad Salman Omar (Independent Candidate (Independent)) 40.5%, Syed Emran Saleh (Bangladesh Nationalist Party (BNP)) 38.1%, Md. Tajul Islam (Bangladesh Khelafat Majlish (BKM)) 19.9%","Independent Candidate (Independent) (40.5%), Bangladesh Nationalist Party (BNP) (38.1%), Bangladesh Khelafat Majlish (BKM) (19.9%)",101926,0.381445,-,-,-,-,53496,0.200202,101926,0.381445,-,-,-,-,-,-,-,-,-,-,-,-,-,53222,274,-,-,-,-,101926,-,-,-,-,224,-,174,-,-,-,-,-,108265,-,3125,-,-,-,-,-,-,-,-,-,-,-,-,-,-
Mymensingh 2,576167,319661,"Mohammadullah (Bangladesh Khelafat Majlish (BKM)) 45.7%, Motahar Hossain Talukder (Bangladesh Nationalist Party (BNP)) 37.1%, Shah Shahid Sarwar (Independent Candidate (Independent)) 15.4%","Bangladesh Khelafat Majlish (BKM) (45.7%), Bangladesh Nationalist Party (BNP) (37.1%), Independent Candidate (Independent) (15.4%)",118438,0.370511,-,-,-,-,146202,0.457366,118438,0.370511,-,-,-,-,-,-,-,-,-,-,-,-,-,146202,-,-,-,-,-,118438,-,-,-,-,-,1071,-,-,-,-,-,-,49368,-,3857,-,-,-,-,725,-,-,-,-,-,-,-,-,-
Mymensingh 3,298268,190120,"Ahmed Taiebur Rahman (Independent Candidate (Independent)) 45.2%, M. Iqbal Hossain (Bangladesh Nationalist Party (BNP)) 39.6%, Md. Abu Taher Khan (Bangladesh Nezam-e-Islam Party) 13.5%","Independent Candidate (Independent) (45.2%), Bangladesh Nationalist Party (BNP) (39.6%), Bangladesh Nezam-e-Islam Party (13.5%)",75320,0.396171,-,-,-,-,-,-,75320,0.396171,-,-,-,-,-,-,-,-,-,-,-,-,-,-,-,-,-,-,-,75320,25706,-,-,-,354,-,-,-,-,-,-,-,85995,-,2745,-,-,-,-,-,-,-,-,-,-,-,-,-,-
Mymensingh 4,695306,367952,"Md. Abu Wahab Akand Wahid (Bangladesh Nationalist Party (BNP)) 48.8%, Mohammad Kamrul Ahsan (Bangladesh Jamaat-e-Islami (Jamaat)) 46.7%, Md. Nasir Uddin (Islami Andolan Bangladesh (IAB)) 2.4%","Bangladesh Nationalist Party (BNP) (48.8%), Bangladesh Jamaat-e-Islami (Jamaat) (46.7%), Islami Andolan Bangladesh (IAB) (2.4%)",179668,0.488292,171880,0.467126,456,0.001239,171880,0.467126,180124,0.489531,-,-,-,-,-,-,-,-,171880,-,-,-,-,-,-,-,-,-,-,179668,-,-,-,-,740,892,1397,-,456,-,-,-,-,-,8701,-,-,-,-,3845,-,-,-,-,-,373,-,-,-
Mymensingh 5,387927,114965,"Md. Matiur Rahman Akand (Bangladesh Jamaat-e-Islami (Jamaat)) 88.9%, Mohammad Zakir Hossain (Bangladesh Nationalist Party (BNP)) 6.9%, Mohammad Sirajul Islam (Islami Andolan Bangladesh (IAB)) 3.2%","Bangladesh Jamaat-e-Islami (Jamaat) (88.9%), Bangladesh Nationalist Party (BNP) (6.9%), Islami Andolan Bangladesh (IAB) (3.2%)",7926,0.068943,102228,0.88921,815,0.007089,102576,0.892237,8741,0.076032,-,-,-,348,-,-,-,-,102228,-,-,-,-,-,-,-,-,-,-,7926,-,-,-,-,-,-,-,-,815,-,-,-,-,-,3648,-,-,-,-,-,-,-,-,-,-,-,-,-,-
Mymensingh 6,417927,234068,"Akhtar Sultana (Independent Candidate (Independent)) 45.0%, Md. Kamrul Hasan (Bangladesh Jamaat-e-Islami (Jamaat)) 33.0%, Md. Akhtarul Alam (Bangladesh Nationalist Party (BNP)) 21.1%","Independent Candidate (Independent) (45.0%), Bangladesh Jamaat-e-Islami (Jamaat) (33.0%), Bangladesh Nationalist Party (BNP) (21.1%)",49475,0.21137,77325,0.330353,-,-,77325,0.330353,49475,0.21137,-,-,-,-,-,-,-,-,77325,-,-,-,-,-,-,-,-,-,-,49475,-,-,-,-,-,-,-,-,-,-,-,-,105301,-,1967,-,-,-,-,-,-,-,-,-,-,-,-,-,-
Mymensingh 7,403249,222909,"Dr. Md. Mahabubur Rahman (Bangladesh Nationalist Party (BNP)) 44.4%, Md. Asaduzzaman (Bangladesh Jamaat-e-Islami (Jamaat)) 38.1%, Mohammad Anwar Sadat (Independent Candidate (Independent)) 15.4%","Bangladesh Nationalist Party (BNP) (44.4%), Bangladesh Jamaat-e-Islami (Jamaat) (38.1%), Independent Candidate (Independent) (15.4%)",99049,0.444347,84851,0.380653,-,-,84851,0.380653,99049,0.444347,-,-,-,-,-,-,-,-,84851,-,-,-,-,-,-,-,-,-,-,99049,-,-,-,-,-,-,-,-,-,-,-,-,34372,-,4058,-,-,-,-,579,-,-,-,-,-,-,-,-,-
Mymensingh 8,348879,187821,"Lutfullah-el-Mazed (Bangladesh Nationalist Party (BNP)) 57.3%, Md. Aurangzeb Belal (Liberal Democratic Party (LDP)) 24.4%, Shah Nurul Kabir (Islami Andolan Bangladesh (IAB)) 17.4%","Bangladesh Nationalist Party (BNP) (57.3%), Liberal Democratic Party (LDP) (24.4%), Islami Andolan Bangladesh (IAB) (17.4%)",107577,0.572763,-,-,-,-,45791,0.243801,107577,0.572763,-,-,-,-,-,-,-,-,-,-,-,-,-,-,-,-,-,-,-,107577,-,-,-,-,-,-,-,-,-,-,-,-,-,-,32734,-,-,-,-,1719,-,-,45791,-,-,-,-,-,-
Mymensingh 9,384641,194084,"Yaser Khan Chowdhury (Bangladesh Nationalist Party (BNP)) 44.2%, A. K. M. Anwarul Islam (Bangladesh Development Party) 36.7%, Hasina Khan Chowdhury (Independent Candidate (Independent)) 15.7%","Bangladesh Nationalist Party (BNP) (44.2%), Bangladesh Development Party (36.7%), Independent Candidate (Independent) (15.7%)",85761,0.441876,-,-,-,-,71168,0.366687,85761,0.441876,-,-,-,-,-,-,71168,-,-,-,-,-,-,-,-,-,-,-,-,85761,-,-,-,-,-,-,-,-,-,252,-,-,30509,-,5596,-,-,-,-,798,-,-,-,-,-,-,-,-,-
Mymensingh 10,409364,212905,"Mohammad Akhtaruzzaman (Bangladesh Nationalist Party (BNP)) 35.5%, Abu Bakar Siddiqur Rahman (Independent Candidate (Independent)) 31.7%, Md. Ismail (Bangladesh Jamaat-e-Islami (Jamaat)) 31.0%","Bangladesh Nationalist Party (BNP) (35.5%), Independent Candidate (Independent) (31.7%), Bangladesh Jamaat-e-Islami (Jamaat) (31.0%)",75585,0.355017,66063,0.310293,364,0.00171,66385,0.311806,75949,0.356727,-,-,-,-,-,-,-,-,66063,-,-,-,-,-,-,-,-,-,-,75585,-,-,-,-,-,-,299,-,364,-,-,-,67399,-,2504,-,-,-,-,369,-,-,322,-,-,-,-,-,-
Mymensingh 11,358659,201687,"Fakhr Uddin Ahmed (Bangladesh Nationalist Party (BNP)) 55.1%, Mohammad Morshed Alam (Independent Candidate (Independent)) 32.7%, Zahidul Islam (National Citizen Party (NCP)) 11.0%","Bangladesh Nationalist Party (BNP) (55.1%), Independent Candidate (Independent) (32.7%), National Citizen Party (NCP) (11.0%)",111230,0.551498,-,-,-,-,22195,0.110047,113085,0.560696,-,-,-,-,-,-,-,-,-,-,-,-,-,-,-,-,-,-,-,111230,-,-,-,-,-,-,-,-,-,-,-,1855,66016,-,391,-,-,-,-,-,-,-,-,-,22195,-,-,-,-
Netrakona 1,456182,253829,"Barrister Kaiser Kamal (Bangladesh Nationalist Party (BNP)) 62.4%, Golam Rabbani (Bangladesh Khelafat Majlish (BKM)) 34.4%, Md. Alkas Uddin Mir (Communist Party of Bangladesh (CPB)) 1.7%","Bangladesh Nationalist Party (BNP) (62.4%), Bangladesh Khelafat Majlish (BKM) (34.4%), Communist Party of Bangladesh (CPB) (1.7%)",158434,0.624176,-,-,335,0.00132,87388,0.344279,158434,0.624176,-,-,-,-,-,-,-,-,-,-,-,-,-,87388,-,-,-,-,-,158434,-,-,-,-,-,-,4429,-,-,-,-,-,-,-,2220,-,-,-,-,1023,335,-,-,-,-,-,-,-,-
Netrakona 2,502438,260851,"Md. Anwarul Haque (Bangladesh Nationalist Party (BNP)) 65.7%, Md. Fahim Rahman Khan Pathan (National Citizen Party (NCP)) 25.8%, Abdul Qayyum (Islami Andolan Bangladesh (IAB)) 5.8%","Bangladesh Nationalist Party (BNP) (65.7%), National Citizen Party (NCP) (25.8%), Islami Andolan Bangladesh (IAB) (5.8%)",171399,0.657076,-,-,-,-,69387,0.266002,171399,0.657076,-,-,-,-,-,-,-,-,-,-,-,-,2020,-,-,-,-,-,-,171399,-,-,-,-,-,-,-,-,-,-,-,-,-,-,15220,-,-,-,-,4845,-,-,-,-,67367,-,-,-,-
Netrakona 3,420686,232678,"Rafiqul Islam Hilali (Bangladesh Nationalist Party (BNP)) 50.9%, Md. Delwar Hossain Bhuiyan (Independent Candidate (Independent)) 29.6%, Md. Khairul Kabir Niyogi (Bangladesh Jamaat-e-Islami (Jamaat)) 17.9%","Bangladesh Nationalist Party (BNP) (50.9%), Independent Candidate (Independent) (29.6%), Bangladesh Jamaat-e-Islami (Jamaat) (17.9%)",118469,0.509154,41556,0.178599,-,-,41556,0.178599,118469,0.509154,-,-,-,-,-,-,-,-,41556,-,-,-,-,-,-,-,-,-,-,118469,-,-,-,-,-,-,-,-,-,-,-,-,68961,-,2760,358,-,-,-,574,-,-,-,-,-,-,-,-,-
Netrakona 4,375308,205730,"Md. Lutfuzzaman Babar (Bangladesh Nationalist Party (BNP)) 77.9%, Md. Al-Helal (Bangladesh Jamaat-e-Islami (Jamaat)) 19.4%, Jolly Talukder (Communist Party of Bangladesh (CPB)) 1.6%","Bangladesh Nationalist Party (BNP) (77.9%), Bangladesh Jamaat-e-Islami (Jamaat) (19.4%), Communist Party of Bangladesh (CPB) (1.6%)",160224,0.778807,39840,0.193652,282,0.001371,39840,0.193652,160506,0.780178,-,-,-,-,-,-,-,-,39840,-,-,-,-,-,-,-,-,-,-,160224,-,-,-,-,-,-,3359,-,-,-,-,-,-,-,2025,-,-,-,-,-,-,-,-,-,-,-,-,282,-
Netrakona 5,290117,169930,"Masum Mustafa (Bangladesh Jamaat-e-Islami (Jamaat)) 48.4%, Md. Abu Taher Talukder (Bangladesh Nationalist Party (BNP)) 46.7%, Md. Nurul Islam (Islami Andolan Bangladesh (IAB)) 4.9%","Bangladesh Jamaat-e-Islami (Jamaat) (48.4%), Bangladesh Nationalist Party (BNP) (46.7%), Islami Andolan Bangladesh (IAB) (4.9%)",79412,0.467322,82177,0.483593,-,-,82177,0.483593,79412,0.467322,-,-,-,-,-,-,-,-,82177,-,-,-,-,-,-,-,-,-,-,79412,-,-,-,-,-,-,-,-,-,-,-,-,-,-,8341,-,-,-,-,-,-,-,-,-,-,-,-,-,-
Sunamganj 1,501555,255924,"Kamruzzaman Kamrul (Bangladesh Nationalist Party (BNP)) 63.2%, Tofayel Ahmed (Bangladesh Jamaat-e-Islami (Jamaat)) 36.3%, Maulana Mujammil Haque Talukder (Bangladesh Nezam-e-Islam Party) 0.5%","Bangladesh Nationalist Party (BNP) (63.2%), Bangladesh Jamaat-e-Islami (Jamaat) (36.3%), Bangladesh Nezam-e-Islam Party (0.5%)",161774,0.632117,92966,0.363256,-,-,92966,0.363256,161774,0.632117,-,-,-,-,-,-,-,-,92966,-,-,-,-,-,-,-,-,-,-,161774,1184,-,-,-,-,-,-,-,-,-,-,-,-,-,-,-,-,-,-,-,-,-,-,-,-,-,-,-,-
Sunamganj 2,306052,163974,"Md. Nasir Chowdhury (Bangladesh Nationalist Party (BNP)) 60.7%, Mohammad Shishir Monir (Bangladesh Jamaat-e-Islami (Jamaat)) 38.6%, Niranjan Das (Communist Party of Bangladesh (CPB)) 0.8%","Bangladesh Nationalist Party (BNP) (60.7%), Bangladesh Jamaat-e-Islami (Jamaat) (38.6%), Communist Party of Bangladesh (CPB) (0.8%)",99522,0.606938,63220,0.385549,-,-,63220,0.385549,99522,0.606938,-,-,-,-,-,-,-,-,63220,-,-,-,-,-,-,-,-,-,-,99522,-,-,-,-,-,-,1232,-,-,-,-,-,-,-,-,-,-,-,-,-,-,-,-,-,-,-,-,-,-
Sunamganj 3,373016,159951,"Mohammad Qaisar Ahmed (Bangladesh Nationalist Party (BNP)) 60.8%, Md. Anwar Hossain (Independent Candidate (Independent)) 26.7%, Mohammad Shahinur Pasha Chowdhury (Bangladesh Khelafat Majlish (BKM)) 8.9%","Bangladesh Nationalist Party (BNP) (60.8%), Independent Candidate (Independent) (26.7%), Bangladesh Khelafat Majlish (BKM) (8.9%)",97313,0.608393,-,-,-,-,19998,0.125026,97313,0.608393,-,-,-,4937,-,-,-,-,-,-,-,-,-,14203,-,-,-,-,-,97313,-,-,-,-,-,-,-,-,-,-,-,-,42640,-,-,-,-,-,-,-,-,858,-,-,-,-,-,-,-
Sunamganj 4,372185,203858,"Nurul Islam (Bangladesh Nationalist Party (BNP)) 48.1%, Md. Shams Uddin (Bangladesh Jamaat-e-Islami (Jamaat)) 37.2%, Dewan Zainul Zakerin (Independent Candidate (Independent)) 12.9%","Bangladesh Nationalist Party (BNP) (48.1%), Bangladesh Jamaat-e-Islami (Jamaat) (37.2%), Independent Candidate (Independent) (12.9%)",98092,0.481178,75735,0.371509,-,-,75735,0.371509,98092,0.481178,-,-,-,-,-,-,-,-,75735,-,-,-,-,-,-,-,-,-,-,98092,-,-,-,-,-,-,-,-,-,-,-,-,26307,-,1935,-,-,-,-,1789,-,-,-,-,-,-,-,-,-
Sunamganj 5,527458,258271,"Kalim Uddin Ahmed (Bangladesh Nationalist Party (BNP)) 58.8%, Abu Tahir Muhammad Abdus Salam (Bangladesh Jamaat-e-Islami (Jamaat)) 39.5%, Mohammad Abdul Qadir (Khelafat Majlis) 0.9%","Bangladesh Nationalist Party (BNP) (58.8%), Bangladesh Jamaat-e-Islami (Jamaat) (39.5%), Khelafat Majlis (0.9%)",151915,0.5882,102121,0.395403,-,-,104399,0.404223,151915,0.5882,-,-,-,-,-,-,-,-,102121,-,-,-,-,-,-,-,-,-,-,151915,-,-,-,-,-,-,-,-,-,-,-,-,-,-,-,-,-,-,-,1524,-,2278,-,-,-,433,-,-,-
Sylhet 1,680946,312393,"Khandaker Abdul Muqtadir (Bangladesh Nationalist Party (BNP)) 56.6%, Mahmudul Hasan (Islami Andolan Bangladesh (IAB)) 43.2%, Maulana Habibur Rahman (Bangladesh Jamaat-e-Islami (Jamaat)) 0.2%","Bangladesh Nationalist Party (BNP) (56.6%), Islami Andolan Bangladesh (IAB) (43.2%), Bangladesh Jamaat-e-Islami (Jamaat) (0.2%)",176936,0.566389,474,0.001517,-,-,474,0.001517,176936,0.566389,-,-,-,-,-,-,-,-,474,-,-,-,-,-,-,-,-,-,-,176936,-,-,-,0,0,-,0,-,-,-,-,0,-,0,134983,-,-,-,-,-,-,-,-,-,-,-,-,-,-
Sylhet 2,368932,154143,"Mosammat Tahsina Rushdi (Bangladesh Nationalist Party (BNP)) 75.7%, Muhammad Muntasir Ali (Khelafat Majlis) 24.3%, Mahbubur Rahman Chowdhury (Jatiya Party (JaPa)) 0.0%","Bangladesh Nationalist Party (BNP) (75.7%), Khelafat Majlis (24.3%), Jatiya Party (JaPa) (0.0%)",116697,0.75707,-,-,-,-,37446,0.24293,116697,0.75707,-,-,-,-,-,-,-,-,-,-,-,-,-,-,-,-,-,-,-,116697,-,-,-,-,-,-,-,-,-,0,-,-,-,-,0,-,-,-,-,0,-,37446,-,-,-,-,-,-,-
Sylhet 3,416000,267483,"Mohammad Abdul Malik (Bangladesh Nationalist Party (BNP)) 42.7%, Mosleh Uddin Raju (Bangladesh Khelafat Majlish (BKM)) 28.6%, Redwanul Haque Chowdhury (Islami Andolan Bangladesh (IAB)) 28.6%","Bangladesh Nationalist Party (BNP) (42.7%), Bangladesh Khelafat Majlish (BKM) (28.6%), Islami Andolan Bangladesh (IAB) (28.6%)",114255,0.427149,-,-,-,-,76614,0.286426,114255,0.427149,-,-,-,-,-,-,-,-,-,-,-,-,-,76614,-,-,-,-,-,114255,-,-,-,-,-,-,-,-,-,-,-,-,0,-,76614,-,-,-,-,0,-,-,-,-,-,-,-,-,-
Sylhet 4,512933,247395,"Ariful Haque Chowdhury (Bangladesh Nationalist Party (BNP)) 73.4%, Md. Zainal Abedin (Bangladesh Jamaat-e-Islami (Jamaat)) 26.6%, Jahirul Islam (Gono Odhikar Parishad (GOP)) 0.0%","Bangladesh Nationalist Party (BNP) (73.4%), Bangladesh Jamaat-e-Islami (Jamaat) (26.6%), Gono Odhikar Parishad (GOP) (0.0%)",181609,0.734085,65776,0.265874,-,-,65776,0.265874,181619,0.734126,-,-,-,-,-,-,-,-,65776,-,-,-,-,-,-,-,-,-,-,181609,-,-,-,-,-,-,-,-,-,-,-,10,-,-,0,-,-,-,-,0,-,-,-,-,-,-,-,-,-
Sylhet 5,428748,149129,"Mohammad Abul Hasan (Khelafat Majlis) 53.2%, Ubaidullah Faruk (Jamiat Ulema-e-Islam Bangladesh) 46.8%, Mamunur Rashid (Independent Candidate (Independent)) 0.0%","Khelafat Majlis (53.2%), Jamiat Ulema-e-Islam Bangladesh (46.8%), Independent Candidate (Independent) (0.0%)",-,-,-,-,-,-,79355,0.532123,-,-,-,-,-,-,-,-,-,-,-,-,-,-,-,-,-,-,0,-,-,-,-,-,-,-,-,-,-,-,-,-,-,-,0,-,-,-,-,69774,-,-,-,79355,-,-,-,-,-,-,-
Sylhet 6,509093,109955,"Emran Ahmed Chowdhury (Bangladesh Nationalist Party (BNP)) 98.8%, Mohammad Selim Uddin (Bangladesh Jamaat-e-Islami (Jamaat)) 1.2%, Zahidur Rahman (Gono Odhikar Parishad (GOP)) 0.0%","Bangladesh Nationalist Party (BNP) (98.8%), Bangladesh Jamaat-e-Islami (Jamaat) (1.2%), Gono Odhikar Parishad (GOP) (0.0%)",108612,0.987786,1343,0.012214,-,-,1343,0.012214,108612,0.987786,-,-,-,-,-,-,-,-,1343,-,-,-,-,-,-,-,-,-,-,108612,-,-,-,-,-,-,-,-,-,-,-,0,0,-,-,-,-,-,-,0,-,-,-,-,-,-,-,-,-
Moulvibazar 1,337816,176491,"Nasir Uddin Ahmed (Bangladesh Nationalist Party (BNP)) 55.7%, Mohammad Aminul Islam (Bangladesh Jamaat-e-Islami (Jamaat)) 44.3%, Ahmed Riaz Uddin (Jatiya Party (JaPa)) 0.0%","Bangladesh Nationalist Party (BNP) (55.7%), Bangladesh Jamaat-e-Islami (Jamaat) (44.3%), Jatiya Party (JaPa) (0.0%)",98277,0.556839,78214,0.443161,-,-,78214,0.443161,98277,0.556839,-,-,-,-,-,-,-,-,78214,-,-,-,-,-,-,-,-,-,-,98277,-,-,-,-,-,-,-,-,-,-,0,0,0,-,-,-,-,-,-,0,-,-,-,-,-,-,-,-,-
Moulvibazar 2,303020,117305,"Md. Shawkatul Islam (Bangladesh Nationalist Party (BNP)) 56.9%, Md. Sayeed Ali (Bangladesh Jamaat-e-Islami (Jamaat)) 43.1%, Abdul Quddus (Islami Andolan Bangladesh (IAB)) 0.0%","Bangladesh Nationalist Party (BNP) (56.9%), Bangladesh Jamaat-e-Islami (Jamaat) (43.1%), Islami Andolan Bangladesh (IAB) (0.0%)",66707,0.568663,50598,0.431337,-,-,50598,0.431337,66707,0.568663,-,-,-,-,-,-,-,-,50598,-,-,-,-,-,-,-,-,-,-,66707,-,-,-,-,0,-,-,-,-,-,-,-,0,-,0,-,-,-,-,0,-,-,-,-,-,-,-,-,-
Moulvibazar 3,486212,230268,"Naser Rahman (Bangladesh Nationalist Party (BNP)) 67.1%, Md. Abdul Mannan (Bangladesh Jamaat-e-Islami (Jamaat)) 32.3%, Ahmad Bilal (Khelafat Majlis) 0.6%","Bangladesh Nationalist Party (BNP) (67.1%), Bangladesh Jamaat-e-Islami (Jamaat) (32.3%), Khelafat Majlis (0.6%)",154545,0.671153,74362,0.322937,-,-,75723,0.328847,154545,0.671153,-,-,-,-,-,-,-,-,74362,-,-,-,-,-,-,-,-,-,-,154545,-,-,-,-,-,-,0,-,-,-,-,-,-,-,-,-,-,-,-,-,-,1361,-,-,-,-,-,-,-
Moulvibazar 4,487892,252329,"Md. Mujibur Rahman Chowdhury (Bangladesh Nationalist Party (BNP)) 67.0%, Sheikh Nure Alam Hamidi (Bangladesh Khelafat Majlish (BKM)) 19.6%, Md. Mohsin Mia (Independent Candidate (Independent)) 13.4%","Bangladesh Nationalist Party (BNP) (67.0%), Bangladesh Khelafat Majlish (BKM) (19.6%), Independent Candidate (Independent) (13.4%)",168958,0.669594,-,-,-,-,49460,0.196014,168958,0.669594,-,-,-,-,-,-,-,-,-,-,-,-,-,49389,-,-,-,-,-,168958,-,-,-,0,-,-,-,-,-,-,-,-,33911,-,-,-,-,-,-,0,-,-,-,-,71,-,-,-,-
Habiganj 1,466921,208684,"Reza Kibria (Bangladesh Nationalist Party (BNP)) 53.7%, Maulana Sirajul Islam (Bangladesh Khelafat Majlish (BKM)) 26.9%, Sheikh Sujat Mia (Independent Candidate (Independent)) 16.6%","Bangladesh Nationalist Party (BNP) (53.7%), Bangladesh Khelafat Majlish (BKM) (26.9%), Independent Candidate (Independent) (16.6%)",111999,0.536692,-,-,644,0.003086,56132,0.268981,111999,0.536692,-,-,-,-,-,-,-,-,-,-,644,-,-,56132,-,-,-,-,-,111999,-,-,-,-,-,-,-,-,-,-,-,-,34637,-,-,5272,-,-,-,-,-,-,-,-,-,-,-,-,-
Habiganj 2,394756,195577,"Abu Mansur Sakhawat Hasan (Bangladesh Nationalist Party (BNP)) 64.7%, Abdul Basit Azad (Khelafat Majlis) 33.6%, Afsar Ahmed (Independent Candidate (Independent)) 0.9%","Bangladesh Nationalist Party (BNP) (64.7%), Khelafat Majlis (33.6%), Independent Candidate (Independent) (0.9%)",126583,0.647228,-,-,-,-,65762,0.336246,126583,0.647228,-,-,-,-,-,-,-,-,-,-,-,-,-,-,-,-,-,-,-,126583,-,-,-,448,-,-,-,-,-,-,-,-,1843,-,-,-,-,-,-,941,-,65762,-,-,-,-,-,-,-
Habiganj 3,419573,208883,"Alhaj Md. G. K. Gaus (Bangladesh Nationalist Party (BNP)) 68.1%, Kazi Mohsin Ahmed (Bangladesh Jamaat-e-Islami (Jamaat)) 21.8%, S. M. Sarwar (Bangladesh Islami Front) 6.8%","Bangladesh Nationalist Party (BNP) (68.1%), Bangladesh Jamaat-e-Islami (Jamaat) (21.8%), Bangladesh Islami Front (6.8%)",142348,0.681472,45568,0.218151,-,-,45568,0.218151,142348,0.681472,-,-,-,-,-,132,-,14133,45568,-,-,-,-,-,-,-,-,-,-,142348,-,-,-,-,-,-,-,-,-,-,-,-,-,-,5443,-,-,-,-,1259,-,-,-,-,-,-,-,-,-
Habiganj 4,552711,301965,"S. M. Faisal (Bangladesh Nationalist Party (BNP)) 62.3%, Md. Gias Uddin (Bangladesh Islami Front) 27.9%, Ahmed Abdul Qader (Khelafat Majlis) 8.8%","Bangladesh Nationalist Party (BNP) (62.3%), Bangladesh Islami Front (27.9%), Khelafat Majlis (8.8%)",188072,0.622827,-,-,-,-,26466,0.087646,188072,0.622827,-,-,-,-,-,484,-,84323,-,-,-,-,-,-,-,-,536,-,-,188072,-,-,-,329,-,-,-,-,-,-,-,-,1271,484,-,-,-,-,-,-,-,26466,-,-,-,-,-,-,-
