seat_name,division,district,total_voters,male_voters,female_voters,hijra_voters,total_votes,top_three_candidates,top_three,bnp_votes,bnp_ratio,jamaat_votes,jamaat_ratio,democracy_platform_votes,democracy_platform_ratio,eleven_party_alliance_votes,eleven_party_alliance_ratio,bnp_alliance_votes,bnp_alliance_ratio,bnp_vs_eleven_party_alliance_votes,bnp_vs_eleven_party_alliance_ratio,Amar Bangladesh Party (AB),Bangladesh Congress,Bangladesh Development Party (BDP),Bangladesh Islami Front (BIF),Bangladesh Jamaat-e-Islami (Jamaat),Bangladesh Jatiya Party (BJP),Bangladesh Jatiya Samajtantrik Dal (Bangladesh JaSad),Bangladesh Khelafat Andolon (BKA),Bangladesh Khelafat Majlish (BKM),Bangladesh Liberal Democratic Party (LDP),Bangladesh Muslim League (BML),Bangladesh Nationalist Front (BNF),Bangladesh Nationalist Party (BNP),Bangladesh Republican Party (BRP),Bangladesh Samajtantrik Dal (Basad),Bangladesh Sangskritik Muktijote (BSM),Communist Party of Bangladesh (CPB),Ganosanhati Andolan (GSA),Gono Odhikar Parishad (GOP),Independent Candidate (Independent),Insaniyat Biplob Bangladesh (IBB),Islami Andolan Bangladesh (IAB),Islamic Front Bangladesh (IFB),Jamiat Ulema-e-Islam Bangladesh (JUIB),Janotar Dol,Jatiya Party (JaPa),Jatiya Party (Manju) (JP–Manju),Khelafat Majlis,National Citizen Party (NCP),Revolutionary Workers Party of Bangladesh (RWPB)
Bagerhat 1,Khulna,Bagerhat,375560.0,190838.0,184720.0,2.0,231850.0,"Md. Mashiur Rahman Khan (Bangladesh Jamaat-e-Islami (Jamaat)) 50.7%, Kapil Krishna Mandal (Bangladesh Nationalist Party (BNP)) 49.3%","Bangladesh Jamaat-e-Islami (Jamaat) (50.7%), Bangladesh Nationalist Party (BNP) (49.3%)",114323.0,0.49309036014664653,117527.0,0.5069096398533535,0.0,0.0,117527.0,0.5069096398533535,114323.0,0.49309036014664653,0.0,0.0,-,-,-,-,117527.0,-,-,-,-,-,-,-,114323.0,-,-,-,-,-,-,-,-,-,-,-,-,-,-,-,-,-
Bagerhat 2,Khulna,Bagerhat,338009.0,167739.0,170265.0,5.0,184118.0,"Sheikh Manjurul Haque (Bangladesh Jamaat-e-Islami (Jamaat)) 63.9%, Sheikh Md. Zakir Hossain (Bangladesh Nationalist Party (BNP)) 36.1%","Bangladesh Jamaat-e-Islami (Jamaat) (63.9%), Bangladesh Nationalist Party (BNP) (36.1%)",66409.0,0.3606871680118185,117709.0,0.6393128319881815,0.0,0.0,117709.0,0.6393128319881815,66409.0,0.3606871680118185,0.0,0.0,-,-,-,-,117709.0,-,-,-,-,-,-,-,66409.0,-,-,-,-,-,-,-,-,-,-,-,-,-,-,-,-,-
Bagerhat 3,Khulna,Bagerhat,266864.0,132350.0,134510.0,4.0,187416.0,"Sheikh Faridul Islam (Bangladesh Nationalist Party (BNP)) 55.3%, Mohammed Abdul Wadud Sheikh (Bangladesh Jamaat-e-Islami (Jamaat)) 44.7%","Bangladesh Nationalist Party (BNP) (55.3%), Bangladesh Jamaat-e-Islami (Jamaat) (44.7%)",103711.0,0.5533732445468903,83705.0,0.44662675545310965,0.0,0.0,83705.0,0.44662675545310965,103711.0,0.5533732445468903,0.0,0.0,-,-,-,-,83705.0,-,-,-,-,-,-,-,103711.0,-,-,-,-,-,-,-,-,-,-,-,-,-,-,-,-,-
Bagerhat 4,Khulna,Bagerhat,380679.0,191812.0,188864.0,3.0,214393.0,"Md. Abdul Alim (Bangladesh Jamaat-e-Islami (Jamaat)) 54.1%, Somnath Dey (Bangladesh Nationalist Party (BNP)) 45.9%","Bangladesh Jamaat-e-Islami (Jamaat) (54.1%), Bangladesh Nationalist Party (BNP) (45.9%)",98326.0,0.4586250483924382,116067.0,0.5413749516075618,0.0,0.0,116067.0,0.5413749516075618,98326.0,0.4586250483924382,0.0,0.0,-,-,-,-,116067.0,-,-,-,-,-,-,-,98326.0,-,-,-,-,-,-,-,-,-,-,-,-,-,-,-,-,-
Bandarban 1,Chattogram,Bandarban,-,-,-,-,174770.0,"Saching Prue (Bangladesh Nationalist Party (BNP)) 80.9%, Abu Saeed Md. Sujauddin (National Citizen Party (NCP)) 15.0%, Md. Abul Kalam Azad (Islami Andolan Bangladesh (IAB)) 2.7%","Bangladesh Nationalist Party (BNP) (80.9%), National Citizen Party (NCP) (15.0%), Islami Andolan Bangladesh (IAB) (2.7%)",141455.0,0.8093780397093323,0.0,0.0,0.0,0.0,26162.0,0.14969388338959777,141455.0,0.8093780397093323,0.0,0.0,-,-,-,-,-,-,-,-,-,-,-,-,141455.0,-,-,-,-,-,-,-,-,4718.0,-,-,-,2435.0,-,-,26162.0,-
Barguna 1,Barishal,Barguna,519460.0,259098.0,260351.0,11.0,283649.0,"Md. Ali Ullah (Islami Andolan Bangladesh (IAB)) 49.5%, Md. Nazrul Islam Molla (Bangladesh Nationalist Party (BNP)) 48.0%, Md. Jahangir Hossain (Khelafat Majlis) 2.2%","Islami Andolan Bangladesh (IAB) (49.5%), Bangladesh Nationalist Party (BNP) (48.0%), Khelafat Majlis (2.2%)",136145.0,0.47997701384457553,0.0,0.0,0.0,0.0,6232.0,0.02197081604377241,136145.0,0.47997701384457553,0.0,0.0,-,-,-,-,-,-,-,-,-,-,-,-,136145.0,-,-,-,-,-,-,-,-,140291.0,-,-,-,-,981.0,6232.0,-,-
Barguna 2,Barishal,Barguna,337744.0,167965.0,169775.0,4.0,192353.0,"Md. Nurul Islam (Bangladesh Nationalist Party (BNP)) 47.1%, Sultan Ahmed (Bangladesh Jamaat-e-Islami (Jamaat)) 44.3%, Md. Mizanur Rahman (Islami Andolan Bangladesh (IAB)) 8.6%","Bangladesh Nationalist Party (BNP) (47.1%), Bangladesh Jamaat-e-Islami (Jamaat) (44.3%), Islami Andolan Bangladesh (IAB) (8.6%)",90643.0,0.4712325776047163,85247.0,0.44317998679511106,0.0,0.0,85247.0,0.44317998679511106,90643.0,0.4712325776047163,0.0,0.0,-,-,-,-,85247.0,-,-,-,-,-,-,-,90643.0,-,-,-,-,-,-,-,-,16463.0,-,-,-,-,-,-,-,-
Barishal 1,Barishal,Barishal,328198.0,165364.0,162834.0,-,146815.0,"Zahir Uddin Swapan (Bangladesh Nationalist Party (BNP)) 68.5%, Md. Kamrul Islam Khan (Bangladesh Jamaat-e-Islami (Jamaat)) 31.5%","Bangladesh Nationalist Party (BNP) (68.5%), Bangladesh Jamaat-e-Islami (Jamaat) (31.5%)",100552.0,0.6848891462044069,46263.0,0.3151108537955931,0.0,0.0,46263.0,0.3151108537955931,100552.0,0.6848891462044069,0.0,0.0,-,-,-,-,46263.0,-,-,-,-,-,-,-,100552.0,-,-,-,-,-,-,-,-,-,-,-,-,-,-,-,-,-
Barishal 2,Barishal,Barishal,385807.0,196262.0,189544.0,1.0,215704.0,"Sardar Sarfuddin Ahmed (Bangladesh Nationalist Party (BNP)) 65.7%, Abdul Mannan (Bangladesh Jamaat-e-Islami (Jamaat)) 34.3%","Bangladesh Nationalist Party (BNP) (65.7%), Bangladesh Jamaat-e-Islami (Jamaat) (34.3%)",141622.0,0.6565571338500908,74082.0,0.34344286614990915,0.0,0.0,74082.0,0.34344286614990915,141622.0,0.6565571338500908,0.0,0.0,-,-,-,-,74082.0,-,-,-,-,-,-,-,141622.0,-,-,-,-,-,-,-,-,-,-,-,-,-,-,-,-,-
Barishal 3,Barishal,Barishal,332097.0,167921.0,164173.0,3.0,142122.0,"Zainul Abedin (Bangladesh Nationalist Party (BNP)) 56.9%, Md. Asaduzzaman Bhuiyan (Amar Bangladesh Party (AB)) 43.1%","Bangladesh Nationalist Party (BNP) (56.9%), Amar Bangladesh Party (AB) (43.1%)",80930.0,0.5694403399895864,0.0,0.0,0.0,0.0,61192.0,0.43055966001041357,80930.0,0.5694403399895864,0.0,0.0,61192.0,-,-,-,-,-,-,-,-,-,-,-,80930.0,-,-,-,-,-,-,-,-,-,-,-,-,-,-,-,-,-
Barishal 4,Barishal,Barishal,421975.0,217942.0,204030.0,3.0,203006.0,"Md. Rajib Ahsan (Bangladesh Nationalist Party (BNP)) 63.2%, Md. Abdul Jabbar (Bangladesh Jamaat-e-Islami (Jamaat)) 36.8%","Bangladesh Nationalist Party (BNP) (63.2%), Bangladesh Jamaat-e-Islami (Jamaat) (36.8%)",128322.0,0.6321093957814055,74684.0,0.36789060421859454,0.0,0.0,74684.0,0.36789060421859454,128322.0,0.6321093957814055,0.0,0.0,-,-,-,-,74684.0,-,-,-,-,-,-,-,128322.0,-,-,-,-,-,-,-,-,-,-,-,-,-,-,-,-,-
Barishal 5,Barishal,Barishal,501304.0,250680.0,250615.0,9.0,230190.0,"Md. Mujibur Rahman Sarwar (Bangladesh Nationalist Party (BNP)) 58.7%, Mufti Syed Md. Faizul Karim (Islami Andolan Bangladesh (IAB)) 41.3%","Bangladesh Nationalist Party (BNP) (58.7%), Islami Andolan Bangladesh (IAB) (41.3%)",135146.0,0.5871063034884226,0.0,0.0,0.0,0.0,0.0,0.0,135146.0,0.5871063034884226,0.0,0.0,-,-,-,-,-,-,-,-,-,-,-,-,135146.0,-,-,-,-,-,-,-,-,95044.0,-,-,-,-,-,-,-,-
Barishal 6,Barishal,Barishal,315597.0,160055.0,155538.0,4.0,138205.0,"Abul Hossain Khan (Bangladesh Nationalist Party (BNP)) 59.5%, Md. Mahmudunnabi (Bangladesh Jamaat-e-Islami (Jamaat)) 40.5%","Bangladesh Nationalist Party (BNP) (59.5%), Bangladesh Jamaat-e-Islami (Jamaat) (40.5%)",82217.0,0.5948916464672045,55988.0,0.4051083535327955,0.0,0.0,55988.0,0.4051083535327955,82217.0,0.5948916464672045,0.0,0.0,-,-,-,-,55988.0,-,-,-,-,-,-,-,82217.0,-,-,-,-,-,-,-,-,-,-,-,-,-,-,-,-,-
Bhola 1,Barishal,Bhola,406567.0,210087.0,196475.0,5.0,180880.0,"Andalib Rahman (Bangladesh Jatiya Party (BJP)) 58.3%, Md. Nazrul Islam (Bangladesh Jamaat-e-Islami (Jamaat)) 41.7%","Bangladesh Jatiya Party (BJP) (58.3%), Bangladesh Jamaat-e-Islami (Jamaat) (41.7%)",0.0,0.0,75337.0,0.41650265369305617,0.0,0.0,75337.0,0.41650265369305617,0.0,0.0,0.0,0.0,-,-,-,-,75337.0,105543.0,-,-,-,-,-,-,-,-,-,-,-,-,-,-,-,-,-,-,-,-,-,-,-,-
Bhola 2,Barishal,Bhola,395546.0,206433.0,189112.0,1.0,212788.0,"Md. Hafiz Ibrahim (Bangladesh Nationalist Party (BNP)) 56.0%, Md. Fazlul Karim (Bangladesh Jamaat-e-Islami (Jamaat)) 44.0%","Bangladesh Nationalist Party (BNP) (56.0%), Bangladesh Jamaat-e-Islami (Jamaat) (44.0%)",119085.0,0.55964152113841,93703.0,0.44035847886158996,0.0,0.0,93703.0,0.44035847886158996,119085.0,0.55964152113841,0.0,0.0,-,-,-,-,93703.0,-,-,-,-,-,-,-,119085.0,-,-,-,-,-,-,-,-,-,-,-,-,-,-,-,-,-
Bhola 3,Barishal,Bhola,388550.0,200497.0,188050.0,3.0,203341.0,"Hafiz Uddin Ahmed (Bangladesh Nationalist Party (BNP)) 71.8%, Md. Nizamul Haque (Bangladesh Development Party (BDP)) 28.2%","Bangladesh Nationalist Party (BNP) (71.8%), Bangladesh Development Party (BDP) (28.2%)",145990.0,0.7179565360650336,0.0,0.0,0.0,0.0,57351.0,0.2820434639349664,145990.0,0.7179565360650336,0.0,0.0,-,-,57351.0,-,-,-,-,-,-,-,-,-,145990.0,-,-,-,-,-,-,-,-,-,-,-,-,-,-,-,-,-
Bhola 4,Barishal,Bhola,502026.0,262843.0,239176.0,7.0,270788.0,"Md. Nurul Islam (Bangladesh Nationalist Party (BNP)) 69.9%, Md. Mustafa Kamal (Bangladesh Jamaat-e-Islami (Jamaat)) 30.1%","Bangladesh Nationalist Party (BNP) (69.9%), Bangladesh Jamaat-e-Islami (Jamaat) (30.1%)",189351.0,0.6992591990782457,81437.0,0.3007408009217543,0.0,0.0,81437.0,0.3007408009217543,189351.0,0.6992591990782457,0.0,0.0,-,-,-,-,81437.0,-,-,-,-,-,-,-,189351.0,-,-,-,-,-,-,-,-,-,-,-,-,-,-,-,-,-
Bogura 1,Rajshahi,Bogura,376019.0,186388.0,189626.0,5.0,229399.0,"Kazi Rafiqul Islam (Bangladesh Nationalist Party (BNP)) 74.7%, Md. Shahabuddin (Bangladesh Jamaat-e-Islami (Jamaat)) 25.3%","Bangladesh Nationalist Party (BNP) (74.7%), Bangladesh Jamaat-e-Islami (Jamaat) (25.3%)",171440.0,0.7473441470974154,57959.0,0.2526558529025846,0.0,0.0,57959.0,0.2526558529025846,171440.0,0.7473441470974154,0.0,0.0,-,-,-,-,57959.0,-,-,-,-,-,-,-,171440.0,-,-,-,-,-,-,-,-,-,-,-,-,-,-,-,-,-
Bogura 2,Rajshahi,Bogura,342155.0,171497.0,170653.0,5.0,238572.0,"Mir Shah Alam (Bangladesh Nationalist Party (BNP)) 60.8%, Abul Azad Md. Shahaduzzaman (Bangladesh Jamaat-e-Islami (Jamaat)) 39.2%","Bangladesh Nationalist Party (BNP) (60.8%), Bangladesh Jamaat-e-Islami (Jamaat) (39.2%)",145024.0,0.6078835739315595,93548.0,0.39211642606844055,0.0,0.0,93548.0,0.39211642606844055,145024.0,0.6078835739315595,0.0,0.0,-,-,-,-,93548.0,-,-,-,-,-,-,-,145024.0,-,-,-,-,-,-,-,-,-,-,-,-,-,-,-,-,-
Bogura 3,Rajshahi,Bogura,339181.0,169347.0,169831.0,3.0,238432.0,"Md. Abdul Mohit Talukder (Bangladesh Nationalist Party (BNP)) 53.4%, Md. Noor Md. (Bangladesh Jamaat-e-Islami (Jamaat)) 46.6%","Bangladesh Nationalist Party (BNP) (53.4%), Bangladesh Jamaat-e-Islami (Jamaat) (46.6%)",127406.0,0.5343494161857468,111026.0,0.4656505838142531,0.0,0.0,111026.0,0.4656505838142531,127406.0,0.5343494161857468,0.0,0.0,-,-,-,-,111026.0,-,-,-,-,-,-,-,127406.0,-,-,-,-,-,-,-,-,-,-,-,-,-,-,-,-,-
Bogura 4,Rajshahi,Bogura,359523.0,178985.0,180530.0,8.0,264317.0,"Md. Mosharraf Hossain (Bangladesh Nationalist Party (BNP)) 58.8%, Md. Mustafa Faisal (Bangladesh Jamaat-e-Islami (Jamaat)) 41.2%","Bangladesh Nationalist Party (BNP) (58.8%), Bangladesh Jamaat-e-Islami (Jamaat) (41.2%)",155339.0,0.5876996182614058,108978.0,0.4123003817385942,0.0,0.0,108978.0,0.4123003817385942,155339.0,0.5876996182614058,0.0,0.0,-,-,-,-,108978.0,-,-,-,-,-,-,-,155339.0,-,-,-,-,-,-,-,-,-,-,-,-,-,-,-,-,-
Bogura 5,Rajshahi,Bogura,572340.0,281287.0,291047.0,6.0,392170.0,"Gulam Md. Siraj (Bangladesh Nationalist Party (BNP)) 63.5%, Md. Dabibur Rahman (Bangladesh Jamaat-e-Islami (Jamaat)) 36.5%","Bangladesh Nationalist Party (BNP) (63.5%), Bangladesh Jamaat-e-Islami (Jamaat) (36.5%)",248841.0,0.6345232934696687,143329.0,0.3654767065303312,0.0,0.0,143329.0,0.3654767065303312,248841.0,0.6345232934696687,0.0,0.0,-,-,-,-,143329.0,-,-,-,-,-,-,-,248841.0,-,-,-,-,-,-,-,-,-,-,-,-,-,-,-,-,-
Bogura 6,Rajshahi,Bogura,454043.0,222796.0,231237.0,10.0,-,,,-,-,-,-,-,-,-,-,-,-,-,-,-,-,-,-,-,-,-,-,-,-,-,-,-,-,-,-,-,-,-,-,-,-,-,-,-,-,-,-,-,-
Bogura 7,Rajshahi,Bogura,538092.0,270070.0,268017.0,5.0,158196.0,Morshed Milton (Bangladesh Nationalist Party (BNP)) 100.0%,Bangladesh Nationalist Party (BNP) (100.0%),158196.0,1.0,0.0,0.0,0.0,0.0,0.0,0.0,158196.0,1.0,0.0,0.0,-,-,-,-,-,-,-,-,-,-,-,-,158196.0,-,-,-,-,-,-,-,-,-,-,-,-,-,-,-,-,-
Brahmanbaria 1,Chattogram,Brahmanbaria,275629.0,146269.0,129357.0,3.0,146825.0,"M. A. Hannan (Bangladesh Nationalist Party (BNP)) 46.4%, A. K. M. Kamruzzaman (Independent Candidate (Independent)) 24.0%, A. K. M. Aminul Islam (Bangladesh Jamaat-e-Islami (Jamaat)) 16.6%","Bangladesh Nationalist Party (BNP) (46.4%), Independent Candidate (Independent) (24.0%), Bangladesh Jamaat-e-Islami (Jamaat) (16.6%)",68092.0,0.4637629831431977,24430.0,0.166388557806913,0.0,0.0,24430.0,0.166388557806913,68092.0,0.4637629831431977,0.0,0.0,-,-,-,-,24430.0,-,-,-,-,-,-,-,68092.0,-,-,-,-,-,-,106.0,139.0,907.0,-,-,-,265.0,-,-,-,-
Brahmanbaria 2,Chattogram,Brahmanbaria,499448.0,265245.0,234201.0,2.0,198981.0,"Rumin Farhana (Independent Candidate (Independent)) 59.6%, Mohammed Junaid Al Habib (Jamiat Ulema-e-Islam Bangladesh (JUIB)) 40.4%","Independent Candidate (Independent) (59.6%), Jamiat Ulema-e-Islam Bangladesh (JUIB) (40.4%)",0.0,0.0,0.0,0.0,0.0,0.0,0.0,0.0,0.0,0.0,0.0,0.0,-,-,-,-,-,-,-,-,-,-,-,-,-,-,-,-,-,-,-,118547.0,-,-,-,80434.0,-,-,-,-,-,-
Brahmanbaria 3,Chattogram,Brahmanbaria,624601.0,328182.0,296419.0,-,272183.0,"Md. Khaled Hossain Mahbub (Bangladesh Nationalist Party (BNP)) 77.0%, Ataullah (National Citizen Party (NCP)) 23.0%","Bangladesh Nationalist Party (BNP) (77.0%), National Citizen Party (NCP) (23.0%)",209636.0,0.770202400590779,0.0,0.0,0.0,0.0,62547.0,0.229797599409221,209636.0,0.770202400590779,0.0,0.0,-,-,-,-,-,-,-,-,-,-,-,-,209636.0,-,-,-,-,-,-,-,-,-,-,-,-,-,-,-,62547.0,-
Brahmanbaria 4,Chattogram,Brahmanbaria,443909.0,230647.0,213256.0,6.0,231638.0,"Mushfiqur Rahman (Bangladesh Nationalist Party (BNP)) 60.4%, Md. Ataur Rahman Sarker (Bangladesh Jamaat-e-Islami (Jamaat)) 39.6%","Bangladesh Nationalist Party (BNP) (60.4%), Bangladesh Jamaat-e-Islami (Jamaat) (39.6%)",139842.0,0.6037092359630113,91796.0,0.39629076403698876,0.0,0.0,91796.0,0.39629076403698876,139842.0,0.6037092359630113,0.0,0.0,-,-,-,-,91796.0,-,-,-,-,-,-,-,139842.0,-,-,-,-,-,-,-,-,-,-,-,-,-,-,-,-,-
Brahmanbaria 5,Chattogram,Brahmanbaria,474826.0,248737.0,226085.0,4.0,170477.0,"Md. Abdul Mannan (Bangladesh Nationalist Party (BNP)) 50.3%, Kazi Nazmul Hossain (Independent Candidate (Independent)) 49.7%","Bangladesh Nationalist Party (BNP) (50.3%), Independent Candidate (Independent) (49.7%)",85769.0,0.5031118567314066,0.0,0.0,0.0,0.0,0.0,0.0,85769.0,0.5031118567314066,0.0,0.0,-,-,-,-,-,-,-,-,-,-,-,-,85769.0,-,-,-,-,-,-,84708.0,-,-,-,-,-,-,-,-,-,-
Brahmanbaria 6,Chattogram,Brahmanbaria,289674.0,147260.0,142413.0,1.0,137671.0,"Md. Jonayed Abdur Rahim Saki (Ganosanhati Andolan (GSA)) 69.3%, Md. Mohsin (Bangladesh Jamaat-e-Islami (Jamaat)) 29.0%, Md. Abu Naser (Islamic Front Bangladesh (IFB)) 1.7%","Ganosanhati Andolan (GSA) (69.3%), Bangladesh Jamaat-e-Islami (Jamaat) (29.0%), Islamic Front Bangladesh (IFB) (1.7%)",0.0,0.0,39976.0,0.2903734265023135,95342.0,0.6925351018006697,39976.0,0.2903734265023135,95342.0,0.6925351018006697,0.0,0.0,-,-,-,-,39976.0,-,-,-,-,-,-,-,-,-,-,-,-,95342.0,-,-,-,-,2353.0,-,-,-,-,-,-,-
Chandpur 1,Chattogram,Chandpur,356485.0,184802.0,171680.0,3.0,203400.0,"A. N. M. Ehsanul Hoque Milon (Bangladesh Nationalist Party (BNP)) 65.4%, Abu Nasar Md. Makbol Ahmad (Bangladesh Jamaat-e-Islami (Jamaat)) 34.6%","Bangladesh Nationalist Party (BNP) (65.4%), Bangladesh Jamaat-e-Islami (Jamaat) (34.6%)",133032.0,0.6540412979351032,70368.0,0.34595870206489676,0.0,0.0,70368.0,0.34595870206489676,133032.0,0.6540412979351032,0.0,0.0,-,-,-,-,70368.0,-,-,-,-,-,-,-,133032.0,-,-,-,-,-,-,-,-,-,-,-,-,-,-,-,-,-
Chandpur 2,Chattogram,Chandpur,501061.0,256500.0,244559.0,2.0,229979.0,"Md. Jalal Uddin (Bangladesh Nationalist Party (BNP)) 75.0%, Md. Billal Hosion (Bangladesh Liberal Democratic Party (LDP)) 25.0%","Bangladesh Nationalist Party (BNP) (75.0%), Bangladesh Liberal Democratic Party (LDP) (25.0%)",172506.0,0.7500945738523952,0.0,0.0,0.0,0.0,57473.0,0.24990542614760478,172506.0,0.7500945738523952,0.0,0.0,-,-,-,-,-,-,-,-,-,57473.0,-,-,172506.0,-,-,-,-,-,-,-,-,-,-,-,-,-,-,-,-,-
Chandpur 3,Chattogram,Chandpur,546334.0,282704.0,263628.0,2.0,266269.0,"Sk Farid Ahmed (Bangladesh Nationalist Party (BNP)) 62.1%, Md. Shahjahan Mia (Bangladesh Jamaat-e-Islami (Jamaat)) 37.9%","Bangladesh Nationalist Party (BNP) (62.1%), Bangladesh Jamaat-e-Islami (Jamaat) (37.9%)",165404.0,0.6211913516030781,100865.0,0.3788086483969219,0.0,0.0,100865.0,0.3788086483969219,165404.0,0.6211913516030781,0.0,0.0,-,-,-,-,100865.0,-,-,-,-,-,-,-,165404.0,-,-,-,-,-,-,-,-,-,-,-,-,-,-,-,-,-
Chandpur 4,Chattogram,Chandpur,400631.0,208603.0,192027.0,1.0,143330.0,"Md. Abdul Hannan (Independent Candidate (Independent)) 51.8%, Md. Harunur Rashid (Bangladesh Nationalist Party (BNP)) 48.2%","Independent Candidate (Independent) (51.8%), Bangladesh Nationalist Party (BNP) (48.2%)",69155.0,0.48248796483639156,0.0,0.0,0.0,0.0,0.0,0.0,69155.0,0.48248796483639156,0.0,0.0,-,-,-,-,-,-,-,-,-,-,-,-,69155.0,-,-,-,-,-,-,74175.0,-,-,-,-,-,-,-,-,-,-
Chandpur 5,Chattogram,Chandpur,526679.0,269243.0,257433.0,3.0,261064.0,"Md. Maminul Haque (Bangladesh Nationalist Party (BNP)) 71.0%, Md. Neamul Bashir (Bangladesh Liberal Democratic Party (LDP)) 29.0%","Bangladesh Nationalist Party (BNP) (71.0%), Bangladesh Liberal Democratic Party (LDP) (29.0%)",185404.0,0.7101860080286826,0.0,0.0,0.0,0.0,75660.0,0.28981399197131735,185404.0,0.7101860080286826,0.0,0.0,-,-,-,-,-,-,-,-,-,75660.0,-,-,185404.0,-,-,-,-,-,-,-,-,-,-,-,-,-,-,-,-,-
Chapainawabganj 1,Rajshahi,Chapainawabganj,500181.0,255316.0,244865.0,-,369408.0,"Md. Keramat Ali (Bangladesh Jamaat-e-Islami (Jamaat)) 56.0%, Md. Shahjahan Mia (Bangladesh Nationalist Party (BNP)) 44.0%","Bangladesh Jamaat-e-Islami (Jamaat) (56.0%), Bangladesh Nationalist Party (BNP) (44.0%)",162515.0,0.43993362352737353,206893.0,0.5600663764726265,0.0,0.0,206893.0,0.5600663764726265,162515.0,0.43993362352737353,0.0,0.0,-,-,-,-,206893.0,-,-,-,-,-,-,-,162515.0,-,-,-,-,-,-,-,-,-,-,-,-,-,-,-,-,-
Chapainawabganj 2,Rajshahi,Chapainawabganj,461000.0,228825.0,232174.0,1.0,326346.0,"Md. Mizanur Rahman (Bangladesh Jamaat-e-Islami (Jamaat)) 52.5%, Md. Aminul Islam (Bangladesh Nationalist Party (BNP)) 47.5%","Bangladesh Jamaat-e-Islami (Jamaat) (52.5%), Bangladesh Nationalist Party (BNP) (47.5%)",155119.0,0.4753206719248895,171227.0,0.5246793280751104,0.0,0.0,171227.0,0.5246793280751104,155119.0,0.4753206719248895,0.0,0.0,-,-,-,-,171227.0,-,-,-,-,-,-,-,155119.0,-,-,-,-,-,-,-,-,-,-,-,-,-,-,-,-,-
Chapainawabganj 3,Rajshahi,Chapainawabganj,468479.0,236648.0,231831.0,-,316677.0,"Md. Nurul Islam (Bangladesh Jamaat-e-Islami (Jamaat)) 59.9%, Md. Harunur Rashid (Bangladesh Nationalist Party (BNP)) 40.1%","Bangladesh Jamaat-e-Islami (Jamaat) (59.9%), Bangladesh Nationalist Party (BNP) (40.1%)",127037.0,0.40115638331801806,189640.0,0.5988436166819819,0.0,0.0,189640.0,0.5988436166819819,127037.0,0.40115638331801806,0.0,0.0,-,-,-,-,189640.0,-,-,-,-,-,-,-,127037.0,-,-,-,-,-,-,-,-,-,-,-,-,-,-,-,-,-
Chattogram 1,Chattogram,Chattogram,386674.0,199859.0,186811.0,4.0,213337.0,"Nurul Amin (Bangladesh Nationalist Party (BNP)) 60.4%, Md. Saifur Rahman (Bangladesh Jamaat-e-Islami (Jamaat)) 39.6%","Bangladesh Nationalist Party (BNP) (60.4%), Bangladesh Jamaat-e-Islami (Jamaat) (39.6%)",128799.0,0.6037349358057909,84538.0,0.39626506419420915,0.0,0.0,84538.0,0.39626506419420915,128799.0,0.6037349358057909,0.0,0.0,-,-,-,-,84538.0,-,-,-,-,-,-,-,128799.0,-,-,-,-,-,-,-,-,-,-,-,-,-,-,-,-,-
Chattogram 2,Chattogram,Chattogram,488465.0,259197.0,229267.0,1.0,-,,,-,-,-,-,-,-,-,-,-,-,-,-,-,-,-,-,-,-,-,-,-,-,-,-,-,-,-,-,-,-,-,-,-,-,-,-,-,-,-,-,-,-
Chattogram 3,Chattogram,Chattogram,260485.0,134720.0,125763.0,2.0,112699.0,"Mostafa Kamal Pasha (Bangladesh Nationalist Party (BNP)) 64.8%, Md. Ala Uddin (Bangladesh Jamaat-e-Islami (Jamaat)) 35.2%","Bangladesh Nationalist Party (BNP) (64.8%), Bangladesh Jamaat-e-Islami (Jamaat) (35.2%)",73037.0,0.6480714114588417,39662.0,0.3519285885411583,0.0,0.0,39662.0,0.3519285885411583,73037.0,0.6480714114588417,0.0,0.0,-,-,-,-,39662.0,-,-,-,-,-,-,-,73037.0,-,-,-,-,-,-,-,-,-,-,-,-,-,-,-,-,-
Chattogram 4,Chattogram,Chattogram,448380.0,235352.0,213016.0,12.0,-,,,-,-,-,-,-,-,-,-,-,-,-,-,-,-,-,-,-,-,-,-,-,-,-,-,-,-,-,-,-,-,-,-,-,-,-,-,-,-,-,-,-,-
Chattogram 5,Chattogram,Chattogram,501916.0,260903.0,241012.0,1.0,193643.0,"Mir Mohammed Helal Uddin (Bangladesh Nationalist Party (BNP)) 75.9%, Md. Nasir Uddin (Bangladesh Khelafat Majlish (BKM)) 24.1%","Bangladesh Nationalist Party (BNP) (75.9%), Bangladesh Khelafat Majlish (BKM) (24.1%)",147054.0,0.7594077761654178,0.0,0.0,0.0,0.0,46589.0,0.2405922238345822,147054.0,0.7594077761654178,0.0,0.0,-,-,-,-,-,-,-,-,46589.0,-,-,-,147054.0,-,-,-,-,-,-,-,-,-,-,-,-,-,-,-,-,-
Chattogram 6,Chattogram,Chattogram,339988.0,178971.0,161017.0,-,139383.0,"Gias Uddin Quader Chowdhury (Bangladesh Nationalist Party (BNP)) 80.5%, Md. Elias Nuri (Islamic Front Bangladesh (IFB)) 19.5%","Bangladesh Nationalist Party (BNP) (80.5%), Islamic Front Bangladesh (IFB) (19.5%)",112237.0,0.8052416722268856,0.0,0.0,0.0,0.0,0.0,0.0,112237.0,0.8052416722268856,0.0,0.0,-,-,-,-,-,-,-,-,-,-,-,-,112237.0,-,-,-,-,-,-,-,-,-,27146.0,-,-,-,-,-,-,-
Chattogram 7,Chattogram,Chattogram,319008.0,167531.0,151476.0,1.0,143164.0,"Humam Quader Chowdhury (Bangladesh Nationalist Party (BNP)) 70.9%, A. T. M. Rezaul Karim (Bangladesh Jamaat-e-Islami (Jamaat)) 29.1%","Bangladesh Nationalist Party (BNP) (70.9%), Bangladesh Jamaat-e-Islami (Jamaat) (29.1%)",101445.0,0.7085929423598111,41719.0,0.29140705764018887,0.0,0.0,41719.0,0.29140705764018887,101445.0,0.7085929423598111,0.0,0.0,-,-,-,-,41719.0,-,-,-,-,-,-,-,101445.0,-,-,-,-,-,-,-,-,-,-,-,-,-,-,-,-,-
Chattogram 8,Chattogram,Chattogram,554729.0,282606.0,272122.0,1.0,206533.0,"Ershad Ullah (Bangladesh Nationalist Party (BNP)) 74.1%, Md. Abu Naser (Bangladesh Jamaat-e-Islami (Jamaat)) 25.9%","Bangladesh Nationalist Party (BNP) (74.1%), Bangladesh Jamaat-e-Islami (Jamaat) (25.9%)",152969.0,0.7406516149961507,53564.0,0.25934838500384927,0.0,0.0,53564.0,0.25934838500384927,152969.0,0.7406516149961507,0.0,0.0,-,-,-,-,53564.0,-,-,-,-,-,-,-,152969.0,-,-,-,-,-,-,-,-,-,-,-,-,-,-,-,-,-
Chattogram 9,Chattogram,Chattogram,416363.0,213906.0,202448.0,9.0,163195.0,"Md. Abu Sufian (Bangladesh Nationalist Party (BNP)) 67.0%, A. K. M. Fazlul Hoque (Bangladesh Jamaat-e-Islami (Jamaat)) 33.0%","Bangladesh Nationalist Party (BNP) (67.0%), Bangladesh Jamaat-e-Islami (Jamaat) (33.0%)",109388.0,0.6702901436931279,53807.0,0.32970985630687216,0.0,0.0,53807.0,0.32970985630687216,109388.0,0.6702901436931279,0.0,0.0,-,-,-,-,53807.0,-,-,-,-,-,-,-,109388.0,-,-,-,-,-,-,-,-,-,-,-,-,-,-,-,-,-
Chattogram 10,Chattogram,Chattogram,492444.0,249784.0,242631.0,29.0,199897.0,"Sayed Al Noman (Bangladesh Nationalist Party (BNP)) 61.5%, Md. Shamsuzzaman Helaly (Bangladesh Jamaat-e-Islami (Jamaat)) 38.5%","Bangladesh Nationalist Party (BNP) (61.5%), Bangladesh Jamaat-e-Islami (Jamaat) (38.5%)",122978.0,0.6152068315182319,76919.0,0.3847931684817681,0.0,0.0,76919.0,0.3847931684817681,122978.0,0.6152068315182319,0.0,0.0,-,-,-,-,76919.0,-,-,-,-,-,-,-,122978.0,-,-,-,-,-,-,-,-,-,-,-,-,-,-,-,-,-
Chattogram 11,Chattogram,Chattogram,495278.0,252333.0,242942.0,3.0,192680.0,"Amir Khosru Mahmud Chowdhury (Bangladesh Nationalist Party (BNP)) 60.2%, Md. Shafiul Alam (Bangladesh Jamaat-e-Islami (Jamaat)) 39.8%","Bangladesh Nationalist Party (BNP) (60.2%), Bangladesh Jamaat-e-Islami (Jamaat) (39.8%)",115999.0,0.6020292713307037,76681.0,0.3979707286692962,0.0,0.0,76681.0,0.3979707286692962,115999.0,0.6020292713307037,0.0,0.0,-,-,-,-,76681.0,-,-,-,-,-,-,-,115999.0,-,-,-,-,-,-,-,-,-,-,-,-,-,-,-,-,-
Chattogram 12,Chattogram,Chattogram,352695.0,184254.0,168440.0,1.0,164043.0,"Md. Enamul Hoque (Bangladesh Nationalist Party (BNP)) 82.3%, Sayed Ayar Md. Peyaru (Islamic Front Bangladesh (IFB)) 17.7%","Bangladesh Nationalist Party (BNP) (82.3%), Islamic Front Bangladesh (IFB) (17.7%)",135044.0,0.8232231792883573,0.0,0.0,0.0,0.0,0.0,0.0,135044.0,0.8232231792883573,0.0,0.0,-,-,-,-,-,-,-,-,-,-,-,-,135044.0,-,-,-,-,-,-,-,-,-,28999.0,-,-,-,-,-,-,-
Chattogram 13,Chattogram,Chattogram,395246.0,207714.0,187532.0,-,177642.0,"Sarwar Jamal Nizam (Bangladesh Nationalist Party (BNP)) 71.0%, S. M. Shahjahan (Islamic Front Bangladesh (IFB)) 29.0%","Bangladesh Nationalist Party (BNP) (71.0%), Islamic Front Bangladesh (IFB) (29.0%)",126192.0,0.7103725470327963,0.0,0.0,0.0,0.0,0.0,0.0,126192.0,0.7103725470327963,0.0,0.0,-,-,-,-,-,-,-,-,-,-,-,-,126192.0,-,-,-,-,-,-,-,-,-,51450.0,-,-,-,-,-,-,-
Chattogram 14,Chattogram,Chattogram,313513.0,165847.0,147665.0,1.0,151960.0,"Alhajj Jashim Uddin Ahammed (Bangladesh Nationalist Party (BNP)) 50.3%, Omar Faruq (Bangladesh Liberal Democratic Party (LDP)) 49.7%","Bangladesh Nationalist Party (BNP) (50.3%), Bangladesh Liberal Democratic Party (LDP) (49.7%)",76493.0,0.503375888391682,0.0,0.0,0.0,0.0,75467.0,0.496624111608318,76493.0,0.503375888391682,0.0,0.0,-,-,-,-,-,-,-,-,-,75467.0,-,-,76493.0,-,-,-,-,-,-,-,-,-,-,-,-,-,-,-,-,-
Chattogram 15,Chattogram,Chattogram,506059.0,270915.0,235144.0,-,311899.0,"Shahjahan Chowdhury (Bangladesh Jamaat-e-Islami (Jamaat)) 58.1%, Najmul Mostafa Amin (Bangladesh Nationalist Party (BNP)) 41.9%","Bangladesh Jamaat-e-Islami (Jamaat) (58.1%), Bangladesh Nationalist Party (BNP) (41.9%)",130661.0,0.41892086861451944,181238.0,0.5810791313854805,0.0,0.0,181238.0,0.5810791313854805,130661.0,0.41892086861451944,0.0,0.0,-,-,-,-,181238.0,-,-,-,-,-,-,-,130661.0,-,-,-,-,-,-,-,-,-,-,-,-,-,-,-,-,-
Chattogram 16,Chattogram,Chattogram,411274.0,219982.0,191287.0,5.0,237010.0,"Md. Zahirul Islam (Bangladesh Jamaat-e-Islami (Jamaat)) 39.3%, Miskatul Islam Chowdhury (Bangladesh Nationalist Party (BNP)) 35.1%, Mohammed Liaquat Ali (Independent Candidate (Independent)) 23.4%","Bangladesh Jamaat-e-Islami (Jamaat) (39.3%), Bangladesh Nationalist Party (BNP) (35.1%), Independent Candidate (Independent) (23.4%)",83105.0,0.35063921353529387,93167.0,0.39309311843382133,0.0,0.0,93167.0,0.39309311843382133,83348.0,0.3516644867305177,0.0,0.0,-,-,-,844.0,93167.0,-,-,-,-,-,105.0,-,83105.0,-,-,-,-,-,243.0,55492.0,-,4054.0,-,-,-,-,-,-,-,-
Chuadanga 1,Khulna,Chuadanga,511657.0,254385.0,257265.0,7.0,374356.0,"Md. Masud Parves (Bangladesh Jamaat-e-Islami (Jamaat)) 56.4%, Md. Sharifuzzaman (Bangladesh Nationalist Party (BNP)) 40.9%, Md. Zahurul Islam (Islami Andolan Bangladesh (IAB)) 2.7%","Bangladesh Jamaat-e-Islami (Jamaat) (56.4%), Bangladesh Nationalist Party (BNP) (40.9%), Islami Andolan Bangladesh (IAB) (2.7%)",153193.0,0.4092174293987541,211041.0,0.5637441365972496,0.0,0.0,211041.0,0.5637441365972496,153193.0,0.4092174293987541,0.0,0.0,-,-,-,-,211041.0,-,-,-,-,-,-,-,153193.0,-,-,-,-,-,-,-,-,10122.0,-,-,-,-,-,-,-,-
Chuadanga 2,Khulna,Chuadanga,492431.0,246716.0,245711.0,4.0,371888.0,"Md. Ruhul Amin (Bangladesh Jamaat-e-Islami (Jamaat)) 55.9%, Mahmud Hasan Khan (Bangladesh Nationalist Party (BNP)) 44.1%","Bangladesh Jamaat-e-Islami (Jamaat) (55.9%), Bangladesh Nationalist Party (BNP) (44.1%)",163877.0,0.44066224239555996,208011.0,0.55933775760444,0.0,0.0,208011.0,0.55933775760444,163877.0,0.44066224239555996,0.0,0.0,-,-,-,-,208011.0,-,-,-,-,-,-,-,163877.0,-,-,-,-,-,-,-,-,-,-,-,-,-,-,-,-,-
Cox's Bazar 1,Chattogram,Cox's Bazar,540490.0,290291.0,250198.0,1.0,356275.0,"Salahuddin Ahmed (Bangladesh Nationalist Party (BNP)) 62.3%, Abdullah Al Faruk (Bangladesh Jamaat-e-Islami (Jamaat)) 36.4%, Md. Sarwar Alam Kotobi (Islami Andolan Bangladesh (IAB)) 1.3%","Bangladesh Nationalist Party (BNP) (62.3%), Bangladesh Jamaat-e-Islami (Jamaat) (36.4%), Islami Andolan Bangladesh (IAB) (1.3%)",222019.0,0.6231674970177531,129728.0,0.36412321942319836,0.0,0.0,129728.0,0.36412321942319836,222019.0,0.6231674970177531,0.0,0.0,-,-,-,-,129728.0,-,-,-,-,-,-,-,222019.0,-,-,-,-,-,-,-,-,4528.0,-,-,-,-,-,-,-,-
Cox's Bazar 2,Chattogram,Cox's Bazar,387851.0,206453.0,181398.0,-,214477.0,"Alamgir Md. Mahfuzullah Farid (Bangladesh Nationalist Party (BNP)) 58.1%, A. H. M. Hamidur Rahman Azad (Bangladesh Jamaat-e-Islami (Jamaat)) 41.9%","Bangladesh Nationalist Party (BNP) (58.1%), Bangladesh Jamaat-e-Islami (Jamaat) (41.9%)",124660.0,0.5812278239624762,89817.0,0.4187721760375238,0.0,0.0,89817.0,0.4187721760375238,124660.0,0.5812278239624762,0.0,0.0,-,-,-,-,89817.0,-,-,-,-,-,-,-,124660.0,-,-,-,-,-,-,-,-,-,-,-,-,-,-,-,-,-
Cox's Bazar 3,Chattogram,Cox's Bazar,545962.0,291099.0,254862.0,1.0,343923.0,"Lutfur Rahman (Bangladesh Nationalist Party (BNP)) 52.9%, Shahidul Alam (Bangladesh Jamaat-e-Islami (Jamaat)) 47.1%","Bangladesh Nationalist Party (BNP) (52.9%), Bangladesh Jamaat-e-Islami (Jamaat) (47.1%)",182096.0,0.5294673517037244,161827.0,0.4705326482962756,0.0,0.0,161827.0,0.4705326482962756,182096.0,0.5294673517037244,0.0,0.0,-,-,-,-,161827.0,-,-,-,-,-,-,-,182096.0,-,-,-,-,-,-,-,-,-,-,-,-,-,-,-,-,-
Cox's Bazar 4,Chattogram,Cox's Bazar,375688.0,192803.0,182879.0,6.0,245615.0,"Shahjahan Chowdhury (Bangladesh Nationalist Party (BNP)) 50.3%, Nur Ahmed Anwary (Bangladesh Jamaat-e-Islami (Jamaat)) 49.7%","Bangladesh Nationalist Party (BNP) (50.3%), Bangladesh Jamaat-e-Islami (Jamaat) (49.7%)",123582.0,0.5031533090405717,122033.0,0.49684669095942835,0.0,0.0,122033.0,0.49684669095942835,123582.0,0.5031533090405717,0.0,0.0,-,-,-,-,122033.0,-,-,-,-,-,-,-,123582.0,-,-,-,-,-,-,-,-,-,-,-,-,-,-,-,-,-
Cumilla 1,Chattogram,Cumilla,438616.0,225088.0,213528.0,-,236285.0,"Khandaker Mosharraf Hossain (Bangladesh Nationalist Party (BNP)) 59.9%, Md. Moniruzzaman (Bangladesh Jamaat-e-Islami (Jamaat)) 40.1%","Bangladesh Nationalist Party (BNP) (59.9%), Bangladesh Jamaat-e-Islami (Jamaat) (40.1%)",141440.0,0.598599149332374,94845.0,0.401400850667626,0.0,0.0,94845.0,0.401400850667626,141440.0,0.598599149332374,0.0,0.0,-,-,-,-,94845.0,-,-,-,-,-,-,-,141440.0,-,-,-,-,-,-,-,-,-,-,-,-,-,-,-,-,-
Cumilla 2,Chattogram,Cumilla,375067.0,196119.0,178947.0,1.0,140082.0,"Md. Selim Bhuiyan (Bangladesh Nationalist Party (BNP)) 55.0%, Md. Abdul Matin (Independent Candidate (Independent)) 45.0%","Bangladesh Nationalist Party (BNP) (55.0%), Independent Candidate (Independent) (45.0%)",77037.0,0.5499421767250611,0.0,0.0,0.0,0.0,0.0,0.0,77037.0,0.5499421767250611,0.0,0.0,-,-,-,-,-,-,-,-,-,-,-,-,77037.0,-,-,-,-,-,-,63045.0,-,-,-,-,-,-,-,-,-,-
Cumilla 3,Chattogram,Cumilla,500726.0,258905.0,241817.0,4.0,268890.0,"Kazi Shah Mofazzal Hossain (Bangladesh Nationalist Party (BNP)) 59.2%, Md. Yousuf Sohel (Bangladesh Jamaat-e-Islami (Jamaat)) 40.8%","Bangladesh Nationalist Party (BNP) (59.2%), Bangladesh Jamaat-e-Islami (Jamaat) (40.8%)",159291.0,0.5924020975119938,109599.0,0.40759790248800626,0.0,0.0,109599.0,0.40759790248800626,159291.0,0.5924020975119938,0.0,0.0,-,-,-,-,109599.0,-,-,-,-,-,-,-,159291.0,-,-,-,-,-,-,-,-,-,-,-,-,-,-,-,-,-
Cumilla 4,Chattogram,Cumilla,410559.0,215237.0,195319.0,3.0,216468.0,"Md. Abul Hasnat (National Citizen Party (NCP)) 77.0%, Md. A. Jasim Uddin (Gono Odhikar Parishad (GOP)) 23.0%","National Citizen Party (NCP) (77.0%), Gono Odhikar Parishad (GOP) (23.0%)",0.0,0.0,0.0,0.0,0.0,0.0,166583.0,0.7695502337527949,49885.0,0.23044976624720512,0.0,0.0,-,-,-,-,-,-,-,-,-,-,-,-,-,-,-,-,-,-,49885.0,-,-,-,-,-,-,-,-,-,166583.0,-
Cumilla 5,Chattogram,Cumilla,476172.0,247155.0,229017.0,-,259032.0,"Md. Jashim Uddin (Bangladesh Nationalist Party (BNP)) 51.9%, Mobarak Hossen (Bangladesh Jamaat-e-Islami (Jamaat)) 48.1%","Bangladesh Nationalist Party (BNP) (51.9%), Bangladesh Jamaat-e-Islami (Jamaat) (48.1%)",134485.0,0.5191829580901202,124547.0,0.48081704190987984,0.0,0.0,124547.0,0.48081704190987984,134485.0,0.5191829580901202,0.0,0.0,-,-,-,-,124547.0,-,-,-,-,-,-,-,134485.0,-,-,-,-,-,-,-,-,-,-,-,-,-,-,-,-,-
Cumilla 6,Chattogram,Cumilla,644777.0,324195.0,320575.0,7.0,321557.0,"Md. Monirul Haque Chowdhury (Bangladesh Nationalist Party (BNP)) 62.7%, Kazi Din Mohammed (Bangladesh Jamaat-e-Islami (Jamaat)) 37.3%","Bangladesh Nationalist Party (BNP) (62.7%), Bangladesh Jamaat-e-Islami (Jamaat) (37.3%)",201706.0,0.6272791449105446,119851.0,0.37272085508945535,0.0,0.0,119851.0,0.37272085508945535,201706.0,0.6272791449105446,0.0,0.0,-,-,-,-,119851.0,-,-,-,-,-,-,-,201706.0,-,-,-,-,-,-,-,-,-,-,-,-,-,-,-,-,-
Cumilla 7,Chattogram,Cumilla,329166.0,169361.0,159799.0,6.0,140199.0,"Atikul Alam (Independent Candidate (Independent)) 65.4%, Redwan Ahmed (Bangladesh Nationalist Party (BNP)) 34.6%","Independent Candidate (Independent) (65.4%), Bangladesh Nationalist Party (BNP) (34.6%)",48509.0,0.34600104137689996,0.0,0.0,0.0,0.0,0.0,0.0,48509.0,0.34600104137689996,0.0,0.0,-,-,-,-,-,-,-,-,-,-,-,-,48509.0,-,-,-,-,-,-,91690.0,-,-,-,-,-,-,-,-,-,-
Cumilla 8,Chattogram,Cumilla,380833.0,196098.0,184732.0,3.0,214269.0,"Zakaria Taher (Bangladesh Nationalist Party (BNP)) 79.0%, Md. Shafiqul Alam Helal (Bangladesh Jamaat-e-Islami (Jamaat)) 21.0%","Bangladesh Nationalist Party (BNP) (79.0%), Bangladesh Jamaat-e-Islami (Jamaat) (21.0%)",169178.0,0.7895589189290098,45091.0,0.21044108107099022,0.0,0.0,45091.0,0.21044108107099022,169178.0,0.7895589189290098,0.0,0.0,-,-,-,-,45091.0,-,-,-,-,-,-,-,169178.0,-,-,-,-,-,-,-,-,-,-,-,-,-,-,-,-,-
Cumilla 9,Chattogram,Cumilla,478535.0,247765.0,230769.0,1.0,288969.0,"Md. Abul Kalam (Bangladesh Nationalist Party (BNP)) 58.8%, Syed A. K. M. Sarowar Uddin Seddique (Bangladesh Jamaat-e-Islami (Jamaat)) 41.2%","Bangladesh Nationalist Party (BNP) (58.8%), Bangladesh Jamaat-e-Islami (Jamaat) (41.2%)",170008.0,0.5883260834207129,118961.0,0.41167391657928704,0.0,0.0,118961.0,0.41167391657928704,170008.0,0.5883260834207129,0.0,0.0,-,-,-,-,118961.0,-,-,-,-,-,-,-,170008.0,-,-,-,-,-,-,-,-,-,-,-,-,-,-,-,-,-
Cumilla 10,Chattogram,Cumilla,536227.0,276647.0,259579.0,1.0,287400.0,"Md. Mobasher Alam Bhuiyan (Bangladesh Nationalist Party (BNP)) 56.9%, Md. Yasin Arafath (Bangladesh Jamaat-e-Islami (Jamaat)) 43.1%","Bangladesh Nationalist Party (BNP) (56.9%), Bangladesh Jamaat-e-Islami (Jamaat) (43.1%)",163667.0,0.5694745998608212,123733.0,0.43052540013917884,0.0,0.0,123733.0,0.43052540013917884,163667.0,0.5694745998608212,0.0,0.0,-,-,-,-,123733.0,-,-,-,-,-,-,-,163667.0,-,-,-,-,-,-,-,-,-,-,-,-,-,-,-,-,-
Cumilla 11,Chattogram,Cumilla,421632.0,216923.0,204705.0,4.0,209946.0,"Syed Abdullah Mohammed Taher (Bangladesh Jamaat-e-Islami (Jamaat)) 63.5%, Md. Kamrul Huda (Bangladesh Nationalist Party (BNP)) 36.5%","Bangladesh Jamaat-e-Islami (Jamaat) (63.5%), Bangladesh Nationalist Party (BNP) (36.5%)",76638.0,0.3650367237289589,133308.0,0.6349632762710411,0.0,0.0,133308.0,0.6349632762710411,76638.0,0.3650367237289589,0.0,0.0,-,-,-,-,133308.0,-,-,-,-,-,-,-,76638.0,-,-,-,-,-,-,-,-,-,-,-,-,-,-,-,-,-
Dhaka 1,Dhaka,Dhaka,545140.0,276050.0,269085.0,5.0,286403.0,"Khondaker Abu Ashfaque (Bangladesh Nationalist Party (BNP)) 60.7%, Md. Nazrul Islam (Bangladesh Jamaat-e-Islami (Jamaat)) 39.3%","Bangladesh Nationalist Party (BNP) (60.7%), Bangladesh Jamaat-e-Islami (Jamaat) (39.3%)",173781.0,0.6067708787966607,112622.0,0.39322912120333936,0.0,0.0,112622.0,0.39322912120333936,173781.0,0.6067708787966607,0.0,0.0,-,-,-,-,112622.0,-,-,-,-,-,-,-,173781.0,-,-,-,-,-,-,-,-,-,-,-,-,-,-,-,-,-
Dhaka 2,Dhaka,Dhaka,419215.0,217908.0,201298.0,9.0,243846.0,"Md. Amanullah Aman (Bangladesh Nationalist Party (BNP)) 67.2%, Md. Abdul Haque (Bangladesh Jamaat-e-Islami (Jamaat)) 32.8%","Bangladesh Nationalist Party (BNP) (67.2%), Bangladesh Jamaat-e-Islami (Jamaat) (32.8%)",163793.0,0.6717067329380019,80053.0,0.32829326706199813,0.0,0.0,80053.0,0.32829326706199813,163793.0,0.6717067329380019,0.0,0.0,-,-,-,-,80053.0,-,-,-,-,-,-,-,163793.0,-,-,-,-,-,-,-,-,-,-,-,-,-,-,-,-,-
Dhaka 3,Dhaka,Dhaka,362159.0,184971.0,177184.0,4.0,182427.0,"Goyasawar Chandra Roy (Bangladesh Nationalist Party (BNP)) 54.4%, Md. Shahinur Islam (Bangladesh Jamaat-e-Islami (Jamaat)) 45.6%","Bangladesh Nationalist Party (BNP) (54.4%), Bangladesh Jamaat-e-Islami (Jamaat) (45.6%)",99163.0,0.5435763346434465,83264.0,0.4564236653565536,0.0,0.0,83264.0,0.4564236653565536,99163.0,0.5435763346434465,0.0,0.0,-,-,-,-,83264.0,-,-,-,-,-,-,-,99163.0,-,-,-,-,-,-,-,-,-,-,-,-,-,-,-,-,-
Dhaka 4,Dhaka,Dhaka,362506.0,186467.0,176034.0,5.0,151814.0,"Syed Joynul Abedin (Bangladesh Jamaat-e-Islami (Jamaat)) 51.0%, Tanveer Ahmed (Bangladesh Nationalist Party (BNP)) 49.0%","Bangladesh Jamaat-e-Islami (Jamaat) (51.0%), Bangladesh Nationalist Party (BNP) (49.0%)",74447.0,0.49038296863266895,77367.0,0.509617031367331,0.0,0.0,77367.0,0.509617031367331,74447.0,0.49038296863266895,0.0,0.0,-,-,-,-,77367.0,-,-,-,-,-,-,-,74447.0,-,-,-,-,-,-,-,-,-,-,-,-,-,-,-,-,-
Dhaka 5,Dhaka,Dhaka,419996.0,214594.0,205397.0,5.0,184132.0,"Mohammed Kamal Hossain (Bangladesh Jamaat-e-Islami (Jamaat)) 52.5%, Md. Nabi Ullah (Bangladesh Nationalist Party (BNP)) 47.5%","Bangladesh Jamaat-e-Islami (Jamaat) (52.5%), Bangladesh Nationalist Party (BNP) (47.5%)",87491.0,0.4751536940890231,96641.0,0.5248463059109769,0.0,0.0,96641.0,0.5248463059109769,87491.0,0.4751536940890231,0.0,0.0,-,-,-,-,96641.0,-,-,-,-,-,-,-,87491.0,-,-,-,-,-,-,-,-,-,-,-,-,-,-,-,-,-
Dhaka 6,Dhaka,Dhaka,292283.0,152519.0,139761.0,3.0,134547.0,"Ishraque Hossain (Bangladesh Nationalist Party (BNP)) 58.6%, Md. Abdul Mannan (Bangladesh Jamaat-e-Islami (Jamaat)) 41.4%","Bangladesh Nationalist Party (BNP) (58.6%), Bangladesh Jamaat-e-Islami (Jamaat) (41.4%)",78850.0,0.5860405657502583,55697.0,0.41395943424974174,0.0,0.0,55697.0,0.41395943424974174,78850.0,0.5860405657502583,0.0,0.0,-,-,-,-,55697.0,-,-,-,-,-,-,-,78850.0,-,-,-,-,-,-,-,-,-,-,-,-,-,-,-,-,-
Dhaka 7,Dhaka,Dhaka,479376.0,248481.0,230883.0,12.0,203149.0,"Hamidur Rahman (Bangladesh Nationalist Party (BNP)) 51.5%, Md. Enayat Ullah (Bangladesh Jamaat-e-Islami (Jamaat)) 48.5%","Bangladesh Nationalist Party (BNP) (51.5%), Bangladesh Jamaat-e-Islami (Jamaat) (48.5%)",104666.0,0.5152178942549557,98483.0,0.48478210574504427,0.0,0.0,98483.0,0.48478210574504427,104666.0,0.5152178942549557,0.0,0.0,-,-,-,-,98483.0,-,-,-,-,-,-,-,104666.0,-,-,-,-,-,-,-,-,-,-,-,-,-,-,-,-,-
Dhaka 8,Dhaka,Dhaka,275471.0,152795.0,122675.0,1.0,113493.0,"Mirza Abbas Uddin Ahmed (Bangladesh Nationalist Party (BNP)) 52.3%, Md. Nasiruddin Patwary (National Citizen Party (NCP)) 47.7%","Bangladesh Nationalist Party (BNP) (52.3%), National Citizen Party (NCP) (47.7%)",59366.0,0.5230807186346295,0.0,0.0,0.0,0.0,54127.0,0.47691928136537054,59366.0,0.5230807186346295,0.0,0.0,-,-,-,-,-,-,-,-,-,-,-,-,59366.0,-,-,-,-,-,-,-,-,-,-,-,-,-,-,-,54127.0,-
Dhaka 9,Dhaka,Dhaka,469360.0,237673.0,231682.0,5.0,164672.0,"Habibur Rashid (Bangladesh Nationalist Party (BNP)) 67.5%, Md. Javed Mia (National Citizen Party (NCP)) 32.5%","Bangladesh Nationalist Party (BNP) (67.5%), National Citizen Party (NCP) (32.5%)",111212.0,0.6753546443839875,0.0,0.0,0.0,0.0,53460.0,0.32464535561601243,111212.0,0.6753546443839875,0.0,0.0,-,-,-,-,-,-,-,-,-,-,-,-,111212.0,-,-,-,-,-,-,-,-,-,-,-,-,-,-,-,53460.0,-
Dhaka 10,Dhaka,Dhaka,388660.0,204604.0,184050.0,6.0,157572.0,"Shaikh Rabiul Alam (Bangladesh Nationalist Party (BNP)) 51.0%, Md. Jashim Uddin Sarker (Bangladesh Jamaat-e-Islami (Jamaat)) 49.0%","Bangladesh Nationalist Party (BNP) (51.0%), Bangladesh Jamaat-e-Islami (Jamaat) (49.0%)",80436.0,0.5104714035488539,77136.0,0.48952859645114616,0.0,0.0,77136.0,0.48952859645114616,80436.0,0.5104714035488539,0.0,0.0,-,-,-,-,77136.0,-,-,-,-,-,-,-,80436.0,-,-,-,-,-,-,-,-,-,-,-,-,-,-,-,-,-
Dhaka 11,Dhaka,Dhaka,439078.0,222877.0,216198.0,3.0,185705.0,"Md. Nahid Islam (National Citizen Party (NCP)) 50.5%, M. A. Quayum (Bangladesh Nationalist Party (BNP)) 49.5%","National Citizen Party (NCP) (50.5%), Bangladesh Nationalist Party (BNP) (49.5%)",91833.0,0.49451011012089063,0.0,0.0,0.0,0.0,93872.0,0.5054898898791094,91833.0,0.49451011012089063,0.0,0.0,-,-,-,-,-,-,-,-,-,-,-,-,91833.0,-,-,-,-,-,-,-,-,-,-,-,-,-,-,-,93872.0,-
Dhaka 12,Dhaka,Dhaka,333320.0,174349.0,158968.0,3.0,84736.0,"Md. Saiful Alam (Bangladesh Jamaat-e-Islami (Jamaat)) 63.5%, Saiful Haq (Revolutionary Workers Party of Bangladesh (RWPB)) 36.5%","Bangladesh Jamaat-e-Islami (Jamaat) (63.5%), Revolutionary Workers Party of Bangladesh (RWPB) (36.5%)",0.0,0.0,53773.0,0.6345945052870091,30963.0,0.36540549471299094,53773.0,0.6345945052870091,30963.0,0.36540549471299094,0.0,0.0,-,-,-,-,53773.0,-,-,-,-,-,-,-,-,-,-,-,-,-,-,-,-,-,-,-,-,-,-,-,-,30963.0
Dhaka 13,Dhaka,Dhaka,408791.0,209812.0,198971.0,8.0,174454.0,"Bobby Hajjaj (Bangladesh Nationalist Party (BNP)) 50.7%, Md. Mamunul Haque (Bangladesh Khelafat Majlish (BKM)) 49.3%","Bangladesh Nationalist Party (BNP) (50.7%), Bangladesh Khelafat Majlish (BKM) (49.3%)",88387.0,0.5066493172985429,0.0,0.0,0.0,0.0,86067.0,0.4933506827014571,88387.0,0.5066493172985429,0.0,0.0,-,-,-,-,-,-,-,-,86067.0,-,-,-,88387.0,-,-,-,-,-,-,-,-,-,-,-,-,-,-,-,-,-
Dhaka 14,Dhaka,Dhaka,456044.0,232066.0,223974.0,4.0,184436.0,"Mir Ahmad Binqasem (Bangladesh Jamaat-e-Islami (Jamaat)) 54.8%, Sanjida Islam (Bangladesh Nationalist Party (BNP)) 45.2%","Bangladesh Jamaat-e-Islami (Jamaat) (54.8%), Bangladesh Nationalist Party (BNP) (45.2%)",83323.0,0.4517718883515149,101113.0,0.5482281116484851,0.0,0.0,101113.0,0.5482281116484851,83323.0,0.4517718883515149,0.0,0.0,-,-,-,-,101113.0,-,-,-,-,-,-,-,83323.0,-,-,-,-,-,-,-,-,-,-,-,-,-,-,-,-,-
Dhaka 15,Dhaka,Dhaka,351718.0,179616.0,172098.0,4.0,148648.0,"Md. Shafiqur Rahman (Bangladesh Jamaat-e-Islami (Jamaat)) 57.3%, Md. Shafiqul Islam Khan (Bangladesh Nationalist Party (BNP)) 42.7%","Bangladesh Jamaat-e-Islami (Jamaat) (57.3%), Bangladesh Nationalist Party (BNP) (42.7%)",63517.0,0.4272980463914752,85131.0,0.5727019536085248,0.0,0.0,85131.0,0.5727019536085248,63517.0,0.4272980463914752,0.0,0.0,-,-,-,-,85131.0,-,-,-,-,-,-,-,63517.0,-,-,-,-,-,-,-,-,-,-,-,-,-,-,-,-,-
Dhaka 16,Dhaka,Dhaka,400499.0,201168.0,199323.0,8.0,174295.0,"Md. Abdul Baten (Bangladesh Jamaat-e-Islami (Jamaat)) 51.0%, Md. Aminul Haque (Bangladesh Nationalist Party (BNP)) 49.0%","Bangladesh Jamaat-e-Islami (Jamaat) (51.0%), Bangladesh Nationalist Party (BNP) (49.0%)",85467.0,0.49035830058234603,88828.0,0.509641699417654,0.0,0.0,88828.0,0.509641699417654,85467.0,0.49035830058234603,0.0,0.0,-,-,-,-,88828.0,-,-,-,-,-,-,-,85467.0,-,-,-,-,-,-,-,-,-,-,-,-,-,-,-,-,-
Dhaka 17,Dhaka,Dhaka,333777.0,174709.0,159060.0,8.0,140999.0,"Tarique Rahman (Bangladesh Nationalist Party (BNP)) 51.6%, S. M. Khaliduzzaman (Bangladesh Jamaat-e-Islami (Jamaat)) 48.4%","Bangladesh Nationalist Party (BNP) (51.6%), Bangladesh Jamaat-e-Islami (Jamaat) (48.4%)",72699.0,0.5155994014141945,68300.0,0.4844005985858056,0.0,0.0,68300.0,0.4844005985858056,72699.0,0.5155994014141945,0.0,0.0,-,-,-,-,68300.0,-,-,-,-,-,-,-,72699.0,-,-,-,-,-,-,-,-,-,-,-,-,-,-,-,-,-
Dhaka 18,Dhaka,Dhaka,613883.0,313050.0,300827.0,6.0,256012.0,"S. M. Jahangir Hossain (Bangladesh Nationalist Party (BNP)) 56.5%, Ariful Islam (National Citizen Party (NCP)) 43.5%","Bangladesh Nationalist Party (BNP) (56.5%), National Citizen Party (NCP) (43.5%)",144715.0,0.5652664718841305,0.0,0.0,0.0,0.0,111297.0,0.43473352811586957,144715.0,0.5652664718841305,0.0,0.0,-,-,-,-,-,-,-,-,-,-,-,-,144715.0,-,-,-,-,-,-,-,-,-,-,-,-,-,-,-,111297.0,-
Dhaka 19,Dhaka,Dhaka,747070.0,379906.0,367151.0,13.0,314259.0,"Dewan Md. Salahuddin (Bangladesh Nationalist Party (BNP)) 60.8%, Dilshana Parul (National Citizen Party (NCP)) 39.2%","Bangladesh Nationalist Party (BNP) (60.8%), National Citizen Party (NCP) (39.2%)",190976.0,0.6077025638088328,0.0,0.0,0.0,0.0,123283.0,0.39229743619116714,190976.0,0.6077025638088328,0.0,0.0,-,-,-,-,-,-,-,-,-,-,-,-,190976.0,-,-,-,-,-,-,-,-,-,-,-,-,-,-,-,123283.0,-
Dhaka 20,Dhaka,Dhaka,376639.0,187835.0,188802.0,2.0,220291.0,"Md. Tamiz Uddin (Bangladesh Nationalist Party (BNP)) 73.8%, Nabila Tasnid (National Citizen Party (NCP)) 26.2%","Bangladesh Nationalist Party (BNP) (73.8%), National Citizen Party (NCP) (26.2%)",162504.0,0.7376787975904598,0.0,0.0,0.0,0.0,57787.0,0.2623212024095401,162504.0,0.7376787975904598,0.0,0.0,-,-,-,-,-,-,-,-,-,-,-,-,162504.0,-,-,-,-,-,-,-,-,-,-,-,-,-,-,-,57787.0,-
Dinajpur 1,Rangpur,Dinajpur,417133.0,208919.0,208212.0,2.0,296795.0,"Md. Monjurul Islam (Bangladesh Nationalist Party (BNP)) 60.4%, Md. Matiur Rahman (Bangladesh Jamaat-e-Islami (Jamaat)) 39.6%","Bangladesh Nationalist Party (BNP) (60.4%), Bangladesh Jamaat-e-Islami (Jamaat) (39.6%)",179314.0,0.6041678599706868,117481.0,0.39583214002931316,0.0,0.0,117481.0,0.39583214002931316,179314.0,0.6041678599706868,0.0,0.0,-,-,-,-,117481.0,-,-,-,-,-,-,-,179314.0,-,-,-,-,-,-,-,-,-,-,-,-,-,-,-,-,-
Dinajpur 2,Rangpur,Dinajpur,371478.0,187112.0,184366.0,-,246148.0,"Md. Sadiq Reaz (Bangladesh Nationalist Party (BNP)) 58.6%, A. K. M. Afjalul Anam (Bangladesh Jamaat-e-Islami (Jamaat)) 41.4%","Bangladesh Nationalist Party (BNP) (58.6%), Bangladesh Jamaat-e-Islami (Jamaat) (41.4%)",144317.0,0.5863017371662577,101831.0,0.4136982628337423,0.0,0.0,101831.0,0.4136982628337423,144317.0,0.5863017371662577,0.0,0.0,-,-,-,-,101831.0,-,-,-,-,-,-,-,144317.0,-,-,-,-,-,-,-,-,-,-,-,-,-,-,-,-,-
Dinajpur 3,Rangpur,Dinajpur,415636.0,205486.0,210148.0,2.0,273825.0,"Syed Jahangir Alam (Bangladesh Nationalist Party (BNP)) 50.8%, Md. Maynul Alam (Bangladesh Jamaat-e-Islami (Jamaat)) 49.2%","Bangladesh Nationalist Party (BNP) (50.8%), Bangladesh Jamaat-e-Islami (Jamaat) (49.2%)",139207.0,0.5083794394229891,134618.0,0.49162056057701087,0.0,0.0,134618.0,0.49162056057701087,139207.0,0.5083794394229891,0.0,0.0,-,-,-,-,134618.0,-,-,-,-,-,-,-,139207.0,-,-,-,-,-,-,-,-,-,-,-,-,-,-,-,-,-
Dinajpur 4,Rangpur,Dinajpur,421278.0,211304.0,209972.0,2.0,293243.0,"Akhtaruzzaman Mia (Bangladesh Nationalist Party (BNP)) 56.5%, Md. Aftab Uddin Molla (Bangladesh Jamaat-e-Islami (Jamaat)) 43.5%","Bangladesh Nationalist Party (BNP) (56.5%), Bangladesh Jamaat-e-Islami (Jamaat) (43.5%)",165577.0,0.5646409291952408,127666.0,0.4353590708047592,0.0,0.0,127666.0,0.4353590708047592,165577.0,0.5646409291952408,0.0,0.0,-,-,-,-,127666.0,-,-,-,-,-,-,-,165577.0,-,-,-,-,-,-,-,-,-,-,-,-,-,-,-,-,-
Dinajpur 5,Rangpur,Dinajpur,477516.0,238583.0,238930.0,3.0,222598.0,"A. Z. M. Rezwanul Haque (Independent Candidate (Independent)) 51.1%, Md. Abdul Ahad (National Citizen Party (NCP)) 48.9%","Independent Candidate (Independent) (51.1%), National Citizen Party (NCP) (48.9%)",0.0,0.0,0.0,0.0,0.0,0.0,108948.0,0.4894383597336903,0.0,0.0,0.0,0.0,-,-,-,-,-,-,-,-,-,-,-,-,-,-,-,-,-,-,-,113650.0,-,-,-,-,-,-,-,-,108948.0,-
Dinajpur 6,Rangpur,Dinajpur,557692.0,278086.0,279593.0,13.0,392606.0,"Abu Zafar Md. Zahid Hossain (Bangladesh Nationalist Party (BNP)) 51.9%, Md. Anowarul Islam (Bangladesh Jamaat-e-Islami (Jamaat)) 48.1%","Bangladesh Nationalist Party (BNP) (51.9%), Bangladesh Jamaat-e-Islami (Jamaat) (48.1%)",203887.0,0.5193170761526823,188719.0,0.48068292384731764,0.0,0.0,188719.0,0.48068292384731764,203887.0,0.5193170761526823,0.0,0.0,-,-,-,-,188719.0,-,-,-,-,-,-,-,203887.0,-,-,-,-,-,-,-,-,-,-,-,-,-,-,-,-,-
Faridpur 1,Dhaka,Faridpur,510540.0,259335.0,251204.0,1.0,281247.0,"Md. Elias Molla (Bangladesh Jamaat-e-Islami (Jamaat)) 55.0%, Khandaker Nasirul Islam (Bangladesh Nationalist Party (BNP)) 45.0%","Bangladesh Jamaat-e-Islami (Jamaat) (55.0%), Bangladesh Nationalist Party (BNP) (45.0%)",126475.0,0.4496936856215355,154772.0,0.5503063143784644,0.0,0.0,154772.0,0.5503063143784644,126475.0,0.4496936856215355,0.0,0.0,-,-,-,-,154772.0,-,-,-,-,-,-,-,126475.0,-,-,-,-,-,-,-,-,-,-,-,-,-,-,-,-,-
Faridpur 2,Dhaka,Faridpur,332041.0,172904.0,159137.0,-,210999.0,"Shama Obaid Islam (Bangladesh Nationalist Party (BNP)) 57.7%, Md. Akram Ali (Bangladesh Khelafat Majlish (BKM)) 42.3%","Bangladesh Nationalist Party (BNP) (57.7%), Bangladesh Khelafat Majlish (BKM) (42.3%)",121694.0,0.5767515485855383,0.0,0.0,0.0,0.0,89305.0,0.42324845141446166,121694.0,0.5767515485855383,0.0,0.0,-,-,-,-,-,-,-,-,89305.0,-,-,-,121694.0,-,-,-,-,-,-,-,-,-,-,-,-,-,-,-,-,-
Faridpur 3,Dhaka,Faridpur,432628.0,216022.0,216600.0,6.0,272660.0,"Nayab Yusuf Ahmed (Bangladesh Nationalist Party (BNP)) 54.5%, Md. Abdut Tawab (Bangladesh Jamaat-e-Islami (Jamaat)) 45.5%","Bangladesh Nationalist Party (BNP) (54.5%), Bangladesh Jamaat-e-Islami (Jamaat) (45.5%)",148545.0,0.5447993838480159,124115.0,0.45520061615198415,0.0,0.0,124115.0,0.45520061615198415,148545.0,0.5447993838480159,0.0,0.0,-,-,-,-,124115.0,-,-,-,-,-,-,-,148545.0,-,-,-,-,-,-,-,-,-,-,-,-,-,-,-,-,-
Faridpur 4,Dhaka,Faridpur,496706.0,254655.0,242050.0,1.0,203248.0,"Md. Shahidul Islam (Bangladesh Nationalist Party (BNP)) 62.7%, Md. Sarwar Hossain (Bangladesh Jamaat-e-Islami (Jamaat)) 37.3%","Bangladesh Nationalist Party (BNP) (62.7%), Bangladesh Jamaat-e-Islami (Jamaat) (37.3%)",127443.0,0.6270320003148863,75805.0,0.37296799968511374,0.0,0.0,75805.0,0.37296799968511374,127443.0,0.6270320003148863,0.0,0.0,-,-,-,-,75805.0,-,-,-,-,-,-,-,127443.0,-,-,-,-,-,-,-,-,-,-,-,-,-,-,-,-,-
Feni 1,Chattogram,Feni,385652.0,198759.0,186890.0,3.0,212495.0,"Munshi Rafiqul Alam (Bangladesh Nationalist Party (BNP)) 56.4%, S. M. Kamal Uddin (Bangladesh Jamaat-e-Islami (Jamaat)) 40.3%, Kazi Golam Kibria (Islami Andolan Bangladesh (IAB)) 2.5%","Bangladesh Nationalist Party (BNP) (56.4%), Bangladesh Jamaat-e-Islami (Jamaat) (40.3%), Islami Andolan Bangladesh (IAB) (2.5%)",119904.0,0.5642673945269301,85615.0,0.40290359773171136,0.0,0.0,85925.0,0.4043624555871903,119904.0,0.5642673945269301,0.0,0.0,-,215.0,-,-,85615.0,-,-,310.0,-,-,188.0,-,119904.0,-,-,-,-,-,-,-,-,5323.0,-,-,-,940.0,-,-,-,-
Feni 2,Chattogram,Feni,437078.0,225881.0,211194.0,3.0,211268.0,"Joynal Abdin (Bangladesh Nationalist Party (BNP)) 62.1%, Md. Mujibur Rahman Bhuiyan (Amar Bangladesh Party (AB)) 37.9%","Bangladesh Nationalist Party (BNP) (62.1%), Amar Bangladesh Party (AB) (37.9%)",131210.0,0.6210595073555862,0.0,0.0,0.0,0.0,80058.0,0.3789404926444137,131210.0,0.6210595073555862,0.0,0.0,80058.0,-,-,-,-,-,-,-,-,-,-,-,131210.0,-,-,-,-,-,-,-,-,-,-,-,-,-,-,-,-,-
Feni 3,Chattogram,Feni,508194.0,263227.0,244965.0,2.0,265585.0,"Mr. Abdul Awal Mintu (Bangladesh Nationalist Party (BNP)) 59.3%, Md. Fakhruddin (Bangladesh Jamaat-e-Islami (Jamaat)) 40.7%","Bangladesh Nationalist Party (BNP) (59.3%), Bangladesh Jamaat-e-Islami (Jamaat) (40.7%)",157425.0,0.5927480844174181,108160.0,0.40725191558258184,0.0,0.0,108160.0,0.40725191558258184,157425.0,0.5927480844174181,0.0,0.0,-,-,-,-,108160.0,-,-,-,-,-,-,-,157425.0,-,-,-,-,-,-,-,-,-,-,-,-,-,-,-,-,-
Gaibandha 1,Rangpur,Gaibandha,419111.0,207573.0,211535.0,3.0,178723.0,"Md. Mazedur Rahman (Bangladesh Jamaat-e-Islami (Jamaat)) 78.7%, Khandoker Ziaul Islam Md. Ali (Bangladesh Nationalist Party (BNP)) 21.3%","Bangladesh Jamaat-e-Islami (Jamaat) (78.7%), Bangladesh Nationalist Party (BNP) (21.3%)",37997.0,0.2126027427919182,140726.0,0.7873972572080817,0.0,0.0,140726.0,0.7873972572080817,37997.0,0.2126027427919182,0.0,0.0,-,-,-,-,140726.0,-,-,-,-,-,-,-,37997.0,-,-,-,-,-,-,-,-,-,-,-,-,-,-,-,-,-
Gaibandha 2,Rangpur,Gaibandha,411460.0,202034.0,209415.0,11.0,215520.0,"Md. Abdul Karim (Bangladesh Jamaat-e-Islami (Jamaat)) 56.9%, Md. Anisuzzaman Khan Babu (Bangladesh Nationalist Party (BNP)) 43.1%","Bangladesh Jamaat-e-Islami (Jamaat) (56.9%), Bangladesh Nationalist Party (BNP) (43.1%)",92890.0,0.4310040831477357,122630.0,0.5689959168522642,0.0,0.0,122630.0,0.5689959168522642,92890.0,0.4310040831477357,0.0,0.0,-,-,-,-,122630.0,-,-,-,-,-,-,-,92890.0,-,-,-,-,-,-,-,-,-,-,-,-,-,-,-,-,-
Gaibandha 3,Rangpur,Gaibandha,506185.0,248901.0,257275.0,9.0,303321.0,"Abul Kausar Md. Nazrul Islam (Bangladesh Jamaat-e-Islami (Jamaat)) 53.9%, Syed Mainul Hassain Sadik (Bangladesh Nationalist Party (BNP)) 46.1%","Bangladesh Jamaat-e-Islami (Jamaat) (53.9%), Bangladesh Nationalist Party (BNP) (46.1%)",139864.0,0.46110885827225945,163457.0,0.5388911417277406,0.0,0.0,163457.0,0.5388911417277406,139864.0,0.46110885827225945,0.0,0.0,-,-,-,-,163457.0,-,-,-,-,-,-,-,139864.0,-,-,-,-,-,-,-,-,-,-,-,-,-,-,-,-,-
Gaibandha 4,Rangpur,Gaibandha,468384.0,231616.0,236758.0,10.0,282510.0,"Md. Shamim Kaiser (Bangladesh Nationalist Party (BNP)) 50.5%, Md. Abdur Rahim Sarkar (Bangladesh Jamaat-e-Islami (Jamaat)) 49.5%","Bangladesh Nationalist Party (BNP) (50.5%), Bangladesh Jamaat-e-Islami (Jamaat) (49.5%)",142772.0,0.5053697214257903,139738.0,0.49463027857420977,0.0,0.0,139738.0,0.49463027857420977,142772.0,0.5053697214257903,0.0,0.0,-,-,-,-,139738.0,-,-,-,-,-,-,-,142772.0,-,-,-,-,-,-,-,-,-,-,-,-,-,-,-,-,-
Gaibandha 5,Rangpur,Gaibandha,385261.0,192277.0,192981.0,3.0,162757.0,"Md. Abdul Wares (Bangladesh Jamaat-e-Islami (Jamaat)) 54.9%, Md. Faruk Alam Sarker (Bangladesh Nationalist Party (BNP)) 45.1%","Bangladesh Jamaat-e-Islami (Jamaat) (54.9%), Bangladesh Nationalist Party (BNP) (45.1%)",73483.0,0.4514890296577106,89274.0,0.5485109703422895,0.0,0.0,89274.0,0.5485109703422895,73483.0,0.4514890296577106,0.0,0.0,-,-,-,-,89274.0,-,-,-,-,-,-,-,73483.0,-,-,-,-,-,-,-,-,-,-,-,-,-,-,-,-,-
Gazipur 1,Dhaka,Gazipur,720939.0,360234.0,360693.0,12.0,358241.0,"Md. Muzibur Rahman (Bangladesh Nationalist Party (BNP)) 58.3%, Md. Shah Alam Bakshi (Bangladesh Jamaat-e-Islami (Jamaat)) 41.7%","Bangladesh Nationalist Party (BNP) (58.3%), Bangladesh Jamaat-e-Islami (Jamaat) (41.7%)",208688.0,0.5825352207033813,149553.0,0.41746477929661874,0.0,0.0,149553.0,0.41746477929661874,208688.0,0.5825352207033813,0.0,0.0,-,-,-,-,149553.0,-,-,-,-,-,-,-,208688.0,-,-,-,-,-,-,-,-,-,-,-,-,-,-,-,-,-
Gazipur 2,Dhaka,Gazipur,804333.0,400402.0,403918.0,13.0,329556.0,"M. Manjurul Karim Roni (Bangladesh Nationalist Party (BNP)) 57.2%, Ali Naser Khan (National Citizen Party (NCP)) 42.8%","Bangladesh Nationalist Party (BNP) (57.2%), National Citizen Party (NCP) (42.8%)",188606.0,0.5723033414654869,0.0,0.0,0.0,0.0,140950.0,0.4276966585345131,188606.0,0.5723033414654869,0.0,0.0,-,-,-,-,-,-,-,-,-,-,-,-,188606.0,-,-,-,-,-,-,-,-,-,-,-,-,-,-,-,140950.0,-
Gazipur 3,Dhaka,Gazipur,527360.0,260191.0,267162.0,7.0,262882.0,"S. M. Rafiqul Islam (Bangladesh Nationalist Party (BNP)) 61.8%, Md. Ehsanul Haque (Bangladesh Khelafat Majlish (BKM)) 38.2%","Bangladesh Nationalist Party (BNP) (61.8%), Bangladesh Khelafat Majlish (BKM) (38.2%)",162343.0,0.6175508403009715,0.0,0.0,0.0,0.0,100539.0,0.3824491596990285,162343.0,0.6175508403009715,0.0,0.0,-,-,-,-,-,-,-,-,100539.0,-,-,-,162343.0,-,-,-,-,-,-,-,-,-,-,-,-,-,-,-,-,-
Gazipur 4,Dhaka,Gazipur,330977.0,164429.0,166548.0,-,192169.0,"Salah Uddin (Bangladesh Jamaat-e-Islami (Jamaat)) 53.0%, Shah Reazul Hannan (Bangladesh Nationalist Party (BNP)) 47.0%","Bangladesh Jamaat-e-Islami (Jamaat) (53.0%), Bangladesh Nationalist Party (BNP) (47.0%)",90390.0,0.47036722884544335,101779.0,0.5296327711545566,0.0,0.0,101779.0,0.5296327711545566,90390.0,0.47036722884544335,0.0,0.0,-,-,-,-,101779.0,-,-,-,-,-,-,-,90390.0,-,-,-,-,-,-,-,-,-,-,-,-,-,-,-,-,-
Gazipur 5,Dhaka,Gazipur,354643.0,179093.0,175548.0,2.0,211992.0,"A. K. M. Fazlul Haque Milan (Bangladesh Nationalist Party (BNP)) 63.1%, Md. Khairul Hassan (Bangladesh Jamaat-e-Islami (Jamaat)) 36.9%","Bangladesh Nationalist Party (BNP) (63.1%), Bangladesh Jamaat-e-Islami (Jamaat) (36.9%)",133869.0,0.6314813766557229,78123.0,0.36851862334427715,0.0,0.0,78123.0,0.36851862334427715,133869.0,0.6314813766557229,0.0,0.0,-,-,-,-,78123.0,-,-,-,-,-,-,-,133869.0,-,-,-,-,-,-,-,-,-,-,-,-,-,-,-,-,-
Gopalganj 1,Dhaka,Gopalganj,399510.0,202816.0,196694.0,-,123791.0,"Md. Selimuzzaman Molla (Bangladesh Nationalist Party (BNP)) 56.1%, Md. Kabir Mia (Gono Odhikar Parishad (GOP)) 43.9%","Bangladesh Nationalist Party (BNP) (56.1%), Gono Odhikar Parishad (GOP) (43.9%)",69462.0,0.5611231834301362,0.0,0.0,0.0,0.0,0.0,0.0,123791.0,1.0,0.0,0.0,-,-,-,-,-,-,-,-,-,-,-,-,69462.0,-,-,-,-,-,54329.0,-,-,-,-,-,-,-,-,-,-,-
Gopalganj 2,Dhaka,Gopalganj,384326.0,194060.0,190262.0,4.0,73087.0,"K. M. Babar (Bangladesh Nationalist Party (BNP)) 54.8%, M. H. Khan Manju (Independent Candidate (Independent)) 45.2%","Bangladesh Nationalist Party (BNP) (54.8%), Independent Candidate (Independent) (45.2%)",40048.0,0.5479497037776896,0.0,0.0,0.0,0.0,0.0,0.0,40048.0,0.5479497037776896,0.0,0.0,-,-,-,-,-,-,-,-,-,-,-,-,40048.0,-,-,-,-,-,-,33039.0,-,-,-,-,-,-,-,-,-,-
Gopalganj 3,Dhaka,Gopalganj,308784.0,158403.0,150380.0,1.0,95330.0,"S. M. Zilany (Bangladesh Nationalist Party (BNP)) 64.0%, Gobinda Chandra Pramanik (Independent Candidate (Independent)) 36.0%","Bangladesh Nationalist Party (BNP) (64.0%), Independent Candidate (Independent) (36.0%)",60991.0,0.6397881044791776,0.0,0.0,0.0,0.0,0.0,0.0,60991.0,0.6397881044791776,0.0,0.0,-,-,-,-,-,-,-,-,-,-,-,-,60991.0,-,-,-,-,-,-,34339.0,-,-,-,-,-,-,-,-,-,-
Habiganj 1,Sylhet,Habiganj,466921.0,236576.0,230340.0,5.0,168131.0,"Reza Kibria (Bangladesh Nationalist Party (BNP)) 66.6%, Sirajul Islam (Bangladesh Khelafat Majlish (BKM)) 33.4%","Bangladesh Nationalist Party (BNP) (66.6%), Bangladesh Khelafat Majlish (BKM) (33.4%)",111999.0,0.6661412826902832,0.0,0.0,0.0,0.0,56132.0,0.33385871730971683,111999.0,0.6661412826902832,0.0,0.0,-,-,-,-,-,-,-,-,56132.0,-,-,-,111999.0,-,-,-,-,-,-,-,-,-,-,-,-,-,-,-,-,-
Habiganj 2,Sylhet,Habiganj,394756.0,200162.0,194590.0,4.0,192345.0,"Abu Mansur Sakhawat Hasan (Bangladesh Nationalist Party (BNP)) 65.8%, Abdul Basit Azad (Khelafat Majlis) 34.2%","Bangladesh Nationalist Party (BNP) (65.8%), Khelafat Majlis (34.2%)",126583.0,0.6581039278379994,0.0,0.0,0.0,0.0,65762.0,0.3418960721620006,126583.0,0.6581039278379994,0.0,0.0,-,-,-,-,-,-,-,-,-,-,-,-,126583.0,-,-,-,-,-,-,-,-,-,-,-,-,-,-,65762.0,-,-
Habiganj 3,Sylhet,Habiganj,419573.0,213298.0,206262.0,13.0,208883.0,"Alhaj Md. G. K. Gaus (Bangladesh Nationalist Party (BNP)) 68.1%, Kazi Mohsin Ahmed (Bangladesh Jamaat-e-Islami (Jamaat)) 21.8%, S. M. Sarwar (Islamic Front Bangladesh (IFB)) 6.8%","Bangladesh Nationalist Party (BNP) (68.1%), Bangladesh Jamaat-e-Islami (Jamaat) (21.8%), Islamic Front Bangladesh (IFB) (6.8%)",142348.0,0.6814724032113672,45568.0,0.21815083084789091,0.0,0.0,45568.0,0.21815083084789091,142348.0,0.6814724032113672,0.0,0.0,-,-,-,-,45568.0,-,-,-,-,-,-,-,142348.0,-,-,132.0,-,-,-,-,-,5443.0,14133.0,-,-,1259.0,-,-,-,-
Habiganj 4,Sylhet,Habiganj,552711.0,278660.0,274049.0,2.0,301965.0,"S. M. Faisal (Bangladesh Nationalist Party (BNP)) 62.3%, Md. Gias Uddin (Islamic Front Bangladesh (IFB)) 27.9%, Ahmed Abdul Quader (Khelafat Majlis) 8.8%","Bangladesh Nationalist Party (BNP) (62.3%), Islamic Front Bangladesh (IFB) (27.9%), Khelafat Majlis (8.8%)",188072.0,0.6228271488417532,0.0,0.0,329.0,0.001089530243571275,26466.0,0.08764591922904973,188072.0,0.6228271488417532,0.0,0.0,-,-,-,-,-,-,-,-,-,-,536.0,-,188072.0,-,329.0,484.0,-,-,-,619.0,484.0,-,84323.0,-,-,-,-,26466.0,-,-
Jamalpur 1,Mymensingh,Jamalpur,431707.0,216207.0,215498.0,2.0,271476.0,"M. Rashiduzzaman Millat (Bangladesh Nationalist Party (BNP)) 64.0%, Md. Nazmul Haque Sayeedi (Bangladesh Jamaat-e-Islami (Jamaat)) 36.0%","Bangladesh Nationalist Party (BNP) (64.0%), Bangladesh Jamaat-e-Islami (Jamaat) (36.0%)",173656.0,0.6396734886325126,97820.0,0.3603265113674874,0.0,0.0,97820.0,0.3603265113674874,173656.0,0.6396734886325126,0.0,0.0,-,-,-,-,97820.0,-,-,-,-,-,-,-,173656.0,-,-,-,-,-,-,-,-,-,-,-,-,-,-,-,-,-
Jamalpur 2,Mymensingh,Jamalpur,282103.0,144469.0,137633.0,1.0,158294.0,"A. E. Sultan Mahmud Babu (Bangladesh Nationalist Party (BNP)) 60.6%, Md. Samiul Haque (Bangladesh Jamaat-e-Islami (Jamaat)) 39.4%","Bangladesh Nationalist Party (BNP) (60.6%), Bangladesh Jamaat-e-Islami (Jamaat) (39.4%)",95860.0,0.6055820182698017,62434.0,0.39441798173019826,0.0,0.0,62434.0,0.39441798173019826,95860.0,0.6055820182698017,0.0,0.0,-,-,-,-,62434.0,-,-,-,-,-,-,-,95860.0,-,-,-,-,-,-,-,-,-,-,-,-,-,-,-,-,-
Jamalpur 3,Mymensingh,Jamalpur,539504.0,274257.0,265241.0,6.0,288842.0,"Md. Mustafizur Rahman Babul (Bangladesh Nationalist Party (BNP)) 71.8%, Md. Mujibur Rahman Azadi (Bangladesh Jamaat-e-Islami (Jamaat)) 28.2%","Bangladesh Nationalist Party (BNP) (71.8%), Bangladesh Jamaat-e-Islami (Jamaat) (28.2%)",207412.0,0.7180811654814743,81430.0,0.2819188345185257,0.0,0.0,81430.0,0.2819188345185257,207412.0,0.7180811654814743,0.0,0.0,-,-,-,-,81430.0,-,-,-,-,-,-,-,207412.0,-,-,-,-,-,-,-,-,-,-,-,-,-,-,-,-,-
Jamalpur 4,Mymensingh,Jamalpur,304992.0,151527.0,153464.0,1.0,147406.0,Md. Faridul Kabir Talukder (Bangladesh Nationalist Party (BNP)) 100.0%,Bangladesh Nationalist Party (BNP) (100.0%),147406.0,1.0,0.0,0.0,0.0,0.0,0.0,0.0,147406.0,1.0,0.0,0.0,-,-,-,-,-,-,-,-,-,-,-,-,147406.0,-,-,-,-,-,-,-,-,-,-,-,-,-,-,-,-,-
Jamalpur 5,Mymensingh,Jamalpur,576810.0,281747.0,295053.0,10.0,312545.0,"Shah Md. Wares Ali Mamun (Bangladesh Nationalist Party (BNP)) 63.8%, Md. Abdus Sattar (Bangladesh Jamaat-e-Islami (Jamaat)) 36.2%","Bangladesh Nationalist Party (BNP) (63.8%), Bangladesh Jamaat-e-Islami (Jamaat) (36.2%)",199344.0,0.6378089555104065,113201.0,0.3621910444895935,0.0,0.0,113201.0,0.3621910444895935,199344.0,0.6378089555104065,0.0,0.0,-,-,-,-,113201.0,-,-,-,-,-,-,-,199344.0,-,-,-,-,-,-,-,-,-,-,-,-,-,-,-,-,-
Jashore 1,Khulna,Jashore,-,-,-,-,215801.0,"Md. Azizur Rahman (Bangladesh Jamaat-e-Islami (Jamaat)) 55.2%, Md. Nuruzzaman Liton (Bangladesh Nationalist Party (BNP)) 43.3%, Md. Baktiar Rahman (Islami Andolan Bangladesh (IAB)) 0.8%","Bangladesh Jamaat-e-Islami (Jamaat) (55.2%), Bangladesh Nationalist Party (BNP) (43.3%), Islami Andolan Bangladesh (IAB) (0.8%)",93542.0,0.4334641637434488,119093.0,0.5518649125814987,0.0,0.0,119093.0,0.5518649125814987,93542.0,0.4334641637434488,0.0,0.0,-,-,-,-,119093.0,-,-,-,-,-,-,-,93542.0,-,-,-,-,-,-,-,-,1768.0,-,-,-,1398.0,-,-,-,-
Jashore 2,Khulna,Jashore,-,-,-,-,334891.0,"Md. Moslehuddin Farid (Bangladesh Jamaat-e-Islami (Jamaat)) 54.0%, Mst. Sabira Sultana (Bangladesh Nationalist Party (BNP)) 43.7%, Md. Idris Ali (Islami Andolan Bangladesh (IAB)) 1.7%","Bangladesh Jamaat-e-Islami (Jamaat) (54.0%), Bangladesh Nationalist Party (BNP) (43.7%), Islami Andolan Bangladesh (IAB) (1.7%)",146447.0,0.43729750874165024,180965.0,0.5403698516830849,472.0,0.0014094138092692846,181381.0,0.5416120469048138,146447.0,0.43729750874165024,0.0,0.0,416.0,-,-,-,180965.0,-,-,-,-,-,-,233.0,146447.0,-,472.0,-,-,-,-,188.0,-,5781.0,-,-,-,-,-,-,-,-
Jashore 3,Khulna,Jashore,-,-,-,-,388802.0,"Anindya Islam Amit (Bangladesh Nationalist Party (BNP)) 51.8%, Md. Abdul Quader (Bangladesh Jamaat-e-Islami (Jamaat)) 48.2%","Bangladesh Nationalist Party (BNP) (51.8%), Bangladesh Jamaat-e-Islami (Jamaat) (48.2%)",201339.0,0.5178445584127653,187463.0,0.4821554415872346,0.0,0.0,187463.0,0.4821554415872346,201339.0,0.5178445584127653,0.0,0.0,-,-,-,-,187463.0,-,-,-,-,-,-,-,201339.0,-,-,-,-,-,-,-,-,-,-,-,-,-,-,-,-,-
Jashore 4,Khulna,Jashore,-,-,-,-,308829.0,"Md. Golam Rasul (Bangladesh Jamaat-e-Islami (Jamaat)) 57.3%, Matiar Rahman Faraji (Bangladesh Nationalist Party (BNP)) 42.7%","Bangladesh Jamaat-e-Islami (Jamaat) (57.3%), Bangladesh Nationalist Party (BNP) (42.7%)",131917.0,0.4271522428269366,176912.0,0.5728477571730635,0.0,0.0,176912.0,0.5728477571730635,131917.0,0.4271522428269366,0.0,0.0,-,-,-,-,176912.0,-,-,-,-,-,-,-,131917.0,-,-,-,-,-,-,-,-,-,-,-,-,-,-,-,-,-
Jashore 5,Khulna,Jashore,-,-,-,-,187751.0,"Gazi Enamul Haque (Bangladesh Jamaat-e-Islami (Jamaat)) 70.8%, Rashid Ahmad (Bangladesh Nationalist Party (BNP)) 29.2%","Bangladesh Jamaat-e-Islami (Jamaat) (70.8%), Bangladesh Nationalist Party (BNP) (29.2%)",54875.0,0.29227540732139906,132876.0,0.7077245926786009,0.0,0.0,132876.0,0.7077245926786009,54875.0,0.29227540732139906,0.0,0.0,-,-,-,-,132876.0,-,-,-,-,-,-,-,54875.0,-,-,-,-,-,-,-,-,-,-,-,-,-,-,-,-,-
Jashore 6,Khulna,Jashore,-,-,-,-,172375.0,"Md. Moktar Ali (Bangladesh Jamaat-e-Islami (Jamaat)) 53.5%, Abul Hossain Azad (Bangladesh Nationalist Party (BNP)) 46.5%","Bangladesh Jamaat-e-Islami (Jamaat) (53.5%), Bangladesh Nationalist Party (BNP) (46.5%)",80141.0,0.4649224075416969,92234.0,0.5350775924583031,0.0,0.0,92234.0,0.5350775924583031,80141.0,0.4649224075416969,0.0,0.0,-,-,-,-,92234.0,-,-,-,-,-,-,-,80141.0,-,-,-,-,-,-,-,-,-,-,-,-,-,-,-,-,-
Jhalokathi 1,Barishal,Jhalokathi,-,-,-,-,117130.0,"Rafiqul Islam Jamal (Bangladesh Nationalist Party (BNP)) 52.9%, Fayzul Huq (Bangladesh Jamaat-e-Islami (Jamaat)) 47.1%","Bangladesh Nationalist Party (BNP) (52.9%), Bangladesh Jamaat-e-Islami (Jamaat) (47.1%)",62010.0,0.5294117647058824,55120.0,0.47058823529411764,0.0,0.0,55120.0,0.47058823529411764,62010.0,0.5294117647058824,0.0,0.0,-,-,-,-,55120.0,-,-,-,-,-,-,-,62010.0,-,-,-,-,-,-,-,-,-,-,-,-,-,-,-,-,-
Jhalokathi 2,Barishal,Jhalokathi,-,-,-,-,183975.0,"Esrat Sultana Elen Bhutto (Bangladesh Nationalist Party (BNP)) 61.6%, Sm Neamul Karim (Bangladesh Jamaat-e-Islami (Jamaat)) 38.4%","Bangladesh Nationalist Party (BNP) (61.6%), Bangladesh Jamaat-e-Islami (Jamaat) (38.4%)",113419.0,0.6164913711102052,70556.0,0.3835086288897948,0.0,0.0,70556.0,0.3835086288897948,113419.0,0.6164913711102052,0.0,0.0,-,-,-,-,70556.0,-,-,-,-,-,-,-,113419.0,-,-,-,-,-,-,-,-,-,-,-,-,-,-,-,-,-
Jhenaidah 1,Khulna,Jhenaidah,325278.0,163001.0,162277.0,-,230436.0,"Md. Asaduzzaman (Bangladesh Nationalist Party (BNP)) 75.2%, Abu Salah Md. Motiur Rahman (Bangladesh Jamaat-e-Islami (Jamaat)) 24.8%","Bangladesh Nationalist Party (BNP) (75.2%), Bangladesh Jamaat-e-Islami (Jamaat) (24.8%)",173381.0,0.7524041382422886,57055.0,0.24759586175771148,0.0,0.0,57055.0,0.24759586175771148,173381.0,0.7524041382422886,0.0,0.0,-,-,-,-,57055.0,-,-,-,-,-,-,-,173381.0,-,-,-,-,-,-,-,-,-,-,-,-,-,-,-,-,-
Jhenaidah 2,Khulna,Jhenaidah,506640.0,251666.0,254963.0,11.0,371686.0,"Ali Azam Md. Abu Bakr (Bangladesh Jamaat-e-Islami (Jamaat)) 52.7%, Md. Abdul Mazid (Bangladesh Nationalist Party (BNP)) 47.3%","Bangladesh Jamaat-e-Islami (Jamaat) (52.7%), Bangladesh Nationalist Party (BNP) (47.3%)",175984.0,0.4734749223807192,195702.0,0.5265250776192808,0.0,0.0,195702.0,0.5265250776192808,175984.0,0.4734749223807192,0.0,0.0,-,-,-,-,195702.0,-,-,-,-,-,-,-,175984.0,-,-,-,-,-,-,-,-,-,-,-,-,-,-,-,-,-
Jhenaidah 3,Khulna,Jhenaidah,431015.0,217470.0,213542.0,3.0,325678.0,"Md. Motiar Rahman (Bangladesh Jamaat-e-Islami (Jamaat)) 54.0%, Md. Mahadi Hassan (Bangladesh Nationalist Party (BNP)) 46.0%","Bangladesh Jamaat-e-Islami (Jamaat) (54.0%), Bangladesh Nationalist Party (BNP) (46.0%)",149821.0,0.4600280031196458,175857.0,0.5399719968803542,0.0,0.0,175857.0,0.5399719968803542,149821.0,0.4600280031196458,0.0,0.0,-,-,-,-,175857.0,-,-,-,-,-,-,-,149821.0,-,-,-,-,-,-,-,-,-,-,-,-,-,-,-,-,-
Jhenaidah 4,Khulna,Jhenaidah,333464.0,168255.0,165204.0,5.0,183139.0,"Md. Abu Taleb (Bangladesh Jamaat-e-Islami (Jamaat)) 57.9%, Md. Saiful Islam Firoz (Independent Candidate (Independent)) 42.1%","Bangladesh Jamaat-e-Islami (Jamaat) (57.9%), Independent Candidate (Independent) (42.1%)",0.0,0.0,105999.0,0.5787898809101284,0.0,0.0,105999.0,0.5787898809101284,0.0,0.0,0.0,0.0,-,-,-,-,105999.0,-,-,-,-,-,-,-,-,-,-,-,-,-,-,77140.0,-,-,-,-,-,-,-,-,-,-
Joypurhat 1,Rajshahi,Joypurhat,466274.0,231984.0,234282.0,8.0,320501.0,"Md. Fazlur Rahman Sayed (Bangladesh Jamaat-e-Islami (Jamaat)) 51.5%, Md. Masud Rana Prodhan (Bangladesh Nationalist Party (BNP)) 48.5%","Bangladesh Jamaat-e-Islami (Jamaat) (51.5%), Bangladesh Nationalist Party (BNP) (48.5%)",155309.0,0.484581951382367,165192.0,0.5154180486176331,0.0,0.0,165192.0,0.5154180486176331,155309.0,0.484581951382367,0.0,0.0,-,-,-,-,165192.0,-,-,-,-,-,-,-,155309.0,-,-,-,-,-,-,-,-,-,-,-,-,-,-,-,-,-
Joypurhat 2,Rajshahi,Joypurhat,351572.0,174177.0,177393.0,2.0,252137.0,"Md. Abdul Bari (Bangladesh Nationalist Party (BNP)) 62.7%, Sm Rashedul Alom (Bangladesh Jamaat-e-Islami (Jamaat)) 36.7%, S. A. Jahid (Amar Bangladesh Party (AB)) 0.6%","Bangladesh Nationalist Party (BNP) (62.7%), Bangladesh Jamaat-e-Islami (Jamaat) (36.7%), Amar Bangladesh Party (AB) (0.6%)",158065.0,0.6269012481309764,92517.0,0.36693146979618224,0.0,0.0,94072.0,0.3730987518690236,158065.0,0.6269012481309764,0.0,0.0,1555.0,-,-,-,92517.0,-,-,-,-,-,-,-,158065.0,-,-,-,-,-,-,-,-,-,-,-,-,-,-,-,-,-
Khagrachhari 1,Chattogram,Khagrachhari,-,-,-,-,219355.0,"Abdul Wadud Bhuiyan (Bangladesh Nationalist Party (BNP)) 68.9%, Dharma Jyoti Chakma (Independent Candidate (Independent)) 31.1%","Bangladesh Nationalist Party (BNP) (68.9%), Independent Candidate (Independent) (31.1%)",151040.0,0.6885641995851474,0.0,0.0,0.0,0.0,0.0,0.0,151040.0,0.6885641995851474,0.0,0.0,-,-,-,-,-,-,-,-,-,-,-,-,151040.0,-,-,-,-,-,-,68315.0,-,-,-,-,-,-,-,-,-,-
Khulna 1,Khulna,Khulna,307103.0,152285.0,154814.0,4.0,191698.0,"Amir Ezaz Khan (Bangladesh Nationalist Party (BNP)) 63.3%, Krishno Nandy (Bangladesh Jamaat-e-Islami (Jamaat)) 36.7%","Bangladesh Nationalist Party (BNP) (63.3%), Bangladesh Jamaat-e-Islami (Jamaat) (36.7%)",121352.0,0.6330373817149892,70346.0,0.3669626182850108,0.0,0.0,70346.0,0.3669626182850108,121352.0,0.6330373817149892,0.0,0.0,-,-,-,-,70346.0,-,-,-,-,-,-,-,121352.0,-,-,-,-,-,-,-,-,-,-,-,-,-,-,-,-,-
Khulna 2,Khulna,Khulna,335241.0,165762.0,169469.0,10.0,181986.0,"Sk. Zahangir Hossain Helal (Bangladesh Jamaat-e-Islami (Jamaat)) 51.5%, Nazrul Islam Manju (Bangladesh Nationalist Party (BNP)) 48.5%","Bangladesh Jamaat-e-Islami (Jamaat) (51.5%), Bangladesh Nationalist Party (BNP) (48.5%)",88197.0,0.4846361808051169,93789.0,0.5153638191948832,0.0,0.0,93789.0,0.5153638191948832,88197.0,0.4846361808051169,0.0,0.0,-,-,-,-,93789.0,-,-,-,-,-,-,-,88197.0,-,-,-,-,-,-,-,-,-,-,-,-,-,-,-,-,-
Khulna 3,Khulna,Khulna,254409.0,127636.0,126765.0,8.0,140855.0,"Rakibul Islam (Bangladesh Nationalist Party (BNP)) 53.1%, Md. Mahfuzur Rahman (Bangladesh Jamaat-e-Islami (Jamaat)) 46.9%","Bangladesh Nationalist Party (BNP) (53.1%), Bangladesh Jamaat-e-Islami (Jamaat) (46.9%)",74845.0,0.5313620389762522,66010.0,0.46863796102374783,0.0,0.0,66010.0,0.46863796102374783,74845.0,0.5313620389762522,0.0,0.0,-,-,-,-,66010.0,-,-,-,-,-,-,-,74845.0,-,-,-,-,-,-,-,-,-,-,-,-,-,-,-,-,-
Khulna 4,Khulna,Khulna,378453.0,188526.0,189922.0,5.0,232692.0,"Azizul Baree Helal (Bangladesh Nationalist Party (BNP)) 52.9%, S. M. Sakhawat Hossain (Khelafat Majlis) 47.1%","Bangladesh Nationalist Party (BNP) (52.9%), Khelafat Majlis (47.1%)",123162.0,0.5292919395595895,0.0,0.0,0.0,0.0,109530.0,0.4707080604404105,123162.0,0.5292919395595895,0.0,0.0,-,-,-,-,-,-,-,-,-,-,-,-,123162.0,-,-,-,-,-,-,-,-,-,-,-,-,-,-,109530.0,-,-
Khulna 5,Khulna,Khulna,402798.0,199354.0,203443.0,1.0,295100.0,"Md. Ali Asghar (Bangladesh Nationalist Party (BNP)) 50.4%, Mia Golam Porwar (Bangladesh Jamaat-e-Islami (Jamaat)) 49.6%","Bangladesh Nationalist Party (BNP) (50.4%), Bangladesh Jamaat-e-Islami (Jamaat) (49.6%)",148854.0,0.5044188410708235,146246.0,0.49558115892917654,0.0,0.0,146246.0,0.49558115892917654,148854.0,0.5044188410708235,0.0,0.0,-,-,-,-,146246.0,-,-,-,-,-,-,-,148854.0,-,-,-,-,-,-,-,-,-,-,-,-,-,-,-,-,-
Khulna 6,Khulna,Khulna,423331.0,212869.0,210461.0,1.0,275434.0,"Md. Abul Kalam Azad (Bangladesh Jamaat-e-Islami (Jamaat)) 54.7%, S. M. Monirul Hassan (Bangladesh Nationalist Party (BNP)) 45.3%","Bangladesh Jamaat-e-Islami (Jamaat) (54.7%), Bangladesh Nationalist Party (BNP) (45.3%)",124710.0,0.4527763456944313,150724.0,0.5472236543055686,0.0,0.0,150724.0,0.5472236543055686,124710.0,0.4527763456944313,0.0,0.0,-,-,-,-,150724.0,-,-,-,-,-,-,-,124710.0,-,-,-,-,-,-,-,-,-,-,-,-,-,-,-,-,-
Kishoreganj 1,Dhaka,Kishoreganj,555136.0,280657.0,274476.0,3.0,225167.0,"Md. Mazharul Islam (Bangladesh Nationalist Party (BNP)) 55.1%, Hedayatullah Hadi (Bangladesh Khelafat Majlish (BKM)) 44.9%","Bangladesh Nationalist Party (BNP) (55.1%), Bangladesh Khelafat Majlish (BKM) (44.9%)",124035.0,0.5508578077604622,0.0,0.0,0.0,0.0,101132.0,0.4491421922395378,124035.0,0.5508578077604622,0.0,0.0,-,-,-,-,-,-,-,-,101132.0,-,-,-,124035.0,-,-,-,-,-,-,-,-,-,-,-,-,-,-,-,-,-
Kishoreganj 2,Dhaka,Kishoreganj,532516.0,268568.0,263939.0,9.0,264644.0,"Advocat Md. Jalal Uddin (Bangladesh Nationalist Party (BNP)) 54.3%, Mohammed Shafiqul Islam (Bangladesh Jamaat-e-Islami (Jamaat)) 45.7%","Bangladesh Nationalist Party (BNP) (54.3%), Bangladesh Jamaat-e-Islami (Jamaat) (45.7%)",143669.0,0.5428764680098548,120975.0,0.45712353199014527,0.0,0.0,120975.0,0.45712353199014527,143669.0,0.5428764680098548,0.0,0.0,-,-,-,-,120975.0,-,-,-,-,-,-,-,143669.0,-,-,-,-,-,-,-,-,-,-,-,-,-,-,-,-,-
Kishoreganj 3,Dhaka,Kishoreganj,448625.0,230210.0,218412.0,3.0,214942.0,"Md. Osman Farruk (Bangladesh Nationalist Party (BNP)) 52.3%, Zehad Khan (Bangladesh Jamaat-e-Islami (Jamaat)) 47.7%","Bangladesh Nationalist Party (BNP) (52.3%), Bangladesh Jamaat-e-Islami (Jamaat) (47.7%)",112466.0,0.5232388272185055,102476.0,0.47676117278149455,0.0,0.0,102476.0,0.47676117278149455,112466.0,0.5232388272185055,0.0,0.0,-,-,-,-,102476.0,-,-,-,-,-,-,-,112466.0,-,-,-,-,-,-,-,-,-,-,-,-,-,-,-,-,-
Kishoreganj 4,Dhaka,Kishoreganj,408352.0,211182.0,197166.0,4.0,190301.0,"Md. Fazlur Rahman (Bangladesh Nationalist Party (BNP)) 69.6%, Md. Rokan Reza Sheikh (Bangladesh Jamaat-e-Islami (Jamaat)) 30.4%","Bangladesh Nationalist Party (BNP) (69.6%), Bangladesh Jamaat-e-Islami (Jamaat) (30.4%)",132472.0,0.6961182547648199,57829.0,0.3038817452351801,0.0,0.0,57829.0,0.3038817452351801,132472.0,0.6961182547648199,0.0,0.0,-,-,-,-,57829.0,-,-,-,-,-,-,-,132472.0,-,-,-,-,-,-,-,-,-,-,-,-,-,-,-,-,-
Kishoreganj 5,Dhaka,Kishoreganj,353566.0,182452.0,171108.0,6.0,146054.0,"Sk Mozibur Rahman Iqbal (Independent Candidate (Independent)) 54.5%, Sayed Ehsanul Huda (Bangladesh Nationalist Party (BNP)) 45.5%","Independent Candidate (Independent) (54.5%), Bangladesh Nationalist Party (BNP) (45.5%)",66450.0,0.45496871020307555,0.0,0.0,0.0,0.0,0.0,0.0,66450.0,0.45496871020307555,0.0,0.0,-,-,-,-,-,-,-,-,-,-,-,-,66450.0,-,-,-,-,-,-,79604.0,-,-,-,-,-,-,-,-,-,-
Kishoreganj 6,Dhaka,Kishoreganj,428804.0,221114.0,207687.0,3.0,231254.0,"Md. Shariful Alam (Bangladesh Nationalist Party (BNP)) 80.9%, Ataullah Amin (Bangladesh Khelafat Majlish (BKM)) 19.1%","Bangladesh Nationalist Party (BNP) (80.9%), Bangladesh Khelafat Majlish (BKM) (19.1%)",187159.0,0.8093222171292173,0.0,0.0,0.0,0.0,44095.0,0.19067778287078277,187159.0,0.8093222171292173,0.0,0.0,-,-,-,-,-,-,-,-,44095.0,-,-,-,187159.0,-,-,-,-,-,-,-,-,-,-,-,-,-,-,-,-,-
Kurigram 1,Rangpur,Kurigram,563978.0,281424.0,282551.0,3.0,264115.0,"Md. Anwarul Islam (Bangladesh Jamaat-e-Islami (Jamaat)) 53.4%, Saifur Rahman Rana (Bangladesh Nationalist Party (BNP)) 46.6%","Bangladesh Jamaat-e-Islami (Jamaat) (53.4%), Bangladesh Nationalist Party (BNP) (46.6%)",123025.0,0.46580088219146965,141090.0,0.5341991178085304,0.0,0.0,141090.0,0.5341991178085304,123025.0,0.46580088219146965,0.0,0.0,-,-,-,-,141090.0,-,-,-,-,-,-,-,123025.0,-,-,-,-,-,-,-,-,-,-,-,-,-,-,-,-,-
Kurigram 2,Rangpur,Kurigram,604738.0,299890.0,304841.0,7.0,349204.0,"Atiqur Rahman Mujahid (National Citizen Party (NCP)) 51.2%, Md. Sohel Hosnain Kaikobad (Bangladesh Nationalist Party (BNP)) 48.8%","National Citizen Party (NCP) (51.2%), Bangladesh Nationalist Party (BNP) (48.8%)",170335.0,0.48778078143434783,0.0,0.0,0.0,0.0,178869.0,0.5122192185656522,170335.0,0.48778078143434783,0.0,0.0,-,-,-,-,-,-,-,-,-,-,-,-,170335.0,-,-,-,-,-,-,-,-,-,-,-,-,-,-,-,178869.0,-
Kurigram 3,Rangpur,Kurigram,368470.0,183064.0,185406.0,-,187282.0,"Md. Mahbubul Alam (Bangladesh Jamaat-e-Islami (Jamaat)) 57.6%, Tasvir Ul Islam (Bangladesh Nationalist Party (BNP)) 42.4%","Bangladesh Jamaat-e-Islami (Jamaat) (57.6%), Bangladesh Nationalist Party (BNP) (42.4%)",79352.0,0.42370329236125204,107930.0,0.576296707638748,0.0,0.0,107930.0,0.576296707638748,79352.0,0.42370329236125204,0.0,0.0,-,-,-,-,107930.0,-,-,-,-,-,-,-,79352.0,-,-,-,-,-,-,-,-,-,-,-,-,-,-,-,-,-
Kurigram 4,Rangpur,Kurigram,362753.0,181361.0,181388.0,4.0,192633.0,"Md. Mostafizur Rahman (Bangladesh Jamaat-e-Islami (Jamaat)) 56.2%, Md. Azizur Rahman (Bangladesh Nationalist Party (BNP)) 43.8%","Bangladesh Jamaat-e-Islami (Jamaat) (56.2%), Bangladesh Nationalist Party (BNP) (43.8%)",84423.0,0.4382582423572285,108210.0,0.5617417576427715,0.0,0.0,108210.0,0.5617417576427715,84423.0,0.4382582423572285,0.0,0.0,-,-,-,-,108210.0,-,-,-,-,-,-,-,84423.0,-,-,-,-,-,-,-,-,-,-,-,-,-,-,-,-,-
Kushtia 1,Khulna,Kushtia,404504.0,203492.0,201011.0,1.0,252591.0,"Reza Ahammed (Bangladesh Nationalist Party (BNP)) 65.7%, Muhommad Belal Uddin (Bangladesh Jamaat-e-Islami (Jamaat)) 34.3%","Bangladesh Nationalist Party (BNP) (65.7%), Bangladesh Jamaat-e-Islami (Jamaat) (34.3%)",165909.0,0.6568286280983883,86682.0,0.3431713719016117,0.0,0.0,86682.0,0.3431713719016117,165909.0,0.6568286280983883,0.0,0.0,-,-,-,-,86682.0,-,-,-,-,-,-,-,165909.0,-,-,-,-,-,-,-,-,-,-,-,-,-,-,-,-,-
Kushtia 2,Khulna,Kushtia,478001.0,239126.0,238872.0,3.0,335904.0,"Md. Abdul Gafur (Bangladesh Jamaat-e-Islami (Jamaat)) 57.2%, Raghib Rauf Chowdhury (Bangladesh Nationalist Party (BNP)) 42.8%","Bangladesh Jamaat-e-Islami (Jamaat) (57.2%), Bangladesh Nationalist Party (BNP) (42.8%)",143821.0,0.4281610221968181,192083.0,0.5718389778031818,0.0,0.0,192083.0,0.5718389778031818,143821.0,0.4281610221968181,0.0,0.0,-,-,-,-,192083.0,-,-,-,-,-,-,-,143821.0,-,-,-,-,-,-,-,-,-,-,-,-,-,-,-,-,-
Kushtia 3,Khulna,Kushtia,440842.0,217269.0,223569.0,4.0,307599.0,"Md. Amir Hamza (Bangladesh Jamaat-e-Islami (Jamaat)) 58.7%, Md. Zakir Hossain Sarker (Bangladesh Nationalist Party (BNP)) 41.3%","Bangladesh Jamaat-e-Islami (Jamaat) (58.7%), Bangladesh Nationalist Party (BNP) (41.3%)",126909.0,0.41257936469234296,180690.0,0.5874206353076571,0.0,0.0,180690.0,0.5874206353076571,126909.0,0.41257936469234296,0.0,0.0,-,-,-,-,180690.0,-,-,-,-,-,-,-,126909.0,-,-,-,-,-,-,-,-,-,-,-,-,-,-,-,-,-
Kushtia 4,Khulna,Kushtia,424417.0,213504.0,210908.0,5.0,287804.0,"Md. Afjal Hossain (Bangladesh Jamaat-e-Islami (Jamaat)) 51.5%, Syed Mehdi Ahmed Roomy (Bangladesh Nationalist Party (BNP)) 48.5%","Bangladesh Jamaat-e-Islami (Jamaat) (51.5%), Bangladesh Nationalist Party (BNP) (48.5%)",139603.0,0.48506275103890145,148201.0,0.5149372489610985,0.0,0.0,148201.0,0.5149372489610985,139603.0,0.48506275103890145,0.0,0.0,-,-,-,-,148201.0,-,-,-,-,-,-,-,139603.0,-,-,-,-,-,-,-,-,-,-,-,-,-,-,-,-,-
Lakshmipur 1,Chattogram,Lakshmipur,281302.0,144658.0,136644.0,-,146076.0,"Md. Shahadat Hossain (Bangladesh Nationalist Party (BNP)) 59.4%, Md. Mahbub Alam (National Citizen Party (NCP)) 40.6%","Bangladesh Nationalist Party (BNP) (59.4%), National Citizen Party (NCP) (40.6%)",86811.0,0.5942865357758975,0.0,0.0,0.0,0.0,59265.0,0.40571346422410254,86811.0,0.5942865357758975,0.0,0.0,-,-,-,-,-,-,-,-,-,-,-,-,86811.0,-,-,-,-,-,-,-,-,-,-,-,-,-,-,-,59265.0,-
Lakshmipur 2,Chattogram,Lakshmipur,493970.0,254407.0,239558.0,5.0,280019.0,"Md. Abul Khair Bhuiyan (Bangladesh Nationalist Party (BNP)) 52.3%, S. U. M. Ruhul Amin Bhuiyan (Bangladesh Jamaat-e-Islami (Jamaat)) 47.7%","Bangladesh Nationalist Party (BNP) (52.3%), Bangladesh Jamaat-e-Islami (Jamaat) (47.7%)",146321.0,0.5225395419596527,133698.0,0.47746045804034726,0.0,0.0,133698.0,0.47746045804034726,146321.0,0.5225395419596527,0.0,0.0,-,-,-,-,133698.0,-,-,-,-,-,-,-,146321.0,-,-,-,-,-,-,-,-,-,-,-,-,-,-,-,-,-
Lakshmipur 3,Chattogram,Lakshmipur,444472.0,229709.0,214758.0,5.0,258414.0,"Md. Shahiduddin Chowdhury Annie (Bangladesh Nationalist Party (BNP)) 52.5%, Md. Rezaul Karim (Bangladesh Jamaat-e-Islami (Jamaat)) 47.5%","Bangladesh Nationalist Party (BNP) (52.5%), Bangladesh Jamaat-e-Islami (Jamaat) (47.5%)",135612.0,0.5247858088184076,122802.0,0.4752141911815923,0.0,0.0,122802.0,0.4752141911815923,135612.0,0.5247858088184076,0.0,0.0,-,-,-,-,122802.0,-,-,-,-,-,-,-,135612.0,-,-,-,-,-,-,-,-,-,-,-,-,-,-,-,-,-
Lakshmipur 4,Chattogram,Lakshmipur,418160.0,218483.0,199676.0,1.0,188955.0,"A. B. M. Ashraf Uddin (Bangladesh Nationalist Party (BNP)) 61.0%, Md. Ashrafur Rahman Hafizullah (Bangladesh Jamaat-e-Islami (Jamaat)) 39.0%","Bangladesh Nationalist Party (BNP) (61.0%), Bangladesh Jamaat-e-Islami (Jamaat) (39.0%)",115199.0,0.6096636765367416,73756.0,0.39033632346325847,0.0,0.0,73756.0,0.39033632346325847,115199.0,0.6096636765367416,0.0,0.0,-,-,-,-,73756.0,-,-,-,-,-,-,-,115199.0,-,-,-,-,-,-,-,-,-,-,-,-,-,-,-,-,-
Lalmonirhat 1,Rangpur,Lalmonirhat,403561.0,202707.0,200852.0,2.0,268258.0,"Md. Hasan Rajib Prodhan (Bangladesh Nationalist Party (BNP)) 51.7%, Md. Anwarul Islam Raju (Bangladesh Jamaat-e-Islami (Jamaat)) 48.3%","Bangladesh Nationalist Party (BNP) (51.7%), Bangladesh Jamaat-e-Islami (Jamaat) (48.3%)",138686.0,0.5169873778228422,129572.0,0.4830126221771578,0.0,0.0,129572.0,0.4830126221771578,138686.0,0.5169873778228422,0.0,0.0,-,-,-,-,129572.0,-,-,-,-,-,-,-,138686.0,-,-,-,-,-,-,-,-,-,-,-,-,-,-,-,-,-
Lalmonirhat 2,Rangpur,Lalmonirhat,432964.0,217200.0,215761.0,3.0,241198.0,"Md. Rokon Uddin Babul (Bangladesh Nationalist Party (BNP)) 51.4%, Md. Firoz Haider (Bangladesh Jamaat-e-Islami (Jamaat)) 48.6%","Bangladesh Nationalist Party (BNP) (51.4%), Bangladesh Jamaat-e-Islami (Jamaat) (48.6%)",123946.0,0.5138765661406811,117252.0,0.4861234338593189,0.0,0.0,117252.0,0.4861234338593189,123946.0,0.5138765661406811,0.0,0.0,-,-,-,-,117252.0,-,-,-,-,-,-,-,123946.0,-,-,-,-,-,-,-,-,-,-,-,-,-,-,-,-,-
Lalmonirhat 3,Rangpur,Lalmonirhat,307970.0,154167.0,153801.0,2.0,195895.0,"Asadul Habib Dulu (Bangladesh Nationalist Party (BNP)) 71.3%, Md. Abu Taher (Bangladesh Jamaat-e-Islami (Jamaat)) 28.7%","Bangladesh Nationalist Party (BNP) (71.3%), Bangladesh Jamaat-e-Islami (Jamaat) (28.7%)",139651.0,0.7128870057939202,56244.0,0.2871129942060798,0.0,0.0,56244.0,0.2871129942060798,139651.0,0.7128870057939202,0.0,0.0,-,-,-,-,56244.0,-,-,-,-,-,-,-,139651.0,-,-,-,-,-,-,-,-,-,-,-,-,-,-,-,-,-
Madaripur 1,Dhaka,Madaripur,324289.0,169041.0,155246.0,2.0,129433.0,"Sayed Uddin Ahmad Hanzala (Bangladesh Khelafat Majlish (BKM)) 50.1%, Nadira Akhter (Bangladesh Nationalist Party (BNP)) 49.9%","Bangladesh Khelafat Majlish (BKM) (50.1%), Bangladesh Nationalist Party (BNP) (49.9%)",64524.0,0.4985127440451817,0.0,0.0,0.0,0.0,64909.0,0.5014872559548184,64524.0,0.4985127440451817,0.0,0.0,-,-,-,-,-,-,-,-,64909.0,-,-,-,64524.0,-,-,-,-,-,-,-,-,-,-,-,-,-,-,-,-,-
Madaripur 2,Dhaka,Madaripur,436233.0,223624.0,212601.0,8.0,108220.0,"Md. Jahandar Ali Mia (Bangladesh Nationalist Party (BNP)) 57.1%, Milton Baidya (Independent Candidate (Independent)) 42.9%","Bangladesh Nationalist Party (BNP) (57.1%), Independent Candidate (Independent) (42.9%)",61744.0,0.5705414895583072,0.0,0.0,0.0,0.0,0.0,0.0,61744.0,0.5705414895583072,0.0,0.0,-,-,-,-,-,-,-,-,-,-,-,-,61744.0,-,-,-,-,-,-,46476.0,-,-,-,-,-,-,-,-,-,-
Madaripur 3,Dhaka,Madaripur,387806.0,202645.0,185159.0,2.0,180834.0,"Anisur Rahman (Bangladesh Nationalist Party (BNP)) 53.2%, Md. Rafiqul Islam (Bangladesh Jamaat-e-Islami (Jamaat)) 46.8%","Bangladesh Nationalist Party (BNP) (53.2%), Bangladesh Jamaat-e-Islami (Jamaat) (46.8%)",96188.0,0.5319132464027783,84646.0,0.46808675359722174,0.0,0.0,84646.0,0.46808675359722174,96188.0,0.5319132464027783,0.0,0.0,-,-,-,-,84646.0,-,-,-,-,-,-,-,96188.0,-,-,-,-,-,-,-,-,-,-,-,-,-,-,-,-,-
Magura 1,Khulna,Magura,430775.0,215268.0,215504.0,3.0,292560.0,"Md. Monowar Hossain (Bangladesh Nationalist Party (BNP)) 63.4%, Abdul Matin (Bangladesh Jamaat-e-Islami (Jamaat)) 30.7%, Md. Nazirul Islam (Islami Andolan Bangladesh (IAB)) 4.6%","Bangladesh Nationalist Party (BNP) (63.4%), Bangladesh Jamaat-e-Islami (Jamaat) (30.7%), Islami Andolan Bangladesh (IAB) (4.6%)",185338.0,0.6335042384468144,89691.0,0.30657301066447906,1237.0,0.004228192507519825,89691.0,0.30657301066447906,185630.0,0.6345023243095433,0.0,0.0,-,821.0,-,-,89691.0,-,-,-,-,-,-,-,185338.0,-,1237.0,-,-,-,292.0,-,-,13414.0,-,-,-,1767.0,-,-,-,-
Magura 2,Khulna,Magura,416634.0,211546.0,205085.0,3.0,284084.0,"Nitai Roy Chowdhury (Bangladesh Nationalist Party (BNP)) 52.1%, Md. Mushtarshed Billah (Bangladesh Jamaat-e-Islami (Jamaat)) 41.2%, Mustafa Kamal (Islami Andolan Bangladesh (IAB)) 5.7%","Bangladesh Nationalist Party (BNP) (52.1%), Bangladesh Jamaat-e-Islami (Jamaat) (41.2%), Islami Andolan Bangladesh (IAB) (5.7%)",147896.0,0.5206065811520536,117018.0,0.41191337773334646,0.0,0.0,117018.0,0.41191337773334646,147896.0,0.5206065811520536,0.0,0.0,-,-,-,-,117018.0,-,-,-,-,-,-,-,147896.0,-,-,-,-,-,-,-,-,16223.0,-,-,-,2947.0,-,-,-,-
Manikganj 1,Dhaka,Manikganj,461942.0,231857.0,230081.0,4.0,291497.0,"S. A. Jinnah Kabir (Bangladesh Nationalist Party (BNP)) 47.3%, Md. Tozammel Haque (Independent Candidate (Independent)) 26.7%, Abu Bakr Siddiqui (Bangladesh Jamaat-e-Islami (Jamaat)) 24.5%","Bangladesh Nationalist Party (BNP) (47.3%), Independent Candidate (Independent) (26.7%), Bangladesh Jamaat-e-Islami (Jamaat) (24.5%)",137773.0,0.47263951258503517,71310.0,0.24463373551014247,0.0,0.0,71310.0,0.24463373551014247,138839.0,0.47629649704799704,0.0,0.0,-,-,-,-,71310.0,-,-,-,-,-,-,-,137773.0,-,-,-,-,-,1066.0,77818.0,-,3247.0,-,-,283.0,-,-,-,-,-
Manikganj 2,Dhaka,Manikganj,472622.0,237205.0,235413.0,4.0,268235.0,"Moinul Islam Khan (Bangladesh Nationalist Party (BNP)) 65.5%, Md. Salahuddin (Khelafat Majlis) 30.4%, S. M. Abdul Mannan (Jatiya Party (JaPa)) 2.6%","Bangladesh Nationalist Party (BNP) (65.5%), Khelafat Majlis (30.4%), Jatiya Party (JaPa) (2.6%)",175776.0,0.6553059816951554,0.0,0.0,0.0,0.0,81531.0,0.3039536227561653,175776.0,0.6553059816951554,0.0,0.0,-,-,-,-,-,-,-,-,-,-,-,-,175776.0,-,-,-,-,-,-,-,-,3847.0,-,-,-,7081.0,-,81531.0,-,-
Manikganj 3,Dhaka,Manikganj,400059.0,199398.0,200660.0,1.0,231587.0,"Afroza Khanam (Bangladesh Nationalist Party (BNP)) 72.3%, Md. Saeed Noor (Bangladesh Khelafat Majlish (BKM)) 27.7%","Bangladesh Nationalist Party (BNP) (72.3%), Bangladesh Khelafat Majlish (BKM) (27.7%)",167345.0,0.7226010095558041,0.0,0.0,0.0,0.0,64242.0,0.2773989904441959,167345.0,0.7226010095558041,0.0,0.0,-,-,-,-,-,-,-,-,64242.0,-,-,-,167345.0,-,-,-,-,-,-,-,-,-,-,-,-,-,-,-,-,-
Meherpur 1,Khulna,Meherpur,316975.0,157890.0,159082.0,3.0,228712.0,"Md. Tajuddin Khan (Bangladesh Jamaat-e-Islami (Jamaat)) 53.9%, Masud Arun (Bangladesh Nationalist Party (BNP)) 46.1%","Bangladesh Jamaat-e-Islami (Jamaat) (53.9%), Bangladesh Nationalist Party (BNP) (46.1%)",105441.0,0.46102084717898495,123271.0,0.538979152821015,0.0,0.0,123271.0,0.538979152821015,105441.0,0.46102084717898495,0.0,0.0,-,-,-,-,123271.0,-,-,-,-,-,-,-,105441.0,-,-,-,-,-,-,-,-,-,-,-,-,-,-,-,-,-
Meherpur 2,Khulna,Meherpur,270705.0,135087.0,135615.0,3.0,182294.0,"Md. Nazmul Huda (Bangladesh Jamaat-e-Islami (Jamaat)) 52.8%, Md. Amjad Hossain (Bangladesh Nationalist Party (BNP)) 47.2%","Bangladesh Jamaat-e-Islami (Jamaat) (52.8%), Bangladesh Nationalist Party (BNP) (47.2%)",85988.0,0.4716995622456033,96306.0,0.5283004377543967,0.0,0.0,96306.0,0.5283004377543967,85988.0,0.4716995622456033,0.0,0.0,-,-,-,-,96306.0,-,-,-,-,-,-,-,85988.0,-,-,-,-,-,-,-,-,-,-,-,-,-,-,-,-,-
Moulvibazar 1,Sylhet,Moulvibazar,337816.0,172998.0,164816.0,2.0,181295.0,"Nasir Uddin Ahmed (Bangladesh Nationalist Party (BNP)) 54.2%, Md. Aminul Islam (Bangladesh Jamaat-e-Islami (Jamaat)) 45.8%","Bangladesh Nationalist Party (BNP) (54.2%), Bangladesh Jamaat-e-Islami (Jamaat) (45.8%)",98282.0,0.5421109241843405,83013.0,0.4578890758156596,0.0,0.0,83013.0,0.4578890758156596,98282.0,0.5421109241843405,0.0,0.0,-,-,-,-,83013.0,-,-,-,-,-,-,-,98282.0,-,-,-,-,-,-,-,-,-,-,-,-,-,-,-,-,-
Moulvibazar 2,Sylhet,Moulvibazar,303020.0,157128.0,145892.0,-,141839.0,"Md. Shawkatul Islam (Bangladesh Nationalist Party (BNP)) 62.3%, Md. Sayed Ali (Bangladesh Jamaat-e-Islami (Jamaat)) 37.7%","Bangladesh Nationalist Party (BNP) (62.3%), Bangladesh Jamaat-e-Islami (Jamaat) (37.7%)",88381.0,0.6231078899315421,53458.0,0.3768921100684579,0.0,0.0,53458.0,0.3768921100684579,88381.0,0.6231078899315421,0.0,0.0,-,-,-,-,53458.0,-,-,-,-,-,-,-,88381.0,-,-,-,-,-,-,-,-,-,-,-,-,-,-,-,-,-
Moulvibazar 3,Sylhet,Moulvibazar,486212.0,248109.0,238099.0,4.0,234393.0,"Nasser Rahman (Bangladesh Nationalist Party (BNP)) 66.9%, Md. Abdul Mannan (Bangladesh Jamaat-e-Islami (Jamaat)) 33.1%","Bangladesh Nationalist Party (BNP) (66.9%), Bangladesh Jamaat-e-Islami (Jamaat) (33.1%)",156757.0,0.6687785044775227,77636.0,0.3312214955224772,0.0,0.0,77636.0,0.3312214955224772,156757.0,0.6687785044775227,0.0,0.0,-,-,-,-,77636.0,-,-,-,-,-,-,-,156757.0,-,-,-,-,-,-,-,-,-,-,-,-,-,-,-,-,-
Moulvibazar 4,Sylhet,Moulvibazar,487892.0,246202.0,241688.0,2.0,218797.0,"Md. Mujibur Rahman Chowdhury (Bangladesh Nationalist Party (BNP)) 77.5%, Sheikh Noor E Alam Hamidi (Bangladesh Khelafat Majlish (BKM)) 22.5%","Bangladesh Nationalist Party (BNP) (77.5%), Bangladesh Khelafat Majlish (BKM) (22.5%)",169608.0,0.7751843032582714,0.0,0.0,0.0,0.0,49189.0,0.22481569674172863,169608.0,0.7751843032582714,0.0,0.0,-,-,-,-,-,-,-,-,49189.0,-,-,-,169608.0,-,-,-,-,-,-,-,-,-,-,-,-,-,-,-,-,-
Munshiganj 1,Dhaka,Munshiganj,545519.0,280716.0,264802.0,1.0,269130.0,"Md. Abdullah (Bangladesh Nationalist Party (BNP)) 62.3%, Akm Fakhruddin Raji (Bangladesh Jamaat-e-Islami (Jamaat)) 37.7%","Bangladesh Nationalist Party (BNP) (62.3%), Bangladesh Jamaat-e-Islami (Jamaat) (37.7%)",167562.0,0.6226061754542415,101568.0,0.37739382454575854,0.0,0.0,101568.0,0.37739382454575854,167562.0,0.6226061754542415,0.0,0.0,-,-,-,-,101568.0,-,-,-,-,-,-,-,167562.0,-,-,-,-,-,-,-,-,-,-,-,-,-,-,-,-,-
Munshiganj 2,Dhaka,Munshiganj,378492.0,194720.0,183772.0,-,179727.0,"Abdus Salam Azad (Bangladesh Nationalist Party (BNP)) 67.4%, Majedul Islam (National Citizen Party (NCP)) 32.6%","Bangladesh Nationalist Party (BNP) (67.4%), National Citizen Party (NCP) (32.6%)",121154.0,0.6741001630250324,0.0,0.0,0.0,0.0,58573.0,0.3258998369749676,121154.0,0.6741001630250324,0.0,0.0,-,-,-,-,-,-,-,-,-,-,-,-,121154.0,-,-,-,-,-,-,-,-,-,-,-,-,-,-,-,58573.0,-
Munshiganj 3,Dhaka,Munshiganj,509467.0,263075.0,246390.0,2.0,213627.0,"Md. Kamruzzaman (Bangladesh Nationalist Party (BNP)) 58.4%, Md. Mohiuddin (Independent Candidate (Independent)) 41.6%","Bangladesh Nationalist Party (BNP) (58.4%), Independent Candidate (Independent) (41.6%)",124691.0,0.5836855828149063,0.0,0.0,0.0,0.0,0.0,0.0,124691.0,0.5836855828149063,0.0,0.0,-,-,-,-,-,-,-,-,-,-,-,-,124691.0,-,-,-,-,-,-,88936.0,-,-,-,-,-,-,-,-,-,-
Mymensingh 1,Mymensingh,Mymensingh,483712.0,241604.0,242104.0,4.0,210191.0,"Md. Salman Omar (Independent Candidate (Independent)) 51.5%, Syed Imran Saleh (Bangladesh Nationalist Party (BNP)) 48.5%","Independent Candidate (Independent) (51.5%), Bangladesh Nationalist Party (BNP) (48.5%)",101926.0,0.48492085769609544,0.0,0.0,0.0,0.0,0.0,0.0,101926.0,0.48492085769609544,0.0,0.0,-,-,-,-,-,-,-,-,-,-,-,-,101926.0,-,-,-,-,-,-,108265.0,-,-,-,-,-,-,-,-,-,-
Mymensingh 2,Mymensingh,Mymensingh,576167.0,294451.0,281713.0,3.0,264640.0,"Muhammadullah (Bangladesh Khelafat Majlish (BKM)) 55.2%, Motahar Hossain Talukder (Bangladesh Nationalist Party (BNP)) 44.8%","Bangladesh Khelafat Majlish (BKM) (55.2%), Bangladesh Nationalist Party (BNP) (44.8%)",118438.0,0.4475438331318017,0.0,0.0,0.0,0.0,146202.0,0.5524561668681983,118438.0,0.4475438331318017,0.0,0.0,-,-,-,-,-,-,-,-,146202.0,-,-,-,118438.0,-,-,-,-,-,-,-,-,-,-,-,-,-,-,-,-,-
Mymensingh 3,Mymensingh,Mymensingh,298268.0,150780.0,147487.0,1.0,141315.0,"M. Iqbal Hossain (Bangladesh Nationalist Party (BNP)) 53.3%, Ahmed Tayebur Rahman (Independent Candidate (Independent)) 46.7%","Bangladesh Nationalist Party (BNP) (53.3%), Independent Candidate (Independent) (46.7%)",75320.0,0.5329936666312847,0.0,0.0,0.0,0.0,0.0,0.0,75320.0,0.5329936666312847,0.0,0.0,-,-,-,-,-,-,-,-,-,-,-,-,75320.0,-,-,-,-,-,-,65995.0,-,-,-,-,-,-,-,-,-,-
Mymensingh 4,Mymensingh,Mymensingh,695306.0,345005.0,350291.0,10.0,351548.0,"Md. Abu Wahab Akand Wahid (Bangladesh Nationalist Party (BNP)) 51.1%, Md. Kamrul Ahsan (Bangladesh Jamaat-e-Islami (Jamaat)) 48.9%","Bangladesh Nationalist Party (BNP) (51.1%), Bangladesh Jamaat-e-Islami (Jamaat) (48.9%)",179668.0,0.5110767235199745,171880.0,0.4889232764800255,0.0,0.0,171880.0,0.4889232764800255,179668.0,0.5110767235199745,0.0,0.0,-,-,-,-,171880.0,-,-,-,-,-,-,-,179668.0,-,-,-,-,-,-,-,-,-,-,-,-,-,-,-,-,-
Mymensingh 5,Mymensingh,Mymensingh,387927.0,194275.0,193650.0,2.0,231122.0,"Md. Zakir Hossain (Bangladesh Nationalist Party (BNP)) 55.8%, Md. Matiur Rahman Akand (Bangladesh Jamaat-e-Islami (Jamaat)) 44.2%","Bangladesh Nationalist Party (BNP) (55.8%), Bangladesh Jamaat-e-Islami (Jamaat) (44.2%)",128896.0,0.5576968008238073,102226.0,0.44230319917619265,0.0,0.0,102226.0,0.44230319917619265,128896.0,0.5576968008238073,0.0,0.0,-,-,-,-,102226.0,-,-,-,-,-,-,-,128896.0,-,-,-,-,-,-,-,-,-,-,-,-,-,-,-,-,-
Mymensingh 6,Mymensingh,Mymensingh,417927.0,210330.0,207595.0,2.0,130656.0,"Md. Kamrul Hasan (Bangladesh Jamaat-e-Islami (Jamaat)) 59.2%, Akhtar Sultana (Independent Candidate (Independent)) 40.8%","Bangladesh Jamaat-e-Islami (Jamaat) (59.2%), Independent Candidate (Independent) (40.8%)",0.0,0.0,77325.0,0.5918212711241734,0.0,0.0,77325.0,0.5918212711241734,0.0,0.0,0.0,0.0,-,-,-,-,77325.0,-,-,-,-,-,-,-,-,-,-,-,-,-,-,53331.0,-,-,-,-,-,-,-,-,-,-
Mymensingh 7,Mymensingh,Mymensingh,403249.0,205179.0,198070.0,-,183900.0,"Md. Mahabubur Rahman (Bangladesh Nationalist Party (BNP)) 53.9%, Md. Asaduzzaman (Bangladesh Jamaat-e-Islami (Jamaat)) 46.1%","Bangladesh Nationalist Party (BNP) (53.9%), Bangladesh Jamaat-e-Islami (Jamaat) (46.1%)",99049.0,0.5386025013594344,84851.0,0.4613974986405655,0.0,0.0,84851.0,0.4613974986405655,99049.0,0.5386025013594344,0.0,0.0,-,-,-,-,84851.0,-,-,-,-,-,-,-,99049.0,-,-,-,-,-,-,-,-,-,-,-,-,-,-,-,-,-
Mymensingh 8,Mymensingh,Mymensingh,348879.0,179437.0,169436.0,6.0,155200.0,"Lutfullahel Majed (Bangladesh Nationalist Party (BNP)) 70.0%, Md. Aurangzeb Belal (Bangladesh Liberal Democratic Party (LDP)) 30.0%","Bangladesh Nationalist Party (BNP) (70.0%), Bangladesh Liberal Democratic Party (LDP) (30.0%)",108685.0,0.7002899484536083,0.0,0.0,0.0,0.0,46515.0,0.29971005154639174,108685.0,0.7002899484536083,0.0,0.0,-,-,-,-,-,-,-,-,-,46515.0,-,-,108685.0,-,-,-,-,-,-,-,-,-,-,-,-,-,-,-,-,-
Mymensingh 9,Mymensingh,Mymensingh,384641.0,198692.0,185942.0,7.0,156929.0,"Yaser Khan Chowdhury (Bangladesh Nationalist Party (BNP)) 54.6%, Akm Anwarul Islam (Bangladesh Development Party (BDP)) 45.4%","Bangladesh Nationalist Party (BNP) (54.6%), Bangladesh Development Party (BDP) (45.4%)",85761.0,0.5464955489425154,0.0,0.0,0.0,0.0,71168.0,0.4535044510574846,85761.0,0.5464955489425154,0.0,0.0,-,-,71168.0,-,-,-,-,-,-,-,-,-,85761.0,-,-,-,-,-,-,-,-,-,-,-,-,-,-,-,-,-
Mymensingh 10,Mymensingh,Mymensingh,409364.0,209120.0,200241.0,3.0,142598.0,"Md. Akhtaruzzaman (Bangladesh Nationalist Party (BNP)) 53.0%, Abu Bakr Siddiqur Rahman (Independent Candidate (Independent)) 47.0%","Bangladesh Nationalist Party (BNP) (53.0%), Independent Candidate (Independent) (47.0%)",75585.0,0.5300565225318729,0.0,0.0,0.0,0.0,0.0,0.0,75585.0,0.5300565225318729,0.0,0.0,-,-,-,-,-,-,-,-,-,-,-,-,75585.0,-,-,-,-,-,-,67013.0,-,-,-,-,-,-,-,-,-,-
Mymensingh 11,Mymensingh,Mymensingh,358659.0,178020.0,180636.0,3.0,177246.0,"Fakhr Uddin Ahmed (Bangladesh Nationalist Party (BNP)) 62.8%, Md. Morshed Alam (Independent Candidate (Independent)) 37.2%","Bangladesh Nationalist Party (BNP) (62.8%), Independent Candidate (Independent) (37.2%)",111230.0,0.6275458966633943,0.0,0.0,0.0,0.0,0.0,0.0,111230.0,0.6275458966633943,0.0,0.0,-,-,-,-,-,-,-,-,-,-,-,-,111230.0,-,-,-,-,-,-,66016.0,-,-,-,-,-,-,-,-,-,-
Naogaon 1,Rajshahi,Naogaon,474067.0,235379.0,238684.0,4.0,327680.0,"Md. Mostafizur Rahman (Bangladesh Nationalist Party (BNP)) 53.1%, Md. Mahbubul Alam (Bangladesh Jamaat-e-Islami (Jamaat)) 46.9%","Bangladesh Nationalist Party (BNP) (53.1%), Bangladesh Jamaat-e-Islami (Jamaat) (46.9%)",173864.0,0.5305908203125,153816.0,0.4694091796875,0.0,0.0,153816.0,0.4694091796875,173864.0,0.5305908203125,0.0,0.0,-,-,-,-,153816.0,-,-,-,-,-,-,-,173864.0,-,-,-,-,-,-,-,-,-,-,-,-,-,-,-,-,-
Naogaon 2,Rajshahi,Naogaon,372436.0,185375.0,187059.0,2.0,276059.0,"Md. Enamul Haque (Bangladesh Jamaat-e-Islami (Jamaat)) 51.3%, Md. Shamsuzzoha Khan (Bangladesh Nationalist Party (BNP)) 48.7%","Bangladesh Jamaat-e-Islami (Jamaat) (51.3%), Bangladesh Nationalist Party (BNP) (48.7%)",134533.0,0.4873342292770748,141526.0,0.5126657707229252,0.0,0.0,141526.0,0.5126657707229252,134533.0,0.4873342292770748,0.0,0.0,-,-,-,-,141526.0,-,-,-,-,-,-,-,134533.0,-,-,-,-,-,-,-,-,-,-,-,-,-,-,-,-,-
Naogaon 3,Rajshahi,Naogaon,440785.0,218988.0,221796.0,1.0,286310.0,"Md. Fazle Huda (Bangladesh Nationalist Party (BNP)) 58.3%, Md. Mahfuzur Rahman (Bangladesh Jamaat-e-Islami (Jamaat)) 41.7%","Bangladesh Nationalist Party (BNP) (58.3%), Bangladesh Jamaat-e-Islami (Jamaat) (41.7%)",166889.0,0.5828961615032657,119421.0,0.4171038384967343,0.0,0.0,119421.0,0.4171038384967343,166889.0,0.5828961615032657,0.0,0.0,-,-,-,-,119421.0,-,-,-,-,-,-,-,166889.0,-,-,-,-,-,-,-,-,-,-,-,-,-,-,-,-,-
Naogaon 4,Rajshahi,Naogaon,333862.0,165643.0,168215.0,4.0,231509.0,"Ekramul Bari Tipu (Bangladesh Nationalist Party (BNP)) 57.8%, Md. Abdur Rakib (Bangladesh Jamaat-e-Islami (Jamaat)) 42.2%","Bangladesh Nationalist Party (BNP) (57.8%), Bangladesh Jamaat-e-Islami (Jamaat) (42.2%)",133924.0,0.578482909951665,97585.0,0.42151709004833504,0.0,0.0,97585.0,0.42151709004833504,133924.0,0.578482909951665,0.0,0.0,-,-,-,-,97585.0,-,-,-,-,-,-,-,133924.0,-,-,-,-,-,-,-,-,-,-,-,-,-,-,-,-,-
Naogaon 5,Rajshahi,Naogaon,363030.0,180031.0,182994.0,5.0,234105.0,"Md. Zahidul Islam Dhulu (Bangladesh Nationalist Party (BNP)) 55.3%, Abu Sadat Md. Sayem (Bangladesh Jamaat-e-Islami (Jamaat)) 44.7%","Bangladesh Nationalist Party (BNP) (55.3%), Bangladesh Jamaat-e-Islami (Jamaat) (44.7%)",129358.0,0.5525640204181884,104747.0,0.4474359795818116,0.0,0.0,104747.0,0.4474359795818116,129358.0,0.5525640204181884,0.0,0.0,-,-,-,-,104747.0,-,-,-,-,-,-,-,129358.0,-,-,-,-,-,-,-,-,-,-,-,-,-,-,-,-,-
Naogaon 6,Rajshahi,Naogaon,345416.0,174350.0,171061.0,5.0,206495.0,"Sheikh Md. Rezaul Islam (Bangladesh Nationalist Party (BNP)) 52.7%, Md. Khabirul Islam (Bangladesh Jamaat-e-Islami (Jamaat)) 47.3%","Bangladesh Nationalist Party (BNP) (52.7%), Bangladesh Jamaat-e-Islami (Jamaat) (47.3%)",108866.0,0.5272088912564469,97629.0,0.4727911087435531,0.0,0.0,97629.0,0.4727911087435531,108866.0,0.5272088912564469,0.0,0.0,-,-,-,-,97629.0,-,-,-,-,-,-,-,108866.0,-,-,-,-,-,-,-,-,-,-,-,-,-,-,-,-,-
Narail 1,Khulna,Narail,294155.0,148505.0,145648.0,2.0,175200.0,"Biswas Jahangir Alam (Bangladesh Nationalist Party (BNP)) 57.1%, Md. Obaidullah (Bangladesh Jamaat-e-Islami (Jamaat)) 42.9%","Bangladesh Nationalist Party (BNP) (57.1%), Bangladesh Jamaat-e-Islami (Jamaat) (42.9%)",99975.0,0.5706335616438356,75225.0,0.4293664383561644,0.0,0.0,75225.0,0.4293664383561644,99975.0,0.5706335616438356,0.0,0.0,-,-,-,-,75225.0,-,-,-,-,-,-,-,99975.0,-,-,-,-,-,-,-,-,-,-,-,-,-,-,-,-,-
Narail 2,Khulna,Narail,390988.0,194245.0,196739.0,4.0,196599.0,"Ataur Rahman (Bangladesh Jamaat-e-Islami (Jamaat)) 60.1%, Md. Monirul Islam (Independent Candidate (Independent)) 39.9%","Bangladesh Jamaat-e-Islami (Jamaat) (60.1%), Independent Candidate (Independent) (39.9%)",0.0,0.0,118142.0,0.600928794144426,0.0,0.0,118142.0,0.600928794144426,0.0,0.0,0.0,0.0,-,-,-,-,118142.0,-,-,-,-,-,-,-,-,-,-,-,-,-,-,78457.0,-,-,-,-,-,-,-,-,-,-
Narayanganj 1,Dhaka,Narayanganj,408829.0,207849.0,200977.0,3.0,250048.0,"Mostafizur Rahman Bhuiyan (Bangladesh Nationalist Party (BNP)) 63.3%, Md. Anwar Hossain Molla (Bangladesh Jamaat-e-Islami (Jamaat)) 36.7%","Bangladesh Nationalist Party (BNP) (63.3%), Bangladesh Jamaat-e-Islami (Jamaat) (36.7%)",158358.0,0.6333104044023548,91690.0,0.36668959559764525,0.0,0.0,91690.0,0.36668959559764525,158358.0,0.6333104044023548,0.0,0.0,-,-,-,-,91690.0,-,-,-,-,-,-,-,158358.0,-,-,-,-,-,-,-,-,-,-,-,-,-,-,-,-,-
Narayanganj 2,Dhaka,Narayanganj,364098.0,187801.0,176292.0,5.0,205345.0,"Nazrul Islam Azad (Bangladesh Nationalist Party (BNP)) 60.5%, Md. Elias Molla (Bangladesh Jamaat-e-Islami (Jamaat)) 39.5%","Bangladesh Nationalist Party (BNP) (60.5%), Bangladesh Jamaat-e-Islami (Jamaat) (39.5%)",124291.0,0.6052789208405367,81054.0,0.39472107915946336,0.0,0.0,81054.0,0.39472107915946336,124291.0,0.6052789208405367,0.0,0.0,-,-,-,-,81054.0,-,-,-,-,-,-,-,124291.0,-,-,-,-,-,-,-,-,-,-,-,-,-,-,-,-,-
Narayanganj 3,Dhaka,Narayanganj,593348.0,302290.0,291055.0,3.0,290318.0,"Azharul Islam Mannan (Bangladesh Nationalist Party (BNP)) 53.5%, Md. Iqbal Hossain Bhuiyan (Bangladesh Jamaat-e-Islami (Jamaat)) 46.5%","Bangladesh Nationalist Party (BNP) (53.5%), Bangladesh Jamaat-e-Islami (Jamaat) (46.5%)",155400.0,0.5352751121184356,134918.0,0.46472488788156435,0.0,0.0,134918.0,0.46472488788156435,155400.0,0.5352751121184356,0.0,0.0,-,-,-,-,134918.0,-,-,-,-,-,-,-,155400.0,-,-,-,-,-,-,-,-,-,-,-,-,-,-,-,-,-
Narayanganj 4,Dhaka,Narayanganj,540783.0,273715.0,267062.0,6.0,186790.0,"Abdullah Al Amin (National Citizen Party (NCP)) 56.8%, Monir Hossain (Jamiat Ulema-e-Islam Bangladesh (JUIB)) 43.2%","National Citizen Party (NCP) (56.8%), Jamiat Ulema-e-Islam Bangladesh (JUIB) (43.2%)",0.0,0.0,0.0,0.0,0.0,0.0,106171.0,0.5683976658279352,0.0,0.0,0.0,0.0,-,-,-,-,-,-,-,-,-,-,-,-,-,-,-,-,-,-,-,-,-,-,-,80619.0,-,-,-,-,106171.0,-
Narayanganj 5,Dhaka,Narayanganj,485288.0,243768.0,241512.0,8.0,215995.0,"Abul Kalam (Bangladesh Nationalist Party (BNP)) 53.1%, Abm Sirajul Mamun (Khelafat Majlis) 46.9%","Bangladesh Nationalist Party (BNP) (53.1%), Khelafat Majlis (46.9%)",114799.0,0.5314891548415472,0.0,0.0,0.0,0.0,101196.0,0.46851084515845276,114799.0,0.5314891548415472,0.0,0.0,-,-,-,-,-,-,-,-,-,-,-,-,114799.0,-,-,-,-,-,-,-,-,-,-,-,-,-,-,101196.0,-,-
Narsingdi 1,Dhaka,Narsingdi,477209.0,243945.0,233252.0,12.0,256754.0,"Khairul Kabir Khokon (Bangladesh Nationalist Party (BNP)) 62.9%, Md. Ibrahim Bhuiyan (Bangladesh Jamaat-e-Islami (Jamaat)) 37.1%","Bangladesh Nationalist Party (BNP) (62.9%), Bangladesh Jamaat-e-Islami (Jamaat) (37.1%)",161405.0,0.6286367495735218,95349.0,0.3713632504264783,0.0,0.0,95349.0,0.3713632504264783,161405.0,0.6286367495735218,0.0,0.0,-,-,-,-,95349.0,-,-,-,-,-,-,-,161405.0,-,-,-,-,-,-,-,-,-,-,-,-,-,-,-,-,-
Narsingdi 2,Dhaka,Narsingdi,286218.0,145235.0,140978.0,5.0,148659.0,"Abdul Moin Khan (Bangladesh Nationalist Party (BNP)) 62.4%, Md. Amjad Hossain (Bangladesh Jamaat-e-Islami (Jamaat)) 37.6%","Bangladesh Nationalist Party (BNP) (62.4%), Bangladesh Jamaat-e-Islami (Jamaat) (37.6%)",92739.0,0.6238371037071418,55920.0,0.37616289629285815,0.0,0.0,55920.0,0.37616289629285815,92739.0,0.6238371037071418,0.0,0.0,-,-,-,-,55920.0,-,-,-,-,-,-,-,92739.0,-,-,-,-,-,-,-,-,-,-,-,-,-,-,-,-,-
Narsingdi 3,Dhaka,Narsingdi,284248.0,142947.0,141300.0,1.0,127743.0,"Manzoor Elahi (Bangladesh Nationalist Party (BNP)) 64.2%, Md. Ariful Islam Mridha (Independent Candidate (Independent)) 35.8%","Bangladesh Nationalist Party (BNP) (64.2%), Independent Candidate (Independent) (35.8%)",82061.0,0.6423913639103512,0.0,0.0,0.0,0.0,0.0,0.0,82061.0,0.6423913639103512,0.0,0.0,-,-,-,-,-,-,-,-,-,-,-,-,82061.0,-,-,-,-,-,-,45682.0,-,-,-,-,-,-,-,-,-,-
Narsingdi 4,Dhaka,Narsingdi,428954.0,212677.0,216274.0,3.0,242136.0,"Sardar Md. Sakhawat Hossain (Bangladesh Nationalist Party (BNP)) 67.5%, Md. Jahangir Alam (Bangladesh Jamaat-e-Islami (Jamaat)) 32.5%","Bangladesh Nationalist Party (BNP) (67.5%), Bangladesh Jamaat-e-Islami (Jamaat) (32.5%)",163392.0,0.6747943304589157,78744.0,0.3252056695410844,0.0,0.0,78744.0,0.3252056695410844,163392.0,0.6747943304589157,0.0,0.0,-,-,-,-,78744.0,-,-,-,-,-,-,-,163392.0,-,-,-,-,-,-,-,-,-,-,-,-,-,-,-,-,-
Narsingdi 5,Dhaka,Narsingdi,494650.0,255570.0,239065.0,15.0,182671.0,"Md. Ashraf Uddin (Bangladesh Nationalist Party (BNP)) 75.4%, Tajul Islam (Bangladesh Khelafat Majlish (BKM)) 24.6%","Bangladesh Nationalist Party (BNP) (75.4%), Bangladesh Khelafat Majlish (BKM) (24.6%)",137690.0,0.7537594911069628,0.0,0.0,0.0,0.0,44981.0,0.2462405088930372,137690.0,0.7537594911069628,0.0,0.0,-,-,-,-,-,-,-,-,44981.0,-,-,-,137690.0,-,-,-,-,-,-,-,-,-,-,-,-,-,-,-,-,-
Natore 1,Rajshahi,Natore,368276.0,183595.0,184679.0,2.0,266467.0,"Farzana Sharmin (Bangladesh Nationalist Party (BNP)) 38.6%, Md. Abul Kalam Azad (Bangladesh Jamaat-e-Islami (Jamaat)) 34.0%, Md. Taiful Islam Tipu (Independent Candidate (Independent)) 27.5%","Bangladesh Nationalist Party (BNP) (38.6%), Bangladesh Jamaat-e-Islami (Jamaat) (34.0%), Independent Candidate (Independent) (27.5%)",102726.0,0.38551115147466664,90568.0,0.33988448851077246,0.0,0.0,90568.0,0.33988448851077246,102726.0,0.38551115147466664,0.0,0.0,-,-,-,-,90568.0,-,-,-,-,-,-,-,102726.0,-,-,-,-,-,-,73173.0,-,-,-,-,-,-,-,-,-,-
Natore 2,Rajshahi,Natore,406886.0,201655.0,205222.0,9.0,299336.0,"M. Ruhul Quddus Talukder Dulu (Bangladesh Nationalist Party (BNP)) 54.4%, Md. Yunus Ali (Bangladesh Jamaat-e-Islami (Jamaat)) 43.5%, Md. Ali Siddiqui (Islami Andolan Bangladesh (IAB)) 0.9%","Bangladesh Nationalist Party (BNP) (54.4%), Bangladesh Jamaat-e-Islami (Jamaat) (43.5%), Islami Andolan Bangladesh (IAB) (0.9%)",162841.0,0.5440074030520886,130066.0,0.4345150599994655,464.0,0.001550097549242323,130066.0,0.4345150599994655,163305.0,0.5455575006013309,0.0,0.0,-,-,-,-,130066.0,-,-,-,-,-,-,-,162841.0,-,-,-,-,464.0,-,621.0,-,2757.0,-,-,-,2587.0,-,-,-,-
Natore 3,Rajshahi,Natore,326872.0,164088.0,162781.0,3.0,228191.0,"Md. Anwarul Islam (Bangladesh Nationalist Party (BNP)) 52.5%, Md. Daudar Mahmud (Independent Candidate (Independent)) 29.1%, S. M. Zarzis Kadir (National Citizen Party (NCP)) 9.1%","Bangladesh Nationalist Party (BNP) (52.5%), Independent Candidate (Independent) (29.1%), National Citizen Party (NCP) (9.1%)",119768.0,0.5248585614682437,0.0,0.0,0.0,0.0,20707.0,0.09074415730681754,119768.0,0.5248585614682437,0.0,0.0,-,-,-,-,-,-,-,-,-,-,-,-,119768.0,-,-,-,-,-,-,66492.0,-,19105.0,-,-,-,2119.0,-,-,20707.0,-
Natore 4,Rajshahi,Natore,445172.0,221348.0,223821.0,3.0,312840.0,"Md. Abdul Aziz (Bangladesh Nationalist Party (BNP)) 54.5%, Md. Abdul Hakim (Bangladesh Jamaat-e-Islami (Jamaat)) 43.3%, Md. Emdadullah (Islami Andolan Bangladesh (IAB)) 1.2%","Bangladesh Nationalist Party (BNP) (54.5%), Bangladesh Jamaat-e-Islami (Jamaat) (43.3%), Islami Andolan Bangladesh (IAB) (1.2%)",170551.0,0.5451700549801816,135386.0,0.43276435238460553,0.0,0.0,135645.0,0.4335922516302263,170551.0,0.5451700549801816,0.0,0.0,259.0,-,-,-,135386.0,-,-,-,-,-,-,-,170551.0,-,-,-,-,-,-,-,-,3845.0,-,-,-,2799.0,-,-,-,-
Netrakona 1,Mymensingh,Netrakona,456182.0,231751.0,224427.0,4.0,245831.0,"Kaiser Kamal (Bangladesh Nationalist Party (BNP)) 64.4%, Ghulam Rabbani (Bangladesh Khelafat Majlish (BKM)) 35.6%","Bangladesh Nationalist Party (BNP) (64.4%), Bangladesh Khelafat Majlish (BKM) (35.6%)",158343.0,0.6441132322611876,0.0,0.0,0.0,0.0,87488.0,0.35588676773881245,158343.0,0.6441132322611876,0.0,0.0,-,-,-,-,-,-,-,-,87488.0,-,-,-,158343.0,-,-,-,-,-,-,-,-,-,-,-,-,-,-,-,-,-
Netrakona 2,Mymensingh,Netrakona,502438.0,252379.0,250047.0,12.0,238766.0,"Md. Anwarul Haque (Bangladesh Nationalist Party (BNP)) 71.8%, Md. Fahim Rahman Khan Pathan (National Citizen Party (NCP)) 28.2%","Bangladesh Nationalist Party (BNP) (71.8%), National Citizen Party (NCP) (28.2%)",171399.0,0.717853463223407,0.0,0.0,0.0,0.0,67367.0,0.28214653677659296,171399.0,0.717853463223407,0.0,0.0,-,-,-,-,-,-,-,-,-,-,-,-,171399.0,-,-,-,-,-,-,-,-,-,-,-,-,-,-,-,67367.0,-
Netrakona 3,Mymensingh,Netrakona,420686.0,214883.0,205794.0,9.0,187430.0,"Rafiqul Islam Hilali (Bangladesh Nationalist Party (BNP)) 63.2%, Md. Delwar Hossain Bhuiyan (Independent Candidate (Independent)) 36.8%","Bangladesh Nationalist Party (BNP) (63.2%), Independent Candidate (Independent) (36.8%)",118469.0,0.63207063970549,0.0,0.0,0.0,0.0,0.0,0.0,118469.0,0.63207063970549,0.0,0.0,-,-,-,-,-,-,-,-,-,-,-,-,118469.0,-,-,-,-,-,-,68961.0,-,-,-,-,-,-,-,-,-,-
Netrakona 4,Mymensingh,Netrakona,375308.0,190313.0,184982.0,13.0,200641.0,"Md. Lutfuzzaman Babar (Bangladesh Nationalist Party (BNP)) 80.1%, Md. Al Helal (Bangladesh Jamaat-e-Islami (Jamaat)) 19.9%","Bangladesh Nationalist Party (BNP) (80.1%), Bangladesh Jamaat-e-Islami (Jamaat) (19.9%)",160801.0,0.8014363963496992,39840.0,0.1985636036503008,0.0,0.0,39840.0,0.1985636036503008,160801.0,0.8014363963496992,0.0,0.0,-,-,-,-,39840.0,-,-,-,-,-,-,-,160801.0,-,-,-,-,-,-,-,-,-,-,-,-,-,-,-,-,-
Netrakona 5,Mymensingh,Netrakona,290117.0,147896.0,142219.0,2.0,82177.0,Masum Mustafa (Bangladesh Jamaat-e-Islami (Jamaat)) 100.0%,Bangladesh Jamaat-e-Islami (Jamaat) (100.0%),0.0,0.0,82177.0,1.0,0.0,0.0,82177.0,1.0,0.0,0.0,0.0,0.0,-,-,-,-,82177.0,-,-,-,-,-,-,-,-,-,-,-,-,-,-,-,-,-,-,-,-,-,-,-,-,-
Nilphamari 1,Rangpur,Nilphamari,460271.0,232483.0,227786.0,2.0,267384.0,"Md. Abdus Sattar (Bangladesh Jamaat-e-Islami (Jamaat)) 55.8%, Maolana Md. Monjurul Islam (Jamiat Ulema-e-Islam Bangladesh (JUIB)) 44.2%","Bangladesh Jamaat-e-Islami (Jamaat) (55.8%), Jamiat Ulema-e-Islam Bangladesh (JUIB) (44.2%)",0.0,0.0,149224.0,0.5580887412859408,0.0,0.0,149224.0,0.5580887412859408,0.0,0.0,0.0,0.0,-,-,-,-,149224.0,-,-,-,-,-,-,-,-,-,-,-,-,-,-,-,-,-,-,118160.0,-,-,-,-,-,-
Nilphamari 2,Rangpur,Nilphamari,385785.0,193034.0,192749.0,2.0,279781.0,"Al Faruq Abdul Latif (Bangladesh Jamaat-e-Islami (Jamaat)) 51.9%, Shahrin Islam (Bangladesh Nationalist Party (BNP)) 48.1%","Bangladesh Jamaat-e-Islami (Jamaat) (51.9%), Bangladesh Nationalist Party (BNP) (48.1%)",134579.0,0.4810155085584797,145202.0,0.5189844914415204,0.0,0.0,145202.0,0.5189844914415204,134579.0,0.4810155085584797,0.0,0.0,-,-,-,-,145202.0,-,-,-,-,-,-,-,134579.0,-,-,-,-,-,-,-,-,-,-,-,-,-,-,-,-,-
Nilphamari 3,Rangpur,Nilphamari,294446.0,149878.0,144567.0,1.0,197662.0,"Obaidullah Salafi (Bangladesh Jamaat-e-Islami (Jamaat)) 54.9%, Alhaj Syed Ali (Bangladesh Nationalist Party (BNP)) 45.1%","Bangladesh Jamaat-e-Islami (Jamaat) (54.9%), Bangladesh Nationalist Party (BNP) (45.1%)",89102.0,0.4507796136839656,108560.0,0.5492203863160344,0.0,0.0,108560.0,0.5492203863160344,89102.0,0.4507796136839656,0.0,0.0,-,-,-,-,108560.0,-,-,-,-,-,-,-,89102.0,-,-,-,-,-,-,-,-,-,-,-,-,-,-,-,-,-
Nilphamari 4,Rangpur,Nilphamari,451814.0,226728.0,225081.0,5.0,206391.0,"Abdul Muntakim (Bangladesh Jamaat-e-Islami (Jamaat)) 60.5%, Md. Abdul Gafur Sarker (Bangladesh Nationalist Party (BNP)) 39.5%","Bangladesh Jamaat-e-Islami (Jamaat) (60.5%), Bangladesh Nationalist Party (BNP) (39.5%)",81526.0,0.39500753424325674,124865.0,0.6049924657567433,0.0,0.0,124865.0,0.6049924657567433,81526.0,0.39500753424325674,0.0,0.0,-,-,-,-,124865.0,-,-,-,-,-,-,-,81526.0,-,-,-,-,-,-,-,-,-,-,-,-,-,-,-,-,-
Noakhali 1,Chattogram,Noakhali,452425.0,233711.0,218714.0,-,224869.0,"A. M. Mahbub Uddin (Bangladesh Nationalist Party (BNP)) 56.4%, Md. Saif Ullah (Bangladesh Jamaat-e-Islami (Jamaat)) 43.6%","Bangladesh Nationalist Party (BNP) (56.4%), Bangladesh Jamaat-e-Islami (Jamaat) (43.6%)",126833.0,0.5640306133793453,98036.0,0.4359693866206547,0.0,0.0,98036.0,0.4359693866206547,126833.0,0.5640306133793453,0.0,0.0,-,-,-,-,98036.0,-,-,-,-,-,-,-,126833.0,-,-,-,-,-,-,-,-,-,-,-,-,-,-,-,-,-
Noakhali 2,Chattogram,Noakhali,360081.0,186305.0,173775.0,1.0,151036.0,"Zainul Abdin Farooq (Bangladesh Nationalist Party (BNP)) 55.6%, Sultan Md. Zakaria Majumder (National Citizen Party (NCP)) 44.4%","Bangladesh Nationalist Party (BNP) (55.6%), National Citizen Party (NCP) (44.4%)",83982.0,0.5560396196933182,0.0,0.0,0.0,0.0,67054.0,0.44396038030668183,83982.0,0.5560396196933182,0.0,0.0,-,-,-,-,-,-,-,-,-,-,-,-,83982.0,-,-,-,-,-,-,-,-,-,-,-,-,-,-,-,67054.0,-
Noakhali 3,Chattogram,Noakhali,511759.0,269886.0,241865.0,8.0,264972.0,"Md. Barkat Ullah Bulu (Bangladesh Nationalist Party (BNP)) 53.2%, Md. Borhan Uddin (Bangladesh Jamaat-e-Islami (Jamaat)) 46.8%","Bangladesh Nationalist Party (BNP) (53.2%), Bangladesh Jamaat-e-Islami (Jamaat) (46.8%)",141031.0,0.5322486904276679,123941.0,0.4677513095723322,0.0,0.0,123941.0,0.4677513095723322,141031.0,0.5322486904276679,0.0,0.0,-,-,-,-,123941.0,-,-,-,-,-,-,-,141031.0,-,-,-,-,-,-,-,-,-,-,-,-,-,-,-,-,-
Noakhali 4,Chattogram,Noakhali,700339.0,366659.0,333677.0,3.0,368171.0,"Md. Shahjahan (Bangladesh Nationalist Party (BNP)) 59.5%, Md. Ishaq Khandaker (Bangladesh Jamaat-e-Islami (Jamaat)) 40.5%","Bangladesh Nationalist Party (BNP) (59.5%), Bangladesh Jamaat-e-Islami (Jamaat) (40.5%)",219182.0,0.5953266281157397,148989.0,0.4046733718842603,0.0,0.0,148989.0,0.4046733718842603,219182.0,0.5953266281157397,0.0,0.0,-,-,-,-,148989.0,-,-,-,-,-,-,-,219182.0,-,-,-,-,-,-,-,-,-,-,-,-,-,-,-,-,-
Noakhali 5,Chattogram,Noakhali,503851.0,261779.0,242072.0,-,268261.0,"Md. Fakhrul Islam (Bangladesh Nationalist Party (BNP)) 55.1%, Md. Belayet Hossain (Bangladesh Jamaat-e-Islami (Jamaat)) 44.9%","Bangladesh Nationalist Party (BNP) (55.1%), Bangladesh Jamaat-e-Islami (Jamaat) (44.9%)",147808.0,0.5509857936859999,120453.0,0.4490142063140002,0.0,0.0,120453.0,0.4490142063140002,147808.0,0.5509857936859999,0.0,0.0,-,-,-,-,120453.0,-,-,-,-,-,-,-,147808.0,-,-,-,-,-,-,-,-,-,-,-,-,-,-,-,-,-
Noakhali 6,Chattogram,Noakhali,339185.0,178309.0,160874.0,2.0,155920.0,"Abdul Hannan Masood (National Citizen Party (NCP)) 58.9%, Md. Mahbuber Rahman (Bangladesh Nationalist Party (BNP)) 41.1%","National Citizen Party (NCP) (58.9%), Bangladesh Nationalist Party (BNP) (41.1%)",64021.0,0.41060159055926115,0.0,0.0,0.0,0.0,91899.0,0.5893984094407388,64021.0,0.41060159055926115,0.0,0.0,-,-,-,-,-,-,-,-,-,-,-,-,64021.0,-,-,-,-,-,-,-,-,-,-,-,-,-,-,-,91899.0,-
Pabna 1,Rajshahi,Pabna,464904.0,237675.0,227228.0,1.0,234219.0,"Md. Nojibur Rahman (Bangladesh Jamaat-e-Islami (Jamaat)) 55.5%, Md. Shamsur Rahman (Bangladesh Nationalist Party (BNP)) 44.5%","Bangladesh Jamaat-e-Islami (Jamaat) (55.5%), Bangladesh Nationalist Party (BNP) (44.5%)",104245.0,0.4450749085257814,129974.0,0.5549250914742185,0.0,0.0,129974.0,0.5549250914742185,104245.0,0.4450749085257814,0.0,0.0,-,-,-,-,129974.0,-,-,-,-,-,-,-,104245.0,-,-,-,-,-,-,-,-,-,-,-,-,-,-,-,-,-
Pabna 2,Rajshahi,Pabna,373425.0,191467.0,181957.0,1.0,292648.0,"A. K. M. Selim Reza Habib (Bangladesh Nationalist Party (BNP)) 73.6%, Md. Hesab Uddin (Bangladesh Jamaat-e-Islami (Jamaat)) 26.4%","Bangladesh Nationalist Party (BNP) (73.6%), Bangladesh Jamaat-e-Islami (Jamaat) (26.4%)",215406.0,0.7360583362947979,77242.0,0.26394166370520217,0.0,0.0,77242.0,0.26394166370520217,215406.0,0.7360583362947979,0.0,0.0,-,-,-,-,77242.0,-,-,-,-,-,-,-,215406.0,-,-,-,-,-,-,-,-,-,-,-,-,-,-,-,-,-
Pabna 3,Rajshahi,Pabna,486806.0,243937.0,242863.0,6.0,291671.0,"Md. Ali Asghar (Bangladesh Jamaat-e-Islami (Jamaat)) 50.6%, Md. Hasan Zafir Tuhin (Bangladesh Nationalist Party (BNP)) 49.4%","Bangladesh Jamaat-e-Islami (Jamaat) (50.6%), Bangladesh Nationalist Party (BNP) (49.4%)",144206.0,0.49441322586064435,147465.0,0.5055867741393556,0.0,0.0,147465.0,0.5055867741393556,144206.0,0.49441322586064435,0.0,0.0,-,-,-,-,147465.0,-,-,-,-,-,-,-,144206.0,-,-,-,-,-,-,-,-,-,-,-,-,-,-,-,-,-
Pabna 4,Rajshahi,Pabna,440168.0,221442.0,218720.0,6.0,271549.0,"Md. Abu Taleb Mandal (Bangladesh Jamaat-e-Islami (Jamaat)) 50.7%, Md. Habibur Rahman (Bangladesh Nationalist Party (BNP)) 49.3%","Bangladesh Jamaat-e-Islami (Jamaat) (50.7%), Bangladesh Nationalist Party (BNP) (49.3%)",133874.0,0.49300126312378245,137675.0,0.5069987368762175,0.0,0.0,137675.0,0.5069987368762175,133874.0,0.49300126312378245,0.0,0.0,-,-,-,-,137675.0,-,-,-,-,-,-,-,133874.0,-,-,-,-,-,-,-,-,-,-,-,-,-,-,-,-,-
Pabna 5,Rajshahi,Pabna,528044.0,266433.0,261608.0,3.0,346919.0,"Md. Shamsur Rahman Shimul Biswas (Bangladesh Nationalist Party (BNP)) 52.4%, Md. Iqbal Hossain (Bangladesh Jamaat-e-Islami (Jamaat)) 47.6%","Bangladesh Nationalist Party (BNP) (52.4%), Bangladesh Jamaat-e-Islami (Jamaat) (47.6%)",181925.0,0.5244019497346643,164994.0,0.4755980502653357,0.0,0.0,164994.0,0.4755980502653357,181925.0,0.5244019497346643,0.0,0.0,-,-,-,-,164994.0,-,-,-,-,-,-,-,181925.0,-,-,-,-,-,-,-,-,-,-,-,-,-,-,-,-,-
Panchagarh 1,Rangpur,Panchagarh,463700.0,231976.0,231723.0,1.0,344218.0,"Md. Nawshad Zamir (Bangladesh Nationalist Party (BNP)) 51.2%, Md. Sarjis Alam (National Citizen Party (NCP)) 48.8%","Bangladesh Nationalist Party (BNP) (51.2%), National Citizen Party (NCP) (48.8%)",176169.0,0.5117948509374873,0.0,0.0,0.0,0.0,168049.0,0.4882051490625127,176169.0,0.5117948509374873,0.0,0.0,-,-,-,-,-,-,-,-,-,-,-,-,176169.0,-,-,-,-,-,-,-,-,-,-,-,-,-,-,-,168049.0,-
Panchagarh 2,Rangpur,Panchagarh,417529.0,209708.0,207818.0,3.0,303512.0,"Farhad Hossain Azad (Bangladesh Nationalist Party (BNP)) 57.5%, Md. Shafiul Alam (Bangladesh Jamaat-e-Islami (Jamaat)) 42.5%","Bangladesh Nationalist Party (BNP) (57.5%), Bangladesh Jamaat-e-Islami (Jamaat) (42.5%)",174650.0,0.5754302960014761,128862.0,0.42456970399852395,0.0,0.0,128862.0,0.42456970399852395,174650.0,0.5754302960014761,0.0,0.0,-,-,-,-,128862.0,-,-,-,-,-,-,-,174650.0,-,-,-,-,-,-,-,-,-,-,-,-,-,-,-,-,-
Patuakhali 1,Barishal,Patuakhali,505840.0,254339.0,251493.0,8.0,259294.0,"Altaf Hossain Chowdhury (Bangladesh Nationalist Party (BNP)) 58.7%, Md. Firoz Alam (Islami Andolan Bangladesh (IAB)) 22.4%, Md. Abdul Wahab (Amar Bangladesh Party (AB)) 17.9%","Bangladesh Nationalist Party (BNP) (58.7%), Islami Andolan Bangladesh (IAB) (22.4%), Amar Bangladesh Party (AB) (17.9%)",152087.0,0.5865426889939606,0.0,0.0,1334.0,0.005144739176378936,46310.0,0.17860035326694795,152434.0,0.5878809382399901,0.0,0.0,46310.0,-,-,-,-,-,1334.0,-,-,-,-,-,152087.0,-,-,-,-,-,347.0,-,-,58161.0,-,-,-,1055.0,-,-,-,-
Patuakhali 2,Barishal,Patuakhali,315282.0,160501.0,154779.0,2.0,188607.0,"Md. Shafiqul Islam (Bangladesh Jamaat-e-Islami (Jamaat)) 53.4%, Md. Shahidul Alam Talukder (Bangladesh Nationalist Party (BNP)) 38.5%, Malek Hossain (Islami Andolan Bangladesh (IAB)) 7.6%","Bangladesh Jamaat-e-Islami (Jamaat) (53.4%), Bangladesh Nationalist Party (BNP) (38.5%), Islami Andolan Bangladesh (IAB) (7.6%)",72676.0,0.38533034298833024,100750.0,0.5341795373448494,0.0,0.0,101160.0,0.5363533697052602,73029.0,0.3872019596303425,0.0,0.0,410.0,-,-,-,100750.0,-,-,-,-,-,-,-,72676.0,-,-,-,-,-,353.0,-,-,14418.0,-,-,-,-,-,-,-,-
Patuakhali 3,Barishal,Patuakhali,375871.0,189020.0,186848.0,3.0,233127.0,"Md. Nurul Haque (Gono Odhikar Parishad (GOP)) 41.7%, Md. Hasan Mamun (Independent Candidate (Independent)) 34.9%, Md. Abu Bakr Siddiqui (Islami Andolan Bangladesh (IAB)) 16.4%","Gono Odhikar Parishad (GOP) (41.7%), Independent Candidate (Independent) (34.9%), Islami Andolan Bangladesh (IAB) (16.4%)",0.0,0.0,16255.0,0.06972594336992283,0.0,0.0,16255.0,0.06972594336992283,97323.0,0.41746773218031374,0.0,0.0,-,-,-,-,16255.0,-,-,-,-,-,-,-,-,-,-,-,-,-,97323.0,81361.0,-,38188.0,-,-,-,-,-,-,-,-
Patuakhali 4,Barishal,Patuakhali,312603.0,158123.0,154475.0,5.0,209327.0,"Abm Mosharraf Hossain (Bangladesh Nationalist Party (BNP)) 59.2%, Mostafizur Rahman (Islami Andolan Bangladesh (IAB)) 33.5%, Zahir Uddin Ahmed (Khelafat Majlis) 7.2%","Bangladesh Nationalist Party (BNP) (59.2%), Islami Andolan Bangladesh (IAB) (33.5%), Khelafat Majlis (7.2%)",124013.0,0.5924367138496228,0.0,0.0,0.0,0.0,14985.0,0.071586560739895,124215.0,0.5934017111982688,0.0,0.0,-,-,-,-,-,-,-,-,-,-,-,-,124013.0,-,-,-,-,-,202.0,-,-,70127.0,-,-,-,-,-,14985.0,-,-
Pirojpur 1,Barishal,Pirojpur,392178.0,198709.0,193469.0,-,239764.0,"Masud Sayeedi (Bangladesh Jamaat-e-Islami (Jamaat)) 55.3%, Alamgir Hossain (Bangladesh Nationalist Party (BNP)) 44.7%","Bangladesh Jamaat-e-Islami (Jamaat) (55.3%), Bangladesh Nationalist Party (BNP) (44.7%)",107105.0,0.4467100982632922,132659.0,0.5532899017367078,0.0,0.0,132659.0,0.5532899017367078,107105.0,0.4467100982632922,0.0,0.0,-,-,-,-,132659.0,-,-,-,-,-,-,-,107105.0,-,-,-,-,-,-,-,-,-,-,-,-,-,-,-,-,-
Pirojpur 2,Barishal,Pirojpur,409288.0,204312.0,204972.0,4.0,230093.0,"Ahmed Sohel Monjur (Bangladesh Nationalist Party (BNP)) 45.7%, Shamim Sayeedi (Bangladesh Jamaat-e-Islami (Jamaat)) 42.1%, Mahmud Hossain (Independent Candidate (Independent)) 7.0%","Bangladesh Nationalist Party (BNP) (45.7%), Bangladesh Jamaat-e-Islami (Jamaat) (42.1%), Independent Candidate (Independent) (7.0%)",105185.0,0.45714124288874497,96897.0,0.42112102497685716,0.0,0.0,97287.0,0.42281599179462215,105185.0,0.45714124288874497,0.0,0.0,390.0,-,-,-,96897.0,-,-,-,-,-,-,-,105185.0,-,-,-,-,-,-,16219.0,-,6697.0,-,-,-,-,4705.0,-,-,-
Pirojpur 3,Barishal,Pirojpur,241361.0,122045.0,119315.0,1.0,136375.0,"Md. Ruhul Amin Dulal (Bangladesh Nationalist Party (BNP)) 46.8%, Md. Shamim Hamidi (National Citizen Party (NCP)) 26.8%, Md. Rustom Ali Faraji (Islami Andolan Bangladesh (IAB)) 26.4%","Bangladesh Nationalist Party (BNP) (46.8%), National Citizen Party (NCP) (26.8%), Islami Andolan Bangladesh (IAB) (26.4%)",63791.0,0.4677616865261228,0.0,0.0,0.0,0.0,36616.0,0.2684949587534372,63791.0,0.4677616865261228,0.0,0.0,-,-,-,-,-,-,-,-,-,-,-,-,63791.0,-,-,-,-,-,-,-,-,35968.0,-,-,-,-,-,-,36616.0,-
Rajbari 1,Dhaka,Rajbari,430216.0,216150.0,214058.0,8.0,255633.0,"Ali Nawaz Mahmud Khayum (Bangladesh Nationalist Party (BNP)) 60.5%, Md. Nurul Islam (Bangladesh Jamaat-e-Islami (Jamaat)) 39.5%","Bangladesh Nationalist Party (BNP) (60.5%), Bangladesh Jamaat-e-Islami (Jamaat) (39.5%)",154541.0,0.604542449527252,101092.0,0.39545755047274805,0.0,0.0,101092.0,0.39545755047274805,154541.0,0.604542449527252,0.0,0.0,-,-,-,-,101092.0,-,-,-,-,-,-,-,154541.0,-,-,-,-,-,-,-,-,-,-,-,-,-,-,-,-,-
Rajbari 2,Dhaka,Rajbari,559696.0,285544.0,274146.0,6.0,304553.0,"Md. Harun Ur Rashid (Bangladesh Nationalist Party (BNP)) 77.9%, Jamil Hijazi (National Citizen Party (NCP)) 22.1%","Bangladesh Nationalist Party (BNP) (77.9%), National Citizen Party (NCP) (22.1%)",237254.0,0.779023683890817,0.0,0.0,0.0,0.0,67299.0,0.22097631610918297,237254.0,0.779023683890817,0.0,0.0,-,-,-,-,-,-,-,-,-,-,-,-,237254.0,-,-,-,-,-,-,-,-,-,-,-,-,-,-,-,67299.0,-
Rajshahi 1,Rajshahi,Rajshahi,468780.0,234078.0,234699.0,3.0,341688.0,"Md. Mujibur Rahman (Bangladesh Jamaat-e-Islami (Jamaat)) 50.3%, Md. Sharif Uddin (Bangladesh Nationalist Party (BNP)) 49.7%","Bangladesh Jamaat-e-Islami (Jamaat) (50.3%), Bangladesh Nationalist Party (BNP) (49.7%)",169902.0,0.4972430989674791,171786.0,0.5027569010325209,0.0,0.0,171786.0,0.5027569010325209,169902.0,0.4972430989674791,0.0,0.0,-,-,-,-,171786.0,-,-,-,-,-,-,-,169902.0,-,-,-,-,-,-,-,-,-,-,-,-,-,-,-,-,-
Rajshahi 2,Rajshahi,Rajshahi,369564.0,178249.0,191307.0,8.0,288916.0,"Md. Mizanur Rahman (Bangladesh Nationalist Party (BNP)) 65.3%, Md. Jahangir (Bangladesh Jamaat-e-Islami (Jamaat)) 34.7%","Bangladesh Nationalist Party (BNP) (65.3%), Bangladesh Jamaat-e-Islami (Jamaat) (34.7%)",188546.0,0.652597986958147,100370.0,0.347402013041853,0.0,0.0,100370.0,0.347402013041853,188546.0,0.652597986958147,0.0,0.0,-,-,-,-,100370.0,-,-,-,-,-,-,-,188546.0,-,-,-,-,-,-,-,-,-,-,-,-,-,-,-,-,-
Rajshahi 3,Rajshahi,Rajshahi,423738.0,210897.0,212835.0,6.0,314245.0,"Md. Shafiqul Haque Milon (Bangladesh Nationalist Party (BNP)) 56.1%, Md. Abul Kalam Azad (Bangladesh Jamaat-e-Islami (Jamaat)) 43.9%","Bangladesh Nationalist Party (BNP) (56.1%), Bangladesh Jamaat-e-Islami (Jamaat) (43.9%)",176318.0,0.561084504128944,137927.0,0.43891549587105605,0.0,0.0,137927.0,0.43891549587105605,176318.0,0.561084504128944,0.0,0.0,-,-,-,-,137927.0,-,-,-,-,-,-,-,176318.0,-,-,-,-,-,-,-,-,-,-,-,-,-,-,-,-,-
Rajshahi 4,Rajshahi,Rajshahi,319909.0,160720.0,159185.0,4.0,224687.0,"Md. Abdul Bari Sarkar (Bangladesh Jamaat-e-Islami (Jamaat)) 51.3%, D. M. D. Ziaur Rahman (Bangladesh Nationalist Party (BNP)) 48.7%","Bangladesh Jamaat-e-Islami (Jamaat) (51.3%), Bangladesh Nationalist Party (BNP) (48.7%)",109461.0,0.4871710423834045,115226.0,0.5128289576165955,0.0,0.0,115226.0,0.5128289576165955,109461.0,0.4871710423834045,0.0,0.0,-,-,-,-,115226.0,-,-,-,-,-,-,-,109461.0,-,-,-,-,-,-,-,-,-,-,-,-,-,-,-,-,-
Rajshahi 5,Rajshahi,Rajshahi,353174.0,176670.0,176499.0,5.0,226870.0,"Nazrul Islam (Bangladesh Nationalist Party (BNP)) 67.6%, Manjur Rahman (Bangladesh Jamaat-e-Islami (Jamaat)) 32.4%","Bangladesh Nationalist Party (BNP) (67.6%), Bangladesh Jamaat-e-Islami (Jamaat) (32.4%)",153425.0,0.6762683475117909,73445.0,0.3237316524882091,0.0,0.0,73445.0,0.3237316524882091,153425.0,0.6762683475117909,0.0,0.0,-,-,-,-,73445.0,-,-,-,-,-,-,-,153425.0,-,-,-,-,-,-,-,-,-,-,-,-,-,-,-,-,-
Rajshahi 6,Rajshahi,Rajshahi,357054.0,178068.0,178984.0,2.0,240637.0,"Md. Abu Sayed Chad (Bangladesh Nationalist Party (BNP)) 61.4%, Md. Nazmul Haque (Bangladesh Jamaat-e-Islami (Jamaat)) 38.6%","Bangladesh Nationalist Party (BNP) (61.4%), Bangladesh Jamaat-e-Islami (Jamaat) (38.6%)",147672.0,0.6136712143186626,92965.0,0.38632878568133744,0.0,0.0,92965.0,0.38632878568133744,147672.0,0.6136712143186626,0.0,0.0,-,-,-,-,92965.0,-,-,-,-,-,-,-,147672.0,-,-,-,-,-,-,-,-,-,-,-,-,-,-,-,-,-
Rangamati 1,Chattogram,Rangamati,-,-,-,-,263647.0,"Dipen Dewan (Bangladesh Nationalist Party (BNP)) 76.4%, Pahel Chakma (Independent Candidate (Independent)) 11.8%, Md. Abu Bakr Siddiqui (Bangladesh Khelafat Majlish (BKM)) 8.6%","Bangladesh Nationalist Party (BNP) (76.4%), Independent Candidate (Independent) (11.8%), Bangladesh Khelafat Majlish (BKM) (8.6%)",201544.0,0.7644463999211066,0.0,0.0,1071.0,0.004062249902331527,22715.0,0.08615686884356735,203064.0,0.7702116845630711,0.0,0.0,-,-,-,-,-,-,-,-,22715.0,-,-,-,201544.0,-,-,-,-,-,449.0,31222.0,-,3672.0,-,-,-,2974.0,-,-,-,1071.0
Rangpur 1,Rangpur,Rangpur,375227.0,188829.0,186394.0,4.0,214495.0,"Md. Raihan Siraji (Bangladesh Jamaat-e-Islami (Jamaat)) 67.6%, Md. Mokarram Hossain Sujan (Bangladesh Nationalist Party (BNP)) 32.4%","Bangladesh Jamaat-e-Islami (Jamaat) (67.6%), Bangladesh Nationalist Party (BNP) (32.4%)",69407.0,0.3235833003100305,145088.0,0.6764166996899694,0.0,0.0,145088.0,0.6764166996899694,69407.0,0.3235833003100305,0.0,0.0,-,-,-,-,145088.0,-,-,-,-,-,-,-,69407.0,-,-,-,-,-,-,-,-,-,-,-,-,-,-,-,-,-
Rangpur 2,Rangpur,Rangpur,380921.0,192287.0,188625.0,9.0,65176.0,"Atm Azharul Islam (Bangladesh Jamaat-e-Islami (Jamaat)) 66.1%, Md. Ali Sarkar (Bangladesh Nationalist Party (BNP)) 33.9%","Bangladesh Jamaat-e-Islami (Jamaat) (66.1%), Bangladesh Nationalist Party (BNP) (33.9%)",22100.0,0.3390818706272247,43076.0,0.6609181293727753,0.0,0.0,43076.0,0.6609181293727753,22100.0,0.3390818706272247,0.0,0.0,-,-,-,-,43076.0,-,-,-,-,-,-,-,22100.0,-,-,-,-,-,-,-,-,-,-,-,-,-,-,-,-,-
Rangpur 3,Rangpur,Rangpur,508223.0,252369.0,255849.0,5.0,260405.0,"Md. Mahbubur Rahman (Bangladesh Jamaat-e-Islami (Jamaat)) 67.5%, Md. Shamsuzzaman Samu (Bangladesh Nationalist Party (BNP)) 32.5%","Bangladesh Jamaat-e-Islami (Jamaat) (67.5%), Bangladesh Nationalist Party (BNP) (32.5%)",84578.0,0.32479407077437067,175827.0,0.6752059292256293,0.0,0.0,175827.0,0.6752059292256293,84578.0,0.32479407077437067,0.0,0.0,-,-,-,-,175827.0,-,-,-,-,-,-,-,84578.0,-,-,-,-,-,-,-,-,-,-,-,-,-,-,-,-,-
Rangpur 4,Rangpur,Rangpur,509905.0,250787.0,259113.0,5.0,287563.0,"Akhtar Hossain (National Citizen Party (NCP)) 51.4%, Md. Emdadul Haque Bhorsa (Bangladesh Nationalist Party (BNP)) 48.6%","National Citizen Party (NCP) (51.4%), Bangladesh Nationalist Party (BNP) (48.6%)",139616.0,0.48551447856643587,0.0,0.0,0.0,0.0,147947.0,0.5144855214335641,139616.0,0.48551447856643587,0.0,0.0,-,-,-,-,-,-,-,-,-,-,-,-,139616.0,-,-,-,-,-,-,-,-,-,-,-,-,-,-,-,147947.0,-
Rangpur 5,Rangpur,Rangpur,469189.0,232462.0,236723.0,4.0,289349.0,"Md. Golam Rabbani (Bangladesh Jamaat-e-Islami (Jamaat)) 60.6%, Md. Golam Rabbani (Bangladesh Nationalist Party (BNP)) 39.4%","Bangladesh Jamaat-e-Islami (Jamaat) (60.6%), Bangladesh Nationalist Party (BNP) (39.4%)",114141.0,0.394475183947413,175208.0,0.605524816052587,0.0,0.0,175208.0,0.605524816052587,114141.0,0.394475183947413,0.0,0.0,-,-,-,-,175208.0,-,-,-,-,-,-,-,114141.0,-,-,-,-,-,-,-,-,-,-,-,-,-,-,-,-,-
Rangpur 6,Rangpur,Rangpur,355737.0,176103.0,179630.0,4.0,235809.0,"Md. Nurul Amin (Bangladesh Jamaat-e-Islami (Jamaat)) 50.4%, Md. Saiful Islam (Bangladesh Nationalist Party (BNP)) 49.6%","Bangladesh Jamaat-e-Islami (Jamaat) (50.4%), Bangladesh Nationalist Party (BNP) (49.6%)",116919.0,0.4958207701996107,118890.0,0.5041792298003893,0.0,0.0,118890.0,0.5041792298003893,116919.0,0.4958207701996107,0.0,0.0,-,-,-,-,118890.0,-,-,-,-,-,-,-,116919.0,-,-,-,-,-,-,-,-,-,-,-,-,-,-,-,-,-
Satkhira 1,Khulna,Satkhira,496848.0,247873.0,248973.0,2.0,363767.0,"Md. Izzat Ullah (Bangladesh Jamaat-e-Islami (Jamaat)) 53.3%, Md. Habibul Islam Habib (Bangladesh Nationalist Party (BNP)) 46.7%","Bangladesh Jamaat-e-Islami (Jamaat) (53.3%), Bangladesh Nationalist Party (BNP) (46.7%)",169995.0,0.46731836587705866,193772.0,0.5326816341229413,0.0,0.0,193772.0,0.5326816341229413,169995.0,0.46731836587705866,0.0,0.0,-,-,-,-,193772.0,-,-,-,-,-,-,-,169995.0,-,-,-,-,-,-,-,-,-,-,-,-,-,-,-,-,-
Satkhira 2,Khulna,Satkhira,535654.0,265965.0,269685.0,4.0,383252.0,"Md. Abdul Khaliq (Bangladesh Jamaat-e-Islami (Jamaat)) 69.7%, Md. Abdur Rouf (Bangladesh Nationalist Party (BNP)) 30.3%","Bangladesh Jamaat-e-Islami (Jamaat) (69.7%), Bangladesh Nationalist Party (BNP) (30.3%)",116293.0,0.3034374249840836,266959.0,0.6965625750159165,0.0,0.0,266959.0,0.6965625750159165,116293.0,0.3034374249840836,0.0,0.0,-,-,-,-,266959.0,-,-,-,-,-,-,-,116293.0,-,-,-,-,-,-,-,-,-,-,-,-,-,-,-,-,-
Satkhira 3,Khulna,Satkhira,502222.0,253984.0,248235.0,3.0,289612.0,"Hafez Muhaj Rabiul Bashar (Bangladesh Jamaat-e-Islami (Jamaat)) 63.6%, Md. Shahidul Alam (Independent Candidate (Independent)) 36.4%","Bangladesh Jamaat-e-Islami (Jamaat) (63.6%), Independent Candidate (Independent) (36.4%)",0.0,0.0,184233.0,0.6361373147521512,0.0,0.0,184233.0,0.6361373147521512,0.0,0.0,0.0,0.0,-,-,-,-,184233.0,-,-,-,-,-,-,-,-,-,-,-,-,-,-,105379.0,-,-,-,-,-,-,-,-,-,-
Satkhira 4,Khulna,Satkhira,298050.0,150026.0,148020.0,4.0,190673.0,"G. M. Nazrul Islam (Bangladesh Jamaat-e-Islami (Jamaat)) 55.5%, Md. Moniruzzaman (Bangladesh Nationalist Party (BNP)) 44.5%","Bangladesh Jamaat-e-Islami (Jamaat) (55.5%), Bangladesh Nationalist Party (BNP) (44.5%)",84868.0,0.44509710341789344,105805.0,0.5549028965821066,0.0,0.0,105805.0,0.5549028965821066,84868.0,0.44509710341789344,0.0,0.0,-,-,-,-,105805.0,-,-,-,-,-,-,-,84868.0,-,-,-,-,-,-,-,-,-,-,-,-,-,-,-,-,-
Shariatpur 1,Dhaka,Shariatpur,395476.0,207730.0,187736.0,10.0,140115.0,"Sayed Ahmed (Bangladesh Nationalist Party (BNP)) 55.2%, Jalaluddin Ahmed (Bangladesh Khelafat Majlish (BKM)) 44.8%","Bangladesh Nationalist Party (BNP) (55.2%), Bangladesh Khelafat Majlish (BKM) (44.8%)",77398.0,0.5523891089462227,0.0,0.0,0.0,0.0,62717.0,0.44761089105377727,77398.0,0.5523891089462227,0.0,0.0,-,-,-,-,-,-,-,-,62717.0,-,-,-,77398.0,-,-,-,-,-,-,-,-,-,-,-,-,-,-,-,-,-
Shariatpur 2,Dhaka,Shariatpur,415135.0,215993.0,199140.0,2.0,200706.0,"Md. Shafiqur Rahman (Bangladesh Nationalist Party (BNP)) 64.7%, Mahmud Hossain (Bangladesh Jamaat-e-Islami (Jamaat)) 35.3%","Bangladesh Nationalist Party (BNP) (64.7%), Bangladesh Jamaat-e-Islami (Jamaat) (35.3%)",129814.0,0.646786842446165,70892.0,0.353213157553835,0.0,0.0,70892.0,0.353213157553835,129814.0,0.646786842446165,0.0,0.0,-,-,-,-,70892.0,-,-,-,-,-,-,-,129814.0,-,-,-,-,-,-,-,-,-,-,-,-,-,-,-,-,-
Shariatpur 3,Dhaka,Shariatpur,340142.0,174068.0,166072.0,2.0,177200.0,"Mia Nuruddin Ahmed Apu (Bangladesh Nationalist Party (BNP)) 60.7%, Md. Azaharul Islam (Bangladesh Jamaat-e-Islami (Jamaat)) 39.3%","Bangladesh Nationalist Party (BNP) (60.7%), Bangladesh Jamaat-e-Islami (Jamaat) (39.3%)",107516.0,0.6067494356659142,69684.0,0.3932505643340858,0.0,0.0,69684.0,0.3932505643340858,107516.0,0.6067494356659142,0.0,0.0,-,-,-,-,69684.0,-,-,-,-,-,-,-,107516.0,-,-,-,-,-,-,-,-,-,-,-,-,-,-,-,-,-
Sherpur 1,Mymensingh,Sherpur,450489.0,224472.0,226009.0,8.0,269980.0,"Md. Rashidul Islam Rashed (Bangladesh Jamaat-e-Islami (Jamaat)) 47.3%, Sansila Zebrin (Bangladesh Nationalist Party (BNP)) 29.0%, Md. Shafiqul Islam Masud (Independent Candidate (Independent)) 23.1%","Bangladesh Jamaat-e-Islami (Jamaat) (47.3%), Bangladesh Nationalist Party (BNP) (29.0%), Independent Candidate (Independent) (23.1%)",78342.0,0.2901770501518631,127811.0,0.4734091414178828,0.0,0.0,128267.0,0.4750981554189199,78342.0,0.2901770501518631,0.0,0.0,-,-,-,-,127811.0,-,-,-,-,-,-,-,78342.0,-,-,-,-,-,-,62415.0,-,-,-,-,-,751.0,-,-,456.0,-
Sherpur 2,Mymensingh,Sherpur,440035.0,215786.0,224249.0,-,231684.0,"Md. Fahim Chowdhury (Bangladesh Nationalist Party (BNP)) 51.1%, Md. Golam Kibria (Bangladesh Jamaat-e-Islami (Jamaat)) 46.8%, Md. Abdullah Al Kayes (Islami Andolan Bangladesh (IAB)) 2.1%","Bangladesh Nationalist Party (BNP) (51.1%), Bangladesh Jamaat-e-Islami (Jamaat) (46.8%), Islami Andolan Bangladesh (IAB) (2.1%)",118472.0,0.5113516686521297,108335.0,0.4675981077674764,0.0,0.0,108335.0,0.4675981077674764,118472.0,0.5113516686521297,0.0,0.0,-,-,-,-,108335.0,-,-,-,-,-,-,-,118472.0,-,-,-,-,-,-,-,-,4877.0,-,-,-,-,-,-,-,-
Sherpur 3,Mymensingh,Sherpur,413377.0,205077.0,208293.0,7.0,-,,,-,-,-,-,-,-,-,-,-,-,-,-,-,-,-,-,-,-,-,-,-,-,-,-,-,-,-,-,-,-,-,-,-,-,-,-,-,-,-,-,-,-
Sirajganj 1,Rajshahi,Sirajganj,385024.0,189676.0,195344.0,4.0,225428.0,"Md. Selim Reza (Bangladesh Nationalist Party (BNP)) 51.7%, Md. Shahinur Alam (Bangladesh Jamaat-e-Islami (Jamaat)) 48.3%","Bangladesh Nationalist Party (BNP) (51.7%), Bangladesh Jamaat-e-Islami (Jamaat) (48.3%)",116613.0,0.5172959880760154,108815.0,0.4827040119239846,0.0,0.0,108815.0,0.4827040119239846,116613.0,0.5172959880760154,0.0,0.0,-,-,-,-,108815.0,-,-,-,-,-,-,-,116613.0,-,-,-,-,-,-,-,-,-,-,-,-,-,-,-,-,-
Sirajganj 2,Rajshahi,Sirajganj,469878.0,235248.0,234626.0,4.0,316375.0,"Iqbal Hassan Mahmud (Bangladesh Nationalist Party (BNP)) 56.1%, Md. Zahidul Islam (Bangladesh Jamaat-e-Islami (Jamaat)) 43.9%","Bangladesh Nationalist Party (BNP) (56.1%), Bangladesh Jamaat-e-Islami (Jamaat) (43.9%)",177578.0,0.5612896088502568,138797.0,0.4387103911497432,0.0,0.0,138797.0,0.4387103911497432,177578.0,0.5612896088502568,0.0,0.0,-,-,-,-,138797.0,-,-,-,-,-,-,-,177578.0,-,-,-,-,-,-,-,-,-,-,-,-,-,-,-,-,-
Sirajganj 3,Rajshahi,Sirajganj,444427.0,222737.0,221683.0,7.0,293896.0,"Md. Aynul Haque (Bangladesh Nationalist Party (BNP)) 59.4%, Md. Abdur Rauf Sarkar (Bangladesh Khelafat Majlish (BKM)) 39.7%, Md. Fazlul Haque (Jatiya Party (JaPa)) 0.6%","Bangladesh Nationalist Party (BNP) (59.4%), Bangladesh Khelafat Majlish (BKM) (39.7%), Jatiya Party (JaPa) (0.6%)",174430.0,0.5935092685848055,0.0,0.0,0.0,0.0,116802.0,0.3974263004600267,174430.0,0.5935092685848055,0.0,0.0,-,-,-,-,-,-,-,-,116802.0,-,-,-,174430.0,-,-,-,-,-,-,1006.0,-,-,-,-,-,1658.0,-,-,-,-
Sirajganj 4,Rajshahi,Sirajganj,475821.0,243680.0,232125.0,16.0,327274.0,"Md. Rafiqul Islam Khan (Bangladesh Jamaat-e-Islami (Jamaat)) 49.5%, M. Akbar Ali (Bangladesh Nationalist Party (BNP)) 49.3%, Abdur Rahman (Islami Andolan Bangladesh (IAB)) 0.7%","Bangladesh Jamaat-e-Islami (Jamaat) (49.5%), Bangladesh Nationalist Party (BNP) (49.3%), Islami Andolan Bangladesh (IAB) (0.7%)",161278.0,0.4927919724756626,161872.0,0.4946069654173567,0.0,0.0,161872.0,0.4946069654173567,161278.0,0.4927919724756626,0.0,0.0,-,-,-,-,161872.0,-,-,-,-,-,-,-,161278.0,-,-,-,695.0,-,-,-,-,2216.0,-,-,-,1213.0,-,-,-,-
Sirajganj 5,Rajshahi,Sirajganj,426321.0,218664.0,207655.0,2.0,241794.0,"Md. Amirul Islam Khan (Bangladesh Nationalist Party (BNP)) 55.8%, Md. Ali Alam (Bangladesh Jamaat-e-Islami (Jamaat)) 44.2%","Bangladesh Nationalist Party (BNP) (55.8%), Bangladesh Jamaat-e-Islami (Jamaat) (44.2%)",134989.0,0.5582810160715319,106805.0,0.44171898392846803,0.0,0.0,106805.0,0.44171898392846803,134989.0,0.5582810160715319,0.0,0.0,-,-,-,-,106805.0,-,-,-,-,-,-,-,134989.0,-,-,-,-,-,-,-,-,-,-,-,-,-,-,-,-,-
Sirajganj 6,Rajshahi,Sirajganj,485387.0,246412.0,238972.0,3.0,275392.0,"M. A. Muhit (Bangladesh Nationalist Party (BNP)) 62.3%, S. M. Saif Mostafiz (National Citizen Party (NCP)) 37.7%","Bangladesh Nationalist Party (BNP) (62.3%), National Citizen Party (NCP) (37.7%)",171508.0,0.6227777132233325,0.0,0.0,0.0,0.0,103884.0,0.3772222867766674,171508.0,0.6227777132233325,0.0,0.0,-,-,-,-,-,-,-,-,-,-,-,-,171508.0,-,-,-,-,-,-,-,-,-,-,-,-,-,-,-,103884.0,-
Sunamganj 1,Sylhet,Sunamganj,501555.0,256185.0,245360.0,10.0,254740.0,"Kamruzzaman Kamrul (Bangladesh Nationalist Party (BNP)) 63.5%, Tofael Ahmed (Bangladesh Jamaat-e-Islami (Jamaat)) 36.5%","Bangladesh Nationalist Party (BNP) (63.5%), Bangladesh Jamaat-e-Islami (Jamaat) (36.5%)",161774.0,0.6350553505535055,92966.0,0.36494464944649446,0.0,0.0,92966.0,0.36494464944649446,161774.0,0.6350553505535055,0.0,0.0,-,-,-,-,92966.0,-,-,-,-,-,-,-,161774.0,-,-,-,-,-,-,-,-,-,-,-,-,-,-,-,-,-
Sunamganj 2,Sylhet,Sunamganj,306052.0,154652.0,151399.0,1.0,162742.0,"Md. Nasir Chowdhury (Bangladesh Nationalist Party (BNP)) 61.2%, Md. Shishir Monir (Bangladesh Jamaat-e-Islami (Jamaat)) 38.8%","Bangladesh Nationalist Party (BNP) (61.2%), Bangladesh Jamaat-e-Islami (Jamaat) (38.8%)",99522.0,0.6115323641100637,63220.0,0.3884676358899362,0.0,0.0,63220.0,0.3884676358899362,99522.0,0.6115323641100637,0.0,0.0,-,-,-,-,63220.0,-,-,-,-,-,-,-,99522.0,-,-,-,-,-,-,-,-,-,-,-,-,-,-,-,-,-
Sunamganj 3,Sylhet,Sunamganj,373016.0,189243.0,183767.0,6.0,139539.0,"Md. Kayshar Ahmed (Bangladesh Nationalist Party (BNP)) 69.7%, Md. Anwar Hossain (Independent Candidate (Independent)) 30.3%","Bangladesh Nationalist Party (BNP) (69.7%), Independent Candidate (Independent) (30.3%)",97313.0,0.697389260350153,0.0,0.0,0.0,0.0,0.0,0.0,97313.0,0.697389260350153,0.0,0.0,-,-,-,-,-,-,-,-,-,-,-,-,97313.0,-,-,-,-,-,-,42226.0,-,-,-,-,-,-,-,-,-,-
Sunamganj 4,Sylhet,Sunamganj,372185.0,189359.0,182813.0,13.0,173827.0,"Nurul Islam (Bangladesh Nationalist Party (BNP)) 56.4%, Md. Shams Uddin (Bangladesh Jamaat-e-Islami (Jamaat)) 43.6%","Bangladesh Nationalist Party (BNP) (56.4%), Bangladesh Jamaat-e-Islami (Jamaat) (43.6%)",98092.0,0.5643081914777336,75735.0,0.4356918085222664,0.0,0.0,75735.0,0.4356918085222664,98092.0,0.5643081914777336,0.0,0.0,-,-,-,-,75735.0,-,-,-,-,-,-,-,98092.0,-,-,-,-,-,-,-,-,-,-,-,-,-,-,-,-,-
Sunamganj 5,Sylhet,Sunamganj,527458.0,270620.0,256836.0,2.0,254036.0,"Kalim Uddin Ahmed (Bangladesh Nationalist Party (BNP)) 59.8%, Abu Tahir Md. Abdus Salam (Bangladesh Jamaat-e-Islami (Jamaat)) 40.2%","Bangladesh Nationalist Party (BNP) (59.8%), Bangladesh Jamaat-e-Islami (Jamaat) (40.2%)",151915.0,0.5980057944543293,102121.0,0.40199420554567067,0.0,0.0,102121.0,0.40199420554567067,151915.0,0.5980057944543293,0.0,0.0,-,-,-,-,102121.0,-,-,-,-,-,-,-,151915.0,-,-,-,-,-,-,-,-,-,-,-,-,-,-,-,-,-
Sylhet 1,Sylhet,Sylhet,680946.0,353186.0,327747.0,13.0,308915.0,"Khandaker Abdul Muktadir (Bangladesh Nationalist Party (BNP)) 56.3%, Habibur Rahman (Bangladesh Jamaat-e-Islami (Jamaat)) 43.7%","Bangladesh Nationalist Party (BNP) (56.3%), Bangladesh Jamaat-e-Islami (Jamaat) (43.7%)",173932.0,0.5630416133887963,134983.0,0.43695838661120373,0.0,0.0,134983.0,0.43695838661120373,173932.0,0.5630416133887963,0.0,0.0,-,-,-,-,134983.0,-,-,-,-,-,-,-,173932.0,-,-,-,-,-,-,-,-,-,-,-,-,-,-,-,-,-
Sylhet 2,Sylhet,Sylhet,368932.0,188679.0,180253.0,-,156591.0,"Mst. Tahsina Rushdeer (Bangladesh Nationalist Party (BNP)) 75.3%, Md. Muntasir Ali (Khelafat Majlis) 24.7%","Bangladesh Nationalist Party (BNP) (75.3%), Khelafat Majlis (24.7%)",117956.0,0.7532744538319571,0.0,0.0,0.0,0.0,38635.0,0.24672554616804288,117956.0,0.7532744538319571,0.0,0.0,-,-,-,-,-,-,-,-,-,-,-,-,117956.0,-,-,-,-,-,-,-,-,-,-,-,-,-,-,38635.0,-,-
Sylhet 3,Sylhet,Sylhet,416000.0,211709.0,204289.0,2.0,189064.0,"Md. Abdul Malik (Bangladesh Nationalist Party (BNP)) 61.1%, Musleh Uddin Raju (Bangladesh Khelafat Majlish (BKM)) 38.9%","Bangladesh Nationalist Party (BNP) (61.1%), Bangladesh Khelafat Majlish (BKM) (38.9%)",115450.0,0.610639783353785,0.0,0.0,0.0,0.0,73614.0,0.38936021664621506,115450.0,0.610639783353785,0.0,0.0,-,-,-,-,-,-,-,-,73614.0,-,-,-,115450.0,-,-,-,-,-,-,-,-,-,-,-,-,-,-,-,-,-
Sylhet 4,Sylhet,Sylhet,512933.0,267130.0,245802.0,1.0,258237.0,"Ariful Haque Chowdhury (Bangladesh Nationalist Party (BNP)) 72.4%, Md. Joynal Abedin (Bangladesh Jamaat-e-Islami (Jamaat)) 27.6%","Bangladesh Nationalist Party (BNP) (72.4%), Bangladesh Jamaat-e-Islami (Jamaat) (27.6%)",186846.0,0.7235446508439921,71391.0,0.27645534915600783,0.0,0.0,71391.0,0.27645534915600783,186846.0,0.7235446508439921,0.0,0.0,-,-,-,-,71391.0,-,-,-,-,-,-,-,186846.0,-,-,-,-,-,-,-,-,-,-,-,-,-,-,-,-,-
Sylhet 5,Sylhet,Sylhet,428748.0,221357.0,207391.0,-,149129.0,"Md. Abul Hasan (Khelafat Majlis) 53.2%, Ubaidullah Farooq (Jamiat Ulema-e-Islam Bangladesh (JUIB)) 46.8%","Khelafat Majlis (53.2%), Jamiat Ulema-e-Islam Bangladesh (JUIB) (46.8%)",0.0,0.0,0.0,0.0,0.0,0.0,79355.0,0.5321231953543576,0.0,0.0,0.0,0.0,-,-,-,-,-,-,-,-,-,-,-,-,-,-,-,-,-,-,-,-,-,-,-,69774.0,-,-,-,79355.0,-,-
Sylhet 6,Sylhet,Sylhet,509093.0,256938.0,252155.0,-,211486.0,"Emran Ahmed Chowdhury (Bangladesh Nationalist Party (BNP)) 52.0%, Md. Selim Uddin (Bangladesh Jamaat-e-Islami (Jamaat)) 48.0%","Bangladesh Nationalist Party (BNP) (52.0%), Bangladesh Jamaat-e-Islami (Jamaat) (48.0%)",109917.0,0.5197365310233302,101569.0,0.4802634689766698,0.0,0.0,101569.0,0.4802634689766698,109917.0,0.5197365310233302,0.0,0.0,-,-,-,-,101569.0,-,-,-,-,-,-,-,109917.0,-,-,-,-,-,-,-,-,-,-,-,-,-,-,-,-,-
Tangail 1,Dhaka,Tangail,437433.0,216007.0,221424.0,2.0,248394.0,"Faqir Mahbub Anam (Bangladesh Nationalist Party (BNP)) 62.0%, Md. Abdullahel Kafi (Bangladesh Jamaat-e-Islami (Jamaat)) 38.0%","Bangladesh Nationalist Party (BNP) (62.0%), Bangladesh Jamaat-e-Islami (Jamaat) (38.0%)",153932.0,0.6197090106846381,94462.0,0.38029098931536187,0.0,0.0,94462.0,0.38029098931536187,153932.0,0.6197090106846381,0.0,0.0,-,-,-,-,94462.0,-,-,-,-,-,-,-,153932.0,-,-,-,-,-,-,-,-,-,-,-,-,-,-,-,-,-
Tangail 2,Dhaka,Tangail,418606.0,210422.0,208183.0,1.0,259084.0,"Md. Abdus Salam Pintu (Bangladesh Nationalist Party (BNP)) 76.5%, Md. Humayon Kabir (Bangladesh Jamaat-e-Islami (Jamaat)) 23.5%","Bangladesh Nationalist Party (BNP) (76.5%), Bangladesh Jamaat-e-Islami (Jamaat) (23.5%)",198213.0,0.7650530329931605,60871.0,0.23494696700683948,0.0,0.0,60871.0,0.23494696700683948,198213.0,0.7650530329931605,0.0,0.0,-,-,-,-,60871.0,-,-,-,-,-,-,-,198213.0,-,-,-,-,-,-,-,-,-,-,-,-,-,-,-,-,-
Tangail 3,Dhaka,Tangail,382720.0,191864.0,190853.0,3.0,190670.0,"Md. Lutfar Rahman Khan Azad (Independent Candidate (Independent)) 56.6%, Sm Obaidul Haque (Bangladesh Nationalist Party (BNP)) 43.4%","Independent Candidate (Independent) (56.6%), Bangladesh Nationalist Party (BNP) (43.4%)",82769.0,0.43409555776996905,0.0,0.0,0.0,0.0,0.0,0.0,82769.0,0.43409555776996905,0.0,0.0,-,-,-,-,-,-,-,-,-,-,-,-,82769.0,-,-,-,-,-,-,107901.0,-,-,-,-,-,-,-,-,-,-
Tangail 4,Dhaka,Tangail,374917.0,189942.0,184972.0,3.0,167851.0,"Md. Lutfar Rahman (Bangladesh Nationalist Party (BNP)) 62.8%, Abdul Latif Siddiqui (Independent Candidate (Independent)) 37.2%","Bangladesh Nationalist Party (BNP) (62.8%), Independent Candidate (Independent) (37.2%)",105342.0,0.6275923289107601,0.0,0.0,0.0,0.0,0.0,0.0,105342.0,0.6275923289107601,0.0,0.0,-,-,-,-,-,-,-,-,-,-,-,-,105342.0,-,-,-,-,-,-,62509.0,-,-,-,-,-,-,-,-,-,-
Tangail 5,Dhaka,Tangail,462412.0,231303.0,231108.0,1.0,211562.0,"Sultan Salahuddin Tuku (Bangladesh Nationalist Party (BNP)) 62.1%, Ahsan Habib (Bangladesh Jamaat-e-Islami (Jamaat)) 37.9%","Bangladesh Nationalist Party (BNP) (62.1%), Bangladesh Jamaat-e-Islami (Jamaat) (37.9%)",131279.0,0.6205225891228103,80283.0,0.37947741087718967,0.0,0.0,80283.0,0.37947741087718967,131279.0,0.6205225891228103,0.0,0.0,-,-,-,-,80283.0,-,-,-,-,-,-,-,131279.0,-,-,-,-,-,-,-,-,-,-,-,-,-,-,-,-,-
Tangail 6,Dhaka,Tangail,468076.0,236597.0,231475.0,4.0,242866.0,"Md. Robiul Awal (Bangladesh Nationalist Party (BNP)) 62.2%, A. K. M. Abdul Hamid (Bangladesh Jamaat-e-Islami (Jamaat)) 37.8%","Bangladesh Nationalist Party (BNP) (62.2%), Bangladesh Jamaat-e-Islami (Jamaat) (37.8%)",150952.0,0.621544390733985,91914.0,0.378455609266015,0.0,0.0,91914.0,0.378455609266015,150952.0,0.621544390733985,0.0,0.0,-,-,-,-,91914.0,-,-,-,-,-,-,-,150952.0,-,-,-,-,-,-,-,-,-,-,-,-,-,-,-,-,-
Tangail 7,Dhaka,Tangail,375437.0,188871.0,186560.0,6.0,213785.0,"Abul Kalam Azad Siddiqui (Bangladesh Nationalist Party (BNP)) 66.1%, Md. Abdullah Ibne Abul Hosain (Bangladesh Jamaat-e-Islami (Jamaat)) 33.2%, Md. Tofazzal Hossain (Bangladesh Republican Party (BRP)) 0.7%","Bangladesh Nationalist Party (BNP) (66.1%), Bangladesh Jamaat-e-Islami (Jamaat) (33.2%), Bangladesh Republican Party (BRP) (0.7%)",141253.0,0.6607245597212152,71040.0,0.33229646607573027,0.0,0.0,71040.0,0.33229646607573027,141253.0,0.6607245597212152,0.0,0.0,-,-,-,-,71040.0,-,-,-,-,-,-,-,141253.0,1492.0,-,-,-,-,-,-,-,-,-,-,-,-,-,-,-,-
Tangail 8,Dhaka,Tangail,414826.0,206623.0,208198.0,5.0,191347.0,"Ahmed Azam Khan (Bangladesh Nationalist Party (BNP)) 59.7%, Salahuddin Alamgir (Independent Candidate (Independent)) 40.3%","Bangladesh Nationalist Party (BNP) (59.7%), Independent Candidate (Independent) (40.3%)",114217.0,0.5969103252206724,0.0,0.0,0.0,0.0,0.0,0.0,114217.0,0.5969103252206724,0.0,0.0,-,-,-,-,-,-,-,-,-,-,-,-,114217.0,-,-,-,-,-,-,77130.0,-,-,-,-,-,-,-,-,-,-
Thakurgaon 1,Rangpur,Thakurgaon,511629.0,255053.0,256572.0,4.0,379853.0,"Mirza Fakhrul Islam Alamgir (Bangladesh Nationalist Party (BNP)) 62.9%, Delwar Hossain (Bangladesh Jamaat-e-Islami (Jamaat)) 37.1%","Bangladesh Nationalist Party (BNP) (62.9%), Bangladesh Jamaat-e-Islami (Jamaat) (37.1%)",238836.0,0.6287590199366597,141017.0,0.3712409800633403,0.0,0.0,141017.0,0.3712409800633403,238836.0,0.6287590199366597,0.0,0.0,-,-,-,-,141017.0,-,-,-,-,-,-,-,238836.0,-,-,-,-,-,-,-,-,-,-,-,-,-,-,-,-,-
Thakurgaon 2,Rangpur,Thakurgaon,340049.0,175232.0,164816.0,1.0,236724.0,"Md. Abdus Salam (Bangladesh Nationalist Party (BNP)) 51.1%, Md. Abdul Hakim (Bangladesh Jamaat-e-Islami (Jamaat)) 48.9%","Bangladesh Nationalist Party (BNP) (51.1%), Bangladesh Jamaat-e-Islami (Jamaat) (48.9%)",121017.0,0.5112155928422973,115707.0,0.48878440715770266,0.0,0.0,115707.0,0.48878440715770266,121017.0,0.5112155928422973,0.0,0.0,-,-,-,-,115707.0,-,-,-,-,-,-,-,121017.0,-,-,-,-,-,-,-,-,-,-,-,-,-,-,-,-,-
Thakurgaon 3,Rangpur,Thakurgaon,364129.0,184701.0,179426.0,2.0,224731.0,"Md. Jahidur Rahman (Bangladesh Nationalist Party (BNP)) 59.1%, Md. Mizanur Rahman (Bangladesh Jamaat-e-Islami (Jamaat)) 40.9%","Bangladesh Nationalist Party (BNP) (59.1%), Bangladesh Jamaat-e-Islami (Jamaat) (40.9%)",132797.0,0.5909153610316333,91934.0,0.4090846389683666,0.0,0.0,91934.0,0.4090846389683666,132797.0,0.5909153610316333,0.0,0.0,-,-,-,-,91934.0,-,-,-,-,-,-,-,132797.0,-,-,-,-,-,-,-,-,-,-,-,-,-,-,-,-,-
