seat_id,seat_number,seat_name,division,district,upazila,voting_finalized,total_votes,top_three_candidates,top_three,bnp_votes,bnp_ratio,jamaat_votes,jamaat_ratio,democracy_platform_votes,democracy_platform_ratio,eleven_party_alliance_votes,eleven_party_alliance_ratio,bnp_alliance_votes,bnp_alliance_ratio,bnp_vs_eleven_party_alliance_votes,bnp_vs_eleven_party_alliance_ratio,Amar Bangladesh Party (AB),Amjanatar Dol,Bangladesh Congress,Bangladesh Development Party (BDP),Bangladesh Islami Front (BIF),Bangladesh Jamaat-e-Islami (Jamaat),Bangladesh Jatiya Party (BJP),Bangladesh Jatiya Party (Matin),Bangladesh Jatiya Samajtantrik Dal (Bangladesh JaSad),Bangladesh Kallyan Party (BKP),Bangladesh Khelafat Andolon (BKA),Bangladesh Khelafat Majlish (BKM),Bangladesh Labour Party,Bangladesh Liberal Democratic Party (LDP),Bangladesh Minority Janata Party (BMJP),Bangladesh Muslim League (BML),Bangladesh National Awami Party–Bangladesh NAP (BNAP),Bangladesh Nationalist Front (BNF),Bangladesh Nationalist Party (BNP),Bangladesh Nezame Islam Party (BNIP),Bangladesh Republican Party (BRP),Bangladesh Samajtantrik Dal (Basad),Bangladesh Sangskritik Muktijote (BSM),Bangladesh Somo Odhikar Party (BEP),Bangladesh Supreme Party (BSP),Communist Party of Bangladesh (CPB),Ganatantri Party (GP),Ganosanhati Andolan (GSA),Gono Forum (GF),Gono Front (GF),Gono Odhikar Parishad (GOP),Independent Candidate (Independent),Insaniyat Biplob Bangladesh (IBB),Islami Andolan Bangladesh (IAB),Islami Oikya Jote (IOJ),Islamic Front Bangladesh (IFB),Jamiat Ulema-e-Islam Bangladesh (JUIB),Janotar Dol,Jatiya Ganatantrik Party (JAGPA),Jatiya Party (JaPa),Jatiya Party (Manju) (JP–Manju),Jatiya Samajtantrik Dal (JSD),Jatiya Samajtantrik Dal-JASAD,Khelafat Majlis,Nagorik Oikya (NO),National Citizen Party (NCP),National People's Party (NPP),Nationalist Democratic Movement (NDM),Revolutionary Workers Party of Bangladesh (RWPB),Socialist Party of Bangladesh (Marxist) (SPB-M),Zaker Party (ZP)
320086,001,Panchagarh 1,Rangpur,Panchagarh,"Panchagarh Sadar Upazila, Tetulia Upazila, Atwari Upazila",True,350025.0,"Md. Nawshad Zamir (Bangladesh Nationalist Party (BNP)) 50.3%, Md. Sarjis Alam (National Citizen Party (NCP)) 48.0%, Nazmul Haque Pradhan (Bangladesh Jatiya Samajtantrik Dal (Bangladesh JaSad)) 0.9%","Bangladesh Nationalist Party (BNP) (50.3%), National Citizen Party (NCP) (48.0%), Bangladesh Jatiya Samajtantrik Dal (Bangladesh JaSad) (0.9%)",176169.0,0.503304049710735,0.0,0.0,3009.0,0.008596528819370045,168732.0,0.4820569959288622,177005.0,0.5056924505392472,0.0,0.0,-,-,-,-,-,-,-,-,3009.0,-,-,-,683.0,-,-,-,-,261.0,176169.0,-,-,-,-,-,1018.0,-,-,-,-,-,836.0,-,-,-,-,-,-,-,-,-,-,-,-,-,-,168049.0,-,-,-,-,-
320091,002,Panchagarh 2,Rangpur,Panchagarh,"Boda Upazila, Debiganj Upazila",True,315149.0,"Farhad Hossain Azad (Bangladesh Nationalist Party (BNP)) 55.4%, Md. Shafiul Alam (Bangladesh Jamaat-e-Islami (Jamaat)) 40.9%, Md. Kamrul Hasan Pradhan (Islami Andolan Bangladesh (IAB)) 1.4%","Bangladesh Nationalist Party (BNP) (55.4%), Bangladesh Jamaat-e-Islami (Jamaat) (40.9%), Islami Andolan Bangladesh (IAB) (1.4%)",174650.0,0.5541823074164919,128862.0,0.4088923017366389,953.0,0.003023966441270637,128862.0,0.4088923017366389,174650.0,0.5541823074164919,0.0,0.0,-,-,-,-,-,128862.0,-,-,953.0,-,-,-,-,-,-,-,-,-,174650.0,-,-,-,-,-,1352.0,935.0,-,-,-,-,-,1854.0,-,4391.0,-,-,-,-,-,2152.0,-,-,-,-,-,-,-,-,-,-,-
320451,3,Thakurgaon 1,Rangpur,Thakurgaon,Thakurgaon Sadar Upazila,True,383704.0,"Mirza Fakhrul Islam Alamgir (Bangladesh Nationalist Party (BNP)) 62.2%, Delowar Hossain (Bangladesh Jamaat-e-Islami (Jamaat)) 36.8%, Md. Khademul Islam (Islami Andolan Bangladesh (IAB)) 1.0%","Bangladesh Nationalist Party (BNP) (62.2%), Bangladesh Jamaat-e-Islami (Jamaat) (36.8%), Islami Andolan Bangladesh (IAB) (1.0%)",238836.0,0.6224485540937806,141017.0,0.36751506369493153,0.0,0.0,141017.0,0.36751506369493153,238836.0,0.6224485540937806,0.0,0.0,-,-,-,-,-,141017.0,-,-,-,-,-,-,-,-,-,-,-,-,238836.0,-,-,-,-,-,-,-,-,-,-,-,-,-,-,3851.0,-,-,-,-,-,-,-,-,-,-,-,-,-,-,-,-,-
320456,4,Thakurgaon 2,Rangpur,Thakurgaon,"Baliadangi Upazila, Haripur Upazila, Ranisankail Upazila (partial)",True,242711.0,"Md. Abdus Salam (Bangladesh Nationalist Party (BNP)) 49.9%, Md. Abdul Hakim (Bangladesh Jamaat-e-Islami (Jamaat)) 47.7%, Nurunnahar Begum (Jatiya Party (JaPa)) 1.2%","Bangladesh Nationalist Party (BNP) (49.9%), Bangladesh Jamaat-e-Islami (Jamaat) (47.7%), Jatiya Party (JaPa) (1.2%)",121017.0,0.49860533721174566,115707.0,0.47672746599865684,0.0,0.0,116158.0,0.4785856430075275,122860.0,0.5061987301770419,0.0,0.0,451.0,-,-,-,-,115707.0,-,-,-,-,-,-,-,-,-,-,-,-,121017.0,-,-,-,-,-,-,380.0,-,-,-,-,1843.0,-,-,437.0,-,-,-,-,-,2876.0,-,-,-,-,-,-,-,-,-,-,-
320461,5,Thakurgaon 3,Rangpur,Thakurgaon,"Pirganj Upazila, Ranisankail Upazila (partial)",True,256834.0,"Md. Zahidur Rahman (Bangladesh Nationalist Party (BNP)) 51.7%, Md. Mizanur Rahman (Bangladesh Jamaat-e-Islami (Jamaat)) 35.8%, Hafiz Uddin Ahmed (Jatiya Party (JaPa)) 10.6%","Bangladesh Nationalist Party (BNP) (51.7%), Bangladesh Jamaat-e-Islami (Jamaat) (35.8%), Jatiya Party (JaPa) (10.6%)",132797.0,0.5170538168622535,91934.0,0.35795105009461364,0.0,0.0,91934.0,0.35795105009461364,133349.0,0.5192030650147567,0.0,0.0,-,-,-,-,-,91934.0,-,-,-,-,-,-,-,-,680.0,113.0,-,-,132797.0,-,-,-,-,-,503.0,1548.0,-,-,-,-,552.0,279.0,-,1295.0,-,-,-,-,-,27133.0,-,-,-,-,-,-,-,-,-,-,-
319176,6,Dinajpur 1,Rangpur,Dinajpur,"Birganj Upazila, Kaharole Upazila",True,304095.0,"Md. Manzurul Islam (Bangladesh Nationalist Party (BNP)) 59.0%, Md. Matiur Rahman (Bangladesh Jamaat-e-Islami (Jamaat)) 38.6%, Md. Chan Mia (Islami Andolan Bangladesh (IAB)) 1.0%","Bangladesh Nationalist Party (BNP) (59.0%), Bangladesh Jamaat-e-Islami (Jamaat) (38.6%), Islami Andolan Bangladesh (IAB) (1.0%)",179314.0,0.5896644140811259,117481.0,0.38632992979167696,0.0,0.0,117481.0,0.38632992979167696,179709.0,0.5909633502688305,0.0,0.0,-,-,-,-,-,117481.0,-,-,-,-,-,-,-,-,-,-,-,-,179314.0,-,-,-,-,-,-,-,-,-,-,-,395.0,-,-,3095.0,-,-,-,-,-,1530.0,-,-,-,-,-,-,-,-,-,-,2280.0
319181,7,Dinajpur 2,Rangpur,Dinajpur,"Bochaganj Upazila, Biral Upazila",True,275348.0,"Md. Sadiq Riaz (Bangladesh Nationalist Party (BNP)) 50.7%, Akm Afzalul Anam (Bangladesh Jamaat-e-Islami (Jamaat)) 38.1%, Anm Bazlur Rashid (Independent Candidate (Independent)) 5.7%","Bangladesh Nationalist Party (BNP) (50.7%), Bangladesh Jamaat-e-Islami (Jamaat) (38.1%), Independent Candidate (Independent) (5.7%)",139622.0,0.5070746836730247,104887.0,0.38092522916454813,0.0,0.0,105933.0,0.38472405828260964,139622.0,0.5070746836730247,0.0,0.0,-,-,-,-,-,104887.0,-,-,-,-,-,1046.0,-,-,-,4610.0,-,-,139622.0,-,-,-,-,-,-,-,-,-,-,-,-,19475.0,-,1061.0,-,-,-,-,-,4647.0,-,-,-,-,-,-,-,-,-,-,-
319186,8,Dinajpur 3,Rangpur,Dinajpur,Dinajpur Sadar Upazila,True,283414.0,"Syed Jahangir Alam (Bangladesh Nationalist Party (BNP)) 49.6%, Md. Mainul Alam (Bangladesh Jamaat-e-Islami (Jamaat)) 48.1%, Ahmed Shafi Rubel (Jatiya Party (JaPa)) 1.4%","Bangladesh Nationalist Party (BNP) (49.6%), Bangladesh Jamaat-e-Islami (Jamaat) (48.1%), Jatiya Party (JaPa) (1.4%)",140608.0,0.49612228048014567,136239.0,0.4807066693953016,283.0,0.0009985392394165427,136239.0,0.4807066693953016,140608.0,0.49612228048014567,0.0,0.0,-,-,-,-,-,136239.0,-,-,-,-,-,-,-,-,-,-,-,-,140608.0,-,-,283.0,-,-,-,701.0,-,-,-,-,-,-,-,1408.0,-,-,-,337.0,-,3838.0,-,-,-,-,-,-,-,-,-,-,-
319191,9,Dinajpur 4,Rangpur,Dinajpur,"Khansama Upazila, Chirirbandar Upazila",True,300624.0,"Md. Akhtaruzzaman Mia (Bangladesh Nationalist Party (BNP)) 55.5%, Md. Aftabuddin Molla (Bangladesh Jamaat-e-Islami (Jamaat)) 42.9%, Md. Nurul Amin Shah (Jatiya Party (JaPa)) 1.0%","Bangladesh Nationalist Party (BNP) (55.5%), Bangladesh Jamaat-e-Islami (Jamaat) (42.9%), Jatiya Party (JaPa) (1.0%)",166717.0,0.5545698280909043,129056.0,0.4292937356964181,0.0,0.0,129056.0,0.4292937356964181,166717.0,0.5545698280909043,0.0,0.0,-,-,-,-,-,129056.0,-,-,-,-,-,-,-,-,-,-,-,-,166717.0,-,-,-,-,-,-,-,-,-,-,-,-,-,-,1699.0,-,-,-,-,-,3152.0,-,-,-,-,-,-,-,-,-,-,-
319196,10,Dinajpur 5,Rangpur,Dinajpur,"Parbatipur Upazila, Fulbari Upazila",True,333045.0,"Azm Rezwanul Haque (Independent Candidate (Independent)) 34.4%, Md. Abdul Ahad (National Citizen Party (NCP)) 33.1%, Akm Kamruzzaman (Bangladesh Nationalist Party (BNP)) 29.6%","Independent Candidate (Independent) (34.4%), National Citizen Party (NCP) (33.1%), Bangladesh Nationalist Party (BNP) (29.6%)",98544.0,0.2958879430707562,0.0,0.0,0.0,0.0,110195.0,0.33087120359110633,98544.0,0.2958879430707562,0.0,0.0,-,-,-,-,-,-,-,-,-,-,-,-,-,-,-,-,-,-,98544.0,-,-,-,-,-,-,-,-,-,-,-,-,122803.0,-,-,-,-,-,-,-,1503.0,-,-,-,-,-,110195.0,-,-,-,-,-
319201,11,Dinajpur 6,Rangpur,Dinajpur,"Nawabganj Upazila, Birampur Upazila, Hakimpur Upazila, Ghoraghat Upazila",True,401188.0,"Abu Jafar Md. Zahid Hossain (Bangladesh Nationalist Party (BNP)) 51.1%, Md. Anwarul Islam (Bangladesh Jamaat-e-Islami (Jamaat)) 47.5%, Md. Rezaul Haque (Jatiya Party (JaPa)) 0.7%","Bangladesh Nationalist Party (BNP) (51.1%), Bangladesh Jamaat-e-Islami (Jamaat) (47.5%), Jatiya Party (JaPa) (0.7%)",205118.0,0.5112765087689563,190703.0,0.4753457232020898,449.0,0.0011191760471399943,190703.0,0.4753457232020898,205118.0,0.5112765087689563,0.0,0.0,-,-,-,-,-,190703.0,-,-,-,-,-,-,-,-,-,-,-,-,205118.0,-,-,449.0,-,-,-,-,-,-,-,-,-,570.0,-,1659.0,-,-,-,-,-,2689.0,-,-,-,-,-,-,-,-,-,-,-
319996,12,Nilphamari 1,Rangpur,Nilphamari,"Domar Upazila, Dimla Upazila",True,305806.0,"Md. Abdus Sattar (Bangladesh Jamaat-e-Islami (Jamaat)) 49.3%, Mawlana Md. Monzurul Islam (Jamiat Ulema-e-Islam Bangladesh (JUIB)) 38.9%, Md. Taslim Uddin (Jatiya Party (JaPa)) 4.0%","Bangladesh Jamaat-e-Islami (Jamaat) (49.3%), Jamiat Ulema-e-Islam Bangladesh (JUIB) (38.9%), Jatiya Party (JaPa) (4.0%)",0.0,0.0,150824.0,0.4932015722386088,0.0,0.0,150824.0,0.4932015722386088,0.0,0.0,0.0,0.0,-,-,-,-,-,150824.0,-,-,-,-,-,-,-,-,-,-,4477.0,210.0,-,-,-,-,-,-,-,-,-,-,-,-,-,-,-,1871.0,-,-,119059.0,-,-,24552.0,4501.0,-,-,-,-,-,-,-,-,312.0,-
320001,13,Nilphamari 2,Rangpur,Nilphamari,Nilphamari Sadar Upazila,True,285959.0,"Alfaruq Abdul Latif (Bangladesh Jamaat-e-Islami (Jamaat)) 51.2%, Shahrin Islam (Bangladesh Nationalist Party (BNP)) 47.4%, Hasibul Islam (Islami Andolan Bangladesh (IAB)) 1.1%","Bangladesh Jamaat-e-Islami (Jamaat) (51.2%), Bangladesh Nationalist Party (BNP) (47.4%), Islami Andolan Bangladesh (IAB) (1.1%)",135418.0,0.47355739808853714,146430.0,0.5120664151154536,0.0,0.0,146781.0,0.5132938638056505,135418.0,0.47355739808853714,0.0,0.0,-,-,-,-,-,146430.0,-,-,-,-,-,-,-,-,-,-,-,193.0,135418.0,-,-,-,-,-,-,-,-,-,-,-,-,307.0,-,3260.0,-,-,-,-,-,-,-,-,-,351.0,-,-,-,-,-,-,-
320006,14,Nilphamari 3,Rangpur,Nilphamari,Jaldhaka Upazila,True,203874.0,"Obaidullah Salafi (Bangladesh Jamaat-e-Islami (Jamaat)) 53.8%, Alhaz Sayed Ali (Bangladesh Nationalist Party (BNP)) 44.1%, Rohan Chowdhury (Jatiya Party (JaPa)) 1.7%","Bangladesh Jamaat-e-Islami (Jamaat) (53.8%), Bangladesh Nationalist Party (BNP) (44.1%), Jatiya Party (JaPa) (1.7%)",89807.0,0.4405024672101396,109686.0,0.5380087701227229,0.0,0.0,109686.0,0.5380087701227229,89807.0,0.4405024672101396,0.0,0.0,-,-,-,-,-,109686.0,-,-,-,-,-,-,-,-,-,-,-,-,89807.0,-,-,-,-,-,-,-,-,-,-,-,-,-,-,990.0,-,-,-,-,-,3391.0,-,-,-,-,-,-,-,-,-,-,-
320011,15,Nilphamari 4,Rangpur,Nilphamari,"Saidpur Upazila, Kishoreganj Upazila",True,290397.0,"Abdul Muttakim (Bangladesh Jamaat-e-Islami (Jamaat)) 43.5%, Md. Abdul Gafur Sarkar (Bangladesh Nationalist Party (BNP)) 28.3%, Md. Siddiqul Alam (Jatiya Party (JaPa)) 23.3%","Bangladesh Jamaat-e-Islami (Jamaat) (43.5%), Bangladesh Nationalist Party (BNP) (28.3%), Jatiya Party (JaPa) (23.3%)",82086.0,0.28266820938232834,126222.0,0.434653250550109,0.0,0.0,126222.0,0.434653250550109,82086.0,0.28266820938232834,0.0,0.0,-,-,-,-,-,126222.0,-,97.0,-,-,-,-,-,-,-,-,-,-,82086.0,-,-,-,-,-,-,-,-,-,-,-,-,5270.0,-,8335.0,-,-,-,-,-,67757.0,-,-,-,-,-,-,-,-,-,630.0,-
319636,16,Lalmonirhat 1,Rangpur,Lalmonirhat,"Patgram Upazila, Hatibandha Upazila",True,268258.0,"Md. Hasan Razib Prodhan (Bangladesh Nationalist Party (BNP)) 51.7%, Anowarul Islam Razu (Bangladesh Jamaat-e-Islami (Jamaat)) 48.3%","Bangladesh Nationalist Party (BNP) (51.7%), Bangladesh Jamaat-e-Islami (Jamaat) (48.3%)",138686.0,0.5169873778228422,129572.0,0.4830126221771578,0.0,0.0,129572.0,0.4830126221771578,138686.0,0.5169873778228422,0.0,0.0,-,-,-,-,-,129572.0,-,-,-,-,-,-,-,-,-,-,-,-,138686.0,-,-,-,-,-,-,-,-,-,-,-,-,-,-,-,-,-,-,-,-,-,-,-,-,-,-,-,-,-,-,-,-
319641,17,Lalmonirhat 2,Rangpur,Lalmonirhat,"Kaliganj Upazila, Aditmari Upazila",True,226245.0,"Md. Rokon Uddin Babul (Bangladesh Nationalist Party (BNP)) 52.3%, Md. Firoz Haidar (Bangladesh Jamaat-e-Islami (Jamaat)) 47.7%","Bangladesh Nationalist Party (BNP) (52.3%), Bangladesh Jamaat-e-Islami (Jamaat) (47.7%)",118359.0,0.5231452628787376,107886.0,0.47685473712126236,0.0,0.0,107886.0,0.47685473712126236,118359.0,0.5231452628787376,0.0,0.0,-,-,-,-,-,107886.0,-,-,-,-,-,-,-,-,-,-,-,-,118359.0,-,-,-,-,-,-,-,-,-,-,-,-,-,-,-,-,-,-,-,-,-,-,-,-,-,-,-,-,-,-,-,-
319646,18,Lalmonirhat 3,Rangpur,Lalmonirhat,Lalmonirhat Sadar Upazila,True,195895.0,"Asadul Habib Dulu (Bangladesh Nationalist Party (BNP)) 71.3%, Md. Abu Taher (Bangladesh Jamaat-e-Islami (Jamaat)) 28.7%","Bangladesh Nationalist Party (BNP) (71.3%), Bangladesh Jamaat-e-Islami (Jamaat) (28.7%)",139651.0,0.7128870057939202,56244.0,0.2871129942060798,0.0,0.0,56244.0,0.2871129942060798,139651.0,0.7128870057939202,0.0,0.0,-,-,-,-,-,56244.0,-,-,-,-,-,-,-,-,-,-,-,-,139651.0,-,-,-,-,-,-,-,-,-,-,-,-,-,-,-,-,-,-,-,-,-,-,-,-,-,-,-,-,-,-,-,-
320206,19,Rangpur 1,Rangpur,Rangpur,"Gangachara Upazila, Rangpur City Corporation (Wards 1-8)",True,214495.0,"Md. Raihan Siraji (Bangladesh Jamaat-e-Islami (Jamaat)) 67.6%, Md. Mokarram Hossain Sujon (Bangladesh Nationalist Party (BNP)) 32.4%","Bangladesh Jamaat-e-Islami (Jamaat) (67.6%), Bangladesh Nationalist Party (BNP) (32.4%)",69407.0,0.3235833003100305,145088.0,0.6764166996899694,0.0,0.0,145088.0,0.6764166996899694,69407.0,0.3235833003100305,0.0,0.0,-,-,-,-,-,145088.0,-,-,-,-,-,-,-,-,-,-,-,-,69407.0,-,-,-,-,-,-,-,-,-,-,-,-,-,-,-,-,-,-,-,-,-,-,-,-,-,-,-,-,-,-,-,-
320211,20,Rangpur 2,Rangpur,Rangpur,"Taraganj Upazila, Badarganj Upazila",True,162775.0,"A. T. M. Azharul Islam (Bangladesh Jamaat-e-Islami (Jamaat)) 55.0%, Md. Ali Sarkar (Bangladesh Nationalist Party (BNP)) 32.9%, Anisul Islam Mondol (Jatiya Party (JaPa)) 12.1%","Bangladesh Jamaat-e-Islami (Jamaat) (55.0%), Bangladesh Nationalist Party (BNP) (32.9%), Jatiya Party (JaPa) (12.1%)",53626.0,0.3294486254031639,89456.0,0.5495684226693288,0.0,0.0,89456.0,0.5495684226693288,53626.0,0.3294486254031639,0.0,0.0,-,-,-,-,-,89456.0,-,-,-,-,-,-,-,-,-,-,-,-,53626.0,-,-,-,-,-,-,-,-,-,-,-,-,-,-,-,-,-,-,-,-,19693.0,-,-,-,-,-,-,-,-,-,-,-
320216,21,Rangpur 3,Rangpur,Rangpur,"Rangpur Sadar Upazila, Rangpur City Corporation (Wards 9-15)",True,260405.0,"Mahbubur Rahman Belal (Bangladesh Jamaat-e-Islami (Jamaat)) 67.5%, Shamsuzzaman Shamu (Bangladesh Nationalist Party (BNP)) 32.5%","Bangladesh Jamaat-e-Islami (Jamaat) (67.5%), Bangladesh Nationalist Party (BNP) (32.5%)",84578.0,0.32479407077437067,175827.0,0.6752059292256293,0.0,0.0,175827.0,0.6752059292256293,84578.0,0.32479407077437067,0.0,0.0,-,-,-,-,-,175827.0,-,-,-,-,-,-,-,-,-,-,-,-,84578.0,-,-,-,-,-,-,-,-,-,-,-,-,-,-,-,-,-,-,-,-,-,-,-,-,-,-,-,-,-,-,-,-
320221,22,Rangpur 4,Rangpur,Rangpur,"Pirgachha Upazila, Kaunia Upazila",True,290530.0,"Akhter Hossain (National Citizen Party (NCP)) 51.6%, Md. Emdadul Haque Varosha (Bangladesh Nationalist Party (BNP)) 48.4%","National Citizen Party (NCP) (51.6%), Bangladesh Nationalist Party (BNP) (48.4%)",140564.0,0.48381922693009327,0.0,0.0,0.0,0.0,149966.0,0.5161807730699067,140564.0,0.48381922693009327,0.0,0.0,-,-,-,-,-,-,-,-,-,-,-,-,-,-,-,-,-,-,140564.0,-,-,-,-,-,-,-,-,-,-,-,-,-,-,-,-,-,-,-,-,-,-,-,-,-,-,149966.0,-,-,-,-,-
320226,23,Rangpur 5,Rangpur,Rangpur,Mithapukur Upazila,True,306471.0,"Md. Golam Rabbani (Bangladesh Jamaat-e-Islami (Jamaat)) 57.6%, Md. Golam Rabbani (Bangladesh Nationalist Party (BNP)) 37.6%, S. M. Fakhruz Zaman (Jatiya Party (JaPa)) 4.9%","Bangladesh Jamaat-e-Islami (Jamaat) (57.6%), Bangladesh Nationalist Party (BNP) (37.6%), Jatiya Party (JaPa) (4.9%)",115116.0,0.3756179214346545,176411.0,0.5756205317958306,0.0,0.0,176411.0,0.5756205317958306,115116.0,0.3756179214346545,0.0,0.0,-,-,-,-,-,176411.0,-,-,-,-,-,-,-,-,-,-,-,-,115116.0,-,-,-,-,-,-,-,-,-,-,-,-,-,-,-,-,-,-,-,-,14944.0,-,-,-,-,-,-,-,-,-,-,-
320231,24,Rangpur 6,Rangpur,Rangpur,Pirganj Upazila,True,237831.0,"Md. Nurul Amin (Bangladesh Jamaat-e-Islami (Jamaat)) 50.5%, Md. Saiful Islam (Bangladesh Nationalist Party (BNP)) 49.5%","Bangladesh Jamaat-e-Islami (Jamaat) (50.5%), Bangladesh Nationalist Party (BNP) (49.5%)",117703.0,0.49490184206432297,120128.0,0.505098157935677,0.0,0.0,120128.0,0.505098157935677,117703.0,0.49490184206432297,0.0,0.0,-,-,-,-,-,120128.0,-,-,-,-,-,-,-,-,-,-,-,-,117703.0,-,-,-,-,-,-,-,-,-,-,-,-,-,-,-,-,-,-,-,-,-,-,-,-,-,-,-,-,-,-,-,-
319561,25,Kurigram 1,Rangpur,Kurigram,"Bhurungamari Upazila, Nageswari Upazila",True,264115.0,"Md. Anowarul Islam (Bangladesh Jamaat-e-Islami (Jamaat)) 53.4%, Saifur Rahman Rana (Bangladesh Nationalist Party (BNP)) 46.6%","Bangladesh Jamaat-e-Islami (Jamaat) (53.4%), Bangladesh Nationalist Party (BNP) (46.6%)",123025.0,0.46580088219146965,141090.0,0.5341991178085304,0.0,0.0,141090.0,0.5341991178085304,123025.0,0.46580088219146965,0.0,0.0,-,-,-,-,-,141090.0,-,-,-,-,-,-,-,-,-,-,-,-,123025.0,-,-,-,-,-,-,-,-,-,-,-,-,-,-,-,-,-,-,-,-,-,-,-,-,-,-,-,-,-,-,-,-
319566,26,Kurigram 2,Rangpur,Kurigram,"Kurigram Sadar Upazila, Rajarhat Upazila, Fulbari Upazila",True,349204.0,"Atiqur Rahman Mujahid (National Citizen Party (NCP)) 51.2%, Md. Sohel Hossain Kaikobad (Bangladesh Nationalist Party (BNP)) 48.8%","National Citizen Party (NCP) (51.2%), Bangladesh Nationalist Party (BNP) (48.8%)",170335.0,0.48778078143434783,0.0,0.0,0.0,0.0,178869.0,0.5122192185656522,170335.0,0.48778078143434783,0.0,0.0,-,-,-,-,-,-,-,-,-,-,-,-,-,-,-,-,-,-,170335.0,-,-,-,-,-,-,-,-,-,-,-,-,-,-,-,-,-,-,-,-,-,-,-,-,-,-,178869.0,-,-,-,-,-
319571,27,Kurigram 3,Rangpur,Kurigram,Ulipur Upazila,True,140975.0,"Md. Mahbubul Alam (Bangladesh Jamaat-e-Islami (Jamaat)) 75.8%, Md. Akkas Ali Sarker (Islami Andolan Bangladesh (IAB)) 23.7%, Tasvir Ul Islam (Bangladesh Nationalist Party (BNP)) 0.5%","Bangladesh Jamaat-e-Islami (Jamaat) (75.8%), Islami Andolan Bangladesh (IAB) (23.7%), Bangladesh Nationalist Party (BNP) (0.5%)",672.0,0.004766802624578826,106923.0,0.7584536265295265,0.0,0.0,106923.0,0.7584536265295265,672.0,0.004766802624578826,0.0,0.0,-,-,-,-,-,106923.0,-,-,-,-,-,-,-,-,-,-,-,-,672.0,-,-,-,-,-,-,-,-,-,-,-,-,-,-,33380.0,-,-,-,-,-,-,-,-,-,-,-,-,-,-,-,-,-
319576,28,Kurigram 4,Rangpur,Kurigram,"Rowmari Upazila, Char Rajibpur Upazila, Chilmari Upazila",True,199558.0,"Md. Mostafizur Rahman (Bangladesh Jamaat-e-Islami (Jamaat)) 53.3%, Md. Azizur Rahman (Bangladesh Nationalist Party (BNP)) 42.0%, Md. Hafizur Rahman (Islami Andolan Bangladesh (IAB)) 4.7%","Bangladesh Jamaat-e-Islami (Jamaat) (53.3%), Bangladesh Nationalist Party (BNP) (42.0%), Islami Andolan Bangladesh (IAB) (4.7%)",83762.0,0.4197376201405105,106347.0,0.5329127371490995,0.0,0.0,106347.0,0.5329127371490995,83762.0,0.4197376201405105,0.0,0.0,-,-,-,-,-,106347.0,-,-,-,-,-,-,-,-,-,-,-,-,83762.0,-,-,-,-,-,-,-,-,-,-,-,-,-,-,9449.0,-,-,-,-,-,-,-,-,-,-,-,-,-,-,-,-,-
319256,29,Gaibandha 1,Rangpur,Gaibandha,Sundarganj Upazila,True,178723.0,"Md. Mazedur Rahman (Bangladesh Jamaat-e-Islami (Jamaat)) 78.7%, Khondokar Ziaul Islam Md. Ali (Bangladesh Nationalist Party (BNP)) 21.3%","Bangladesh Jamaat-e-Islami (Jamaat) (78.7%), Bangladesh Nationalist Party (BNP) (21.3%)",37997.0,0.2126027427919182,140726.0,0.7873972572080817,0.0,0.0,140726.0,0.7873972572080817,37997.0,0.2126027427919182,0.0,0.0,-,-,-,-,-,140726.0,-,-,-,-,-,-,-,-,-,-,-,-,37997.0,-,-,-,-,-,-,-,-,-,-,-,-,-,-,-,-,-,-,-,-,-,-,-,-,-,-,-,-,-,-,-,-
319261,30,Gaibandha 2,Rangpur,Gaibandha,Gaibandha Sadar Upazila,True,215520.0,"Md. Abdul Karim (Bangladesh Jamaat-e-Islami (Jamaat)) 56.9%, Md. Anisuzzam Khan Babu (Bangladesh Nationalist Party (BNP)) 43.1%","Bangladesh Jamaat-e-Islami (Jamaat) (56.9%), Bangladesh Nationalist Party (BNP) (43.1%)",92890.0,0.4310040831477357,122630.0,0.5689959168522642,0.0,0.0,122630.0,0.5689959168522642,92890.0,0.4310040831477357,0.0,0.0,-,-,-,-,-,122630.0,-,-,-,-,-,-,-,-,-,-,-,-,92890.0,-,-,-,-,-,-,-,-,-,-,-,-,-,-,-,-,-,-,-,-,-,-,-,-,-,-,-,-,-,-,-,-
319266,31,Gaibandha 3,Rangpur,Gaibandha,"Sadullapur Upazila, Palashbari Upazila",True,302321.0,"Abul Kaowsar Md. Nazrul Islam (Bangladesh Jamaat-e-Islami (Jamaat)) 53.7%, Prof Mainul Hasan Sadik (Bangladesh Nationalist Party (BNP)) 46.3%","Bangladesh Jamaat-e-Islami (Jamaat) (53.7%), Bangladesh Nationalist Party (BNP) (46.3%)",139864.0,0.4626340876088661,162457.0,0.537365912391134,0.0,0.0,162457.0,0.537365912391134,139864.0,0.4626340876088661,0.0,0.0,-,-,-,-,-,162457.0,-,-,-,-,-,-,-,-,-,-,-,-,139864.0,-,-,-,-,-,-,-,-,-,-,-,-,-,-,-,-,-,-,-,-,-,-,-,-,-,-,-,-,-,-,-,-
319271,32,Gaibandha 4,Rangpur,Gaibandha,Gobindaganj Upazila,True,282510.0,"Md. Shamim Kaisar (Bangladesh Nationalist Party (BNP)) 50.5%, Md. Abdur Rahim Sarkar (Bangladesh Jamaat-e-Islami (Jamaat)) 49.5%","Bangladesh Nationalist Party (BNP) (50.5%), Bangladesh Jamaat-e-Islami (Jamaat) (49.5%)",142772.0,0.5053697214257903,139738.0,0.49463027857420977,0.0,0.0,139738.0,0.49463027857420977,142772.0,0.5053697214257903,0.0,0.0,-,-,-,-,-,139738.0,-,-,-,-,-,-,-,-,-,-,-,-,142772.0,-,-,-,-,-,-,-,-,-,-,-,-,-,-,-,-,-,-,-,-,-,-,-,-,-,-,-,-,-,-,-,-
319276,33,Gaibandha 5,Rangpur,Gaibandha,"Phulchhari Upazila, Shaghata Upazila",True,162757.0,"Md. Abdul Wareth (Bangladesh Jamaat-e-Islami (Jamaat)) 54.9%, Md. Faruk Alam Sarkar (Bangladesh Nationalist Party (BNP)) 45.1%","Bangladesh Jamaat-e-Islami (Jamaat) (54.9%), Bangladesh Nationalist Party (BNP) (45.1%)",73483.0,0.4514890296577106,89274.0,0.5485109703422895,0.0,0.0,89274.0,0.5485109703422895,73483.0,0.4514890296577106,0.0,0.0,-,-,-,-,-,89274.0,-,-,-,-,-,-,-,-,-,-,-,-,73483.0,-,-,-,-,-,-,-,-,-,-,-,-,-,-,-,-,-,-,-,-,-,-,-,-,-,-,-,-,-,-,-,-
319466,34,Joypurhat 1,Rajshahi,Joypurhat,"Joypurhat Sadar Upazila, Panchbibi Upazila",True,334982.0,"Md. Fazlur Rahman Sayed (Bangladesh Jamaat-e-Islami (Jamaat)) 49.3%, Md. Masud Rana Prodhan (Bangladesh Nationalist Party (BNP)) 46.4%, Sabekun Nahar (Independent Candidate (Independent)) 4.0%","Bangladesh Jamaat-e-Islami (Jamaat) (49.3%), Bangladesh Nationalist Party (BNP) (46.4%), Independent Candidate (Independent) (4.0%)",155309.0,0.4636338668943406,165192.0,0.493136944671654,578.0,0.0017254658459260497,165192.0,0.493136944671654,155309.0,0.4636338668943406,0.0,0.0,-,-,-,-,-,165192.0,-,-,-,-,-,-,-,-,-,-,-,-,155309.0,-,-,578.0,-,-,-,-,-,-,-,-,-,13286.0,-,-,-,-,-,-,-,-,-,-,-,-,-,-,-,-,-,617.0,-
319471,35,Joypurhat 2,Rajshahi,Joypurhat,"Akkelpur Upazila, Khetlal Upazila, Kalai Upazila",True,252137.0,"Md. Abdul Bari (Bangladesh Nationalist Party (BNP)) 62.7%, S. M. Rashedul Alam (Bangladesh Jamaat-e-Islami (Jamaat)) 36.7%, S. A. Zahid (Amar Bangladesh Party (AB)) 0.6%","Bangladesh Nationalist Party (BNP) (62.7%), Bangladesh Jamaat-e-Islami (Jamaat) (36.7%), Amar Bangladesh Party (AB) (0.6%)",158065.0,0.6269012481309764,92517.0,0.36693146979618224,0.0,0.0,94072.0,0.3730987518690236,158065.0,0.6269012481309764,0.0,0.0,1555.0,-,-,-,-,92517.0,-,-,-,-,-,-,-,-,-,-,-,-,158065.0,-,-,-,-,-,-,-,-,-,-,-,-,-,-,-,-,-,-,-,-,-,-,-,-,-,-,-,-,-,-,-,-
318761,36,Bogura 1,Rajshahi,Bogura,"Sariakandi Upazila, Sonatala Upazila",True,231320.0,"Kazi Rafiqul Islam (Bangladesh Nationalist Party (BNP)) 74.1%, Md. Shahabuddin (Bangladesh Jamaat-e-Islami (Jamaat)) 25.1%, Abm Mostofa Kamal Pasha (Islami Andolan Bangladesh (IAB)) 0.4%","Bangladesh Nationalist Party (BNP) (74.1%), Bangladesh Jamaat-e-Islami (Jamaat) (25.1%), Islami Andolan Bangladesh (IAB) (0.4%)",171440.0,0.7411378177416565,57959.0,0.2505576690299153,0.0,0.0,57959.0,0.2505576690299153,171440.0,0.7411378177416565,0.0,0.0,-,-,597.0,-,-,57959.0,-,-,-,-,-,-,-,-,-,-,-,-,171440.0,-,-,-,-,-,-,-,-,-,298.0,-,-,-,-,1026.0,-,-,-,-,-,-,-,-,-,-,-,-,-,-,-,-,-
318766,37,Bogura 2,Rajshahi,Bogura,Shibganj Upazila,True,243915.0,"Mir Shahe Alam (Bangladesh Nationalist Party (BNP)) 59.5%, Abul Azad Md. Shaduzzam (Bangladesh Jamaat-e-Islami (Jamaat)) 38.4%, Mahmudur Rahman Manna (Nagorik Oikya (NO)) 1.4%","Bangladesh Nationalist Party (BNP) (59.5%), Bangladesh Jamaat-e-Islami (Jamaat) (38.4%), Nagorik Oikya (NO) (1.4%)",145137.0,0.5950310559006211,93548.0,0.3835270483570096,3426.0,0.014045876637353176,93548.0,0.3835270483570096,145411.0,0.5961543980485005,0.0,0.0,-,-,-,-,-,93548.0,-,-,-,-,-,-,-,-,-,-,-,-,145137.0,-,-,-,-,-,-,-,-,-,-,-,274.0,183.0,-,913.0,-,-,-,-,-,434.0,-,-,-,-,3426.0,-,-,-,-,-,-
318771,38,Bogura 3,Rajshahi,Bogura,"Adamdighi Upazila, Dupchanchia Upazila",True,241716.0,"Md. Abdul Muhit Talukdar (Bangladesh Nationalist Party (BNP)) 52.7%, Nur Mohhammad (Bangladesh Jamaat-e-Islami (Jamaat)) 45.9%, Md. Shahjahan Ali Talukdar (Islami Andolan Bangladesh (IAB)) 0.7%","Bangladesh Nationalist Party (BNP) (52.7%), Bangladesh Jamaat-e-Islami (Jamaat) (45.9%), Islami Andolan Bangladesh (IAB) (0.7%)",127406.0,0.5270896423902431,111026.0,0.45932416554965333,0.0,0.0,111026.0,0.45932416554965333,127406.0,0.5270896423902431,0.0,0.0,-,-,-,-,-,111026.0,-,-,-,-,-,-,-,-,-,-,-,-,127406.0,-,-,-,-,-,-,-,-,-,-,-,-,-,-,1789.0,-,-,-,-,-,1495.0,-,-,-,-,-,-,-,-,-,-,-
318776,39,Bogura 4,Rajshahi,Bogura,"Kahaloo Upazila, Nandigram Upazila",True,268378.0,"Md. Mosharraf Hossain (Bangladesh Nationalist Party (BNP)) 57.9%, Md. Mostafa Faisal (Bangladesh Jamaat-e-Islami (Jamaat)) 40.6%, Muha. Idris Ali (Islami Andolan Bangladesh (IAB)) 1.1%","Bangladesh Nationalist Party (BNP) (57.9%), Bangladesh Jamaat-e-Islami (Jamaat) (40.6%), Islami Andolan Bangladesh (IAB) (1.1%)",155339.0,0.5788067576328909,108978.0,0.4060615996840278,0.0,0.0,108978.0,0.4060615996840278,155339.0,0.5788067576328909,0.0,0.0,-,-,-,-,-,108978.0,-,-,-,-,-,-,-,-,-,-,-,-,155339.0,-,-,-,-,-,-,-,-,-,-,-,-,-,-,2954.0,-,-,-,-,-,1107.0,-,-,-,-,-,-,-,-,-,-,-
318781,40,Bogura 5,Rajshahi,Bogura,"Sherpur Upazila, Dhunat Upazila",True,400644.0,"Golam Md. Siraj (Bangladesh Nationalist Party (BNP)) 62.1%, Md. Dabibur Rahman (Bangladesh Jamaat-e-Islami (Jamaat)) 35.8%, Mir Md. Mahmudur Rahman (Islami Andolan Bangladesh (IAB)) 1.4%","Bangladesh Nationalist Party (BNP) (62.1%), Bangladesh Jamaat-e-Islami (Jamaat) (35.8%), Islami Andolan Bangladesh (IAB) (1.4%)",248841.0,0.6211025249348548,143329.0,0.3577465280897755,0.0,0.0,144463.0,0.3605769710765667,248841.0,0.6211025249348548,0.0,0.0,-,-,-,-,-,143329.0,-,-,-,-,-,-,-,1134.0,-,-,-,-,248841.0,-,-,-,-,-,-,1782.0,-,-,-,-,-,-,-,5558.0,-,-,-,-,-,-,-,-,-,-,-,-,-,-,-,-,-
318786,41,Bogura 6,Rajshahi,Bogura,Bogra Sadar Upazila,True,317489.0,"Tarique Rahman (Bangladesh Nationalist Party (BNP)) 68.1%, Md. Abidur Rahman (Bangladesh Jamaat-e-Islami (Jamaat)) 30.7%, Abu Numan Md. Mamunur Rashid (Islami Andolan Bangladesh (IAB)) 0.8%","Bangladesh Nationalist Party (BNP) (68.1%), Bangladesh Jamaat-e-Islami (Jamaat) (30.7%), Islami Andolan Bangladesh (IAB) (0.8%)",216284.0,0.6812330505938788,97626.0,0.30749411790644715,1071.0,0.00337334521825953,97626.0,0.30749411790644715,216284.0,0.6812330505938788,0.0,0.0,-,-,-,-,-,97626.0,-,-,-,-,-,-,-,-,-,-,-,-,216284.0,-,-,795.0,-,-,-,-,-,-,-,-,-,-,-,2508.0,-,-,-,-,-,-,-,276.0,-,-,-,-,-,-,-,-,-
318791,42,Bogura 7,Rajshahi,Bogura,"Gabtali Upazila, Shahjahanpur Upazila",True,383474.0,"Morshed Milton (Bangladesh Nationalist Party (BNP)) 68.9%, Md. Golam Rabbani (Bangladesh Jamaat-e-Islami (Jamaat)) 30.4%, Md. Shafiqul Islam (Islami Andolan Bangladesh (IAB)) 0.5%","Bangladesh Nationalist Party (BNP) (68.9%), Bangladesh Jamaat-e-Islami (Jamaat) (30.4%), Islami Andolan Bangladesh (IAB) (0.5%)",264212.0,0.6889958641263815,116665.0,0.30423183840364665,0.0,0.0,116665.0,0.30423183840364665,264212.0,0.6889958641263815,0.0,0.0,-,-,-,-,-,116665.0,-,-,-,-,-,-,-,-,-,536.0,-,-,264212.0,-,-,-,-,-,-,-,-,-,-,-,-,-,-,2061.0,-,-,-,-,-,-,-,-,-,-,-,-,-,-,-,-,-
318866,43,Chapainawabganj 1,Rajshahi,Chapainawabganj,Shibganj Upazila,True,373757.0,"Md. Keramat Ali (Bangladesh Jamaat-e-Islami (Jamaat)) 55.4%, Md. Shahjahan Mia (Bangladesh Nationalist Party (BNP)) 43.5%, Moha. Afzal Hossain (Jatiya Party (JaPa)) 0.6%","Bangladesh Jamaat-e-Islami (Jamaat) (55.4%), Bangladesh Nationalist Party (BNP) (43.5%), Jatiya Party (JaPa) (0.6%)",162515.0,0.434814598790123,206893.0,0.5535494987384851,0.0,0.0,206893.0,0.5535494987384851,162515.0,0.434814598790123,0.0,0.0,-,-,-,-,446.0,206893.0,-,-,-,-,-,-,-,-,-,-,-,-,162515.0,-,-,-,557.0,-,-,-,-,-,-,-,-,-,-,1083.0,-,-,-,-,-,2263.0,-,-,-,-,-,-,-,-,-,-,-
318871,44,Chapainawabganj 2,Rajshahi,Chapainawabganj,"Bholahat Upazila, Gomastapur Upazila, Nachole Upazila",True,336216.0,"Mu.Mizanur Rahman (Bangladesh Jamaat-e-Islami (Jamaat)) 50.9%, Md. Aminul Islam (Bangladesh Nationalist Party (BNP)) 46.1%, Mu. Khurshid Alam (Jatiya Party (JaPa)) 2.4%","Bangladesh Jamaat-e-Islami (Jamaat) (50.9%), Bangladesh Nationalist Party (BNP) (46.1%), Jatiya Party (JaPa) (2.4%)",155119.0,0.4613670973421848,171227.0,0.5092767744545174,0.0,0.0,171227.0,0.5092767744545174,155119.0,0.4613670973421848,0.0,0.0,-,-,-,-,-,171227.0,-,-,-,-,-,-,-,-,-,-,-,-,155119.0,-,-,-,-,-,-,626.0,-,-,-,-,-,-,-,1069.0,-,-,-,-,-,8175.0,-,-,-,-,-,-,-,-,-,-,-
318876,45,Chapainawabganj 3,Rajshahi,Chapainawabganj,Chapai Nawabganj Sadar Upazila,True,318495.0,"Md. Nurul Islam (Bangladesh Jamaat-e-Islami (Jamaat)) 59.5%, Md. Harunur Rashid (Bangladesh Nationalist Party (BNP)) 39.9%, Md. Monirul Islam (Islami Andolan Bangladesh (IAB)) 0.3%","Bangladesh Jamaat-e-Islami (Jamaat) (59.5%), Bangladesh Nationalist Party (BNP) (39.9%), Islami Andolan Bangladesh (IAB) (0.3%)",127037.0,0.3988665442157648,189640.0,0.5954253598957597,637.0,0.0020000313976671533,189640.0,0.5954253598957597,127398.0,0.4,0.0,0.0,-,-,-,-,-,189640.0,-,-,-,-,-,-,-,-,-,-,-,-,127037.0,-,-,-,-,-,-,-,-,-,-,-,361.0,-,-,820.0,-,-,-,-,-,-,-,637.0,-,-,-,-,-,-,-,-,-
319831,46,Naogaon 1,Rajshahi,Naogaon,"Porsha Upazila, Sapahar Upazila, Niamatpur Upazila",True,359069.0,"Md. Mostafizur Rahman (Bangladesh Nationalist Party (BNP)) 48.4%, Md. Mahbubul Alam (Bangladesh Jamaat-e-Islami (Jamaat)) 42.8%, Md. Shalek Chowdhury (Independent Candidate (Independent)) 5.0%","Bangladesh Nationalist Party (BNP) (48.4%), Bangladesh Jamaat-e-Islami (Jamaat) (42.8%), Independent Candidate (Independent) (5.0%)",173864.0,0.4842077706513233,153816.0,0.42837449069677414,0.0,0.0,153816.0,0.42837449069677414,173864.0,0.4842077706513233,0.0,0.0,-,-,-,-,-,153816.0,-,-,-,-,-,-,-,-,-,-,-,-,173864.0,-,-,-,-,-,-,-,-,-,-,-,-,18088.0,-,9058.0,-,-,-,-,-,4243.0,-,-,-,-,-,-,-,-,-,-,-
319836,47,Naogaon 2,Rajshahi,Naogaon,"Patnitala Upazila, Dhamoirhat Upazila",True,278739.0,"Md. Enamul Haque (Bangladesh Jamaat-e-Islami (Jamaat)) 50.8%, Md. Samsujjoha Khan (Bangladesh Nationalist Party (BNP)) 48.3%, Md. Matibul Islam (Amar Bangladesh Party (AB)) 1.0%","Bangladesh Jamaat-e-Islami (Jamaat) (50.8%), Bangladesh Nationalist Party (BNP) (48.3%), Amar Bangladesh Party (AB) (1.0%)",134533.0,0.48264864263701884,141526.0,0.507736628171874,0.0,0.0,144206.0,0.5173513573629811,134533.0,0.48264864263701884,0.0,0.0,2680.0,-,-,-,-,141526.0,-,-,-,-,-,-,-,-,-,-,-,-,134533.0,-,-,-,-,-,-,-,-,-,-,-,-,-,-,-,-,-,-,-,-,-,-,-,-,-,-,-,-,-,-,-,-
319841,48,Naogaon 3,Rajshahi,Naogaon,"Badalgachhi Upazila, Mahadebpur Upazila",True,314202.0,"Md. Fazle Huda (Bangladesh Nationalist Party (BNP)) 53.1%, Md. Mahfuzur Rahman (Bangladesh Jamaat-e-Islami (Jamaat)) 38.0%, Parvez Arefin Siddiqui (Independent Candidate (Independent)) 5.5%","Bangladesh Nationalist Party (BNP) (53.1%), Bangladesh Jamaat-e-Islami (Jamaat) (38.0%), Independent Candidate (Independent) (5.5%)",166889.0,0.5311519341060846,119421.0,0.3800771478221017,1233.0,0.003924227089579315,119421.0,0.3800771478221017,166889.0,0.5311519341060846,0.0,0.0,-,-,-,-,-,119421.0,-,-,-,-,-,-,-,-,-,-,-,195.0,166889.0,-,-,1233.0,-,-,-,-,-,-,-,-,-,17952.0,-,3643.0,-,-,-,-,-,4869.0,-,-,-,-,-,-,-,-,-,-,-
319846,49,Naogaon 4,Rajshahi,Naogaon,Manda Upazila,True,236474.0,"Ekramul Bari Tipu (Bangladesh Nationalist Party (BNP)) 56.6%, Md. Abdur Rakib (Bangladesh Jamaat-e-Islami (Jamaat)) 41.3%, S. M. Fazlur Rahman (Communist Party of Bangladesh (CPB)) 1.0%","Bangladesh Nationalist Party (BNP) (56.6%), Bangladesh Jamaat-e-Islami (Jamaat) (41.3%), Communist Party of Bangladesh (CPB) (1.0%)",133928.0,0.566354017777853,97585.0,0.4126669316711351,0.0,0.0,97585.0,0.4126669316711351,133928.0,0.566354017777853,0.0,0.0,-,-,-,-,-,97585.0,-,-,-,-,-,-,-,-,-,-,-,-,133928.0,-,-,-,-,-,-,2313.0,-,-,-,-,-,712.0,-,609.0,-,-,-,-,-,1327.0,-,-,-,-,-,-,-,-,-,-,-
319851,50,Naogaon 5,Rajshahi,Naogaon,Naogaon Sadar Upazila,True,241150.0,"Md. Zahidul Islam Dhalu (Bangladesh Nationalist Party (BNP)) 53.7%, Abu Sadat Md. Sayem (Bangladesh Jamaat-e-Islami (Jamaat)) 43.4%, Md. Abdur Rahman (Islami Andolan Bangladesh (IAB)) 1.7%","Bangladesh Nationalist Party (BNP) (53.7%), Bangladesh Jamaat-e-Islami (Jamaat) (43.4%), Islami Andolan Bangladesh (IAB) (1.7%)",129385.0,0.536533278042712,104747.0,0.4343645034211072,0.0,0.0,104747.0,0.4343645034211072,129385.0,0.536533278042712,0.0,0.0,-,-,-,-,-,104747.0,-,-,-,-,-,-,-,-,-,-,-,-,129385.0,-,-,-,-,-,-,741.0,-,-,-,-,-,-,-,4101.0,-,-,-,-,-,2176.0,-,-,-,-,-,-,-,-,-,-,-
319856,51,Naogaon 6,Rajshahi,Naogaon,"Raninagar Upazila, Atrai Upazila",True,228521.0,"Sheikh Md. Rezaul Islam (Bangladesh Nationalist Party (BNP)) 47.6%, Md. Khobirul Islam (Bangladesh Jamaat-e-Islami (Jamaat)) 42.7%, Alamgir Kabir (Independent Candidate (Independent)) 8.6%","Bangladesh Nationalist Party (BNP) (47.6%), Bangladesh Jamaat-e-Islami (Jamaat) (42.7%), Independent Candidate (Independent) (8.6%)",108866.0,0.4763938543941257,97629.0,0.4272211306619523,0.0,0.0,97629.0,0.4272211306619523,108866.0,0.4763938543941257,0.0,0.0,-,-,-,-,-,97629.0,-,-,-,-,-,-,-,-,-,-,-,-,108866.0,-,555.0,-,-,-,-,-,-,-,-,-,-,19638.0,-,1833.0,-,-,-,-,-,-,-,-,-,-,-,-,-,-,-,-,-
320161,52,Rajshahi 1,Rajshahi,Rajshahi,"Godagari Upazila, Tanore Upazila",True,343858.0,"Md. Mujibur Rahman (Bangladesh Jamaat-e-Islami (Jamaat)) 50.0%, Md. Sharif Uddin (Bangladesh Nationalist Party (BNP)) 49.4%, Md. Abdur Rahman (Amar Bangladesh Party (AB)) 0.3%","Bangladesh Jamaat-e-Islami (Jamaat) (50.0%), Bangladesh Nationalist Party (BNP) (49.4%), Amar Bangladesh Party (AB) (0.3%)",169902.0,0.4941051247898842,171786.0,0.4995841306585858,0.0,0.0,172886.0,0.5027831255925411,170309.0,0.49528875291544766,0.0,0.0,1100.0,-,-,-,-,171786.0,-,-,-,-,-,-,-,-,-,-,-,-,169902.0,-,-,-,-,-,-,-,-,-,-,-,407.0,663.0,-,-,-,-,-,-,-,-,-,-,-,-,-,-,-,-,-,-,-
320166,53,Rajshahi 2,Rajshahi,Rajshahi,Rajshahi City Corporation,True,231065.0,"Md. Mizanur Rahman Minu (Bangladesh Nationalist Party (BNP)) 55.6%, Md. Jahangir (Bangladesh Jamaat-e-Islami (Jamaat)) 43.4%, Saleh Ahmed (Independent Candidate (Independent)) 0.3%","Bangladesh Nationalist Party (BNP) (55.6%), Bangladesh Jamaat-e-Islami (Jamaat) (43.4%), Independent Candidate (Independent) (0.3%)",128546.0,0.5563196503148464,100370.0,0.43437993638153766,552.0,0.0023889381775690824,101166.0,0.43782485447817715,128546.0,0.5563196503148464,0.0,0.0,796.0,-,-,-,-,100370.0,-,-,-,-,-,-,-,-,-,-,-,-,128546.0,-,-,-,-,-,-,-,-,-,-,-,-,801.0,-,-,-,-,-,-,-,-,-,-,-,-,552.0,-,-,-,-,-,-
320171,54,Rajshahi 3,Rajshahi,Rajshahi,"Paba Upazila, Mohanpur Upazila",True,318966.0,"Md. Shafiqul Haque Milon (Bangladesh Nationalist Party (BNP)) 55.3%, Md. Abul Kalam Azad (Bangladesh Jamaat-e-Islami (Jamaat)) 43.2%, Md. Afzal Hossain (Jatiya Party (JaPa)) 0.7%","Bangladesh Nationalist Party (BNP) (55.3%), Bangladesh Jamaat-e-Islami (Jamaat) (43.2%), Jatiya Party (JaPa) (0.7%)",176318.0,0.5527799201168777,137927.0,0.43241912931158805,0.0,0.0,137927.0,0.43241912931158805,176318.0,0.5527799201168777,0.0,0.0,-,-,-,-,-,137927.0,-,-,-,-,-,-,-,-,-,-,-,-,176318.0,-,-,-,-,-,-,-,-,-,-,-,-,1177.0,-,1154.0,-,-,-,-,-,2390.0,-,-,-,-,-,-,-,-,-,-,-
320176,55,Rajshahi 4,Rajshahi,Rajshahi,Bagmara Upazila,True,227116.0,"Md. Abdul Bari Sardar (Bangladesh Jamaat-e-Islami (Jamaat)) 50.7%, D. M. D. Ziaur Rahman (Bangladesh Nationalist Party (BNP)) 48.2%, Md. Fazlul Haque (Jatiya Party (JaPa)) 0.8%","Bangladesh Jamaat-e-Islami (Jamaat) (50.7%), Bangladesh Nationalist Party (BNP) (48.2%), Jatiya Party (JaPa) (0.8%)",109461.0,0.4819607601401927,115226.0,0.5073442646048715,0.0,0.0,115226.0,0.5073442646048715,109461.0,0.4819607601401927,0.0,0.0,-,-,-,-,-,115226.0,-,-,-,-,-,-,-,-,-,-,-,-,109461.0,-,-,-,-,-,-,-,-,-,-,-,-,-,-,670.0,-,-,-,-,-,1759.0,-,-,-,-,-,-,-,-,-,-,-
320181,56,Rajshahi 5,Rajshahi,Rajshahi,"Durgapur Upazila, Puthia Upazila",True,237798.0,"Prof. Nazrul Islam (Bangladesh Nationalist Party (BNP)) 64.5%, Manjur Rahman (Bangladesh Jamaat-e-Islami (Jamaat)) 30.9%, Rezaul Karim (Independent Candidate (Independent)) 2.7%","Bangladesh Nationalist Party (BNP) (64.5%), Bangladesh Jamaat-e-Islami (Jamaat) (30.9%), Independent Candidate (Independent) (2.7%)",153425.0,0.645190455764977,73445.0,0.3088545740502443,0.0,0.0,73445.0,0.3088545740502443,153425.0,0.645190455764977,0.0,0.0,-,-,-,-,-,73445.0,-,-,-,-,-,-,-,-,-,-,-,-,153425.0,-,-,-,-,-,938.0,-,-,-,-,-,-,9370.0,-,620.0,-,-,-,-,-,-,-,-,-,-,-,-,-,-,-,-,-
320186,57,Rajshahi 6,Rajshahi,Rajshahi,"Bagha Upazila, Charghat Upazila",True,246195.0,"Abu Sayed Chand (Bangladesh Nationalist Party (BNP)) 60.4%, Md. Nazmul Haque (Bangladesh Jamaat-e-Islami (Jamaat)) 37.8%, Md. Iqbal Hossain (Jatiya Party (JaPa)) 1.2%","Bangladesh Nationalist Party (BNP) (60.4%), Bangladesh Jamaat-e-Islami (Jamaat) (37.8%), Jatiya Party (JaPa) (1.2%)",148672.0,0.6038790389731716,92965.0,0.37760718129937654,0.0,0.0,92965.0,0.37760718129937654,148672.0,0.6038790389731716,0.0,0.0,-,-,-,-,-,92965.0,-,-,-,-,-,-,-,-,-,-,-,-,148672.0,-,-,-,-,-,-,-,-,-,-,-,-,-,-,1628.0,-,-,-,-,-,2930.0,-,-,-,-,-,-,-,-,-,-,-
319941,58,Natore 1,Rajshahi,Natore,"Lalpur Upazila, Bagatipara Upazila",True,268781.0,"Farzana Sharmin (Bangladesh Nationalist Party (BNP)) 38.2%, Md. Abul Kalam Azad (Bangladesh Jamaat-e-Islami (Jamaat)) 33.7%, Taiful Islam Tipu (Independent Candidate (Independent)) 27.2%","Bangladesh Nationalist Party (BNP) (38.2%), Bangladesh Jamaat-e-Islami (Jamaat) (33.7%), Independent Candidate (Independent) (27.2%)",102726.0,0.3821921936446401,90568.0,0.3369583415494399,0.0,0.0,90568.0,0.3369583415494399,103024.0,0.3833009029656114,0.0,0.0,-,-,-,-,-,90568.0,-,-,-,-,-,-,-,-,-,-,-,-,102726.0,-,-,-,-,-,-,-,-,-,-,-,298.0,73368.0,-,1269.0,-,-,-,-,-,552.0,-,-,-,-,-,-,-,-,-,-,-
319946,59,Natore 2,Rajshahi,Natore,"Natore Sadar Upazila, Naldanga Upazila",True,299336.0,"M. Ruhul Quddus Talukder Dulu (Bangladesh Nationalist Party (BNP)) 54.4%, Md. Yunus Ali (Bangladesh Jamaat-e-Islami (Jamaat)) 43.5%, Md. Ali Siddiqui (Islami Andolan Bangladesh (IAB)) 0.9%","Bangladesh Nationalist Party (BNP) (54.4%), Bangladesh Jamaat-e-Islami (Jamaat) (43.5%), Islami Andolan Bangladesh (IAB) (0.9%)",162841.0,0.5440074030520886,130066.0,0.4345150599994655,464.0,0.001550097549242323,130066.0,0.4345150599994655,163305.0,0.5455575006013309,0.0,0.0,-,-,-,-,-,130066.0,-,-,-,-,-,-,-,-,-,-,-,-,162841.0,-,-,-,-,-,-,-,-,464.0,-,-,-,621.0,-,2757.0,-,-,-,-,-,2587.0,-,-,-,-,-,-,-,-,-,-,-
319951,60,Natore 3,Rajshahi,Natore,Singra Upazila,True,228563.0,"Md. Anwarul Islam (Bangladesh Nationalist Party (BNP)) 52.4%, Md. Daudar Mahmud (Independent Candidate (Independent)) 29.1%, S. M. Jarjis Kadir (National Citizen Party (NCP)) 9.1%","Bangladesh Nationalist Party (BNP) (52.4%), Independent Candidate (Independent) (29.1%), National Citizen Party (NCP) (9.1%)",119768.0,0.5240043226593981,0.0,0.0,0.0,0.0,20707.0,0.09059646574467434,119768.0,0.5240043226593981,0.0,0.0,-,-,-,-,-,-,-,-,-,-,-,-,-,-,-,-,-,-,119768.0,-,-,-,-,-,-,-,-,-,-,-,-,66864.0,-,19105.0,-,-,-,-,-,2119.0,-,-,-,-,-,20707.0,-,-,-,-,-
319956,61,Natore 4,Rajshahi,Natore,"Gurudaspur Upazila, Baraigram Upazila",True,312840.0,"Md. Abdul Aziz (Bangladesh Nationalist Party (BNP)) 54.5%, Md. Abdul Hakim (Bangladesh Jamaat-e-Islami (Jamaat)) 43.3%, Md. Emdadullah (Islami Andolan Bangladesh (IAB)) 1.2%","Bangladesh Nationalist Party (BNP) (54.5%), Bangladesh Jamaat-e-Islami (Jamaat) (43.3%), Islami Andolan Bangladesh (IAB) (1.2%)",170551.0,0.5451700549801816,135386.0,0.43276435238460553,0.0,0.0,135645.0,0.4335922516302263,170551.0,0.5451700549801816,0.0,0.0,259.0,-,-,-,-,135386.0,-,-,-,-,-,-,-,-,-,-,-,-,170551.0,-,-,-,-,-,-,-,-,-,-,-,-,-,-,3845.0,-,-,-,-,-,2799.0,-,-,-,-,-,-,-,-,-,-,-
320306,62,Sirajganj 1,Rajshahi,Sirajganj,"Kazipur Upazila, Sirajganj Sadar Upazila (partial)",True,225852.0,"Md. Selim Reza (Bangladesh Nationalist Party (BNP)) 51.0%, Md. Shahinur Alam (Bangladesh Jamaat-e-Islami (Jamaat)) 47.3%, Md. Zahurul Islam (Jatiya Party (JaPa)) 1.0%","Bangladesh Nationalist Party (BNP) (51.0%), Bangladesh Jamaat-e-Islami (Jamaat) (47.3%), Jatiya Party (JaPa) (1.0%)",115132.0,0.5097674583355472,106732.0,0.4725749605936631,321.0,0.001421284735136284,106732.0,0.4725749605936631,116302.0,0.5149478419495953,0.0,0.0,-,-,-,-,-,106732.0,-,-,-,-,-,-,-,-,-,-,-,-,115132.0,-,-,-,-,-,-,-,-,-,-,-,1170.0,263.0,-,-,-,-,-,-,-,2234.0,-,-,-,-,321.0,-,-,-,-,-,-
320311,63,Sirajganj 2,Rajshahi,Sirajganj,"Sirajganj Sadar Upazila (partial), Kamarkhanda Upazila",True,320766.0,"Iqbal Hasan Mahmud (Bangladesh Nationalist Party (BNP)) 55.4%, Md. Jahidul Islam (Bangladesh Jamaat-e-Islami (Jamaat)) 43.3%, Md. Mohibullah (Islami Andolan Bangladesh (IAB)) 0.7%","Bangladesh Nationalist Party (BNP) (55.4%), Bangladesh Jamaat-e-Islami (Jamaat) (43.3%), Islami Andolan Bangladesh (IAB) (0.7%)",177578.0,0.5536060555046358,138797.0,0.43270483779452934,864.0,0.002693552309159948,138797.0,0.43270483779452934,177988.0,0.5548842458365288,0.0,0.0,-,-,-,-,-,138797.0,-,-,-,-,-,-,-,-,-,-,-,-,177578.0,-,-,864.0,-,-,-,769.0,-,-,-,-,410.0,-,-,2167.0,-,-,-,181.0,-,-,-,-,-,-,-,-,-,-,-,-,-
320316,64,Sirajganj 3,Rajshahi,Sirajganj,"Tarash Upazila, Raiganj Upazila",True,293896.0,"Md. Aynul Haque (Bangladesh Nationalist Party (BNP)) 59.4%, Muha. Abdur Rouf Sarkar (Bangladesh Khelafat Majlish (BKM)) 39.7%, Md. Fazlul Haque (Jatiya Party (JaPa)) 0.6%","Bangladesh Nationalist Party (BNP) (59.4%), Bangladesh Khelafat Majlish (BKM) (39.7%), Jatiya Party (JaPa) (0.6%)",174430.0,0.5935092685848055,0.0,0.0,0.0,0.0,116802.0,0.3974263004600267,174430.0,0.5935092685848055,0.0,0.0,-,-,-,-,-,-,-,-,-,-,-,116802.0,-,-,-,-,-,-,174430.0,-,-,-,-,-,-,-,-,-,-,-,-,1006.0,-,-,-,-,-,-,-,1658.0,-,-,-,-,-,-,-,-,-,-,-
320321,65,Sirajganj 4,Rajshahi,Sirajganj,Ullahpara Upazila,True,323150.0,"Md. Rafiqul Islam Khan (Bangladesh Jamaat-e-Islami (Jamaat)) 50.1%, M. Akbar Ali (Bangladesh Nationalist Party (BNP)) 49.9%","Bangladesh Jamaat-e-Islami (Jamaat) (50.1%), Bangladesh Nationalist Party (BNP) (49.9%)",161278.0,0.49908092217236577,161872.0,0.5009190778276342,0.0,0.0,161872.0,0.5009190778276342,161278.0,0.49908092217236577,0.0,0.0,-,-,-,-,-,161872.0,-,-,-,-,-,-,-,-,-,-,-,-,161278.0,-,-,-,-,-,-,-,-,-,-,-,-,-,-,-,-,-,-,-,-,-,-,-,-,-,-,-,-,-,-,-,-
320326,66,Sirajganj 5,Rajshahi,Sirajganj,"Belkuchi Upazila, Chauhali Upazila",True,249340.0,"Md. Amirul Islam Khan (Bangladesh Nationalist Party (BNP)) 54.1%, Md. Ali Alam (Bangladesh Jamaat-e-Islami (Jamaat)) 42.8%, Nurun Nabi (Islami Andolan Bangladesh (IAB)) 2.3%","Bangladesh Nationalist Party (BNP) (54.1%), Bangladesh Jamaat-e-Islami (Jamaat) (42.8%), Islami Andolan Bangladesh (IAB) (2.3%)",134989.0,0.5413852570786878,106805.0,0.4283508462340579,0.0,0.0,106805.0,0.4283508462340579,135224.0,0.5423277452474533,0.0,0.0,-,-,-,-,-,106805.0,-,-,-,-,-,-,-,-,-,-,-,-,134989.0,-,-,-,-,-,-,328.0,-,-,-,-,235.0,-,-,5759.0,-,-,-,-,-,1224.0,-,-,-,-,-,-,-,-,-,-,-
320331,67,Sirajganj 6,Rajshahi,Sirajganj,Shahjadpur Upazila,True,275392.0,"M. A. Muhit (Bangladesh Nationalist Party (BNP)) 62.3%, S. M. Saif Mostafiz (National Citizen Party (NCP)) 37.7%","Bangladesh Nationalist Party (BNP) (62.3%), National Citizen Party (NCP) (37.7%)",171508.0,0.6227777132233325,0.0,0.0,0.0,0.0,103884.0,0.3772222867766674,171508.0,0.6227777132233325,0.0,0.0,-,-,-,-,-,-,-,-,-,-,-,-,-,-,-,-,-,-,171508.0,-,-,-,-,-,-,-,-,-,-,-,-,-,-,-,-,-,-,-,-,-,-,-,-,-,-,103884.0,-,-,-,-,-
320056,68,Pabna 1,Rajshahi,Pabna,"Santhia Upazila, Bera Upazila (partial)",True,236366.0,"Md. Nazibur Rahman (Bangladesh Jamaat-e-Islami (Jamaat)) 55.0%, Md. Shamsur Rahman (Bangladesh Nationalist Party (BNP)) 44.1%, Md. Abdul Gani (Islami Andolan Bangladesh (IAB)) 0.5%","Bangladesh Jamaat-e-Islami (Jamaat) (55.0%), Bangladesh Nationalist Party (BNP) (44.1%), Islami Andolan Bangladesh (IAB) (0.5%)",104245.0,0.44103212814025705,129974.0,0.5498845011549884,0.0,0.0,129974.0,0.5498845011549884,104245.0,0.44103212814025705,0.0,0.0,-,-,-,-,-,129974.0,-,-,-,-,-,-,-,-,-,-,-,-,104245.0,-,-,-,-,-,-,-,-,-,-,-,-,1033.0,-,1114.0,-,-,-,-,-,-,-,-,-,-,-,-,-,-,-,-,-
320061,69,Pabna 2,Rajshahi,Pabna,"Sujanagar Upazila, Bera Upazila (partial)",True,301125.0,"A. K. M. Selim Reza Habib (Bangladesh Nationalist Party (BNP)) 71.5%, Md. Hesab Uddin (Bangladesh Jamaat-e-Islami (Jamaat)) 25.7%, Md. Afzal Hossain Khan Kashemi (Islami Andolan Bangladesh (IAB)) 2.0%","Bangladesh Nationalist Party (BNP) (71.5%), Bangladesh Jamaat-e-Islami (Jamaat) (25.7%), Islami Andolan Bangladesh (IAB) (2.0%)",215406.0,0.7153374844333749,77242.0,0.25651141552511414,0.0,0.0,77242.0,0.25651141552511414,215406.0,0.7153374844333749,0.0,0.0,-,-,-,-,-,77242.0,-,-,-,-,-,-,-,-,-,-,-,-,215406.0,-,-,-,-,-,-,-,-,-,333.0,-,-,-,-,5884.0,-,-,-,-,-,2260.0,-,-,-,-,-,-,-,-,-,-,-
320066,70,Pabna 3,Rajshahi,Pabna,"Bhangura Upazila, Faridpur Upazila, Chatmohar Upazila",True,335128.0,"Md. Ali Asgar (Bangladesh Jamaat-e-Islami (Jamaat)) 44.0%, Md. Hasan Zafir Tuhin (Bangladesh Nationalist Party (BNP)) 43.0%, K. M. Anwarul Islam (Independent Candidate (Independent)) 11.3%","Bangladesh Jamaat-e-Islami (Jamaat) (44.0%), Bangladesh Nationalist Party (BNP) (43.0%), Independent Candidate (Independent) (11.3%)",144206.0,0.4303012580267838,147475.0,0.4400557398963978,0.0,0.0,147475.0,0.4400557398963978,145192.0,0.4332434174405003,0.0,0.0,-,-,-,-,-,147475.0,-,-,-,-,-,-,-,-,-,-,-,-,144206.0,-,-,-,-,-,1420.0,-,-,-,173.0,-,986.0,38027.0,-,1769.0,-,-,-,-,-,1072.0,-,-,-,-,-,-,-,-,-,-,-
320071,71,Pabna 4,Rajshahi,Pabna,"Ishwardi Upazila, Atghoria Upazila",True,303803.0,"Md. Abu Taleb Mondol (Bangladesh Jamaat-e-Islami (Jamaat)) 45.3%, Md. Habibur Rahman (Bangladesh Nationalist Party (BNP)) 44.1%, Md. Zakaria Pintu (Independent Candidate (Independent)) 9.2%","Bangladesh Jamaat-e-Islami (Jamaat) (45.3%), Bangladesh Nationalist Party (BNP) (44.1%), Independent Candidate (Independent) (9.2%)",133874.0,0.4406605596389766,137675.0,0.4531719568272861,182.0,0.0005990724252229241,137675.0,0.4531719568272861,133874.0,0.4406605596389766,0.0,0.0,-,-,-,-,-,137675.0,-,-,-,-,-,-,-,-,-,-,-,-,133874.0,-,-,-,-,-,-,459.0,-,-,-,-,-,27970.0,-,2688.0,-,-,-,-,-,955.0,-,-,-,-,182.0,-,-,-,-,-,-
320076,72,Pabna 5,Rajshahi,Pabna,Pabna Sadar Upazila,True,351629.0,"Md. Shamshur Rahman Shimul Biswas (Bangladesh Nationalist Party (BNP)) 51.7%, Md. Iqbal Hossain (Bangladesh Jamaat-e-Islami (Jamaat)) 46.9%, Md. Najmul Hossain (Islami Andolan Bangladesh (IAB)) 1.2%","Bangladesh Nationalist Party (BNP) (51.7%), Bangladesh Jamaat-e-Islami (Jamaat) (46.9%), Islami Andolan Bangladesh (IAB) (1.2%)",181925.0,0.5173776906910409,164994.0,0.4692275096763919,0.0,0.0,165436.0,0.47048451635104044,181925.0,0.5173776906910409,0.0,0.0,442.0,-,-,-,-,164994.0,-,-,-,-,-,-,-,-,-,-,-,-,181925.0,-,-,-,-,-,-,-,-,-,-,-,-,-,-,4268.0,-,-,-,-,-,-,-,-,-,-,-,-,-,-,-,-,-
319711,73,Meherpur 1,Khulna,Meherpur,"Meherpur Sadar Upazila, Mujibnagar Upazila",True,230933.0,"Md. Tajuddin Khan (Bangladesh Jamaat-e-Islami (Jamaat)) 53.4%, Masud Arun (Bangladesh Nationalist Party (BNP)) 45.7%, Md. Abdul Hamid (Jatiya Party (JaPa)) 0.6%","Bangladesh Jamaat-e-Islami (Jamaat) (53.4%), Bangladesh Nationalist Party (BNP) (45.7%), Jatiya Party (JaPa) (0.6%)",105441.0,0.4565869754430939,123271.0,0.5337955164484938,0.0,0.0,123271.0,0.5337955164484938,105441.0,0.4565869754430939,0.0,0.0,-,-,-,-,-,123271.0,-,-,-,-,-,-,-,-,-,-,-,-,105441.0,-,-,-,-,-,-,792.0,-,-,-,-,-,-,-,-,-,-,-,-,-,1429.0,-,-,-,-,-,-,-,-,-,-,-
319716,74,Meherpur 2,Khulna,Meherpur,Gangni Upazila,True,182294.0,"Md. Nazmul Huda (Bangladesh Jamaat-e-Islami (Jamaat)) 52.8%, Md. Amzad Hossain (Bangladesh Nationalist Party (BNP)) 47.2%","Bangladesh Jamaat-e-Islami (Jamaat) (52.8%), Bangladesh Nationalist Party (BNP) (47.2%)",85988.0,0.4716995622456033,96306.0,0.5283004377543967,0.0,0.0,96306.0,0.5283004377543967,85988.0,0.4716995622456033,0.0,0.0,-,-,-,-,-,96306.0,-,-,-,-,-,-,-,-,-,-,-,-,85988.0,-,-,-,-,-,-,-,-,-,-,-,-,-,-,-,-,-,-,-,-,-,-,-,-,-,-,-,-,-,-,-,-
319586,75,Kushtia 1,Khulna,Kushtia,Daulatpur Upazila,True,276669.0,"Reza Ahammed (Bangladesh Nationalist Party (BNP)) 60.0%, Md. Belal Uddin (Bangladesh Jamaat-e-Islami (Jamaat)) 31.3%, Md. Nuruzzaman (Independent Candidate (Independent)) 6.5%","Bangladesh Nationalist Party (BNP) (60.0%), Bangladesh Jamaat-e-Islami (Jamaat) (31.3%), Independent Candidate (Independent) (6.5%)",165909.0,0.5996660269130261,86682.0,0.31330579139694004,203.0,0.0007337287516852268,86682.0,0.31330579139694004,166522.0,0.6018816708774746,0.0,0.0,-,-,-,-,-,86682.0,-,-,-,-,-,-,-,-,-,-,-,-,165909.0,-,-,-,-,-,-,-,-,-,-,-,613.0,17864.0,-,4063.0,-,241.0,-,-,-,1094.0,-,203.0,-,-,-,-,-,-,-,-,-
319591,76,Kushtia 2,Khulna,Kushtia,"Mirpur Upazila, Bheramara Upazila",True,341719.0,"Md. Abdul Gafur (Bangladesh Jamaat-e-Islami (Jamaat)) 56.2%, Ragib Rauf Chowdhury (Bangladesh Nationalist Party (BNP)) 42.1%, Md. Ali (Islami Andolan Bangladesh (IAB)) 1.1%","Bangladesh Jamaat-e-Islami (Jamaat) (56.2%), Bangladesh Nationalist Party (BNP) (42.1%), Islami Andolan Bangladesh (IAB) (1.1%)",143821.0,0.42087504645629886,192083.0,0.5621080478404771,0.0,0.0,192083.0,0.5621080478404771,143821.0,0.42087504645629886,0.0,0.0,-,-,-,-,-,192083.0,-,-,-,-,-,-,-,-,-,-,-,-,143821.0,-,-,-,-,-,-,805.0,-,-,-,-,-,-,-,3887.0,-,1123.0,-,-,-,-,-,-,-,-,-,-,-,-,-,-,-
319596,77,Kushtia 3,Khulna,Kushtia,Kushtia Sadar Upazila,True,316404.0,"Md. Amir Hamza (Bangladesh Jamaat-e-Islami (Jamaat)) 57.7%, Md. Zakir Hossain Sarkar (Bangladesh Nationalist Party (BNP)) 40.3%, Md. Abdullah Akhand (Islami Andolan Bangladesh (IAB)) 1.6%","Bangladesh Jamaat-e-Islami (Jamaat) (57.7%), Bangladesh Nationalist Party (BNP) (40.3%), Islami Andolan Bangladesh (IAB) (1.6%)",127559.0,0.403152298959558,182476.0,0.5767183727133665,442.0,0.0013969482054588438,182476.0,0.5767183727133665,127858.0,0.40409729333383904,0.0,0.0,-,-,-,-,-,182476.0,-,-,-,-,-,-,-,-,-,-,-,-,127559.0,-,475.0,442.0,-,-,-,-,-,-,-,-,299.0,-,-,5153.0,-,-,-,-,-,-,-,-,-,-,-,-,-,-,-,-,-
319601,78,Kushtia 4,Khulna,Kushtia,"Kumarkhali Upazila, Khoksa Upazila",True,302777.0,"Md. Afzal Hossain (Bangladesh Jamaat-e-Islami (Jamaat)) 48.9%, Syed Mehdi Ahmed Rumi (Bangladesh Nationalist Party (BNP)) 46.1%, Anwar Khan (Islami Andolan Bangladesh (IAB)) 4.5%","Bangladesh Jamaat-e-Islami (Jamaat) (48.9%), Bangladesh Nationalist Party (BNP) (46.1%), Islami Andolan Bangladesh (IAB) (4.5%)",139603.0,0.46107531285401465,148201.0,0.4894724500209725,0.0,0.0,148509.0,0.49048970034051464,139603.0,0.46107531285401465,0.0,0.0,-,-,-,-,-,148201.0,-,-,-,-,-,-,308.0,-,671.0,-,-,-,139603.0,-,-,-,-,-,-,-,-,-,255.0,-,-,-,-,13739.0,-,-,-,-,-,-,-,-,-,-,-,-,-,-,-,-,-
318971,79,Chuadanga 1,Khulna,Chuadanga,"Chuadanga Sadar Upazila, Alamdanga Upazila (partial)",True,374356.0,"Md. Masud Parvez (Bangladesh Jamaat-e-Islami (Jamaat)) 56.4%, Md. Sharifuzzaman (Bangladesh Nationalist Party (BNP)) 40.9%, Md. Zahurul Islam (Islami Andolan Bangladesh (IAB)) 2.7%","Bangladesh Jamaat-e-Islami (Jamaat) (56.4%), Bangladesh Nationalist Party (BNP) (40.9%), Islami Andolan Bangladesh (IAB) (2.7%)",153193.0,0.4092174293987541,211041.0,0.5637441365972496,0.0,0.0,211041.0,0.5637441365972496,153193.0,0.4092174293987541,0.0,0.0,-,-,-,-,-,211041.0,-,-,-,-,-,-,-,-,-,-,-,-,153193.0,-,-,-,-,-,-,-,-,-,-,-,-,-,-,10122.0,-,-,-,-,-,-,-,-,-,-,-,-,-,-,-,-,-
318976,80,Chuadanga 2,Khulna,Chuadanga,"Damurhuda Upazila, Jibannagar Upazila, Alamdanga Upazila (partial)",True,378262.0,"Md. Ruhul Amin (Bangladesh Jamaat-e-Islami (Jamaat)) 55.0%, Mahmud Hasan Khan (Bangladesh Nationalist Party (BNP)) 43.3%, Md. Hasanuzzaman (Islami Andolan Bangladesh (IAB)) 1.7%","Bangladesh Jamaat-e-Islami (Jamaat) (55.0%), Bangladesh Nationalist Party (BNP) (43.3%), Islami Andolan Bangladesh (IAB) (1.7%)",163877.0,0.4332367512464905,208011.0,0.5499124945143842,0.0,0.0,208011.0,0.5499124945143842,163877.0,0.4332367512464905,0.0,0.0,-,-,-,-,-,208011.0,-,-,-,-,-,-,-,-,-,-,-,-,163877.0,-,-,-,-,-,-,-,-,-,-,-,-,-,-,6374.0,-,-,-,-,-,-,-,-,-,-,-,-,-,-,-,-,-
319441,81,Jhenaidah 1,Khulna,Jhenaidah,Shailkupa Upazila,True,232324.0,"Md. Asaduzzaman (Bangladesh Nationalist Party (BNP)) 74.6%, Abu Saleh Md. Matiur Rahman (Bangladesh Jamaat-e-Islami (Jamaat)) 24.6%, Monika Alam (Jatiya Party (JaPa)) 0.4%","Bangladesh Nationalist Party (BNP) (74.6%), Bangladesh Jamaat-e-Islami (Jamaat) (24.6%), Jatiya Party (JaPa) (0.4%)",173381.0,0.7462896644341523,57055.0,0.24558375372324856,0.0,0.0,57665.0,0.24820939722112223,173381.0,0.7462896644341523,0.0,0.0,610.0,-,-,-,-,57055.0,-,-,-,-,-,-,-,-,-,-,-,-,173381.0,-,-,-,-,-,-,-,-,-,-,-,-,-,-,-,-,-,-,-,-,969.0,-,-,-,-,-,-,-,-,-,309.0,-
319446,82,Jhenaidah 2,Khulna,Jhenaidah,"Harinakunda Upazila, Jhenaidah Sadar Upazila",True,378148.0,"Ali Azam Md. Abu Bakar (Bangladesh Jamaat-e-Islami (Jamaat)) 51.8%, Md. Abdul Majid (Bangladesh Nationalist Party (BNP)) 46.5%, Hm Momtajur Rahman (Islami Andolan Bangladesh (IAB)) 1.2%","Bangladesh Jamaat-e-Islami (Jamaat) (51.8%), Bangladesh Nationalist Party (BNP) (46.5%), Islami Andolan Bangladesh (IAB) (1.2%)",175984.0,0.4653839237547204,195702.0,0.517527528904027,340.0,0.0008991188635137566,195702.0,0.517527528904027,175984.0,0.4653839237547204,0.0,0.0,-,-,-,-,-,195702.0,-,-,-,-,-,-,-,-,-,-,-,-,175984.0,-,-,340.0,-,-,-,557.0,-,-,-,-,-,-,-,4571.0,-,-,-,-,-,994.0,-,-,-,-,-,-,-,-,-,-,-
319451,83,Jhenaidah 3,Khulna,Jhenaidah,"Kotchandpur Upazila, Moheshpur Upazila",True,329886.0,"Md. Matiar Rahman (Bangladesh Jamaat-e-Islami (Jamaat)) 53.3%, Md. Mehedi Hasan (Bangladesh Nationalist Party (BNP)) 45.4%, Sarwar Hossain (Islami Andolan Bangladesh (IAB)) 1.2%","Bangladesh Jamaat-e-Islami (Jamaat) (53.3%), Bangladesh Nationalist Party (BNP) (45.4%), Islami Andolan Bangladesh (IAB) (1.2%)",149821.0,0.4541599219124182,175857.0,0.5330841563449191,0.0,0.0,175857.0,0.5330841563449191,150209.0,0.45533608579933676,0.0,0.0,-,-,-,-,-,175857.0,-,-,-,-,-,-,-,-,-,-,-,-,149821.0,-,-,-,-,-,-,-,-,-,-,-,388.0,-,-,3820.0,-,-,-,-,-,-,-,-,-,-,-,-,-,-,-,-,-
319456,84,Jhenaidah 4,Khulna,Jhenaidah,Kaliganj Upazila,True,264994.0,"Md. Abu Talib (Bangladesh Jamaat-e-Islami (Jamaat)) 40.0%, Md. Saiful Islam Firoz (Independent Candidate (Independent)) 29.1%, Md. Rashed Khan (Bangladesh Nationalist Party (BNP)) 29.1%","Bangladesh Jamaat-e-Islami (Jamaat) (40.0%), Independent Candidate (Independent) (29.1%), Bangladesh Nationalist Party (BNP) (29.1%)",77104.0,0.2909650784546065,105999.0,0.40000528313848616,0.0,0.0,105999.0,0.40000528313848616,77104.0,0.2909650784546065,0.0,0.0,-,-,-,-,-,105999.0,-,-,-,-,-,-,-,-,-,-,-,-,77104.0,-,-,-,-,-,-,-,-,-,267.0,-,-,77104.0,-,3907.0,-,-,-,-,-,613.0,-,-,-,-,-,-,-,-,-,-,-
319391,85,Jashore 1,Khulna,Jashore,Sharsha Upazila,True,215801.0,"Md. Azizur Rahman (Bangladesh Jamaat-e-Islami (Jamaat)) 55.2%, Md. Nuruzzaman Liton (Bangladesh Nationalist Party (BNP)) 43.3%, Md. Baktiar Rahman (Islami Andolan Bangladesh (IAB)) 0.8%","Bangladesh Jamaat-e-Islami (Jamaat) (55.2%), Bangladesh Nationalist Party (BNP) (43.3%), Islami Andolan Bangladesh (IAB) (0.8%)",93542.0,0.4334641637434488,119093.0,0.5518649125814987,0.0,0.0,119093.0,0.5518649125814987,93542.0,0.4334641637434488,0.0,0.0,-,-,-,-,-,119093.0,-,-,-,-,-,-,-,-,-,-,-,-,93542.0,-,-,-,-,-,-,-,-,-,-,-,-,-,-,1768.0,-,-,-,-,-,1398.0,-,-,-,-,-,-,-,-,-,-,-
319396,86,Jashore 2,Khulna,Jashore,"Chaugachha Upazila, Manirampur Upazila",True,334861.0,"Md. Moslehuddin Farid (Bangladesh Jamaat-e-Islami (Jamaat)) 54.0%, Mst. Sabira Sultana (Bangladesh Nationalist Party (BNP)) 43.7%, Md. Idris Ali (Islami Andolan Bangladesh (IAB)) 1.7%","Bangladesh Jamaat-e-Islami (Jamaat) (54.0%), Bangladesh Nationalist Party (BNP) (43.7%), Islami Andolan Bangladesh (IAB) (1.7%)",146447.0,0.4373366859682077,180965.0,0.5404182631002117,472.0,0.0014095400778233356,181381.0,0.5416605696094797,146447.0,0.4373366859682077,0.0,0.0,416.0,-,-,-,-,180965.0,-,-,-,-,-,-,-,-,-,-,-,203.0,146447.0,-,-,472.0,-,-,-,-,-,-,-,-,-,577.0,-,5781.0,-,-,-,-,-,-,-,-,-,-,-,-,-,-,-,-,-
319401,87,Jashore 3,Khulna,Jashore,Jessore Sadar Upazila,True,408053.0,"Anindya Islam Amit (Bangladesh Nationalist Party (BNP)) 49.3%, Md. Abdul Qader (Bangladesh Jamaat-e-Islami (Jamaat)) 45.9%, Md. Shoaib Hossain (Islami Andolan Bangladesh (IAB)) 3.3%","Bangladesh Nationalist Party (BNP) (49.3%), Bangladesh Jamaat-e-Islami (Jamaat) (45.9%), Islami Andolan Bangladesh (IAB) (3.3%)",201339.0,0.49341384575042946,187463.0,0.4594084591952516,0.0,0.0,187463.0,0.4594084591952516,201339.0,0.49341384575042946,0.0,0.0,-,-,-,-,-,187463.0,-,-,-,-,-,-,-,-,-,-,-,-,201339.0,-,-,-,-,-,-,753.0,-,-,-,-,-,-,-,13322.0,-,-,-,-,1772.0,3404.0,-,-,-,-,-,-,-,-,-,-,-
319406,88,Jashore 4,Khulna,Jashore,"Abhaynagar Upazila, Bagerpara Upazila, Basundia Union",True,313188.0,"Md. Golam Rasool (Bangladesh Jamaat-e-Islami (Jamaat)) 56.5%, Md. Matiar Rahman Farazi (Bangladesh Nationalist Party (BNP)) 42.1%, Md. Zahurul Haque (Jatiya Party (JaPa)) 0.6%","Bangladesh Jamaat-e-Islami (Jamaat) (56.5%), Bangladesh Nationalist Party (BNP) (42.1%), Jatiya Party (JaPa) (0.6%)",131917.0,0.4212070705135573,176912.0,0.5648747717026195,0.0,0.0,177213.0,0.5658358557799149,131917.0,0.4212070705135573,0.0,0.0,-,-,-,-,-,176912.0,-,-,-,-,-,-,-,-,1510.0,-,-,-,131917.0,-,-,-,-,-,-,-,-,-,-,-,-,797.0,-,-,-,-,-,-,-,1751.0,-,-,-,301.0,-,-,-,-,-,-,-
319411,89,Jashore 5,Khulna,Jashore,"Avoynagar Upazila (partial), Monirampur Upazila (partial)",True,279441.0,"Gazi Enamul Haque (Bangladesh Jamaat-e-Islami (Jamaat)) 47.6%, Md. Iqbal Hossain (Independent Candidate (Independent)) 30.4%, Rashid Ahmad (Bangladesh Nationalist Party (BNP)) 19.6%","Bangladesh Jamaat-e-Islami (Jamaat) (47.6%), Independent Candidate (Independent) (30.4%), Bangladesh Nationalist Party (BNP) (19.6%)",54875.0,0.19637418990055147,132876.0,0.47550645753486426,0.0,0.0,132876.0,0.47550645753486426,54875.0,0.19637418990055147,0.0,0.0,-,-,-,-,-,132876.0,-,-,-,-,-,-,-,-,-,-,-,-,54875.0,-,-,-,-,-,-,-,-,-,-,-,-,85045.0,-,4400.0,-,-,-,-,-,2245.0,-,-,-,-,-,-,-,-,-,-,-
319416,90,Jashore 6,Khulna,Jashore,Keshabpur Upazila,True,175322.0,"Md. Moktar Ali (Bangladesh Jamaat-e-Islami (Jamaat)) 52.6%, Md. Abul Hossain Azad (Bangladesh Nationalist Party (BNP)) 45.7%, Md. Shahidul Islam (Islami Andolan Bangladesh (IAB)) 0.7%","Bangladesh Jamaat-e-Islami (Jamaat) (52.6%), Bangladesh Nationalist Party (BNP) (45.7%), Islami Andolan Bangladesh (IAB) (0.7%)",80141.0,0.4571074936402733,92234.0,0.5260834350509348,0.0,0.0,92906.0,0.5299163824277615,80141.0,0.4571074936402733,0.0,0.0,672.0,-,-,-,-,92234.0,-,-,-,-,-,-,-,-,-,-,-,-,80141.0,-,-,-,-,-,-,-,-,-,-,-,-,-,-,1285.0,-,-,-,-,-,990.0,-,-,-,-,-,-,-,-,-,-,-
319676,91,Magura 1,Khulna,Magura,"Magura Sadar Upazila, Shalikha Upazila",True,292560.0,"Md. Monowar Hossain (Bangladesh Nationalist Party (BNP)) 63.4%, Abdul Matin (Bangladesh Jamaat-e-Islami (Jamaat)) 30.7%, Md. Nazirul Islam (Islami Andolan Bangladesh (IAB)) 4.6%","Bangladesh Nationalist Party (BNP) (63.4%), Bangladesh Jamaat-e-Islami (Jamaat) (30.7%), Islami Andolan Bangladesh (IAB) (4.6%)",185338.0,0.6335042384468144,89691.0,0.30657301066447906,1237.0,0.004228192507519825,89691.0,0.30657301066447906,185630.0,0.6345023243095433,0.0,0.0,-,-,821.0,-,-,89691.0,-,-,-,-,-,-,-,-,-,-,-,-,185338.0,-,-,1237.0,-,-,-,-,-,-,-,-,292.0,-,-,13414.0,-,-,-,-,-,1767.0,-,-,-,-,-,-,-,-,-,-,-
319681,92,Magura 2,Khulna,Magura,"Mohammadpur Upazila, Sreepur Upazila, Magura Sadar Upazila (partial)",True,284084.0,"Nitai Roy Chowdhury (Bangladesh Nationalist Party (BNP)) 52.1%, Md. Mushtarshed Billah (Bangladesh Jamaat-e-Islami (Jamaat)) 41.2%, Mostofa Kamal (Islami Andolan Bangladesh (IAB)) 5.7%","Bangladesh Nationalist Party (BNP) (52.1%), Bangladesh Jamaat-e-Islami (Jamaat) (41.2%), Islami Andolan Bangladesh (IAB) (5.7%)",147896.0,0.5206065811520536,117018.0,0.41191337773334646,0.0,0.0,117018.0,0.41191337773334646,147896.0,0.5206065811520536,0.0,0.0,-,-,-,-,-,117018.0,-,-,-,-,-,-,-,-,-,-,-,-,147896.0,-,-,-,-,-,-,-,-,-,-,-,-,-,-,16223.0,-,-,-,-,-,2947.0,-,-,-,-,-,-,-,-,-,-,-
319866,93,Narail 1,Khulna,Narail,"Kalia Upazila (partial), Narail Sadar Upazila (partial)",True,185118.0,"Bishwas Jahangir Alam (Bangladesh Nationalist Party (BNP)) 54.0%, Md. Obaidullah (Bangladesh Jamaat-e-Islami (Jamaat)) 40.6%, Abdul Aziz (Islami Andolan Bangladesh (IAB)) 3.4%","Bangladesh Nationalist Party (BNP) (54.0%), Bangladesh Jamaat-e-Islami (Jamaat) (40.6%), Islami Andolan Bangladesh (IAB) (3.4%)",99975.0,0.5400609341068939,75225.0,0.4063624282889832,0.0,0.0,75225.0,0.4063624282889832,99975.0,0.5400609341068939,0.0,0.0,-,-,-,-,-,75225.0,-,-,-,-,-,-,-,-,-,-,-,-,99975.0,-,-,-,-,-,-,-,-,-,-,-,-,3105.0,-,6352.0,-,-,-,-,-,461.0,-,-,-,-,-,-,-,-,-,-,-
319871,94,Narail 2,Khulna,Narail,"Lohagara Upazila, Narail Sadar Upazila (partial)",True,248257.0,"Md. Ataur Rahman (Bangladesh Jamaat-e-Islami (Jamaat)) 47.6%, Md. Monirul Islam (Independent Candidate (Independent)) 31.6%, A. Z. M. Fariduzzaman (Bangladesh Nationalist Party (BNP)) 18.3%","Bangladesh Jamaat-e-Islami (Jamaat) (47.6%), Independent Candidate (Independent) (31.6%), Bangladesh Nationalist Party (BNP) (18.3%)",45463.0,0.18312877381101036,118142.0,0.47588587632977114,0.0,0.0,118142.0,0.47588587632977114,45802.0,0.18449429421929694,0.0,0.0,-,-,-,-,-,118142.0,-,-,-,-,-,-,-,-,-,-,-,-,45463.0,-,-,-,220.0,-,-,-,-,-,-,-,339.0,78676.0,-,4729.0,-,-,-,-,-,688.0,-,-,-,-,-,-,-,-,-,-,-
318651,95,Bagerhat 1,Khulna,Bagerhat,"Fakirhat Upazila, Mollahat Upazila, Chitalmari Upazila",True,244871.0,"Md. Mashiur Rahman Khan (Bangladesh Jamaat-e-Islami (Jamaat)) 48.0%, Kapil Krishna Mondal (Bangladesh Nationalist Party (BNP)) 46.7%, Md. Sheikh Masud Rana (Independent Candidate (Independent)) 2.6%","Bangladesh Jamaat-e-Islami (Jamaat) (48.0%), Bangladesh Nationalist Party (BNP) (46.7%), Independent Candidate (Independent) (2.6%)",114323.0,0.4668703113067697,117527.0,0.4799547516855814,0.0,0.0,117818.0,0.4811431325065034,114323.0,0.4668703113067697,0.0,0.0,291.0,-,-,-,-,117527.0,-,-,-,-,-,-,-,-,-,409.0,-,-,114323.0,-,-,-,-,-,-,-,-,-,-,-,-,11750.0,-,-,-,-,-,-,-,571.0,-,-,-,-,-,-,-,-,-,-,-
318656,96,Bagerhat 2,Khulna,Bagerhat,"Bagerhat Sadar Upazila, Kachua Upazila",True,237396.0,"Sheikh Manjurul Haque (Bangladesh Jamaat-e-Islami (Jamaat)) 49.6%, Sheikh Md. Zakir Hossain (Bangladesh Nationalist Party (BNP)) 28.0%, M. A. H. Selim (Independent Candidate (Independent)) 20.6%","Bangladesh Jamaat-e-Islami (Jamaat) (49.6%), Bangladesh Nationalist Party (BNP) (28.0%), Independent Candidate (Independent) (20.6%)",66409.0,0.2797393384892753,117709.0,0.49583396518896694,0.0,0.0,117709.0,0.49583396518896694,66409.0,0.2797393384892753,0.0,0.0,-,-,-,-,-,117709.0,-,-,-,-,-,-,-,-,-,-,-,-,66409.0,-,-,-,-,-,-,-,-,-,-,-,-,48965.0,-,4313.0,-,-,-,-,-,-,-,-,-,-,-,-,-,-,-,-,-
318661,97,Bagerhat 3,Khulna,Bagerhat,"Rampal Upazila, Mongla Upazila",True,190625.0,"Sheikh Faridul Islam (Bangladesh Nationalist Party (BNP)) 53.9%, Md. Abdul Wadud Sheikh (Bangladesh Jamaat-e-Islami (Jamaat)) 43.8%, Sheikh Zillur Rahman (Islami Andolan Bangladesh (IAB)) 1.9%","Bangladesh Nationalist Party (BNP) (53.9%), Bangladesh Jamaat-e-Islami (Jamaat) (43.8%), Islami Andolan Bangladesh (IAB) (1.9%)",102661.0,0.5385495081967213,83550.0,0.4382950819672131,349.0,0.0018308196721311476,83550.0,0.4382950819672131,102661.0,0.5385495081967213,0.0,0.0,-,-,-,-,-,83550.0,-,-,-,-,-,-,-,-,-,-,-,-,102661.0,-,-,-,-,-,-,-,-,-,-,-,-,425.0,-,3640.0,-,-,-,-,-,-,-,349.0,-,-,-,-,-,-,-,-,-
318666,98,Bagerhat 4,Khulna,Bagerhat,"Morrelganj Upazila, Sharankhola Upazila",True,224585.0,"Md. Abdul Alim (Bangladesh Jamaat-e-Islami (Jamaat)) 51.7%, Som Nath De (Bangladesh Nationalist Party (BNP)) 43.8%, Md. Omar Faruk (Islami Andolan Bangladesh (IAB)) 3.8%","Bangladesh Jamaat-e-Islami (Jamaat) (51.7%), Bangladesh Nationalist Party (BNP) (43.8%), Islami Andolan Bangladesh (IAB) (3.8%)",98326.0,0.4378119642896899,116067.0,0.5168065543112853,315.0,0.0014025869937885434,116067.0,0.5168065543112853,98326.0,0.4378119642896899,0.0,0.0,-,-,-,-,-,116067.0,-,-,-,-,-,-,-,-,-,-,-,-,98326.0,-,-,-,-,-,-,-,-,-,-,-,-,229.0,-,8501.0,-,-,-,-,-,1147.0,-,-,315.0,-,-,-,-,-,-,-,-
319491,99,Khulna 1,Khulna,Khulna,"Batiaghata Upazila, Dacope Upazila",True,206507.0,"Amir Ejaz Khan (Bangladesh Nationalist Party (BNP)) 58.8%, Krishna Nandi (Bangladesh Jamaat-e-Islami (Jamaat)) 34.1%, Md. Abu Sayed (Islami Andolan Bangladesh (IAB)) 2.7%","Bangladesh Nationalist Party (BNP) (58.8%), Bangladesh Jamaat-e-Islami (Jamaat) (34.1%), Islami Andolan Bangladesh (IAB) (2.7%)",121352.0,0.5876410969119691,70346.0,0.34064704828407755,513.0,0.0024841772918109315,70346.0,0.34064704828407755,121436.0,0.5880478627843124,0.0,0.0,-,-,-,-,881.0,70346.0,-,-,-,-,-,-,-,-,567.0,-,-,-,121352.0,-,-,-,-,169.0,-,4742.0,-,-,-,-,84.0,1604.0,-,5619.0,-,-,-,-,-,630.0,-,513.0,-,-,-,-,-,-,-,-,-
319496,100,Khulna 2,Khulna,Khulna,"Khulna City Corporation (Wards 9-14, 16-24, 27-31)",True,189284.0,"Sheikh Jahangir Hossain Helal (Bangladesh Jamaat-e-Islami (Jamaat)) 49.5%, Nazrul Islam Manju (Bangladesh Nationalist Party (BNP)) 46.6%, Amanullah (Islami Andolan Bangladesh (IAB)) 3.9%","Bangladesh Jamaat-e-Islami (Jamaat) (49.5%), Bangladesh Nationalist Party (BNP) (46.6%), Islami Andolan Bangladesh (IAB) (3.9%)",88197.0,0.4659506350246191,93789.0,0.4954935440924748,0.0,0.0,93789.0,0.4954935440924748,88197.0,0.4659506350246191,0.0,0.0,-,-,-,-,-,93789.0,-,-,-,-,-,-,-,-,-,-,-,-,88197.0,-,-,-,-,-,-,-,-,-,-,-,-,-,-,7298.0,-,-,-,-,-,-,-,-,-,-,-,-,-,-,-,-,-
319501,101,Khulna 3,Khulna,Khulna,"Khulna City Corporation (Wards 1-8, 15, 25, 26, 32), Khanjahan Ali Police Station Area, Dighalia Upazila (partial)",True,149104.0,"Rakibul Islam (Bangladesh Nationalist Party (BNP)) 50.2%, Md. Mahfuzur Rahman (Bangladesh Jamaat-e-Islami (Jamaat)) 44.3%, Md. A. A. Auwal (Islami Andolan Bangladesh (IAB)) 3.8%","Bangladesh Nationalist Party (BNP) (50.2%), Bangladesh Jamaat-e-Islami (Jamaat) (44.3%), Islami Andolan Bangladesh (IAB) (3.8%)",74845.0,0.5019650713595879,66010.0,0.4427111278034124,246.0,0.001649855134671102,66010.0,0.4427111278034124,74845.0,0.5019650713595879,0.0,0.0,-,-,-,-,-,66010.0,-,-,-,-,-,-,-,-,-,-,-,-,74845.0,-,-,246.0,-,-,-,-,-,-,-,-,-,1087.0,-,5705.0,-,-,-,-,-,1070.0,-,-,-,-,-,-,-,141.0,-,-,-
319506,102,Khulna 4,Khulna,Khulna,"Dighalia Upazila (partial), Rupsa Upazila, Terokhada Upazila",True,246896.0,"S. K. Azizul Bari (Bangladesh Nationalist Party (BNP)) 49.9%, S. M. Sakhaowat Hossain (Khelafat Majlis) 44.4%, Yunus Ahmed Sheikh (Islami Andolan Bangladesh (IAB)) 5.4%","Bangladesh Nationalist Party (BNP) (49.9%), Khelafat Majlis (44.4%), Islami Andolan Bangladesh (IAB) (5.4%)",123162.0,0.49884161752316764,0.0,0.0,0.0,0.0,109530.0,0.443628086319746,123162.0,0.49884161752316764,0.0,0.0,-,-,-,-,-,-,-,-,-,-,-,-,-,-,-,-,-,-,123162.0,-,-,-,-,-,-,-,-,-,-,-,-,859.0,-,13345.0,-,-,-,-,-,-,-,-,-,109530.0,-,-,-,-,-,-,-
319511,103,Khulna 5,Khulna,Khulna,"Dumuria Upazila, Fultala Upazila",True,298209.0,"Md. Ali Asgar (Bangladesh Nationalist Party (BNP)) 49.9%, Mia Golam Parwar (Bangladesh Jamaat-e-Islami (Jamaat)) 49.0%, Chitta Ranjan Goldar (Communist Party of Bangladesh (CPB)) 0.6%","Bangladesh Nationalist Party (BNP) (49.9%), Bangladesh Jamaat-e-Islami (Jamaat) (49.0%), Communist Party of Bangladesh (CPB) (0.6%)",148854.0,0.49915998511111337,146246.0,0.49041444087871255,0.0,0.0,146246.0,0.49041444087871255,148854.0,0.49915998511111337,0.0,0.0,-,-,-,-,-,146246.0,-,-,-,-,-,-,-,-,-,-,-,-,148854.0,-,-,-,-,-,-,1790.0,-,-,-,-,-,-,-,-,-,-,-,-,-,1319.0,-,-,-,-,-,-,-,-,-,-,-
319516,104,Khulna 6,Khulna,Khulna,"Koyra Upazila, Paikgacha Upazila",True,282672.0,"Md. Abul Kalam Azad (Bangladesh Jamaat-e-Islami (Jamaat)) 53.3%, S. M. Monirul Hasan (Bangladesh Nationalist Party (BNP)) 44.1%, Md. Asadullah Fakir (Islami Andolan Bangladesh (IAB)) 1.0%","Bangladesh Jamaat-e-Islami (Jamaat) (53.3%), Bangladesh Nationalist Party (BNP) (44.1%), Islami Andolan Bangladesh (IAB) (1.0%)",124710.0,0.4411827135337069,150724.0,0.5332116375162733,0.0,0.0,150724.0,0.5332116375162733,124710.0,0.4411827135337069,0.0,0.0,-,-,-,-,-,150724.0,-,-,-,-,-,-,-,-,-,-,-,-,124710.0,-,-,-,-,-,-,1571.0,-,-,-,-,-,-,-,2950.0,-,-,-,-,-,2717.0,-,-,-,-,-,-,-,-,-,-,-
320241,105,Satkhira 1,Khulna,Satkhira,"Kalaroa Upazila, Tala Upazila",True,369097.0,"Md. Izzat Ullah (Bangladesh Jamaat-e-Islami (Jamaat)) 52.5%, Md. Habibul Islam Habib (Bangladesh Nationalist Party (BNP)) 46.1%, Ziaur Rahman (Jatiya Party (JaPa)) 0.7%","Bangladesh Jamaat-e-Islami (Jamaat) (52.5%), Bangladesh Nationalist Party (BNP) (46.1%), Jatiya Party (JaPa) (0.7%)",169995.0,0.4605699856677242,193772.0,0.524989365939035,0.0,0.0,193772.0,0.524989365939035,169995.0,0.4605699856677242,0.0,0.0,-,-,715.0,-,-,193772.0,-,-,-,-,-,-,-,-,-,-,-,-,169995.0,-,-,-,-,-,-,-,-,-,-,-,-,-,-,2071.0,-,-,-,-,-,2544.0,-,-,-,-,-,-,-,-,-,-,-
320246,106,Satkhira 2,Khulna,Satkhira,Satkhira Sadar Upazila,True,389823.0,"Md. Abdul Khalek (Bangladesh Jamaat-e-Islami (Jamaat)) 68.5%, Md. Abdur Rauf (Bangladesh Nationalist Party (BNP)) 29.8%, Md. Ashrafuzzaman (Jatiya Party (JaPa)) 1.1%","Bangladesh Jamaat-e-Islami (Jamaat) (68.5%), Bangladesh Nationalist Party (BNP) (29.8%), Jatiya Party (JaPa) (1.1%)",116293.0,0.29832257203910495,266959.0,0.684821059814326,317.0,0.0008131895757818292,266959.0,0.684821059814326,116293.0,0.29832257203910495,0.0,0.0,-,-,-,-,-,266959.0,-,-,317.0,-,-,-,-,-,-,-,-,-,116293.0,-,-,-,-,-,-,-,-,-,-,-,-,-,-,1976.0,-,-,-,-,-,4278.0,-,-,-,-,-,-,-,-,-,-,-
320251,107,Satkhira 3,Khulna,Satkhira,"Ashashuni Upazila, Debhata Upazila, Shyamnagar Upazila (partial)",True,350233.0,"Hafez Md. Rabiul Bashar (Bangladesh Jamaat-e-Islami (Jamaat)) 52.6%, Md. Shahidul Alam (Independent Candidate (Independent)) 30.1%, Kazi Alauddin (Bangladesh Nationalist Party (BNP)) 16.2%","Bangladesh Jamaat-e-Islami (Jamaat) (52.6%), Independent Candidate (Independent) (30.1%), Bangladesh Nationalist Party (BNP) (16.2%)",56819.0,0.16223199984010644,184233.0,0.5260298144378172,0.0,0.0,184233.0,0.5260298144378172,56819.0,0.16223199984010644,0.0,0.0,-,-,-,-,-,184233.0,-,-,-,-,-,-,-,-,583.0,-,-,-,56819.0,-,-,-,-,-,-,-,-,-,-,-,-,105379.0,-,2497.0,-,-,-,-,-,722.0,-,-,-,-,-,-,-,-,-,-,-
320256,108,Satkhira 4,Khulna,Satkhira,"Kaliganj Upazila, Shyamnagar Upazila (partial)",True,198383.0,"G. M. Nazrul Islam (Bangladesh Jamaat-e-Islami (Jamaat)) 53.9%, Md. Moniruzzaman (Bangladesh Nationalist Party (BNP)) 43.1%, S. M. Mostafa Al Mamun (Islami Andolan Bangladesh (IAB)) 2.5%","Bangladesh Jamaat-e-Islami (Jamaat) (53.9%), Bangladesh Nationalist Party (BNP) (43.1%), Islami Andolan Bangladesh (IAB) (2.5%)",85426.0,0.4306114939284112,106913.0,0.5389221858727814,0.0,0.0,106913.0,0.5389221858727814,85426.0,0.4306114939284112,0.0,0.0,-,-,-,-,-,106913.0,-,-,-,-,-,-,-,-,-,-,-,-,85426.0,-,-,-,-,-,-,-,-,-,-,-,-,-,-,4902.0,-,-,-,-,-,1142.0,-,-,-,-,-,-,-,-,-,-,-
318686,109,Barguna 1,Barishal,Barguna,"Barguna Sadar Upazila, Amtali Upazila, Taltali Upazila",True,283649.0,"Md. Ali Ullah (Islami Andolan Bangladesh (IAB)) 49.5%, Md. Nazrul Islam Molla (Bangladesh Nationalist Party (BNP)) 48.0%, Md. Jahangir Hossain (Khelafat Majlis) 2.2%","Islami Andolan Bangladesh (IAB) (49.5%), Bangladesh Nationalist Party (BNP) (48.0%), Khelafat Majlis (2.2%)",136145.0,0.47997701384457553,0.0,0.0,0.0,0.0,6232.0,0.02197081604377241,136145.0,0.47997701384457553,0.0,0.0,-,-,-,-,-,-,-,-,-,-,-,-,-,-,-,-,-,-,136145.0,-,-,-,-,-,-,-,-,-,-,-,-,-,-,140291.0,-,-,-,-,-,-,981.0,-,-,6232.0,-,-,-,-,-,-,-
318691,110,Barguna 2,Barishal,Barguna,"Bamna Upazila, Patharghata Upazila, Betagi Upazila",True,194622.0,"Md. Nurul Islam (Bangladesh Nationalist Party (BNP)) 46.6%, Sultan Ahmed (Bangladesh Jamaat-e-Islami (Jamaat)) 43.8%, Md. Mizanur Rahman (Islami Andolan Bangladesh (IAB)) 8.5%","Bangladesh Nationalist Party (BNP) (46.6%), Bangladesh Jamaat-e-Islami (Jamaat) (43.8%), Islami Andolan Bangladesh (IAB) (8.5%)",90643.0,0.4657387140199977,85247.0,0.43801317425573677,0.0,0.0,85247.0,0.43801317425573677,90643.0,0.4657387140199977,0.0,0.0,-,-,219.0,-,-,85247.0,-,115.0,-,-,-,-,-,-,-,-,-,-,90643.0,-,-,-,-,-,-,-,-,-,-,-,-,298.0,-,16463.0,-,-,-,-,-,1248.0,-,-,-,-,-,-,95.0,294.0,-,-,-
320101,111,Patuakhali 1,Barishal,Patuakhali,"Patuakhali Sadar Upazila, Mirzaganj Upazila, Dumki Upazila",True,258994.0,"Altaf Hossain Chowdhury (Bangladesh Nationalist Party (BNP)) 58.7%, Md. Firoz Alam (Islami Andolan Bangladesh (IAB)) 22.5%, Md. Abdul Ohab (Amar Bangladesh Party (AB)) 17.8%","Bangladesh Nationalist Party (BNP) (58.7%), Islami Andolan Bangladesh (IAB) (22.5%), Amar Bangladesh Party (AB) (17.8%)",152087.0,0.5872220978092156,0.0,0.0,1334.0,0.005150698471779269,46010.0,0.17764890306339143,152434.0,0.5885618971868074,0.0,0.0,46010.0,-,-,-,-,-,-,-,1334.0,-,-,-,-,-,-,-,-,-,152087.0,-,-,-,-,-,-,-,-,-,-,-,347.0,-,-,58161.0,-,-,-,-,-,1055.0,-,-,-,-,-,-,-,-,-,-,-
320106,112,Patuakhali 2,Barishal,Patuakhali,Bauphal Upazila,True,188607.0,"Md. Shafiqul Islam (Bangladesh Jamaat-e-Islami (Jamaat)) 53.4%, Md. Shahidul Alam Talukdar (Bangladesh Nationalist Party (BNP)) 38.5%, Malek Hossain (Islami Andolan Bangladesh (IAB)) 7.6%","Bangladesh Jamaat-e-Islami (Jamaat) (53.4%), Bangladesh Nationalist Party (BNP) (38.5%), Islami Andolan Bangladesh (IAB) (7.6%)",72676.0,0.38533034298833024,100750.0,0.5341795373448494,0.0,0.0,101160.0,0.5363533697052602,73029.0,0.3872019596303425,0.0,0.0,410.0,-,-,-,-,100750.0,-,-,-,-,-,-,-,-,-,-,-,-,72676.0,-,-,-,-,-,-,-,-,-,-,-,353.0,-,-,14418.0,-,-,-,-,-,-,-,-,-,-,-,-,-,-,-,-,-
320111,113,Patuakhali 3,Barishal,Patuakhali,"Dashmina Upazila, Galachipa Upazila",True,234105.0,"Md. Nurul Haque (Gono Odhikar Parishad (GOP)) 41.6%, Md. Hasan Mamun (Independent Candidate (Independent)) 34.8%, Md. Abu Bakar Siddiqui (Islami Andolan Bangladesh (IAB)) 16.3%","Gono Odhikar Parishad (GOP) (41.6%), Independent Candidate (Independent) (34.8%), Islami Andolan Bangladesh (IAB) (16.3%)",0.0,0.0,16255.0,0.06943465538967557,0.0,0.0,16255.0,0.06943465538967557,97323.0,0.4157237137182034,0.0,0.0,-,-,-,-,-,16255.0,-,-,-,-,-,-,-,-,-,-,-,-,-,-,-,-,-,-,-,-,-,-,-,-,97323.0,82339.0,-,38188.0,-,-,-,-,-,-,-,-,-,-,-,-,-,-,-,-,-
320116,114,Patuakhali 4,Barishal,Patuakhali,"Kolapara Upazila, Rangabali Upazila",True,209327.0,"A. B. M. Mosharraf Hossain (Bangladesh Nationalist Party (BNP)) 59.2%, Mostafizur Rahman (Islami Andolan Bangladesh (IAB)) 33.5%, Zahir Uddin Ahmed (Khelafat Majlis) 7.2%","Bangladesh Nationalist Party (BNP) (59.2%), Islami Andolan Bangladesh (IAB) (33.5%), Khelafat Majlis (7.2%)",124013.0,0.5924367138496228,0.0,0.0,0.0,0.0,14985.0,0.071586560739895,124215.0,0.5934017111982688,0.0,0.0,-,-,-,-,-,-,-,-,-,-,-,-,-,-,-,-,-,-,124013.0,-,-,-,-,-,-,-,-,-,-,-,202.0,-,-,70127.0,-,-,-,-,-,-,-,-,-,14985.0,-,-,-,-,-,-,-
318736,115,Bhola 1,Barishal,Bhola,Bhola Sadar Upazila,True,208481.0,"Andaleeve Rahman (Bangladesh Jatiya Party (BJP)) 50.6%, Md. Nazrul Islam (Bangladesh Jamaat-e-Islami (Jamaat)) 36.1%, Md. Obaidur Rahman (Islami Andolan Bangladesh (IAB)) 12.1%","Bangladesh Jatiya Party (BJP) (50.6%), Bangladesh Jamaat-e-Islami (Jamaat) (36.1%), Islami Andolan Bangladesh (IAB) (12.1%)",0.0,0.0,75337.0,0.36136146699219596,0.0,0.0,75337.0,0.36136146699219596,1103.0,0.00529064998728901,0.0,0.0,-,-,-,-,-,75337.0,105543.0,-,-,-,-,-,-,-,-,-,-,-,-,-,-,-,-,-,-,-,-,-,-,-,1103.0,134.0,-,25245.0,-,303.0,-,-,-,599.0,-,-,-,-,-,-,217.0,-,-,-,-
318741,116,Bhola 2,Barishal,Bhola,"Daulatkhan Upazila, Borhanuddin Upazila",True,215422.0,"Md. Hafiz Ibrahim (Bangladesh Nationalist Party (BNP)) 55.3%, Md. Fazlul Karim (Bangladesh Jamaat-e-Islami (Jamaat)) 43.5%, Md. Zakir Hossain Khandaker (Independent Candidate (Independent)) 0.3%","Bangladesh Nationalist Party (BNP) (55.3%), Bangladesh Jamaat-e-Islami (Jamaat) (43.5%), Independent Candidate (Independent) (0.3%)",119085.0,0.5527986927983214,93703.0,0.43497414377361643,0.0,0.0,94084.0,0.43674276536286916,119085.0,0.5527986927983214,0.0,0.0,-,370.0,-,-,-,93703.0,-,-,-,-,-,-,-,381.0,-,-,-,-,119085.0,-,-,-,-,-,-,-,-,-,-,-,-,1433.0,-,-,-,-,-,-,-,450.0,-,-,-,-,-,-,-,-,-,-,-
318746,117,Bhola 3,Barishal,Bhola,"Lalmohan Upazila, Tazumuddin Upazila",True,212153.0,"Hafiz Uddin Ahmed Bir Bikram (Bangladesh Nationalist Party (BNP)) 68.8%, Md. Nizamul Haque (Bangladesh Development Party (BDP)) 27.0%, Md. Mosleh Uddin (Islami Andolan Bangladesh (IAB)) 3.4%","Bangladesh Nationalist Party (BNP) (68.8%), Bangladesh Development Party (BDP) (27.0%), Islami Andolan Bangladesh (IAB) (3.4%)",145990.0,0.6881354494162232,0.0,0.0,0.0,0.0,57351.0,0.2703284893449539,146250.0,0.6893609800474186,0.0,0.0,-,-,-,57351.0,-,-,-,-,-,-,-,-,-,-,-,-,-,-,145990.0,-,-,-,-,-,-,-,-,-,-,-,260.0,508.0,-,7255.0,-,-,-,-,-,789.0,-,-,-,-,-,-,-,-,-,-,-
318751,118,Bhola 4,Barishal,Bhola,"Char Fasson Upazila, Manpura Upazila",True,297387.0,"Md. Nurul Islam (Bangladesh Nationalist Party (BNP)) 63.7%, Md. Mostofa Kamal (Bangladesh Jamaat-e-Islami (Jamaat)) 27.6%, Abul Mokarram Md. Kamal Uddin (Islami Andolan Bangladesh (IAB)) 8.4%","Bangladesh Nationalist Party (BNP) (63.7%), Bangladesh Jamaat-e-Islami (Jamaat) (27.6%), Islami Andolan Bangladesh (IAB) (8.4%)",189351.0,0.6367157945707109,81937.0,0.27552313988170296,0.0,0.0,81937.0,0.27552313988170296,189351.0,0.6367157945707109,0.0,0.0,-,176.0,-,-,-,81937.0,-,-,-,-,-,-,-,-,-,-,-,-,189351.0,-,-,-,-,-,-,-,-,-,-,-,-,235.0,-,24935.0,-,-,-,-,-,545.0,-,-,-,-,-,-,-,208.0,-,-,-
318701,119,Barishal 1,Barishal,Barishal,"Gournadi Upazila, Agailjhara Upazila",True,199585.0,"Zahir Uddin Swapon (Bangladesh Nationalist Party (BNP)) 50.4%, Md. Kamrul Islam Khan (Bangladesh Jamaat-e-Islami (Jamaat)) 23.2%, Abdus Sobhan (Independent Candidate (Independent)) 22.1%","Bangladesh Nationalist Party (BNP) (50.4%), Bangladesh Jamaat-e-Islami (Jamaat) (23.2%), Independent Candidate (Independent) (22.1%)",100552.0,0.503805396197109,46263.0,0.23179597665155197,0.0,0.0,46263.0,0.23179597665155197,100552.0,0.503805396197109,0.0,0.0,-,-,-,-,-,46263.0,-,-,-,-,-,-,-,-,-,-,-,-,100552.0,-,-,-,-,-,-,-,-,-,-,-,-,44188.0,-,6846.0,-,-,-,-,-,-,1736.0,-,-,-,-,-,-,-,-,-,-
318706,120,Barishal 2,Barishal,Barishal,"Wazirpur Upazila, Banaripara Upazila",True,230273.0,"Sardar Sarfuddin Ahmed (Bangladesh Nationalist Party (BNP)) 61.5%, Abdul Mannan (Bangladesh Jamaat-e-Islami (Jamaat)) 33.9%, Md. Nesar Uddin (Islami Andolan Bangladesh (IAB)) 2.6%","Bangladesh Nationalist Party (BNP) (61.5%), Bangladesh Jamaat-e-Islami (Jamaat) (33.9%), Islami Andolan Bangladesh (IAB) (2.6%)",141622.0,0.6150178266666088,78082.0,0.33908447798916935,135.0,0.0005862606558302536,78082.0,0.33908447798916935,142322.0,0.6180576967338768,0.0,0.0,-,-,-,-,-,78082.0,-,-,135.0,-,-,-,-,-,-,-,-,-,141622.0,-,-,-,-,-,-,-,-,-,-,-,700.0,-,-,6021.0,-,-,-,-,-,1199.0,2329.0,-,-,-,-,-,185.0,-,-,-,-
318711,121,Barishal 3,Barishal,Barishal,"Babuganj Upazila, Muladi Upazila",True,173705.0,"Zainul Abedin (Bangladesh Nationalist Party (BNP)) 46.6%, Md. Asaduzzaman Bhuiya (Amar Bangladesh Party (AB)) 35.2%, Md. Sirajul Islam (Islami Andolan Bangladesh (IAB)) 9.4%","Bangladesh Nationalist Party (BNP) (46.6%), Amar Bangladesh Party (AB) (35.2%), Islami Andolan Bangladesh (IAB) (9.4%)",80930.0,0.4659048386632509,0.0,0.0,214.0,0.001231973748596759,61192.0,0.3522754094585648,81790.0,0.4708557612043407,0.0,0.0,61192.0,-,-,-,-,-,-,-,-,-,-,-,-,-,-,-,-,-,80930.0,-,-,214.0,-,-,-,-,-,-,-,-,860.0,-,-,16325.0,-,-,-,-,-,14184.0,-,-,-,-,-,-,-,-,-,-,-
318716,122,Barishal 4,Barishal,Barishal,"Hizla Upazila, Mehendiganj Upazila",True,240506.0,"Md. Rajib Ahsan (Bangladesh Nationalist Party (BNP)) 53.4%, Md. Abdul Jabbar (Bangladesh Jamaat-e-Islami (Jamaat)) 31.1%, Syed Eshak Md. Abul Khayer (Islami Andolan Bangladesh (IAB)) 15.3%","Bangladesh Nationalist Party (BNP) (53.4%), Bangladesh Jamaat-e-Islami (Jamaat) (31.1%), Islami Andolan Bangladesh (IAB) (15.3%)",128322.0,0.5335500985422401,74684.0,0.310528635460238,334.0,0.001388738742484595,74684.0,0.310528635460238,128322.0,0.5335500985422401,0.0,0.0,-,-,-,-,-,74684.0,-,-,334.0,-,-,-,-,-,-,-,-,-,128322.0,-,-,-,413.0,-,-,-,-,-,-,-,-,-,-,36753.0,-,-,-,-,-,-,-,-,-,-,-,-,-,-,-,-,-
318721,123,Barishal 5,Barishal,Barishal,Barisal Sadar Upazila,True,254379.0,"Md. Mojibur Rahman Sarwar (Bangladesh Nationalist Party (BNP)) 53.1%, Mufti Syed Md. Faizul Karim (Islami Andolan Bangladesh (IAB)) 37.4%, Monisha Chakraborty (Bangladesh Samajtantrik Dal (Basad)) 8.8%","Bangladesh Nationalist Party (BNP) (53.1%), Islami Andolan Bangladesh (IAB) (37.4%), Bangladesh Samajtantrik Dal (Basad) (8.8%)",135146.0,0.5312781322357585,0.0,0.0,22486.0,0.0883956615915622,0.0,0.0,135146.0,0.5312781322357585,0.0,0.0,-,-,-,-,-,-,-,-,-,-,-,-,-,-,-,-,-,-,135146.0,-,-,22486.0,-,-,-,-,-,-,-,-,-,-,-,95044.0,-,-,-,-,-,909.0,-,-,-,-,-,-,494.0,-,-,300.0,-
318726,124,Barishal 6,Barishal,Barishal,Bakerganj Upazila,True,168100.0,"Abul Hossain Khan (Bangladesh Nationalist Party (BNP)) 48.9%, Md. Mahmudun Nabi (Bangladesh Jamaat-e-Islami (Jamaat)) 33.3%, Mufti Syed Md. Faizul Karim (Islami Andolan Bangladesh (IAB)) 17.3%","Bangladesh Nationalist Party (BNP) (48.9%), Bangladesh Jamaat-e-Islami (Jamaat) (33.3%), Islami Andolan Bangladesh (IAB) (17.3%)",82217.0,0.4890957763236169,55988.0,0.3330636525877454,0.0,0.0,55988.0,0.3330636525877454,82356.0,0.48992266508030935,0.0,0.0,-,-,-,-,-,55988.0,-,-,-,-,-,-,-,-,-,244.0,-,-,82217.0,-,-,-,-,-,-,-,-,-,-,-,139.0,366.0,-,29146.0,-,-,-,-,-,-,-,-,-,-,-,-,-,-,-,-,-
319426,125,Jhalokathi 1,Barishal,Jhalokathi,"Rajapur Upazila, Kathalia Upazila",True,126438.0,"Rafiqul Islam Jamal (Bangladesh Nationalist Party (BNP)) 49.0%, Faizul Haq (Bangladesh Jamaat-e-Islami (Jamaat)) 43.6%, Ibrahim (Islami Andolan Bangladesh (IAB)) 6.1%","Bangladesh Nationalist Party (BNP) (49.0%), Bangladesh Jamaat-e-Islami (Jamaat) (43.6%), Islami Andolan Bangladesh (IAB) (6.1%)",62010.0,0.4904380012338063,55120.0,0.4359448899856056,110.0,0.0008699916164444234,55120.0,0.4359448899856056,62142.0,0.4914819911735396,0.0,0.0,-,-,-,-,-,55120.0,-,-,-,-,-,-,-,-,-,-,-,-,62010.0,-,-,-,-,-,-,-,-,-,-,-,132.0,938.0,-,7744.0,-,-,-,63.0,-,321.0,-,110.0,-,-,-,-,-,-,-,-,-
319431,126,Jhalokathi 2,Barishal,Jhalokathi,"Jhalokati Sadar Upazila, Nalchity Upazila",True,212164.0,"Israt Sultana Elen Bhutto (Bangladesh Nationalist Party (BNP)) 53.5%, S. M. Neyamul Karim (Bangladesh Jamaat-e-Islami (Jamaat)) 33.3%, Md. Sirajul Islam Siraji (Islami Andolan Bangladesh (IAB)) 11.6%","Bangladesh Nationalist Party (BNP) (53.5%), Bangladesh Jamaat-e-Islami (Jamaat) (33.3%), Islami Andolan Bangladesh (IAB) (11.6%)",113419.0,0.5345817386550027,70556.0,0.3325540619520748,105.0,0.0004949001715653928,70556.0,0.3325540619520748,113631.0,0.5355809656680681,0.0,0.0,-,-,-,-,-,70556.0,-,-,-,-,-,-,-,-,-,-,-,-,113419.0,-,-,-,-,-,-,-,-,-,-,-,212.0,3202.0,-,24543.0,-,-,-,-,-,-,-,105.0,-,-,-,-,127.0,-,-,-,-
320126,127,Pirojpur 1,Barishal,Pirojpur,"Pirojpur Sadar Upazila, Nesarabad (Swarupkati) Upazila",True,239764.0,"Masud Sayeedi (Bangladesh Jamaat-e-Islami (Jamaat)) 55.3%, Alamgir Hossain (Bangladesh Nationalist Party (BNP)) 44.7%","Bangladesh Jamaat-e-Islami (Jamaat) (55.3%), Bangladesh Nationalist Party (BNP) (44.7%)",107105.0,0.4467100982632922,132659.0,0.5532899017367078,0.0,0.0,132659.0,0.5532899017367078,107105.0,0.4467100982632922,0.0,0.0,-,-,-,-,-,132659.0,-,-,-,-,-,-,-,-,-,-,-,-,107105.0,-,-,-,-,-,-,-,-,-,-,-,-,-,-,-,-,-,-,-,-,-,-,-,-,-,-,-,-,-,-,-,-
320131,128,Pirojpur 2,Barishal,Pirojpur,"Kawkhali Upazila, Bhandaria Upazila, Indurkani Upazila",True,230238.0,"Ahmed Sohail Manzur (Bangladesh Nationalist Party (BNP)) 45.7%, Shamim Saeedi (Bangladesh Jamaat-e-Islami (Jamaat)) 42.1%, Mahmud Hossain (Independent Candidate (Independent)) 7.0%","Bangladesh Nationalist Party (BNP) (45.7%), Bangladesh Jamaat-e-Islami (Jamaat) (42.1%), Independent Candidate (Independent) (7.0%)",105185.0,0.4568533430623963,96897.0,0.42085581007479217,0.0,0.0,97287.0,0.4225497094311104,105330.0,0.45748312615641207,0.0,0.0,390.0,-,-,-,-,96897.0,-,-,-,-,-,-,-,-,-,-,-,-,105185.0,-,-,-,-,-,-,-,-,-,-,-,145.0,16219.0,-,6697.0,-,-,-,-,-,4705.0,-,-,-,-,-,-,-,-,-,-,-
320136,129,Pirojpur 3,Barishal,Pirojpur,Mathbaria Upazila,True,136987.0,"Md. Ruhul Amin Dulal (Bangladesh Nationalist Party (BNP)) 46.6%, Md. Shamim Hamidi (National Citizen Party (NCP)) 26.7%, Md. Rustam Ali Farazi (Islami Andolan Bangladesh (IAB)) 26.3%","Bangladesh Nationalist Party (BNP) (46.6%), National Citizen Party (NCP) (26.7%), Islami Andolan Bangladesh (IAB) (26.3%)",63791.0,0.4656719250731821,0.0,0.0,212.0,0.0015475921072802528,36616.0,0.26729543679327233,63791.0,0.4656719250731821,0.0,0.0,-,-,-,-,-,-,-,-,212.0,-,-,-,-,-,-,-,-,-,63791.0,-,-,-,-,-,-,-,-,-,-,-,-,231.0,-,35968.0,-,-,-,-,-,169.0,-,-,-,-,-,36616.0,-,-,-,-,-
320406,130,Tangail 1,Dhaka,Tangail,"Madhupur Upazila, Dhanbari Upazila",True,281301.0,"Fakir Mahbub Anam (Bangladesh Nationalist Party (BNP)) 54.7%, Md. Abdullah Kafi (Bangladesh Jamaat-e-Islami (Jamaat)) 33.6%, Md. Asadul Islam (Independent Candidate (Independent)) 10.0%","Bangladesh Nationalist Party (BNP) (54.7%), Bangladesh Jamaat-e-Islami (Jamaat) (33.6%), Independent Candidate (Independent) (10.0%)",153932.0,0.5472145495394612,94462.0,0.33580399643086944,0.0,0.0,94462.0,0.33580399643086944,153932.0,0.5472145495394612,0.0,0.0,-,-,-,-,-,94462.0,-,-,-,-,-,-,-,-,-,-,-,-,153932.0,-,-,-,-,-,-,-,-,-,-,-,-,28982.0,-,1731.0,-,-,-,-,-,2194.0,-,-,-,-,-,-,-,-,-,-,-
320411,131,Tangail 2,Dhaka,Tangail,"Gopalpur Upazila, Bhuapur Upazila",True,265715.0,"Md. Abdus Salam Pintu (Bangladesh Nationalist Party (BNP)) 74.6%, Md. Humayun Kabir (Bangladesh Jamaat-e-Islami (Jamaat)) 22.9%, Md. Monowar Hossain Sagar (Islami Andolan Bangladesh (IAB)) 1.8%","Bangladesh Nationalist Party (BNP) (74.6%), Bangladesh Jamaat-e-Islami (Jamaat) (22.9%), Islami Andolan Bangladesh (IAB) (1.8%)",198213.0,0.7459608979545754,60871.0,0.22908379278550325,0.0,0.0,60871.0,0.22908379278550325,198213.0,0.7459608979545754,0.0,0.0,-,-,-,-,-,60871.0,-,-,-,-,-,-,-,-,-,-,-,-,198213.0,-,-,-,-,-,-,-,-,-,-,-,-,-,-,4777.0,-,-,-,-,-,1854.0,-,-,-,-,-,-,-,-,-,-,-
320416,132,Tangail 3,Dhaka,Tangail,Ghatail Upazila,True,334246.0,"Md. Lutfar Rahman Khan Azad (Independent Candidate (Independent)) 32.3%, Md. Rezaul Karim (Islami Andolan Bangladesh (IAB)) 32.3%, Sm Obaidul Haque (Bangladesh Nationalist Party (BNP)) 24.8%","Independent Candidate (Independent) (32.3%), Islami Andolan Bangladesh (IAB) (32.3%), Bangladesh Nationalist Party (BNP) (24.8%)",82769.0,0.24762899182039574,0.0,0.0,0.0,0.0,34588.0,0.10348066992574331,82769.0,0.24762899182039574,0.0,0.0,-,-,-,-,-,-,-,-,-,-,-,-,-,-,-,-,-,-,82769.0,-,-,-,-,-,-,-,-,-,-,-,-,108988.0,-,107901.0,-,-,-,-,-,-,-,-,-,-,-,34588.0,-,-,-,-,-
320421,133,Tangail 4,Dhaka,Tangail,Kalihati Upazila,True,224775.0,"Md. Lutfar Rahman (Bangladesh Nationalist Party (BNP)) 46.9%, Abdul Latif Siddiqui (Independent Candidate (Independent)) 27.8%, Khandaker Abdur Razzak (Bangladesh Jamaat-e-Islami (Jamaat)) 22.3%","Bangladesh Nationalist Party (BNP) (46.9%), Independent Candidate (Independent) (27.8%), Bangladesh Jamaat-e-Islami (Jamaat) (22.3%)",105342.0,0.46865532198865534,50192.0,0.22329885440996552,0.0,0.0,50192.0,0.22329885440996552,105342.0,0.46865532198865534,0.0,0.0,-,-,-,-,-,50192.0,-,-,-,-,-,-,-,-,-,-,-,-,105342.0,-,-,-,-,-,-,-,-,-,-,-,-,66661.0,-,1822.0,-,-,-,-,-,758.0,-,-,-,-,-,-,-,-,-,-,-
320426,134,Tangail 5,Dhaka,Tangail,Tangail Sadar Upazila,True,288080.0,"Sultan Saladin Tuku (Bangladesh Nationalist Party (BNP)) 45.6%, Ahsan Habib (Bangladesh Jamaat-e-Islami (Jamaat)) 27.9%, Md. Farhad Iqbal (Independent Candidate (Independent)) 24.1%","Bangladesh Nationalist Party (BNP) (45.6%), Bangladesh Jamaat-e-Islami (Jamaat) (27.9%), Independent Candidate (Independent) (24.1%)",131279.0,0.4557032768675368,80283.0,0.27868300472091084,1313.0,0.004557761732851985,80283.0,0.27868300472091084,131763.0,0.4573833657317412,0.0,0.0,-,-,109.0,-,-,80283.0,-,-,-,-,-,-,-,-,-,-,-,-,131279.0,-,-,-,-,-,1189.0,-,-,221.0,-,-,263.0,69408.0,-,2600.0,-,-,-,-,-,1636.0,-,1092.0,-,-,-,-,-,-,-,-,-
320431,135,Tangail 6,Dhaka,Tangail,"Nagarpur Upazila, Delduar Upazila",True,277746.0,"Md. Rabiul Awal (Bangladesh Nationalist Party (BNP)) 54.3%, A. K. M. Abdul Hamid (Bangladesh Jamaat-e-Islami (Jamaat)) 33.1%, Md. Jewel Sarkar (Independent Candidate (Independent)) 5.5%","Bangladesh Nationalist Party (BNP) (54.3%), Bangladesh Jamaat-e-Islami (Jamaat) (33.1%), Independent Candidate (Independent) (5.5%)",150952.0,0.5434893751845211,91914.0,0.33092825819273725,0.0,0.0,91914.0,0.33092825819273725,150952.0,0.5434893751845211,0.0,0.0,-,-,-,-,-,91914.0,-,-,-,-,-,-,-,-,-,-,-,-,150952.0,-,-,-,-,-,-,-,-,-,-,-,-,18157.0,-,12068.0,-,-,-,-,-,1166.0,3489.0,-,-,-,-,-,-,-,-,-,-
320436,136,Tangail 7,Dhaka,Tangail,Mirzapur Upazila,True,213785.0,"Abul Kalam Azad Siddiqui (Bangladesh Nationalist Party (BNP)) 66.1%, Md. Abdullah Ebneh Abul Hossain (Bangladesh Jamaat-e-Islami (Jamaat)) 33.2%, Md. Tofazzal Hossain (Bangladesh Republican Party (BRP)) 0.7%","Bangladesh Nationalist Party (BNP) (66.1%), Bangladesh Jamaat-e-Islami (Jamaat) (33.2%), Bangladesh Republican Party (BRP) (0.7%)",141253.0,0.6607245597212152,71040.0,0.33229646607573027,0.0,0.0,71040.0,0.33229646607573027,141253.0,0.6607245597212152,0.0,0.0,-,-,-,-,-,71040.0,-,-,-,-,-,-,-,-,-,-,-,-,141253.0,-,1492.0,-,-,-,-,-,-,-,-,-,-,-,-,-,-,-,-,-,-,-,-,-,-,-,-,-,-,-,-,-,-
320441,137,Tangail 8,Dhaka,Tangail,"Basail Upazila, Sakhipur Upazila",True,248461.0,"Ahmed Azam Khan (Bangladesh Nationalist Party (BNP)) 46.0%, Salahuddin Alamgir (Independent Candidate (Independent)) 31.0%, Md. Shafiqul Islam Khan (Bangladesh Jamaat-e-Islami (Jamaat)) 22.4%","Bangladesh Nationalist Party (BNP) (46.0%), Independent Candidate (Independent) (31.0%), Bangladesh Jamaat-e-Islami (Jamaat) (22.4%)",114217.0,0.4596979002740873,55709.0,0.2242162753913089,510.0,0.0020526360273845795,55709.0,0.2242162753913089,114727.0,0.46175053630147184,0.0,0.0,-,330.0,-,-,-,55709.0,-,-,-,-,-,-,-,-,-,-,-,-,114217.0,-,-,-,-,-,-,-,-,-,-,-,-,77130.0,-,-,-,-,-,-,-,565.0,-,-,-,-,-,-,-,-,510.0,-,-
319361,138,Jamalpur 1,Mymensingh,Jamalpur,"Dewanganj Upazila, Islampur Upazila",True,265776.0,"M. Rashiduzzaman Millat (Bangladesh Nationalist Party (BNP)) 64.8%, Md. Nazmul Haque Sayedee (Bangladesh Jamaat-e-Islami (Jamaat)) 35.2%","Bangladesh Nationalist Party (BNP) (64.8%), Bangladesh Jamaat-e-Islami (Jamaat) (35.2%)",172115.0,0.6475942146770213,93661.0,0.3524057853229787,0.0,0.0,93661.0,0.3524057853229787,172115.0,0.6475942146770213,0.0,0.0,-,-,-,-,-,93661.0,-,-,-,-,-,-,-,-,-,-,-,-,172115.0,-,-,-,-,-,-,-,-,-,-,-,-,-,-,-,-,-,-,-,-,-,-,-,-,-,-,-,-,-,-,-,-
319366,139,Jamalpur 2,Mymensingh,Jamalpur,Melandah Upazila,True,160181.0,"A. , E. , Sultan Mahmud Babu (Bangladesh Nationalist Party (BNP)) 59.8%, Md. Chamiul Haque (Bangladesh Jamaat-e-Islami (Jamaat)) 39.0%, Sultan Mahmud (Islami Andolan Bangladesh (IAB)) 1.1%","Bangladesh Nationalist Party (BNP) (59.8%), Bangladesh Jamaat-e-Islami (Jamaat) (39.0%), Islami Andolan Bangladesh (IAB) (1.1%)",95860.0,0.5984480056935592,62434.0,0.3897715709104076,0.0,0.0,62434.0,0.3897715709104076,95860.0,0.5984480056935592,0.0,0.0,-,-,-,-,-,62434.0,-,-,-,-,-,-,-,-,-,-,-,-,95860.0,-,-,-,-,-,-,-,-,-,-,-,-,174.0,-,1713.0,-,-,-,-,-,-,-,-,-,-,-,-,-,-,-,-,-
319371,140,Jamalpur 3,Mymensingh,Jamalpur,Sarishabari Upazila,True,304094.0,"Md. Mostafizur Rahman Babul (Bangladesh Nationalist Party (BNP)) 68.2%, Md. Mujibur Rahman Azadi (Bangladesh Jamaat-e-Islami (Jamaat)) 26.8%, Shiblul Bari Raju (Independent Candidate (Independent)) 3.5%","Bangladesh Nationalist Party (BNP) (68.2%), Bangladesh Jamaat-e-Islami (Jamaat) (26.8%), Independent Candidate (Independent) (3.5%)",207412.0,0.6820654139838339,81430.0,0.2677790420067479,643.0,0.0021144777601662646,81430.0,0.2677790420067479,208467.0,0.6855347359697989,0.0,0.0,-,-,-,-,-,81430.0,-,-,-,-,-,-,-,-,-,-,-,-,207412.0,-,-,-,-,-,-,-,-,643.0,-,-,412.0,10807.0,-,2546.0,-,-,-,-,-,844.0,-,-,-,-,-,-,-,-,-,-,-
319376,141,Jamalpur 4,Mymensingh,Jamalpur,"Bakshiganj Upazila, Madarganj Upazila",True,195731.0,"Md. Faridul Kabir Talukder (Bangladesh Nationalist Party (BNP)) 75.3%, Md. Abdul Awal (Bangladesh Jamaat-e-Islami (Jamaat)) 23.0%, Md. Mahbub Zaman Jewel (Communist Party of Bangladesh (CPB)) 0.7%","Bangladesh Nationalist Party (BNP) (75.3%), Bangladesh Jamaat-e-Islami (Jamaat) (23.0%), Communist Party of Bangladesh (CPB) (0.7%)",147406.0,0.7531050267969815,44947.0,0.22963659307927717,379.0,0.001936330984872095,44947.0,0.22963659307927717,147789.0,0.7550617939927758,0.0,0.0,-,-,-,-,-,44947.0,-,-,-,-,-,-,-,-,-,-,-,-,147406.0,-,-,-,-,-,-,1314.0,-,-,-,-,383.0,-,-,1302.0,-,-,-,-,-,-,-,-,-,-,379.0,-,-,-,-,-,-
319381,142,Jamalpur 5,Mymensingh,Jamalpur,Jamalpur Sadar Upazila,True,322457.0,"Shah Md. Wares Ali Mamun (Bangladesh Nationalist Party (BNP)) 61.8%, Md. Abdus Sattar (Bangladesh Jamaat-e-Islami (Jamaat)) 35.1%, Syed Yunus Ahmed (Islami Andolan Bangladesh (IAB)) 1.3%","Bangladesh Nationalist Party (BNP) (61.8%), Bangladesh Jamaat-e-Islami (Jamaat) (35.1%), Islami Andolan Bangladesh (IAB) (1.3%)",199344.0,0.618203357346871,113201.0,0.3510576604012318,580.0,0.0017986894376614557,113201.0,0.3510576604012318,199883.0,0.619874898048422,0.0,0.0,-,-,225.0,-,-,113201.0,-,-,-,-,-,-,-,-,-,-,-,-,199344.0,-,-,-,-,-,-,547.0,-,-,-,-,539.0,-,-,4282.0,-,-,-,-,-,-,3739.0,580.0,-,-,-,-,-,-,-,-,-
320286,143,Sherpur 1,Mymensingh,Sherpur,Sherpur Sadar Upazila,True,206153.0,"Md. Rashedul Islam Rashed (Bangladesh Jamaat-e-Islami (Jamaat)) 62.0%, Sansila Zebrin (Bangladesh Nationalist Party (BNP)) 38.0%","Bangladesh Jamaat-e-Islami (Jamaat) (62.0%), Bangladesh Nationalist Party (BNP) (38.0%)",78342.0,0.38001872395744907,127811.0,0.6199812760425509,0.0,0.0,127811.0,0.6199812760425509,78342.0,0.38001872395744907,0.0,0.0,-,-,-,-,-,127811.0,-,-,-,-,-,-,-,-,-,-,-,-,78342.0,-,-,-,-,-,-,-,-,-,-,-,-,-,-,-,-,-,-,-,-,-,-,-,-,-,-,-,-,-,-,-,-
320291,144,Sherpur 2,Mymensingh,Sherpur,"Nakla Upazila, Nalitabari Upazila",True,232722.0,"Md. Fahim Chowdhury (Bangladesh Nationalist Party (BNP)) 50.9%, Md. Golam Kibria (Bangladesh Jamaat-e-Islami (Jamaat)) 46.6%, Md. Abdullah Al Kayes (Islami Andolan Bangladesh (IAB)) 2.1%","Bangladesh Nationalist Party (BNP) (50.9%), Bangladesh Jamaat-e-Islami (Jamaat) (46.6%), Islami Andolan Bangladesh (IAB) (2.1%)",118472.0,0.5090709086377738,108335.0,0.4655124998925757,0.0,0.0,109373.0,0.4699727571952802,118472.0,0.5090709086377738,0.0,0.0,1038.0,-,-,-,-,108335.0,-,-,-,-,-,-,-,-,-,-,-,-,118472.0,-,-,-,-,-,-,-,-,-,-,-,-,-,-,4877.0,-,-,-,-,-,-,-,-,-,-,-,-,-,-,-,-,-
320296,145,Sherpur 3,Mymensingh,Sherpur,"Jhenaigati Upazila, Sreebardi Upazila",False,-,,,-,-,-,-,-,-,-,-,-,-,-,-,-,-,-,-,-,-,-,-,-,-,-,-,-,-,-,-,-,-,-,-,-,-,-,-,-,-,-,-,-,-,-,-,-,-,-,-,-,-,-,-,-,-,-,-,-,-,-,-,-,-,-
319771,146,Mymensingh 1,Mymensingh,Mymensingh,"Haluaghat Upazila, Dhobaura Upazila",True,264400.0,"Md. Salman Omar (Independent Candidate (Independent)) 40.9%, Syed Imran Saleh (Bangladesh Nationalist Party (BNP)) 38.5%, Md. Tajul Islam (Bangladesh Khelafat Majlish (BKM)) 20.1%","Independent Candidate (Independent) (40.9%), Bangladesh Nationalist Party (BNP) (38.5%), Bangladesh Khelafat Majlish (BKM) (20.1%)",101926.0,0.385499243570348,0.0,0.0,0.0,0.0,53496.0,0.20232980332829048,101926.0,0.385499243570348,0.0,0.0,-,-,-,-,-,-,-,-,-,-,-,53222.0,274.0,-,-,-,-,-,101926.0,-,-,-,-,-,-,174.0,-,-,-,-,-,108265.0,-,315.0,-,-,-,-,-,-,-,-,-,-,-,-,-,-,-,224.0,-
319786,147,Mymensingh 2,Mymensingh,Mymensingh,"Phulpur Upazila, Tarakanda Upazila",True,320155.0,"Muhammadullah (Bangladesh Khelafat Majlish (BKM)) 45.7%, Motahar Hossain Talukder (Bangladesh Nationalist Party (BNP)) 37.0%, Shah Shahid Sarwar (Independent Candidate (Independent)) 15.3%","Bangladesh Khelafat Majlish (BKM) (45.7%), Bangladesh Nationalist Party (BNP) (37.0%), Independent Candidate (Independent) (15.3%)",118438.0,0.3699395605253705,0.0,0.0,0.0,0.0,146202.0,0.45666005528572096,118438.0,0.3699395605253705,0.0,0.0,-,-,-,-,-,-,-,-,-,-,-,146202.0,-,-,-,-,-,-,118438.0,-,-,-,-,-,1071.0,-,-,-,-,-,-,49862.0,-,3857.0,-,-,-,-,-,725.0,-,-,-,-,-,-,-,-,-,-,-
319791,148,Mymensingh 3,Mymensingh,Mymensingh,Gouripur Upazila,True,170120.0,"M. Iqbal Hossain (Bangladesh Nationalist Party (BNP)) 44.3%, Ahmed Tayebur Rahman (Independent Candidate (Independent)) 38.8%, Md. Abu Taher Khan (Bangladesh Nezame Islam Party (BNIP)) 15.1%","Bangladesh Nationalist Party (BNP) (44.3%), Independent Candidate (Independent) (38.8%), Bangladesh Nezame Islam Party (BNIP) (15.1%)",75320.0,0.4427462967317188,0.0,0.0,0.0,0.0,25706.0,0.151105102280743,75320.0,0.4427462967317188,0.0,0.0,-,-,-,-,-,-,-,-,-,-,-,-,-,-,-,-,-,-,75320.0,25706.0,-,-,-,-,-,-,-,-,-,-,-,65995.0,-,2745.0,-,-,-,-,-,-,-,-,-,-,-,-,-,-,-,354.0,-
319796,149,Mymensingh 4,Mymensingh,Mymensingh,"Mymensingh Sadar Upazila (partial), Mymensingh City Corporation",True,368173.0,"Md. Abu Wahab Akand Wahid (Bangladesh Nationalist Party (BNP)) 48.8%, Md. Kamrul Ahsan (Bangladesh Jamaat-e-Islami (Jamaat)) 46.7%, Md. Nasir Uddin (Islami Andolan Bangladesh (IAB)) 2.4%","Bangladesh Nationalist Party (BNP) (48.8%), Bangladesh Jamaat-e-Islami (Jamaat) (46.7%), Islami Andolan Bangladesh (IAB) (2.4%)",179688.0,0.4880531706561861,171880.0,0.46684574914510296,0.0,0.0,171880.0,0.46684574914510296,179688.0,0.4880531706561861,0.0,0.0,-,-,-,-,-,171880.0,-,-,-,-,-,-,-,-,-,-,-,-,179688.0,-,-,-,-,-,892.0,1397.0,-,-,-,-,-,-,-,8701.0,-,-,-,-,-,3845.0,-,-,-,-,-,-,373.0,-,-,1397.0,-
319801,150,Mymensingh 5,Mymensingh,Mymensingh,Muktagachha Upazila,True,238120.0,"Md. Zakir Hossain (Bangladesh Nationalist Party (BNP)) 54.1%, Md. Matiur Rahman Akand (Bangladesh Jamaat-e-Islami (Jamaat)) 42.9%, Md. Sirajul Islam (Islami Andolan Bangladesh (IAB)) 2.8%","Bangladesh Nationalist Party (BNP) (54.1%), Bangladesh Jamaat-e-Islami (Jamaat) (42.9%), Islami Andolan Bangladesh (IAB) (2.8%)",128898.0,0.5413153032084663,102228.0,0.4293129514530489,0.0,0.0,102576.0,0.4307743994624559,128898.0,0.5413153032084663,0.0,0.0,348.0,-,-,-,-,102228.0,-,-,-,-,-,-,-,-,-,-,-,-,128898.0,-,-,-,-,-,-,-,-,-,-,-,-,-,-,6646.0,-,-,-,-,-,-,-,-,-,-,-,-,-,-,-,-,-
319806,151,Mymensingh 6,Mymensingh,Mymensingh,Fulbaria Upazila,True,234069.0,"Md. Kamrul Hasan (Bangladesh Jamaat-e-Islami (Jamaat)) 33.0%, Akhtar Sultana (Independent Candidate (Independent)) 22.8%, Md. Jasim Uddin (Independent Candidate (Independent)) 22.2%","Bangladesh Jamaat-e-Islami (Jamaat) (33.0%), Independent Candidate (Independent) (22.8%), Independent Candidate (Independent) (22.2%)",49476.0,0.21137356933212,77325.0,0.3303513066659831,0.0,0.0,77325.0,0.3303513066659831,49476.0,0.21137356933212,0.0,0.0,-,-,-,-,-,77325.0,-,-,-,-,-,-,-,-,-,-,-,-,49476.0,-,-,-,-,-,-,-,-,-,-,-,-,105301.0,-,1967.0,-,-,-,-,-,-,-,-,-,-,-,-,-,-,-,-,-
319811,152,Mymensingh 7,Mymensingh,Mymensingh,Trishal Upazila,True,222909.0,"Md. Mahabubur Rahman (Bangladesh Nationalist Party (BNP)) 44.4%, Md. Asaduzzaman Sohel (Bangladesh Jamaat-e-Islami (Jamaat)) 38.1%, Md. Anwar Sadat (Independent Candidate (Independent)) 15.0%","Bangladesh Nationalist Party (BNP) (44.4%), Bangladesh Jamaat-e-Islami (Jamaat) (38.1%), Independent Candidate (Independent) (15.0%)",99049.0,0.4443472448398225,84851.0,0.38065309162034733,0.0,0.0,84851.0,0.38065309162034733,99049.0,0.4443472448398225,0.0,0.0,-,-,-,-,-,84851.0,-,-,-,-,-,-,-,-,-,-,-,-,99049.0,-,-,-,-,-,-,-,-,-,-,-,-,34372.0,-,4058.0,-,-,-,-,-,579.0,-,-,-,-,-,-,-,-,-,-,-
319816,153,Mymensingh 8,Mymensingh,Mymensingh,Ishwarganj Upazila,True,189990.0,"Lutfullahil Mazid (Bangladesh Nationalist Party (BNP)) 57.2%, Md. Aurangzeb Belal (Bangladesh Liberal Democratic Party (LDP)) 24.5%, Shah Nurul Kabir (Islami Andolan Bangladesh (IAB)) 17.4%","Bangladesh Nationalist Party (BNP) (57.2%), Bangladesh Liberal Democratic Party (LDP) (24.5%), Islami Andolan Bangladesh (IAB) (17.4%)",108685.0,0.5720564240223169,0.0,0.0,0.0,0.0,46515.0,0.24482867519343124,108685.0,0.5720564240223169,0.0,0.0,-,-,-,-,-,-,-,-,-,-,-,-,-,46515.0,-,-,-,-,108685.0,-,-,-,-,-,-,-,-,-,-,-,-,-,-,33029.0,-,-,-,-,-,1761.0,-,-,-,-,-,-,-,-,-,-,-
319821,154,Mymensingh 9,Mymensingh,Mymensingh,Nandail Upazila,True,194083.0,"Yaser Khan Chowdhury (Bangladesh Nationalist Party (BNP)) 44.2%, Akm Anwarul Islam (Bangladesh Development Party (BDP)) 36.7%, Hasina Khan Chowdhury (Independent Candidate (Independent)) 15.7%","Bangladesh Nationalist Party (BNP) (44.2%), Bangladesh Development Party (BDP) (36.7%), Independent Candidate (Independent) (15.7%)",85761.0,0.4418779594297285,0.0,0.0,0.0,0.0,71168.0,0.3666884786405816,85761.0,0.4418779594297285,0.0,0.0,-,-,-,71168.0,-,-,-,-,-,-,-,-,-,-,-,-,-,-,85761.0,-,-,-,-,-,-,-,-,-,252.0,-,-,30509.0,-,5595.0,-,-,-,-,-,798.0,-,-,-,-,-,-,-,-,-,-,-
319776,155,Mymensingh 10,Mymensingh,Mymensingh,Gafargaon Upazila,True,213095.0,"Md. Akhtaruzzaman (Bangladesh Nationalist Party (BNP)) 35.5%, Abu Bakr Siddiqur Rahman (Independent Candidate (Independent)) 31.4%, Md. Ismail (Bangladesh Jamaat-e-Islami (Jamaat)) 31.0%","Bangladesh Nationalist Party (BNP) (35.5%), Independent Candidate (Independent) (31.4%), Bangladesh Jamaat-e-Islami (Jamaat) (31.0%)",75585.0,0.35470095497313403,66063.0,0.31001665923649074,364.0,0.0017081583331378025,66385.0,0.31152772237734344,75949.0,0.35640911330627184,0.0,0.0,-,-,-,-,-,66063.0,-,-,-,-,-,-,-,322.0,-,-,-,-,75585.0,-,-,-,-,-,-,299.0,-,364.0,-,-,-,67013.0,-,2504.0,-,-,-,-,-,945.0,-,-,-,-,-,-,-,-,-,-,-
319781,156,Mymensingh 11,Mymensingh,Mymensingh,Bhaluka Upazila,True,201687.0,"Fakhr Uddin Ahmed (Bangladesh Nationalist Party (BNP)) 55.1%, Md. Morshed Alam (Independent Candidate (Independent)) 32.7%, Zahidul Islam (National Citizen Party (NCP)) 11.0%","Bangladesh Nationalist Party (BNP) (55.1%), Independent Candidate (Independent) (32.7%), National Citizen Party (NCP) (11.0%)",111230.0,0.5514981134133583,0.0,0.0,0.0,0.0,22195.0,0.11004675561637586,111621.0,0.5534367609216261,0.0,0.0,-,-,-,-,-,-,-,-,-,-,-,-,-,-,-,-,-,-,111230.0,-,-,-,-,-,-,-,-,-,-,-,391.0,66016.0,-,1855.0,-,-,-,-,-,-,-,-,-,-,-,22195.0,-,-,-,-,-
319966,157,Netrakona 1,Mymensingh,Netrakona,"Kalmakanda Upazila, Durgapur Upazila",True,253838.0,"Kaiser Kamal (Bangladesh Nationalist Party (BNP)) 62.4%, Ghulam Rabbani (Bangladesh Khelafat Majlish (BKM)) 34.5%, Md. Alkas Uddin Mir (Communist Party of Bangladesh (CPB)) 1.7%","Bangladesh Nationalist Party (BNP) (62.4%), Bangladesh Khelafat Majlish (BKM) (34.5%), Communist Party of Bangladesh (CPB) (1.7%)",158343.0,0.6237954916127609,0.0,0.0,335.0,0.0013197393613249395,87488.0,0.34466076789133226,158343.0,0.6237954916127609,0.0,0.0,-,-,-,-,-,-,-,-,-,-,-,87488.0,-,-,-,-,-,-,158343.0,-,-,-,-,-,-,4429.0,-,-,-,-,-,-,-,2220.0,-,-,-,-,-,1023.0,-,335.0,-,-,-,-,-,-,-,-,-
319971,158,Netrakona 2,Mymensingh,Netrakona,"Netrokona Sadar Upazila, Barhatta Upazila",True,274051.0,"Md. Anwarul Haque (Bangladesh Nationalist Party (BNP)) 62.5%, Md. Fahim Rahman Khan Pathan (National Citizen Party (NCP)) 24.6%, Abdur Rahim (Islami Andolan Bangladesh (IAB)) 5.6%","Bangladesh Nationalist Party (BNP) (62.5%), National Citizen Party (NCP) (24.6%), Islami Andolan Bangladesh (IAB) (5.6%)",171399.0,0.6254273839540816,0.0,0.0,0.0,0.0,67367.0,0.24581920883339234,171399.0,0.6254273839540816,0.0,0.0,-,-,-,-,-,-,-,-,-,-,-,-,-,-,-,-,-,-,171399.0,-,-,-,-,-,-,-,-,-,-,-,-,-,-,30440.0,-,-,-,-,-,4845.0,-,-,-,-,-,67367.0,-,-,-,-,-
319976,159,Netrakona 3,Mymensingh,Netrakona,"Kendua Upazila, Atpara Upazila",True,232678.0,"Rafiqul Islam Hilali (Bangladesh Nationalist Party (BNP)) 50.9%, Md. Delwar Hossain Bhuiyan (Independent Candidate (Independent)) 29.6%, Md. Khairul Kabir Recruitment (Bangladesh Jamaat-e-Islami (Jamaat)) 17.9%","Bangladesh Nationalist Party (BNP) (50.9%), Independent Candidate (Independent) (29.6%), Bangladesh Jamaat-e-Islami (Jamaat) (17.9%)",118469.0,0.5091542818831174,41556.0,0.17859875020414478,0.0,0.0,41556.0,0.17859875020414478,118469.0,0.5091542818831174,0.0,0.0,-,-,-,-,-,41556.0,-,-,-,-,-,-,-,-,-,-,-,-,118469.0,-,-,-,-,-,-,-,-,-,-,-,-,68961.0,-,2760.0,-,358.0,-,-,-,574.0,-,-,-,-,-,-,-,-,-,-,-
319981,160,Netrakona 4,Mymensingh,Netrakona,"Madan Upazila, Mohanganj Upazila, Khaliajuri Upazila",True,206307.0,"Md. Lutfuzzaman Babar (Bangladesh Nationalist Party (BNP)) 77.9%, Md. Al Helal (Bangladesh Jamaat-e-Islami (Jamaat)) 19.3%, Jolly Talukder (Communist Party of Bangladesh (CPB)) 1.6%","Bangladesh Nationalist Party (BNP) (77.9%), Bangladesh Jamaat-e-Islami (Jamaat) (19.3%), Communist Party of Bangladesh (CPB) (1.6%)",160801.0,0.7794258071708667,39840.0,0.19311026770783346,282.0,0.0013668949672090622,39840.0,0.19311026770783346,161083.0,0.7807927021380758,0.0,0.0,-,-,-,-,-,39840.0,-,-,-,-,-,-,-,-,-,-,-,-,160801.0,-,-,-,-,-,-,3359.0,-,-,-,-,-,-,-,2025.0,-,-,-,-,-,-,-,-,-,-,-,-,-,-,282.0,-,-
319986,161,Netrakona 5,Mymensingh,Netrakona,Purbadhala Upazila,True,164930.0,"Masum Mustafa (Bangladesh Jamaat-e-Islami (Jamaat)) 49.8%, Md. Abu Taher Talukder (Bangladesh Nationalist Party (BNP)) 48.1%, Md. Nurul Islam (Islami Andolan Bangladesh (IAB)) 2.0%","Bangladesh Jamaat-e-Islami (Jamaat) (49.8%), Bangladesh Nationalist Party (BNP) (48.1%), Islami Andolan Bangladesh (IAB) (2.0%)",79412.0,0.48148911659491905,82177.0,0.4982538046443946,0.0,0.0,82177.0,0.4982538046443946,79412.0,0.48148911659491905,0.0,0.0,-,-,-,-,-,82177.0,-,-,-,-,-,-,-,-,-,-,-,-,79412.0,-,-,-,-,-,-,-,-,-,-,-,-,-,-,3341.0,-,-,-,-,-,-,-,-,-,-,-,-,-,-,-,-,-
319526,162,Kishoreganj 1,Dhaka,Kishoreganj,"Kishoreganj Sadar Upazila, Hossainpur Upazila",True,265551.0,"Mazharul Islam (Bangladesh Nationalist Party (BNP)) 46.7%, Hedayatullah Hadi (Bangladesh Khelafat Majlish (BKM)) 38.1%, Md. Rezaul Karim Khan (Independent Candidate (Independent)) 14.1%","Bangladesh Nationalist Party (BNP) (46.7%), Bangladesh Khelafat Majlish (BKM) (38.1%), Independent Candidate (Independent) (14.1%)",124035.0,0.46708541862015207,0.0,0.0,234.0,0.0008811866647084741,101816.0,0.3834141087775983,124035.0,0.46708541862015207,0.0,0.0,-,-,-,-,-,-,-,-,-,-,-,101132.0,-,-,-,-,-,-,124035.0,-,-,234.0,-,-,-,925.0,-,-,-,-,-,37334.0,-,-,-,-,-,-,-,-,-,-,-,684.0,-,-,247.0,-,-,960.0,-
319531,163,Kishoreganj 2,Dhaka,Kishoreganj,"Katiadi Upazila, Pakundia Upazila",True,272616.0,"Md. Jalal Uddin (Bangladesh Nationalist Party (BNP)) 52.7%, Md. Shafiqul Islam (Bangladesh Jamaat-e-Islami (Jamaat)) 44.4%, Md. Abul Basar Rezwan (Islami Andolan Bangladesh (IAB)) 1.3%","Bangladesh Nationalist Party (BNP) (52.7%), Bangladesh Jamaat-e-Islami (Jamaat) (44.4%), Islami Andolan Bangladesh (IAB) (1.3%)",143669.0,0.5270013498840861,120975.0,0.4437560524694075,0.0,0.0,120975.0,0.4437560524694075,144064.0,0.5284502743786131,0.0,0.0,-,-,-,-,-,120975.0,-,-,-,-,-,-,-,-,-,-,-,222.0,143669.0,-,-,-,-,-,-,-,-,-,-,-,395.0,1676.0,-,3566.0,-,-,-,-,-,2113.0,-,-,-,-,-,-,-,-,-,-,-
319536,164,Kishoreganj 3,Dhaka,Kishoreganj,"Karimganj Upazila, Tarail Upazila",True,228764.0,"Md. Osman Farooq (Bangladesh Nationalist Party (BNP)) 49.2%, Jehad Khan (Bangladesh Jamaat-e-Islami (Jamaat)) 44.8%, Md. Alamgir Hossain (Islami Andolan Bangladesh (IAB)) 4.7%","Bangladesh Nationalist Party (BNP) (49.2%), Bangladesh Jamaat-e-Islami (Jamaat) (44.8%), Islami Andolan Bangladesh (IAB) (4.7%)",112466.0,0.49162455631130775,102476.0,0.44795509783007814,0.0,0.0,102476.0,0.44795509783007814,112466.0,0.49162455631130775,0.0,0.0,-,-,-,-,-,102476.0,-,-,-,-,-,-,-,-,-,-,-,-,112466.0,-,-,-,-,-,-,-,191.0,-,-,-,-,1487.0,-,10777.0,-,-,-,-,-,1249.0,-,-,-,-,-,-,118.0,-,-,-,-
319541,165,Kishoreganj 4,Dhaka,Kishoreganj,"Itna Upazila, Mithamain Upazila, Ashtagram Upazila",True,199797.0,"Md. Fazlur Rahman (Bangladesh Nationalist Party (BNP)) 66.3%, Md. Rokon Reza Sheikh (Bangladesh Jamaat-e-Islami (Jamaat)) 28.9%, Kazi Reha Kabir (Independent Candidate (Independent)) 1.5%","Bangladesh Nationalist Party (BNP) (66.3%), Bangladesh Jamaat-e-Islami (Jamaat) (28.9%), Independent Candidate (Independent) (1.5%)",132472.0,0.6630329784731502,57829.0,0.2894387803620675,0.0,0.0,58708.0,0.2938382458195068,132472.0,0.6630329784731502,0.0,0.0,-,-,-,-,-,57829.0,-,-,-,-,-,879.0,-,-,-,-,-,-,132472.0,-,-,-,-,-,-,-,-,-,-,-,-,5509.0,516.0,2487.0,-,-,-,-,-,-,-,-,-,-,-,-,105.0,-,-,-,-
319546,166,Kishoreganj 5,Dhaka,Kishoreganj,"Bajitpur Upazila, Kuliarchar Upazila",True,206782.0,"Sheikh Mujibur Rahman Iqbal (Independent Candidate (Independent)) 38.5%, Syed Ehsanul Huda (Bangladesh Nationalist Party (BNP)) 32.1%, Md. Ramzan Ali (Bangladesh Jamaat-e-Islami (Jamaat)) 26.3%","Independent Candidate (Independent) (38.5%), Bangladesh Nationalist Party (BNP) (32.1%), Bangladesh Jamaat-e-Islami (Jamaat) (26.3%)",66450.0,0.32135292240136953,54400.0,0.26307899140157265,0.0,0.0,54400.0,0.26307899140157265,66450.0,0.32135292240136953,0.0,0.0,-,-,-,-,1313.0,54400.0,-,-,-,-,-,-,-,-,-,135.0,-,-,66450.0,-,-,-,-,-,-,-,-,-,-,-,-,81501.0,-,2688.0,-,-,-,-,-,295.0,-,-,-,-,-,-,-,-,-,-,-
319551,167,Kishoreganj 6,Dhaka,Kishoreganj,Bhairab Upazila,True,237990.0,"Md. Shariful Alam (Bangladesh Nationalist Party (BNP)) 78.6%, Ataullah Amin (Bangladesh Khelafat Majlish (BKM)) 18.5%, Md. Musa Khan (Islami Andolan Bangladesh (IAB)) 1.0%","Bangladesh Nationalist Party (BNP) (78.6%), Bangladesh Khelafat Majlish (BKM) (18.5%), Islami Andolan Bangladesh (IAB) (1.0%)",187159.0,0.7864153956048573,0.0,0.0,0.0,0.0,44095.0,0.18528089415521662,187159.0,0.7864153956048573,0.0,0.0,-,-,-,-,2172.0,-,-,-,-,-,-,44095.0,-,-,-,-,-,-,187159.0,-,-,-,-,-,-,312.0,-,-,220.0,-,-,-,630.0,2411.0,-,-,-,-,-,806.0,-,-,-,-,-,-,185.0,-,-,-,-
319691,168,Manikganj 1,Dhaka,Manikganj,"Daulatpur Upazila, Ghior Upazila, Shibalaya Upazila",True,298463.0,"S. A. Jinnah Kabir (Bangladesh Nationalist Party (BNP)) 46.2%, Md. Tozammel Hoque (Independent Candidate (Independent)) 26.1%, Abu Bakar Siddiqui (Bangladesh Jamaat-e-Islami (Jamaat)) 23.9%","Bangladesh Nationalist Party (BNP) (46.2%), Independent Candidate (Independent) (26.1%), Bangladesh Jamaat-e-Islami (Jamaat) (23.9%)",137773.0,0.4616083065572617,71310.0,0.2389240877428693,0.0,0.0,71310.0,0.2389240877428693,138839.0,0.4651799385518473,0.0,0.0,-,-,-,-,-,71310.0,-,-,-,-,-,-,-,-,-,-,-,-,137773.0,-,-,-,-,-,-,-,-,-,-,-,1066.0,84784.0,-,3247.0,-,-,-,283.0,-,-,-,-,-,-,-,-,-,-,-,-,-
319696,169,Manikganj 2,Dhaka,Manikganj,"Singair Upazila, Harirampur Upazila",True,268235.0,"Moinul Islam Khan (Bangladesh Nationalist Party (BNP)) 65.5%, Md. Salah Uddin (Bangladesh Khelafat Majlish (BKM)) 30.4%, S. M. Abdul Mannan (Jatiya Party (JaPa)) 2.6%","Bangladesh Nationalist Party (BNP) (65.5%), Bangladesh Khelafat Majlish (BKM) (30.4%), Jatiya Party (JaPa) (2.6%)",175776.0,0.6553059816951554,0.0,0.0,0.0,0.0,81531.0,0.3039536227561653,175776.0,0.6553059816951554,0.0,0.0,-,-,-,-,-,-,-,-,-,-,-,81531.0,-,-,-,-,-,-,175776.0,-,-,-,-,-,-,-,-,-,-,-,-,-,-,3847.0,-,-,-,-,-,7081.0,-,-,-,-,-,-,-,-,-,-,-
319701,170,Manikganj 3,Dhaka,Manikganj,"Manikganj Sadar Upazila, Saturia Upazila",True,266022.0,"Afroza Khanam (Bangladesh Nationalist Party (BNP)) 62.9%, Md. Saidanur (Bangladesh Khelafat Majlish (BKM)) 24.1%, Md. Ataur Rahman Ata (Independent Candidate (Independent)) 7.7%","Bangladesh Nationalist Party (BNP) (62.9%), Bangladesh Khelafat Majlish (BKM) (24.1%), Independent Candidate (Independent) (7.7%)",167345.0,0.6290645134612927,0.0,0.0,3510.0,0.013194397455849516,64242.0,0.24149130523039447,167345.0,0.6290645134612927,0.0,0.0,-,-,-,-,-,-,-,-,3510.0,-,-,64242.0,-,-,-,-,-,-,167345.0,-,-,-,-,-,-,-,-,-,-,-,-,24845.0,-,2787.0,-,-,-,-,-,1966.0,1327.0,-,-,-,-,-,-,-,-,-,-
319751,171,Munshiganj 1,Dhaka,Munshiganj,"Sirajdikhan Upazila, Srinagar Upazila",True,309610.0,"Md. Abdullah (Bangladesh Nationalist Party (BNP)) 54.1%, Akm Fakhruddin Raji (Bangladesh Jamaat-e-Islami (Jamaat)) 32.8%, Md. Momin Ali (Independent Candidate (Independent)) 9.9%","Bangladesh Nationalist Party (BNP) (54.1%), Bangladesh Jamaat-e-Islami (Jamaat) (32.8%), Independent Candidate (Independent) (9.9%)",167562.0,0.5412034495009851,101568.0,0.32805141952779304,0.0,0.0,101568.0,0.32805141952779304,167562.0,0.5412034495009851,0.0,0.0,-,-,-,-,-,101568.0,-,-,-,-,-,-,-,-,-,-,-,-,167562.0,-,-,-,-,-,-,443.0,-,-,-,-,-,30678.0,320.0,9039.0,-,-,-,-,-,-,-,-,-,-,-,-,-,-,-,-,-
319756,172,Munshiganj 2,Dhaka,Munshiganj,"Lohajang Upazila, Tongibari Upazila",True,196602.0,"Abdus Salam Azad (Bangladesh Nationalist Party (BNP)) 61.6%, Majedul Islam (National Citizen Party (NCP)) 29.8%, K. , M. , Billal (Islami Andolan Bangladesh (IAB)) 6.8%","Bangladesh Nationalist Party (BNP) (61.6%), National Citizen Party (NCP) (29.8%), Islami Andolan Bangladesh (IAB) (6.8%)",121154.0,0.6162399161758273,0.0,0.0,0.0,0.0,58573.0,0.2979267759229306,121154.0,0.6162399161758273,0.0,0.0,-,-,-,-,-,-,-,-,-,-,-,-,-,-,-,-,-,-,121154.0,-,-,-,-,-,-,-,-,-,-,-,-,-,-,13367.0,-,651.0,-,-,-,2857.0,-,-,-,-,-,58573.0,-,-,-,-,-
319761,173,Munshiganj 3,Dhaka,Munshiganj,"Munshiganj Sadar Upazila, Gazaria Upazila",True,276051.0,"Md. Kamruzzaman (Bangladesh Nationalist Party (BNP)) 45.2%, Md. Mohiuddin (Independent Candidate (Independent)) 32.2%, Nur Hossain Nurani (Bangladesh Khelafat Majlish (BKM)) 19.7%","Bangladesh Nationalist Party (BNP) (45.2%), Independent Candidate (Independent) (32.2%), Bangladesh Khelafat Majlish (BKM) (19.7%)",124691.0,0.45169552003071894,0.0,0.0,174.0,0.0006303183107469272,54750.0,0.1983329167436452,124865.0,0.4523258383414659,0.0,0.0,-,-,-,-,-,-,-,-,-,-,-,54456.0,294.0,-,-,-,-,-,124691.0,-,-,-,-,-,-,304.0,-,-,-,-,-,88936.0,-,6392.0,-,-,-,-,-,804.0,-,-,-,-,-,-,-,-,174.0,-,-
319071,174,Dhaka 1,Dhaka,Dhaka,"Dohar Upazila, Nawabganj Upazila",True,299523.0,"Khondoker Abu Ashfaq (Bangladesh Nationalist Party (BNP)) 58.0%, Md. Nazrul Islam (Bangladesh Jamaat-e-Islami (Jamaat)) 37.6%, Nurul Islam (Islami Andolan Bangladesh (IAB)) 2.2%","Bangladesh Nationalist Party (BNP) (58.0%), Bangladesh Jamaat-e-Islami (Jamaat) (37.6%), Islami Andolan Bangladesh (IAB) (2.2%)",173781.0,0.5801925060846747,112622.0,0.3760045138436781,0.0,0.0,112893.0,0.37690928576436533,173781.0,0.5801925060846747,0.0,0.0,-,-,-,-,-,112622.0,-,-,-,-,-,-,271.0,-,-,-,-,-,173781.0,-,-,-,-,-,-,-,-,-,-,-,-,4880.0,-,6607.0,-,-,-,-,-,1362.0,-,-,-,-,-,-,-,-,-,-,-
319126,175,Dhaka 2,Dhaka,Dhaka,"Keraniganj Upazila, Savar Upazila (partial)",True,250198.0,"Md. Amanullah Aman (Bangladesh Nationalist Party (BNP)) 65.5%, Md. Abdul Huq (Bangladesh Jamaat-e-Islami (Jamaat)) 32.0%, Md. Jahirul Islam (Islami Andolan Bangladesh (IAB)) 2.5%","Bangladesh Nationalist Party (BNP) (65.5%), Bangladesh Jamaat-e-Islami (Jamaat) (32.0%), Islami Andolan Bangladesh (IAB) (2.5%)",163793.0,0.654653514416582,80053.0,0.3199585927945067,0.0,0.0,80053.0,0.3199585927945067,163793.0,0.654653514416582,0.0,0.0,-,-,-,-,-,80053.0,-,-,-,-,-,-,-,-,-,-,-,-,163793.0,-,-,-,-,-,-,-,-,-,-,-,-,-,-,6352.0,-,-,-,-,-,-,-,-,-,-,-,-,-,-,-,-,-
319136,176,Dhaka 3,Dhaka,Dhaka,Keraniganj Upazila (partial),True,191118.0,"Goyeswar Chandra Roy (Bangladesh Nationalist Party (BNP)) 51.9%, Md. Shahinur Islam (Bangladesh Jamaat-e-Islami (Jamaat)) 43.6%, Md. Sultan Ahmed Khan (Islami Andolan Bangladesh (IAB)) 3.3%","Bangladesh Nationalist Party (BNP) (51.9%), Bangladesh Jamaat-e-Islami (Jamaat) (43.6%), Islami Andolan Bangladesh (IAB) (3.3%)",99163.0,0.5188574597892401,83264.0,0.43566801661800564,583.0,0.003050471436494731,83264.0,0.43566801661800564,99647.0,0.5213899266421792,0.0,0.0,-,-,155.0,-,-,83264.0,-,-,-,-,-,-,-,-,-,-,-,-,99163.0,-,-,196.0,-,-,-,-,-,387.0,182.0,-,97.0,313.0,-,6286.0,-,-,-,-,-,1075.0,-,-,-,-,-,-,-,-,-,-,-
319141,177,Dhaka 4,Dhaka,Dhaka,"DSCC Wards 47, 51, 52, 53, 54, and Shyampur Union Parishad Area",True,162069.0,"Sayed Joynul Abedin (Bangladesh Jamaat-e-Islami (Jamaat)) 47.7%, Tanvir Ahmed (Bangladesh Nationalist Party (BNP)) 45.9%, Sayed Md. Mosaddek Billah (Islami Andolan Bangladesh (IAB)) 4.0%","Bangladesh Jamaat-e-Islami (Jamaat) (47.7%), Bangladesh Nationalist Party (BNP) (45.9%), Islami Andolan Bangladesh (IAB) (4.0%)",74447.0,0.45935373205239743,77367.0,0.4773707494955852,184.0,0.0011353189073789558,77367.0,0.4773707494955852,74447.0,0.45935373205239743,0.0,0.0,-,-,-,-,-,77367.0,-,-,-,-,-,-,-,-,-,-,-,-,74447.0,-,-,184.0,128.0,-,-,367.0,-,-,-,-,-,2867.0,-,6518.0,-,-,-,191.0,-,-,-,-,-,-,-,-,-,-,-,-,-
319146,178,Dhaka 5,Dhaka,Dhaka,"DSCC Wards 58, 59, 60, 61, and Matuail Union Parishad Area",True,201368.0,"Md. Kamal Hossain (Bangladesh Jamaat-e-Islami (Jamaat)) 48.0%, Md. Nabi Ullah (Bangladesh Nationalist Party (BNP)) 43.4%, Md. Ibrahim (Islami Andolan Bangladesh (IAB)) 7.1%","Bangladesh Jamaat-e-Islami (Jamaat) (48.0%), Bangladesh Nationalist Party (BNP) (43.4%), Islami Andolan Bangladesh (IAB) (7.1%)",87491.0,0.43448313535417743,96641.0,0.4799223312542211,0.0,0.0,97510.0,0.48423781335664057,87584.0,0.43494497636168605,0.0,0.0,-,-,262.0,-,-,96641.0,-,-,-,-,-,-,81.0,788.0,-,-,-,-,87491.0,-,-,-,35.0,-,-,206.0,-,-,-,-,93.0,-,-,14204.0,-,-,-,-,-,1346.0,-,-,-,-,-,-,-,-,-,221.0,-
319151,179,Dhaka 6,Dhaka,Dhaka,"DSCC Wards 33, 34, 37-40, 42, 43, 44",True,137179.0,"Ishraque Hossain (Bangladesh Nationalist Party (BNP)) 57.5%, Md. Abdul Mannan (Bangladesh Jamaat-e-Islami (Jamaat)) 40.6%, Amir Uddin Ahmed (Jatiya Party (JaPa)) 1.3%","Bangladesh Nationalist Party (BNP) (57.5%), Bangladesh Jamaat-e-Islami (Jamaat) (40.6%), Jatiya Party (JaPa) (1.3%)",78850.0,0.574796433856494,55697.0,0.40601695594806786,0.0,0.0,55697.0,0.40601695594806786,78988.0,0.5758024187375619,0.0,0.0,-,-,319.0,-,-,55697.0,-,-,-,-,-,-,-,-,-,245.0,-,-,78850.0,-,-,-,-,-,-,-,-,-,-,152.0,138.0,-,-,-,-,-,-,-,-,1778.0,-,-,-,-,-,-,-,-,-,-,-
319156,180,Dhaka 7,Dhaka,Dhaka,"DSCC Wards 1, 2, 3, 4, 11, 12, 13, 17, 18, 19, 20",True,226175.0,"Hamidur Rahman (Bangladesh Nationalist Party (BNP)) 46.3%, Md. Enayet Ullah (Bangladesh Jamaat-e-Islami (Jamaat)) 43.5%, Md. Ishak Sarkar (Independent Candidate (Independent)) 5.1%","Bangladesh Nationalist Party (BNP) (46.3%), Bangladesh Jamaat-e-Islami (Jamaat) (43.5%), Independent Candidate (Independent) (5.1%)",104666.0,0.4627655576434177,98483.0,0.435428318779706,208.0,0.0009196418702332265,101266.0,0.4477329501492207,104666.0,0.4627655576434177,0.0,0.0,-,-,-,-,-,98483.0,98.0,-,-,-,2783.0,-,-,-,-,-,-,-,104666.0,-,218.0,-,150.0,-,-,-,-,-,-,-,-,11517.0,-,5081.0,-,-,-,-,-,2294.0,-,208.0,-,-,-,-,-,-,-,677.0,-
319161,181,Dhaka 8,Dhaka,Dhaka,"DSCC Wards 14, 15, 16, 21, 22, 23, and a portion of Ward 9 (Ramna)",True,117667.0,"Mirza Abbas Uddin Ahmed (Bangladesh Nationalist Party (BNP)) 50.5%, Md. Nasiruddin Patwary (National Citizen Party (NCP)) 46.0%, Kefayet Ullah (Islami Andolan Bangladesh (IAB)) 1.2%","Bangladesh Nationalist Party (BNP) (50.5%), National Citizen Party (NCP) (46.0%), Islami Andolan Bangladesh (IAB) (1.2%)",59366.0,0.5045254829306433,0.0,0.0,56.0,0.0004759193316732814,54127.0,0.46000152974070896,59974.0,0.509692607103096,0.0,0.0,-,-,-,-,326.0,-,-,-,56.0,-,-,-,-,-,-,-,-,-,59366.0,-,-,-,78.0,-,-,714.0,-,-,-,-,608.0,-,-,1436.0,-,-,-,129.0,-,731.0,-,-,-,-,-,54127.0,-,-,-,96.0,-
319166,182,Dhaka 9,Dhaka,Dhaka,"DSCC Wards 24, 25, 26, 27, 28, 29, 30",True,217688.0,"Habibur Rashid (Bangladesh Nationalist Party (BNP)) 51.1%, Javed Rasin (National Citizen Party (NCP)) 24.6%, Tasnim Jara (Independent Candidate (Independent)) 20.5%","Bangladesh Nationalist Party (BNP) (51.1%), National Citizen Party (NCP) (24.6%), Independent Candidate (Independent) (20.5%)",111212.0,0.5108779537686965,0.0,0.0,0.0,0.0,53460.0,0.24558083128146704,111212.0,0.5108779537686965,0.0,0.0,-,-,-,-,-,-,-,-,-,-,-,-,-,-,-,118.0,-,124.0,111212.0,-,-,-,-,-,-,462.0,-,-,171.0,-,-,44684.0,131.0,5827.0,-,-,-,-,-,1202.0,-,-,-,-,-,53460.0,204.0,-,-,93.0,-
319076,183,Dhaka 10,Dhaka,Dhaka,"DSCC Wards 29, 38-41, and a portion of Ward 9 (Dhanmondi)",True,157572.0,"Sheikh Rabiul Alam (Bangladesh Nationalist Party (BNP)) 51.0%, Md. Jasim Uddin Sarkar (Bangladesh Jamaat-e-Islami (Jamaat)) 49.0%","Bangladesh Nationalist Party (BNP) (51.0%), Bangladesh Jamaat-e-Islami (Jamaat) (49.0%)",80436.0,0.5104714035488539,77136.0,0.48952859645114616,0.0,0.0,77136.0,0.48952859645114616,80436.0,0.5104714035488539,0.0,0.0,-,-,-,-,-,77136.0,-,-,-,-,-,-,-,-,-,-,-,-,80436.0,-,-,-,-,-,-,-,-,-,-,-,-,-,-,-,-,-,-,-,-,-,-,-,-,-,-,-,-,-,-,-,-
319081,184,Dhaka 11,Dhaka,Dhaka,"DNCC Wards 19, 20, 21, 23, 24",True,192853.0,"Md. Nahid Islam (National Citizen Party (NCP)) 48.7%, M. A. Quayum (Bangladesh Nationalist Party (BNP)) 47.6%, Sheikh Md. Fazle Bari Masud (Islami Andolan Bangladesh (IAB)) 2.3%","National Citizen Party (NCP) (48.7%), Bangladesh Nationalist Party (BNP) (47.6%), Islami Andolan Bangladesh (IAB) (2.3%)",91833.0,0.4761813401917523,0.0,0.0,0.0,0.0,93872.0,0.4867541599041757,91914.0,0.4766013492141683,0.0,0.0,-,-,-,-,-,-,-,-,-,-,-,-,-,-,-,-,-,-,91833.0,-,283.0,-,196.0,-,-,-,-,-,130.0,-,81.0,794.0,-,4375.0,-,-,-,-,-,1048.0,-,-,-,-,-,93872.0,241.0,-,-,-,-
319086,185,Dhaka 12,Dhaka,Dhaka,"DNCC Wards 25, 26, 27, 28, 30, 31",True,122268.0,"Md. Saiful Alam (Bangladesh Jamaat-e-Islami (Jamaat)) 44.0%, Saiful Huq (Revolutionary Workers Party of Bangladesh (RWPB)) 25.3%, Saiful Alam Nirob (Independent Candidate (Independent)) 24.4%","Bangladesh Jamaat-e-Islami (Jamaat) (44.0%), Revolutionary Workers Party of Bangladesh (RWPB) (25.3%), Independent Candidate (Independent) (24.4%)",0.0,0.0,53773.0,0.43979618542873034,32474.0,0.2655968855301469,53773.0,0.43979618542873034,32589.0,0.2665374423397782,0.0,0.0,-,1044.0,-,-,184.0,53773.0,47.0,-,-,-,-,-,-,-,-,-,-,-,-,-,-,-,115.0,-,-,453.0,-,1511.0,-,-,115.0,29869.0,133.0,2058.0,-,-,-,175.0,-,1770.0,-,-,-,-,-,-,-,58.0,30963.0,-,-
319091,186,Dhaka 13,Dhaka,Dhaka,"DNCC Wards 29, 32, 33, 34, 35",True,178267.0,"Bobby Hajjaj (Bangladesh Nationalist Party (BNP)) 49.6%, Md. Mamunul Haque (Bangladesh Khelafat Majlish (BKM)) 48.3%, Sheikh Md. Robiul Islam (Independent Candidate (Independent)) 0.5%","Bangladesh Nationalist Party (BNP) (49.6%), Bangladesh Khelafat Majlish (BKM) (48.3%), Independent Candidate (Independent) (0.5%)",88387.0,0.4958124610836554,0.0,0.0,486.0,0.0027262477070910487,86067.0,0.4827982744983648,88723.0,0.4976972743132492,0.0,0.0,-,-,-,-,-,-,-,-,-,-,-,86067.0,-,-,331.0,464.0,-,-,88387.0,-,-,486.0,-,-,-,-,-,-,-,-,336.0,1683.0,513.0,-,-,-,-,-,-,-,-,-,-,-,-,-,-,-,-,-,-
319096,187,Dhaka 14,Dhaka,Dhaka,"DNCC Wards 7, 8, 9, 10, 11, 12",True,206956.0,"Mir Ahmad Bin Quasem (Bangladesh Jamaat-e-Islami (Jamaat)) 48.9%, Sanjida Islam (Bangladesh Nationalist Party (BNP)) 40.3%, Syed Abu Bakar Siddiqui (Independent Candidate (Independent)) 7.9%","Bangladesh Jamaat-e-Islami (Jamaat) (48.9%), Bangladesh Nationalist Party (BNP) (40.3%), Independent Candidate (Independent) (7.9%)",83323.0,0.40261214944239354,101113.0,0.4885724501826475,219.0,0.0010581959450317942,101636.0,0.49109955739384215,83323.0,0.40261214944239354,0.0,0.0,138.0,-,-,-,-,101113.0,-,-,-,-,-,-,-,385.0,-,-,-,-,83323.0,-,83.0,-,-,-,302.0,369.0,-,-,79.0,-,-,16328.0,-,3760.0,-,-,-,-,-,857.0,-,219.0,-,-,-,-,-,-,-,-,-
319101,188,Dhaka 15,Dhaka,Dhaka,"DNCC Wards 13, 14, 15, 16, 17, 18",True,152484.0,"Md. Shafiqur Rahman (Bangladesh Jamaat-e-Islami (Jamaat)) 55.8%, Md. Safiqul Islam Khan (Bangladesh Nationalist Party (BNP)) 41.7%, Md. Shamsul Haque (Jatiya Party (JaPa)) 0.9%","Bangladesh Jamaat-e-Islami (Jamaat) (55.8%), Bangladesh Nationalist Party (BNP) (41.7%), Jatiya Party (JaPa) (0.9%)",63517.0,0.4165486214947142,85131.0,0.5582946407491933,210.0,0.0013771936727787833,85131.0,0.5582946407491933,63517.0,0.4165486214947142,0.0,0.0,-,-,-,-,-,85131.0,-,-,210.0,-,-,-,-,-,-,-,-,-,63517.0,-,-,-,-,-,326.0,1501.0,-,-,-,-,-,-,-,-,-,-,-,378.0,-,1421.0,-,-,-,-,-,-,-,-,-,-,-
319106,189,Dhaka 16,Dhaka,Dhaka,"DNCC Wards 4, 5, 6, and Mirpur Police Station Area",True,180799.0,"Md. Abdul Baten (Bangladesh Jamaat-e-Islami (Jamaat)) 49.1%, Md. Aminul Huq (Bangladesh Nationalist Party (BNP)) 47.3%, Md. Saiful Islam (Islami Andolan Bangladesh (IAB)) 2.0%","Bangladesh Jamaat-e-Islami (Jamaat) (49.1%), Bangladesh Nationalist Party (BNP) (47.3%), Islami Andolan Bangladesh (IAB) (2.0%)",85467.0,0.4727183225570938,88828.0,0.49130802714616784,0.0,0.0,89424.0,0.4946045055558936,85576.0,0.47332120199779865,0.0,0.0,-,-,-,-,-,88828.0,138.0,-,-,-,102.0,-,494.0,-,-,-,-,-,85467.0,-,-,-,142.0,-,-,-,-,-,-,-,109.0,-,-,3679.0,-,-,-,-,-,1464.0,-,-,-,-,-,-,167.0,-,-,209.0,-
319111,190,Dhaka 17,Dhaka,Dhaka,"DNCC Wards 1, 2, 3, and Khilkhet Union Parishad Area",True,145677.0,"Tarique Rahman (Bangladesh Nationalist Party (BNP)) 49.9%, S. M. Khalekuzzaman (Bangladesh Jamaat-e-Islami (Jamaat)) 46.9%, Md. Ullah (Islami Andolan Bangladesh (IAB)) 1.2%","Bangladesh Nationalist Party (BNP) (49.9%), Bangladesh Jamaat-e-Islami (Jamaat) (46.9%), Islami Andolan Bangladesh (IAB) (1.2%)",72699.0,0.4990424020264009,68300.0,0.4688454594754148,0.0,0.0,68360.0,0.46925732957158645,72699.0,0.4990424020264009,0.0,0.0,-,-,130.0,-,-,68300.0,92.0,-,-,-,-,-,60.0,-,-,-,-,61.0,72699.0,-,-,-,-,-,-,-,-,-,-,-,-,278.0,80.0,1768.0,-,-,-,-,-,1168.0,1041.0,-,-,-,-,-,-,-,-,-,-
319116,191,Dhaka 18,Dhaka,Dhaka,"DNCC Wards 36, 37, 38, 39, 40, 41, 42, 43, 44",True,269989.0,"S. M. Jahangir Hossain (Bangladesh Nationalist Party (BNP)) 53.6%, Ariful Islam (National Citizen Party (NCP)) 41.2%, Md. Anwar Hossain (Islami Andolan Bangladesh (IAB)) 1.8%","Bangladesh Nationalist Party (BNP) (53.6%), National Citizen Party (NCP) (41.2%), Islami Andolan Bangladesh (IAB) (1.8%)",144715.0,0.536003318653723,0.0,0.0,610.0,0.002259351306905096,111297.0,0.4122279055813385,144715.0,0.536003318653723,0.0,0.0,-,-,-,-,1647.0,-,-,-,-,-,-,-,-,-,-,-,-,-,144715.0,-,-,260.0,-,-,-,-,-,-,-,-,-,4135.0,-,4727.0,-,-,-,-,-,2557.0,-,-,-,-,350.0,111297.0,301.0,-,-,-,-
319121,192,Dhaka 19,Dhaka,Dhaka,Savar Upazila (excluding parts in Dhaka-2 and Dhaka-20),True,316259.0,"Dewan Md. Salahuddin (Bangladesh Nationalist Party (BNP)) 60.4%, Dilshana Parul (National Citizen Party (NCP)) 39.6%","Bangladesh Nationalist Party (BNP) (60.4%), National Citizen Party (NCP) (39.6%)",190976.0,0.6038594949076548,0.0,0.0,0.0,0.0,125283.0,0.3961405050923452,190976.0,0.6038594949076548,0.0,0.0,-,-,-,-,-,-,-,-,-,-,-,-,-,-,-,-,-,-,190976.0,-,-,-,-,-,-,-,-,-,-,-,-,-,-,-,-,-,-,-,-,-,-,-,-,-,-,125283.0,-,-,-,-,-
319131,193,Dhaka 20,Dhaka,Dhaka,Dhamrai Upazila,True,233380.0,"Md. Tamiz Uddin (Bangladesh Nationalist Party (BNP)) 69.6%, Nabila Tasnid (National Citizen Party (NCP)) 24.8%, Md. Ashraf Ali (Khelafat Majlis) 4.0%","Bangladesh Nationalist Party (BNP) (69.6%), National Citizen Party (NCP) (24.8%), Khelafat Majlis (4.0%)",162504.0,0.6963064529951153,0.0,0.0,207.0,0.0008869654640500472,67534.0,0.28937355386065644,162504.0,0.6963064529951153,0.0,0.0,492.0,-,-,-,-,-,-,-,207.0,-,-,-,-,-,-,-,-,-,162504.0,-,-,-,-,-,-,-,-,-,-,-,-,-,-,-,-,-,-,-,-,3135.0,-,-,-,9255.0,-,57787.0,-,-,-,-,-
319286,194,Gazipur 1,Dhaka,Gazipur,"Kaliakair Upazila, Gazipur City Corporation (Wards 1-18)",True,374494.0,"Md. Mojibur Rahman (Bangladesh Nationalist Party (BNP)) 55.7%, Md. Shah Alam Bakshi (Bangladesh Jamaat-e-Islami (Jamaat)) 39.9%, Md. Imarat Hossain Khan (Independent Candidate (Independent)) 1.8%","Bangladesh Nationalist Party (BNP) (55.7%), Bangladesh Jamaat-e-Islami (Jamaat) (39.9%), Independent Candidate (Independent) (1.8%)",208688.0,0.5572532537236912,149553.0,0.39934685201899095,0.0,0.0,149721.0,0.3997954573371002,208688.0,0.5572532537236912,0.0,0.0,-,-,-,-,-,149553.0,-,-,-,-,-,-,168.0,-,-,-,-,-,208688.0,-,-,-,-,-,-,-,-,-,-,129.0,-,6703.0,-,5696.0,-,-,-,-,-,3325.0,-,-,-,-,-,-,-,-,-,232.0,-
319291,195,Gazipur 2,Dhaka,Gazipur,"Gazipur City Corporation (Wards 19-38, 43-46)",True,350983.0,"M. Manjurul Karim Roni (Bangladesh Nationalist Party (BNP)) 53.7%, Ali Nasser Khan (National Citizen Party (NCP)) 40.2%, Hanif Sarkar (Islami Andolan Bangladesh (IAB)) 3.6%","Bangladesh Nationalist Party (BNP) (53.7%), National Citizen Party (NCP) (40.2%), Islami Andolan Bangladesh (IAB) (3.6%)",188606.0,0.5373650575668907,0.0,0.0,1155.0,0.003290757672024001,140950.0,0.40158640162059134,188851.0,0.5380630970730776,0.0,0.0,-,-,-,-,-,-,-,-,-,-,-,-,-,-,-,-,-,-,188606.0,-,-,1155.0,-,-,-,1397.0,-,-,-,200.0,245.0,444.0,417.0,12657.0,-,-,-,537.0,-,4125.0,-,-,-,-,-,140950.0,-,-,-,250.0,-
319296,196,Gazipur 3,Dhaka,Gazipur,"Kapasia Upazila, Sreepur Upazila (partial)",True,295692.0,"S. M. Rafiqul Islam (Bangladesh Nationalist Party (BNP)) 54.9%, Md. Ehsanul Haque (Bangladesh Khelafat Majlish (BKM)) 34.0%, Md. Izadur Rahman Chowdhury (Independent Candidate (Independent)) 7.4%","Bangladesh Nationalist Party (BNP) (54.9%), Bangladesh Khelafat Majlish (BKM) (34.0%), Independent Candidate (Independent) (7.4%)",162343.0,0.5490273663135966,0.0,0.0,484.0,0.0016368383317776605,100539.0,0.3400125806582525,162343.0,0.5490273663135966,0.0,0.0,-,-,-,-,-,-,-,-,-,-,-,100539.0,-,-,-,-,-,-,162343.0,-,-,484.0,-,-,-,-,-,-,-,-,-,21963.0,-,6036.0,2332.0,-,-,-,-,1995.0,-,-,-,-,-,-,-,-,-,-,-
319301,197,Gazipur 4,Dhaka,Gazipur,Kaliganj Upazila,True,199689.0,"Salah Uddin (Bangladesh Jamaat-e-Islami (Jamaat)) 51.0%, Shah Riazul Hannan (Bangladesh Nationalist Party (BNP)) 45.3%, Md. Kazim Uddin (Islami Andolan Bangladesh (IAB)) 1.2%","Bangladesh Jamaat-e-Islami (Jamaat) (51.0%), Bangladesh Nationalist Party (BNP) (45.3%), Islami Andolan Bangladesh (IAB) (1.2%)",90390.0,0.4526538767783904,101779.0,0.5096875641622723,0.0,0.0,101779.0,0.5096875641622723,90390.0,0.4526538767783904,0.0,0.0,-,278.0,-,-,-,101779.0,-,-,-,-,-,-,-,-,-,-,-,-,90390.0,-,-,-,-,-,-,1091.0,-,-,-,-,-,1521.0,-,2348.0,-,-,-,-,-,2147.0,-,-,-,-,-,-,135.0,-,-,-,-
319306,198,Gazipur 5,Dhaka,Gazipur,"Gazipur Sadar Upazila, Pubail Thana Area, Gazipur City Corporation (Wards 39-42)",True,225552.0,"A. K. M. Fazlul Haque Milon (Bangladesh Nationalist Party (BNP)) 59.4%, Md. Khairul Hasan (Bangladesh Jamaat-e-Islami (Jamaat)) 34.6%, Md. Azam Khan (Janotar Dol) 2.9%","Bangladesh Nationalist Party (BNP) (59.4%), Bangladesh Jamaat-e-Islami (Jamaat) (34.6%), Janotar Dol (2.9%)",133869.0,0.5935172377101511,78123.0,0.34636358799744627,0.0,0.0,78123.0,0.34636358799744627,133869.0,0.5935172377101511,0.0,0.0,-,-,-,-,-,78123.0,-,-,-,-,-,-,-,-,-,-,-,-,133869.0,-,-,-,-,-,-,-,-,-,223.0,-,-,-,-,4411.0,-,837.0,-,6592.0,-,1497.0,-,-,-,-,-,-,-,-,-,-,-
319911,199,Narsingdi 1,Dhaka,Narsingdi,Narsingdi Sadar Upazila,True,273139.0,"Khairul Kabir Khokon (Bangladesh Nationalist Party (BNP)) 59.1%, Md. Ibrahim Bhuya (Bangladesh Jamaat-e-Islami (Jamaat)) 34.9%, Md. Ashraf Hossain Bhuya (Islami Andolan Bangladesh (IAB)) 5.0%","Bangladesh Nationalist Party (BNP) (59.1%), Bangladesh Jamaat-e-Islami (Jamaat) (34.9%), Islami Andolan Bangladesh (IAB) (5.0%)",161405.0,0.5909262316988786,95349.0,0.34908599650727284,0.0,0.0,95349.0,0.34908599650727284,161890.0,0.5927018843885348,0.0,0.0,-,-,-,-,955.0,95349.0,-,-,-,-,-,-,-,-,-,-,-,-,161405.0,-,-,-,-,-,-,-,-,-,179.0,-,485.0,-,207.0,13547.0,-,-,-,-,-,1012.0,-,-,-,-,-,-,-,-,-,-,-
319916,200,Narsingdi 2,Dhaka,Narsingdi,"Palash Upazila, Monohardi Upazila",True,204347.0,"Abdul Moin Khan (Bangladesh Nationalist Party (BNP)) 45.4%, Md. Amjad Hossain (Bangladesh Jamaat-e-Islami (Jamaat)) 27.4%, Md. Golam Sarwar (National Citizen Party (NCP)) 26.2%","Bangladesh Nationalist Party (BNP) (45.4%), Bangladesh Jamaat-e-Islami (Jamaat) (27.4%), National Citizen Party (NCP) (26.2%)",92739.0,0.45383098357206125,55920.0,0.2736521700832408,0.0,0.0,109380.0,0.5352659936284849,92739.0,0.45383098357206125,0.0,0.0,-,-,-,-,-,55920.0,-,-,-,-,-,-,-,-,-,-,-,-,92739.0,-,-,-,-,-,-,-,-,-,-,-,-,-,235.0,-,-,708.0,-,-,-,1285.0,-,-,-,-,-,53460.0,-,-,-,-,-
319921,201,Narsingdi 3,Dhaka,Narsingdi,Shibpur Upazila,True,167421.0,"Manzoor Elahi (Bangladesh Nationalist Party (BNP)) 49.0%, Md. Ariful Islam Mridha (Independent Candidate (Independent)) 27.3%, Md. Rakibul Islam (Bangladesh Khelafat Majlish (BKM)) 15.2%","Bangladesh Nationalist Party (BNP) (49.0%), Independent Candidate (Independent) (27.3%), Bangladesh Khelafat Majlish (BKM) (15.2%)",82061.0,0.4901475919986143,5066.0,0.030259047550785147,0.0,0.0,30559.0,0.1825278788204586,82061.0,0.4901475919986143,0.0,0.0,-,-,-,-,-,5066.0,-,-,-,-,-,25493.0,-,-,-,-,-,-,82061.0,-,-,-,-,-,-,-,-,-,-,-,-,45682.0,622.0,6483.0,-,-,-,-,-,266.0,-,-,-,-,-,-,-,-,-,-,1748.0
319926,202,Narsingdi 4,Dhaka,Narsingdi,"Belabo Upazila, Raipura Upazila",True,254035.0,"Sardar Md. Sakhawat Hossain (Bangladesh Nationalist Party (BNP)) 64.3%, Md. Jahangir Alam (Bangladesh Jamaat-e-Islami (Jamaat)) 31.0%, Md. Saifullah (Islami Andolan Bangladesh (IAB)) 2.8%","Bangladesh Nationalist Party (BNP) (64.3%), Bangladesh Jamaat-e-Islami (Jamaat) (31.0%), Islami Andolan Bangladesh (IAB) (2.8%)",163392.0,0.6431869624264372,78744.0,0.30997303521168346,0.0,0.0,79208.0,0.3117995551794044,163392.0,0.6431869624264372,0.0,0.0,-,-,163.0,-,-,78744.0,-,-,-,-,-,464.0,-,-,-,-,-,-,163392.0,-,-,-,-,-,-,839.0,-,-,-,-,-,-,1728.0,7079.0,-,-,-,454.0,-,1172.0,-,-,-,-,-,-,-,-,-,-,-
319931,203,Narsingdi 5,Dhaka,Narsingdi,"Shibpur Upazila (partial), Narsingdi Sadar Upazila (partial)",True,226755.0,"Md. Ashraf Uddin (Bangladesh Nationalist Party (BNP)) 60.7%, Tajul Islam (Bangladesh Khelafat Majlish (BKM)) 19.8%, Badruzzaman Ujjal (Islami Andolan Bangladesh (IAB)) 14.6%","Bangladesh Nationalist Party (BNP) (60.7%), Bangladesh Khelafat Majlish (BKM) (19.8%), Islami Andolan Bangladesh (IAB) (14.6%)",137690.0,0.6072192454411148,0.0,0.0,0.0,0.0,44981.0,0.19836828294855682,137690.0,0.6072192454411148,0.0,0.0,-,-,-,-,2424.0,-,-,-,-,-,-,44981.0,-,-,-,-,-,-,137690.0,-,-,-,-,-,-,-,-,-,-,-,-,6975.0,1076.0,33109.0,-,-,-,-,-,500.0,-,-,-,-,-,-,-,-,-,-,-
319881,204,Narayanganj 1,Dhaka,Narayanganj,Rupganj Upazila,True,258384.0,"Mustafizur Rahman Bhuiyan (Bangladesh Nationalist Party (BNP)) 61.3%, Md. Anwar Hosen Molla (Bangladesh Jamaat-e-Islami (Jamaat)) 35.5%, Md. Imdadullah (Islami Andolan Bangladesh (IAB)) 2.8%","Bangladesh Nationalist Party (BNP) (61.3%), Bangladesh Jamaat-e-Islami (Jamaat) (35.5%), Islami Andolan Bangladesh (IAB) (2.8%)",158358.0,0.6128785064090656,91690.0,0.3548594340206824,0.0,0.0,91690.0,0.3548594340206824,158577.0,0.6137260821103474,0.0,0.0,-,-,-,-,-,91690.0,-,-,-,-,-,-,-,-,-,-,-,-,158358.0,-,-,-,-,-,-,261.0,-,-,-,-,219.0,463.0,207.0,7186.0,-,-,-,-,-,-,-,-,-,-,-,-,-,-,-,-,-
319886,205,Narayanganj 2,Dhaka,Narayanganj,Araihazar Upazila,True,230073.0,"Md. Nazrul Islam Azad (Bangladesh Nationalist Party (BNP)) 54.0%, Md. Elias Molla (Bangladesh Jamaat-e-Islami (Jamaat)) 35.2%, Md. Ataur Rahman Khan (Independent Candidate (Independent)) 8.1%","Bangladesh Nationalist Party (BNP) (54.0%), Bangladesh Jamaat-e-Islami (Jamaat) (35.2%), Independent Candidate (Independent) (8.1%)",124291.0,0.5402241897136996,81054.0,0.3522968796860127,0.0,0.0,81054.0,0.3522968796860127,124433.0,0.5408413851255905,0.0,0.0,-,-,-,-,-,81054.0,-,-,-,-,-,-,-,-,-,-,-,-,124291.0,-,227.0,-,-,-,-,350.0,-,-,-,-,142.0,18744.0,-,5265.0,-,-,-,-,-,-,-,-,-,-,-,-,-,-,-,-,-
319891,206,Narayanganj 3,Dhaka,Narayanganj,Sonargaon Upazila,True,333052.0,"Azharul Islam Mannan (Bangladesh Nationalist Party (BNP)) 46.7%, Md. Iqbal Kartim Bhuiyan (Bangladesh Jamaat-e-Islami (Jamaat)) 40.5%, Md. Ghiyas Uddin (Independent Candidate (Independent)) 6.1%","Bangladesh Nationalist Party (BNP) (46.7%), Bangladesh Jamaat-e-Islami (Jamaat) (40.5%), Independent Candidate (Independent) (6.1%)",155400.0,0.4665938051715648,134918.0,0.4050959009403937,838.0,0.002516123608325427,137017.0,0.4113982200977625,156552.0,0.47005272449947755,0.0,0.0,137.0,-,-,-,-,134918.0,-,-,-,-,769.0,1193.0,-,-,-,-,-,-,155400.0,-,-,-,-,-,-,-,-,838.0,-,-,314.0,24975.0,-,14223.0,-,-,-,285.0,-,-,-,-,-,-,-,-,-,-,-,-,-
319896,207,Narayanganj 4,Dhaka,Narayanganj,"Narayanganj Sadar Upazila (partial), Narayanganj City Corporation (Wards 1-18)",True,259359.0,"Abdullah Al Amin (National Citizen Party (NCP)) 40.9%, Monir Hossain (Jamiat Ulema-e-Islam Bangladesh (JUIB)) 31.1%, Md. Shah Alam (Independent Candidate (Independent)) 12.2%","National Citizen Party (NCP) (40.9%), Jamiat Ulema-e-Islam Bangladesh (JUIB) (31.1%), Independent Candidate (Independent) (12.2%)",0.0,0.0,0.0,0.0,282.0,0.0010872959874151274,106971.0,0.41244375556660845,106.0,0.00040869991016313296,0.0,0.0,-,-,-,-,-,-,-,-,-,-,-,800.0,-,-,-,-,-,-,-,-,11328.0,282.0,-,-,643.0,479.0,-,-,-,-,106.0,41368.0,-,16746.0,-,-,80619.0,-,-,817.0,-,-,-,-,-,106171.0,-,-,-,-,-
319901,208,Narayanganj 5,Dhaka,Narayanganj,"Narayanganj Sadar Upazila (partial), Narayanganj City Corporation (Wards 19-27), Bandar Upazila",True,266357.0,"Abul Kalam (Bangladesh Nationalist Party (BNP)) 43.1%, Abm Shirajul Mamun (Khelafat Majlis) 38.0%, Md. Maksud Hossain (Independent Candidate (Independent)) 12.8%","Bangladesh Nationalist Party (BNP) (43.1%), Khelafat Majlis (38.0%), Independent Candidate (Independent) (12.8%)",114799.0,0.43099674497009655,0.0,0.0,1393.0,0.005229823132112166,101196.0,0.37992618928730987,116465.0,0.43725150831402965,0.0,0.0,-,-,-,-,-,-,-,-,-,-,-,-,-,-,-,-,-,-,114799.0,-,-,370.0,242.0,-,-,1575.0,-,1023.0,-,-,643.0,34151.0,-,7708.0,-,4650.0,-,-,-,-,-,-,-,101196.0,-,-,-,-,-,-,-
320146,209,Rajbari 1,Dhaka,Rajbari,"Rajbari Sadar Upazila, Goalanda Upazila",True,266306.0,"Ali Newaz Mahmud Khaiyam (Bangladesh Nationalist Party (BNP)) 58.0%, Md. Nurul Islam (Bangladesh Jamaat-e-Islami (Jamaat)) 38.0%, Md. Ali Biswas (Zaker Party (ZP)) 3.0%","Bangladesh Nationalist Party (BNP) (58.0%), Bangladesh Jamaat-e-Islami (Jamaat) (38.0%), Zaker Party (ZP) (3.0%)",154541.0,0.580313624176699,101092.0,0.37960842038857556,0.0,0.0,101092.0,0.37960842038857556,154541.0,0.580313624176699,0.0,0.0,-,-,-,-,-,101092.0,-,-,-,-,-,-,-,-,-,-,-,-,154541.0,-,-,-,-,-,-,-,-,-,-,-,-,-,-,-,-,-,-,-,-,2586.0,-,-,-,-,-,-,-,-,-,-,8087.0
320151,210,Rajbari 2,Dhaka,Rajbari,"Pangsha Upazila, Kalukhali Upazila, Baliakandi Upazila",True,353885.0,"Md. Harun Or Rashid (Bangladesh Nationalist Party (BNP)) 67.0%, Jamil Hijazi (National Citizen Party (NCP)) 19.0%, Nasirul Haque Sabu (Independent Candidate (Independent)) 10.3%","Bangladesh Nationalist Party (BNP) (67.0%), National Citizen Party (NCP) (19.0%), Independent Candidate (Independent) (10.3%)",237254.0,0.6704268335758792,0.0,0.0,0.0,0.0,67620.0,0.1910790228464049,237887.0,0.6722155502493748,0.0,0.0,-,-,-,-,-,-,-,-,-,-,-,-,-,-,-,-,-,-,237254.0,-,-,-,266.0,-,-,-,-,-,-,-,633.0,37557.0,-,8503.0,-,-,-,-,-,2052.0,-,-,-,321.0,-,67299.0,-,-,-,-,-
319211,211,Faridpur 1,Dhaka,Faridpur,"Boalmari Upazila, Alfadanga Upazila, Madhukhali Upazila",True,318998.0,"Md. Elias Molla (Bangladesh Jamaat-e-Islami (Jamaat)) 48.3%, Khandaker Nasirul Islam (Bangladesh Nationalist Party (BNP)) 39.6%, Md. Abul Bashar Khan (Independent Candidate (Independent)) 10.8%","Bangladesh Jamaat-e-Islami (Jamaat) (48.3%), Bangladesh Nationalist Party (BNP) (39.6%), Independent Candidate (Independent) (10.8%)",126476.0,0.3964789747898106,154145.0,0.4832161957128258,0.0,0.0,154145.0,0.4832161957128258,126476.0,0.3964789747898106,0.0,0.0,-,-,-,-,-,154145.0,-,-,-,-,-,-,-,-,786.0,-,-,-,126476.0,-,-,-,-,-,-,-,-,-,-,-,-,37085.0,-,-,-,-,-,-,-,506.0,-,-,-,-,-,-,-,-,-,-,-
319216,212,Faridpur 2,Dhaka,Faridpur,"Nagarkanda Upazila, Salta Upazila",True,214916.0,"Shama Obaid Islam (Bangladesh Nationalist Party (BNP)) 56.6%, Md. Akram Ali (Bangladesh Khelafat Majlish (BKM)) 41.6%, Shah Md. Jamal Uddin (Islami Andolan Bangladesh (IAB)) 1.1%","Bangladesh Nationalist Party (BNP) (56.6%), Bangladesh Khelafat Majlish (BKM) (41.6%), Islami Andolan Bangladesh (IAB) (1.1%)",121694.0,0.5662398332371718,0.0,0.0,0.0,0.0,89305.0,0.4155344413631372,122369.0,0.5693805952092911,0.0,0.0,-,-,257.0,-,-,-,-,-,-,-,-,89305.0,-,-,-,-,-,-,121694.0,-,-,-,-,-,-,-,-,-,-,-,675.0,-,617.0,2368.0,-,-,-,-,-,-,-,-,-,-,-,-,-,-,-,-,-
319221,213,Faridpur 3,Dhaka,Faridpur,Faridpur Sadar Upazila,True,279143.0,"Nayab Yusuf Ahmed (Bangladesh Nationalist Party (BNP)) 53.2%, Md. Abdut Tawab (Bangladesh Jamaat-e-Islami (Jamaat)) 44.5%, Km Sarwar (Islami Andolan Bangladesh (IAB)) 1.4%","Bangladesh Nationalist Party (BNP) (53.2%), Bangladesh Jamaat-e-Islami (Jamaat) (44.5%), Islami Andolan Bangladesh (IAB) (1.4%)",148545.0,0.5321466058615119,124115.0,0.44462873867515934,251.0,0.0008991807066628932,124115.0,0.44462873867515934,148545.0,0.5321466058615119,0.0,0.0,-,-,-,-,-,124115.0,-,-,-,-,-,-,-,-,-,-,-,-,148545.0,-,-,-,-,-,-,957.0,-,-,-,-,-,1253.0,-,4022.0,-,-,-,-,-,-,-,251.0,-,-,-,-,-,-,-,-,-
319226,214,Faridpur 4,Dhaka,Faridpur,"Bhanga Upazila, Charbhadrasan Upazila",True,274996.0,"Md. Shahidul Islam (Bangladesh Nationalist Party (BNP)) 46.3%, Md. Sarwar Hossain (Bangladesh Jamaat-e-Islami (Jamaat)) 27.6%, Aam Mujahid Beg (Independent Candidate (Independent)) 20.4%","Bangladesh Nationalist Party (BNP) (46.3%), Bangladesh Jamaat-e-Islami (Jamaat) (27.6%), Independent Candidate (Independent) (20.4%)",127443.0,0.463435831793917,75805.0,0.27565855503352776,0.0,0.0,76923.0,0.27972406871372674,127443.0,0.463435831793917,0.0,0.0,-,-,-,-,-,75805.0,-,-,-,-,-,1118.0,-,-,-,-,-,-,127443.0,-,-,-,-,-,-,714.0,-,-,-,-,-,57868.0,-,11498.0,-,-,-,-,-,550.0,-,-,-,-,-,-,-,-,-,-,-
319316,215,Gopalganj 1,Dhaka,Gopalganj,"Muksudpur Upazila, Kashiani Upazila (partial)",True,191979.0,"Md. Selimuzzaman Molla (Bangladesh Nationalist Party (BNP)) 36.2%, Md. Kabir Mia (Gono Odhikar Parishad (GOP)) 28.3%, Md. Abdul Hamid Molla (Bangladesh Jamaat-e-Islami (Jamaat)) 18.0%","Bangladesh Nationalist Party (BNP) (36.2%), Gono Odhikar Parishad (GOP) (28.3%), Bangladesh Jamaat-e-Islami (Jamaat) (18.0%)",69462.0,0.3618208241526417,34635.0,0.18041035738283875,0.0,0.0,34635.0,0.18041035738283875,123791.0,0.6448153183421104,0.0,0.0,-,-,-,-,-,34635.0,-,-,-,-,-,-,-,-,-,-,-,-,69462.0,-,-,-,-,-,-,349.0,-,-,-,-,54329.0,26713.0,-,5870.0,-,-,-,-,-,621.0,-,-,-,-,-,-,-,-,-,-,-
319321,216,Gopalganj 2,Dhaka,Gopalganj,"Gopalganj Sadar Upazila, Kotalipara Upazila (partial)",True,148621.0,"Km Babar (Bangladesh Nationalist Party (BNP)) 26.9%, Mh Khan Monju (Independent Candidate (Independent)) 22.2%, Shuaib Ibrahim (Bangladesh Khelafat Majlish (BKM)) 19.2%","Bangladesh Nationalist Party (BNP) (26.9%), Independent Candidate (Independent) (22.2%), Bangladesh Khelafat Majlish (BKM) (19.2%)",40048.0,0.26946393847437444,0.0,0.0,0.0,0.0,28604.0,0.1924627071544398,40353.0,0.2715161383653723,0.0,0.0,-,-,-,-,-,-,-,-,-,-,-,28604.0,-,-,-,-,-,-,40048.0,-,-,-,-,-,-,-,-,-,215.0,-,305.0,74748.0,-,2911.0,-,-,-,-,-,419.0,-,-,-,-,-,-,-,-,-,-,1371.0
319326,217,Gopalganj 3,Dhaka,Gopalganj,"Tungipara Upazila, Kotalipara Upazila (partial)",True,127748.0,"Sm Jilani (Bangladesh Nationalist Party (BNP)) 47.7%, Gobinda Chandra Pramanik (Independent Candidate (Independent)) 26.9%, Abdul Aziz (Bangladesh Khelafat Majlish (BKM)) 19.7%","Bangladesh Nationalist Party (BNP) (47.7%), Independent Candidate (Independent) (26.9%), Bangladesh Khelafat Majlish (BKM) (19.7%)",60991.0,0.4774321320098945,0.0,0.0,0.0,0.0,25153.0,0.19689545041801046,63591.0,0.4977847011303504,0.0,0.0,-,-,-,-,-,-,-,-,-,-,-,25153.0,-,-,-,-,-,-,60991.0,-,-,-,-,-,-,-,-,-,269.0,-,2600.0,38144.0,-,-,-,-,-,-,-,-,-,-,-,-,-,-,591.0,-,-,-,-
319656,218,Madaripur 1,Dhaka,Madaripur,Shibchar Upazila,True,178991.0,"Sayed Uddin Ahmad Hanzala (Bangladesh Khelafat Majlish (BKM)) 36.3%, Nadira Akhter (Bangladesh Nationalist Party (BNP)) 36.0%, Kamal Zaman Molla (Independent Candidate (Independent)) 20.4%","Bangladesh Khelafat Majlish (BKM) (36.3%), Bangladesh Nationalist Party (BNP) (36.0%), Independent Candidate (Independent) (20.4%)",64524.0,0.36048739880776126,0.0,0.0,0.0,0.0,64978.0,0.3630238391874452,67550.0,0.3773932767569319,0.0,0.0,-,-,-,-,-,-,-,-,-,-,-,64909.0,69.0,-,-,-,-,-,64524.0,-,-,-,-,-,-,208.0,-,-,-,-,3026.0,39870.0,-,6205.0,-,-,-,-,-,180.0,-,-,-,-,-,-,-,-,-,-,-
319661,219,Madaripur 2,Dhaka,Madaripur,Madaripur Sadar Upazila,True,185670.0,"Md. Jahandar Ali Mia (Bangladesh Nationalist Party (BNP)) 33.3%, Milton Baidya (Independent Candidate (Independent)) 25.0%, Abdus Sobhan (Bangladesh Khelafat Majlish (BKM)) 19.5%","Bangladesh Nationalist Party (BNP) (33.3%), Independent Candidate (Independent) (25.0%), Bangladesh Khelafat Majlish (BKM) (19.5%)",61744.0,0.3325469919750094,0.0,0.0,128.0,0.0006893951634620564,36169.0,0.19480260677546185,61744.0,0.3325469919750094,0.0,0.0,-,-,-,-,-,-,-,-,-,301.0,-,36169.0,-,-,-,-,-,-,61744.0,-,-,128.0,-,-,-,-,-,-,-,-,-,69817.0,-,16865.0,-,-,-,-,-,646.0,-,-,-,-,-,-,-,-,-,-,-
319666,220,Madaripur 3,Dhaka,Madaripur,"Kalkini Upazila, Dasherhat Upazila",True,196762.0,"Anisur Rahman (Bangladesh Nationalist Party (BNP)) 48.9%, Md. Rafiqul Islam (Bangladesh Jamaat-e-Islami (Jamaat)) 43.0%, Md. Azizul Haque (Islami Andolan Bangladesh (IAB)) 6.6%","Bangladesh Nationalist Party (BNP) (48.9%), Bangladesh Jamaat-e-Islami (Jamaat) (43.0%), Islami Andolan Bangladesh (IAB) (6.6%)",96188.0,0.48885455524948923,84646.0,0.43019485469755336,363.0,0.001844868419715189,84646.0,0.43019485469755336,96188.0,0.48885455524948923,0.0,0.0,-,-,-,-,-,84646.0,-,-,-,-,-,-,-,-,-,-,-,-,96188.0,-,-,363.0,-,-,2507.0,-,-,-,-,-,-,-,-,13058.0,-,-,-,-,-,-,-,-,-,-,-,-,-,-,-,-,-
320266,221,Shariatpur 1,Dhaka,Shariatpur,"Shariatpur Sadar Upazila, Palong Upazila",True,167577.0,"Saeed Ahmed (Bangladesh Nationalist Party (BNP)) 46.2%, Jalaluddin Ahmad (Bangladesh Khelafat Majlish (BKM)) 37.4%, Syed Nazrul Islam (Independent Candidate (Independent)) 8.7%","Bangladesh Nationalist Party (BNP) (46.2%), Bangladesh Khelafat Majlish (BKM) (37.4%), Independent Candidate (Independent) (8.7%)",77398.0,0.46186529177631774,0.0,0.0,0.0,0.0,63192.0,0.3770923217386634,77949.0,0.4651533324978965,0.0,0.0,-,-,-,-,-,-,-,-,-,-,-,62717.0,-,-,-,-,-,-,77398.0,-,-,-,-,-,616.0,-,-,-,-,-,551.0,15003.0,-,10817.0,-,-,-,-,-,-,-,-,-,-,-,475.0,-,-,-,-,-
320271,222,Shariatpur 2,Dhaka,Shariatpur,"Gosairhat Upazila, Damudya Upazila",True,211248.0,"Md. Safiqur Rahman Kiran (Bangladesh Nationalist Party (BNP)) 61.5%, Mahmud Hossain (Bangladesh Jamaat-e-Islami (Jamaat)) 33.6%, Imran Hossain (Islami Andolan Bangladesh (IAB)) 3.1%","Bangladesh Nationalist Party (BNP) (61.5%), Bangladesh Jamaat-e-Islami (Jamaat) (33.6%), Islami Andolan Bangladesh (IAB) (3.1%)",129814.0,0.6145099598576081,70892.0,0.3355866091039915,0.0,0.0,71205.0,0.3370682799363781,130097.0,0.6158496175111717,0.0,0.0,-,-,-,-,-,70892.0,-,-,-,-,313.0,-,-,-,-,-,-,-,129814.0,-,-,-,-,-,-,-,-,-,-,-,283.0,452.0,-,6505.0,-,-,-,442.0,-,2547.0,-,-,-,-,-,-,-,-,-,-,-
320276,223,Shariatpur 3,Dhaka,Shariatpur,"Bhedarganj Upazila, Jajira Upazila",True,189078.0,"Mia Nuruddin Ahmed Apu (Bangladesh Nationalist Party (BNP)) 56.9%, Md. Azharul Islam (Bangladesh Jamaat-e-Islami (Jamaat)) 36.9%, Hanif Mia (Islami Andolan Bangladesh (IAB)) 5.2%","Bangladesh Nationalist Party (BNP) (56.9%), Bangladesh Jamaat-e-Islami (Jamaat) (36.9%), Islami Andolan Bangladesh (IAB) (5.2%)",107516.0,0.5686330509102063,69684.0,0.36854631421952844,0.0,0.0,69684.0,0.36854631421952844,107516.0,0.5686330509102063,0.0,0.0,-,-,-,-,-,69684.0,-,-,-,-,-,-,-,-,-,-,-,-,107516.0,-,-,-,-,-,-,-,-,-,-,-,-,-,-,9814.0,-,-,-,-,-,2064.0,-,-,-,-,-,-,-,-,-,-,-
320341,224,Sunamganj 1,Sylhet,Sunamganj,"Dharmapasha Upazila, Tahirpur Upazila, Jamalganj Upazila",True,255924.0,"Kamruzzaman Kamrul (Bangladesh Nationalist Party (BNP)) 63.2%, Tofael Ahmed (Bangladesh Jamaat-e-Islami (Jamaat)) 36.3%, Muzammil Haque Talukdar (Bangladesh Nezame Islam Party (BNIP)) 0.5%","Bangladesh Nationalist Party (BNP) (63.2%), Bangladesh Jamaat-e-Islami (Jamaat) (36.3%), Bangladesh Nezame Islam Party (BNIP) (0.5%)",161774.0,0.6321173473374908,92966.0,0.36325627920788983,0.0,0.0,94150.0,0.3678826526625092,161774.0,0.6321173473374908,0.0,0.0,-,-,-,-,-,92966.0,-,-,-,-,-,-,-,-,-,-,-,-,161774.0,1184.0,-,-,-,-,-,-,-,-,-,-,-,-,-,-,-,-,-,-,-,-,-,-,-,-,-,-,-,-,-,-,-
320346,225,Sunamganj 2,Sylhet,Sunamganj,"Dirai Upazila, Shalla Upazila",True,163974.0,"Md. Nasir Chowdhury (Bangladesh Nationalist Party (BNP)) 60.7%, Md. Shishir Manir (Bangladesh Jamaat-e-Islami (Jamaat)) 38.6%, Niranjan Das (Communist Party of Bangladesh (CPB)) 0.8%","Bangladesh Nationalist Party (BNP) (60.7%), Bangladesh Jamaat-e-Islami (Jamaat) (38.6%), Communist Party of Bangladesh (CPB) (0.8%)",99522.0,0.6069376852427824,63220.0,0.38554892848866285,0.0,0.0,63220.0,0.38554892848866285,99522.0,0.6069376852427824,0.0,0.0,-,-,-,-,-,63220.0,-,-,-,-,-,-,-,-,-,-,-,-,99522.0,-,-,-,-,-,-,1232.0,-,-,-,-,-,-,-,-,-,-,-,-,-,-,-,-,-,-,-,-,-,-,-,-,-
320351,226,Sunamganj 3,Sylhet,Sunamganj,"Jagannathpur Upazila, South Sunamganj Upazila",True,159330.0,"Md. Koyshar Ahmed (Bangladesh Nationalist Party (BNP)) 61.1%, Md. Anwar Hossain (Independent Candidate (Independent)) 26.5%, Md. Shahinur Pasha Chowdhury (Bangladesh Khelafat Majlish (BKM)) 8.9%","Bangladesh Nationalist Party (BNP) (61.1%), Independent Candidate (Independent) (26.5%), Bangladesh Khelafat Majlish (BKM) (8.9%)",97313.0,0.6107638235109522,0.0,0.0,0.0,0.0,19377.0,0.1216155149689324,97313.0,0.6107638235109522,0.0,0.0,4937.0,-,-,-,-,-,-,-,-,-,-,14203.0,-,-,-,-,-,-,97313.0,-,-,-,-,-,-,-,-,-,-,-,-,42640.0,-,-,-,-,-,-,-,-,-,-,-,237.0,-,-,-,-,-,-,-
320356,227,Sunamganj 4,Sylhet,Sunamganj,"Sunamganj Sadar Upazila, Bishwambarpur Upazila",True,203858.0,"Nurul Islam (Bangladesh Nationalist Party (BNP)) 48.1%, Md. Shams Uddin (Bangladesh Jamaat-e-Islami (Jamaat)) 37.2%, Dewan Zainul Zakerin (Independent Candidate (Independent)) 12.9%","Bangladesh Nationalist Party (BNP) (48.1%), Bangladesh Jamaat-e-Islami (Jamaat) (37.2%), Independent Candidate (Independent) (12.9%)",98092.0,0.48117807493451326,75735.0,0.3715085991229189,0.0,0.0,75735.0,0.3715085991229189,98092.0,0.48117807493451326,0.0,0.0,-,-,-,-,-,75735.0,-,-,-,-,-,-,-,-,-,-,-,-,98092.0,-,-,-,-,-,-,-,-,-,-,-,-,26307.0,-,1935.0,-,-,-,-,-,1789.0,-,-,-,-,-,-,-,-,-,-,-
320361,228,Sunamganj 5,Sylhet,Sunamganj,"Chhatak Upazila, Doarabazar Upazila",True,258271.0,"Kalim Uddin Ahmed (Bangladesh Nationalist Party (BNP)) 58.8%, Abu Tahir Md. Abdus Salam (Bangladesh Jamaat-e-Islami (Jamaat)) 39.5%, Md. Abdul Qadir (Khelafat Majlis) 0.9%","Bangladesh Nationalist Party (BNP) (58.8%), Bangladesh Jamaat-e-Islami (Jamaat) (39.5%), Khelafat Majlis (0.9%)",151915.0,0.5881999914818156,102121.0,0.3954025035718296,0.0,0.0,104399.0,0.4042226963151109,151915.0,0.5881999914818156,0.0,0.0,-,-,-,-,-,102121.0,-,-,-,-,-,-,-,-,-,-,-,-,151915.0,-,-,-,-,-,-,-,-,-,-,-,-,-,-,-,-,-,-,-,-,1524.0,-,-,-,2278.0,-,-,433.0,-,-,-,-
320371,229,Sylhet 1,Sylhet,Sylhet,"Sylhet Sadar Upazila, Sylhet City Corporation",True,317756.0,"Khandaker Abdul Muktadir (Bangladesh Nationalist Party (BNP)) 55.7%, Habibur Rahman (Bangladesh Jamaat-e-Islami (Jamaat)) 42.5%, Mahmudul Hasan (Islami Andolan Bangladesh (IAB)) 0.9%","Bangladesh Nationalist Party (BNP) (55.7%), Bangladesh Jamaat-e-Islami (Jamaat) (42.5%), Islami Andolan Bangladesh (IAB) (0.9%)",176936.0,0.5568297687533831,134983.0,0.42480079054368763,1113.0,0.0035026875967723663,134983.0,0.42480079054368763,177250.0,0.5578179483628948,0.0,0.0,-,-,-,-,-,134983.0,-,-,-,-,-,-,-,-,-,-,-,-,176936.0,-,-,1113.0,-,-,-,908.0,-,-,-,-,314.0,-,-,2701.0,-,-,-,-,-,-,-,-,-,-,-,-,-,-,-,801.0,-
320376,230,Sylhet 2,Sylhet,Sylhet,"Balaganj Upazila, Bishwanath Upazila",True,154143.0,"Tahsina Rushdir (Bangladesh Nationalist Party (BNP)) 75.7%, Md. Muntasir Ali (Khelafat Majlis) 24.3%","Bangladesh Nationalist Party (BNP) (75.7%), Khelafat Majlis (24.3%)",116697.0,0.7570697339483466,0.0,0.0,0.0,0.0,37446.0,0.24293026605165333,116697.0,0.7570697339483466,0.0,0.0,-,-,-,-,-,-,-,-,-,-,-,-,-,-,-,-,-,-,116697.0,-,-,-,-,-,-,-,-,-,-,-,-,-,-,-,-,-,-,-,-,-,-,-,-,37446.0,-,-,-,-,-,-,-
320381,231,Sylhet 3,Sylhet,Sylhet,"Fenchuganj Upazila, South Surma Upazila, Balaganj Upazila (partial)",True,187869.0,"Abdul Malik (Bangladesh Nationalist Party (BNP)) 60.8%, Musleh Uddin Raju (Bangladesh Khelafat Majlish (BKM)) 39.2%","Bangladesh Nationalist Party (BNP) (60.8%), Bangladesh Khelafat Majlish (BKM) (39.2%)",114255.0,0.6081631349504176,0.0,0.0,0.0,0.0,73614.0,0.39183686504958243,114255.0,0.6081631349504176,0.0,0.0,-,-,-,-,-,-,-,-,-,-,-,73614.0,-,-,-,-,-,-,114255.0,-,-,-,-,-,-,-,-,-,-,-,-,-,-,-,-,-,-,-,-,-,-,-,-,-,-,-,-,-,-,-,-
320386,232,Sylhet 4,Sylhet,Sylhet,"Jaintiapur Upazila, Goainghat Upazila, Kanaighat Upazila",True,247385.0,"Ariful Haque Chowdhury (Bangladesh Nationalist Party (BNP)) 73.4%, Md. Joynal Abedin (Bangladesh Jamaat-e-Islami (Jamaat)) 26.6%","Bangladesh Nationalist Party (BNP) (73.4%), Bangladesh Jamaat-e-Islami (Jamaat) (26.6%)",181609.0,0.7341148412393638,65776.0,0.26588515876063623,0.0,0.0,65776.0,0.26588515876063623,181609.0,0.7341148412393638,0.0,0.0,-,-,-,-,-,65776.0,-,-,-,-,-,-,-,-,-,-,-,-,181609.0,-,-,-,-,-,-,-,-,-,-,-,-,-,-,-,-,-,-,-,-,-,-,-,-,-,-,-,-,-,-,-,-
320391,233,Sylhet 5,Sylhet,Sylhet,"Zakiganj Upazila, Beanibazar Upazila (partial)",True,203743.0,"Md. Abul Hasan (Khelafat Majlis) 38.9%, Ubaydullah Faruq (Jamiat Ulema-e-Islam Bangladesh (JUIB)) 34.2%, Mamunur Rashid (Independent Candidate (Independent)) 26.8%","Khelafat Majlis (38.9%), Jamiat Ulema-e-Islam Bangladesh (JUIB) (34.2%), Independent Candidate (Independent) (26.8%)",0.0,0.0,0.0,0.0,0.0,0.0,79355.0,0.38948577374437404,0.0,0.0,0.0,0.0,-,-,-,-,-,-,-,-,-,-,-,-,-,-,-,-,-,-,-,-,-,-,-,-,-,-,-,-,-,-,-,54614.0,-,-,-,-,69774.0,-,-,-,-,-,-,79355.0,-,-,-,-,-,-,-
320396,234,Sylhet 6,Sylhet,Sylhet,"Golapganj Upazila, Beanibazar Upazila (partial)",True,206360.0,"Emran Ahmad Chowdhury (Bangladesh Nationalist Party (BNP)) 52.6%, Md. Selim Uddin (Bangladesh Jamaat-e-Islami (Jamaat)) 47.4%","Bangladesh Nationalist Party (BNP) (52.6%), Bangladesh Jamaat-e-Islami (Jamaat) (47.4%)",108612.0,0.5263229308005427,97748.0,0.47367706919945723,0.0,0.0,97748.0,0.47367706919945723,108612.0,0.5263229308005427,0.0,0.0,-,-,-,-,-,97748.0,-,-,-,-,-,-,-,-,-,-,-,-,108612.0,-,-,-,-,-,-,-,-,-,-,-,-,-,-,-,-,-,-,-,-,-,-,-,-,-,-,-,-,-,-,-,-
319726,235,Moulvibazar 1,Sylhet,Moulvibazar,"Barlekha Upazila, Juri Upazila",True,181295.0,"Nasir Uddin Ahmed (Bangladesh Nationalist Party (BNP)) 54.2%, Md. Aminul Islam (Bangladesh Jamaat-e-Islami (Jamaat)) 45.8%","Bangladesh Nationalist Party (BNP) (54.2%), Bangladesh Jamaat-e-Islami (Jamaat) (45.8%)",98282.0,0.5421109241843405,83013.0,0.4578890758156596,0.0,0.0,83013.0,0.4578890758156596,98282.0,0.5421109241843405,0.0,0.0,-,-,-,-,-,83013.0,-,-,-,-,-,-,-,-,-,-,-,-,98282.0,-,-,-,-,-,-,-,-,-,-,-,-,-,-,-,-,-,-,-,-,-,-,-,-,-,-,-,-,-,-,-,-
319731,236,Moulvibazar 2,Sylhet,Moulvibazar,Kulaura Upazila,True,141839.0,"Md. Shawkatul Islam (Bangladesh Nationalist Party (BNP)) 62.3%, Md. Syed Ali (Bangladesh Jamaat-e-Islami (Jamaat)) 37.7%","Bangladesh Nationalist Party (BNP) (62.3%), Bangladesh Jamaat-e-Islami (Jamaat) (37.7%)",88381.0,0.6231078899315421,53458.0,0.3768921100684579,0.0,0.0,53458.0,0.3768921100684579,88381.0,0.6231078899315421,0.0,0.0,-,-,-,-,-,53458.0,-,-,-,-,-,-,-,-,-,-,-,-,88381.0,-,-,-,-,-,-,-,-,-,-,-,-,-,-,-,-,-,-,-,-,-,-,-,-,-,-,-,-,-,-,-,-
319736,237,Moulvibazar 3,Sylhet,Moulvibazar,"Moulvibazar Sadar Upazila, Rajnagar Upazila",True,234393.0,"Naser Rahman (Bangladesh Nationalist Party (BNP)) 66.9%, Md. Abdul Mannan (Bangladesh Jamaat-e-Islami (Jamaat)) 33.1%","Bangladesh Nationalist Party (BNP) (66.9%), Bangladesh Jamaat-e-Islami (Jamaat) (33.1%)",156757.0,0.6687785044775227,77636.0,0.3312214955224772,0.0,0.0,77636.0,0.3312214955224772,156757.0,0.6687785044775227,0.0,0.0,-,-,-,-,-,77636.0,-,-,-,-,-,-,-,-,-,-,-,-,156757.0,-,-,-,-,-,-,-,-,-,-,-,-,-,-,-,-,-,-,-,-,-,-,-,-,-,-,-,-,-,-,-,-
319741,238,Moulvibazar 4,Sylhet,Moulvibazar,"Sreemangal Upazila, Kamalganj Upazila",True,221081.0,"Md. Mujibur Rahman Chowdhury (Bangladesh Nationalist Party (BNP)) 77.3%, Sheikh Nure Alam Hamidi (Bangladesh Khelafat Majlish (BKM)) 22.7%","Bangladesh Nationalist Party (BNP) (77.3%), Bangladesh Khelafat Majlish (BKM) (22.7%)",170877.0,0.7729158091378273,0.0,0.0,0.0,0.0,50204.0,0.22708419086217269,170877.0,0.7729158091378273,0.0,0.0,-,-,-,-,-,-,-,-,-,-,-,50204.0,-,-,-,-,-,-,170877.0,-,-,-,-,-,-,-,-,-,-,-,-,-,-,-,-,-,-,-,-,-,-,-,-,-,-,-,-,-,-,-,-
319336,239,Habiganj 1,Sylhet,Habiganj,"Bahubal Upazila, Nabiganj Upazila",True,168131.0,"Reza Kibria (Bangladesh Nationalist Party (BNP)) 66.6%, Sirajul Islam (Bangladesh Khelafat Majlish (BKM)) 33.4%","Bangladesh Nationalist Party (BNP) (66.6%), Bangladesh Khelafat Majlish (BKM) (33.4%)",111999.0,0.6661412826902832,0.0,0.0,0.0,0.0,56132.0,0.33385871730971683,111999.0,0.6661412826902832,0.0,0.0,-,-,-,-,-,-,-,-,-,-,-,56132.0,-,-,-,-,-,-,111999.0,-,-,-,-,-,-,-,-,-,-,-,-,-,-,-,-,-,-,-,-,-,-,-,-,-,-,-,-,-,-,-,-
319341,240,Habiganj 2,Sylhet,Habiganj,"Ajmiriganj Upazila, Baniachong Upazila",True,192345.0,"Abu Mansur Sakhawat Hasan (Bangladesh Nationalist Party (BNP)) 65.8%, Abdul Basit Azad (Khelafat Majlis) 34.2%","Bangladesh Nationalist Party (BNP) (65.8%), Khelafat Majlis (34.2%)",126583.0,0.6581039278379994,0.0,0.0,0.0,0.0,65762.0,0.3418960721620006,126583.0,0.6581039278379994,0.0,0.0,-,-,-,-,-,-,-,-,-,-,-,-,-,-,-,-,-,-,126583.0,-,-,-,-,-,-,-,-,-,-,-,-,-,-,-,-,-,-,-,-,-,-,-,-,65762.0,-,-,-,-,-,-,-
319346,241,Habiganj 3,Sylhet,Habiganj,"Habiganj Sadar Upazila, Shaistaganj Upazila",True,187916.0,"Gk Gaus (Bangladesh Nationalist Party (BNP)) 75.8%, Kazi Mohsin Ahmed (Bangladesh Jamaat-e-Islami (Jamaat)) 24.2%","Bangladesh Nationalist Party (BNP) (75.8%), Bangladesh Jamaat-e-Islami (Jamaat) (24.2%)",142348.0,0.7575086740884225,45568.0,0.24249132591157752,0.0,0.0,45568.0,0.24249132591157752,142348.0,0.7575086740884225,0.0,0.0,-,-,-,-,-,45568.0,-,-,-,-,-,-,-,-,-,-,-,-,142348.0,-,-,-,-,-,-,-,-,-,-,-,-,-,-,-,-,-,-,-,-,-,-,-,-,-,-,-,-,-,-,-,-
319351,242,Habiganj 4,Sylhet,Habiganj,"Chunarughat Upazila, Madhabpur Upazila",True,301965.0,"Sm Faisal (Bangladesh Nationalist Party (BNP)) 62.3%, Md. Gias Uddin (Bangladesh Islami Front (BIF)) 27.9%, Ahmed Abdul Quader (Khelafat Majlis) 8.8%","Bangladesh Nationalist Party (BNP) (62.3%), Bangladesh Islami Front (BIF) (27.9%), Khelafat Majlis (8.8%)",188072.0,0.6228271488417532,0.0,0.0,329.0,0.001089530243571275,26466.0,0.08764591922904973,188072.0,0.6228271488417532,0.0,0.0,-,-,-,-,84323.0,-,-,-,-,-,-,-,-,-,-,536.0,-,-,188072.0,-,-,329.0,484.0,-,-,-,-,-,-,-,-,1271.0,484.0,-,-,-,-,-,-,-,-,-,-,26466.0,-,-,-,-,-,-,-
318801,243,Brahmanbaria 1,Chattogram,Brahmanbaria,Nasirnagar Upazila,True,146825.0,"M. A. Hannan (Bangladesh Nationalist Party (BNP)) 46.4%, Akm Kamruzzaman (Independent Candidate (Independent)) 24.0%, Akm Aminul Islam (Bangladesh Jamaat-e-Islami (Jamaat)) 16.6%","Bangladesh Nationalist Party (BNP) (46.4%), Independent Candidate (Independent) (24.0%), Bangladesh Jamaat-e-Islami (Jamaat) (16.6%)",68092.0,0.4637629831431977,24430.0,0.166388557806913,0.0,0.0,24430.0,0.166388557806913,68092.0,0.4637629831431977,0.0,0.0,-,-,-,-,-,24430.0,-,-,-,-,-,-,-,-,-,-,-,-,68092.0,-,-,-,-,-,-,-,-,-,-,-,-,52992.0,139.0,907.0,-,-,-,-,-,265.0,-,-,-,-,-,-,-,-,-,-,-
318806,244,Brahmanbaria 2,Chattogram,Brahmanbaria,"Sarail Upazila, Ashuganj Upazila",True,237976.0,"Rumin Farhana (Independent Candidate (Independent)) 49.8%, Md. Junayed Al Habib (Jamiat Ulema-e-Islam Bangladesh (JUIB)) 33.8%, Ashraf Uddin (National Citizen Party (NCP)) 8.6%","Independent Candidate (Independent) (49.8%), Jamiat Ulema-e-Islam Bangladesh (JUIB) (33.8%), National Citizen Party (NCP) (8.6%)",0.0,0.0,0.0,0.0,384.0,0.001613608094933943,20401.0,0.0857271321477796,0.0,0.0,0.0,0.0,-,181.0,-,-,-,-,-,-,-,-,-,-,-,-,-,-,-,-,-,-,-,-,-,-,-,-,-,-,-,-,-,131107.0,1419.0,3851.0,-,-,80434.0,-,-,199.0,-,384.0,-,-,-,20401.0,-,-,-,-,-
318811,245,Brahmanbaria 3,Chattogram,Brahmanbaria,Brahmanbaria Sadar Upazila,True,287272.0,"Md. Khaled Hossain Mahbub (Bangladesh Nationalist Party (BNP)) 73.0%, Ataullah (National Citizen Party (NCP)) 21.8%, Niazul Karim (Islami Andolan Bangladesh (IAB)) 2.2%","Bangladesh Nationalist Party (BNP) (73.0%), National Citizen Party (NCP) (21.8%), Islami Andolan Bangladesh (IAB) (2.2%)",209636.0,0.7297474170820686,0.0,0.0,0.0,0.0,62547.0,0.21772744994291124,209636.0,0.7297474170820686,0.0,0.0,-,-,-,-,-,-,-,-,-,-,-,-,-,-,-,-,-,-,209636.0,-,-,-,-,-,-,-,-,-,-,-,-,278.0,3345.0,6231.0,-,1344.0,-,-,-,3891.0,-,-,-,-,-,62547.0,-,-,-,-,-
318816,246,Brahmanbaria 4,Chattogram,Brahmanbaria,"Akhaura Upazila, Kasba Upazila",True,237367.0,"Mushfiqur Rahman (Bangladesh Nationalist Party (BNP)) 58.9%, Md. Ataur Rahman Sarkar (Bangladesh Jamaat-e-Islami (Jamaat)) 38.7%, Md. Zahirul Haque Khan (Jatiya Party (JaPa)) 1.0%","Bangladesh Nationalist Party (BNP) (58.9%), Bangladesh Jamaat-e-Islami (Jamaat) (38.7%), Jatiya Party (JaPa) (1.0%)",139842.0,0.589138338522204,91796.0,0.3867260402667599,0.0,0.0,91796.0,0.3867260402667599,139959.0,0.5896312461294114,0.0,0.0,-,-,-,-,-,91796.0,-,-,-,-,-,-,-,-,-,-,-,-,139842.0,-,-,-,-,-,-,-,-,-,-,-,117.0,-,773.0,2277.0,-,-,-,-,-,2453.0,-,-,-,-,-,-,109.0,-,-,-,-
318821,247,Brahmanbaria 5,Chattogram,Brahmanbaria,Nabinagar Upazila,True,253284.0,"Md. Abdul Mannan (Bangladesh Nationalist Party (BNP)) 33.9%, Kazi Nazmul Hossain (Independent Candidate (Independent)) 33.4%, Amzad Hossain (Bangladesh Khelafat Majlish (BKM)) 24.0%","Bangladesh Nationalist Party (BNP) (33.9%), Independent Candidate (Independent) (33.4%), Bangladesh Khelafat Majlish (BKM) (24.0%)",85769.0,0.33862778541084315,0.0,0.0,266.0,0.0010502045135105257,60857.0,0.2402717897695867,86035.0,0.33967798992435366,0.0,0.0,-,-,-,-,-,-,-,-,-,-,-,60857.0,-,-,-,-,-,-,85769.0,-,-,-,-,-,-,359.0,-,266.0,-,-,-,84708.0,257.0,20696.0,-,-,-,-,-,372.0,-,-,-,-,-,-,-,-,-,-,-
318826,248,Brahmanbaria 6,Chattogram,Brahmanbaria,Bancharampur Upazila,True,149536.0,"Md. Jonayed Abdur Rahim Shaki (Ganosanhati Andolan (GSA)) 63.8%, Md. Mohsin (Bangladesh Jamaat-e-Islami (Jamaat)) 26.7%, Sayed Uddin Khan (Islami Andolan Bangladesh (IAB)) 5.7%","Ganosanhati Andolan (GSA) (63.8%), Bangladesh Jamaat-e-Islami (Jamaat) (26.7%), Islami Andolan Bangladesh (IAB) (5.7%)",0.0,0.0,39976.0,0.26733361866038946,95509.0,0.638702386047507,39976.0,0.26733361866038946,95631.0,0.6395182430986518,0.0,0.0,-,-,-,-,2353.0,39976.0,-,-,-,-,-,-,-,-,-,-,-,-,-,-,-,-,-,-,-,-,-,95342.0,-,-,289.0,2592.0,139.0,8572.0,-,-,-,-,-,-,-,167.0,-,-,-,-,106.0,-,-,-,-
318986,249,Cumilla 1,Chattogram,Cumilla,"Daudkandi Upazila, Meghna Upazila",True,244890.0,"Khandaker Mosharrof Hossain (Bangladesh Nationalist Party (BNP)) 57.8%, Md. Moniruzzaman (Bangladesh Jamaat-e-Islami (Jamaat)) 38.7%, Bashir Ahmed (Islami Andolan Bangladesh (IAB)) 2.7%","Bangladesh Nationalist Party (BNP) (57.8%), Bangladesh Jamaat-e-Islami (Jamaat) (38.7%), Islami Andolan Bangladesh (IAB) (2.7%)",141440.0,0.5775654375433869,94845.0,0.38729633713095674,144.0,0.0005880191106210951,95356.0,0.3893829882804524,141440.0,0.5775654375433869,0.0,0.0,511.0,-,-,-,-,94845.0,-,-,-,-,-,-,-,-,-,-,-,-,141440.0,-,411.0,144.0,-,-,-,-,-,-,-,-,-,406.0,-,6502.0,-,-,-,-,-,631.0,-,-,-,-,-,-,-,-,-,-,-
319001,250,Cumilla 2,Chattogram,Cumilla,"Homna Upazila, Titas Upazila",True,201414.0,"Md. Selim Bhuiyan (Bangladesh Nationalist Party (BNP)) 38.2%, Md. Abdul Matin (Independent Candidate (Independent)) 31.3%, Md. Nazim Uddin (Bangladesh Jamaat-e-Islami (Jamaat)) 26.5%","Bangladesh Nationalist Party (BNP) (38.2%), Independent Candidate (Independent) (31.3%), Bangladesh Jamaat-e-Islami (Jamaat) (26.5%)",77037.0,0.3824808603175549,53384.0,0.26504612390399873,0.0,0.0,53384.0,0.26504612390399873,77037.0,0.3824808603175549,0.0,0.0,-,-,-,-,-,53384.0,-,-,-,-,-,-,-,-,-,-,-,-,77037.0,-,-,-,-,-,-,-,-,-,-,-,-,63045.0,-,6611.0,-,767.0,-,-,-,570.0,-,-,-,-,-,-,-,-,-,-,-
319006,251,Cumilla 3,Chattogram,Cumilla,Muradnagar Upazila,True,274507.0,"Kazi Shah Mofazzal Hossain Kaikobad (Bangladesh Nationalist Party (BNP)) 58.0%, Md. Yousuf Sohel (Bangladesh Jamaat-e-Islami (Jamaat)) 39.9%, Ahmed Abdul Kaiyum (Islami Andolan Bangladesh (IAB)) 1.3%","Bangladesh Nationalist Party (BNP) (58.0%), Bangladesh Jamaat-e-Islami (Jamaat) (39.9%), Islami Andolan Bangladesh (IAB) (1.3%)",159291.0,0.5802802842914753,109599.0,0.3992575781309766,0.0,0.0,109599.0,0.3992575781309766,159924.0,0.5825862364165577,0.0,0.0,-,244.0,717.0,-,-,109599.0,-,-,-,-,-,-,-,-,-,-,-,-,159291.0,-,111.0,-,-,-,-,-,-,-,-,-,633.0,-,167.0,3593.0,-,-,-,-,-,-,-,-,-,-,-,-,-,152.0,-,-,-
319011,252,Cumilla 4,Chattogram,Cumilla,"Burichang Upazila, Brahmanpara Upazila",True,219375.0,"Md. Abul Hasnat (National Citizen Party (NCP)) 75.9%, Md. A. Jasim Uddin (Gono Odhikar Parishad (GOP)) 22.7%, Md. Abdul Karim (Islami Andolan Bangladesh (IAB)) 1.0%","National Citizen Party (NCP) (75.9%), Gono Odhikar Parishad (GOP) (22.7%), Islami Andolan Bangladesh (IAB) (1.0%)",0.0,0.0,0.0,0.0,0.0,0.0,166831.0,0.7604831908831908,49885.0,0.2273960113960114,0.0,0.0,-,-,-,-,-,-,-,-,-,-,-,-,-,-,-,-,-,-,-,-,-,-,-,-,-,-,-,-,-,-,49885.0,-,427.0,2232.0,-,-,-,-,-,-,-,-,-,248.0,-,166583.0,-,-,-,-,-
319016,253,Cumilla 5,Chattogram,Cumilla,"Burichang Upazila (partial), Comilla Adarsha Sadar Upazila (partial)",True,388026.0,"Md. Jashim Uddin (Bangladesh Nationalist Party (BNP)) 34.7%, Md. Emranul Haque (Jatiya Party (JaPa)) 32.1%, Mobarak Hussain (Bangladesh Jamaat-e-Islami (Jamaat)) 32.1%","Bangladesh Nationalist Party (BNP) (34.7%), Jatiya Party (JaPa) (32.1%), Bangladesh Jamaat-e-Islami (Jamaat) (32.1%)",134485.0,0.3465875998000134,124547.0,0.3209759139851453,153.0,0.0003943034745094401,126576.0,0.3262049450294568,134485.0,0.3465875998000134,0.0,0.0,2029.0,-,-,-,-,124547.0,-,-,-,-,-,-,-,-,-,147.0,-,-,134485.0,-,-,-,-,-,-,342.0,-,-,-,-,-,-,167.0,1505.0,-,-,-,-,-,124547.0,-,153.0,-,-,-,-,104.0,-,-,-,-
318846,262,Chandpur 3,Chattogram,Chandpur,"Chandpur Sadar Upazila, Haimchar Upazila",True,283839.0,"Sheikh Farid Ahmed (Bangladesh Nationalist Party (BNP)) 58.3%, Md. Shahjahan Mia (Bangladesh Jamaat-e-Islami (Jamaat)) 35.5%, Md. Joynal Abedin Sheikh (Islami Andolan Bangladesh (IAB)) 5.0%","Bangladesh Nationalist Party (BNP) (58.3%), Bangladesh Jamaat-e-Islami (Jamaat) (35.5%), Islami Andolan Bangladesh (IAB) (5.0%)",165404.0,0.582738806154193,100865.0,0.3553599047347264,0.0,0.0,100865.0,0.3553599047347264,165536.0,0.5832038585254317,0.0,0.0,-,-,-,-,2274.0,100865.0,-,-,-,-,-,-,-,-,-,-,-,-,165404.0,-,-,-,-,-,-,676.0,-,-,307.0,-,132.0,-,-,14181.0,-,-,-,-,-,-,-,-,-,-,-,-,-,-,-,-,-
318851,263,Chandpur 4,Chattogram,Chandpur,Faridganj Upazila,True,216493.0,"Md. Abdul Hannan (Independent Candidate (Independent)) 34.3%, Md. Harunur Rashid (Bangladesh Nationalist Party (BNP)) 31.9%, Md. Billal Hossain Miyaji (Bangladesh Jamaat-e-Islami (Jamaat)) 30.8%","Independent Candidate (Independent) (34.3%), Bangladesh Nationalist Party (BNP) (31.9%), Bangladesh Jamaat-e-Islami (Jamaat) (30.8%)",69155.0,0.31943296088095224,66692.0,0.3080561496214658,0.0,0.0,66692.0,0.3080561496214658,69155.0,0.31943296088095224,0.0,0.0,-,-,-,-,509.0,66692.0,-,-,-,-,-,-,-,-,-,-,-,-,69155.0,-,-,-,-,-,-,-,-,-,240.0,-,-,74359.0,-,5261.0,-,-,-,-,-,277.0,-,-,-,-,-,-,-,-,-,-,-
318856,264,Chandpur 5,Chattogram,Chandpur,"Hajiganj Upazila, Shahrasti Upazila",True,269775.0,"Md. Mominul Haque (Bangladesh Nationalist Party (BNP)) 68.7%, Md. Neyamul Bashir (Bangladesh Liberal Democratic Party (LDP)) 28.0%, Md. Ali Patwari (Islami Andolan Bangladesh (IAB)) 2.5%","Bangladesh Nationalist Party (BNP) (68.7%), Bangladesh Liberal Democratic Party (LDP) (28.0%), Islami Andolan Bangladesh (IAB) (2.5%)",185404.0,0.6872541933092392,0.0,0.0,0.0,0.0,75660.0,0.2804559355018071,185404.0,0.6872541933092392,0.0,0.0,-,-,-,-,-,-,-,-,-,-,-,-,-,75660.0,-,-,-,-,185404.0,-,-,-,-,-,-,-,-,-,-,-,-,268.0,256.0,6671.0,-,-,-,-,-,1516.0,-,-,-,-,-,-,-,-,-,-,-
319236,265,Feni 1,Chattogram,Feni,"Parshuram Upazila, Phulgazi Upazila, Chhagalnaiya Upazila",True,212495.0,"Munshi Rafiqul Alam (Bangladesh Nationalist Party (BNP)) 56.4%, Sm Kamal Uddin (Bangladesh Jamaat-e-Islami (Jamaat)) 40.3%, Kazi Golam Kibria (Islami Andolan Bangladesh (IAB)) 2.5%","Bangladesh Nationalist Party (BNP) (56.4%), Bangladesh Jamaat-e-Islami (Jamaat) (40.3%), Islami Andolan Bangladesh (IAB) (2.5%)",119904.0,0.5642673945269301,85615.0,0.40290359773171136,0.0,0.0,85925.0,0.4043624555871903,119904.0,0.5642673945269301,0.0,0.0,-,-,215.0,-,-,85615.0,-,-,-,-,310.0,-,-,-,-,188.0,-,-,119904.0,-,-,-,-,-,-,-,-,-,-,-,-,-,-,5323.0,-,-,-,-,-,940.0,-,-,-,-,-,-,-,-,-,-,-
319241,266,Feni 2,Chattogram,Feni,Feni Sadar Upazila,True,221252.0,"Zainal Abedin (Bangladesh Nationalist Party (BNP)) 59.3%, Md. Mujibur Rahman Bhuiya (Amar Bangladesh Party (AB)) 36.2%, Md. Ekramul Haq Bhuiyan (Islami Andolan Bangladesh (IAB)) 3.1%","Bangladesh Nationalist Party (BNP) (59.3%), Amar Bangladesh Party (AB) (36.2%), Islami Andolan Bangladesh (IAB) (3.1%)",131210.0,0.5930341872615841,0.0,0.0,240.0,0.0010847359571890876,81182.0,0.3669209769855188,131619.0,0.5948827581219605,0.0,0.0,80058.0,801.0,-,-,-,-,-,-,-,-,304.0,820.0,-,-,-,-,-,-,131210.0,-,-,-,-,-,-,-,-,-,-,-,409.0,-,239.0,6849.0,-,-,-,-,-,-,-,240.0,-,-,-,-,-,-,-,322.0,-
319246,267,Feni 3,Chattogram,Feni,"Sonagazi Upazila, Daganbhuiyan Upazila",True,276022.0,"Abdul Awal Mintu (Bangladesh Nationalist Party (BNP)) 57.2%, Md. Fakhruddin (Bangladesh Jamaat-e-Islami (Jamaat)) 39.2%, Md. Saif Uddin (Islami Andolan Bangladesh (IAB)) 2.4%","Bangladesh Nationalist Party (BNP) (57.2%), Bangladesh Jamaat-e-Islami (Jamaat) (39.2%), Islami Andolan Bangladesh (IAB) (2.4%)",157825.0,0.5717841331488069,108160.0,0.39185282332567695,731.0,0.002648339625102347,108480.0,0.3930121512053387,157825.0,0.5717841331488069,0.0,0.0,-,-,-,-,-,108160.0,-,-,-,-,320.0,-,-,-,-,-,-,-,157825.0,-,-,731.0,-,-,-,-,-,-,-,-,-,-,327.0,6701.0,-,531.0,-,-,-,1427.0,-,-,-,-,-,-,-,-,-,-,-
320021,268,Noakhali 1,Chattogram,Noakhali,"Chatkhil Upazila, Sonaimuri Upazila",True,246177.0,"Am Mahbub Uddin (Bangladesh Nationalist Party (BNP)) 51.5%, Md. Saif Ullah (Bangladesh Jamaat-e-Islami (Jamaat)) 39.8%, Jahirul Islam (Islami Andolan Bangladesh (IAB)) 7.8%","Bangladesh Nationalist Party (BNP) (51.5%), Bangladesh Jamaat-e-Islami (Jamaat) (39.8%), Islami Andolan Bangladesh (IAB) (7.8%)",126833.0,0.5152106005028902,98036.0,0.39823379113402146,482.0,0.001957940831190566,98036.0,0.39823379113402146,126833.0,0.5152106005028902,0.0,0.0,-,-,274.0,-,-,98036.0,-,-,-,-,-,-,-,-,-,-,-,-,126833.0,-,-,-,-,-,-,-,-,-,-,-,-,-,188.0,19289.0,-,-,-,-,-,1075.0,-,482.0,-,-,-,-,-,-,-,-,-
320026,269,Noakhali 2,Chattogram,Noakhali,"Senbagh Upazila, Begumganj Upazila (partial)",True,216112.0,"Zainul Abdin Farroque (Bangladesh Nationalist Party (BNP)) 38.9%, Sultan Md. Zakaria Mazumder (National Citizen Party (NCP)) 31.0%, Kazi Md. Mofizur Rahman (Independent Candidate (Independent)) 20.7%","Bangladesh Nationalist Party (BNP) (38.9%), National Citizen Party (NCP) (31.0%), Independent Candidate (Independent) (20.7%)",83982.0,0.38860405715554897,0.0,0.0,0.0,0.0,67054.0,0.310274302213667,83982.0,0.38860405715554897,0.0,0.0,-,-,-,-,-,-,-,-,-,-,-,-,-,-,-,-,-,-,83982.0,-,-,-,-,-,-,-,-,-,-,-,-,44712.0,-,19289.0,-,-,-,-,-,1075.0,-,-,-,-,-,67054.0,-,-,-,-,-
320031,270,Noakhali 3,Chattogram,Noakhali,"Begumganj Upazila (partial), Noakhali Sadar Upazila (partial)",True,277174.0,"Md. Barkatullah Bulu (Bangladesh Nationalist Party (BNP)) 50.9%, Md. Borhan Uddin (Bangladesh Jamaat-e-Islami (Jamaat)) 44.7%, Md. Nur Uddin (Islami Andolan Bangladesh (IAB)) 3.6%","Bangladesh Nationalist Party (BNP) (50.9%), Bangladesh Jamaat-e-Islami (Jamaat) (44.7%), Islami Andolan Bangladesh (IAB) (3.6%)",141031.0,0.5088175658611558,123941.0,0.447159545989162,747.0,0.0026950579780210264,124741.0,0.45004581959346834,141031.0,0.5088175658611558,0.0,0.0,-,-,-,-,-,123941.0,-,-,-,-,-,-,-,-,-,-,-,-,141031.0,-,-,-,-,-,-,-,-,-,-,-,-,794.0,-,9861.0,-,-,-,-,-,-,-,747.0,-,800.0,-,-,-,-,-,-,-
320036,271,Noakhali 4,Chattogram,Noakhali,"Noakhali Sadar Upazila (partial), Subarnachar Upazila",True,387250.0,"Md. Shahjahan (Bangladesh Nationalist Party (BNP)) 56.6%, Md. Ishak Khandaker (Bangladesh Jamaat-e-Islami (Jamaat)) 38.5%, Md. Firoz Alam Masud (Islami Andolan Bangladesh (IAB)) 3.8%","Bangladesh Nationalist Party (BNP) (56.6%), Bangladesh Jamaat-e-Islami (Jamaat) (38.5%), Islami Andolan Bangladesh (IAB) (3.8%)",219182.0,0.5659961265332473,148989.0,0.3847359586830213,0.0,0.0,148989.0,0.3847359586830213,219724.0,0.5673957391865719,0.0,0.0,-,-,-,-,-,148989.0,-,-,-,-,-,-,-,-,-,-,-,-,219182.0,-,-,-,-,-,-,-,-,-,-,-,542.0,-,493.0,14783.0,-,-,-,-,-,2344.0,-,-,-,-,-,-,-,-,-,917.0,-
320041,272,Noakhali 5,Chattogram,Noakhali,"Companiganj Upazila, Hatiya Upazila",True,283022.0,"Md. Fakhrul Islam (Bangladesh Nationalist Party (BNP)) 52.2%, Md. Belayet Hossain (Bangladesh Jamaat-e-Islami (Jamaat)) 42.6%, Abu Naser (Islami Andolan Bangladesh (IAB)) 2.2%","Bangladesh Nationalist Party (BNP) (52.2%), Bangladesh Jamaat-e-Islami (Jamaat) (42.6%), Islami Andolan Bangladesh (IAB) (2.2%)",147808.0,0.5222491537760315,120453.0,0.4255958900721499,298.0,0.0010529216810000637,120453.0,0.4255958900721499,147808.0,0.5222491537760315,0.0,0.0,-,-,-,-,-,120453.0,-,-,-,-,-,-,-,-,-,-,-,-,147808.0,-,141.0,-,-,-,-,-,-,-,-,-,-,947.0,162.0,6224.0,-,277.0,-,4855.0,-,1684.0,-,298.0,-,-,-,-,-,-,-,173.0,-
320046,273,Noakhali 6,Chattogram,Noakhali,Kabirhat Upazila,True,168965.0,"Abdul Hannan Masood (National Citizen Party (NCP)) 54.4%, Md. Mahbuber Rahman (Bangladesh Nationalist Party (BNP)) 37.9%, Md. Fazlul Azim (Independent Candidate (Independent)) 2.8%","National Citizen Party (NCP) (54.4%), Bangladesh Nationalist Party (BNP) (37.9%), Independent Candidate (Independent) (2.8%)",64021.0,0.3789009558192525,0.0,0.0,1239.0,0.007332879590447726,91985.0,0.5444026869470009,64212.0,0.38003136744296157,0.0,0.0,-,-,-,-,-,-,-,-,-,-,-,-,-,86.0,-,-,-,-,64021.0,-,-,-,-,-,505.0,-,-,-,-,-,191.0,8547.0,-,2197.0,-,-,-,-,-,280.0,-,1239.0,-,-,-,91899.0,-,-,-,-,-
319611,274,Lakshmipur 1,Chattogram,Lakshmipur,Ramganj Upazila,True,158061.0,"Md. Shahadat Hossain (Bangladesh Nationalist Party (BNP)) 54.9%, Md. Mahbub Alam (National Citizen Party (NCP)) 37.5%, Md. Zakir Hossain Patwari (Islami Andolan Bangladesh (IAB)) 7.1%","Bangladesh Nationalist Party (BNP) (54.9%), National Citizen Party (NCP) (37.5%), Islami Andolan Bangladesh (IAB) (7.1%)",86811.0,0.5492246664262531,0.0,0.0,203.0,0.0012843142837259034,59265.0,0.3749501774631313,86917.0,0.5498952935891839,0.0,0.0,-,-,-,-,-,-,-,-,-,-,-,-,-,-,-,-,-,-,86811.0,-,-,203.0,-,-,-,-,-,-,-,-,106.0,-,-,11156.0,-,-,-,-,-,414.0,-,-,-,-,-,59265.0,-,106.0,-,-,-
319616,275,Lakshmipur 2,Chattogram,Lakshmipur,"Raipur Upazila, Laxmipur Sadar Upazila (partial)",True,289538.0,"Md. Abul Khair Bhuiyan (Bangladesh Nationalist Party (BNP)) 50.5%, S. U. M. Ruhul Amin Bhuiyan (Bangladesh Jamaat-e-Islami (Jamaat)) 46.2%, Helal Uddin (Islami Andolan Bangladesh (IAB)) 2.3%","Bangladesh Nationalist Party (BNP) (50.5%), Bangladesh Jamaat-e-Islami (Jamaat) (46.2%), Islami Andolan Bangladesh (IAB) (2.3%)",146321.0,0.5053602635923437,133698.0,0.46176322278940934,253.0,0.0008738058562261258,133698.0,0.46176322278940934,146745.0,0.5068246655015922,0.0,0.0,-,-,-,-,-,133698.0,-,-,-,288.0,-,-,-,-,-,-,-,-,146321.0,-,-,-,-,-,1780.0,-,-,-,-,-,424.0,-,-,6774.0,-,-,-,-,-,-,-,-,-,-,253.0,-,-,-,-,-,-
319621,276,Lakshmipur 3,Chattogram,Lakshmipur,Lakshmipur Sadar Upazila (partial),True,265581.0,"Md. Shahid Uddin Chowdhury Anne (Bangladesh Nationalist Party (BNP)) 51.1%, Md. Rezaul Karim (Bangladesh Jamaat-e-Islami (Jamaat)) 46.2%, Md. Ibrahim (Islami Andolan Bangladesh (IAB)) 1.9%","Bangladesh Nationalist Party (BNP) (51.1%), Bangladesh Jamaat-e-Islami (Jamaat) (46.2%), Islami Andolan Bangladesh (IAB) (1.9%)",135612.0,0.5106238774611136,122802.0,0.4623900053091147,0.0,0.0,123290.0,0.4642274861530004,135612.0,0.5106238774611136,0.0,0.0,-,-,-,-,-,122802.0,-,-,-,-,-,-,-,488.0,-,-,-,-,135612.0,-,-,-,-,-,-,-,-,-,-,-,-,-,-,5051.0,-,-,-,-,-,1339.0,-,-,-,-,-,-,289.0,-,-,-,-
319626,277,Lakshmipur 4,Chattogram,Lakshmipur,"Ramgati Upazila, Kamalnagar Upazila",True,233615.0,"A. B. M. Ashraf Uddin Nizan (Bangladesh Nationalist Party (BNP)) 49.3%, Md. Ashrafur Rahman Hafizullah (Bangladesh Jamaat-e-Islami (Jamaat)) 31.6%, Tania Rob (Jatiya Samajtantrik Dal (JSD)) 9.4%","Bangladesh Nationalist Party (BNP) (49.3%), Bangladesh Jamaat-e-Islami (Jamaat) (31.6%), Jatiya Samajtantrik Dal (JSD) (9.4%)",115199.0,0.49311474006378014,73756.0,0.3157160285084434,22480.0,0.09622669777197526,73756.0,0.3157160285084434,115458.0,0.49422340175074375,0.0,0.0,-,-,-,-,-,73756.0,-,-,-,-,-,-,-,-,-,-,-,-,115199.0,-,-,440.0,-,-,-,-,-,-,-,-,259.0,818.0,-,21103.0,-,-,-,-,-,-,-,22040.0,-,-,-,-,-,-,-,-,-
318886,278,Chattogram 1,Chattogram,Chattogram,Mirsharai Upazila,True,218411.0,"Nurul Amin (Bangladesh Nationalist Party (BNP)) 59.0%, Saifur Rahman (Bangladesh Jamaat-e-Islami (Jamaat)) 38.7%, Ferdous Ahmed Chowdhury (Islami Andolan Bangladesh (IAB)) 1.0%","Bangladesh Nationalist Party (BNP) (59.0%), Bangladesh Jamaat-e-Islami (Jamaat) (38.7%), Islami Andolan Bangladesh (IAB) (1.0%)",128799.0,0.5897093095127993,84538.0,0.38705925983581413,258.0,0.0011812591856637258,84538.0,0.38705925983581413,128799.0,0.5897093095127993,0.0,0.0,-,-,-,-,-,84538.0,-,-,-,-,-,-,-,-,-,269.0,-,-,128799.0,-,-,-,-,-,-,-,-,-,-,-,-,-,780.0,2108.0,-,-,-,-,-,1659.0,-,258.0,-,-,-,-,-,-,-,-,-
318931,280,Chattogram 3,Chattogram,Chattogram,Sandwip Upazila,True,112699.0,"Mostafa Kamal Pasha (Bangladesh Nationalist Party (BNP)) 64.8%, Md. Alauddin (Bangladesh Jamaat-e-Islami (Jamaat)) 35.2%","Bangladesh Nationalist Party (BNP) (64.8%), Bangladesh Jamaat-e-Islami (Jamaat) (35.2%)",73037.0,0.6480714114588417,39662.0,0.3519285885411583,0.0,0.0,39662.0,0.3519285885411583,73037.0,0.6480714114588417,0.0,0.0,-,-,-,-,-,39662.0,-,-,-,-,-,-,-,-,-,-,-,-,73037.0,-,-,-,-,-,-,-,-,-,-,-,-,-,-,-,-,-,-,-,-,-,-,-,-,-,-,-,-,-,-,-,-
318941,282,Chattogram 5,Chattogram,Chattogram,"Hathazari Upazila, Chittagong City Corporation (Wards 11-14)",True,193643.0,"Mir Md. Helal Uddin (Bangladesh Nationalist Party (BNP)) 75.9%, Md. Nasir Uddin (Bangladesh Khelafat Majlish (BKM)) 24.1%","Bangladesh Nationalist Party (BNP) (75.9%), Bangladesh Khelafat Majlish (BKM) (24.1%)",147054.0,0.7594077761654178,0.0,0.0,0.0,0.0,46589.0,0.2405922238345822,147054.0,0.7594077761654178,0.0,0.0,-,-,-,-,-,-,-,-,-,-,-,46589.0,-,-,-,-,-,-,147054.0,-,-,-,-,-,-,-,-,-,-,-,-,-,-,-,-,-,-,-,-,-,-,-,-,-,-,-,-,-,-,-,-
318946,283,Chattogram 6,Chattogram,Chattogram,Raozan Upazila,True,162330.0,"Gias Uddin Quader Chowdhury (Bangladesh Nationalist Party (BNP)) 69.1%, Md. Ilyas Noori (Bangladesh Islami Front (BIF)) 16.7%, Md. Shahjahan Manju (Bangladesh Jamaat-e-Islami (Jamaat)) 13.6%","Bangladesh Nationalist Party (BNP) (69.1%), Bangladesh Islami Front (BIF) (16.7%), Bangladesh Jamaat-e-Islami (Jamaat) (13.6%)",112237.0,0.6914125546725806,22118.0,0.13625331115628658,829.0,0.005106881044785314,22118.0,0.13625331115628658,113066.0,0.6965194357173659,0.0,0.0,-,-,-,-,27146.0,22118.0,-,-,-,-,-,-,-,-,-,-,-,-,112237.0,-,-,-,-,-,-,-,-,829.0,-,-,-,-,-,-,-,-,-,-,-,-,-,-,-,-,-,-,-,-,-,-,-
318951,284,Chattogram 7,Chattogram,Chattogram,Rangunia Upazila,True,175849.0,"Humam Quader Chowdhury (Bangladesh Nationalist Party (BNP)) 57.7%, Atm Rezaul Karim (Bangladesh Jamaat-e-Islami (Jamaat)) 23.7%, Md. Iqbal Hasan (Bangladesh Islami Front (BIF)) 17.2%","Bangladesh Nationalist Party (BNP) (57.7%), Bangladesh Jamaat-e-Islami (Jamaat) (23.7%), Bangladesh Islami Front (BIF) (17.2%)",101445.0,0.5768869882683438,41719.0,0.2372433167092221,0.0,0.0,41877.0,0.2381418148525155,101574.0,0.5776205721954631,0.0,0.0,158.0,-,-,-,30239.0,41719.0,-,-,-,-,-,-,-,-,-,-,-,-,101445.0,-,-,-,-,-,-,441.0,-,-,-,-,129.0,-,-,1307.0,-,-,-,-,-,411.0,-,-,-,-,-,-,-,-,-,-,-
318956,285,Chattogram 8,Chattogram,Chattogram,Chittagong City Corporation (Wards 15-23),True,254559.0,"Ershad Ullah (Bangladesh Nationalist Party (BNP)) 60.1%, Md. Abu Naser (Bangladesh Jamaat-e-Islami (Jamaat)) 21.0%, Syed Md. Hassan (Bangladesh Islami Front (BIF)) 16.7%","Bangladesh Nationalist Party (BNP) (60.1%), Bangladesh Jamaat-e-Islami (Jamaat) (21.0%), Bangladesh Islami Front (BIF) (16.7%)",152969.0,0.6009176654528027,53564.0,0.21041880271371274,0.0,0.0,56913.0,0.22357488833629924,152969.0,0.6009176654528027,0.0,0.0,-,-,-,-,42585.0,53564.0,-,-,-,-,-,-,-,-,-,-,-,-,152969.0,-,-,-,-,-,-,-,-,-,-,-,-,-,884.0,1208.0,-,-,-,-,-,-,-,-,-,-,-,3349.0,-,-,-,-,-
318961,286,Chattogram 9,Chattogram,Chattogram,Chittagong City Corporation (Wards 24-32),True,170782.0,"Md. Abu Sufyan (Bangladesh Nationalist Party (BNP)) 64.1%, Akm Fazlul Haque (Bangladesh Jamaat-e-Islami (Jamaat)) 31.5%, Md. Waheed Murad (Islamic Front Bangladesh (IFB)) 2.5%","Bangladesh Nationalist Party (BNP) (64.1%), Bangladesh Jamaat-e-Islami (Jamaat) (31.5%), Islamic Front Bangladesh (IFB) (2.5%)",109388.0,0.6405124661849609,53807.0,0.31506247731025516,1275.0,0.0074656579733227155,53807.0,0.31506247731025516,110428.0,0.646602100923985,0.0,0.0,-,-,-,-,-,53807.0,-,-,-,-,-,-,-,-,-,-,-,-,109388.0,-,-,-,-,-,-,-,-,1040.0,-,-,-,-,112.0,941.0,-,4204.0,-,561.0,-,-,-,128.0,-,-,107.0,-,-,-,-,494.0,-
318991,258,Cumilla 10,Chattogram,Cumilla,Chittagong City Corporation (Wards 33-41),True,296847.0,"Md. Mobasher Alam Bhuiyan (Bangladesh Nationalist Party (BNP)) 55.1%, Md. Yasin Arafat (Bangladesh Jamaat-e-Islami (Jamaat)) 41.7%, Md. Shamsuddoha (Islami Andolan Bangladesh (IAB)) 2.7%","Bangladesh Nationalist Party (BNP) (55.1%), Bangladesh Jamaat-e-Islami (Jamaat) (41.7%), Islami Andolan Bangladesh (IAB) (2.7%)",163667.0,0.5513513695607501,123733.0,0.416824155204533,0.0,0.0,123733.0,0.416824155204533,163960.0,0.5523384100226716,0.0,0.0,-,373.0,400.0,-,-,123733.0,-,-,-,-,-,-,-,-,-,-,-,-,163667.0,-,-,-,422.0,-,-,-,-,-,-,-,293.0,-,-,7959.0,-,-,-,-,-,-,-,-,-,-,-,-,-,-,-,-,-
318996,259,Cumilla 11,Chattogram,Cumilla,Chittagong City Corporation (Wards 42-50),True,213894.0,"Syed Abdullah Md. Taher (Bangladesh Jamaat-e-Islami (Jamaat)) 62.3%, Md. Kamrul Huda (Bangladesh Nationalist Party (BNP)) 35.8%, Md. Mohiuddin (Islami Andolan Bangladesh (IAB)) 1.3%","Bangladesh Jamaat-e-Islami (Jamaat) (62.3%), Bangladesh Nationalist Party (BNP) (35.8%), Islami Andolan Bangladesh (IAB) (1.3%)",76638.0,0.3582989705181071,133308.0,0.6232432887318017,0.0,0.0,133308.0,0.6232432887318017,76638.0,0.3582989705181071,0.0,0.0,-,-,194.0,-,-,133308.0,-,-,-,-,-,-,-,-,-,-,-,-,76638.0,-,-,-,186.0,-,-,-,-,-,-,98.0,-,-,-,2766.0,-,-,-,-,-,704.0,-,-,-,-,-,-,-,-,-,-,-
318901,289,Chattogram 12,Chattogram,Chattogram,Patiya Upazila,True,188672.0,"Md. Enamul Haque (Bangladesh Nationalist Party (BNP)) 71.6%, Syed Air Md. Payaru (Bangladesh Islami Front (BIF)) 15.4%, Md. Faridul Alam (Bangladesh Jamaat-e-Islami (Jamaat)) 11.5%","Bangladesh Nationalist Party (BNP) (71.6%), Bangladesh Islami Front (BIF) (15.4%), Bangladesh Jamaat-e-Islami (Jamaat) (11.5%)",135044.0,0.7157606852103121,21706.0,0.11504621777476255,0.0,0.0,21824.0,0.11567164179104478,135044.0,0.7157606852103121,0.0,0.0,-,-,-,-,28999.0,21706.0,-,-,-,-,-,-,-,118.0,-,-,-,-,135044.0,-,-,-,-,-,-,-,-,-,-,-,-,243.0,929.0,901.0,-,-,-,-,-,732.0,-,-,-,-,-,-,-,-,-,-,-
318906,290,Chattogram 13,Chattogram,Chattogram,"Anwara Upazila, Karnaphuli Upazila",True,213675.0,"Sarwar Jamal Nizam (Bangladesh Nationalist Party (BNP)) 59.1%, S. M. Shahjahan (Bangladesh Islami Front (BIF)) 24.1%, Mahmudul Hasan (Bangladesh Jamaat-e-Islami (Jamaat)) 16.4%","Bangladesh Nationalist Party (BNP) (59.1%), Bangladesh Islami Front (BIF) (24.1%), Bangladesh Jamaat-e-Islami (Jamaat) (16.4%)",126192.0,0.5905791505791506,35030.0,0.16394056394056394,0.0,0.0,35030.0,0.16394056394056394,126360.0,0.5913653913653913,0.0,0.0,-,-,-,-,51450.0,35030.0,-,-,-,-,-,-,-,-,-,-,-,-,126192.0,-,-,-,-,-,-,-,-,-,-,-,168.0,-,191.0,-,-,-,-,-,-,440.0,-,-,-,-,-,-,-,204.0,-,-,-
318911,291,Chattogram 14,Chattogram,Chattogram,"Chandanaish Upazila, Satkania Upazila (partial)",True,181728.0,"Alhaj Jasim Uddin Ahmed (Bangladesh Nationalist Party (BNP)) 42.1%, Omar Farooq (Bangladesh Liberal Democratic Party (LDP)) 41.5%, Md. Solaiman (Bangladesh Islami Front (BIF)) 12.7%","Bangladesh Nationalist Party (BNP) (42.1%), Bangladesh Liberal Democratic Party (LDP) (41.5%), Bangladesh Islami Front (BIF) (12.7%)",76493.0,0.4209202764571227,0.0,0.0,0.0,0.0,75467.0,0.41527447614016555,76493.0,0.4209202764571227,0.0,0.0,-,-,-,-,22992.0,-,-,-,-,-,-,-,-,75467.0,-,-,-,-,76493.0,-,-,-,-,-,-,-,-,-,-,-,-,4795.0,149.0,1539.0,-,-,-,-,-,293.0,-,-,-,-,-,-,-,-,-,-,-
318916,292,Chattogram 15,Chattogram,Chattogram,"Lohagara Upazila, Satkania Upazila (partial)",True,314808.0,"Shahjahan Chowdhury (Bangladesh Jamaat-e-Islami (Jamaat)) 57.6%, Nazmul Mustafa Amin (Bangladesh Nationalist Party (BNP)) 41.5%, Shariful Alam Chowdhury (Islami Andolan Bangladesh (IAB)) 0.9%","Bangladesh Jamaat-e-Islami (Jamaat) (57.6%), Bangladesh Nationalist Party (BNP) (41.5%), Islami Andolan Bangladesh (IAB) (0.9%)",130661.0,0.4150498081370232,181238.0,0.5757096388910066,0.0,0.0,181238.0,0.5757096388910066,130661.0,0.4150498081370232,0.0,0.0,-,-,-,-,-,181238.0,-,-,-,-,-,-,-,-,-,-,-,-,130661.0,-,-,-,-,-,-,-,-,-,-,-,-,-,-,2909.0,-,-,-,-,-,-,-,-,-,-,-,-,-,-,-,-,-
318921,293,Chattogram 16,Chattogram,Chattogram,Banshkhali Upazila,True,237010.0,"Md. Zahirul Islam (Bangladesh Jamaat-e-Islami (Jamaat)) 39.3%, Mishkatul Islam Chowdhury (Bangladesh Nationalist Party (BNP)) 35.1%, Md. Leaquat Ali (Independent Candidate (Independent)) 23.4%","Bangladesh Jamaat-e-Islami (Jamaat) (39.3%), Bangladesh Nationalist Party (BNP) (35.1%), Independent Candidate (Independent) (23.4%)",83105.0,0.35063921353529387,93167.0,0.39309311843382133,0.0,0.0,93167.0,0.39309311843382133,83348.0,0.3516644867305177,0.0,0.0,-,-,-,-,-,93167.0,-,-,-,-,-,-,-,-,-,105.0,-,-,83105.0,-,-,-,-,-,-,-,-,-,-,-,243.0,55492.0,-,4054.0,-,844.0,-,-,-,-,-,-,-,-,-,-,-,-,-,-,-
319046,294,Cox's Bazar 1,Chattogram,Cox's Bazar,"Chakaria Upazila, Pekua Upazila",True,356275.0,"Salahuddin Ahmed (Bangladesh Nationalist Party (BNP)) 62.3%, Abdullah Al Farukh (Bangladesh Jamaat-e-Islami (Jamaat)) 36.4%, Sarwar Alam Kutubi (Islami Andolan Bangladesh (IAB)) 1.3%","Bangladesh Nationalist Party (BNP) (62.3%), Bangladesh Jamaat-e-Islami (Jamaat) (36.4%), Islami Andolan Bangladesh (IAB) (1.3%)",222019.0,0.6231674970177531,129728.0,0.36412321942319836,0.0,0.0,129728.0,0.36412321942319836,222019.0,0.6231674970177531,0.0,0.0,-,-,-,-,-,129728.0,-,-,-,-,-,-,-,-,-,-,-,-,222019.0,-,-,-,-,-,-,-,-,-,-,-,-,-,-,4528.0,-,-,-,-,-,-,-,-,-,-,-,-,-,-,-,-,-
319051,295,Cox's Bazar 2,Chattogram,Cox's Bazar,"Maheshkhali Upazila, Kutubdia Upazila",True,227185.0,"Alamgir Md. Mahfuz Ullah Farid (Bangladesh Nationalist Party (BNP)) 55.3%, Ahm Hamidur Rahman Azad (Bangladesh Jamaat-e-Islami (Jamaat)) 40.4%, Ziaul Haque (Islami Andolan Bangladesh (IAB)) 3.9%","Bangladesh Nationalist Party (BNP) (55.3%), Bangladesh Jamaat-e-Islami (Jamaat) (40.4%), Islami Andolan Bangladesh (IAB) (3.9%)",125543.0,0.5526025045667627,91889.0,0.40446772454167307,0.0,0.0,91889.0,0.40446772454167307,125740.0,0.5534696392807624,0.0,0.0,-,-,-,-,-,91889.0,-,-,-,-,-,-,-,-,-,-,-,-,125543.0,-,-,-,-,-,-,-,-,-,-,-,197.0,-,-,8799.0,-,-,-,-,-,757.0,-,-,-,-,-,-,-,-,-,-,-
319056,296,Cox's Bazar 3,Chattogram,Cox's Bazar,"Cox's Bazar Sadar Upazila, Ramu Upazila",True,350988.0,"Lutfur Rahman (Bangladesh Nationalist Party (BNP)) 51.9%, Shahidul Alam (Bangladesh Jamaat-e-Islami (Jamaat)) 46.1%, Amirul Islam (Islami Andolan Bangladesh (IAB)) 1.5%","Bangladesh Nationalist Party (BNP) (51.9%), Bangladesh Jamaat-e-Islami (Jamaat) (46.1%), Islami Andolan Bangladesh (IAB) (1.5%)",182096.0,0.5188097598778306,161827.0,0.46106134682667216,0.0,0.0,162429.0,0.4627765051796643,182096.0,0.5188097598778306,0.0,0.0,-,367.0,-,-,-,161827.0,-,-,-,-,-,-,602.0,-,-,-,-,-,182096.0,-,-,-,-,-,-,-,-,-,-,-,-,947.0,-,5149.0,-,-,-,-,-,-,-,-,-,-,-,-,-,-,-,-,-
319061,297,Cox's Bazar 4,Chattogram,Cox's Bazar,"Ukhia Upazila, Teknaf Upazila",True,250332.0,"Shahjahan Chowdhury (Bangladesh Nationalist Party (BNP)) 49.4%, Nur Ahmed Anwari (Bangladesh Jamaat-e-Islami (Jamaat)) 48.7%, Nurul Haque (Islami Andolan Bangladesh (IAB)) 1.7%","Bangladesh Nationalist Party (BNP) (49.4%), Bangladesh Jamaat-e-Islami (Jamaat) (48.7%), Islami Andolan Bangladesh (IAB) (1.7%)",123582.0,0.49367240304875126,122033.0,0.4874846204240768,0.0,0.0,122033.0,0.4874846204240768,123582.0,0.49367240304875126,0.0,0.0,-,-,-,-,-,122033.0,-,-,-,-,-,-,-,-,-,-,-,-,123582.0,-,-,-,-,-,-,-,-,-,-,-,-,-,-,4338.0,-,-,-,-,-,-,-,-,-,-,-,-,-,379.0,-,-,-
319481,298,Khagrachhari 1,Chattogram,Khagrachhari,"Khagrachhari Sadar Upazila, Mahalchhari Upazila, Matiranga Upazila, Manikchhari Upazila, Ramgarh Upazila, Dighinala Upazila",True,733509.0,"Samiran Dewan (Independent Candidate (Independent)) 61.1%, Abdul Wadud Bhuiyan (Bangladesh Nationalist Party (BNP)) 20.6%, Dharma Jyoti Chakma (Independent Candidate (Independent)) 9.3%","Independent Candidate (Independent) (61.1%), Bangladesh Nationalist Party (BNP) (20.6%), Independent Candidate (Independent) (9.3%)",151040.0,0.20591431052652387,58545.0,0.07981497159544054,0.0,0.0,58545.0,0.07981497159544054,151795.0,0.2069436094171987,0.0,0.0,-,-,-,-,-,58545.0,-,-,-,-,-,-,-,-,1030.0,184.0,-,-,151040.0,-,-,-,-,-,-,-,-,-,-,-,755.0,517159.0,683.0,3089.0,-,-,-,-,-,1024.0,-,-,-,-,-,-,-,-,-,-,-
320196,299,Rangamati 1,Chattogram,Rangamati,"Rangamati Sadar , Belaichhari , Kaptai , Jurachhari , Barkal , Rajasthali , Kawkhali , Langadu , Naniarchar , Baghaichhari",True,263647.0,"Dipen Dewan (Bangladesh Nationalist Party (BNP)) 76.4%, Pahel Chakma (Independent Candidate (Independent)) 11.8%, Md. Abu Baqar Siddiqui (Bangladesh Khelafat Majlish (BKM)) 8.6%","Bangladesh Nationalist Party (BNP) (76.4%), Independent Candidate (Independent) (11.8%), Bangladesh Khelafat Majlish (BKM) (8.6%)",201544.0,0.7644463999211066,0.0,0.0,1071.0,0.004062249902331527,22715.0,0.08615686884356735,203064.0,0.7702116845630711,0.0,0.0,-,-,-,-,-,-,-,-,-,-,-,22715.0,-,-,-,-,-,-,201544.0,-,-,-,-,-,-,-,-,-,-,-,449.0,31222.0,-,3672.0,-,-,-,-,-,2974.0,-,-,-,-,-,-,-,-,1071.0,-,-
318676,300,Bandarban 1,Chattogram,Bandarban,"Bandarban Sadar Upazila, Lama Upazila, Thanchi Upazila, Alikadam Upazila, Naikhongchhari Upazila, Rowangchhari Upazila",True,174770.0,"Saching Prue (Bangladesh Nationalist Party (BNP)) 80.9%, Abu Sayed Md. Suja Uddin (National Citizen Party (NCP)) 15.0%, Md. Abul Kalam Azad (Islami Andolan Bangladesh (IAB)) 2.7%","Bangladesh Nationalist Party (BNP) (80.9%), National Citizen Party (NCP) (15.0%), Islami Andolan Bangladesh (IAB) (2.7%)",141455.0,0.8093780397093323,0.0,0.0,0.0,0.0,26162.0,0.14969388338959777,141455.0,0.8093780397093323,0.0,0.0,-,-,-,-,-,-,-,-,-,-,-,-,-,-,-,-,-,-,141455.0,-,-,-,-,-,-,-,-,-,-,-,-,-,-,4718.0,-,-,-,-,-,2435.0,-,-,-,-,-,26162.0,-,-,-,-,-
318836,260,Chandpur 1,Chattogram,Chandpur,Kachua Upazila,True,208969.0,"Anm Ehsanul Haque Milon (Bangladesh Nationalist Party (BNP)) 63.7%, Abu Nasr Md. Maqbul Ahmed (Bangladesh Jamaat-e-Islami (Jamaat)) 33.7%, Md. Nasir Uddin (Bangladesh Islami Front (BIF)) 2.1%","Bangladesh Nationalist Party (BNP) (63.7%), Bangladesh Jamaat-e-Islami (Jamaat) (33.7%), Bangladesh Islami Front (BIF) (2.1%)",133032.0,0.636611171992018,70368.0,0.3367389421397432,0.0,0.0,70368.0,0.3367389421397432,133249.0,0.6376496035297101,0.0,0.0,-,-,-,-,4371.0,70368.0,-,-,-,-,-,-,-,-,-,-,-,-,133032.0,-,-,-,-,-,-,-,-,-,329.0,-,217.0,-,-,-,-,-,-,-,-,652.0,-,-,-,-,-,-,-,-,-,-,-
318841,261,Chandpur 2,Chattogram,Chandpur,"Matlab North Upazila, Matlab South Upazila",True,244864.0,"Md. Jalal Uddin (Bangladesh Nationalist Party (BNP)) 70.4%, Md. Billal Hossain (Bangladesh Liberal Democratic Party (LDP)) 23.5%, Mansur (Islami Andolan Bangladesh (IAB)) 5.0%","Bangladesh Nationalist Party (BNP) (70.4%), Bangladesh Liberal Democratic Party (LDP) (23.5%), Islami Andolan Bangladesh (IAB) (5.0%)",172506.0,0.7044971902770517,0.0,0.0,143.0,0.0005839976476738108,57756.0,0.23586970726607423,172821.0,0.7057836186617877,0.0,0.0,-,-,-,-,-,-,-,-,-,-,-,-,283.0,57473.0,-,-,-,-,172506.0,-,509.0,-,-,-,-,-,-,-,-,-,315.0,-,-,12307.0,-,-,-,-,-,1328.0,-,-,-,-,143.0,-,-,-,-,-,-
319021,254,Cumilla 6,Chattogram,Cumilla,"Cumilla Sadar Upazila, Comilla City Corporation",True,331614.0,"Md. Monirul Haque Chowdhury (Bangladesh Nationalist Party (BNP)) 60.8%, Kazi Deen Md. (Bangladesh Jamaat-e-Islami (Jamaat)) 36.1%, Md. Masum Bilya Miaji (Bangladesh Islami Front (BIF)) 1.4%","Bangladesh Nationalist Party (BNP) (60.8%), Bangladesh Jamaat-e-Islami (Jamaat) (36.1%), Bangladesh Islami Front (BIF) (1.4%)",201706.0,0.6082553812565211,119851.0,0.36141718986532534,968.0,0.002919056493392921,119851.0,0.36141718986532534,201921.0,0.6089037254156942,0.0,0.0,-,-,-,-,4648.0,119851.0,-,-,-,-,-,-,-,-,-,1597.0,-,-,201706.0,-,-,515.0,153.0,-,-,-,-,-,-,-,215.0,-,-,2476.0,-,-,-,-,-,-,-,453.0,-,-,-,-,-,-,-,-,-
319026,255,Cumilla 7,Chattogram,Cumilla,Chandina Upazila,True,181056.0,"Atiqul Alam (Independent Candidate (Independent)) 50.6%, Redwan Ahmed (Bangladesh Nationalist Party (BNP)) 26.8%, Sulaiman Khan (Bangladesh Khelafat Majlish (BKM)) 14.5%","Independent Candidate (Independent) (50.6%), Bangladesh Nationalist Party (BNP) (26.8%), Bangladesh Khelafat Majlish (BKM) (14.5%)",48509.0,0.2679226316719689,0.0,0.0,0.0,0.0,26319.0,0.14536386532343584,48509.0,0.2679226316719689,0.0,0.0,-,-,-,-,-,-,-,-,-,-,-,26319.0,-,-,-,-,-,-,48509.0,-,-,-,261.0,-,-,-,-,-,-,-,-,91690.0,-,14277.0,-,-,-,-,-,-,-,-,-,-,-,-,-,-,-,-,-
319031,256,Cumilla 8,Chattogram,Cumilla,Barura Upazila,True,220369.0,"Zakaria Taher (Bangladesh Nationalist Party (BNP)) 76.8%, Md. Shafiqul Alam Helal (Bangladesh Jamaat-e-Islami (Jamaat)) 20.5%, Md. Golam Morshed (Bangladesh Supreme Party (BSP)) 1.5%","Bangladesh Nationalist Party (BNP) (76.8%), Bangladesh Jamaat-e-Islami (Jamaat) (20.5%), Bangladesh Supreme Party (BSP) (1.5%)",169178.0,0.7677032613480117,45091.0,0.20461589425009868,160.0,0.0007260549351315294,45091.0,0.20461589425009868,169178.0,0.7677032613480117,0.0,0.0,-,-,-,-,-,45091.0,-,-,-,-,-,-,-,-,-,-,-,-,169178.0,-,161.0,160.0,-,-,3224.0,-,-,-,-,-,-,-,-,2276.0,279.0,-,-,-,-,-,-,-,-,-,-,-,-,-,-,-,-
319036,257,Cumilla 9,Chattogram,Cumilla,"Laksam Upazila, Manoharganj Upazila",True,302665.0,"Md. Abul Kalam (Bangladesh Nationalist Party (BNP)) 56.2%, Syed Akm Sarwar Uddin Siddiqui (Bangladesh Jamaat-e-Islami (Jamaat)) 39.3%, Selim Mahmud (Islami Andolan Bangladesh (IAB)) 2.5%","Bangladesh Nationalist Party (BNP) (56.2%), Bangladesh Jamaat-e-Islami (Jamaat) (39.3%), Islami Andolan Bangladesh (IAB) (2.5%)",170008.0,0.5617035336097665,118961.0,0.39304511588720203,0.0,0.0,118961.0,0.39304511588720203,170008.0,0.5617035336097665,0.0,0.0,-,-,-,-,-,118961.0,-,-,-,-,-,-,-,-,-,-,-,-,170008.0,-,-,-,124.0,-,-,-,-,-,-,-,-,811.0,-,7626.0,-,3919.0,-,-,-,1216.0,-,-,-,-,-,-,-,-,-,-,-
318891,287,Chattogram 10,Chattogram,Chattogram,,True,209080.0,"Saeed Al Noman (Bangladesh Nationalist Party (BNP)) 58.8%, Md. Shamsuzzaman Helali (Bangladesh Jamaat-e-Islami (Jamaat)) 36.8%, Md. Jannatul Islam (Islami Andolan Bangladesh (IAB)) 1.9%","Bangladesh Nationalist Party (BNP) (58.8%), Bangladesh Jamaat-e-Islami (Jamaat) (36.8%), Islami Andolan Bangladesh (IAB) (1.9%)",122978.0,0.5881863401568778,76919.0,0.3678926726611823,0.0,0.0,77080.0,0.3686627128371915,122978.0,0.5881863401568778,0.0,0.0,-,-,-,-,-,76919.0,-,-,-,-,-,-,161.0,-,-,-,-,-,122978.0,-,-,-,-,-,-,-,-,-,-,-,-,357.0,960.0,3880.0,-,2441.0,-,-,-,1079.0,-,-,-,-,-,-,-,-,-,305.0,-
318896,288,Chattogram 11,Chattogram,Chattogram,,True,202518.0,"Amir Khasru Mahmud Chowdhury (Bangladesh Nationalist Party (BNP)) 57.3%, Md. Shafiul Alam (Bangladesh Jamaat-e-Islami (Jamaat)) 37.9%, Md. Abu Taher (Islamic Front Bangladesh (IFB)) 2.5%","Bangladesh Nationalist Party (BNP) (57.3%), Bangladesh Jamaat-e-Islami (Jamaat) (37.9%), Islamic Front Bangladesh (IFB) (2.5%)",115999.0,0.5727836537986747,76681.0,0.3786379482317621,120.0,0.0005925399223772702,76681.0,0.3786379482317621,116103.0,0.5732971883980683,0.0,0.0,-,-,-,-,-,76681.0,-,-,-,-,-,-,-,-,-,-,-,-,115999.0,-,-,120.0,-,-,-,-,-,-,307.0,-,104.0,178.0,210.0,2557.0,-,5127.0,-,-,-,1004.0,-,-,-,-,-,-,-,-,-,231.0,-
