seat_id,seat_number,seat_name,division,district,party,candidate,votes
320086,001,Panchagarh 1,Rangpur,Panchagarh,Bangladesh Jatiya Samajtantrik Dal (Bangladesh JaSad),Nazmul Haque Pradhan,3009
320086,001,Panchagarh 1,Rangpur,Panchagarh,Bangladesh Nationalist Party (BNP),Md. Nawshad Zamir,176169
320086,001,Panchagarh 1,Rangpur,Panchagarh,Bangladesh Supreme Party (BSP),Md. Abdul Wadud,1018
320086,001,Panchagarh 1,Rangpur,Panchagarh,Gono Odhikar Parishad (GOP),Md. Mahfuzar Rahman,836
320086,001,Panchagarh 1,Rangpur,Panchagarh,National Citizen Party (NCP),Md. Sarjis Alam,168049
320086,001,Panchagarh 1,Rangpur,Panchagarh,Bangladesh Labour Party,Md. Ferdous Alam,683
320086,001,Panchagarh 1,Rangpur,Panchagarh,Bangladesh Nationalist Front (BNF),Md. Sirajul Islam,261
320091,002,Panchagarh 2,Rangpur,Panchagarh,Bangladesh Nationalist Party (BNP),Farhad Hossain Azad,174650
320091,002,Panchagarh 2,Rangpur,Panchagarh,Independent Candidate (Independent),Mahmud Hossain Sumon,1854
320091,002,Panchagarh 2,Rangpur,Panchagarh,Communist Party of Bangladesh (CPB),Md. Ashraful Alam,935
320091,002,Panchagarh 2,Rangpur,Panchagarh,Bangladesh Jatiya Samajtantrik Dal (Bangladesh JaSad),Mdf.Emran Al Amin,953
320091,002,Panchagarh 2,Rangpur,Panchagarh,Islami Andolan Bangladesh (IAB),Md. Kamrul Hasan Pradhan,4391
320091,002,Panchagarh 2,Rangpur,Panchagarh,Bangladesh Supreme Party (BSP),Md. Delwar Hossain,1352
320091,002,Panchagarh 2,Rangpur,Panchagarh,Jatiya Party (JaPa),Lutfur Rahman Ripon,2152
320091,002,Panchagarh 2,Rangpur,Panchagarh,Bangladesh Jamaat-e-Islami (Jamaat),Md. Shafiul Alam,128862
320451,3,Thakurgaon 1,Rangpur,Thakurgaon,Bangladesh Jamaat-e-Islami (Jamaat),Delowar Hossain,141017
320451,3,Thakurgaon 1,Rangpur,Thakurgaon,Bangladesh Nationalist Party (BNP),Mirza Fakhrul Islam Alamgir,238836
320451,3,Thakurgaon 1,Rangpur,Thakurgaon,Islami Andolan Bangladesh (IAB),Md. Khademul Islam,3851
320456,4,Thakurgaon 2,Rangpur,Thakurgaon,Jatiya Party (JaPa),Nurunnahar Begum,2876
320456,4,Thakurgaon 2,Rangpur,Thakurgaon,Bangladesh Jamaat-e-Islami (Jamaat),Md. Abdul Hakim,115707
320456,4,Thakurgaon 2,Rangpur,Thakurgaon,Bangladesh Nationalist Party (BNP),Md. Abdus Salam,121017
320456,4,Thakurgaon 2,Rangpur,Thakurgaon,Amar Bangladesh Party (AB),Md. Nahid Rana,451
320456,4,Thakurgaon 2,Rangpur,Thakurgaon,Gono Odhikar Parishad (GOP),Md. Faruk Hossain,1843
320456,4,Thakurgaon 2,Rangpur,Thakurgaon,Islami Andolan Bangladesh (IAB),Md. Rezaul Karim,437
320456,4,Thakurgaon 2,Rangpur,Thakurgaon,Communist Party of Bangladesh (CPB),Sahabuddin Ahned,380
320461,5,Thakurgaon 3,Rangpur,Thakurgaon,Bangladesh Muslim League (BML),S. M. Khalilur Rahman Sarkar,113
320461,5,Thakurgaon 3,Rangpur,Thakurgaon,Communist Party of Bangladesh (CPB),Provat Somir Shahjahan Alam,1548
320461,5,Thakurgaon 3,Rangpur,Thakurgaon,Independent Candidate (Independent),Mst. Asha Moni,279
320461,5,Thakurgaon 3,Rangpur,Thakurgaon,Bangladesh Supreme Party (BSP),Md. Abul Kalam Azad,503
320461,5,Thakurgaon 3,Rangpur,Thakurgaon,Islami Andolan Bangladesh (IAB),Md. Al Amin,1295
320461,5,Thakurgaon 3,Rangpur,Thakurgaon,Bangladesh Nationalist Party (BNP),Md. Zahidur Rahman,132797
320461,5,Thakurgaon 3,Rangpur,Thakurgaon,Gono Odhikar Parishad (GOP),Md. Mamunur Rashid Mamun,552
320461,5,Thakurgaon 3,Rangpur,Thakurgaon,Bangladesh Jamaat-e-Islami (Jamaat),Md. Mizanur Rahman,91934
320461,5,Thakurgaon 3,Rangpur,Thakurgaon,Jatiya Party (JaPa),Hafiz Uddin Ahmed,27133
320461,5,Thakurgaon 3,Rangpur,Thakurgaon,Bangladesh Minority Janata Party (BMJP),Kamala Kanto Roy,680
319176,6,Dinajpur 1,Rangpur,Dinajpur,Islami Andolan Bangladesh (IAB),Md. Chan Mia,3095
319176,6,Dinajpur 1,Rangpur,Dinajpur,Bangladesh Jamaat-e-Islami (Jamaat),Md. Matiur Rahman,117481
319176,6,Dinajpur 1,Rangpur,Dinajpur,Bangladesh Nationalist Party (BNP),Md. Manzurul Islam,179314
319176,6,Dinajpur 1,Rangpur,Dinajpur,Gono Odhikar Parishad (GOP),Md. Rizwanul Islam,395
319176,6,Dinajpur 1,Rangpur,Dinajpur,Jatiya Party (JaPa),Md. Shahinur Islam,1530
319176,6,Dinajpur 1,Rangpur,Dinajpur,Zaker Party (ZP),Raghunath Chandra Roy,2280
319181,7,Dinajpur 2,Rangpur,Dinajpur,Independent Candidate (Independent),Anwar Chowdhury Jibon,3857
319181,7,Dinajpur 2,Rangpur,Dinajpur,Bangladesh Jamaat-e-Islami (Jamaat),Akm Afzalul Anam,104887
319181,7,Dinajpur 2,Rangpur,Dinajpur,Bangladesh Khelafat Majlish (BKM),Jobayer Sayed,1046
319181,7,Dinajpur 2,Rangpur,Dinajpur,Islami Andolan Bangladesh (IAB),Md. Redwanul Karim Rabid,1061
319181,7,Dinajpur 2,Rangpur,Dinajpur,Independent Candidate (Independent),Anm Bazlur Rashid,15618
319181,7,Dinajpur 2,Rangpur,Dinajpur,Jatiya Party (JaPa),Md. Zulfikar Hossain,4647
319181,7,Dinajpur 2,Rangpur,Dinajpur,Bangladesh Muslim League (BML),Md. Mokaram Hossain,4610
319181,7,Dinajpur 2,Rangpur,Dinajpur,Bangladesh Nationalist Party (BNP),Md. Sadiq Riaz,139622
319186,8,Dinajpur 3,Rangpur,Dinajpur,Communist Party of Bangladesh (CPB),Amrit Kumar Roy,701
319186,8,Dinajpur 3,Rangpur,Dinajpur,Jatiya Party (JaPa),Ahmed Shafi Rubel,3838
319186,8,Dinajpur 3,Rangpur,Dinajpur,Islami Andolan Bangladesh (IAB),Md. Khairuzzaman,1408
319186,8,Dinajpur 3,Rangpur,Dinajpur,Bangladesh Jamaat-e-Islami (Jamaat),Md. Mainul Alam,136239
319186,8,Dinajpur 3,Rangpur,Dinajpur,Bangladesh Nationalist Party (BNP),Syed Jahangir Alam,140608
319186,8,Dinajpur 3,Rangpur,Dinajpur,Janotar Dol,Md. Rabiul Islam,337
319186,8,Dinajpur 3,Rangpur,Dinajpur,Bangladesh Samajtantrik Dal (Basad),Kibria Hossain,283
319191,9,Dinajpur 4,Rangpur,Dinajpur,Bangladesh Nationalist Party (BNP),Md. Akhtaruzzaman Mia,166717
319191,9,Dinajpur 4,Rangpur,Dinajpur,Islami Andolan Bangladesh (IAB),Md. Anwar Hossain,1699
319191,9,Dinajpur 4,Rangpur,Dinajpur,Bangladesh Jamaat-e-Islami (Jamaat),Md. Aftabuddin Molla,129056
319191,9,Dinajpur 4,Rangpur,Dinajpur,Jatiya Party (JaPa),Md. Nurul Amin Shah,3152
319196,10,Dinajpur 5,Rangpur,Dinajpur,Bangladesh Nationalist Party (BNP),Akm Kamruzzaman,98544
319196,10,Dinajpur 5,Rangpur,Dinajpur,Independent Candidate (Independent),Azm Rezwanul Haque,114484
319196,10,Dinajpur 5,Rangpur,Dinajpur,Independent Candidate (Independent),S. M. Zakaria Bacchu,4725
319196,10,Dinajpur 5,Rangpur,Dinajpur,Jatiya Party (JaPa),Md. Kazi Abdul Gafur,1503
319196,10,Dinajpur 5,Rangpur,Dinajpur,Independent Candidate (Independent),Md. Rustam Ali,567
319196,10,Dinajpur 5,Rangpur,Dinajpur,Independent Candidate (Independent),Md. Hazrat Ali Belal,3027
319196,10,Dinajpur 5,Rangpur,Dinajpur,National Citizen Party (NCP),Md. Abdul Ahad,110195
319201,11,Dinajpur 6,Rangpur,Dinajpur,Bangladesh Nationalist Party (BNP),Abu Jafar Md. Zahid Hossain,205118
319201,11,Dinajpur 6,Rangpur,Dinajpur,Independent Candidate (Independent),Md. Abdullah,418
319201,11,Dinajpur 6,Rangpur,Dinajpur,Islami Andolan Bangladesh (IAB),Md. Nur Alam Siddiqui,1659
319201,11,Dinajpur 6,Rangpur,Dinajpur,Jatiya Party (JaPa),Md. Rezaul Haque,2689
319201,11,Dinajpur 6,Rangpur,Dinajpur,Independent Candidate (Independent),Md. Shahnewaz Firoz Shuvo Shah,152
319201,11,Dinajpur 6,Rangpur,Dinajpur,Bangladesh Jamaat-e-Islami (Jamaat),Md. Anwarul Islam,190703
319201,11,Dinajpur 6,Rangpur,Dinajpur,Bangladesh Samajtantrik Dal (Basad),Md. Abdul Hakim,449
319996,12,Nilphamari 1,Rangpur,Nilphamari,Bangladesh National Awami Party–Bangladesh NAP (BNAP),Jebel Rahman Ghaani,4477
319996,12,Nilphamari 1,Rangpur,Nilphamari,Jamiat Ulema-e-Islam Bangladesh (JUIB),Mawlana Md. Monzurul Islam,119059
319996,12,Nilphamari 1,Rangpur,Nilphamari,Bangladesh Jamaat-e-Islami (Jamaat),Md. Abdus Sattar,150824
319996,12,Nilphamari 1,Rangpur,Nilphamari,Islami Andolan Bangladesh (IAB),Md. Abdul Jalil,1871
319996,12,Nilphamari 1,Rangpur,Nilphamari,Jatiya Party (Manju) (JP–Manju),Md. Makhdum Azam Mashrafe,4501
319996,12,Nilphamari 1,Rangpur,Nilphamari,Jatiya Party (JaPa),Md. Taslim Uddin,12276
319996,12,Nilphamari 1,Rangpur,Nilphamari,Socialist Party of Bangladesh (Marxist) (SPB-M),Md. Rafiqul Islam,312
319996,12,Nilphamari 1,Rangpur,Nilphamari,Bangladesh Nationalist Front (BNF),Md. Sirajul Islam,210
319996,12,Nilphamari 1,Rangpur,Nilphamari,Jatiya Party (JaPa),Md. Taslim Uddin,12276
320001,13,Nilphamari 2,Rangpur,Nilphamari,Bangladesh Jamaat-e-Islami (Jamaat),Alfaruq Abdul Latif,146430
320001,13,Nilphamari 2,Rangpur,Nilphamari,Independent Candidate (Independent),Md. Minhazul Islam Minhaz,307
320001,13,Nilphamari 2,Rangpur,Nilphamari,Khelafat Majlis,Md. Sarwarul Alam,351
320001,13,Nilphamari 2,Rangpur,Nilphamari,Bangladesh Nationalist Party (BNP),Shahrin Islam,135418
320001,13,Nilphamari 2,Rangpur,Nilphamari,Bangladesh Nationalist Front (BNF),Md. Sirajul Islam,193
320001,13,Nilphamari 2,Rangpur,Nilphamari,Islami Andolan Bangladesh (IAB),Hasibul Islam,3260
320006,14,Nilphamari 3,Rangpur,Nilphamari,Bangladesh Nationalist Party (BNP),Alhaz Sayed Ali,89807
320006,14,Nilphamari 3,Rangpur,Nilphamari,Bangladesh Jamaat-e-Islami (Jamaat),Obaidullah Salafi,109686
320006,14,Nilphamari 3,Rangpur,Nilphamari,Islami Andolan Bangladesh (IAB),Amzad Hossain Sarker,990
320006,14,Nilphamari 3,Rangpur,Nilphamari,Jatiya Party (JaPa),Rohan Chowdhury,3391
320011,15,Nilphamari 4,Rangpur,Nilphamari,Bangladesh Jamaat-e-Islami (Jamaat),Abdul Muttakim,126222
320011,15,Nilphamari 4,Rangpur,Nilphamari,Independent Candidate (Independent),S. M. Mamunur Rashid,436
320011,15,Nilphamari 4,Rangpur,Nilphamari,Independent Candidate (Independent),Jobaidur Rahman Hira,1008
320011,15,Nilphamari 4,Rangpur,Nilphamari,Bangladesh Nationalist Party (BNP),Md. Abdul Gafur Sarkar,82086
320011,15,Nilphamari 4,Rangpur,Nilphamari,Independent Candidate (Independent),Md. Riyad Arfan Sarkar,3826
320011,15,Nilphamari 4,Rangpur,Nilphamari,Islami Andolan Bangladesh (IAB),Md. Shahidul Islam,8335
320011,15,Nilphamari 4,Rangpur,Nilphamari,Jatiya Party (JaPa),Md. Siddiqul Alam,67757
320011,15,Nilphamari 4,Rangpur,Nilphamari,Socialist Party of Bangladesh (Marxist) (SPB-M),Md. Maidul Islam,630
320011,15,Nilphamari 4,Rangpur,Nilphamari,Bangladesh Jatiya Party (Matin),Mirza Md. Shawkat Akbar,97
319636,16,Lalmonirhat 1,Rangpur,Lalmonirhat,Bangladesh Jamaat-e-Islami (Jamaat),Anowarul Islam Razu,129572
319636,16,Lalmonirhat 1,Rangpur,Lalmonirhat,Bangladesh Nationalist Party (BNP),Md. Hasan Razib Prodhan,138686
319641,17,Lalmonirhat 2,Rangpur,Lalmonirhat,Bangladesh Jamaat-e-Islami (Jamaat),Md. Firoz Haidar,107886
319641,17,Lalmonirhat 2,Rangpur,Lalmonirhat,Bangladesh Nationalist Party (BNP),Md. Rokon Uddin Babul,118359
319646,18,Lalmonirhat 3,Rangpur,Lalmonirhat,Bangladesh Nationalist Party (BNP),Asadul Habib Dulu,139651
319646,18,Lalmonirhat 3,Rangpur,Lalmonirhat,Bangladesh Jamaat-e-Islami (Jamaat),Md. Abu Taher,56244
320206,19,Rangpur 1,Rangpur,Rangpur,Bangladesh Nationalist Party (BNP),Md. Mokarram Hossain Sujon,69407
320206,19,Rangpur 1,Rangpur,Rangpur,Bangladesh Jamaat-e-Islami (Jamaat),Md. Raihan Siraji,145088
320211,20,Rangpur 2,Rangpur,Rangpur,Jatiya Party (JaPa),Anisul Islam Mondol,19693
320211,20,Rangpur 2,Rangpur,Rangpur,Bangladesh Jamaat-e-Islami (Jamaat),A. T. M. Azharul Islam,89456
320211,20,Rangpur 2,Rangpur,Rangpur,Bangladesh Nationalist Party (BNP),Md. Ali Sarkar,53626
320216,21,Rangpur 3,Rangpur,Rangpur,Bangladesh Jamaat-e-Islami (Jamaat),Mahbubur Rahman Belal,175827
320216,21,Rangpur 3,Rangpur,Rangpur,Bangladesh Nationalist Party (BNP),Shamsuzzaman Shamu,84578
320221,22,Rangpur 4,Rangpur,Rangpur,National Citizen Party (NCP),Akhter Hossain,149966
320221,22,Rangpur 4,Rangpur,Rangpur,Bangladesh Nationalist Party (BNP),Md. Emdadul Haque Varosha,140564
320226,23,Rangpur 5,Rangpur,Rangpur,Jatiya Party (JaPa),S. M. Fakhruz Zaman,14944
320226,23,Rangpur 5,Rangpur,Rangpur,Bangladesh Nationalist Party (BNP),Md. Golam Rabbani,115116
320226,23,Rangpur 5,Rangpur,Rangpur,Bangladesh Jamaat-e-Islami (Jamaat),Md. Golam Rabbani,176411
320231,24,Rangpur 6,Rangpur,Rangpur,Bangladesh Jamaat-e-Islami (Jamaat),Md. Nurul Amin,120128
320231,24,Rangpur 6,Rangpur,Rangpur,Bangladesh Nationalist Party (BNP),Md. Saiful Islam,117703
319561,25,Kurigram 1,Rangpur,Kurigram,Bangladesh Jamaat-e-Islami (Jamaat),Md. Anowarul Islam,141090
319561,25,Kurigram 1,Rangpur,Kurigram,Bangladesh Nationalist Party (BNP),Saifur Rahman Rana,123025
319566,26,Kurigram 2,Rangpur,Kurigram,National Citizen Party (NCP),Atiqur Rahman Mujahid,178869
319566,26,Kurigram 2,Rangpur,Kurigram,Bangladesh Nationalist Party (BNP),Md. Sohel Hossain Kaikobad,170335
319571,27,Kurigram 3,Rangpur,Kurigram,Islami Andolan Bangladesh (IAB),Md. Akkas Ali Sarker,33380
319571,27,Kurigram 3,Rangpur,Kurigram,Bangladesh Nationalist Party (BNP),Tasvir Ul Islam,672
319571,27,Kurigram 3,Rangpur,Kurigram,Bangladesh Jamaat-e-Islami (Jamaat),Md. Mahbubul Alam,106923
319576,28,Kurigram 4,Rangpur,Kurigram,Bangladesh Nationalist Party (BNP),Md. Azizur Rahman,83762
319576,28,Kurigram 4,Rangpur,Kurigram,Bangladesh Jamaat-e-Islami (Jamaat),Md. Mostafizur Rahman,106347
319576,28,Kurigram 4,Rangpur,Kurigram,Islami Andolan Bangladesh (IAB),Md. Hafizur Rahman,9449
319256,29,Gaibandha 1,Rangpur,Gaibandha,Bangladesh Nationalist Party (BNP),Khondokar Ziaul Islam Md. Ali,37997
319256,29,Gaibandha 1,Rangpur,Gaibandha,Bangladesh Jamaat-e-Islami (Jamaat),Md. Mazedur Rahman,140726
319261,30,Gaibandha 2,Rangpur,Gaibandha,Bangladesh Nationalist Party (BNP),Md. Anisuzzam Khan Babu,92890
319261,30,Gaibandha 2,Rangpur,Gaibandha,Bangladesh Jamaat-e-Islami (Jamaat),Md. Abdul Karim,122630
319266,31,Gaibandha 3,Rangpur,Gaibandha,Bangladesh Nationalist Party (BNP),Prof Mainul Hasan Sadik,139864
319266,31,Gaibandha 3,Rangpur,Gaibandha,Bangladesh Jamaat-e-Islami (Jamaat),Abul Kaowsar Md. Nazrul Islam,162457
319271,32,Gaibandha 4,Rangpur,Gaibandha,Bangladesh Nationalist Party (BNP),Md. Shamim Kaisar,142772
319271,32,Gaibandha 4,Rangpur,Gaibandha,Bangladesh Jamaat-e-Islami (Jamaat),Md. Abdur Rahim Sarkar,139738
319276,33,Gaibandha 5,Rangpur,Gaibandha,Bangladesh Jamaat-e-Islami (Jamaat),Md. Abdul Wareth,89274
319276,33,Gaibandha 5,Rangpur,Gaibandha,Bangladesh Nationalist Party (BNP),Md. Faruk Alam Sarkar,73483
319466,34,Joypurhat 1,Rajshahi,Joypurhat,Bangladesh Samajtantrik Dal (Basad),Md. Wazed Parvej,578
319466,34,Joypurhat 1,Rajshahi,Joypurhat,Socialist Party of Bangladesh (Marxist) (SPB-M),Towfika Dewan,617
319466,34,Joypurhat 1,Rajshahi,Joypurhat,Bangladesh Jamaat-e-Islami (Jamaat),Md. Fazlur Rahman Sayed,165192
319466,34,Joypurhat 1,Rajshahi,Joypurhat,Bangladesh Nationalist Party (BNP),Md. Masud Rana Prodhan,155309
319466,34,Joypurhat 1,Rajshahi,Joypurhat,Independent Candidate (Independent),Sabekun Nahar,13286
319471,35,Joypurhat 2,Rajshahi,Joypurhat,Amar Bangladesh Party (AB),S. A. Zahid,1555
319471,35,Joypurhat 2,Rajshahi,Joypurhat,Bangladesh Jamaat-e-Islami (Jamaat),S. M. Rashedul Alam,92517
319471,35,Joypurhat 2,Rajshahi,Joypurhat,Bangladesh Nationalist Party (BNP),Md. Abdul Bari,158065
318761,36,Bogura 1,Rajshahi,Bogura,Islami Andolan Bangladesh (IAB),Abm Mostofa Kamal Pasha,1026
318761,36,Bogura 1,Rajshahi,Bogura,Bangladesh Nationalist Party (BNP),Kazi Rafiqul Islam,171440
318761,36,Bogura 1,Rajshahi,Bogura,Gono Forum (GF),Md. Zulfiqar Ali,298
318761,36,Bogura 1,Rajshahi,Bogura,Bangladesh Jamaat-e-Islami (Jamaat),Md. Shahabuddin,57959
318761,36,Bogura 1,Rajshahi,Bogura,Bangladesh Congress,Md. Asadul Haque,597
318766,37,Bogura 2,Rajshahi,Bogura,Bangladesh Jamaat-e-Islami (Jamaat),Abul Azad Md. Shaduzzam,93548
318766,37,Bogura 2,Rajshahi,Bogura,Bangladesh Nationalist Party (BNP),Mir Shahe Alam,145137
318766,37,Bogura 2,Rajshahi,Bogura,Islami Andolan Bangladesh (IAB),Md. Jamal Uddin,913
318766,37,Bogura 2,Rajshahi,Bogura,Independent Candidate (Independent),Md. Rezaul Karim Talu,183
318766,37,Bogura 2,Rajshahi,Bogura,Gono Odhikar Parishad (GOP),Md. Selim Sarkar,274
318766,37,Bogura 2,Rajshahi,Bogura,Jatiya Party (JaPa),Shariful Islam Jinnah,434
318766,37,Bogura 2,Rajshahi,Bogura,Nagorik Oikya (NO),Mahmudur Rahman Manna,3426
318771,38,Bogura 3,Rajshahi,Bogura,Bangladesh Jamaat-e-Islami (Jamaat),Nur Mohhammad,111026
318771,38,Bogura 3,Rajshahi,Bogura,Bangladesh Nationalist Party (BNP),Md. Abdul Muhit Talukdar,127406
318771,38,Bogura 3,Rajshahi,Bogura,Islami Andolan Bangladesh (IAB),Md. Shahjahan Ali Talukdar,1789
318771,38,Bogura 3,Rajshahi,Bogura,Jatiya Party (JaPa),Md. Shahinul Islam,1495
318776,39,Bogura 4,Rajshahi,Bogura,Islami Andolan Bangladesh (IAB),Muha. Idris Ali,2954
318776,39,Bogura 4,Rajshahi,Bogura,Bangladesh Nationalist Party (BNP),Md. Mosharraf Hossain,155339
318776,39,Bogura 4,Rajshahi,Bogura,Bangladesh Jamaat-e-Islami (Jamaat),Md. Mostafa Faisal,108978
318776,39,Bogura 4,Rajshahi,Bogura,Jatiya Party (JaPa),Shaheen Mostafa Kamal,1107
318781,40,Bogura 5,Rajshahi,Bogura,Bangladesh Liberal Democratic Party (LDP),Khan Qudrat E Sakrain,1134
318781,40,Bogura 5,Rajshahi,Bogura,Bangladesh Nationalist Party (BNP),Golam Md. Siraj,248841
318781,40,Bogura 5,Rajshahi,Bogura,Islami Andolan Bangladesh (IAB),Mir Md. Mahmudur Rahman,5558
318781,40,Bogura 5,Rajshahi,Bogura,Bangladesh Jamaat-e-Islami (Jamaat),Md. Dabibur Rahman,143329
318781,40,Bogura 5,Rajshahi,Bogura,Communist Party of Bangladesh (CPB),Shipon Kumar Rabidas,1782
318786,41,Bogura 6,Rajshahi,Bogura,Jatiya Samajtantrik Dal (JSD),Abdullah Al Waki,276
318786,41,Bogura 6,Rajshahi,Bogura,Islami Andolan Bangladesh (IAB),Abu Numan Md. Mamunur Rashid,2508
318786,41,Bogura 6,Rajshahi,Bogura,Bangladesh Samajtantrik Dal (Basad),Dilruba,795
318786,41,Bogura 6,Rajshahi,Bogura,Bangladesh Jamaat-e-Islami (Jamaat),Md. Abidur Rahman,97626
318786,41,Bogura 6,Rajshahi,Bogura,Bangladesh Nationalist Party (BNP),Tarique Rahman,216284
318791,42,Bogura 7,Rajshahi,Bogura,Bangladesh Nationalist Party (BNP),Morshed Milton,264212
318791,42,Bogura 7,Rajshahi,Bogura,Bangladesh Muslim League (BML),Md. Ansar Ali,536
318791,42,Bogura 7,Rajshahi,Bogura,Bangladesh Jamaat-e-Islami (Jamaat),Md. Golam Rabbani,116665
318791,42,Bogura 7,Rajshahi,Bogura,Islami Andolan Bangladesh (IAB),Md. Shafiqul Islam,2061
318866,43,Chapainawabganj 1,Rajshahi,Chapainawabganj,Bangladesh Islami Front (BIF),Nabab Md. Shamsul Hoda,446
318866,43,Chapainawabganj 1,Rajshahi,Chapainawabganj,Jatiya Party (JaPa),Moha. Afzal Hossain,2263
318866,43,Chapainawabganj 1,Rajshahi,Chapainawabganj,Bangladesh Sangskritik Muktijote (BSM),Md. Abdul Halim,557
318866,43,Chapainawabganj 1,Rajshahi,Chapainawabganj,Bangladesh Jamaat-e-Islami (Jamaat),Md. Keramat Ali,206893
318866,43,Chapainawabganj 1,Rajshahi,Chapainawabganj,Islami Andolan Bangladesh (IAB),Md. Monirul Islam,1083
318866,43,Chapainawabganj 1,Rajshahi,Chapainawabganj,Bangladesh Nationalist Party (BNP),Md. Shahjahan Mia,162515
318871,44,Chapainawabganj 2,Rajshahi,Chapainawabganj,Jatiya Party (JaPa),Mu. Khurshid Alam,8175
318871,44,Chapainawabganj 2,Rajshahi,Chapainawabganj,Bangladesh Jamaat-e-Islami (Jamaat),Mu.Mizanur Rahman,171227
318871,44,Chapainawabganj 2,Rajshahi,Chapainawabganj,Bangladesh Nationalist Party (BNP),Md. Aminul Islam,155119
318871,44,Chapainawabganj 2,Rajshahi,Chapainawabganj,Islami Andolan Bangladesh (IAB),Md. Ibrahim Khalil,1069
318871,44,Chapainawabganj 2,Rajshahi,Chapainawabganj,Communist Party of Bangladesh (CPB),Md. Sadekul Isalm,626
318876,45,Chapainawabganj 3,Rajshahi,Chapainawabganj,Bangladesh Jamaat-e-Islami (Jamaat),Md. Nurul Islam,189640
318876,45,Chapainawabganj 3,Rajshahi,Chapainawabganj,Jatiya Samajtantrik Dal (JSD),Md. Fazlul Islam Khan,637
318876,45,Chapainawabganj 3,Rajshahi,Chapainawabganj,Islami Andolan Bangladesh (IAB),Md. Monirul Islam,820
318876,45,Chapainawabganj 3,Rajshahi,Chapainawabganj,Gono Odhikar Parishad (GOP),Md. Shofiqul Islam,361
318876,45,Chapainawabganj 3,Rajshahi,Chapainawabganj,Bangladesh Nationalist Party (BNP),Md. Harunur Rashid,127037
319831,46,Naogaon 1,Rajshahi,Naogaon,Bangladesh Jamaat-e-Islami (Jamaat),Md. Mahbubul Alam,153816
319831,46,Naogaon 1,Rajshahi,Naogaon,Jatiya Party (JaPa),Md. Akber Ali,4243
319831,46,Naogaon 1,Rajshahi,Naogaon,Islami Andolan Bangladesh (IAB),Md. A. H. Shah,9058
319831,46,Naogaon 1,Rajshahi,Naogaon,Independent Candidate (Independent),Md. Shalek Chowdhury,18088
319831,46,Naogaon 1,Rajshahi,Naogaon,Bangladesh Nationalist Party (BNP),Md. Mostafizur Rahman,173864
319836,47,Naogaon 2,Rajshahi,Naogaon,Bangladesh Jamaat-e-Islami (Jamaat),Md. Enamul Haque,141526
319836,47,Naogaon 2,Rajshahi,Naogaon,Amar Bangladesh Party (AB),Md. Matibul Islam,2680
319836,47,Naogaon 2,Rajshahi,Naogaon,Bangladesh Nationalist Party (BNP),Md. Samsujjoha Khan,134533
319841,48,Naogaon 3,Rajshahi,Naogaon,Bangladesh Samajtantrik Dal (Basad),Kalipada Sarkar,1233
319841,48,Naogaon 3,Rajshahi,Naogaon,Islami Andolan Bangladesh (IAB),Nasir Bin Asgar,3643
319841,48,Naogaon 3,Rajshahi,Naogaon,Independent Candidate (Independent),Parvez Arefin Siddiqui,17129
319841,48,Naogaon 3,Rajshahi,Naogaon,Bangladesh Nationalist Party (BNP),Md. Fazle Huda,166889
319841,48,Naogaon 3,Rajshahi,Naogaon,Jatiya Party (JaPa),Md. Masud Rana,4869
319841,48,Naogaon 3,Rajshahi,Naogaon,Bangladesh Jamaat-e-Islami (Jamaat),Md. Mahfuzur Rahman,119421
319841,48,Naogaon 3,Rajshahi,Naogaon,Independent Candidate (Independent),Md. Saddam Hossain,823
319841,48,Naogaon 3,Rajshahi,Naogaon,Bangladesh Nationalist Front (BNF),Abdullah Al Mamun Soikot,195
319846,49,Naogaon 4,Rajshahi,Naogaon,Bangladesh Nationalist Party (BNP),Ekramul Bari Tipu,133928
319846,49,Naogaon 4,Rajshahi,Naogaon,Communist Party of Bangladesh (CPB),S. M. Fazlur Rahman,2313
319846,49,Naogaon 4,Rajshahi,Naogaon,Bangladesh Jamaat-e-Islami (Jamaat),Md. Abdur Rakib,97585
319846,49,Naogaon 4,Rajshahi,Naogaon,Jatiya Party (JaPa),Md. Altaf Hossain,1327
319846,49,Naogaon 4,Rajshahi,Naogaon,Islami Andolan Bangladesh (IAB),Sohrab Hossain,609
319846,49,Naogaon 4,Rajshahi,Naogaon,Independent Candidate (Independent),Mst. Arfana Begum,712
319851,50,Naogaon 5,Rajshahi,Naogaon,Bangladesh Jamaat-e-Islami (Jamaat),Abu Sadat Md. Sayem,104747
319851,50,Naogaon 5,Rajshahi,Naogaon,Jatiya Party (JaPa),Md. Anwar Hossain,2176
319851,50,Naogaon 5,Rajshahi,Naogaon,Islami Andolan Bangladesh (IAB),Md. Abdur Rahman,4101
319851,50,Naogaon 5,Rajshahi,Naogaon,Bangladesh Nationalist Party (BNP),Md. Zahidul Islam Dhalu,129385
319851,50,Naogaon 5,Rajshahi,Naogaon,Communist Party of Bangladesh (CPB),Shafiqul Islam,741
319856,51,Naogaon 6,Rajshahi,Naogaon,Bangladesh Republican Party (BRP),Atikur Rahman Ratan Molla,555
319856,51,Naogaon 6,Rajshahi,Naogaon,Independent Candidate (Independent),Alamgir Kabir,19638
319856,51,Naogaon 6,Rajshahi,Naogaon,Bangladesh Jamaat-e-Islami (Jamaat),Md. Khobirul Islam,97629
319856,51,Naogaon 6,Rajshahi,Naogaon,Islami Andolan Bangladesh (IAB),Md. Rafiqul Islam,1833
319856,51,Naogaon 6,Rajshahi,Naogaon,Bangladesh Nationalist Party (BNP),Sheikh Md. Rezaul Islam,108866
320161,52,Rajshahi 1,Rajshahi,Rajshahi,Independent Candidate (Independent),Md. Al Saad,663
320161,52,Rajshahi 1,Rajshahi,Rajshahi,Gono Odhikar Parishad (GOP),Mir Md. Shahjahan,407
320161,52,Rajshahi 1,Rajshahi,Rajshahi,Bangladesh Nationalist Party (BNP),Md. Sharif Uddin,169902
320161,52,Rajshahi 1,Rajshahi,Rajshahi,Bangladesh Jamaat-e-Islami (Jamaat),Md. Mujibur Rahman,171786
320161,52,Rajshahi 1,Rajshahi,Rajshahi,Amar Bangladesh Party (AB),Md. Abdur Rahman,1100
320166,53,Rajshahi 2,Rajshahi,Rajshahi,Nagorik Oikya (NO),Md. Shamsul Alam,552
320166,53,Rajshahi 2,Rajshahi,Rajshahi,Bangladesh Nationalist Party (BNP),Md. Mizanur Rahman Minu,128546
320166,53,Rajshahi 2,Rajshahi,Rajshahi,Bangladesh Jamaat-e-Islami (Jamaat),Md. Jahangir,100370
320166,53,Rajshahi 2,Rajshahi,Rajshahi,Independent Candidate (Independent),Saleh Ahmed,801
320166,53,Rajshahi 2,Rajshahi,Rajshahi,Amar Bangladesh Party (AB),Mu Saeed Noman,796
320171,54,Rajshahi 3,Rajshahi,Rajshahi,Jatiya Party (JaPa),Md. Afzal Hossain,2390
320171,54,Rajshahi 3,Rajshahi,Rajshahi,Bangladesh Nationalist Party (BNP),Md. Shafiqul Haque Milon,176318
320171,54,Rajshahi 3,Rajshahi,Rajshahi,Islami Andolan Bangladesh (IAB),Md. Fazlur Rahman,1154
320171,54,Rajshahi 3,Rajshahi,Rajshahi,Bangladesh Jamaat-e-Islami (Jamaat),Md. Abul Kalam Azad,137927
320171,54,Rajshahi 3,Rajshahi,Rajshahi,Independent Candidate (Independent),Mst. Habiba Begum,1177
320176,55,Rajshahi 4,Rajshahi,Rajshahi,Bangladesh Nationalist Party (BNP),D. M. D. Ziaur Rahman,109461
320176,55,Rajshahi 4,Rajshahi,Rajshahi,Bangladesh Jamaat-e-Islami (Jamaat),Md. Abdul Bari Sardar,115226
320176,55,Rajshahi 4,Rajshahi,Rajshahi,Islami Andolan Bangladesh (IAB),Md. Tajul Islam Khan,670
320176,55,Rajshahi 4,Rajshahi,Rajshahi,Jatiya Party (JaPa),Md. Fazlul Haque,1759
320181,56,Rajshahi 5,Rajshahi,Rajshahi,Bangladesh Supreme Party (BSP),Md. Altaf Hossain Molla,938
320181,56,Rajshahi 5,Rajshahi,Rajshahi,Bangladesh Nationalist Party (BNP),Prof. Nazrul Islam,153425
320181,56,Rajshahi 5,Rajshahi,Rajshahi,Islami Andolan Bangladesh (IAB),Md. Ruhul Amin,620
320181,56,Rajshahi 5,Rajshahi,Rajshahi,Independent Candidate (Independent),Md. Raihan Kawsar,442
320181,56,Rajshahi 5,Rajshahi,Rajshahi,Independent Candidate (Independent),Md. Isfa Khairul Haque,2496
320181,56,Rajshahi 5,Rajshahi,Rajshahi,Bangladesh Jamaat-e-Islami (Jamaat),Manjur Rahman,73445
320181,56,Rajshahi 5,Rajshahi,Rajshahi,Independent Candidate (Independent),Rezaul Karim,6432
320186,57,Rajshahi 6,Rajshahi,Rajshahi,Bangladesh Nationalist Party (BNP),Abu Sayed Chand,148672
320186,57,Rajshahi 6,Rajshahi,Rajshahi,Jatiya Party (JaPa),Md. Iqbal Hossain,2930
320186,57,Rajshahi 6,Rajshahi,Rajshahi,Bangladesh Jamaat-e-Islami (Jamaat),Md. Nazmul Haque,92965
320186,57,Rajshahi 6,Rajshahi,Rajshahi,Islami Andolan Bangladesh (IAB),Abdus Salam Suruj,1628
319941,58,Natore 1,Rajshahi,Natore,Gono Odhikar Parishad (GOP),Md. Mehedi Hasan,298
319941,58,Natore 1,Rajshahi,Natore,Independent Candidate (Independent),Md. Yasir Arshad,80
319941,58,Natore 1,Rajshahi,Natore,Bangladesh Jamaat-e-Islami (Jamaat),Md. Abul Kalam Azad,90568
319941,58,Natore 1,Rajshahi,Natore,Bangladesh Nationalist Party (BNP),Farzana Sharmin,102726
319941,58,Natore 1,Rajshahi,Natore,Independent Candidate (Independent),Taiful Islam Tipu,73173
319941,58,Natore 1,Rajshahi,Natore,Islami Andolan Bangladesh (IAB),Abdullah Hil Baki,1269
319941,58,Natore 1,Rajshahi,Natore,Jatiya Party (JaPa),Md. . Shahed Ali Jinnah,552
319941,58,Natore 1,Rajshahi,Natore,Independent Candidate (Independent),Md. Moazzem Hossain,115
319946,59,Natore 2,Rajshahi,Natore,Bangladesh Nationalist Party (BNP),M. Ruhul Quddus Talukder Dulu,162841
319946,59,Natore 2,Rajshahi,Natore,Ganosanhati Andolan (GSA),Tahamida Islam Tania,464
319946,59,Natore 2,Rajshahi,Natore,Bangladesh Jamaat-e-Islami (Jamaat),Md. Yunus Ali,130066
319946,59,Natore 2,Rajshahi,Natore,Independent Candidate (Independent),Md. Nurunnabi Mridha,621
319946,59,Natore 2,Rajshahi,Natore,Jatiya Party (JaPa),Md. Rakib Uddin,2587
319946,59,Natore 2,Rajshahi,Natore,Islami Andolan Bangladesh (IAB),Md. Ali Siddiqui,2757
319951,60,Natore 3,Rajshahi,Natore,National Citizen Party (NCP),S. M. Jarjis Kadir,20707
319951,60,Natore 3,Rajshahi,Natore,Bangladesh Nationalist Party (BNP),Md. Anwarul Islam,119768
319951,60,Natore 3,Rajshahi,Natore,Jatiya Party (JaPa),Md. Ashik Iqbal,2119
319951,60,Natore 3,Rajshahi,Natore,Islami Andolan Bangladesh (IAB),Md. Khalilur Rahman,19105
319951,60,Natore 3,Rajshahi,Natore,Independent Candidate (Independent),Md. Delowar Hossain,372
319951,60,Natore 3,Rajshahi,Natore,Independent Candidate (Independent),Md. Daudar Mahmud,66492
319956,61,Natore 4,Rajshahi,Natore,Bangladesh Nationalist Party (BNP),Md. Abdul Aziz,170551
319956,61,Natore 4,Rajshahi,Natore,Bangladesh Jamaat-e-Islami (Jamaat),Md. Abdul Hakim,135386
319956,61,Natore 4,Rajshahi,Natore,Islami Andolan Bangladesh (IAB),Md. Emdadullah,3845
319956,61,Natore 4,Rajshahi,Natore,Amar Bangladesh Party (AB),Md. Mokshedul Momin,259
319956,61,Natore 4,Rajshahi,Natore,Jatiya Party (JaPa),M. Yusuf Ahmed,2799
320306,62,Sirajganj 1,Rajshahi,Sirajganj,Bangladesh Nationalist Party (BNP),Md. Selim Reza,115132
320306,62,Sirajganj 1,Rajshahi,Sirajganj,Nagorik Oikya (NO),Md. Nazmus Sakib,321
320306,62,Sirajganj 1,Rajshahi,Sirajganj,Jatiya Party (JaPa),Md. Zahurul Islam,2234
320306,62,Sirajganj 1,Rajshahi,Sirajganj,Bangladesh Jamaat-e-Islami (Jamaat),Md. Shahinur Alam,106732
320306,62,Sirajganj 1,Rajshahi,Sirajganj,Independent Candidate (Independent),Md. Abdus Sabur,263
320306,62,Sirajganj 1,Rajshahi,Sirajganj,Gono Odhikar Parishad (GOP),Mst. Mallika Khatun,1170
320311,63,Sirajganj 2,Rajshahi,Sirajganj,Bangladesh Nationalist Party (BNP),Iqbal Hasan Mahmud,177578
320311,63,Sirajganj 2,Rajshahi,Sirajganj,Bangladesh Samajtantrik Dal (Basad),S. M. Abdullah Al Mamun,864
320311,63,Sirajganj 2,Rajshahi,Sirajganj,Janotar Dol,Md. Sohel Rana,181
320311,63,Sirajganj 2,Rajshahi,Sirajganj,Gono Odhikar Parishad (GOP),Md. Mahfuzur Rahman,410
320311,63,Sirajganj 2,Rajshahi,Sirajganj,Bangladesh Jamaat-e-Islami (Jamaat),Md. Jahidul Islam,138797
320311,63,Sirajganj 2,Rajshahi,Sirajganj,Islami Andolan Bangladesh (IAB),Md. Mohibullah,2167
320311,63,Sirajganj 2,Rajshahi,Sirajganj,Communist Party of Bangladesh (CPB),Md. Anwar Hossain,769
320316,64,Sirajganj 3,Rajshahi,Sirajganj,Jatiya Party (JaPa),Md. Fazlul Haque,1658
320316,64,Sirajganj 3,Rajshahi,Sirajganj,Bangladesh Nationalist Party (BNP),Md. Aynul Haque,174430
320316,64,Sirajganj 3,Rajshahi,Sirajganj,Bangladesh Khelafat Majlish (BKM),Muha. Abdur Rouf Sarkar,116802
320316,64,Sirajganj 3,Rajshahi,Sirajganj,Independent Candidate (Independent),Md. Elias Reza Robin,1006
320321,65,Sirajganj 4,Rajshahi,Sirajganj,Bangladesh Jamaat-e-Islami (Jamaat),Md. Rafiqul Islam Khan,161872
320321,65,Sirajganj 4,Rajshahi,Sirajganj,Bangladesh Nationalist Party (BNP),M. Akbar Ali,161278
320326,66,Sirajganj 5,Rajshahi,Sirajganj,Communist Party of Bangladesh (CPB),Md. Motiar Rahman,328
320326,66,Sirajganj 5,Rajshahi,Sirajganj,Jatiya Party (JaPa),Md. Akbar Hossain,1224
320326,66,Sirajganj 5,Rajshahi,Sirajganj,Bangladesh Nationalist Party (BNP),Md. Amirul Islam Khan,134989
320326,66,Sirajganj 5,Rajshahi,Sirajganj,Islami Andolan Bangladesh (IAB),Nurun Nabi,5759
320326,66,Sirajganj 5,Rajshahi,Sirajganj,Gono Odhikar Parishad (GOP),Md. Yusuf Ali,235
320326,66,Sirajganj 5,Rajshahi,Sirajganj,Bangladesh Jamaat-e-Islami (Jamaat),Md. Ali Alam,106805
320331,67,Sirajganj 6,Rajshahi,Sirajganj,Bangladesh Nationalist Party (BNP),M. A. Muhit,171508
320331,67,Sirajganj 6,Rajshahi,Sirajganj,National Citizen Party (NCP),S. M. Saif Mostafiz,103884
320056,68,Pabna 1,Rajshahi,Pabna,Bangladesh Nationalist Party (BNP),Md. Shamsur Rahman,104245
320056,68,Pabna 1,Rajshahi,Pabna,Bangladesh Jamaat-e-Islami (Jamaat),Md. Nazibur Rahman,129974
320056,68,Pabna 1,Rajshahi,Pabna,Islami Andolan Bangladesh (IAB),Md. Abdul Gani,1114
320056,68,Pabna 1,Rajshahi,Pabna,Independent Candidate (Independent),Md. Tajul Islam,1033
320061,69,Pabna 2,Rajshahi,Pabna,Gono Forum (GF),Sheikh Nasir Uddin,333
320061,69,Pabna 2,Rajshahi,Pabna,Jatiya Party (JaPa),Md. Mehedi Hasan Rubel,2260
320061,69,Pabna 2,Rajshahi,Pabna,Bangladesh Jamaat-e-Islami (Jamaat),Md. Hesab Uddin,77242
320061,69,Pabna 2,Rajshahi,Pabna,Islami Andolan Bangladesh (IAB),Md. Afzal Hossain Khan Kashemi,5884
320061,69,Pabna 2,Rajshahi,Pabna,Bangladesh Nationalist Party (BNP),A. K. M. Selim Reza Habib,215406
320066,70,Pabna 3,Rajshahi,Pabna,Independent Candidate (Independent),K. M. Anwarul Islam,38027
320066,70,Pabna 3,Rajshahi,Pabna,Gono Odhikar Parishad (GOP),Md. Hasanul Islam,986
320066,70,Pabna 3,Rajshahi,Pabna,Islami Andolan Bangladesh (IAB),Md. Abdul Khalek,1769
320066,70,Pabna 3,Rajshahi,Pabna,Bangladesh Supreme Party (BSP),Md. Mahbubur Rahman Joy Chowdhury,1420
320066,70,Pabna 3,Rajshahi,Pabna,Bangladesh Jamaat-e-Islami (Jamaat),Md. Ali Asgar,147475
320066,70,Pabna 3,Rajshahi,Pabna,Bangladesh Nationalist Party (BNP),Md. Hasan Zafir Tuhin,144206
320066,70,Pabna 3,Rajshahi,Pabna,Gono Forum (GF),Sardar Asha Parvez,173
320066,70,Pabna 3,Rajshahi,Pabna,Jatiya Party (JaPa),Mir Nadim Md. Dablu,1072
320071,71,Pabna 4,Rajshahi,Pabna,Communist Party of Bangladesh (CPB),Md. Sohag Hosen,459
320071,71,Pabna 4,Rajshahi,Pabna,Independent Candidate (Independent),Md. Zakaria Pintu,27970
320071,71,Pabna 4,Rajshahi,Pabna,Nagorik Oikya (NO),Shahnaz Haque,182
320071,71,Pabna 4,Rajshahi,Pabna,Jatiya Party (JaPa),Md. Saiful Azad Mallik,955
320071,71,Pabna 4,Rajshahi,Pabna,Bangladesh Jamaat-e-Islami (Jamaat),Md. Abu Taleb Mondol,137675
320071,71,Pabna 4,Rajshahi,Pabna,Bangladesh Nationalist Party (BNP),Md. Habibur Rahman,133874
320071,71,Pabna 4,Rajshahi,Pabna,Islami Andolan Bangladesh (IAB),Md. Anwar Shah,2688
320076,72,Pabna 5,Rajshahi,Pabna,Islami Andolan Bangladesh (IAB),Md. Najmul Hossain,4268
320076,72,Pabna 5,Rajshahi,Pabna,Bangladesh Nationalist Party (BNP),Md. Shamshur Rahman Shimul Biswas,181925
320076,72,Pabna 5,Rajshahi,Pabna,Bangladesh Jamaat-e-Islami (Jamaat),Md. Iqbal Hossain,164994
320076,72,Pabna 5,Rajshahi,Pabna,Amar Bangladesh Party (AB),Md. Abdul Majid Molla,442
319711,73,Meherpur 1,Khulna,Meherpur,Jatiya Party (JaPa),Md. Abdul Hamid,1429
319711,73,Meherpur 1,Khulna,Meherpur,Bangladesh Nationalist Party (BNP),Masud Arun,105441
319711,73,Meherpur 1,Khulna,Meherpur,Bangladesh Jamaat-e-Islami (Jamaat),Md. Tajuddin Khan,123271
319711,73,Meherpur 1,Khulna,Meherpur,Communist Party of Bangladesh (CPB),Moha Mizanur Rahman,792
319716,74,Meherpur 2,Khulna,Meherpur,Bangladesh Nationalist Party (BNP),Md. Amzad Hossain,85988
319716,74,Meherpur 2,Khulna,Meherpur,Bangladesh Jamaat-e-Islami (Jamaat),Md. Nazmul Huda,96306
319586,75,Kushtia 1,Khulna,Kushtia,Jatiya Party (JaPa),Md. Shahriar Jamil,1094
319586,75,Kushtia 1,Khulna,Kushtia,Gono Odhikar Parishad (GOP),Md. Shahabul Islam,613
319586,75,Kushtia 1,Khulna,Kushtia,Jatiya Samajtantrik Dal (JSD),Md. Gias Uddin,203
319586,75,Kushtia 1,Khulna,Kushtia,Bangladesh Jamaat-e-Islami (Jamaat),Md. Belal Uddin,86682
319586,75,Kushtia 1,Khulna,Kushtia,Islami Andolan Bangladesh (IAB),Md. Aminul Islam,4063
319586,75,Kushtia 1,Khulna,Kushtia,Independent Candidate (Independent),Md. Nuruzzaman,17864
319586,75,Kushtia 1,Khulna,Kushtia,Bangladesh Nationalist Party (BNP),Reza Ahammed,165909
319586,75,Kushtia 1,Khulna,Kushtia,Islamic Front Bangladesh (IFB),Moha Badiruzzaman,241
319591,76,Kushtia 2,Khulna,Kushtia,Bangladesh Nationalist Party (BNP),Ragib Rauf Chowdhury,143821
319591,76,Kushtia 2,Khulna,Kushtia,Islami Andolan Bangladesh (IAB),Md. Ali,3887
319591,76,Kushtia 2,Khulna,Kushtia,Islamic Front Bangladesh (IFB),Md. Babul Akter,1123
319591,76,Kushtia 2,Khulna,Kushtia,Communist Party of Bangladesh (CPB),Nur Uddin Ahmed,805
319591,76,Kushtia 2,Khulna,Kushtia,Bangladesh Jamaat-e-Islami (Jamaat),Md. Abdul Gafur,192083
319596,77,Kushtia 3,Khulna,Kushtia,Bangladesh Jamaat-e-Islami (Jamaat),Md. Amir Hamza,182476
319596,77,Kushtia 3,Khulna,Kushtia,Islami Andolan Bangladesh (IAB),Md. Abdullah Akhand,5153
319596,77,Kushtia 3,Khulna,Kushtia,Bangladesh Samajtantrik Dal (Basad),Mir Nazmul Islam,442
319596,77,Kushtia 3,Khulna,Kushtia,Gono Odhikar Parishad (GOP),Moha Shariful Islam,299
319596,77,Kushtia 3,Khulna,Kushtia,Bangladesh Nationalist Party (BNP),Md. Zakir Hossain Sarkar,127559
319596,77,Kushtia 3,Khulna,Kushtia,Bangladesh Republican Party (BRP),Mosammat Rumpa Khatun,475
319601,78,Kushtia 4,Khulna,Kushtia,Bangladesh Nationalist Party (BNP),Syed Mehdi Ahmed Rumi,139603
319601,78,Kushtia 4,Khulna,Kushtia,Bangladesh Jamaat-e-Islami (Jamaat),Md. Afzal Hossain,148201
319601,78,Kushtia 4,Khulna,Kushtia,Gono Forum (GF),Md. Abdul Hakim Mia,255
319601,78,Kushtia 4,Khulna,Kushtia,Islami Andolan Bangladesh (IAB),Anwar Khan,13739
319601,78,Kushtia 4,Khulna,Kushtia,Bangladesh Minority Janata Party (BMJP),Tarun Kumar Ghosh,671
319601,78,Kushtia 4,Khulna,Kushtia,Bangladesh Labour Party,Md. Shahidul Islam,308
318971,79,Chuadanga 1,Khulna,Chuadanga,Bangladesh Jamaat-e-Islami (Jamaat),Md. Masud Parvez,211041
318971,79,Chuadanga 1,Khulna,Chuadanga,Bangladesh Nationalist Party (BNP),Md. Sharifuzzaman,153193
318971,79,Chuadanga 1,Khulna,Chuadanga,Islami Andolan Bangladesh (IAB),Md. Zahurul Islam,10122
318976,80,Chuadanga 2,Khulna,Chuadanga,Bangladesh Jamaat-e-Islami (Jamaat),Md. Ruhul Amin,208011
318976,80,Chuadanga 2,Khulna,Chuadanga,Islami Andolan Bangladesh (IAB),Md. Hasanuzzaman,6374
318976,80,Chuadanga 2,Khulna,Chuadanga,Bangladesh Nationalist Party (BNP),Mahmud Hasan Khan,163877
319441,81,Jhenaidah 1,Khulna,Jhenaidah,Bangladesh Nationalist Party (BNP),Md. Asaduzzaman,173381
319441,81,Jhenaidah 1,Khulna,Jhenaidah,Bangladesh Jamaat-e-Islami (Jamaat),Abu Saleh Md. Matiur Rahman,57055
319441,81,Jhenaidah 1,Khulna,Jhenaidah,Jatiya Party (JaPa),Monika Alam,969
319441,81,Jhenaidah 1,Khulna,Jhenaidah,Amar Bangladesh Party (AB),Md. Matiar Rahman,610
319441,81,Jhenaidah 1,Khulna,Jhenaidah,Socialist Party of Bangladesh (Marxist) (SPB-M),Shahidul Enam Pallab Mia,309
319446,82,Jhenaidah 2,Khulna,Jhenaidah,Islami Andolan Bangladesh (IAB),Hm Momtajur Rahman,4571
319446,82,Jhenaidah 2,Khulna,Jhenaidah,Bangladesh Nationalist Party (BNP),Md. Abdul Majid,175984
319446,82,Jhenaidah 2,Khulna,Jhenaidah,Bangladesh Samajtantrik Dal (Basad),Md. Asadul Islam,340
319446,82,Jhenaidah 2,Khulna,Jhenaidah,Bangladesh Jamaat-e-Islami (Jamaat),Ali Azam Md. Abu Bakar,195702
319446,82,Jhenaidah 2,Khulna,Jhenaidah,Jatiya Party (JaPa),Saogat Ul Islam,994
319446,82,Jhenaidah 2,Khulna,Jhenaidah,Communist Party of Bangladesh (CPB),Md. Abu Towab,557
319451,83,Jhenaidah 3,Khulna,Jhenaidah,Bangladesh Nationalist Party (BNP),Md. Mehedi Hasan,149821
319451,83,Jhenaidah 3,Khulna,Jhenaidah,Bangladesh Jamaat-e-Islami (Jamaat),Md. Matiar Rahman,175857
319451,83,Jhenaidah 3,Khulna,Jhenaidah,Gono Odhikar Parishad (GOP),Md. Suman Kabir,388
319451,83,Jhenaidah 3,Khulna,Jhenaidah,Islami Andolan Bangladesh (IAB),Sarwar Hossain,3820
319456,84,Jhenaidah 4,Khulna,Jhenaidah,Bangladesh Jamaat-e-Islami (Jamaat),Md. Abu Talib,105999
319456,84,Jhenaidah 4,Khulna,Jhenaidah,Independent Candidate (Independent),Md. Saiful Islam Firoz,77104
319456,84,Jhenaidah 4,Khulna,Jhenaidah,Jatiya Party (JaPa),Emdadul Islam,613
319456,84,Jhenaidah 4,Khulna,Jhenaidah,Gono Forum (GF),Khaniya Khanam,267
319456,84,Jhenaidah 4,Khulna,Jhenaidah,Islami Andolan Bangladesh (IAB),Abdul Jalil,3907
319456,84,Jhenaidah 4,Khulna,Jhenaidah,Bangladesh Nationalist Party (BNP),Md. Rashed Khan,77104
319391,85,Jashore 1,Khulna,Jashore,Islami Andolan Bangladesh (IAB),Md. Baktiar Rahman,1768
319391,85,Jashore 1,Khulna,Jashore,Bangladesh Jamaat-e-Islami (Jamaat),Md. Azizur Rahman,119093
319391,85,Jashore 1,Khulna,Jashore,Bangladesh Nationalist Party (BNP),Md. Nuruzzaman Liton,93542
319391,85,Jashore 1,Khulna,Jashore,Jatiya Party (JaPa),Md. Jahangir Alam Chonchol,1398
319396,86,Jashore 2,Khulna,Jashore,Bangladesh Nationalist Front (BNF),Md. Shamsul Haque,203
319396,86,Jashore 2,Khulna,Jashore,Independent Candidate (Independent),Md. Mehedi Hasan,389
319396,86,Jashore 2,Khulna,Jashore,Independent Candidate (Independent),Md. Zahurul Islam,188
319396,86,Jashore 2,Khulna,Jashore,Bangladesh Jamaat-e-Islami (Jamaat),Md. Moslehuddin Farid,180965
319396,86,Jashore 2,Khulna,Jashore,Islami Andolan Bangladesh (IAB),Md. Idris Ali,5781
319396,86,Jashore 2,Khulna,Jashore,Bangladesh Samajtantrik Dal (Basad),Md. Imran Khan,472
319396,86,Jashore 2,Khulna,Jashore,Amar Bangladesh Party (AB),Ripon Mahmud,416
319396,86,Jashore 2,Khulna,Jashore,Bangladesh Nationalist Party (BNP),Mst. Sabira Sultana,146447
319401,87,Jashore 3,Khulna,Jashore,Bangladesh Jamaat-e-Islami (Jamaat),Md. Abdul Qader,187463
319401,87,Jashore 3,Khulna,Jashore,Communist Party of Bangladesh (CPB),Md. Rashed Khan,753
319401,87,Jashore 3,Khulna,Jashore,Jatiya Party (JaPa),Md. Khobir Gazi,3404
319401,87,Jashore 3,Khulna,Jashore,Jatiya Ganatantrik Party (JAGPA),Md. Nizamuddin Amit,1772
319401,87,Jashore 3,Khulna,Jashore,Bangladesh Nationalist Party (BNP),Anindya Islam Amit,201339
319401,87,Jashore 3,Khulna,Jashore,Islami Andolan Bangladesh (IAB),Md. Shoaib Hossain,13322
319406,88,Jashore 4,Khulna,Jashore,Independent Candidate (Independent),M. Nazim Uddin Al Azad,797
319406,88,Jashore 4,Khulna,Jashore,Bangladesh Jamaat-e-Islami (Jamaat),Md. Golam Rasool,176912
319406,88,Jashore 4,Khulna,Jashore,Bangladesh Nationalist Party (BNP),Md. Matiar Rahman Farazi,131917
319406,88,Jashore 4,Khulna,Jashore,Bangladesh Minority Janata Party (BMJP),Sukriti Kumar Mandal,1510
319406,88,Jashore 4,Khulna,Jashore,Jatiya Party (JaPa),Md. Zahurul Haque,1751
319406,88,Jashore 4,Khulna,Jashore,Khelafat Majlis,Md. Asheq Elahi,301
319411,89,Jashore 5,Khulna,Jashore,Islami Andolan Bangladesh (IAB),Md. Zainal Abedin,4400
319411,89,Jashore 5,Khulna,Jashore,Bangladesh Nationalist Party (BNP),Rashid Ahmad,54875
319411,89,Jashore 5,Khulna,Jashore,Bangladesh Jamaat-e-Islami (Jamaat),Gazi Enamul Haque,132876
319411,89,Jashore 5,Khulna,Jashore,Independent Candidate (Independent),Md. Iqbal Hossain,85045
319411,89,Jashore 5,Khulna,Jashore,Jatiya Party (JaPa),Md. A. Halim,2245
319416,90,Jashore 6,Khulna,Jashore,Bangladesh Jamaat-e-Islami (Jamaat),Md. Moktar Ali,92234
319416,90,Jashore 6,Khulna,Jashore,Amar Bangladesh Party (AB),Md. Mahmud Hasan,672
319416,90,Jashore 6,Khulna,Jashore,Bangladesh Nationalist Party (BNP),Md. Abul Hossain Azad,80141
319416,90,Jashore 6,Khulna,Jashore,Islami Andolan Bangladesh (IAB),Md. Shahidul Islam,1285
319416,90,Jashore 6,Khulna,Jashore,Jatiya Party (JaPa),G. M. Hasan,990
319676,91,Magura 1,Khulna,Magura,Bangladesh Jamaat-e-Islami (Jamaat),Abdul Matin,89691
319676,91,Magura 1,Khulna,Magura,Islami Andolan Bangladesh (IAB),Md. Nazirul Islam,13414
319676,91,Magura 1,Khulna,Magura,Gono Odhikar Parishad (GOP),Md. Khalilur Rahman,292
319676,91,Magura 1,Khulna,Magura,Bangladesh Nationalist Party (BNP),Md. Monowar Hossain,185338
319676,91,Magura 1,Khulna,Magura,Bangladesh Congress,Kazi Rezaul Hossain,821
319676,91,Magura 1,Khulna,Magura,Jatiya Party (JaPa),Md. Zakir Hossain Molla,1767
319676,91,Magura 1,Khulna,Magura,Bangladesh Samajtantrik Dal (Basad),Shompa Basu,1237
319681,92,Magura 2,Khulna,Magura,Bangladesh Jamaat-e-Islami (Jamaat),Md. Mushtarshed Billah,117018
319681,92,Magura 2,Khulna,Magura,Jatiya Party (JaPa),Moshiyar Rahman,2947
319681,92,Magura 2,Khulna,Magura,Islami Andolan Bangladesh (IAB),Mostofa Kamal,16223
319681,92,Magura 2,Khulna,Magura,Bangladesh Nationalist Party (BNP),Nitai Roy Chowdhury,147896
319866,93,Narail 1,Khulna,Narail,Independent Candidate (Independent),S. M. Sajjad Hossain,898
319866,93,Narail 1,Khulna,Narail,Independent Candidate (Independent),Ujjal Molla,230
319866,93,Narail 1,Khulna,Narail,Bangladesh Nationalist Party (BNP),Bishwas Jahangir Alam,99975
319866,93,Narail 1,Khulna,Narail,Bangladesh Jamaat-e-Islami (Jamaat),Md. Obaidullah,75225
319866,93,Narail 1,Khulna,Narail,Independent Candidate (Independent),B. M. Nagib Hossain,1113
319866,93,Narail 1,Khulna,Narail,Islami Andolan Bangladesh (IAB),Abdul Aziz,6352
319866,93,Narail 1,Khulna,Narail,Jatiya Party (JaPa),Md. Milton Molla,461
319866,93,Narail 1,Khulna,Narail,Independent Candidate (Independent),Sukesh Saha Ananda,864
319871,94,Narail 2,Khulna,Narail,Bangladesh Jamaat-e-Islami (Jamaat),Md. Ataur Rahman,118142
319871,94,Narail 2,Khulna,Narail,Bangladesh Nationalist Party (BNP),A. Z. M. Fariduzzaman,45463
319871,94,Narail 2,Khulna,Narail,Islami Andolan Bangladesh (IAB),Md. Tajul Islam,4729
319871,94,Narail 2,Khulna,Narail,Jatiya Party (JaPa),Khandaker Fayekuzzaman,688
319871,94,Narail 2,Khulna,Narail,Gono Odhikar Parishad (GOP),Md. Nur Islam,339
319871,94,Narail 2,Khulna,Narail,Independent Candidate (Independent),Md. Monirul Islam,78457
319871,94,Narail 2,Khulna,Narail,Independent Candidate (Independent),Mst. Farida Yasmin,219
319871,94,Narail 2,Khulna,Narail,Bangladesh Sangskritik Muktijote (BSM),Md. Shoaib Ali,220
318651,95,Bagerhat 1,Khulna,Bagerhat,Jatiya Party (JaPa),S. M. Golam Sarwar,571
318651,95,Bagerhat 1,Khulna,Bagerhat,Bangladesh Muslim League (BML),M. D. Shamsul Haque,242
318651,95,Bagerhat 1,Khulna,Bagerhat,Bangladesh Nationalist Party (BNP),Kapil Krishna Mondal,114323
318651,95,Bagerhat 1,Khulna,Bagerhat,Bangladesh Muslim League (BML),A. Sabur Sheikh,167
318651,95,Bagerhat 1,Khulna,Bagerhat,Amar Bangladesh Party (AB),Md. Aminul Islam,291
318651,95,Bagerhat 1,Khulna,Bagerhat,Independent Candidate (Independent),Md. Sheikh Masud Rana,6467
318651,95,Bagerhat 1,Khulna,Bagerhat,Bangladesh Jamaat-e-Islami (Jamaat),Md. Mashiur Rahman Khan,117527
318651,95,Bagerhat 1,Khulna,Bagerhat,Independent Candidate (Independent),M. A. H. Selim,5283
318656,96,Bagerhat 2,Khulna,Bagerhat,Independent Candidate (Independent),M. A. H. Selim,48965
318656,96,Bagerhat 2,Khulna,Bagerhat,Bangladesh Nationalist Party (BNP),Sheikh Md. Zakir Hossain,66409
318656,96,Bagerhat 2,Khulna,Bagerhat,Islami Andolan Bangladesh (IAB),Sheikh Atiar Rahman,4313
318656,96,Bagerhat 2,Khulna,Bagerhat,Bangladesh Jamaat-e-Islami (Jamaat),Sheikh Manjurul Haque,117709
318661,97,Bagerhat 3,Khulna,Bagerhat,Independent Candidate (Independent),M. A. H. Selim,425
318661,97,Bagerhat 3,Khulna,Bagerhat,Bangladesh Jamaat-e-Islami (Jamaat),Md. Abdul Wadud Sheikh,83550
318661,97,Bagerhat 3,Khulna,Bagerhat,Jatiya Samajtantrik Dal (JSD),Md. Habibur Rahman Master,349
318661,97,Bagerhat 3,Khulna,Bagerhat,Bangladesh Nationalist Party (BNP),Sheikh Faridul Islam,102661
318661,97,Bagerhat 3,Khulna,Bagerhat,Islami Andolan Bangladesh (IAB),Sheikh Zillur Rahman,3640
318666,98,Bagerhat 4,Khulna,Bagerhat,Islami Andolan Bangladesh (IAB),Md. Omar Faruk,8501
318666,98,Bagerhat 4,Khulna,Bagerhat,Bangladesh Jamaat-e-Islami (Jamaat),Md. Abdul Alim,116067
318666,98,Bagerhat 4,Khulna,Bagerhat,Jatiya Samajtantrik Dal-JASAD,Md. A. Latif Khan,315
318666,98,Bagerhat 4,Khulna,Bagerhat,Independent Candidate (Independent),Kazi Khairuzzaman,229
318666,98,Bagerhat 4,Khulna,Bagerhat,Jatiya Party (JaPa),Sajon Kumar Mistri,1147
318666,98,Bagerhat 4,Khulna,Bagerhat,Bangladesh Nationalist Party (BNP),Som Nath De,98326
319491,99,Khulna 1,Khulna,Khulna,Communist Party of Bangladesh (CPB),Kishor Kumar Roy,4742
319491,99,Khulna 1,Khulna,Khulna,Gono Odhikar Parishad (GOP),G. M. Rokonuzzaman,84
319491,99,Khulna 1,Khulna,Khulna,Independent Candidate (Independent),Achintya Kumar Mondal,710
319491,99,Khulna 1,Khulna,Khulna,Jatiya Party (JaPa),Md. Jahangir Hossain,630
319491,99,Khulna 1,Khulna,Khulna,Bangladesh Jamaat-e-Islami (Jamaat),Krishna Nandi,70346
319491,99,Khulna 1,Khulna,Khulna,Independent Candidate (Independent),Gobinda Halder,894
319491,99,Khulna 1,Khulna,Khulna,Jatiya Samajtantrik Dal (JSD),Prosenjit Dutta,513
319491,99,Khulna 1,Khulna,Khulna,Bangladesh Nationalist Party (BNP),Amir Ejaz Khan,121352
319491,99,Khulna 1,Khulna,Khulna,Islami Andolan Bangladesh (IAB),Md. Abu Sayed,5619
319491,99,Khulna 1,Khulna,Khulna,Bangladesh Somo Odhikar Party (BEP),Subrata Mondal,169
319491,99,Khulna 1,Khulna,Khulna,Bangladesh Minority Janata Party (BMJP),Prabir Gopal Roy,567
319491,99,Khulna 1,Khulna,Khulna,Bangladesh Islami Front (BIF),Sunil Shubho Roy,881
319496,100,Khulna 2,Khulna,Khulna,Bangladesh Jamaat-e-Islami (Jamaat),Sheikh Jahangir Hossain Helal,93789
319496,100,Khulna 2,Khulna,Khulna,Bangladesh Nationalist Party (BNP),Nazrul Islam Manju,88197
319496,100,Khulna 2,Khulna,Khulna,Islami Andolan Bangladesh (IAB),Amanullah,7298
319501,101,Khulna 3,Khulna,Khulna,Islami Andolan Bangladesh (IAB),Md. A. A. Auwal,5705
319501,101,Khulna 3,Khulna,Khulna,Bangladesh Nationalist Party (BNP),Rakibul Islam,74845
319501,101,Khulna 3,Khulna,Khulna,Bangladesh Jamaat-e-Islami (Jamaat),Md. Mahfuzur Rahman,66010
319501,101,Khulna 3,Khulna,Khulna,Independent Candidate (Independent),Moin Md. Mayaz,98
319501,101,Khulna 3,Khulna,Khulna,Independent Candidate (Independent),Md. Abul Hasnat Siddiqui,68
319501,101,Khulna 3,Khulna,Khulna,Independent Candidate (Independent),Md. Murad Khan Liton,83
319501,101,Khulna 3,Khulna,Khulna,Jatiya Party (JaPa),Md. Abdullah Al Mamun,1070
319501,101,Khulna 3,Khulna,Khulna,Independent Candidate (Independent),S. M. Arifur Rahman,838
319501,101,Khulna 3,Khulna,Khulna,Bangladesh Samajtantrik Dal (Basad),Janardan Dutta,246
319501,101,Khulna 3,Khulna,Khulna,Nationalist Democratic Movement (NDM),Sheikh Arman Hossain,141
319506,102,Khulna 4,Khulna,Khulna,Khelafat Majlis,S. M. Sakhaowat Hossain,109530
319506,102,Khulna 4,Khulna,Khulna,Islami Andolan Bangladesh (IAB),Yunus Ahmed Sheikh,13345
319506,102,Khulna 4,Khulna,Khulna,Bangladesh Nationalist Party (BNP),S. K. Azizul Bari,123162
319506,102,Khulna 4,Khulna,Khulna,Independent Candidate (Independent),S. M. Azmal Hossain,859
319511,103,Khulna 5,Khulna,Khulna,Jatiya Party (JaPa),Shamim Ara Parvin,1319
319511,103,Khulna 5,Khulna,Khulna,Bangladesh Jamaat-e-Islami (Jamaat),Mia Golam Parwar,146246
319511,103,Khulna 5,Khulna,Khulna,Bangladesh Nationalist Party (BNP),Md. Ali Asgar,148854
319511,103,Khulna 5,Khulna,Khulna,Communist Party of Bangladesh (CPB),Chitta Ranjan Goldar,1790
319516,104,Khulna 6,Khulna,Khulna,Bangladesh Jamaat-e-Islami (Jamaat),Md. Abul Kalam Azad,150724
319516,104,Khulna 6,Khulna,Khulna,Jatiya Party (JaPa),Md. Mostafa Kamal Jahangir,2717
319516,104,Khulna 6,Khulna,Khulna,Bangladesh Nationalist Party (BNP),S. M. Monirul Hasan,124710
319516,104,Khulna 6,Khulna,Khulna,Islami Andolan Bangladesh (IAB),Md. Asadullah Fakir,2950
319516,104,Khulna 6,Khulna,Khulna,Communist Party of Bangladesh (CPB),Prashanta Kumar Mondal,1571
320241,105,Satkhira 1,Khulna,Satkhira,Bangladesh Congress,Md. Iyarul Islam,715
320241,105,Satkhira 1,Khulna,Satkhira,Islami Andolan Bangladesh (IAB),Sheikh Md. Rezaul Karim,2071
320241,105,Satkhira 1,Khulna,Satkhira,Bangladesh Jamaat-e-Islami (Jamaat),Md. Izzat Ullah,193772
320241,105,Satkhira 1,Khulna,Satkhira,Bangladesh Nationalist Party (BNP),Md. Habibul Islam Habib,169995
320241,105,Satkhira 1,Khulna,Satkhira,Jatiya Party (JaPa),Ziaur Rahman,2544
320246,106,Satkhira 2,Khulna,Satkhira,Bangladesh Nationalist Party (BNP),Md. Abdur Rauf,116293
320246,106,Satkhira 2,Khulna,Satkhira,Bangladesh Jamaat-e-Islami (Jamaat),Md. Abdul Khalek,266959
320246,106,Satkhira 2,Khulna,Satkhira,Islami Andolan Bangladesh (IAB),Mufti Rabiul Islam,1976
320246,106,Satkhira 2,Khulna,Satkhira,Bangladesh Jatiya Samajtantrik Dal (Bangladesh JaSad),Md. Idris Ali,317
320246,106,Satkhira 2,Khulna,Satkhira,Jatiya Party (JaPa),Md. Ashrafuzzaman,4278
320251,107,Satkhira 3,Khulna,Satkhira,Islami Andolan Bangladesh (IAB),Md. Waj Qurani,2497
320251,107,Satkhira 3,Khulna,Satkhira,Bangladesh Jamaat-e-Islami (Jamaat),Hafez Md. Rabiul Bashar,184233
320251,107,Satkhira 3,Khulna,Satkhira,Bangladesh Minority Janata Party (BMJP),Rubel Hossain,583
320251,107,Satkhira 3,Khulna,Satkhira,Independent Candidate (Independent),Md. Shahidul Alam,105379
320251,107,Satkhira 3,Khulna,Satkhira,Jatiya Party (JaPa),Md. Alip Hossain,722
320251,107,Satkhira 3,Khulna,Satkhira,Bangladesh Nationalist Party (BNP),Kazi Alauddin,56819
320256,108,Satkhira 4,Khulna,Satkhira,Islami Andolan Bangladesh (IAB),S. M. Mostafa Al Mamun,4902
320256,108,Satkhira 4,Khulna,Satkhira,Bangladesh Jamaat-e-Islami (Jamaat),G. M. Nazrul Islam,106913
320256,108,Satkhira 4,Khulna,Satkhira,Jatiya Party (JaPa),Md. Abdur Rashid,1142
320256,108,Satkhira 4,Khulna,Satkhira,Bangladesh Nationalist Party (BNP),Md. Moniruzzaman,85426
318686,109,Barguna 1,Barishal,Barguna,Bangladesh Nationalist Party (BNP),Md. Nazrul Islam Molla,136145
318686,109,Barguna 1,Barishal,Barguna,Khelafat Majlis,Md. Jahangir Hossain,6232
318686,109,Barguna 1,Barishal,Barguna,Islami Andolan Bangladesh (IAB),Md. Ali Ullah,140291
318686,109,Barguna 1,Barishal,Barguna,Jatiya Party (Manju) (JP–Manju),Md. Jamal Hossain,981
318691,110,Barguna 2,Barishal,Barguna,Bangladesh Nationalist Party (BNP),Md. Nurul Islam,90643
318691,110,Barguna 2,Barishal,Barguna,Islami Andolan Bangladesh (IAB),Md. Mizanur Rahman,16463
318691,110,Barguna 2,Barishal,Barguna,Bangladesh Congress,Md. Sabbir Ahmed,219
318691,110,Barguna 2,Barishal,Barguna,Bangladesh Jatiya Party (Matin),Md. Kamruzzaman Liton,115
318691,110,Barguna 2,Barishal,Barguna,Jatiya Party (JaPa),Abdul Latif Faraji,1248
318691,110,Barguna 2,Barishal,Barguna,Nationalist Democratic Movement (NDM),Md. Najes Afroze,294
318691,110,Barguna 2,Barishal,Barguna,Bangladesh Jamaat-e-Islami (Jamaat),Sultan Ahmed,85247
318691,110,Barguna 2,Barishal,Barguna,National People's Party (NPP),Md. Solaiman,95
318691,110,Barguna 2,Barishal,Barguna,Independent Candidate (Independent),Md. Rashed Ud Zaman,298
320101,111,Patuakhali 1,Barishal,Patuakhali,Bangladesh Nationalist Party (BNP),Altaf Hossain Chowdhury,152087
320101,111,Patuakhali 1,Barishal,Patuakhali,Islami Andolan Bangladesh (IAB),Md. Firoz Alam,58161
320101,111,Patuakhali 1,Barishal,Patuakhali,Bangladesh Jatiya Samajtantrik Dal (Bangladesh JaSad),Goutam Chandra Shil,1334
320101,111,Patuakhali 1,Barishal,Patuakhali,Gono Odhikar Parishad (GOP),Md. Shahidul Islam Fahim,347
320101,111,Patuakhali 1,Barishal,Patuakhali,Amar Bangladesh Party (AB),Md. Abdul Ohab,46010
320101,111,Patuakhali 1,Barishal,Patuakhali,Jatiya Party (JaPa),A. Mannan Hawladar,1055
320106,112,Patuakhali 2,Barishal,Patuakhali,Bangladesh Jamaat-e-Islami (Jamaat),Md. Shafiqul Islam,100750
320106,112,Patuakhali 2,Barishal,Patuakhali,Islami Andolan Bangladesh (IAB),Malek Hossain,14418
320106,112,Patuakhali 2,Barishal,Patuakhali,Amar Bangladesh Party (AB),Md. Ruhul Amin,410
320106,112,Patuakhali 2,Barishal,Patuakhali,Gono Odhikar Parishad (GOP),Md. Habibur Rahman,353
320106,112,Patuakhali 2,Barishal,Patuakhali,Bangladesh Nationalist Party (BNP),Md. Shahidul Alam Talukdar,72676
320111,113,Patuakhali 3,Barishal,Patuakhali,Bangladesh Jamaat-e-Islami (Jamaat),Md. Shah Alam,16255
320111,113,Patuakhali 3,Barishal,Patuakhali,Gono Odhikar Parishad (GOP),Md. Nurul Haque,97323
320111,113,Patuakhali 3,Barishal,Patuakhali,Independent Candidate (Independent),Md. Hasan Mamun,81361
320111,113,Patuakhali 3,Barishal,Patuakhali,Islami Andolan Bangladesh (IAB),Md. Abu Bakar Siddiqui,38188
320111,113,Patuakhali 3,Barishal,Patuakhali,Independent Candidate (Independent),Sm Fazlul Haque,978
320116,114,Patuakhali 4,Barishal,Patuakhali,Islami Andolan Bangladesh (IAB),Mostafizur Rahman,70127
320116,114,Patuakhali 4,Barishal,Patuakhali,Bangladesh Nationalist Party (BNP),A. B. M. Mosharraf Hossain,124013
320116,114,Patuakhali 4,Barishal,Patuakhali,Khelafat Majlis,Zahir Uddin Ahmed,14985
320116,114,Patuakhali 4,Barishal,Patuakhali,Gono Odhikar Parishad (GOP),Md. Rabiul Hasan,202
318736,115,Bhola 1,Barishal,Bhola,Bangladesh Jatiya Party (BJP),Andaleeve Rahman,105543
318736,115,Bhola 1,Barishal,Bhola,Bangladesh Jamaat-e-Islami (Jamaat),Md. Nazrul Islam,75337
318736,115,Bhola 1,Barishal,Bhola,Islamic Front Bangladesh (IFB),Md. Ashraf Ali,303
318736,115,Bhola 1,Barishal,Bhola,Islami Andolan Bangladesh (IAB),Md. Obaidur Rahman,25245
318736,115,Bhola 1,Barishal,Bhola,Jatiya Party (JaPa),Md. Akbar Hossain,599
318736,115,Bhola 1,Barishal,Bhola,Gono Odhikar Parishad (GOP),Md. Ainur Rahman Jewel Mia,1103
318736,115,Bhola 1,Barishal,Bhola,Independent Candidate (Independent),Rafizul Hossain,134
318736,115,Bhola 1,Barishal,Bhola,National People's Party (NPP),Md. Mizanur Rahman,217
318741,116,Bhola 2,Barishal,Bhola,Bangladesh Nationalist Party (BNP),Md. Hafiz Ibrahim,119085
318741,116,Bhola 2,Barishal,Bhola,Bangladesh Liberal Democratic Party (LDP),Mokfar Uddin Chowdhury,381
318741,116,Bhola 2,Barishal,Bhola,Independent Candidate (Independent),Taslima Begum,291
318741,116,Bhola 2,Barishal,Bhola,Amjanatar Dol,Md. Ala Uddin,370
318741,116,Bhola 2,Barishal,Bhola,Jatiya Party (JaPa),Md. Jahangir Alam Ritu,450
318741,116,Bhola 2,Barishal,Bhola,Bangladesh Jamaat-e-Islami (Jamaat),Md. Fazlul Karim,93703
318741,116,Bhola 2,Barishal,Bhola,Independent Candidate (Independent),Md. Zakir Hossain Khandaker,596
318741,116,Bhola 2,Barishal,Bhola,Independent Candidate (Independent),Mohibullah Khokon,546
318746,117,Bhola 3,Barishal,Bhola,Bangladesh Nationalist Party (BNP),Hafiz Uddin Ahmed Bir Bikram,145990
318746,117,Bhola 3,Barishal,Bhola,Islami Andolan Bangladesh (IAB),Md. Mosleh Uddin,7255
318746,117,Bhola 3,Barishal,Bhola,Jatiya Party (JaPa),Md. Kamal Uddin,789
318746,117,Bhola 3,Barishal,Bhola,Gono Odhikar Parishad (GOP),Md. Abu Taiyeb,260
318746,117,Bhola 3,Barishal,Bhola,Bangladesh Development Party (BDP),Md. Nizamul Haque,57351
318746,117,Bhola 3,Barishal,Bhola,Independent Candidate (Independent),Md. Rahmat Ullah,508
318751,118,Bhola 4,Barishal,Bhola,Bangladesh Jamaat-e-Islami (Jamaat),Md. Mostofa Kamal,81937
318751,118,Bhola 4,Barishal,Bhola,Amjanatar Dol,Md. Jalal Uddin Rumi,176
318751,118,Bhola 4,Barishal,Bhola,Islami Andolan Bangladesh (IAB),Abul Mokarram Md. Kamal Uddin,24935
318751,118,Bhola 4,Barishal,Bhola,Bangladesh Nationalist Party (BNP),Md. Nurul Islam,189351
318751,118,Bhola 4,Barishal,Bhola,Jatiya Party (JaPa),Md. Mizanur Rahman,545
318751,118,Bhola 4,Barishal,Bhola,Nationalist Democratic Movement (NDM),Md. Abul Kalam,208
318751,118,Bhola 4,Barishal,Bhola,Independent Candidate (Independent),Md. Rafiqul Islam,235
318701,119,Barishal 1,Barishal,Barishal,Bangladesh Jamaat-e-Islami (Jamaat),Md. Kamrul Islam Khan,46263
318701,119,Barishal 1,Barishal,Barishal,Bangladesh Nationalist Party (BNP),Zahir Uddin Swapon,100552
318701,119,Barishal 1,Barishal,Barishal,Independent Candidate (Independent),Abdus Sobhan,44188
318701,119,Barishal 1,Barishal,Barishal,Islami Andolan Bangladesh (IAB),Md. Rasel Sardar,6846
318701,119,Barishal 1,Barishal,Barishal,Jatiya Party (Manju) (JP–Manju),Cherniabat Sekandar Ali,1736
318706,120,Barishal 2,Barishal,Barishal,Bangladesh Nationalist Party (BNP),Sardar Sarfuddin Ahmed,141622
318706,120,Barishal 2,Barishal,Barishal,Islami Andolan Bangladesh (IAB),Md. Nesar Uddin,6021
318706,120,Barishal 2,Barishal,Barishal,Bangladesh Jamaat-e-Islami (Jamaat),Abdul Mannan,78082
318706,120,Barishal 2,Barishal,Barishal,Jatiya Party (JaPa),M. A. Jalil,1199
318706,120,Barishal 2,Barishal,Barishal,National People's Party (NPP),Saheb Ali,185
318706,120,Barishal 2,Barishal,Barishal,Gono Odhikar Parishad (GOP),Ranjit Kumar Baroi,700
318706,120,Barishal 2,Barishal,Barishal,Bangladesh Jatiya Samajtantrik Dal (Bangladesh JaSad),Md. Abul Kalam Azad,135
318706,120,Barishal 2,Barishal,Barishal,Jatiya Party (Manju) (JP–Manju),A. Haque,2329
318711,121,Barishal 3,Barishal,Barishal,Islami Andolan Bangladesh (IAB),Md. Sirajul Islam,16325
318711,121,Barishal 3,Barishal,Barishal,Bangladesh Nationalist Party (BNP),Zainul Abedin,80930
318711,121,Barishal 3,Barishal,Barishal,Gono Odhikar Parishad (GOP),Yamin Hm Fardin,860
318711,121,Barishal 3,Barishal,Barishal,Amar Bangladesh Party (AB),Md. Asaduzzaman Bhuiya,61192
318711,121,Barishal 3,Barishal,Barishal,Jatiya Party (JaPa),Golam Kibria Tipu,14184
318711,121,Barishal 3,Barishal,Barishal,Bangladesh Samajtantrik Dal (Basad),Md. Azmul Hasan Jihad,214
318716,122,Barishal 4,Barishal,Barishal,Bangladesh Sangskritik Muktijote (BSM),Abdul Jalil,413
318716,122,Barishal 4,Barishal,Barishal,Bangladesh Jatiya Samajtantrik Dal (Bangladesh JaSad),Abdus Salam Khokon,334
318716,122,Barishal 4,Barishal,Barishal,Islami Andolan Bangladesh (IAB),Syed Eshak Md. Abul Khayer,36753
318716,122,Barishal 4,Barishal,Barishal,Bangladesh Nationalist Party (BNP),Md. Rajib Ahsan,128322
318716,122,Barishal 4,Barishal,Barishal,Bangladesh Jamaat-e-Islami (Jamaat),Md. Abdul Jabbar,74684
318721,123,Barishal 5,Barishal,Barishal,National People's Party (NPP),Abdul Hannan Sikdar,494
318721,123,Barishal 5,Barishal,Barishal,Bangladesh Samajtantrik Dal (Basad),Monisha Chakraborty,22486
318721,123,Barishal 5,Barishal,Barishal,Bangladesh Nationalist Party (BNP),Md. Mojibur Rahman Sarwar,135146
318721,123,Barishal 5,Barishal,Barishal,Jatiya Party (JaPa),Akhtar Rahman,909
318721,123,Barishal 5,Barishal,Barishal,Islami Andolan Bangladesh (IAB),Mufti Syed Md. Faizul Karim,95044
318721,123,Barishal 5,Barishal,Barishal,Socialist Party of Bangladesh (Marxist) (SPB-M),Md. Saidur Rahman,300
318726,124,Barishal 6,Barishal,Barishal,Islami Andolan Bangladesh (IAB),Mufti Syed Md. Faizul Karim,29146
318726,124,Barishal 6,Barishal,Barishal,Bangladesh Muslim League (BML),Abdul Quddus,244
318726,124,Barishal 6,Barishal,Barishal,Gono Odhikar Parishad (GOP),Md. Salahuddin Mia,139
318726,124,Barishal 6,Barishal,Barishal,Bangladesh Jamaat-e-Islami (Jamaat),Md. Mahmudun Nabi,55988
318726,124,Barishal 6,Barishal,Barishal,Bangladesh Nationalist Party (BNP),Abul Hossain Khan,82217
318726,124,Barishal 6,Barishal,Barishal,Independent Candidate (Independent),Md. Kamrul Islam Khan,366
319426,125,Jhalokathi 1,Barishal,Jhalokathi,Independent Candidate (Independent),M. Moin Alam Firozi,593
319426,125,Jhalokathi 1,Barishal,Jhalokathi,Bangladesh Nationalist Party (BNP),Rafiqul Islam Jamal,62010
319426,125,Jhalokathi 1,Barishal,Jhalokathi,Janotar Dol,Md. Jasim Uddin Talukdar,63
319426,125,Jhalokathi 1,Barishal,Jhalokathi,Jatiya Party (JaPa),Md. Kamruzzaman Khan,321
319426,125,Jhalokathi 1,Barishal,Jhalokathi,Bangladesh Jamaat-e-Islami (Jamaat),Faizul Haq,55120
319426,125,Jhalokathi 1,Barishal,Jhalokathi,Islami Andolan Bangladesh (IAB),Ibrahim,7744
319426,125,Jhalokathi 1,Barishal,Jhalokathi,Jatiya Samajtantrik Dal (JSD),Md. Sohrab Hossain,110
319426,125,Jhalokathi 1,Barishal,Jhalokathi,Gono Odhikar Parishad (GOP),Md. Shahadat Hossain,132
319426,125,Jhalokathi 1,Barishal,Jhalokathi,Independent Candidate (Independent),Md. Sabbir Ahmed,345
319431,126,Jhalokathi 2,Barishal,Jhalokathi,Bangladesh Nationalist Party (BNP),Israt Sultana Elen Bhutto,113419
319431,126,Jhalokathi 2,Barishal,Jhalokathi,Independent Candidate (Independent),Syed Razzak Ali,3125
319431,126,Jhalokathi 2,Barishal,Jhalokathi,Gono Odhikar Parishad (GOP),Md. Mahmudul Islam Sagar,212
319431,126,Jhalokathi 2,Barishal,Jhalokathi,Islami Andolan Bangladesh (IAB),Md. Sirajul Islam Siraji,24543
319431,126,Jhalokathi 2,Barishal,Jhalokathi,Bangladesh Jamaat-e-Islami (Jamaat),S. M. Neyamul Karim,70556
319431,126,Jhalokathi 2,Barishal,Jhalokathi,Independent Candidate (Independent),Md. Nuruddin Sardar,77
319431,126,Jhalokathi 2,Barishal,Jhalokathi,National People's Party (NPP),Forkan Hossain,127
319431,126,Jhalokathi 2,Barishal,Jhalokathi,Jatiya Samajtantrik Dal (JSD),Masud Parvez,105
320126,127,Pirojpur 1,Barishal,Pirojpur,Bangladesh Jamaat-e-Islami (Jamaat),Masud Sayeedi,132659
320126,127,Pirojpur 1,Barishal,Pirojpur,Bangladesh Nationalist Party (BNP),Alamgir Hossain,107105
320131,128,Pirojpur 2,Barishal,Pirojpur,Amar Bangladesh Party (AB),Faisal Khan,390
320131,128,Pirojpur 2,Barishal,Pirojpur,Islami Andolan Bangladesh (IAB),Md. Abul Kalam Azad,6697
320131,128,Pirojpur 2,Barishal,Pirojpur,Gono Odhikar Parishad (GOP),Md. Anisur Rahman,145
320131,128,Pirojpur 2,Barishal,Pirojpur,Jatiya Party (JaPa),Md. Mahibul Hossain,4705
320131,128,Pirojpur 2,Barishal,Pirojpur,Independent Candidate (Independent),Mahmud Hossain,16219
320131,128,Pirojpur 2,Barishal,Pirojpur,Bangladesh Jamaat-e-Islami (Jamaat),Shamim Saeedi,96897
320131,128,Pirojpur 2,Barishal,Pirojpur,Bangladesh Nationalist Party (BNP),Ahmed Sohail Manzur,105185
320136,129,Pirojpur 3,Barishal,Pirojpur,Islami Andolan Bangladesh (IAB),Md. Rustam Ali Farazi,35968
320136,129,Pirojpur 3,Barishal,Pirojpur,Bangladesh Nationalist Party (BNP),Md. Ruhul Amin Dulal,63791
320136,129,Pirojpur 3,Barishal,Pirojpur,Independent Candidate (Independent),Tauhiduzzaman,231
320136,129,Pirojpur 3,Barishal,Pirojpur,National Citizen Party (NCP),Md. Shamim Hamidi,36616
320136,129,Pirojpur 3,Barishal,Pirojpur,Bangladesh Jatiya Samajtantrik Dal (Bangladesh JaSad),Karim Sikdar,212
320136,129,Pirojpur 3,Barishal,Pirojpur,Jatiya Party (JaPa),Md. Mashreful Azam,169
320406,130,Tangail 1,Dhaka,Tangail,Jatiya Party (JaPa),Md. Ilyas Hossain,2194
320406,130,Tangail 1,Dhaka,Tangail,Bangladesh Jamaat-e-Islami (Jamaat),Md. Abdullah Kafi,94462
320406,130,Tangail 1,Dhaka,Tangail,Islami Andolan Bangladesh (IAB),Md. Harun Or Rashid,1731
320406,130,Tangail 1,Dhaka,Tangail,Bangladesh Nationalist Party (BNP),Fakir Mahbub Anam,153932
320406,130,Tangail 1,Dhaka,Tangail,Independent Candidate (Independent),Md. Ali,723
320406,130,Tangail 1,Dhaka,Tangail,Independent Candidate (Independent),Md. Asadul Islam,28259
320411,131,Tangail 2,Dhaka,Tangail,Jatiya Party (JaPa),Md. Humayun Kabir Talukder,1854
320411,131,Tangail 2,Dhaka,Tangail,Bangladesh Nationalist Party (BNP),Md. Abdus Salam Pintu,198213
320411,131,Tangail 2,Dhaka,Tangail,Bangladesh Jamaat-e-Islami (Jamaat),Md. Humayun Kabir,60871
320411,131,Tangail 2,Dhaka,Tangail,Islami Andolan Bangladesh (IAB),Md. Monowar Hossain Sagar,4777
320416,132,Tangail 3,Dhaka,Tangail,National Citizen Party (NCP),Saifullah Haider,34588
320416,132,Tangail 3,Dhaka,Tangail,Bangladesh Nationalist Party (BNP),Sm Obaidul Haque,82769
320416,132,Tangail 3,Dhaka,Tangail,Independent Candidate (Independent),Md. Lutfar Rahman Khan Azad,107901
320416,132,Tangail 3,Dhaka,Tangail,Islami Andolan Bangladesh (IAB),Md. Rezaul Karim,107901
320416,132,Tangail 3,Dhaka,Tangail,Independent Candidate (Independent),Ainin Nahar,1087
320421,133,Tangail 4,Dhaka,Tangail,Jatiya Party (JaPa),Md. Liaquat Ali,758
320421,133,Tangail 4,Dhaka,Tangail,Independent Candidate (Independent),Md. Abdul Halim Mia,4152
320421,133,Tangail 4,Dhaka,Tangail,Independent Candidate (Independent),Abdul Latif Siddiqui,62509
320421,133,Tangail 4,Dhaka,Tangail,Bangladesh Nationalist Party (BNP),Md. Lutfar Rahman,105342
320421,133,Tangail 4,Dhaka,Tangail,Bangladesh Jamaat-e-Islami (Jamaat),Khandaker Abdur Razzak,50192
320421,133,Tangail 4,Dhaka,Tangail,Islami Andolan Bangladesh (IAB),Ali Amjad Hossain,1822
320426,134,Tangail 5,Dhaka,Tangail,Bangladesh Supreme Party (BSP),Md. Hasrat Khan Bhasani,1189
320426,134,Tangail 5,Dhaka,Tangail,Gono Odhikar Parishad (GOP),Md. Shafiqul Islam,263
320426,134,Tangail 5,Dhaka,Tangail,Islami Andolan Bangladesh (IAB),Khandaker Zakir Hossain,2600
320426,134,Tangail 5,Dhaka,Tangail,Jatiya Samajtantrik Dal (JSD),Syed Khalequzzaman Mustafa,1092
320426,134,Tangail 5,Dhaka,Tangail,Independent Candidate (Independent),Md. Farhad Iqbal,69408
320426,134,Tangail 5,Dhaka,Tangail,Bangladesh Jamaat-e-Islami (Jamaat),Ahsan Habib,80283
320426,134,Tangail 5,Dhaka,Tangail,Jatiya Party (JaPa),Md. Mozammel Haque,1636
320426,134,Tangail 5,Dhaka,Tangail,Bangladesh Nationalist Party (BNP),Sultan Saladin Tuku,131279
320426,134,Tangail 5,Dhaka,Tangail,Bangladesh Congress,A. K. M. Shafiqul Islam,109
320426,134,Tangail 5,Dhaka,Tangail,Ganosanhati Andolan (GSA),Fatema Akter,221
320431,135,Tangail 6,Dhaka,Tangail,Islami Andolan Bangladesh (IAB),Md. Akhinur Mia,12068
320431,135,Tangail 6,Dhaka,Tangail,Jatiya Party (JaPa),Md. Mamunur Rahim,1166
320431,135,Tangail 6,Dhaka,Tangail,Jatiya Party (Manju) (JP–Manju),Tareq Shams Khan,3489
320431,135,Tangail 6,Dhaka,Tangail,Bangladesh Nationalist Party (BNP),Md. Rabiul Awal,150952
320431,135,Tangail 6,Dhaka,Tangail,Independent Candidate (Independent),Md. Jewel Sarkar,15161
320431,135,Tangail 6,Dhaka,Tangail,Bangladesh Jamaat-e-Islami (Jamaat),A. K. M. Abdul Hamid,91914
320431,135,Tangail 6,Dhaka,Tangail,Independent Candidate (Independent),Md. Ashraful Islam,2996
320436,136,Tangail 7,Dhaka,Tangail,Bangladesh Republican Party (BRP),Md. Tofazzal Hossain,1492
320436,136,Tangail 7,Dhaka,Tangail,Bangladesh Nationalist Party (BNP),Abul Kalam Azad Siddiqui,141253
320436,136,Tangail 7,Dhaka,Tangail,Bangladesh Jamaat-e-Islami (Jamaat),Md. Abdullah Ebneh Abul Hossain,71040
320441,137,Tangail 8,Dhaka,Tangail,Jatiya Party (JaPa),Md. Nazmul Hasan,565
320441,137,Tangail 8,Dhaka,Tangail,Revolutionary Workers Party of Bangladesh (RWPB),Awal Mahmud,510
320441,137,Tangail 8,Dhaka,Tangail,Bangladesh Nationalist Party (BNP),Ahmed Azam Khan,114217
320441,137,Tangail 8,Dhaka,Tangail,Amjanatar Dol,Md. Alamgir Hossain,330
320441,137,Tangail 8,Dhaka,Tangail,Bangladesh Jamaat-e-Islami (Jamaat),Md. Shafiqul Islam Khan,55709
320441,137,Tangail 8,Dhaka,Tangail,Independent Candidate (Independent),Salahuddin Alamgir,77130
319361,138,Jamalpur 1,Mymensingh,Jamalpur,Bangladesh Jamaat-e-Islami (Jamaat),Md. Nazmul Haque Sayedee,93661
319361,138,Jamalpur 1,Mymensingh,Jamalpur,Bangladesh Nationalist Party (BNP),M. Rashiduzzaman Millat,172115
319366,139,Jamalpur 2,Mymensingh,Jamalpur,Bangladesh Nationalist Party (BNP),"A. , E. , Sultan Mahmud Babu",95860
319366,139,Jamalpur 2,Mymensingh,Jamalpur,Bangladesh Jamaat-e-Islami (Jamaat),Md. Chamiul Haque,62434
319366,139,Jamalpur 2,Mymensingh,Jamalpur,Islami Andolan Bangladesh (IAB),Sultan Mahmud,1713
319366,139,Jamalpur 2,Mymensingh,Jamalpur,Independent Candidate (Independent),Arnab Wares Khan,174
319371,140,Jamalpur 3,Mymensingh,Jamalpur,Independent Candidate (Independent),Shiblul Bari Raju,10523
319371,140,Jamalpur 3,Mymensingh,Jamalpur,Independent Candidate (Independent),Farzana Farid,284
319371,140,Jamalpur 3,Mymensingh,Jamalpur,Islami Andolan Bangladesh (IAB),Md. Daulatuzzaman Ansari,2546
319371,140,Jamalpur 3,Mymensingh,Jamalpur,Bangladesh Jamaat-e-Islami (Jamaat),Md. Mujibur Rahman Azadi,81430
319371,140,Jamalpur 3,Mymensingh,Jamalpur,Bangladesh Nationalist Party (BNP),Md. Mostafizur Rahman Babul,207412
319371,140,Jamalpur 3,Mymensingh,Jamalpur,Jatiya Party (JaPa),Mir Shamsul Alam,844
319371,140,Jamalpur 3,Mymensingh,Jamalpur,Gono Odhikar Parishad (GOP),Liton Mia,412
319371,140,Jamalpur 3,Mymensingh,Jamalpur,Ganosanhati Andolan (GSA),Fidel Naim,643
319376,141,Jamalpur 4,Mymensingh,Jamalpur,Communist Party of Bangladesh (CPB),Md. Mahbub Zaman Jewel,1314
319376,141,Jamalpur 4,Mymensingh,Jamalpur,Gono Odhikar Parishad (GOP),Md. Iqbal Hossain,383
319376,141,Jamalpur 4,Mymensingh,Jamalpur,Bangladesh Jamaat-e-Islami (Jamaat),Md. Abdul Awal,44947
319376,141,Jamalpur 4,Mymensingh,Jamalpur,Islami Andolan Bangladesh (IAB),Md. Ali Akbar,1302
319376,141,Jamalpur 4,Mymensingh,Jamalpur,Bangladesh Nationalist Party (BNP),Md. Faridul Kabir Talukder,147406
319376,141,Jamalpur 4,Mymensingh,Jamalpur,Nagorik Oikya (NO),Md. Kabir Hasan,379
319381,142,Jamalpur 5,Mymensingh,Jamalpur,Bangladesh Nationalist Party (BNP),Shah Md. Wares Ali Mamun,199344
319381,142,Jamalpur 5,Mymensingh,Jamalpur,Bangladesh Congress,Abu Sayem Md. Sa' Adat Ul Karim,225
319381,142,Jamalpur 5,Mymensingh,Jamalpur,Jatiya Party (Manju) (JP–Manju),Md. Babar Ali Khan,3739
319381,142,Jamalpur 5,Mymensingh,Jamalpur,Gono Odhikar Parishad (GOP),Zakir Hossain,539
319381,142,Jamalpur 5,Mymensingh,Jamalpur,Bangladesh Jamaat-e-Islami (Jamaat),Md. Abdus Sattar,113201
319381,142,Jamalpur 5,Mymensingh,Jamalpur,Jatiya Samajtantrik Dal (JSD),Md. Amir Uddin,580
319381,142,Jamalpur 5,Mymensingh,Jamalpur,Islami Andolan Bangladesh (IAB),Syed Yunus Ahmed,4282
319381,142,Jamalpur 5,Mymensingh,Jamalpur,Communist Party of Bangladesh (CPB),Sheikh Md. Akkas Ali,547
320286,143,Sherpur 1,Mymensingh,Sherpur,Bangladesh Jamaat-e-Islami (Jamaat),Md. Rashedul Islam Rashed,127811
320286,143,Sherpur 1,Mymensingh,Sherpur,Bangladesh Nationalist Party (BNP),Sansila Zebrin,78342
320291,144,Sherpur 2,Mymensingh,Sherpur,Bangladesh Nationalist Party (BNP),Md. Fahim Chowdhury,118472
320291,144,Sherpur 2,Mymensingh,Sherpur,Islami Andolan Bangladesh (IAB),Md. Abdullah Al Kayes,4877
320291,144,Sherpur 2,Mymensingh,Sherpur,Bangladesh Jamaat-e-Islami (Jamaat),Md. Golam Kibria,108335
320291,144,Sherpur 2,Mymensingh,Sherpur,Amar Bangladesh Party (AB),Md. Abdullah,1038
319771,146,Mymensingh 1,Mymensingh,Mymensingh,Bangladesh Khelafat Majlish (BKM),Md. Tajul Islam,53222
319771,146,Mymensingh 1,Mymensingh,Mymensingh,Independent Candidate (Independent),Md. Salman Omar,108265
319771,146,Mymensingh 1,Mymensingh,Mymensingh,Socialist Party of Bangladesh (Marxist) (SPB-M),Md. A. Razzaq,224
319771,146,Mymensingh 1,Mymensingh,Mymensingh,Bangladesh Nationalist Party (BNP),Syed Imran Saleh,101926
319771,146,Mymensingh 1,Mymensingh,Mymensingh,Communist Party of Bangladesh (CPB),Azharul Islam,174
319771,146,Mymensingh 1,Mymensingh,Mymensingh,Islami Andolan Bangladesh (IAB),: Md. Zillur Rahman,315
319771,146,Mymensingh 1,Mymensingh,Mymensingh,Bangladesh Labour Party,Md. Rashedul Huq,274
319786,147,Mymensingh 2,Mymensingh,Mymensingh,Jatiya Party (JaPa),Md. Emdadul Haque Khan,725
319786,147,Mymensingh 2,Mymensingh,Mymensingh,Bangladesh Supreme Party (BSP),Md. Julhas Uddin Sheikh,1071
319786,147,Mymensingh 2,Mymensingh,Mymensingh,Bangladesh Khelafat Majlish (BKM),Muhammadullah,146202
319786,147,Mymensingh 2,Mymensingh,Mymensingh,Independent Candidate (Independent),Shah Shahid Sarwar,48874
319786,147,Mymensingh 2,Mymensingh,Mymensingh,Bangladesh Nationalist Party (BNP),Motahar Hossain Talukder,118438
319786,147,Mymensingh 2,Mymensingh,Mymensingh,Independent Candidate (Independent),Md. Abu Bakr Siddiqui,494
319786,147,Mymensingh 2,Mymensingh,Mymensingh,Islami Andolan Bangladesh (IAB),Golam Maula Bhuiyan,3857
319786,147,Mymensingh 2,Mymensingh,Mymensingh,Independent Candidate (Independent),Md. Abu Bakar Siddiq,494
319791,148,Mymensingh 3,Mymensingh,Mymensingh,Independent Candidate (Independent),Ahmed Tayebur Rahman,65995
319791,148,Mymensingh 3,Mymensingh,Mymensingh,Socialist Party of Bangladesh (Marxist) (SPB-M),Akm Ariful Hasan,354
319791,148,Mymensingh 3,Mymensingh,Mymensingh,Islami Andolan Bangladesh (IAB),Md. Shariful Islam,2745
319791,148,Mymensingh 3,Mymensingh,Mymensingh,Bangladesh Nationalist Party (BNP),M. Iqbal Hossain,75320
319791,148,Mymensingh 3,Mymensingh,Mymensingh,Bangladesh Nezame Islam Party (BNIP),Md. Abu Taher Khan,25706
319796,149,Mymensingh 4,Mymensingh,Mymensingh,Islami Andolan Bangladesh (IAB),Md. Nasir Uddin,8701
319796,149,Mymensingh 4,Mymensingh,Mymensingh,Bangladesh Jamaat-e-Islami (Jamaat),Md. Kamrul Ahsan,171880
319796,149,Mymensingh 4,Mymensingh,Mymensingh,Bangladesh Nationalist Party (BNP),Md. Abu Wahab Akand Wahid,179688
319796,149,Mymensingh 4,Mymensingh,Mymensingh,Communist Party of Bangladesh (CPB),Emdadul Haque Millat,1397
319796,149,Mymensingh 4,Mymensingh,Mymensingh,Jatiya Party (JaPa),Abu Md. Musa Sarkar,3845
319796,149,Mymensingh 4,Mymensingh,Mymensingh,Socialist Party of Bangladesh (Marxist) (SPB-M),Shekhar Kumar Roy,1397
319796,149,Mymensingh 4,Mymensingh,Mymensingh,Bangladesh Supreme Party (BSP),Md. Liaquat Ali,892
319796,149,Mymensingh 4,Mymensingh,Mymensingh,National People's Party (NPP),Md. Hamidul Islam,373
319801,150,Mymensingh 5,Mymensingh,Mymensingh,Islami Andolan Bangladesh (IAB),Md. Sirajul Islam,6646
319801,150,Mymensingh 5,Mymensingh,Mymensingh,Amar Bangladesh Party (AB),Md. Rafiqul Islam,348
319801,150,Mymensingh 5,Mymensingh,Mymensingh,Bangladesh Nationalist Party (BNP),Md. Zakir Hossain,128898
319801,150,Mymensingh 5,Mymensingh,Mymensingh,Bangladesh Jamaat-e-Islami (Jamaat),Md. Matiur Rahman Akand,102228
319806,151,Mymensingh 6,Mymensingh,Mymensingh,Bangladesh Nationalist Party (BNP),Md. Akhtarul Alam,49476
319806,151,Mymensingh 6,Mymensingh,Mymensingh,Independent Candidate (Independent),Md. Jasim Uddin,51970
319806,151,Mymensingh 6,Mymensingh,Mymensingh,Bangladesh Jamaat-e-Islami (Jamaat),Md. Kamrul Hasan,77325
319806,151,Mymensingh 6,Mymensingh,Mymensingh,Islami Andolan Bangladesh (IAB),Md. Noor Alam Siddiqui,1967
319806,151,Mymensingh 6,Mymensingh,Mymensingh,Independent Candidate (Independent),Akhtar Sultana,53331
319811,152,Mymensingh 7,Mymensingh,Mymensingh,Jatiya Party (JaPa),Md. Zahirul Islam,579
319811,152,Mymensingh 7,Mymensingh,Mymensingh,Independent Candidate (Independent),Md. Anwar Sadat,33328
319811,152,Mymensingh 7,Mymensingh,Mymensingh,Bangladesh Nationalist Party (BNP),Md. Mahabubur Rahman,99049
319811,152,Mymensingh 7,Mymensingh,Mymensingh,Independent Candidate (Independent),Md. Joynal Abdin,1044
319811,152,Mymensingh 7,Mymensingh,Mymensingh,Bangladesh Jamaat-e-Islami (Jamaat),Md. Asaduzzaman Sohel,84851
319811,152,Mymensingh 7,Mymensingh,Mymensingh,Islami Andolan Bangladesh (IAB),Md. Ibrahim Khalilullah,4058
319816,153,Mymensingh 8,Mymensingh,Mymensingh,Bangladesh Nationalist Party (BNP),Lutfullahil Mazid,108685
319816,153,Mymensingh 8,Mymensingh,Mymensingh,Jatiya Party (JaPa),Fakhrul Imam,1761
319816,153,Mymensingh 8,Mymensingh,Mymensingh,Bangladesh Liberal Democratic Party (LDP),Md. Aurangzeb Belal,46515
319816,153,Mymensingh 8,Mymensingh,Mymensingh,Islami Andolan Bangladesh (IAB),Shah Nurul Kabir,33029
319821,154,Mymensingh 9,Mymensingh,Mymensingh,Bangladesh Nationalist Party (BNP),Yaser Khan Chowdhury,85761
319821,154,Mymensingh 9,Mymensingh,Mymensingh,Gono Forum (GF),Md. Latiful Bari,252
319821,154,Mymensingh 9,Mymensingh,Mymensingh,Bangladesh Development Party (BDP),Akm Anwarul Islam,71168
319821,154,Mymensingh 9,Mymensingh,Mymensingh,Independent Candidate (Independent),Hasina Khan Chowdhury,30509
319821,154,Mymensingh 9,Mymensingh,Mymensingh,Jatiya Party (JaPa),Hasmat Mahmud,798
319821,154,Mymensingh 9,Mymensingh,Mymensingh,Islami Andolan Bangladesh (IAB),Md. Saidur Rahman,5595
319776,155,Mymensingh 10,Mymensingh,Mymensingh,Bangladesh Nationalist Party (BNP),Md. Akhtaruzzaman,75585
319776,155,Mymensingh 10,Mymensingh,Mymensingh,Jatiya Party (JaPa),Md. Al Amin,945
319776,155,Mymensingh 10,Mymensingh,Mymensingh,Bangladesh Jamaat-e-Islami (Jamaat),Md. Ismail,66063
319776,155,Mymensingh 10,Mymensingh,Mymensingh,Communist Party of Bangladesh (CPB),Md. Saifus Salehin,299
319776,155,Mymensingh 10,Mymensingh,Mymensingh,Bangladesh Liberal Democratic Party (LDP),Syed Mahmud Morshed,322
319776,155,Mymensingh 10,Mymensingh,Mymensingh,Islami Andolan Bangladesh (IAB),Md. Habibullah Belali,2504
319776,155,Mymensingh 10,Mymensingh,Mymensingh,Independent Candidate (Independent),Abu Bakr Siddiqur Rahman,67013
319776,155,Mymensingh 10,Mymensingh,Mymensingh,Ganosanhati Andolan (GSA),"A. , K. , M. , Shamsul Alam",364
319781,156,Mymensingh 11,Mymensingh,Mymensingh,Bangladesh Nationalist Party (BNP),Fakhr Uddin Ahmed,111230
319781,156,Mymensingh 11,Mymensingh,Mymensingh,Gono Odhikar Parishad (GOP),Md. Anwarul Islam,391
319781,156,Mymensingh 11,Mymensingh,Mymensingh,Islami Andolan Bangladesh (IAB),Md. Mustafa Kamal,1855
319781,156,Mymensingh 11,Mymensingh,Mymensingh,National Citizen Party (NCP),Zahidul Islam,22195
319781,156,Mymensingh 11,Mymensingh,Mymensingh,Independent Candidate (Independent),Md. Morshed Alam,66016
319966,157,Netrakona 1,Mymensingh,Netrakona,Bangladesh Nationalist Party (BNP),Kaiser Kamal,158343
319966,157,Netrakona 1,Mymensingh,Netrakona,Communist Party of Bangladesh (CPB),Md. Alkas Uddin Mir,4429
319966,157,Netrakona 1,Mymensingh,Netrakona,Bangladesh Khelafat Majlish (BKM),Ghulam Rabbani,87488
319966,157,Netrakona 1,Mymensingh,Netrakona,Jatiya Party (JaPa),Md. Anwar Hossain Khan,1023
319966,157,Netrakona 1,Mymensingh,Netrakona,Islami Andolan Bangladesh (IAB),Md. A. Mannan,2220
319966,157,Netrakona 1,Mymensingh,Netrakona,Jatiya Samajtantrik Dal (JSD),Md. Belal Hossain,335
319971,158,Netrakona 2,Mymensingh,Netrakona,Islami Andolan Bangladesh (IAB),Abdur Rahim,15220
319971,158,Netrakona 2,Mymensingh,Netrakona,National Citizen Party (NCP),Md. Fahim Rahman Khan Pathan,67367
319971,158,Netrakona 2,Mymensingh,Netrakona,Bangladesh Nationalist Party (BNP),Md. Anwarul Haque,171399
319971,158,Netrakona 2,Mymensingh,Netrakona,Jatiya Party (JaPa),"A. , B. , M. Rafiqul Haque Talukder",4845
319971,158,Netrakona 2,Mymensingh,Netrakona,Islami Andolan Bangladesh (IAB),Abdul Qayyum,15220
319976,159,Netrakona 3,Mymensingh,Netrakona,Islami Andolan Bangladesh (IAB),Md. Zakir Hossain,2760
319976,159,Netrakona 3,Mymensingh,Netrakona,Jatiya Party (JaPa),Md. Abul Hossain Talukder,574
319976,159,Netrakona 3,Mymensingh,Netrakona,Islamic Front Bangladesh (IFB),Md. Shamsuddoha,358
319976,159,Netrakona 3,Mymensingh,Netrakona,Bangladesh Nationalist Party (BNP),Rafiqul Islam Hilali,118469
319976,159,Netrakona 3,Mymensingh,Netrakona,Independent Candidate (Independent),Md. Delwar Hossain Bhuiyan,68961
319976,159,Netrakona 3,Mymensingh,Netrakona,Bangladesh Jamaat-e-Islami (Jamaat),Md. Khairul Kabir Recruitment,41556
319981,160,Netrakona 4,Mymensingh,Netrakona,Communist Party of Bangladesh (CPB),Jolly Talukder,3359
319981,160,Netrakona 4,Mymensingh,Netrakona,Revolutionary Workers Party of Bangladesh (RWPB),Champa Rani Government,282
319981,160,Netrakona 4,Mymensingh,Netrakona,Bangladesh Jamaat-e-Islami (Jamaat),Md. Al Helal,39840
319981,160,Netrakona 4,Mymensingh,Netrakona,Bangladesh Nationalist Party (BNP),Md. Lutfuzzaman Babar,160801
319981,160,Netrakona 4,Mymensingh,Netrakona,Islami Andolan Bangladesh (IAB),Md. Mukhlesur Rahman,2025
319986,161,Netrakona 5,Mymensingh,Netrakona,Bangladesh Nationalist Party (BNP),Md. Abu Taher Talukder,79412
319986,161,Netrakona 5,Mymensingh,Netrakona,Islami Andolan Bangladesh (IAB),Md. Nurul Islam,3341
319986,161,Netrakona 5,Mymensingh,Netrakona,Bangladesh Jamaat-e-Islami (Jamaat),Masum Mustafa,82177
319526,162,Kishoreganj 1,Dhaka,Kishoreganj,Socialist Party of Bangladesh (Marxist) (SPB-M),Alal Mia,960
319526,162,Kishoreganj 1,Dhaka,Kishoreganj,Bangladesh Samajtantrik Dal (Basad),Md. Masud Mia,234
319526,162,Kishoreganj 1,Dhaka,Kishoreganj,National People's Party (NPP),Tareq Md. Shahidul Islam,247
319526,162,Kishoreganj 1,Dhaka,Kishoreganj,Bangladesh Nationalist Party (BNP),Mazharul Islam,124035
319526,162,Kishoreganj 1,Dhaka,Kishoreganj,Communist Party of Bangladesh (CPB),Md. Enamul Haque,925
319526,162,Kishoreganj 1,Dhaka,Kishoreganj,Khelafat Majlis,Ahmed Ali,684
319526,162,Kishoreganj 1,Dhaka,Kishoreganj,Independent Candidate (Independent),Md. Rezaul Karim Khan,37334
319526,162,Kishoreganj 1,Dhaka,Kishoreganj,Bangladesh Khelafat Majlish (BKM),Hedayatullah Hadi,101132
319531,163,Kishoreganj 2,Dhaka,Kishoreganj,Bangladesh Nationalist Party (BNP),Md. Jalal Uddin,143669
319531,163,Kishoreganj 2,Dhaka,Kishoreganj,Independent Candidate (Independent),Md. Anisuzzaman Khokon,363
319531,163,Kishoreganj 2,Dhaka,Kishoreganj,Bangladesh Nationalist Front (BNF),Md. Billal Hossain,222
319531,163,Kishoreganj 2,Dhaka,Kishoreganj,Jatiya Party (JaPa),Md. Afzal Hossain Bhuiyan,2113
319531,163,Kishoreganj 2,Dhaka,Kishoreganj,Independent Candidate (Independent),Noor Uddin Ahmed,1313
319531,163,Kishoreganj 2,Dhaka,Kishoreganj,Bangladesh Jamaat-e-Islami (Jamaat),Md. Shafiqul Islam,120975
319531,163,Kishoreganj 2,Dhaka,Kishoreganj,Islami Andolan Bangladesh (IAB),Md. Abul Basar Rezwan,3566
319531,163,Kishoreganj 2,Dhaka,Kishoreganj,Gono Odhikar Parishad (GOP),Md. Shafiqul Islam,395
319536,164,Kishoreganj 3,Dhaka,Kishoreganj,National People's Party (NPP),Md. Aminul Islam,118
319536,164,Kishoreganj 3,Dhaka,Kishoreganj,Bangladesh Jamaat-e-Islami (Jamaat),Jehad Khan,102476
319536,164,Kishoreganj 3,Dhaka,Kishoreganj,Independent Candidate (Independent),A. K. M. Alamgir,1487
319536,164,Kishoreganj 3,Dhaka,Kishoreganj,Jatiya Party (JaPa),Md. Abu Bakr Siddiqui,1249
319536,164,Kishoreganj 3,Dhaka,Kishoreganj,Ganatantri Party (GP),Delowar Hossain Bhuiyan,191
319536,164,Kishoreganj 3,Dhaka,Kishoreganj,Islami Andolan Bangladesh (IAB),Md. Alamgir Hossain,10777
319536,164,Kishoreganj 3,Dhaka,Kishoreganj,Bangladesh Nationalist Party (BNP),Md. Osman Farooq,112466
319541,165,Kishoreganj 4,Dhaka,Kishoreganj,Insaniyat Biplob Bangladesh (IBB),Nurul Islam,516
319541,165,Kishoreganj 4,Dhaka,Kishoreganj,Bangladesh Khelafat Majlish (BKM),Khairul Islam Thakur,879
319541,165,Kishoreganj 4,Dhaka,Kishoreganj,Islami Andolan Bangladesh (IAB),Billal Ahmed Majumdar,2487
319541,165,Kishoreganj 4,Dhaka,Kishoreganj,National People's Party (NPP),Md. Zainal Abedin,105
319541,165,Kishoreganj 4,Dhaka,Kishoreganj,Independent Candidate (Independent),Md. Shahin Reza Chowdhury,2537
319541,165,Kishoreganj 4,Dhaka,Kishoreganj,Independent Candidate (Independent),Kazi Reha Kabir,2972
319541,165,Kishoreganj 4,Dhaka,Kishoreganj,Bangladesh Nationalist Party (BNP),Md. Fazlur Rahman,132472
319541,165,Kishoreganj 4,Dhaka,Kishoreganj,Bangladesh Jamaat-e-Islami (Jamaat),Md. Rokon Reza Sheikh,57829
319546,166,Kishoreganj 5,Dhaka,Kishoreganj,Bangladesh Nationalist Party (BNP),Syed Ehsanul Huda,66450
319546,166,Kishoreganj 5,Dhaka,Kishoreganj,Bangladesh Jamaat-e-Islami (Jamaat),Md. Ramzan Ali,54400
319546,166,Kishoreganj 5,Dhaka,Kishoreganj,Independent Candidate (Independent),Ahm Qaiyum,1897
319546,166,Kishoreganj 5,Dhaka,Kishoreganj,Independent Candidate (Independent),Sheikh Mujibur Rahman Iqbal,79604
319546,166,Kishoreganj 5,Dhaka,Kishoreganj,Islami Andolan Bangladesh (IAB),Md. Delawar Hossain,2688
319546,166,Kishoreganj 5,Dhaka,Kishoreganj,Jatiya Party (JaPa),Md. Mahbubul Alam,295
319546,166,Kishoreganj 5,Dhaka,Kishoreganj,Bangladesh Muslim League (BML),Md. Sazzad Hossain,135
319546,166,Kishoreganj 5,Dhaka,Kishoreganj,Bangladesh Islami Front (BIF),Md. Oli Ullah,1313
319551,167,Kishoreganj 6,Dhaka,Kishoreganj,Bangladesh Nationalist Party (BNP),Md. Shariful Alam,187159
319551,167,Kishoreganj 6,Dhaka,Kishoreganj,Gono Forum (GF),Shafi Uddin Ahmad,220
319551,167,Kishoreganj 6,Dhaka,Kishoreganj,Communist Party of Bangladesh (CPB),Md. Habil Mia,312
319551,167,Kishoreganj 6,Dhaka,Kishoreganj,National People's Party (NPP),Md. Nazrul Islam,185
319551,167,Kishoreganj 6,Dhaka,Kishoreganj,Islami Andolan Bangladesh (IAB),Md. Musa Khan,2411
319551,167,Kishoreganj 6,Dhaka,Kishoreganj,Bangladesh Khelafat Majlish (BKM),Ataullah Amin,44095
319551,167,Kishoreganj 6,Dhaka,Kishoreganj,Insaniyat Biplob Bangladesh (IBB),Naimul Hasan,630
319551,167,Kishoreganj 6,Dhaka,Kishoreganj,Bangladesh Islami Front (BIF),Md. Rubel Hossain,2172
319551,167,Kishoreganj 6,Dhaka,Kishoreganj,Jatiya Party (JaPa),Md. Ayub Hossain,806
319691,168,Manikganj 1,Dhaka,Manikganj,Bangladesh Nationalist Party (BNP),S. A. Jinnah Kabir,137773
319691,168,Manikganj 1,Dhaka,Manikganj,Gono Odhikar Parishad (GOP),Md. Elias Hossain,1066
319691,168,Manikganj 1,Dhaka,Manikganj,Bangladesh Jamaat-e-Islami (Jamaat),Abu Bakar Siddiqui,71310
319691,168,Manikganj 1,Dhaka,Manikganj,Islami Andolan Bangladesh (IAB),Md. Khorshed Alam,3247
319691,168,Manikganj 1,Dhaka,Manikganj,Independent Candidate (Independent),Abdul Ali Bepari,6966
319691,168,Manikganj 1,Dhaka,Manikganj,Independent Candidate (Independent),Md. Tozammel Hoque,77818
319691,168,Manikganj 1,Dhaka,Manikganj,Janotar Dol,Md. Shahjahan Khan,283
319696,169,Manikganj 2,Dhaka,Manikganj,Bangladesh Khelafat Majlish (BKM),Md. Salah Uddin,81531
319696,169,Manikganj 2,Dhaka,Manikganj,Bangladesh Nationalist Party (BNP),Moinul Islam Khan,175776
319696,169,Manikganj 2,Dhaka,Manikganj,Islami Andolan Bangladesh (IAB),Md. Ali,3847
319696,169,Manikganj 2,Dhaka,Manikganj,Jatiya Party (JaPa),S. M. Abdul Mannan,7081
319701,170,Manikganj 3,Dhaka,Manikganj,Jatiya Party (Manju) (JP–Manju),Moazzem Hossain Khan Majlish,1327
319701,170,Manikganj 3,Dhaka,Manikganj,Bangladesh Nationalist Party (BNP),Afroza Khanam,167345
319701,170,Manikganj 3,Dhaka,Manikganj,Islami Andolan Bangladesh (IAB),Shamsuddin,2787
319701,170,Manikganj 3,Dhaka,Manikganj,Bangladesh Khelafat Majlish (BKM),Md. Saidanur,64242
319701,170,Manikganj 3,Dhaka,Manikganj,Independent Candidate (Independent),Rafiqul Islam Khan,3610
319701,170,Manikganj 3,Dhaka,Manikganj,Independent Candidate (Independent),Mofizul Islam Khan Kamal,684
319701,170,Manikganj 3,Dhaka,Manikganj,Independent Candidate (Independent),Md. Ataur Rahman Ata,20551
319701,170,Manikganj 3,Dhaka,Manikganj,Bangladesh Jatiya Samajtantrik Dal (Bangladesh JaSad),Md. Shahjahan Ali,3510
319701,170,Manikganj 3,Dhaka,Manikganj,Jatiya Party (JaPa),Abul Bashar Badsha,1966
319751,171,Munshiganj 1,Dhaka,Munshiganj,Independent Candidate (Independent),Md. Momin Ali,30678
319751,171,Munshiganj 1,Dhaka,Munshiganj,Communist Party of Bangladesh (CPB),Abdur Rahman,443
319751,171,Munshiganj 1,Dhaka,Munshiganj,Islami Andolan Bangladesh (IAB),Md. Atiqur Rahman Khan,9039
319751,171,Munshiganj 1,Dhaka,Munshiganj,Insaniyat Biplob Bangladesh (IBB),Rokeya Akter,320
319751,171,Munshiganj 1,Dhaka,Munshiganj,Bangladesh Nationalist Party (BNP),Md. Abdullah,167562
319751,171,Munshiganj 1,Dhaka,Munshiganj,Bangladesh Jamaat-e-Islami (Jamaat),Akm Fakhruddin Raji,101568
319756,172,Munshiganj 2,Dhaka,Munshiganj,National Citizen Party (NCP),Majedul Islam,58573
319756,172,Munshiganj 2,Dhaka,Munshiganj,Islamic Front Bangladesh (IFB),Ashiq Mahmud,651
319756,172,Munshiganj 2,Dhaka,Munshiganj,Bangladesh Nationalist Party (BNP),Abdus Salam Azad,121154
319756,172,Munshiganj 2,Dhaka,Munshiganj,Islami Andolan Bangladesh (IAB),"K. , M. , Billal",13367
319756,172,Munshiganj 2,Dhaka,Munshiganj,Jatiya Party (JaPa),Md. Noman Mia,2857
319761,173,Munshiganj 3,Dhaka,Munshiganj,Communist Party of Bangladesh (CPB),Sheikh Md. Kamal Hossain,304
319761,173,Munshiganj 3,Dhaka,Munshiganj,Revolutionary Workers Party of Bangladesh (RWPB),Sheikh Md. Shimul,174
319761,173,Munshiganj 3,Dhaka,Munshiganj,Jatiya Party (JaPa),Md. Arifuzzaman,804
319761,173,Munshiganj 3,Dhaka,Munshiganj,Islami Andolan Bangladesh (IAB),Suman Dewan,6392
319761,173,Munshiganj 3,Dhaka,Munshiganj,Bangladesh Nationalist Party (BNP),Md. Kamruzzaman,124691
319761,173,Munshiganj 3,Dhaka,Munshiganj,Bangladesh Khelafat Majlish (BKM),Nur Hossain Nurani,54456
319761,173,Munshiganj 3,Dhaka,Munshiganj,Independent Candidate (Independent),Md. Mohiuddin,88936
319761,173,Munshiganj 3,Dhaka,Munshiganj,Bangladesh Labour Party,Anis Molla,294
319071,174,Dhaka 1,Dhaka,Dhaka,Jatiya Party (JaPa),Md. Nasir Uddin Molla,1362
319071,174,Dhaka 1,Dhaka,Dhaka,Bangladesh Jamaat-e-Islami (Jamaat),Md. Nazrul Islam,112622
319071,174,Dhaka 1,Dhaka,Dhaka,Bangladesh Nationalist Party (BNP),Khondoker Abu Ashfaq,173781
319071,174,Dhaka 1,Dhaka,Dhaka,Islami Andolan Bangladesh (IAB),Nurul Islam,6607
319071,174,Dhaka 1,Dhaka,Dhaka,Independent Candidate (Independent),Antara Selima Huda,4880
319071,174,Dhaka 1,Dhaka,Dhaka,Bangladesh Labour Party,Sheikh Md. Ali,271
319126,175,Dhaka 2,Dhaka,Dhaka,Islami Andolan Bangladesh (IAB),Md. Jahirul Islam,6352
319126,175,Dhaka 2,Dhaka,Dhaka,Bangladesh Nationalist Party (BNP),Md. Amanullah Aman,163793
319126,175,Dhaka 2,Dhaka,Dhaka,Bangladesh Jamaat-e-Islami (Jamaat),Md. Abdul Huq,80053
319136,176,Dhaka 3,Dhaka,Dhaka,Bangladesh Nationalist Party (BNP),Goyeswar Chandra Roy,99163
319136,176,Dhaka 3,Dhaka,Dhaka,Jatiya Party (JaPa),Md. Faruk,1075
319136,176,Dhaka 3,Dhaka,Dhaka,Islami Andolan Bangladesh (IAB),Md. Sultan Ahmed Khan,6286
319136,176,Dhaka 3,Dhaka,Dhaka,Bangladesh Jamaat-e-Islami (Jamaat),Md. Shahinur Islam,83264
319136,176,Dhaka 3,Dhaka,Dhaka,Independent Candidate (Independent),Md. Monir Hossain,313
319136,176,Dhaka 3,Dhaka,Dhaka,Bangladesh Samajtantrik Dal (Basad),Mojibur Howladar,196
319136,176,Dhaka 3,Dhaka,Dhaka,Ganosanhati Andolan (GSA),Md. Bachchu Bhuiyan,387
319136,176,Dhaka 3,Dhaka,Dhaka,Bangladesh Congress,Md. Zafar,155
319136,176,Dhaka 3,Dhaka,Dhaka,Gono Odhikar Parishad (GOP),Md. Sajjad,97
319136,176,Dhaka 3,Dhaka,Dhaka,Gono Forum (GF),Md. Roshan Yazdani,182
319141,177,Dhaka 4,Dhaka,Dhaka,Bangladesh Nationalist Party (BNP),Tanvir Ahmed,74447
319141,177,Dhaka 4,Dhaka,Dhaka,Communist Party of Bangladesh (CPB),Md. Firoz Alam,367
319141,177,Dhaka 4,Dhaka,Dhaka,Independent Candidate (Independent),Md. Mizanur Rahman,2867
319141,177,Dhaka 4,Dhaka,Dhaka,Janotar Dol,Md. Abul Kalam Azad,191
319141,177,Dhaka 4,Dhaka,Dhaka,Bangladesh Samajtantrik Dal (Basad),Md. Zakir Hosen,184
319141,177,Dhaka 4,Dhaka,Dhaka,Bangladesh Sangskritik Muktijote (BSM),Sahel Ahmed Shohel,128
319141,177,Dhaka 4,Dhaka,Dhaka,Bangladesh Jamaat-e-Islami (Jamaat),Sayed Joynul Abedin,77367
319141,177,Dhaka 4,Dhaka,Dhaka,Islami Andolan Bangladesh (IAB),Sayed Md. Mosaddek Billah,6518
319146,178,Dhaka 5,Dhaka,Dhaka,Communist Party of Bangladesh (CPB),Tofazzal Hossain Mostofa,206
319146,178,Dhaka 5,Dhaka,Dhaka,Jatiya Party (JaPa),Mir Abdus Sabur,1346
319146,178,Dhaka 5,Dhaka,Dhaka,Bangladesh Jamaat-e-Islami (Jamaat),Md. Kamal Hossain,96641
319146,178,Dhaka 5,Dhaka,Dhaka,Islami Andolan Bangladesh (IAB),Md. Ibrahim,14204
319146,178,Dhaka 5,Dhaka,Dhaka,Bangladesh Labour Party,Md. Golam Azom,81
319146,178,Dhaka 5,Dhaka,Dhaka,Bangladesh Sangskritik Muktijote (BSM),Md. Taifur Rahman Rahi,35
319146,178,Dhaka 5,Dhaka,Dhaka,Bangladesh Nationalist Party (BNP),Md. Nabi Ullah,87491
319146,178,Dhaka 5,Dhaka,Dhaka,Bangladesh Congress,Md. Saiful Alam,262
319146,178,Dhaka 5,Dhaka,Dhaka,Bangladesh Liberal Democratic Party (LDP),Md. Humayun Kabir,788
319146,178,Dhaka 5,Dhaka,Dhaka,Socialist Party of Bangladesh (Marxist) (SPB-M),Sahinur Akter Sumi,221
319146,178,Dhaka 5,Dhaka,Dhaka,Gono Odhikar Parishad (GOP),Sayed Md. Ibrahim,93
319151,179,Dhaka 6,Dhaka,Dhaka,Jatiya Party (JaPa),Amir Uddin Ahmed,1778
319151,179,Dhaka 6,Dhaka,Dhaka,Gono Front (GF),Ahmed Ali Sheikh,152
319151,179,Dhaka 6,Dhaka,Dhaka,Bangladesh Nationalist Party (BNP),Ishraque Hossain,78850
319151,179,Dhaka 6,Dhaka,Dhaka,Bangladesh Muslim League (BML),Md. Aktar Hossain,245
319151,179,Dhaka 6,Dhaka,Dhaka,Bangladesh Jamaat-e-Islami (Jamaat),Md. Abdul Mannan,55697
319151,179,Dhaka 6,Dhaka,Dhaka,Bangladesh Congress,Md. Yunus Ali Akand,319
319151,179,Dhaka 6,Dhaka,Dhaka,Gono Odhikar Parishad (GOP),Md. Fakhrul Islam,138
319156,180,Dhaka 7,Dhaka,Dhaka,Bangladesh Sangskritik Muktijote (BSM),Maksudur Rahman,150
319156,180,Dhaka 7,Dhaka,Dhaka,Independent Candidate (Independent),Md. Ishak Sarkar,11517
319156,180,Dhaka 7,Dhaka,Dhaka,Jatiya Party (JaPa),Md. Saifuddin Ahmed Milon,2294
319156,180,Dhaka 7,Dhaka,Dhaka,Islami Andolan Bangladesh (IAB),Md. Abdur Rahman,5081
319156,180,Dhaka 7,Dhaka,Dhaka,Bangladesh Jamaat-e-Islami (Jamaat),Md. Enayet Ullah,98483
319156,180,Dhaka 7,Dhaka,Dhaka,Bangladesh Jatiya Party (BJP),Md. Shahidul Islam,98
319156,180,Dhaka 7,Dhaka,Dhaka,Bangladesh Khelafat Andolon (BKA),Md. Habibullah,2783
319156,180,Dhaka 7,Dhaka,Dhaka,Bangladesh Republican Party (BRP),Shafiqur Rahman,218
319156,180,Dhaka 7,Dhaka,Dhaka,Jatiya Samajtantrik Dal (JSD),Shahana Selim,208
319156,180,Dhaka 7,Dhaka,Dhaka,Socialist Party of Bangladesh (Marxist) (SPB-M),Sima Dutta,677
319156,180,Dhaka 7,Dhaka,Dhaka,Bangladesh Nationalist Party (BNP),Hamidur Rahman,104666
319161,181,Dhaka 8,Dhaka,Dhaka,Socialist Party of Bangladesh (Marxist) (SPB-M),A. H. M. Rafiquzzaman Akanda,96
319161,181,Dhaka 8,Dhaka,Dhaka,Bangladesh Jatiya Samajtantrik Dal (Bangladesh JaSad),A. F. M. Ismail Chowdhury,56
319161,181,Dhaka 8,Dhaka,Dhaka,Bangladesh Islami Front (BIF),S. M. Sarowar,326
319161,181,Dhaka 8,Dhaka,Dhaka,Islami Andolan Bangladesh (IAB),Kefayet Ullah,1436
319161,181,Dhaka 8,Dhaka,Dhaka,Communist Party of Bangladesh (CPB),Tridip Kumar Saha,714
319161,181,Dhaka 8,Dhaka,Dhaka,Bangladesh Nationalist Party (BNP),Mirza Abbas Uddin Ahmed,59366
319161,181,Dhaka 8,Dhaka,Dhaka,National Citizen Party (NCP),Md. Nasiruddin Patwary,54127
319161,181,Dhaka 8,Dhaka,Dhaka,Gono Odhikar Parishad (GOP),Meghna Alam,608
319161,181,Dhaka 8,Dhaka,Dhaka,Janotar Dol,Md. Golam Sarowar,129
319161,181,Dhaka 8,Dhaka,Dhaka,Jatiya Party (JaPa),Md. Juber Alam Khan,731
319161,181,Dhaka 8,Dhaka,Dhaka,Bangladesh Sangskritik Muktijote (BSM),Md. Russel Kabir,78
319166,182,Dhaka 9,Dhaka,Dhaka,Jatiya Party (JaPa),Kazi Abul Khair,1202
319166,182,Dhaka 9,Dhaka,Dhaka,Independent Candidate (Independent),Tasnim Jara,44684
319166,182,Dhaka 9,Dhaka,Dhaka,Socialist Party of Bangladesh (Marxist) (SPB-M),Khandaker Mizanur Rahman,93
319166,182,Dhaka 9,Dhaka,Dhaka,Bangladesh Nationalist Front (BNF),Md. Shafi Ullah Chowdhury,124
319166,182,Dhaka 9,Dhaka,Dhaka,Gono Forum (GF),Nazma Akhtar,171
319166,182,Dhaka 9,Dhaka,Dhaka,Insaniyat Biplob Bangladesh (IBB),Nahid Hasan Chowdhury Junaid,131
319166,182,Dhaka 9,Dhaka,Dhaka,Bangladesh Muslim League (BML),Masud Hossain,118
319166,182,Dhaka 9,Dhaka,Dhaka,National Citizen Party (NCP),Javed Rasin,53460
319166,182,Dhaka 9,Dhaka,Dhaka,Communist Party of Bangladesh (CPB),Md. Moniruzzaman,462
319166,182,Dhaka 9,Dhaka,Dhaka,Islami Andolan Bangladesh (IAB),Shah Iftekhar Ahsan,5827
319166,182,Dhaka 9,Dhaka,Dhaka,National People's Party (NPP),Shaheen Khan,204
319166,182,Dhaka 9,Dhaka,Dhaka,Bangladesh Nationalist Party (BNP),Habibur Rashid,111212
319076,183,Dhaka 10,Dhaka,Dhaka,Bangladesh Jamaat-e-Islami (Jamaat),Md. Jasim Uddin Sarkar,77136
319076,183,Dhaka 10,Dhaka,Dhaka,Bangladesh Nationalist Party (BNP),Sheikh Rabiul Alam,80436
319081,184,Dhaka 11,Dhaka,Dhaka,Bangladesh Nationalist Party (BNP),M. A. Quayum,91833
319081,184,Dhaka 11,Dhaka,Dhaka,Bangladesh Sangskritik Muktijote (BSM),Kazi Md. Shahidullah,196
319081,184,Dhaka 11,Dhaka,Dhaka,Gono Forum (GF),Md. Abdul Kader,130
319081,184,Dhaka 11,Dhaka,Dhaka,Gono Odhikar Parishad (GOP),Md. Arifur Rahman,81
319081,184,Dhaka 11,Dhaka,Dhaka,Bangladesh Republican Party (BRP),Md. Zakir Hossain,283
319081,184,Dhaka 11,Dhaka,Dhaka,National Citizen Party (NCP),Md. Nahid Islam,93872
319081,184,Dhaka 11,Dhaka,Dhaka,National People's Party (NPP),Md. Mizanur Rahman,241
319081,184,Dhaka 11,Dhaka,Dhaka,Jatiya Party (JaPa),Shamim Ahmed,1048
319081,184,Dhaka 11,Dhaka,Dhaka,Islami Andolan Bangladesh (IAB),Sheikh Md. Fazle Bari Masud,4375
319081,184,Dhaka 11,Dhaka,Dhaka,Independent Candidate (Independent),Kohinoor Akhter Bithi,794
319086,185,Dhaka 12,Dhaka,Dhaka,Gono Odhikar Parishad (GOP),Abul Bashar Chowdhury,115
319086,185,Dhaka 12,Dhaka,Dhaka,Communist Party of Bangladesh (CPB),Kallol Banik,453
319086,185,Dhaka 12,Dhaka,Dhaka,Ganosanhati Andolan (GSA),Taslima Akhter,1511
319086,185,Dhaka 12,Dhaka,Dhaka,Janotar Dol,Farid Ahmed,175
319086,185,Dhaka 12,Dhaka,Dhaka,Islami Andolan Bangladesh (IAB),Mahmudul Hasan,2058
319086,185,Dhaka 12,Dhaka,Dhaka,Bangladesh Sangskritik Muktijote (BSM),Muntasir Mahmud,115
319086,185,Dhaka 12,Dhaka,Dhaka,Bangladesh Islami Front (BIF),Md. Shahjalal,184
319086,185,Dhaka 12,Dhaka,Dhaka,Amjanatar Dol,Md. Tarek Rahman,1044
319086,185,Dhaka 12,Dhaka,Dhaka,Bangladesh Jamaat-e-Islami (Jamaat),Md. Saiful Alam,53773
319086,185,Dhaka 12,Dhaka,Dhaka,Revolutionary Workers Party of Bangladesh (RWPB),Saiful Huq,30963
319086,185,Dhaka 12,Dhaka,Dhaka,Independent Candidate (Independent),Saiful Alam Nirob,29869
319086,185,Dhaka 12,Dhaka,Dhaka,Nationalist Democratic Movement (NDM),Mominul Amin,58
319086,185,Dhaka 12,Dhaka,Dhaka,Jatiya Party (JaPa),Sarkar Md. Salahuddin,1770
319086,185,Dhaka 12,Dhaka,Dhaka,Insaniyat Biplob Bangladesh (IBB),Mst. Salma Akter,133
319086,185,Dhaka 12,Dhaka,Dhaka,Bangladesh Jatiya Party (BJP),Md. Naeem Hasan,47
319091,186,Dhaka 13,Dhaka,Dhaka,Gono Odhikar Parishad (GOP),Mizanur Rahman,336
319091,186,Dhaka 13,Dhaka,Dhaka,Independent Candidate (Independent),Sohel Rana,711
319091,186,Dhaka 13,Dhaka,Dhaka,Bangladesh Minority Janata Party (BMJP),Md. Shahabuddin,331
319091,186,Dhaka 13,Dhaka,Dhaka,Bangladesh Samajtantrik Dal (Basad),Md. Khalekuzzaman,486
319091,186,Dhaka 13,Dhaka,Dhaka,Bangladesh Khelafat Majlish (BKM),Md. Mamunul Haque,86067
319091,186,Dhaka 13,Dhaka,Dhaka,Bangladesh Nationalist Party (BNP),Bobby Hajjaj,88387
319091,186,Dhaka 13,Dhaka,Dhaka,Bangladesh Muslim League (BML),Shahriar Iftekhar,464
319091,186,Dhaka 13,Dhaka,Dhaka,Insaniyat Biplob Bangladesh (IBB),Fatema Akter Munia,513
319091,186,Dhaka 13,Dhaka,Dhaka,Independent Candidate (Independent),Sheikh Md. Robiul Islam,972
319096,187,Dhaka 14,Dhaka,Dhaka,Jatiya Samajtantrik Dal (JSD),Nurul Amin,219
319096,187,Dhaka 14,Dhaka,Dhaka,Bangladesh Jamaat-e-Islami (Jamaat),Mir Ahmad Bin Quasem,101113
319096,187,Dhaka 14,Dhaka,Dhaka,Amar Bangladesh Party (AB),Md. Moniruzzaman,138
319096,187,Dhaka 14,Dhaka,Dhaka,Islami Andolan Bangladesh (IAB),Md. Abu Yusuf,3760
319096,187,Dhaka 14,Dhaka,Dhaka,Bangladesh Supreme Party (BSP),Md. Osman Ali,302
319096,187,Dhaka 14,Dhaka,Dhaka,Gono Forum (GF),Md. Jasim Uddin,79
319096,187,Dhaka 14,Dhaka,Dhaka,Bangladesh Republican Party (BRP),Md. Liton,83
319096,187,Dhaka 14,Dhaka,Dhaka,Jatiya Party (JaPa),Md. Helal Uddin,857
319096,187,Dhaka 14,Dhaka,Dhaka,Bangladesh Nationalist Party (BNP),Sanjida Islam,83323
319096,187,Dhaka 14,Dhaka,Dhaka,Independent Candidate (Independent),Syed Abu Bakar Siddiqui,16328
319096,187,Dhaka 14,Dhaka,Dhaka,Communist Party of Bangladesh (CPB),Riaz Uddin,369
319096,187,Dhaka 14,Dhaka,Dhaka,Bangladesh Liberal Democratic Party (LDP),Md. Sohel Rana,385
319101,188,Dhaka 15,Dhaka,Dhaka,Bangladesh Jamaat-e-Islami (Jamaat),Md. Shafiqur Rahman,85131
319101,188,Dhaka 15,Dhaka,Dhaka,Bangladesh Nationalist Party (BNP),Md. Safiqul Islam Khan,63517
319101,188,Dhaka 15,Dhaka,Dhaka,Jatiya Party (JaPa),Md. Shamsul Haque,1421
319101,188,Dhaka 15,Dhaka,Dhaka,Communist Party of Bangladesh (CPB),Md. Nilav Parvez,705
319101,188,Dhaka 15,Dhaka,Dhaka,Bangladesh Supreme Party (BSP),Mubarak Hossain,326
319101,188,Dhaka 15,Dhaka,Dhaka,Janotar Dol,Khan Shoaib Amanullah,378
319101,188,Dhaka 15,Dhaka,Dhaka,Bangladesh Jatiya Samajtantrik Dal (Bangladesh JaSad),Md. Ashfaqur Rahman,210
319101,188,Dhaka 15,Dhaka,Dhaka,Communist Party of Bangladesh (CPB),Ahmed Sajedul Haque,796
319106,189,Dhaka 16,Dhaka,Dhaka,Jatiya Party (JaPa),Md. Sultan Ahmed Selim,1464
319106,189,Dhaka 16,Dhaka,Dhaka,Bangladesh Nationalist Party (BNP),Md. Aminul Huq,85467
319106,189,Dhaka 16,Dhaka,Dhaka,Bangladesh Jamaat-e-Islami (Jamaat),Md. Abdul Baten,88828
319106,189,Dhaka 16,Dhaka,Dhaka,Islami Andolan Bangladesh (IAB),Md. Saiful Islam,3679
319106,189,Dhaka 16,Dhaka,Dhaka,Bangladesh Khelafat Andolon (BKA),Md. Touhiduzzaman,102
319106,189,Dhaka 16,Dhaka,Dhaka,Bangladesh Sangskritik Muktijote (BSM),Md. Abdul Quader Jilani,142
319106,189,Dhaka 16,Dhaka,Dhaka,Gono Odhikar Parishad (GOP),Md. Mamun Hossain,109
319106,189,Dhaka 16,Dhaka,Dhaka,Bangladesh Labour Party,Alhajj A. K. M. Moazzem Hossain,494
319106,189,Dhaka 16,Dhaka,Dhaka,National People's Party (NPP),Md. Tariqul Islam,167
319106,189,Dhaka 16,Dhaka,Dhaka,Bangladesh Jatiya Party (BJP),Md. Nazmul Haque,138
319106,189,Dhaka 16,Dhaka,Dhaka,Socialist Party of Bangladesh (Marxist) (SPB-M),Md. Rashidul Islam,209
319111,190,Dhaka 17,Dhaka,Dhaka,Bangladesh Nationalist Party (BNP),Tarique Rahman,72699
319111,190,Dhaka 17,Dhaka,Dhaka,Bangladesh Jamaat-e-Islami (Jamaat),S. M. Khalekuzzaman,68300
319111,190,Dhaka 17,Dhaka,Dhaka,Jatiya Party (JaPa),Atiq Ahmed,1168
319111,190,Dhaka 17,Dhaka,Dhaka,Islami Andolan Bangladesh (IAB),Md. Ullah,1768
319111,190,Dhaka 17,Dhaka,Dhaka,Bangladesh Jatiya Party (BJP),Kamrul Hasan Nasim,92
319111,190,Dhaka 17,Dhaka,Dhaka,Insaniyat Biplob Bangladesh (IBB),Manzoor Humayun,80
319111,190,Dhaka 17,Dhaka,Dhaka,Independent Candidate (Independent),Md. Anisuzzaman Khokon,111
319111,190,Dhaka 17,Dhaka,Dhaka,Jatiya Party (Manju) (JP–Manju),Tapu Raihan,1041
319111,190,Dhaka 17,Dhaka,Dhaka,Independent Candidate (Independent),Kazi Enayet Ullah,167
319111,190,Dhaka 17,Dhaka,Dhaka,Bangladesh Congress,Md. Shamim Ahmed,130
319111,190,Dhaka 17,Dhaka,Dhaka,Bangladesh Labour Party,Md. Rashedul Haque,60
319111,190,Dhaka 17,Dhaka,Dhaka,Bangladesh Nationalist Front (BNF),S. M. Abul Kalam Azad,61
319116,191,Dhaka 18,Dhaka,Dhaka,National Citizen Party (NCP),Ariful Islam,111297
319116,191,Dhaka 18,Dhaka,Dhaka,Bangladesh Nationalist Party (BNP),S. M. Jahangir Hossain,144715
319116,191,Dhaka 18,Dhaka,Dhaka,Islami Andolan Bangladesh (IAB),Md. Anwar Hossain,4727
319116,191,Dhaka 18,Dhaka,Dhaka,Jatiya Party (JaPa),Md. Zakir Hossain,2557
319116,191,Dhaka 18,Dhaka,Dhaka,Independent Candidate (Independent),Md. Mohiuddin Howlader,3205
319116,191,Dhaka 18,Dhaka,Dhaka,Bangladesh Samajtantrik Dal (Basad),Syed Harun Ur Rashid,260
319116,191,Dhaka 18,Dhaka,Dhaka,National People's Party (NPP),Mrs. Sabina Javed,301
319116,191,Dhaka 18,Dhaka,Dhaka,Bangladesh Islami Front (BIF),Md. Jasim Uddin,1647
319116,191,Dhaka 18,Dhaka,Dhaka,Independent Candidate (Independent),Md. Ismail Hossain,930
319116,191,Dhaka 18,Dhaka,Dhaka,Nagorik Oikya (NO),Mahmudur Rahman Manna,350
319121,192,Dhaka 19,Dhaka,Dhaka,National Citizen Party (NCP),Dilshana Parul,125283
319121,192,Dhaka 19,Dhaka,Dhaka,Bangladesh Nationalist Party (BNP),Dewan Md. Salahuddin,190976
319131,193,Dhaka 20,Dhaka,Dhaka,Bangladesh Nationalist Party (BNP),Md. Tamiz Uddin,162504
319131,193,Dhaka 20,Dhaka,Dhaka,Jatiya Party (JaPa),Ahsan Khan,3135
319131,193,Dhaka 20,Dhaka,Dhaka,Khelafat Majlis,Md. Ashraf Ali,9255
319131,193,Dhaka 20,Dhaka,Dhaka,Amar Bangladesh Party (AB),Helal Uddin Ahmed,492
319131,193,Dhaka 20,Dhaka,Dhaka,National Citizen Party (NCP),Nabila Tasnid,57787
319131,193,Dhaka 20,Dhaka,Dhaka,Bangladesh Jatiya Samajtantrik Dal (Bangladesh JaSad),Md. Arzu Mia,207
319286,194,Gazipur 1,Dhaka,Gazipur,Bangladesh Nationalist Party (BNP),Md. Mojibur Rahman,208688
319286,194,Gazipur 1,Dhaka,Gazipur,Independent Candidate (Independent),Md. Imarat Hossain Khan,6703
319286,194,Gazipur 1,Dhaka,Gazipur,Jatiya Party (JaPa),S. M. Shafiqul Islam,3325
319286,194,Gazipur 1,Dhaka,Gazipur,Bangladesh Labour Party,Chowdhury Irad Ahmed Siddiqui,168
319286,194,Gazipur 1,Dhaka,Gazipur,Gono Front (GF),Atiqul Islam,129
319286,194,Gazipur 1,Dhaka,Gazipur,Socialist Party of Bangladesh (Marxist) (SPB-M),Taslima Akhter,232
319286,194,Gazipur 1,Dhaka,Gazipur,Bangladesh Jamaat-e-Islami (Jamaat),Md. Shah Alam Bakshi,149553
319286,194,Gazipur 1,Dhaka,Gazipur,Islami Andolan Bangladesh (IAB),Ruhul Amin,5696
319291,195,Gazipur 2,Dhaka,Gazipur,Gono Front (GF),Atiqul Islam,200
319291,195,Gazipur 2,Dhaka,Gazipur,Islami Andolan Bangladesh (IAB),Hanif Sarkar,12657
319291,195,Gazipur 2,Dhaka,Gazipur,Communist Party of Bangladesh (CPB),Md. Ziaul Kabir,1397
319291,195,Gazipur 2,Dhaka,Gazipur,Insaniyat Biplob Bangladesh (IBB),Sarkar Taslima Afroz,417
319291,195,Gazipur 2,Dhaka,Gazipur,Socialist Party of Bangladesh (Marxist) (SPB-M),Masud Reza,250
319291,195,Gazipur 2,Dhaka,Gazipur,Bangladesh Nationalist Party (BNP),M. Manjurul Karim Roni,188606
319291,195,Gazipur 2,Dhaka,Gazipur,Jatiya Party (JaPa),Md. Mahbub Alam,4125
319291,195,Gazipur 2,Dhaka,Gazipur,National Citizen Party (NCP),Ali Nasser Khan,140950
319291,195,Gazipur 2,Dhaka,Gazipur,Independent Candidate (Independent),Jeet Barua,444
319291,195,Gazipur 2,Dhaka,Gazipur,Bangladesh Samajtantrik Dal (Basad),Md. Abdul Qayyum,1155
319291,195,Gazipur 2,Dhaka,Gazipur,Janotar Dol,Md. Shariful Islam,537
319291,195,Gazipur 2,Dhaka,Gazipur,Gono Odhikar Parishad (GOP),Mahfuzur Rahman Khan,245
319296,196,Gazipur 3,Dhaka,Gazipur,Bangladesh Nationalist Party (BNP),S. M. Rafiqul Islam,162343
319296,196,Gazipur 3,Dhaka,Gazipur,Jatiya Party (JaPa),Md. Nazim Uddin,1995
319296,196,Gazipur 3,Dhaka,Gazipur,Islami Oikya Jote (IOJ),Ha. Mao. Mufti Shamim Ahmed,2332
319296,196,Gazipur 3,Dhaka,Gazipur,Bangladesh Khelafat Majlish (BKM),Md. Ehsanul Haque,100539
319296,196,Gazipur 3,Dhaka,Gazipur,Independent Candidate (Independent),Md. Izadur Rahman Chowdhury,21963
319296,196,Gazipur 3,Dhaka,Gazipur,Bangladesh Samajtantrik Dal (Basad),Ashiqul Islam Piyal,484
319296,196,Gazipur 3,Dhaka,Gazipur,Islami Andolan Bangladesh (IAB),Alamgir Hossain,6036
319301,197,Gazipur 4,Dhaka,Gazipur,Bangladesh Nationalist Party (BNP),Shah Riazul Hannan,90390
319301,197,Gazipur 4,Dhaka,Gazipur,Amjanatar Dol,Md. Zakir Hossain,278
319301,197,Gazipur 4,Dhaka,Gazipur,Islami Andolan Bangladesh (IAB),Md. Kazim Uddin,2348
319301,197,Gazipur 4,Dhaka,Gazipur,Independent Candidate (Independent),Md. Shafiullah,1521
319301,197,Gazipur 4,Dhaka,Gazipur,National People's Party (NPP),Monir Hossain,135
319301,197,Gazipur 4,Dhaka,Gazipur,Bangladesh Jamaat-e-Islami (Jamaat),Salah Uddin,101779
319301,197,Gazipur 4,Dhaka,Gazipur,Jatiya Party (JaPa),Enamul Kabir,2147
319301,197,Gazipur 4,Dhaka,Gazipur,Communist Party of Bangladesh (CPB),Manabendra Dev,1091
319306,198,Gazipur 5,Dhaka,Gazipur,Bangladesh Jamaat-e-Islami (Jamaat),Md. Khairul Hasan,78123
319306,198,Gazipur 5,Dhaka,Gazipur,Islami Andolan Bangladesh (IAB),Gazi Ataur Rahman,4411
319306,198,Gazipur 5,Dhaka,Gazipur,Bangladesh Nationalist Party (BNP),A. K. M. Fazlul Haque Milon,133869
319306,198,Gazipur 5,Dhaka,Gazipur,Janotar Dol,Md. Azam Khan,6592
319306,198,Gazipur 5,Dhaka,Gazipur,Gono Forum (GF),Md. Kajal Bhuya,223
319306,198,Gazipur 5,Dhaka,Gazipur,Islamic Front Bangladesh (IFB),Md. Al Amin Dewan,837
319306,198,Gazipur 5,Dhaka,Gazipur,Jatiya Party (JaPa),Md. Shafiuddin Sarkar,1497
319911,199,Narsingdi 1,Dhaka,Narsingdi,Bangladesh Nationalist Party (BNP),Khairul Kabir Khokon,161405
319911,199,Narsingdi 1,Dhaka,Narsingdi,Insaniyat Biplob Bangladesh (IBB),Hamidul Haque Parvez,207
319911,199,Narsingdi 1,Dhaka,Narsingdi,Bangladesh Jamaat-e-Islami (Jamaat),Md. Ibrahim Bhuya,95349
319911,199,Narsingdi 1,Dhaka,Narsingdi,Bangladesh Islami Front (BIF),Sakhawat Hossain,955
319911,199,Narsingdi 1,Dhaka,Narsingdi,Jatiya Party (JaPa),Md. Mustafa Jamal,1012
319911,199,Narsingdi 1,Dhaka,Narsingdi,Islami Andolan Bangladesh (IAB),Md. Ashraf Hossain Bhuya,13547
319911,199,Narsingdi 1,Dhaka,Narsingdi,Gono Odhikar Parishad (GOP),Shireen Akter,485
319911,199,Narsingdi 1,Dhaka,Narsingdi,Gono Forum (GF),Shahiduzzaman Chowdhury,179
319916,200,Narsingdi 2,Dhaka,Narsingdi,Bangladesh Jamaat-e-Islami (Jamaat),Md. Amjad Hossain,55920
319916,200,Narsingdi 2,Dhaka,Narsingdi,Insaniyat Biplob Bangladesh (IBB),Md. Ibrahim,235
319916,200,Narsingdi 2,Dhaka,Narsingdi,Jatiya Party (JaPa),A. N. M. Rafiqul Alam Saleem,1285
319916,200,Narsingdi 2,Dhaka,Narsingdi,National Citizen Party (NCP),Md. Golam Sarwar,53460
319916,200,Narsingdi 2,Dhaka,Narsingdi,Bangladesh Nationalist Party (BNP),Abdul Moin Khan,92739
319916,200,Narsingdi 2,Dhaka,Narsingdi,Islamic Front Bangladesh (IFB),Asif Iqbal,708
319921,201,Narsingdi 3,Dhaka,Narsingdi,Zaker Party (ZP),Abu Sadat Md. Sayem Ali Pathan,1748
319921,201,Narsingdi 3,Dhaka,Narsingdi,Insaniyat Biplob Bangladesh (IBB),Raihan Mia,622
319921,201,Narsingdi 3,Dhaka,Narsingdi,Jatiya Party (JaPa),A. K. M. Rezaul Karim,266
319921,201,Narsingdi 3,Dhaka,Narsingdi,Bangladesh Nationalist Party (BNP),Manzoor Elahi,82061
319921,201,Narsingdi 3,Dhaka,Narsingdi,Bangladesh Jamaat-e-Islami (Jamaat),Md. Mostafizur Rahman,5066
319921,201,Narsingdi 3,Dhaka,Narsingdi,Bangladesh Khelafat Majlish (BKM),Md. Rakibul Islam,25493
319921,201,Narsingdi 3,Dhaka,Narsingdi,Islami Andolan Bangladesh (IAB),Md. Wayez Hossain Bhuiyan,6483
319921,201,Narsingdi 3,Dhaka,Narsingdi,Independent Candidate (Independent),Md. Ariful Islam Mridha,45682
319926,202,Narsingdi 4,Dhaka,Narsingdi,Jatiya Party (JaPa),Md. Kamal Uddin,1172
319926,202,Narsingdi 4,Dhaka,Narsingdi,Bangladesh Congress,Kazi Shariful Islam,163
319926,202,Narsingdi 4,Dhaka,Narsingdi,Islami Andolan Bangladesh (IAB),Md. Saifullah,7079
319926,202,Narsingdi 4,Dhaka,Narsingdi,Bangladesh Nationalist Party (BNP),Sardar Md. Sakhawat Hossain,163392
319926,202,Narsingdi 4,Dhaka,Narsingdi,Insaniyat Biplob Bangladesh (IBB),Md. Milan Mia,1728
319926,202,Narsingdi 4,Dhaka,Narsingdi,Communist Party of Bangladesh (CPB),Kazi Sajjad Zahir,839
319926,202,Narsingdi 4,Dhaka,Narsingdi,Bangladesh Khelafat Majlish (BKM),Md. Nasir Uddin,464
319926,202,Narsingdi 4,Dhaka,Narsingdi,Janotar Dol,Abu Darda Md. Maj,454
319926,202,Narsingdi 4,Dhaka,Narsingdi,Bangladesh Jamaat-e-Islami (Jamaat),Md. Jahangir Alam,78744
319931,203,Narsingdi 5,Dhaka,Narsingdi,Independent Candidate (Independent),Taufiqur Rahman,1256
319931,203,Narsingdi 5,Dhaka,Narsingdi,Jatiya Party (JaPa),Meherun Nesha Khan Hena,500
319931,203,Narsingdi 5,Dhaka,Narsingdi,Bangladesh Khelafat Majlish (BKM),Tajul Islam,44981
319931,203,Narsingdi 5,Dhaka,Narsingdi,Insaniyat Biplob Bangladesh (IBB),Tahmina Akhter,1076
319931,203,Narsingdi 5,Dhaka,Narsingdi,Bangladesh Nationalist Party (BNP),Md. Ashraf Uddin,137690
319931,203,Narsingdi 5,Dhaka,Narsingdi,Islami Andolan Bangladesh (IAB),Badruzzaman Ujjal,33109
319931,203,Narsingdi 5,Dhaka,Narsingdi,Independent Candidate (Independent),Jamal Ahmed Chowdhury,5419
319931,203,Narsingdi 5,Dhaka,Narsingdi,Independent Candidate (Independent),Md. Solaiman Khandaker,300
319931,203,Narsingdi 5,Dhaka,Narsingdi,Bangladesh Islami Front (BIF),Mashiur Rahman,2424
319881,204,Narayanganj 1,Dhaka,Narayanganj,Bangladesh Nationalist Party (BNP),Mustafizur Rahman Bhuiyan,158358
319881,204,Narayanganj 1,Dhaka,Narayanganj,Islami Andolan Bangladesh (IAB),Md. Imdadullah,7186
319881,204,Narayanganj 1,Dhaka,Narayanganj,Bangladesh Jamaat-e-Islami (Jamaat),Md. Anwar Hosen Molla,91690
319881,204,Narayanganj 1,Dhaka,Narayanganj,Independent Candidate (Independent),Md. Dulal,463
319881,204,Narayanganj 1,Dhaka,Narayanganj,Gono Odhikar Parishad (GOP),Wasim Uddin,219
319881,204,Narayanganj 1,Dhaka,Narayanganj,Communist Party of Bangladesh (CPB),Md. Moniruzzaman Chandan,261
319881,204,Narayanganj 1,Dhaka,Narayanganj,Insaniyat Biplob Bangladesh (IBB),Md. Rehan Afzal,207
319886,205,Narayanganj 2,Dhaka,Narayanganj,Bangladesh Republican Party (BRP),Md. Abu Hanif Hridoy,227
319886,205,Narayanganj 2,Dhaka,Narayanganj,Bangladesh Nationalist Party (BNP),Md. Nazrul Islam Azad,124291
319886,205,Narayanganj 2,Dhaka,Narayanganj,Bangladesh Jamaat-e-Islami (Jamaat),Md. Elias Molla,81054
319886,205,Narayanganj 2,Dhaka,Narayanganj,Islami Andolan Bangladesh (IAB),Md. Habibullah,5265
319886,205,Narayanganj 2,Dhaka,Narayanganj,Independent Candidate (Independent),Md. Ataur Rahman Khan,18744
319886,205,Narayanganj 2,Dhaka,Narayanganj,Gono Odhikar Parishad (GOP),Kamrul Mia,142
319886,205,Narayanganj 2,Dhaka,Narayanganj,Communist Party of Bangladesh (CPB),Md. Hafizul Islam,350
319891,206,Narayanganj 3,Dhaka,Narayanganj,Bangladesh Nationalist Party (BNP),Azharul Islam Mannan,155400
319891,206,Narayanganj 3,Dhaka,Narayanganj,Bangladesh Jamaat-e-Islami (Jamaat),Md. Iqbal Kartim Bhuiyan,134918
319891,206,Narayanganj 3,Dhaka,Narayanganj,Islami Andolan Bangladesh (IAB),Golam Messiah,14223
319891,206,Narayanganj 3,Dhaka,Narayanganj,Bangladesh Khelafat Majlish (BKM),Md. Shahjahan,1193
319891,206,Narayanganj 3,Dhaka,Narayanganj,Amar Bangladesh Party (AB),Ariful Islam,137
319891,206,Narayanganj 3,Dhaka,Narayanganj,Independent Candidate (Independent),Md. Rezaul Karim,4596
319891,206,Narayanganj 3,Dhaka,Narayanganj,Ganosanhati Andolan (GSA),Anjan Das,838
319891,206,Narayanganj 3,Dhaka,Narayanganj,Bangladesh Khelafat Andolon (BKA),Md. Atiqur Rahman Nannu Munshi,769
319891,206,Narayanganj 3,Dhaka,Narayanganj,Janotar Dol,Abdul Karim Munshi,285
319891,206,Narayanganj 3,Dhaka,Narayanganj,Independent Candidate (Independent),Md. Ghiyas Uddin,20379
319891,206,Narayanganj 3,Dhaka,Narayanganj,Gono Odhikar Parishad (GOP),Md. Wahidur Rahman Milky,314
319896,207,Narayanganj 4,Dhaka,Narayanganj,National Citizen Party (NCP),Abdullah Al Amin,106171
319896,207,Narayanganj 4,Dhaka,Narayanganj,Islami Andolan Bangladesh (IAB),Ismail Hossain Kawsar,16746
319896,207,Narayanganj 4,Dhaka,Narayanganj,Jatiya Party (JaPa),Md. Salahuddin Khoka,817
319896,207,Narayanganj 4,Dhaka,Narayanganj,Communist Party of Bangladesh (CPB),Iqbal Hossain,479
319896,207,Narayanganj 4,Dhaka,Narayanganj,Bangladesh Samajtantrik Dal (Basad),Salim Mahmud,282
319896,207,Narayanganj 4,Dhaka,Narayanganj,Gono Odhikar Parishad (GOP),Md. Arif Bhuiyan,106
319896,207,Narayanganj 4,Dhaka,Narayanganj,Bangladesh Republican Party (BRP),Md. Ali,11328
319896,207,Narayanganj 4,Dhaka,Narayanganj,Bangladesh Khelafat Majlish (BKM),Anwar Hossain,800
319896,207,Narayanganj 4,Dhaka,Narayanganj,Independent Candidate (Independent),Md. Ghiyas Uddin,9779
319896,207,Narayanganj 4,Dhaka,Narayanganj,Independent Candidate (Independent),Md. Shah Alam,31589
319896,207,Narayanganj 4,Dhaka,Narayanganj,Jamiat Ulema-e-Islam Bangladesh (JUIB),Monir Hossain,80619
319896,207,Narayanganj 4,Dhaka,Narayanganj,Bangladesh Supreme Party (BSP),Md. Selim Ahmed,643
319901,208,Narayanganj 5,Dhaka,Narayanganj,Bangladesh Nationalist Party (BNP),Abul Kalam,114799
319901,208,Narayanganj 5,Dhaka,Narayanganj,Islami Andolan Bangladesh (IAB),Md. Masum Billah,7708
319901,208,Narayanganj 5,Dhaka,Narayanganj,Khelafat Majlis,Abm Shirajul Mamun,101196
319901,208,Narayanganj 5,Dhaka,Narayanganj,Bangladesh Samajtantrik Dal (Basad),Abu Naeem Khan Biplob,370
319901,208,Narayanganj 5,Dhaka,Narayanganj,Bangladesh Sangskritik Muktijote (BSM),H. M. Amjad Hossain Molla,242
319901,208,Narayanganj 5,Dhaka,Narayanganj,Independent Candidate (Independent),Md. Maksud Hossain,34151
319901,208,Narayanganj 5,Dhaka,Narayanganj,Gono Odhikar Parishad (GOP),Md. Nahid Hossain,643
319901,208,Narayanganj 5,Dhaka,Narayanganj,Communist Party of Bangladesh (CPB),Montu Chandra Ghosh,1575
319901,208,Narayanganj 5,Dhaka,Narayanganj,Ganosanhati Andolan (GSA),Tariqul Islam,1023
319901,208,Narayanganj 5,Dhaka,Narayanganj,Islamic Front Bangladesh (IFB),Syed Bahadur Shah Mujaddidi,4650
320146,209,Rajbari 1,Dhaka,Rajbari,Zaker Party (ZP),Md. Ali Biswas,8087
320146,209,Rajbari 1,Dhaka,Rajbari,Bangladesh Nationalist Party (BNP),Ali Newaz Mahmud Khaiyam,154541
320146,209,Rajbari 1,Dhaka,Rajbari,Bangladesh Jamaat-e-Islami (Jamaat),Md. Nurul Islam,101092
320146,209,Rajbari 1,Dhaka,Rajbari,Jatiya Party (JaPa),Khondokar Habibur Rahman,2586
320151,210,Rajbari 2,Dhaka,Rajbari,Independent Candidate (Independent),Nasirul Haque Sabu,36338
320151,210,Rajbari 2,Dhaka,Rajbari,Independent Candidate (Independent),Sohel Molla,1219
320151,210,Rajbari 2,Dhaka,Rajbari,Gono Odhikar Parishad (GOP),Jahid Sheikh,633
320151,210,Rajbari 2,Dhaka,Rajbari,National Citizen Party (NCP),Jamil Hijazi,67299
320151,210,Rajbari 2,Dhaka,Rajbari,Bangladesh Nationalist Party (BNP),Md. Harun Or Rashid,237254
320151,210,Rajbari 2,Dhaka,Rajbari,Islami Andolan Bangladesh (IAB),Md. Abdul Malek,8503
320151,210,Rajbari 2,Dhaka,Rajbari,Khelafat Majlis,Kazi Minhazul Alam,321
320151,210,Rajbari 2,Dhaka,Rajbari,Bangladesh Sangskritik Muktijote (BSM),Md. Abdul Malek Mondal,266
320151,210,Rajbari 2,Dhaka,Rajbari,Jatiya Party (JaPa),Md. Shafiul Azam Khan,2052
319211,211,Faridpur 1,Dhaka,Faridpur,Bangladesh Nationalist Party (BNP),Khandaker Nasirul Islam,126476
319211,211,Faridpur 1,Dhaka,Faridpur,Independent Candidate (Independent),Md. Hasibur Rahman,455
319211,211,Faridpur 1,Dhaka,Faridpur,Independent Candidate (Independent),Sheikh Abdur Rahman Jiko,84
319211,211,Faridpur 1,Dhaka,Faridpur,Jatiya Party (JaPa),Sultan Ahmed Khan,506
319211,211,Faridpur 1,Dhaka,Faridpur,Independent Candidate (Independent),Md. Golam Kabir Mia,2159
319211,211,Faridpur 1,Dhaka,Faridpur,Independent Candidate (Independent),Md. Abul Bashar Khan,34387
319211,211,Faridpur 1,Dhaka,Faridpur,Bangladesh Jamaat-e-Islami (Jamaat),Md. Elias Molla,154145
319211,211,Faridpur 1,Dhaka,Faridpur,Bangladesh Minority Janata Party (BMJP),Mrinmoy Kanti Das,786
319216,212,Faridpur 2,Dhaka,Faridpur,Islami Andolan Bangladesh (IAB),Shah Md. Jamal Uddin,2368
319216,212,Faridpur 2,Dhaka,Faridpur,Insaniyat Biplob Bangladesh (IBB),Akramuzzaman,617
319216,212,Faridpur 2,Dhaka,Faridpur,Bangladesh Nationalist Party (BNP),Shama Obaid Islam,121694
319216,212,Faridpur 2,Dhaka,Faridpur,Bangladesh Khelafat Majlish (BKM),Md. Akram Ali,89305
319216,212,Faridpur 2,Dhaka,Faridpur,Gono Odhikar Parishad (GOP),Faruk Fakir,675
319216,212,Faridpur 2,Dhaka,Faridpur,Bangladesh Congress,Md. Nazmul Hasan,257
319221,213,Faridpur 3,Dhaka,Faridpur,Jatiya Samajtantrik Dal (JSD),Arifa Akter Baby,251
319221,213,Faridpur 3,Dhaka,Faridpur,Bangladesh Nationalist Party (BNP),Nayab Yusuf Ahmed,148545
319221,213,Faridpur 3,Dhaka,Faridpur,Independent Candidate (Independent),Morshedul Islam Asif,1253
319221,213,Faridpur 3,Dhaka,Faridpur,Bangladesh Jamaat-e-Islami (Jamaat),Md. Abdut Tawab,124115
319221,213,Faridpur 3,Dhaka,Faridpur,Islami Andolan Bangladesh (IAB),Km Sarwar,4022
319221,213,Faridpur 3,Dhaka,Faridpur,Communist Party of Bangladesh (CPB),Md. Rafiquzzaman Mia,957
319226,214,Faridpur 4,Dhaka,Faridpur,Bangladesh Khelafat Majlish (BKM),Mizanur Rahman,1118
319226,214,Faridpur 4,Dhaka,Faridpur,Bangladesh Jamaat-e-Islami (Jamaat),Md. Sarwar Hossain,75805
319226,214,Faridpur 4,Dhaka,Faridpur,Jatiya Party (JaPa),Rayhan Jamil,550
319226,214,Faridpur 4,Dhaka,Faridpur,Independent Candidate (Independent),Aam Mujahid Beg,56160
319226,214,Faridpur 4,Dhaka,Faridpur,Independent Candidate (Independent),Md. Mujibur Hossain,1708
319226,214,Faridpur 4,Dhaka,Faridpur,Bangladesh Nationalist Party (BNP),Md. Shahidul Islam,127443
319226,214,Faridpur 4,Dhaka,Faridpur,Islami Andolan Bangladesh (IAB),Md. Ishak Chokdar,11498
319226,214,Faridpur 4,Dhaka,Faridpur,Communist Party of Bangladesh (CPB),Ataur Rahman,714
319316,215,Gopalganj 1,Dhaka,Gopalganj,Islami Andolan Bangladesh (IAB),Md. Mizanur Rahman,5870
319316,215,Gopalganj 1,Dhaka,Gopalganj,Independent Candidate (Independent),M. Anisul Islam,3257
319316,215,Gopalganj 1,Dhaka,Gopalganj,Independent Candidate (Independent),Ashraful Alom,21276
319316,215,Gopalganj 1,Dhaka,Gopalganj,Bangladesh Nationalist Party (BNP),Md. Selimuzzaman Molla,69462
319316,215,Gopalganj 1,Dhaka,Gopalganj,Independent Candidate (Independent),Md. Kayyum Ali Khan,2180
319316,215,Gopalganj 1,Dhaka,Gopalganj,Bangladesh Jamaat-e-Islami (Jamaat),Md. Abdul Hamid Molla,34635
319316,215,Gopalganj 1,Dhaka,Gopalganj,Communist Party of Bangladesh (CPB),Nirod Baran Majumder,349
319316,215,Gopalganj 1,Dhaka,Gopalganj,Gono Odhikar Parishad (GOP),Md. Kabir Mia,54329
319316,215,Gopalganj 1,Dhaka,Gopalganj,Jatiya Party (JaPa),Sultan Zaman Khan,621
319321,216,Gopalganj 2,Dhaka,Gopalganj,Independent Candidate (Independent),Kamruzzaman Bhuiyan,27891
319321,216,Gopalganj 2,Dhaka,Gopalganj,Independent Candidate (Independent),Rony Molla,403
319321,216,Gopalganj 2,Dhaka,Gopalganj,Independent Candidate (Independent),Sipon Bhuiyan,1931
319321,216,Gopalganj 2,Dhaka,Gopalganj,Bangladesh Khelafat Majlish (BKM),Shuaib Ibrahim,28604
319321,216,Gopalganj 2,Dhaka,Gopalganj,Independent Candidate (Independent),Md. Sirajul Islam Siraj,2819
319321,216,Gopalganj 2,Dhaka,Gopalganj,Independent Candidate (Independent),Utpal Biswas,8665
319321,216,Gopalganj 2,Dhaka,Gopalganj,Independent Candidate (Independent),Mh Khan Monju,33039
319321,216,Gopalganj 2,Dhaka,Gopalganj,Gono Forum (GF),Shah Mofiz,215
319321,216,Gopalganj 2,Dhaka,Gopalganj,Bangladesh Nationalist Party (BNP),Km Babar,40048
319321,216,Gopalganj 2,Dhaka,Gopalganj,Islami Andolan Bangladesh (IAB),Taslim Sikder,2911
319321,216,Gopalganj 2,Dhaka,Gopalganj,Jatiya Party (JaPa),Riaz Sarwar Molla,419
319321,216,Gopalganj 2,Dhaka,Gopalganj,Zaker Party (ZP),Mahmud Hasan,1371
319321,216,Gopalganj 2,Dhaka,Gopalganj,Gono Odhikar Parishad (GOP),Deen Md.,305
319326,217,Gopalganj 3,Dhaka,Gopalganj,Independent Candidate (Independent),Gobinda Chandra Pramanik,34339
319326,217,Gopalganj 3,Dhaka,Gopalganj,Bangladesh Khelafat Majlish (BKM),Abdul Aziz,25153
319326,217,Gopalganj 3,Dhaka,Gopalganj,Bangladesh Nationalist Party (BNP),Sm Jilani,60991
319326,217,Gopalganj 3,Dhaka,Gopalganj,Gono Odhikar Parishad (GOP),Abul Bashar,2600
319326,217,Gopalganj 3,Dhaka,Gopalganj,Independent Candidate (Independent),Md. Habibur Rahman,3805
319326,217,Gopalganj 3,Dhaka,Gopalganj,National People's Party (NPP),Sheikh Salahuddin,591
319326,217,Gopalganj 3,Dhaka,Gopalganj,Gono Forum (GF),Dulal Chandra Biswas,269
319656,218,Madaripur 1,Dhaka,Madaripur,Gono Odhikar Parishad (GOP),Rajib Molla,3026
319656,218,Madaripur 1,Dhaka,Madaripur,Independent Candidate (Independent),Kamal Zaman Molla,36564
319656,218,Madaripur 1,Dhaka,Madaripur,Bangladesh Nationalist Party (BNP),Nadira Akhter,64524
319656,218,Madaripur 1,Dhaka,Madaripur,Communist Party of Bangladesh (CPB),Abdul Ali,208
319656,218,Madaripur 1,Dhaka,Madaripur,Islami Andolan Bangladesh (IAB),Akram Hossain,6205
319656,218,Madaripur 1,Dhaka,Madaripur,Independent Candidate (Independent),Sajjad Hossain Siddiqui,3059
319656,218,Madaripur 1,Dhaka,Madaripur,Independent Candidate (Independent),Md. Imran Hasan,247
319656,218,Madaripur 1,Dhaka,Madaripur,Jatiya Party (JaPa),Md. Zahirul Islam Mintu,180
319656,218,Madaripur 1,Dhaka,Madaripur,Bangladesh Labour Party,Md. Hafizur Rahman,69
319656,218,Madaripur 1,Dhaka,Madaripur,Bangladesh Khelafat Majlish (BKM),Sayed Uddin Ahmad Hanzala,64909
319661,219,Madaripur 2,Dhaka,Madaripur,Jatiya Party (JaPa),Md. Mohidul Islam,646
319661,219,Madaripur 2,Dhaka,Madaripur,Bangladesh Samajtantrik Dal (Basad),Md. Didar Hossain,128
319661,219,Madaripur 2,Dhaka,Madaripur,Bangladesh Khelafat Majlish (BKM),Abdus Sobhan,36169
319661,219,Madaripur 2,Dhaka,Madaripur,Bangladesh Nationalist Party (BNP),Md. Jahandar Ali Mia,61744
319661,219,Madaripur 2,Dhaka,Madaripur,Bangladesh Kallyan Party (BKP),Subal Chandra Majumder,301
319661,219,Madaripur 2,Dhaka,Madaripur,Islami Andolan Bangladesh (IAB),Ali Ahmed Chowdhury,16865
319661,219,Madaripur 2,Dhaka,Madaripur,Independent Candidate (Independent),Md. Reazul Islam,2779
319661,219,Madaripur 2,Dhaka,Madaripur,Independent Candidate (Independent),Md. Kamrul Islam Sayed,14519
319661,219,Madaripur 2,Dhaka,Madaripur,Independent Candidate (Independent),Milton Baidya,46476
319661,219,Madaripur 2,Dhaka,Madaripur,Independent Candidate (Independent),Sahidul Islam Khan,6043
319666,220,Madaripur 3,Dhaka,Madaripur,Islami Andolan Bangladesh (IAB),Md. Azizul Haque,13058
319666,220,Madaripur 3,Dhaka,Madaripur,Bangladesh Supreme Party (BSP),Nitai Chakrabarty,2507
319666,220,Madaripur 3,Dhaka,Madaripur,Bangladesh Nationalist Party (BNP),Anisur Rahman,96188
319666,220,Madaripur 3,Dhaka,Madaripur,Bangladesh Samajtantrik Dal (Basad),Aminul Islam,363
319666,220,Madaripur 3,Dhaka,Madaripur,Bangladesh Jamaat-e-Islami (Jamaat),Md. Rafiqul Islam,84646
320266,221,Shariatpur 1,Dhaka,Shariatpur,National Citizen Party (NCP),Md. Abdur Rahman,475
320266,221,Shariatpur 1,Dhaka,Shariatpur,Islami Andolan Bangladesh (IAB),Md. Tofayel Ahmed,10817
320266,221,Shariatpur 1,Dhaka,Shariatpur,Bangladesh Supreme Party (BSP),Nur Md. Mia,616
320266,221,Shariatpur 1,Dhaka,Shariatpur,Gono Odhikar Parishad (GOP),Firoz Ahmed,551
320266,221,Shariatpur 1,Dhaka,Shariatpur,Bangladesh Nationalist Party (BNP),Saeed Ahmed,77398
320266,221,Shariatpur 1,Dhaka,Shariatpur,Bangladesh Khelafat Majlish (BKM),Jalaluddin Ahmad,62717
320266,221,Shariatpur 1,Dhaka,Shariatpur,Independent Candidate (Independent),Syed Nazrul Islam,14644
320266,221,Shariatpur 1,Dhaka,Shariatpur,Independent Candidate (Independent),Md. Golam Mostafa,359
320271,222,Shariatpur 2,Dhaka,Shariatpur,Bangladesh Nationalist Party (BNP),Md. Safiqur Rahman Kiran,129814
320271,222,Shariatpur 2,Dhaka,Shariatpur,Gono Odhikar Parishad (GOP),Akhtaruzzaman Samrat,283
320271,222,Shariatpur 2,Dhaka,Shariatpur,Jatiya Party (JaPa),Jasim Uddin,2547
320271,222,Shariatpur 2,Dhaka,Shariatpur,Independent Candidate (Independent),Md. Nasir,206
320271,222,Shariatpur 2,Dhaka,Shariatpur,Bangladesh Khelafat Andolon (BKA),Mahmudul Hasan,313
320271,222,Shariatpur 2,Dhaka,Shariatpur,Bangladesh Jamaat-e-Islami (Jamaat),Mahmud Hossain,70892
320271,222,Shariatpur 2,Dhaka,Shariatpur,Independent Candidate (Independent),Md. Alamgir Hossain,246
320271,222,Shariatpur 2,Dhaka,Shariatpur,Janotar Dol,Parvez Musharraf,442
320271,222,Shariatpur 2,Dhaka,Shariatpur,Islami Andolan Bangladesh (IAB),Imran Hossain,6505
320276,223,Shariatpur 3,Dhaka,Shariatpur,Islami Andolan Bangladesh (IAB),Hanif Mia,9814
320276,223,Shariatpur 3,Dhaka,Shariatpur,Jatiya Party (JaPa),Abdul Hannan,2064
320276,223,Shariatpur 3,Dhaka,Shariatpur,Bangladesh Nationalist Party (BNP),Mia Nuruddin Ahmed Apu,107516
320276,223,Shariatpur 3,Dhaka,Shariatpur,Bangladesh Jamaat-e-Islami (Jamaat),Md. Azharul Islam,69684
320341,224,Sunamganj 1,Sylhet,Sunamganj,Bangladesh Nationalist Party (BNP),Kamruzzaman Kamrul,161774
320341,224,Sunamganj 1,Sylhet,Sunamganj,Bangladesh Jamaat-e-Islami (Jamaat),Tofael Ahmed,92966
320341,224,Sunamganj 1,Sylhet,Sunamganj,Bangladesh Nezame Islam Party (BNIP),Muzammil Haque Talukdar,1184
320346,225,Sunamganj 2,Sylhet,Sunamganj,Communist Party of Bangladesh (CPB),Niranjan Das,1232
320346,225,Sunamganj 2,Sylhet,Sunamganj,Bangladesh Nationalist Party (BNP),Md. Nasir Chowdhury,99522
320346,225,Sunamganj 2,Sylhet,Sunamganj,Bangladesh Jamaat-e-Islami (Jamaat),Md. Shishir Manir,63220
320351,226,Sunamganj 3,Sylhet,Sunamganj,Khelafat Majlis,Sheikh Mushtaq Ahmed,237
320351,226,Sunamganj 3,Sylhet,Sunamganj,Independent Candidate (Independent),Md. Anwar Hossain,42226
320351,226,Sunamganj 3,Sylhet,Sunamganj,Bangladesh Nationalist Party (BNP),Md. Koyshar Ahmed,97313
320351,226,Sunamganj 3,Sylhet,Sunamganj,Bangladesh Khelafat Majlish (BKM),Md. Shahinur Pasha Chowdhury,14203
320351,226,Sunamganj 3,Sylhet,Sunamganj,Independent Candidate (Independent),Hussain Ahmed,177
320351,226,Sunamganj 3,Sylhet,Sunamganj,Amar Bangladesh Party (AB),Syed Talha Alam,4937
320351,226,Sunamganj 3,Sylhet,Sunamganj,Independent Candidate (Independent),Md. Mahfuzur Rahman Khaled,237
320356,227,Sunamganj 4,Sylhet,Sunamganj,Jatiya Party (JaPa),Md. Nazmul Huda,1789
320356,227,Sunamganj 4,Sylhet,Sunamganj,Bangladesh Nationalist Party (BNP),Nurul Islam,98092
320356,227,Sunamganj 4,Sylhet,Sunamganj,Independent Candidate (Independent),Dewan Zainul Zakerin,26307
320356,227,Sunamganj 4,Sylhet,Sunamganj,Bangladesh Jamaat-e-Islami (Jamaat),Md. Shams Uddin,75735
320356,227,Sunamganj 4,Sylhet,Sunamganj,Islami Andolan Bangladesh (IAB),Shahidul Islam,1935
320361,228,Sunamganj 5,Sylhet,Sunamganj,Jatiya Party (JaPa),Md. Jahangir Alam,1524
320361,228,Sunamganj 5,Sylhet,Sunamganj,Bangladesh Jamaat-e-Islami (Jamaat),Abu Tahir Md. Abdus Salam,102121
320361,228,Sunamganj 5,Sylhet,Sunamganj,Bangladesh Nationalist Party (BNP),Kalim Uddin Ahmed,151915
320361,228,Sunamganj 5,Sylhet,Sunamganj,National People's Party (NPP),Md. Azizul Haque,433
320361,228,Sunamganj 5,Sylhet,Sunamganj,Khelafat Majlis,Md. Abdul Qadir,2278
320371,229,Sylhet 1,Sylhet,Sylhet,Islami Andolan Bangladesh (IAB),Mahmudul Hasan,2701
320371,229,Sylhet 1,Sylhet,Sylhet,Bangladesh Nationalist Party (BNP),Khandaker Abdul Muktadir,176936
320371,229,Sylhet 1,Sylhet,Sylhet,Bangladesh Jamaat-e-Islami (Jamaat),Habibur Rahman,134983
320371,229,Sylhet 1,Sylhet,Sylhet,Socialist Party of Bangladesh (Marxist) (SPB-M),Sanjay Kanta Das,801
320371,229,Sylhet 1,Sylhet,Sylhet,Communist Party of Bangladesh (CPB),Md. Anwar Hossain,908
320371,229,Sylhet 1,Sylhet,Sylhet,Gono Odhikar Parishad (GOP),Akmal Hossain,314
320371,229,Sylhet 1,Sylhet,Sylhet,Bangladesh Samajtantrik Dal (Basad),Pranab Jyoti Pal,1113
320376,230,Sylhet 2,Sylhet,Sylhet,Bangladesh Nationalist Party (BNP),Tahsina Rushdir,116697
320376,230,Sylhet 2,Sylhet,Sylhet,Khelafat Majlis,Md. Muntasir Ali,37446
320381,231,Sylhet 3,Sylhet,Sylhet,Bangladesh Khelafat Majlish (BKM),Musleh Uddin Raju,73614
320381,231,Sylhet 3,Sylhet,Sylhet,Bangladesh Nationalist Party (BNP),Abdul Malik,114255
320386,232,Sylhet 4,Sylhet,Sylhet,Bangladesh Jamaat-e-Islami (Jamaat),Md. Joynal Abedin,65776
320386,232,Sylhet 4,Sylhet,Sylhet,Bangladesh Nationalist Party (BNP),Ariful Haque Chowdhury,181609
320391,233,Sylhet 5,Sylhet,Sylhet,Jamiat Ulema-e-Islam Bangladesh (JUIB),Ubaydullah Faruq,69774
320391,233,Sylhet 5,Sylhet,Sylhet,Khelafat Majlis,Md. Abul Hasan,79355
320391,233,Sylhet 5,Sylhet,Sylhet,Independent Candidate (Independent),Mamunur Rashid,54614
320396,234,Sylhet 6,Sylhet,Sylhet,Bangladesh Jamaat-e-Islami (Jamaat),Md. Selim Uddin,97748
320396,234,Sylhet 6,Sylhet,Sylhet,Bangladesh Nationalist Party (BNP),Emran Ahmad Chowdhury,108612
319726,235,Moulvibazar 1,Sylhet,Moulvibazar,Bangladesh Jamaat-e-Islami (Jamaat),Md. Aminul Islam,83013
319726,235,Moulvibazar 1,Sylhet,Moulvibazar,Bangladesh Nationalist Party (BNP),Nasir Uddin Ahmed,98282
319731,236,Moulvibazar 2,Sylhet,Moulvibazar,Bangladesh Nationalist Party (BNP),Md. Shawkatul Islam,88381
319731,236,Moulvibazar 2,Sylhet,Moulvibazar,Bangladesh Jamaat-e-Islami (Jamaat),Md. Syed Ali,53458
319736,237,Moulvibazar 3,Sylhet,Moulvibazar,Bangladesh Nationalist Party (BNP),Naser Rahman,156757
319736,237,Moulvibazar 3,Sylhet,Moulvibazar,Bangladesh Jamaat-e-Islami (Jamaat),Md. Abdul Mannan,77636
319741,238,Moulvibazar 4,Sylhet,Moulvibazar,Bangladesh Nationalist Party (BNP),Md. Mujibur Rahman Chowdhury,170877
319741,238,Moulvibazar 4,Sylhet,Moulvibazar,Bangladesh Khelafat Majlish (BKM),Sheikh Nure Alam Hamidi,50204
319336,239,Habiganj 1,Sylhet,Habiganj,Bangladesh Nationalist Party (BNP),Reza Kibria,111999
319336,239,Habiganj 1,Sylhet,Habiganj,Bangladesh Khelafat Majlish (BKM),Sirajul Islam,56132
319341,240,Habiganj 2,Sylhet,Habiganj,Khelafat Majlis,Abdul Basit Azad,65762
319341,240,Habiganj 2,Sylhet,Habiganj,Bangladesh Nationalist Party (BNP),Abu Mansur Sakhawat Hasan,126583
319346,241,Habiganj 3,Sylhet,Habiganj,Bangladesh Jamaat-e-Islami (Jamaat),Kazi Mohsin Ahmed,45568
319346,241,Habiganj 3,Sylhet,Habiganj,Bangladesh Nationalist Party (BNP),Gk Gaus,142348
319351,242,Habiganj 4,Sylhet,Habiganj,Bangladesh Sangskritik Muktijote (BSM),Md. Rashedul Islam Khokon,484
319351,242,Habiganj 4,Sylhet,Habiganj,Bangladesh Islami Front (BIF),Md. Gias Uddin,84323
319351,242,Habiganj 4,Sylhet,Habiganj,Bangladesh Samajtantrik Dal (Basad),Md. Mujibur Rahman,329
319351,242,Habiganj 4,Sylhet,Habiganj,Independent Candidate (Independent),Md. Mizanur Rahman Chowdhury,652
319351,242,Habiganj 4,Sylhet,Habiganj,Bangladesh Nationalist Party (BNP),Sm Faisal,188072
319351,242,Habiganj 4,Sylhet,Habiganj,Independent Candidate (Independent),Saleh Ahmed Sajan,619
319351,242,Habiganj 4,Sylhet,Habiganj,Insaniyat Biplob Bangladesh (IBB),Md. Rezaul Mustafa,484
319351,242,Habiganj 4,Sylhet,Habiganj,Khelafat Majlis,Ahmed Abdul Quader,26466
319351,242,Habiganj 4,Sylhet,Habiganj,Bangladesh Muslim League (BML),Shah Md. Al Amin,536
318801,243,Brahmanbaria 1,Chattogram,Brahmanbaria,Independent Candidate (Independent),Iqbal Chowdhury,17666
318801,243,Brahmanbaria 1,Chattogram,Brahmanbaria,Independent Candidate (Independent),Akm Kamruzzaman,35220
318801,243,Brahmanbaria 1,Chattogram,Brahmanbaria,Insaniyat Biplob Bangladesh (IBB),Md. Sharif Mridha,139
318801,243,Brahmanbaria 1,Chattogram,Brahmanbaria,Islami Andolan Bangladesh (IAB),Hussain Ahmed,907
318801,243,Brahmanbaria 1,Chattogram,Brahmanbaria,Bangladesh Jamaat-e-Islami (Jamaat),Akm Aminul Islam,24430
318801,243,Brahmanbaria 1,Chattogram,Brahmanbaria,Jatiya Party (JaPa),Md. Shah Alam,265
318801,243,Brahmanbaria 1,Chattogram,Brahmanbaria,Independent Candidate (Independent),Md. Habibur Rahman,106
318801,243,Brahmanbaria 1,Chattogram,Brahmanbaria,Bangladesh Nationalist Party (BNP),M. A. Hannan,68092
318806,244,Brahmanbaria 2,Chattogram,Brahmanbaria,Jatiya Party (JaPa),Ad. Md. Ziaul Haque Mridha,199
318806,244,Brahmanbaria 2,Chattogram,Brahmanbaria,Independent Candidate (Independent),S. N. Tarun Dey,12560
318806,244,Brahmanbaria 2,Chattogram,Brahmanbaria,Jatiya Samajtantrik Dal (JSD),Taimur Reza Md. Shahjad,384
318806,244,Brahmanbaria 2,Chattogram,Brahmanbaria,Islami Andolan Bangladesh (IAB),Nesar Ahmed,3851
318806,244,Brahmanbaria 2,Chattogram,Brahmanbaria,Amjanatar Dol,Sharifa Akter,181
318806,244,Brahmanbaria 2,Chattogram,Brahmanbaria,National Citizen Party (NCP),Ashraf Uddin,20401
318806,244,Brahmanbaria 2,Chattogram,Brahmanbaria,Insaniyat Biplob Bangladesh (IBB),Md. Main Uddin,1419
318806,244,Brahmanbaria 2,Chattogram,Brahmanbaria,Jamiat Ulema-e-Islam Bangladesh (JUIB),Md. Junayed Al Habib,80434
318806,244,Brahmanbaria 2,Chattogram,Brahmanbaria,Independent Candidate (Independent),Rumin Farhana,118547
318811,245,Brahmanbaria 3,Chattogram,Brahmanbaria,National Citizen Party (NCP),Ataullah,62547
318811,245,Brahmanbaria 3,Chattogram,Brahmanbaria,Insaniyat Biplob Bangladesh (IBB),Md. Abu Hanif,3345
318811,245,Brahmanbaria 3,Chattogram,Brahmanbaria,Islami Andolan Bangladesh (IAB),Niazul Karim,6231
318811,245,Brahmanbaria 3,Chattogram,Brahmanbaria,Independent Candidate (Independent),Md. Omar Yousuf Khan,278
318811,245,Brahmanbaria 3,Chattogram,Brahmanbaria,Jatiya Party (JaPa),Md. Rezaul Islam Bhuiyan,3891
318811,245,Brahmanbaria 3,Chattogram,Brahmanbaria,Bangladesh Nationalist Party (BNP),Md. Khaled Hossain Mahbub,209636
318811,245,Brahmanbaria 3,Chattogram,Brahmanbaria,Islamic Front Bangladesh (IFB),Ayesha Akter,1344
318816,246,Brahmanbaria 4,Chattogram,Brahmanbaria,Islami Andolan Bangladesh (IAB),Md. Jasim,2277
318816,246,Brahmanbaria 4,Chattogram,Brahmanbaria,Gono Odhikar Parishad (GOP),Md. Zahirul Haque Chowdhury,117
318816,246,Brahmanbaria 4,Chattogram,Brahmanbaria,Insaniyat Biplob Bangladesh (IBB),Rafi Uddin,773
318816,246,Brahmanbaria 4,Chattogram,Brahmanbaria,Bangladesh Nationalist Party (BNP),Mushfiqur Rahman,139842
318816,246,Brahmanbaria 4,Chattogram,Brahmanbaria,National People's Party (NPP),Shahin Khan,109
318816,246,Brahmanbaria 4,Chattogram,Brahmanbaria,Bangladesh Jamaat-e-Islami (Jamaat),Md. Ataur Rahman Sarkar,91796
318816,246,Brahmanbaria 4,Chattogram,Brahmanbaria,Jatiya Party (JaPa),Md. Zahirul Haque Khan,2453
318821,247,Brahmanbaria 5,Chattogram,Brahmanbaria,Islami Andolan Bangladesh (IAB),Nazrul Isam,20696
318821,247,Brahmanbaria 5,Chattogram,Brahmanbaria,Insaniyat Biplob Bangladesh (IBB),Md. Ashraful Haque,257
318821,247,Brahmanbaria 5,Chattogram,Brahmanbaria,Bangladesh Khelafat Majlish (BKM),Amzad Hossain,60857
318821,247,Brahmanbaria 5,Chattogram,Brahmanbaria,Independent Candidate (Independent),Kazi Nazmul Hossain,84708
318821,247,Brahmanbaria 5,Chattogram,Brahmanbaria,Communist Party of Bangladesh (CPB),Md. Shahin Khan,359
318821,247,Brahmanbaria 5,Chattogram,Brahmanbaria,Jatiya Party (JaPa),Md. Kamrul Islam,372
318821,247,Brahmanbaria 5,Chattogram,Brahmanbaria,Bangladesh Nationalist Party (BNP),Md. Abdul Mannan,85769
318821,247,Brahmanbaria 5,Chattogram,Brahmanbaria,Ganosanhati Andolan (GSA),Nahida Jahan,266
318826,248,Brahmanbaria 6,Chattogram,Brahmanbaria,Bangladesh Jamaat-e-Islami (Jamaat),Md. Mohsin,39976
318826,248,Brahmanbaria 6,Chattogram,Brahmanbaria,National People's Party (NPP),Md. Shafiqul Islam,106
318826,248,Brahmanbaria 6,Chattogram,Brahmanbaria,Islami Andolan Bangladesh (IAB),Sayed Uddin Khan,8572
318826,248,Brahmanbaria 6,Chattogram,Brahmanbaria,Insaniyat Biplob Bangladesh (IBB),Md. Habibur Rahman,139
318826,248,Brahmanbaria 6,Chattogram,Brahmanbaria,Gono Odhikar Parishad (GOP),Shafiqul Islam,289
318826,248,Brahmanbaria 6,Chattogram,Brahmanbaria,Ganosanhati Andolan (GSA),Md. Jonayed Abdur Rahim Shaki,95342
318826,248,Brahmanbaria 6,Chattogram,Brahmanbaria,Jatiya Samajtantrik Dal (JSD),K. M. Jabir,167
318826,248,Brahmanbaria 6,Chattogram,Brahmanbaria,Independent Candidate (Independent),Md. Abu Kayes Shikdar,666
318826,248,Brahmanbaria 6,Chattogram,Brahmanbaria,Bangladesh Islami Front (BIF),Md. Abu Naser,2353
318826,248,Brahmanbaria 6,Chattogram,Brahmanbaria,Independent Candidate (Independent),Md. Sayeduzzaman Kamal,1926
318986,249,Cumilla 1,Chattogram,Cumilla,Jatiya Party (JaPa),Sayed Md. Ifthekhar Ahsan,631
318986,249,Cumilla 1,Chattogram,Cumilla,Bangladesh Nationalist Party (BNP),Khandaker Mosharrof Hossain,141440
318986,249,Cumilla 1,Chattogram,Cumilla,Bangladesh Samajtantrik Dal (Basad),Barua Monojit Dhiman,144
318986,249,Cumilla 1,Chattogram,Cumilla,Bangladesh Republican Party (BRP),Md. Abul Kalam Azad,411
318986,249,Cumilla 1,Chattogram,Cumilla,Independent Candidate (Independent),Abu Zayed Al Mahnud,201
318986,249,Cumilla 1,Chattogram,Cumilla,Islami Andolan Bangladesh (IAB),Bashir Ahmed,6502
318986,249,Cumilla 1,Chattogram,Cumilla,Independent Candidate (Independent),Omar Farooq,205
318986,249,Cumilla 1,Chattogram,Cumilla,Bangladesh Jamaat-e-Islami (Jamaat),Md. Moniruzzaman,94845
318986,249,Cumilla 1,Chattogram,Cumilla,Amar Bangladesh Party (AB),Md. Shafiul Basar,511
319001,250,Cumilla 2,Chattogram,Cumilla,Islamic Front Bangladesh (IFB),Md. Abdus Salam,767
319001,250,Cumilla 2,Chattogram,Cumilla,Bangladesh Jamaat-e-Islami (Jamaat),Md. Nazim Uddin,53384
319001,250,Cumilla 2,Chattogram,Cumilla,Islami Andolan Bangladesh (IAB),Md. Ashraful Alam,6611
319001,250,Cumilla 2,Chattogram,Cumilla,Bangladesh Nationalist Party (BNP),Md. Selim Bhuiyan,77037
319001,250,Cumilla 2,Chattogram,Cumilla,Independent Candidate (Independent),Md. Abdul Matin,63045
319001,250,Cumilla 2,Chattogram,Cumilla,Jatiya Party (JaPa),Md. Amir Hossain,570
319006,251,Cumilla 3,Chattogram,Cumilla,Bangladesh Jamaat-e-Islami (Jamaat),Md. Yousuf Sohel,109599
319006,251,Cumilla 3,Chattogram,Cumilla,Insaniyat Biplob Bangladesh (IBB),Md. Sharif Uddin Sarkar,167
319006,251,Cumilla 3,Chattogram,Cumilla,Bangladesh Congress,Md. Khorshed Alam,717
319006,251,Cumilla 3,Chattogram,Cumilla,Bangladesh Republican Party (BRP),Md. Emdadul Haque,111
319006,251,Cumilla 3,Chattogram,Cumilla,Gono Odhikar Parishad (GOP),Moniruzzaman,633
319006,251,Cumilla 3,Chattogram,Cumilla,Islami Andolan Bangladesh (IAB),Ahmed Abdul Kaiyum,3593
319006,251,Cumilla 3,Chattogram,Cumilla,Nationalist Democratic Movement (NDM),Riaz Md. Sharif,152
319006,251,Cumilla 3,Chattogram,Cumilla,Bangladesh Nationalist Party (BNP),Kazi Shah Mofazzal Hossain Kaikobad,159291
319006,251,Cumilla 3,Chattogram,Cumilla,Amjanatar Dol,Chowdhury Rakibul Haque,244
319011,252,Cumilla 4,Chattogram,Cumilla,Insaniyat Biplob Bangladesh (IBB),Irfanul Haque Sarkar,427
319011,252,Cumilla 4,Chattogram,Cumilla,Islami Andolan Bangladesh (IAB),Md. Abdul Karim,2232
319011,252,Cumilla 4,Chattogram,Cumilla,Khelafat Majlis,Md. Mujibur Rahman,248
319011,252,Cumilla 4,Chattogram,Cumilla,Gono Odhikar Parishad (GOP),Md. A. Jasim Uddin,49885
319011,252,Cumilla 4,Chattogram,Cumilla,National Citizen Party (NCP),Md. Abul Hasnat,166583
319016,253,Cumilla 5,Chattogram,Cumilla,Communist Party of Bangladesh (CPB),Abdullah Al Kafi,342
319016,253,Cumilla 5,Chattogram,Cumilla,Jatiya Party (JaPa),Md. Emranul Haque,124547
319016,253,Cumilla 5,Chattogram,Cumilla,Bangladesh Nationalist Party (BNP),Md. Jashim Uddin,134485
319016,253,Cumilla 5,Chattogram,Cumilla,Islami Andolan Bangladesh (IAB),Md. Rashedul Islam,1505
319016,253,Cumilla 5,Chattogram,Cumilla,Jatiya Samajtantrik Dal (JSD),Shirin Akhter,153
319016,253,Cumilla 5,Chattogram,Cumilla,Bangladesh Muslim League (BML),Abul Kalam Idris,147
319016,253,Cumilla 5,Chattogram,Cumilla,National People's Party (NPP),Md. Abul Basar,104
319016,253,Cumilla 5,Chattogram,Cumilla,Bangladesh Jamaat-e-Islami (Jamaat),Mobarak Hussain,124547
319016,253,Cumilla 5,Chattogram,Cumilla,Insaniyat Biplob Bangladesh (IBB),Tanzil Ahmed,167
319016,253,Cumilla 5,Chattogram,Cumilla,Amar Bangladesh Party (AB),Jobair Ahmed Bhuiyan,2029
318846,262,Chandpur 3,Chattogram,Chandpur,Gono Odhikar Parishad (GOP),Md. Zakir Hossain,132
318846,262,Chandpur 3,Chattogram,Chandpur,Islami Andolan Bangladesh (IAB),Md. Joynal Abedin Sheikh,14181
318846,262,Chandpur 3,Chattogram,Chandpur,Bangladesh Islami Front (BIF),A. H. M. Ahsan Ullah,2274
318846,262,Chandpur 3,Chattogram,Chandpur,Bangladesh Nationalist Party (BNP),Sheikh Farid Ahmed,165404
318846,262,Chandpur 3,Chattogram,Chandpur,Communist Party of Bangladesh (CPB),Md. Jahangir Hossain,676
318846,262,Chandpur 3,Chattogram,Chandpur,Bangladesh Jamaat-e-Islami (Jamaat),Md. Shahjahan Mia,100865
318846,262,Chandpur 3,Chattogram,Chandpur,Gono Forum (GF),Selim Akbar,307
318851,263,Chandpur 4,Chattogram,Chandpur,Bangladesh Jamaat-e-Islami (Jamaat),Md. Billal Hossain Miyaji,66692
318851,263,Chandpur 4,Chattogram,Chandpur,Gono Forum (GF),Md. Munir Chowdhury,240
318851,263,Chandpur 4,Chattogram,Chandpur,Islami Andolan Bangladesh (IAB),Maqbul Hossain,5261
318851,263,Chandpur 4,Chattogram,Chandpur,Bangladesh Islami Front (BIF),Md. Abdul Malek,509
318851,263,Chandpur 4,Chattogram,Chandpur,Independent Candidate (Independent),Zakir Hossain,184
318851,263,Chandpur 4,Chattogram,Chandpur,Bangladesh Nationalist Party (BNP),Md. Harunur Rashid,69155
318851,263,Chandpur 4,Chattogram,Chandpur,Jatiya Party (JaPa),Mahmud Alam,277
318851,263,Chandpur 4,Chattogram,Chandpur,Independent Candidate (Independent),Md. Abdul Hannan,74175
318856,264,Chandpur 5,Chattogram,Chandpur,Bangladesh Nationalist Party (BNP),Md. Mominul Haque,185404
318856,264,Chandpur 5,Chattogram,Chandpur,Insaniyat Biplob Bangladesh (IBB),Md. Mahmud Hasan Nayon,256
318856,264,Chandpur 5,Chattogram,Chandpur,Islami Andolan Bangladesh (IAB),Md. Ali Patwari,6671
318856,264,Chandpur 5,Chattogram,Chandpur,Bangladesh Liberal Democratic Party (LDP),Md. Neyamul Bashir,75660
318856,264,Chandpur 5,Chattogram,Chandpur,Jatiya Party (JaPa),Mirza Gias Uddin,1516
318856,264,Chandpur 5,Chattogram,Chandpur,Independent Candidate (Independent),Md. Zakir Hossain Pradhani,268
319236,265,Feni 1,Chattogram,Feni,Jatiya Party (JaPa),Motaher Hossain Chowdhury,940
319236,265,Feni 1,Chattogram,Feni,Islami Andolan Bangladesh (IAB),Kazi Golam Kibria,5323
319236,265,Feni 1,Chattogram,Feni,Bangladesh Congress,Md. Firoz Uddin Chowdhury,215
319236,265,Feni 1,Chattogram,Feni,Bangladesh Khelafat Andolon (BKA),Anwar Ullah Bhuiya,310
319236,265,Feni 1,Chattogram,Feni,Bangladesh Muslim League (BML),Mahbub Morshed Majumdar,188
319236,265,Feni 1,Chattogram,Feni,Bangladesh Nationalist Party (BNP),Munshi Rafiqul Alam,119904
319236,265,Feni 1,Chattogram,Feni,Bangladesh Jamaat-e-Islami (Jamaat),Sm Kamal Uddin,85615
319241,266,Feni 2,Chattogram,Feni,Bangladesh Khelafat Majlish (BKM),Md. Harunur Rashid Bhuiya,820
319241,266,Feni 2,Chattogram,Feni,Gono Odhikar Parishad (GOP),Md. Tarekul Islam Bhuiya,409
319241,266,Feni 2,Chattogram,Feni,Amjanatar Dol,Saiful Karim Majumdar,801
319241,266,Feni 2,Chattogram,Feni,Bangladesh Nationalist Party (BNP),Zainal Abedin,131210
319241,266,Feni 2,Chattogram,Feni,Socialist Party of Bangladesh (Marxist) (SPB-M),Jasim Uddin,322
319241,266,Feni 2,Chattogram,Feni,Amar Bangladesh Party (AB),Md. Mujibur Rahman Bhuiya,80058
319241,266,Feni 2,Chattogram,Feni,Islami Andolan Bangladesh (IAB),Md. Ekramul Haq Bhuiyan,6849
319241,266,Feni 2,Chattogram,Feni,Bangladesh Khelafat Andolon (BKA),Md. Abul Hossain,304
319241,266,Feni 2,Chattogram,Feni,Insaniyat Biplob Bangladesh (IBB),Taherul Islam,239
319241,266,Feni 2,Chattogram,Feni,Jatiya Samajtantrik Dal (JSD),Samsuddin Majumdar,240
319246,267,Feni 3,Chattogram,Feni,Insaniyat Biplob Bangladesh (IBB),Md. Hasan Ahmad,327
319246,267,Feni 3,Chattogram,Feni,Jatiya Party (JaPa),Md. Abu Sufian,1427
319246,267,Feni 3,Chattogram,Feni,Bangladesh Nationalist Party (BNP),Abdul Awal Mintu,157825
319246,267,Feni 3,Chattogram,Feni,Islami Andolan Bangladesh (IAB),Md. Saif Uddin,6701
319246,267,Feni 3,Chattogram,Feni,Islamic Front Bangladesh (IFB),Md. Abu Nasir,531
319246,267,Feni 3,Chattogram,Feni,Bangladesh Jamaat-e-Islami (Jamaat),Md. Fakhruddin,108160
319246,267,Feni 3,Chattogram,Feni,Bangladesh Samajtantrik Dal (Basad),Abdul Malek,731
319246,267,Feni 3,Chattogram,Feni,Bangladesh Khelafat Andolon (BKA),Md. Khalekuzzaman Patwary,320
320021,268,Noakhali 1,Chattogram,Noakhali,Bangladesh Nationalist Party (BNP),Am Mahbub Uddin,126833
320021,268,Noakhali 1,Chattogram,Noakhali,Jatiya Samajtantrik Dal (JSD),Rehana Begum,482
320021,268,Noakhali 1,Chattogram,Noakhali,Islami Andolan Bangladesh (IAB),Jahirul Islam,19289
320021,268,Noakhali 1,Chattogram,Noakhali,Bangladesh Congress,Md. Mominul Islam,274
320021,268,Noakhali 1,Chattogram,Noakhali,Bangladesh Jamaat-e-Islami (Jamaat),Md. Saif Ullah,98036
320021,268,Noakhali 1,Chattogram,Noakhali,Insaniyat Biplob Bangladesh (IBB),Md. Mashiur Rahman,188
320021,268,Noakhali 1,Chattogram,Noakhali,Jatiya Party (JaPa),Md. Nurul Amin,1075
320026,269,Noakhali 2,Chattogram,Noakhali,Bangladesh Nationalist Party (BNP),Zainul Abdin Farroque,83982
320026,269,Noakhali 2,Chattogram,Noakhali,National Citizen Party (NCP),Sultan Md. Zakaria Mazumder,67054
320026,269,Noakhali 2,Chattogram,Noakhali,Independent Candidate (Independent),Kazi Md. Mofizur Rahman,44712
320026,269,Noakhali 2,Chattogram,Noakhali,Jatiya Party (JaPa),Md. Shahadat Hossain,1075
320026,269,Noakhali 2,Chattogram,Noakhali,Islami Andolan Bangladesh (IAB),Khalilur Rahman,19289
320031,270,Noakhali 3,Chattogram,Noakhali,Bangladesh Nationalist Party (BNP),Md. Barkatullah Bulu,141031
320031,270,Noakhali 3,Chattogram,Noakhali,Jatiya Samajtantrik Dal (JSD),Md. Siraj Mia,747
320031,270,Noakhali 3,Chattogram,Noakhali,Independent Candidate (Independent),Sharif Ahmed,260
320031,270,Noakhali 3,Chattogram,Noakhali,Khelafat Majlis,Morshed Alam,800
320031,270,Noakhali 3,Chattogram,Noakhali,Islami Andolan Bangladesh (IAB),Md. Nur Uddin,9861
320031,270,Noakhali 3,Chattogram,Noakhali,Independent Candidate (Independent),Md. Rajib Uddoula Chowdhury,534
320031,270,Noakhali 3,Chattogram,Noakhali,Bangladesh Jamaat-e-Islami (Jamaat),Md. Borhan Uddin,123941
320036,271,Noakhali 4,Chattogram,Noakhali,Jatiya Party (JaPa),Md. Shariful Islam,2344
320036,271,Noakhali 4,Chattogram,Noakhali,Bangladesh Nationalist Party (BNP),Md. Shahjahan,219182
320036,271,Noakhali 4,Chattogram,Noakhali,Socialist Party of Bangladesh (Marxist) (SPB-M),Bitul Chandra Talukdar,917
320036,271,Noakhali 4,Chattogram,Noakhali,Bangladesh Jamaat-e-Islami (Jamaat),Md. Ishak Khandaker,148989
320036,271,Noakhali 4,Chattogram,Noakhali,Insaniyat Biplob Bangladesh (IBB),Md. Yunus Nabi,493
320036,271,Noakhali 4,Chattogram,Noakhali,Islami Andolan Bangladesh (IAB),Md. Firoz Alam Masud,14783
320036,271,Noakhali 4,Chattogram,Noakhali,Gono Odhikar Parishad (GOP),Abduz Zaher,542
320041,272,Noakhali 5,Chattogram,Noakhali,Socialist Party of Bangladesh (Marxist) (SPB-M),Muntahar Begum,173
320041,272,Noakhali 5,Chattogram,Noakhali,Islami Andolan Bangladesh (IAB),Abu Naser,6224
320041,272,Noakhali 5,Chattogram,Noakhali,Independent Candidate (Independent),Md. Yunus,133
320041,272,Noakhali 5,Chattogram,Noakhali,Bangladesh Republican Party (BRP),Md. Anisul Huq,141
320041,272,Noakhali 5,Chattogram,Noakhali,Jatiya Samajtantrik Dal (JSD),Md. Kamal Uddin Patwari,298
320041,272,Noakhali 5,Chattogram,Noakhali,Independent Candidate (Independent),Omar Ali,814
320041,272,Noakhali 5,Chattogram,Noakhali,Bangladesh Nationalist Party (BNP),Md. Fakhrul Islam,147808
320041,272,Noakhali 5,Chattogram,Noakhali,Bangladesh Jamaat-e-Islami (Jamaat),Md. Belayet Hossain,120453
320041,272,Noakhali 5,Chattogram,Noakhali,Janotar Dol,Md. Shawkat Hossain,4855
320041,272,Noakhali 5,Chattogram,Noakhali,Insaniyat Biplob Bangladesh (IBB),Touhidul Islam,162
320041,272,Noakhali 5,Chattogram,Noakhali,Jatiya Party (JaPa),Khawaja Tanvir Ahmed,1684
320041,272,Noakhali 5,Chattogram,Noakhali,Islamic Front Bangladesh (IFB),Md. Shamsuddoha,277
320046,273,Noakhali 6,Chattogram,Noakhali,Bangladesh Supreme Party (BSP),Amirul Islam Md. Abdul Malek,505
320046,273,Noakhali 6,Chattogram,Noakhali,Independent Candidate (Independent),Md. Fazlul Azim,4783
320046,273,Noakhali 6,Chattogram,Noakhali,Jatiya Samajtantrik Dal (JSD),Md. Abdul Motaleb,1239
320046,273,Noakhali 6,Chattogram,Noakhali,Jatiya Party (JaPa),Atm Nabi Ullah,280
320046,273,Noakhali 6,Chattogram,Noakhali,Gono Odhikar Parishad (GOP),Md. Azhar Uddin,191
320046,273,Noakhali 6,Chattogram,Noakhali,Bangladesh Liberal Democratic Party (LDP),Md. Abul Hossain,86
320046,273,Noakhali 6,Chattogram,Noakhali,National Citizen Party (NCP),Abdul Hannan Masood,91899
320046,273,Noakhali 6,Chattogram,Noakhali,Bangladesh Nationalist Party (BNP),Md. Mahbuber Rahman,64021
320046,273,Noakhali 6,Chattogram,Noakhali,Islami Andolan Bangladesh (IAB),Md. Nurul Islam Sharif,2197
320046,273,Noakhali 6,Chattogram,Noakhali,Independent Candidate (Independent),Tanvir Uddin Rajib,3764
319611,274,Lakshmipur 1,Chattogram,Lakshmipur,Jatiya Party (JaPa),Md. Mahmudur Rahman Mahmud,414
319611,274,Lakshmipur 1,Chattogram,Lakshmipur,Gono Odhikar Parishad (GOP),Md. Kausar Alam,106
319611,274,Lakshmipur 1,Chattogram,Lakshmipur,Bangladesh Nationalist Party (BNP),Md. Shahadat Hossain,86811
319611,274,Lakshmipur 1,Chattogram,Lakshmipur,Bangladesh Samajtantrik Dal (Basad),Md. Billal Hossain,203
319611,274,Lakshmipur 1,Chattogram,Lakshmipur,Nationalist Democratic Movement (NDM),Md. Alamgir Hossain,106
319611,274,Lakshmipur 1,Chattogram,Lakshmipur,Islami Andolan Bangladesh (IAB),Md. Zakir Hossain Patwari,11156
319611,274,Lakshmipur 1,Chattogram,Lakshmipur,National Citizen Party (NCP),Md. Mahbub Alam,59265
319616,275,Lakshmipur 2,Chattogram,Lakshmipur,Bangladesh Supreme Party (BSP),Md. Ibrahim Mia,1780
319616,275,Lakshmipur 2,Chattogram,Lakshmipur,Gono Odhikar Parishad (GOP),Abul Bashar,424
319616,275,Lakshmipur 2,Chattogram,Lakshmipur,Nagorik Oikya (NO),Md. Rezaul Karim,253
319616,275,Lakshmipur 2,Chattogram,Lakshmipur,Bangladesh Kallyan Party (BKP),Md. Farhad Mia,288
319616,275,Lakshmipur 2,Chattogram,Lakshmipur,Bangladesh Nationalist Party (BNP),Md. Abul Khair Bhuiyan,146321
319616,275,Lakshmipur 2,Chattogram,Lakshmipur,Bangladesh Jamaat-e-Islami (Jamaat),S. U. M. Ruhul Amin Bhuiyan,133698
319616,275,Lakshmipur 2,Chattogram,Lakshmipur,Islami Andolan Bangladesh (IAB),Helal Uddin,6774
319621,276,Lakshmipur 3,Chattogram,Lakshmipur,Bangladesh Liberal Democratic Party (LDP),Md. Shamsuddin,488
319621,276,Lakshmipur 3,Chattogram,Lakshmipur,Islami Andolan Bangladesh (IAB),Md. Ibrahim,5051
319621,276,Lakshmipur 3,Chattogram,Lakshmipur,Bangladesh Jamaat-e-Islami (Jamaat),Md. Rezaul Karim,122802
319621,276,Lakshmipur 3,Chattogram,Lakshmipur,National People's Party (NPP),Salim Mahmud,289
319621,276,Lakshmipur 3,Chattogram,Lakshmipur,Bangladesh Nationalist Party (BNP),Md. Shahid Uddin Chowdhury Anne,135612
319621,276,Lakshmipur 3,Chattogram,Lakshmipur,Jatiya Party (JaPa),A. K. M. Mohi Uddin,1339
319626,277,Lakshmipur 4,Chattogram,Lakshmipur,Bangladesh Samajtantrik Dal (Basad),Milan Krishna Mondal,440
319626,277,Lakshmipur 4,Chattogram,Lakshmipur,Bangladesh Nationalist Party (BNP),A. B. M. Ashraf Uddin Nizan,115199
319626,277,Lakshmipur 4,Chattogram,Lakshmipur,Bangladesh Jamaat-e-Islami (Jamaat),Md. Ashrafur Rahman Hafizullah,73756
319626,277,Lakshmipur 4,Chattogram,Lakshmipur,Jatiya Samajtantrik Dal (JSD),Tania Rob,22040
319626,277,Lakshmipur 4,Chattogram,Lakshmipur,Islami Andolan Bangladesh (IAB),Khaled Saifullah,21103
319626,277,Lakshmipur 4,Chattogram,Lakshmipur,Independent Candidate (Independent),Anm Manzoor Morshed,396
319626,277,Lakshmipur 4,Chattogram,Lakshmipur,Independent Candidate (Independent),Nurul Huda Chowdhury,422
319626,277,Lakshmipur 4,Chattogram,Lakshmipur,Gono Odhikar Parishad (GOP),Md. Redwan Ullah,259
318886,278,Chattogram 1,Chattogram,Chattogram,Bangladesh Jamaat-e-Islami (Jamaat),Saifur Rahman,84538
318886,278,Chattogram 1,Chattogram,Chattogram,Bangladesh Nationalist Party (BNP),Nurul Amin,128799
318886,278,Chattogram 1,Chattogram,Chattogram,Jatiya Party (JaPa),Syed Shahadat Hossain,1659
318886,278,Chattogram 1,Chattogram,Chattogram,Islami Andolan Bangladesh (IAB),Ferdous Ahmed Chowdhury,2108
318886,278,Chattogram 1,Chattogram,Chattogram,Jatiya Samajtantrik Dal (JSD),A. K. M. Abu Yusuf,258
318886,278,Chattogram 1,Chattogram,Chattogram,Insaniyat Biplob Bangladesh (IBB),Rezaul Karim,780
318886,278,Chattogram 1,Chattogram,Chattogram,Bangladesh Muslim League (BML),Sheikh Zulfikar Bulbul Chowdhury,269
318931,280,Chattogram 3,Chattogram,Chattogram,Bangladesh Jamaat-e-Islami (Jamaat),Md. Alauddin,39662
318931,280,Chattogram 3,Chattogram,Chattogram,Bangladesh Nationalist Party (BNP),Mostafa Kamal Pasha,73037
318941,282,Chattogram 5,Chattogram,Chattogram,Bangladesh Nationalist Party (BNP),Mir Md. Helal Uddin,147054
318941,282,Chattogram 5,Chattogram,Chattogram,Bangladesh Khelafat Majlish (BKM),Md. Nasir Uddin,46589
318946,283,Chattogram 6,Chattogram,Chattogram,Ganosanhati Andolan (GSA),Nasir Uddin Talukder,829
318946,283,Chattogram 6,Chattogram,Chattogram,Bangladesh Jamaat-e-Islami (Jamaat),Md. Shahjahan Manju,22118
318946,283,Chattogram 6,Chattogram,Chattogram,Bangladesh Nationalist Party (BNP),Gias Uddin Quader Chowdhury,112237
318946,283,Chattogram 6,Chattogram,Chattogram,Bangladesh Islami Front (BIF),Md. Ilyas Noori,27146
318951,284,Chattogram 7,Chattogram,Chattogram,Jatiya Party (JaPa),Md. Mehdi Rashed,411
318951,284,Chattogram 7,Chattogram,Chattogram,Gono Odhikar Parishad (GOP),Md. Belal Uddin,129
318951,284,Chattogram 7,Chattogram,Chattogram,Islami Andolan Bangladesh (IAB),Abdullah Al Haroon,1307
318951,284,Chattogram 7,Chattogram,Chattogram,Bangladesh Nationalist Party (BNP),Humam Quader Chowdhury,101445
318951,284,Chattogram 7,Chattogram,Chattogram,Bangladesh Islami Front (BIF),Md. Iqbal Hasan,30239
318951,284,Chattogram 7,Chattogram,Chattogram,Amar Bangladesh Party (AB),Md. Abdur Rahman,158
318951,284,Chattogram 7,Chattogram,Chattogram,Communist Party of Bangladesh (CPB),Pramod Baran Barua,441
318951,284,Chattogram 7,Chattogram,Chattogram,Bangladesh Jamaat-e-Islami (Jamaat),Atm Rezaul Karim,41719
318956,285,Chattogram 8,Chattogram,Chattogram,Bangladesh Nationalist Party (BNP),Ershad Ullah,152969
318956,285,Chattogram 8,Chattogram,Chattogram,Insaniyat Biplob Bangladesh (IBB),Md. Emdadul Haque,884
318956,285,Chattogram 8,Chattogram,Chattogram,Islami Andolan Bangladesh (IAB),Md. Nurul Alam,1208
318956,285,Chattogram 8,Chattogram,Chattogram,Bangladesh Jamaat-e-Islami (Jamaat),Md. Abu Naser,53564
318956,285,Chattogram 8,Chattogram,Chattogram,National Citizen Party (NCP),Md. Jobairul Hasan Arif,3349
318956,285,Chattogram 8,Chattogram,Chattogram,Bangladesh Islami Front (BIF),Syed Md. Hassan,42585
318961,286,Chattogram 9,Chattogram,Chattogram,Nagorik Oikya (NO),Md. Nurul Abshar Majumder,107
318961,286,Chattogram 9,Chattogram,Chattogram,Ganosanhati Andolan (GSA),Syed Md. Hassan Maruf,1040
318961,286,Chattogram 9,Chattogram,Chattogram,Janotar Dol,Md. Haider Ali Chowdhury,561
318961,286,Chattogram 9,Chattogram,Chattogram,Islami Andolan Bangladesh (IAB),Abdus Shukkur,941
318961,286,Chattogram 9,Chattogram,Chattogram,Jatiya Samajtantrik Dal (JSD),Abdul Momen Chowdhury,128
318961,286,Chattogram 9,Chattogram,Chattogram,Islamic Front Bangladesh (IFB),Md. Waheed Murad,4204
318961,286,Chattogram 9,Chattogram,Chattogram,Bangladesh Jamaat-e-Islami (Jamaat),Akm Fazlul Haque,53807
318961,286,Chattogram 9,Chattogram,Chattogram,Bangladesh Nationalist Party (BNP),Md. Abu Sufyan,109388
318961,286,Chattogram 9,Chattogram,Chattogram,Socialist Party of Bangladesh (Marxist) (SPB-M),Md. Shafi Uddin Kabir,494
318961,286,Chattogram 9,Chattogram,Chattogram,Insaniyat Biplob Bangladesh (IBB),Md. Naeem Uddin,112
318991,258,Cumilla 10,Chattogram,Cumilla,Bangladesh Congress,Hasan Mahmud,400
318991,258,Cumilla 10,Chattogram,Cumilla,Gono Odhikar Parishad (GOP),Ramiz Bin Arif,293
318991,258,Cumilla 10,Chattogram,Cumilla,Amjanatar Dol,Md. Abdullah Al Noman,373
318991,258,Cumilla 10,Chattogram,Cumilla,Bangladesh Nationalist Party (BNP),Md. Mobasher Alam Bhuiyan,163667
318991,258,Cumilla 10,Chattogram,Cumilla,Bangladesh Sangskritik Muktijote (BSM),Kazi Nur E Alam Siddiqui,422
318991,258,Cumilla 10,Chattogram,Cumilla,Bangladesh Jamaat-e-Islami (Jamaat),Md. Yasin Arafat,123733
318991,258,Cumilla 10,Chattogram,Cumilla,Islami Andolan Bangladesh (IAB),Md. Shamsuddoha,7959
318996,259,Cumilla 11,Chattogram,Cumilla,Islami Andolan Bangladesh (IAB),Md. Mohiuddin,2766
318996,259,Cumilla 11,Chattogram,Cumilla,Bangladesh Congress,A. F. M. Abdur Rahim,194
318996,259,Cumilla 11,Chattogram,Cumilla,Gono Front (GF),Md. Alamgir,98
318996,259,Cumilla 11,Chattogram,Cumilla,Bangladesh Sangskritik Muktijote (BSM),Md. Yusuf,186
318996,259,Cumilla 11,Chattogram,Cumilla,Bangladesh Jamaat-e-Islami (Jamaat),Syed Abdullah Md. Taher,133308
318996,259,Cumilla 11,Chattogram,Cumilla,Jatiya Party (JaPa),Md. Main Uddin,704
318996,259,Cumilla 11,Chattogram,Cumilla,Bangladesh Nationalist Party (BNP),Md. Kamrul Huda,76638
318901,289,Chattogram 12,Chattogram,Chattogram,Bangladesh Nationalist Party (BNP),Md. Enamul Haque,135044
318901,289,Chattogram 12,Chattogram,Chattogram,Bangladesh Jamaat-e-Islami (Jamaat),Md. Faridul Alam,21706
318901,289,Chattogram 12,Chattogram,Chattogram,Independent Candidate (Independent),Md. Shakhawat Hossain,243
318901,289,Chattogram 12,Chattogram,Chattogram,Insaniyat Biplob Bangladesh (IBB),Md. Abu Taleb Helali,929
318901,289,Chattogram 12,Chattogram,Chattogram,Jatiya Party (JaPa),Farid Ahmed Chowdhury,732
318901,289,Chattogram 12,Chattogram,Chattogram,Bangladesh Liberal Democratic Party (LDP),M. Eyakub Ali,118
318901,289,Chattogram 12,Chattogram,Chattogram,Bangladesh Islami Front (BIF),Syed Air Md. Payaru,28999
318901,289,Chattogram 12,Chattogram,Chattogram,Islami Andolan Bangladesh (IAB),S. M. Belal Noor,901
318906,290,Chattogram 13,Chattogram,Chattogram,Gono Odhikar Parishad (GOP),Md. Mujibur Rahman Chong,168
318906,290,Chattogram 13,Chattogram,Chattogram,Insaniyat Biplob Bangladesh (IBB),Md. Rezaul Mustafa,191
318906,290,Chattogram 13,Chattogram,Chattogram,Bangladesh Nationalist Party (BNP),Sarwar Jamal Nizam,126192
318906,290,Chattogram 13,Chattogram,Chattogram,Jatiya Party (JaPa),Abdur Rob Chowdhury,440
318906,290,Chattogram 13,Chattogram,Chattogram,Bangladesh Jamaat-e-Islami (Jamaat),Mahmudul Hasan,35030
318906,290,Chattogram 13,Chattogram,Chattogram,Bangladesh Islami Front (BIF),S. M. Shahjahan,51450
318906,290,Chattogram 13,Chattogram,Chattogram,Nationalist Democratic Movement (NDM),Md. Emran,204
318911,291,Chattogram 14,Chattogram,Chattogram,Bangladesh Liberal Democratic Party (LDP),Omar Farooq,75467
318911,291,Chattogram 14,Chattogram,Chattogram,Bangladesh Nationalist Party (BNP),Alhaj Jasim Uddin Ahmed,76493
318911,291,Chattogram 14,Chattogram,Chattogram,Independent Candidate (Independent),Shafiqul Islam Rahi,1165
318911,291,Chattogram 14,Chattogram,Chattogram,Islami Andolan Bangladesh (IAB),Md. Abdul Hamid,1539
318911,291,Chattogram 14,Chattogram,Chattogram,Independent Candidate (Independent),Md. Mizanul Haque Chowdhury,3630
318911,291,Chattogram 14,Chattogram,Chattogram,Bangladesh Islami Front (BIF),Md. Solaiman,22992
318911,291,Chattogram 14,Chattogram,Chattogram,Insaniyat Biplob Bangladesh (IBB),H. M. Elias,149
318911,291,Chattogram 14,Chattogram,Chattogram,Jatiya Party (JaPa),Md. Badshah Mia,293
318916,292,Chattogram 15,Chattogram,Chattogram,Bangladesh Nationalist Party (BNP),Nazmul Mustafa Amin,130661
318916,292,Chattogram 15,Chattogram,Chattogram,Islami Andolan Bangladesh (IAB),Shariful Alam Chowdhury,2909
318916,292,Chattogram 15,Chattogram,Chattogram,Bangladesh Jamaat-e-Islami (Jamaat),Shahjahan Chowdhury,181238
318921,293,Chattogram 16,Chattogram,Chattogram,Islamic Front Bangladesh (IFB),Abdul Malek,844
318921,293,Chattogram 16,Chattogram,Chattogram,Independent Candidate (Independent),Md. Leaquat Ali,55492
318921,293,Chattogram 16,Chattogram,Chattogram,Bangladesh Muslim League (BML),Ehsanul Haq,105
318921,293,Chattogram 16,Chattogram,Chattogram,Gono Odhikar Parishad (GOP),Md. Ariful Haque,243
318921,293,Chattogram 16,Chattogram,Chattogram,Bangladesh Nationalist Party (BNP),Mishkatul Islam Chowdhury,83105
318921,293,Chattogram 16,Chattogram,Chattogram,Islami Andolan Bangladesh (IAB),Hafez Ruhullah,4054
318921,293,Chattogram 16,Chattogram,Chattogram,Bangladesh Jamaat-e-Islami (Jamaat),Md. Zahirul Islam,93167
319046,294,Cox's Bazar 1,Chattogram,Cox's Bazar,Bangladesh Nationalist Party (BNP),Salahuddin Ahmed,222019
319046,294,Cox's Bazar 1,Chattogram,Cox's Bazar,Bangladesh Jamaat-e-Islami (Jamaat),Abdullah Al Farukh,129728
319046,294,Cox's Bazar 1,Chattogram,Cox's Bazar,Islami Andolan Bangladesh (IAB),Sarwar Alam Kutubi,4528
319051,295,Cox's Bazar 2,Chattogram,Cox's Bazar,Bangladesh Nationalist Party (BNP),Alamgir Md. Mahfuz Ullah Farid,125543
319051,295,Cox's Bazar 2,Chattogram,Cox's Bazar,Bangladesh Jamaat-e-Islami (Jamaat),Ahm Hamidur Rahman Azad,91889
319051,295,Cox's Bazar 2,Chattogram,Cox's Bazar,Jatiya Party (JaPa),Mahmudul Karim,757
319051,295,Cox's Bazar 2,Chattogram,Cox's Bazar,Islami Andolan Bangladesh (IAB),Ziaul Haque,8799
319051,295,Cox's Bazar 2,Chattogram,Cox's Bazar,Gono Odhikar Parishad (GOP),S. M. Roknuzzaman Khan,197
319056,296,Cox's Bazar 3,Chattogram,Cox's Bazar,Bangladesh Nationalist Party (BNP),Lutfur Rahman,182096
319056,296,Cox's Bazar 3,Chattogram,Cox's Bazar,Bangladesh Jamaat-e-Islami (Jamaat),Shahidul Alam,161827
319056,296,Cox's Bazar 3,Chattogram,Cox's Bazar,Islami Andolan Bangladesh (IAB),Amirul Islam,5149
319056,296,Cox's Bazar 3,Chattogram,Cox's Bazar,Bangladesh Labour Party,Jagadish Barua,602
319056,296,Cox's Bazar 3,Chattogram,Cox's Bazar,Amjanatar Dol,Nurul Abshar,367
319056,296,Cox's Bazar 3,Chattogram,Cox's Bazar,Independent Candidate (Independent),Md. Elias Mia,947
319061,297,Cox's Bazar 4,Chattogram,Cox's Bazar,Bangladesh Nationalist Party (BNP),Shahjahan Chowdhury,123582
319061,297,Cox's Bazar 4,Chattogram,Cox's Bazar,Bangladesh Jamaat-e-Islami (Jamaat),Nur Ahmed Anwari,122033
319061,297,Cox's Bazar 4,Chattogram,Cox's Bazar,Islami Andolan Bangladesh (IAB),Nurul Haque,4338
319061,297,Cox's Bazar 4,Chattogram,Cox's Bazar,Nationalist Democratic Movement (NDM),Saifuddin Khaled,379
319481,298,Khagrachhari 1,Chattogram,Khagrachhari,Bangladesh Nationalist Party (BNP),Abdul Wadud Bhuiyan,151040
319481,298,Khagrachhari 1,Chattogram,Khagrachhari,Bangladesh Jamaat-e-Islami (Jamaat),Md. Yeakub Ali,58545
319481,298,Khagrachhari 1,Chattogram,Khagrachhari,Islami Andolan Bangladesh (IAB),Md. Kawsar,3089
319481,298,Khagrachhari 1,Chattogram,Khagrachhari,Jatiya Party (JaPa),Mithila Roaza,1024
319481,298,Khagrachhari 1,Chattogram,Khagrachhari,Independent Candidate (Independent),Jiruna Tripura,934
319481,298,Khagrachhari 1,Chattogram,Khagrachhari,Bangladesh Minority Janata Party (BMJP),Ushyapru Marma,1030
319481,298,Khagrachhari 1,Chattogram,Khagrachhari,Independent Candidate (Independent),Dharma Jyoti Chakma,68315
319481,298,Khagrachhari 1,Chattogram,Khagrachhari,Insaniyat Biplob Bangladesh (IBB),Md. Noor Islam,683
319481,298,Khagrachhari 1,Chattogram,Khagrachhari,Bangladesh Muslim League (BML),Md. Mustafa,184
319481,298,Khagrachhari 1,Chattogram,Khagrachhari,Gono Odhikar Parishad (GOP),Dinmaya Royaja,755
319481,298,Khagrachhari 1,Chattogram,Khagrachhari,Independent Candidate (Independent),Samiran Dewan,447910
320196,299,Rangamati 1,Chattogram,Rangamati,Bangladesh Nationalist Party (BNP),Dipen Dewan,201544
320196,299,Rangamati 1,Chattogram,Rangamati,Islami Andolan Bangladesh (IAB),Md. Jasim Uddin,3672
320196,299,Rangamati 1,Chattogram,Rangamati,Bangladesh Khelafat Majlish (BKM),Md. Abu Baqar Siddiqui,22715
320196,299,Rangamati 1,Chattogram,Rangamati,Jatiya Party (JaPa),Ashok Talukdar,2974
320196,299,Rangamati 1,Chattogram,Rangamati,Revolutionary Workers Party of Bangladesh (RWPB),Jui Chakma,1071
320196,299,Rangamati 1,Chattogram,Rangamati,Gono Odhikar Parishad (GOP),Md. Abul Bashar,449
320196,299,Rangamati 1,Chattogram,Rangamati,Independent Candidate (Independent),Pahel Chakma,31222
318676,300,Bandarban 1,Chattogram,Bandarban,Bangladesh Nationalist Party (BNP),Saching Prue,141455
318676,300,Bandarban 1,Chattogram,Bandarban,National Citizen Party (NCP),Abu Sayed Md. Suja Uddin,26162
318676,300,Bandarban 1,Chattogram,Bandarban,Islami Andolan Bangladesh (IAB),Md. Abul Kalam Azad,4718
318676,300,Bandarban 1,Chattogram,Bandarban,Jatiya Party (JaPa),Abu Zafar Md. Wali Ullah,2435
318836,260,Chandpur 1,Chattogram,Chandpur,Jatiya Party (JaPa),Habib Khan,652
318836,260,Chandpur 1,Chattogram,Chandpur,Bangladesh Jamaat-e-Islami (Jamaat),Abu Nasr Md. Maqbul Ahmed,70368
318836,260,Chandpur 1,Chattogram,Chandpur,Gono Odhikar Parishad (GOP),Md. Enayet Hossain,217
318836,260,Chandpur 1,Chattogram,Chandpur,Gono Forum (GF),Md. Azad Hossain,329
318836,260,Chandpur 1,Chattogram,Chandpur,Bangladesh Islami Front (BIF),Md. Nasir Uddin,4371
318836,260,Chandpur 1,Chattogram,Chandpur,Bangladesh Nationalist Party (BNP),Anm Ehsanul Haque Milon,133032
318841,261,Chandpur 2,Chattogram,Chandpur,Bangladesh Republican Party (BRP),Md. Faizunnur,509
318841,261,Chandpur 2,Chattogram,Chandpur,Islami Andolan Bangladesh (IAB),Mansur,12307
318841,261,Chandpur 2,Chattogram,Chandpur,Jatiya Party (JaPa),Md. Emran Hossain Mia,1328
318841,261,Chandpur 2,Chattogram,Chandpur,Bangladesh Labour Party,Nasima Naznin Sarkar,283
318841,261,Chandpur 2,Chattogram,Chandpur,Bangladesh Nationalist Party (BNP),Md. Jalal Uddin,172506
318841,261,Chandpur 2,Chattogram,Chandpur,Bangladesh Liberal Democratic Party (LDP),Md. Billal Hossain,57473
318841,261,Chandpur 2,Chattogram,Chandpur,Nagorik Oikya (NO),Md. Enamul Haque,143
318841,261,Chandpur 2,Chattogram,Chandpur,Gono Odhikar Parishad (GOP),Md. Golap Hossain,315
319021,254,Cumilla 6,Chattogram,Cumilla,Jatiya Samajtantrik Dal (JSD),Obaidul Kabir Mohan,453
319021,254,Cumilla 6,Chattogram,Cumilla,Islami Andolan Bangladesh (IAB),Md. Harunur Rashid,2476
319021,254,Cumilla 6,Chattogram,Cumilla,Bangladesh Jamaat-e-Islami (Jamaat),Kazi Deen Md.,119851
319021,254,Cumilla 6,Chattogram,Cumilla,Bangladesh Nationalist Party (BNP),Md. Monirul Haque Chowdhury,201706
319021,254,Cumilla 6,Chattogram,Cumilla,Bangladesh Sangskritik Muktijote (BSM),Md. Amir Hossain Farayezi,153
319021,254,Cumilla 6,Chattogram,Cumilla,Bangladesh Samajtantrik Dal (Basad),Kamrunnahar Shathi,515
319021,254,Cumilla 6,Chattogram,Cumilla,Bangladesh Islami Front (BIF),Md. Masum Bilya Miaji,4648
319021,254,Cumilla 6,Chattogram,Cumilla,Gono Odhikar Parishad (GOP),Mubarak Hossain,215
319021,254,Cumilla 6,Chattogram,Cumilla,Bangladesh Muslim League (BML),Md. Yeasin,1597
319026,255,Cumilla 7,Chattogram,Cumilla,Bangladesh Khelafat Majlish (BKM),Sulaiman Khan,26319
319026,255,Cumilla 7,Chattogram,Cumilla,Islami Andolan Bangladesh (IAB),Ehteshamul Haque,14277
319026,255,Cumilla 7,Chattogram,Cumilla,Bangladesh Sangskritik Muktijote (BSM),Sajal Kumar Kar,261
319026,255,Cumilla 7,Chattogram,Cumilla,Independent Candidate (Independent),Atiqul Alam,91690
319026,255,Cumilla 7,Chattogram,Cumilla,Bangladesh Nationalist Party (BNP),Redwan Ahmed,48509
319031,256,Cumilla 8,Chattogram,Cumilla,Bangladesh Republican Party (BRP),Md. Mofiz Uddin Ahmed,161
319031,256,Cumilla 8,Chattogram,Cumilla,Bangladesh Supreme Party (BSP),Md. Golam Morshed,3224
319031,256,Cumilla 8,Chattogram,Cumilla,Bangladesh Jamaat-e-Islami (Jamaat),Md. Shafiqul Alam Helal,45091
319031,256,Cumilla 8,Chattogram,Cumilla,Bangladesh Samajtantrik Dal (Basad),Md. Ali Ashraf,160
319031,256,Cumilla 8,Chattogram,Cumilla,Bangladesh Nationalist Party (BNP),Zakaria Taher,169178
319031,256,Cumilla 8,Chattogram,Cumilla,Islami Andolan Bangladesh (IAB),Md. Golam Sadek,2276
319031,256,Cumilla 8,Chattogram,Cumilla,Islami Oikya Jote (IOJ),Abdul Kader,279
319036,257,Cumilla 9,Chattogram,Cumilla,Independent Candidate (Independent),Md. Abul Kashem,335
319036,257,Cumilla 9,Chattogram,Cumilla,Independent Candidate (Independent),Samira Azim,476
319036,257,Cumilla 9,Chattogram,Cumilla,Islamic Front Bangladesh (IFB),Md. Abu Bakr Siddiqui,3919
319036,257,Cumilla 9,Chattogram,Cumilla,Bangladesh Jamaat-e-Islami (Jamaat),Syed Akm Sarwar Uddin Siddiqui,118961
319036,257,Cumilla 9,Chattogram,Cumilla,Islami Andolan Bangladesh (IAB),Selim Mahmud,7626
319036,257,Cumilla 9,Chattogram,Cumilla,Bangladesh Nationalist Party (BNP),Md. Abul Kalam,170008
319036,257,Cumilla 9,Chattogram,Cumilla,Jatiya Party (JaPa),Md. Golam Mustafa Kamal,1216
319036,257,Cumilla 9,Chattogram,Cumilla,Bangladesh Sangskritik Muktijote (BSM),Md. Mizanur Rahman Chowdhury,124
318891,287,Chattogram 10,Chattogram,Chattogram,Independent Candidate (Independent),Md. Arman Ali,357
318891,287,Chattogram 10,Chattogram,Chattogram,Socialist Party of Bangladesh (Marxist) (SPB-M),Asma Akhtar,305
318891,287,Chattogram 10,Chattogram,Chattogram,Islamic Front Bangladesh (IFB),Md. Liaquat Ali,2441
318891,287,Chattogram 10,Chattogram,Chattogram,Bangladesh Nationalist Party (BNP),Saeed Al Noman,122978
318891,287,Chattogram 10,Chattogram,Chattogram,Jatiya Party (JaPa),Md. Emdad Hossain Chowdhury,1079
318891,287,Chattogram 10,Chattogram,Chattogram,Insaniyat Biplob Bangladesh (IBB),Sabina Khatun,960
318891,287,Chattogram 10,Chattogram,Chattogram,Bangladesh Labour Party,Md. Osman Ghani,161
318891,287,Chattogram 10,Chattogram,Chattogram,Bangladesh Jamaat-e-Islami (Jamaat),Md. Shamsuzzaman Helali,76919
318891,287,Chattogram 10,Chattogram,Chattogram,Islami Andolan Bangladesh (IAB),Md. Jannatul Islam,3880
318896,288,Chattogram 11,Chattogram,Chattogram,Islami Andolan Bangladesh (IAB),Md. Noor Uddin,2557
318896,288,Chattogram 11,Chattogram,Chattogram,Gono Odhikar Parishad (GOP),Md. Nezam Uddin,104
318896,288,Chattogram 11,Chattogram,Chattogram,Independent Candidate (Independent),Md. Jahangir Bhuiyan,178
318896,288,Chattogram 11,Chattogram,Chattogram,Bangladesh Jamaat-e-Islami (Jamaat),Md. Shafiul Alam,76681
318896,288,Chattogram 11,Chattogram,Chattogram,Socialist Party of Bangladesh (Marxist) (SPB-M),Deepa Majumder,231
318896,288,Chattogram 11,Chattogram,Chattogram,Gono Forum (GF),Ujjal Bhowmik,307
318896,288,Chattogram 11,Chattogram,Chattogram,Jatiya Party (JaPa),Abu Taher,1004
318896,288,Chattogram 11,Chattogram,Chattogram,Islamic Front Bangladesh (IFB),Md. Abu Taher,5127
318896,288,Chattogram 11,Chattogram,Chattogram,Bangladesh Samajtantrik Dal (Basad),Md. Nizamul Haque Al Qaderi,120
318896,288,Chattogram 11,Chattogram,Chattogram,Insaniyat Biplob Bangladesh (IBB),Md. Aziz Mia,210
318896,288,Chattogram 11,Chattogram,Chattogram,Bangladesh Nationalist Party (BNP),Amir Khasru Mahmud Chowdhury,115999
